ISO-10303-21;
HEADER;
FILE_DESCRIPTION(('Open CASCADE Model'),'2;1');
FILE_NAME('Open CASCADE Shape Model','2026-07-30T10:38:55',('Author'),(
    'Open CASCADE'),'Open CASCADE STEP processor 7.9','Open CASCADE 7.9'
  ,'Unknown');
FILE_SCHEMA(('AUTOMOTIVE_DESIGN { 1 0 10303 214 1 1 1 1 }'));
ENDSEC;
DATA;
#1 = APPLICATION_PROTOCOL_DEFINITION('international standard',
  'automotive_design',2000,#2);
#2 = APPLICATION_CONTEXT(
  'core data for automotive mechanical design processes');
#3 = SHAPE_DEFINITION_REPRESENTATION(#4,#10);
#4 = PRODUCT_DEFINITION_SHAPE('','',#5);
#5 = PRODUCT_DEFINITION('design','',#6,#9);
#6 = PRODUCT_DEFINITION_FORMATION('','',#7);
#7 = PRODUCT('COMPOUND','COMPOUND','',(#8));
#8 = PRODUCT_CONTEXT('',#2,'mechanical');
#9 = PRODUCT_DEFINITION_CONTEXT('part definition',#2,'design');
#10 = ADVANCED_BREP_SHAPE_REPRESENTATION('',(#11,#15),#2721);
#11 = AXIS2_PLACEMENT_3D('',#12,#13,#14);
#12 = CARTESIAN_POINT('',(0.,0.,0.));
#13 = DIRECTION('',(0.,0.,1.));
#14 = DIRECTION('',(1.,0.,-0.));
#15 = MANIFOLD_SOLID_BREP('',#16);
#16 = CLOSED_SHELL('',(#17,#137,#213,#289,#429,#660,#687,#714,#721,#748,
    #775,#851,#1102,#1323,#1350,#1377,#1402,#1582,#2364,#2372,#2465,
    #2472,#2551,#2600,#2657,#2667,#2694));
#17 = ADVANCED_FACE('',(#18),#32,.F.);
#18 = FACE_BOUND('',#19,.F.);
#19 = EDGE_LOOP('',(#20,#55,#83,#111));
#20 = ORIENTED_EDGE('',*,*,#21,.T.);
#21 = EDGE_CURVE('',#22,#24,#26,.T.);
#22 = VERTEX_POINT('',#23);
#23 = CARTESIAN_POINT('',(8.,-5.,0.));
#24 = VERTEX_POINT('',#25);
#25 = CARTESIAN_POINT('',(8.,-5.,3.));
#26 = SURFACE_CURVE('',#27,(#31,#43),.PCURVE_S1.);
#27 = LINE('',#28,#29);
#28 = CARTESIAN_POINT('',(8.,-5.,0.));
#29 = VECTOR('',#30,1.);
#30 = DIRECTION('',(0.,0.,1.));
#31 = PCURVE('',#32,#37);
#32 = PLANE('',#33);
#33 = AXIS2_PLACEMENT_3D('',#34,#35,#36);
#34 = CARTESIAN_POINT('',(8.,-5.,0.));
#35 = DIRECTION('',(-1.,0.,0.));
#36 = DIRECTION('',(0.,1.,0.));
#37 = DEFINITIONAL_REPRESENTATION('',(#38),#42);
#38 = LINE('',#39,#40);
#39 = CARTESIAN_POINT('',(8.881784197001E-16,0.));
#40 = VECTOR('',#41,1.);
#41 = DIRECTION('',(0.,-1.));
#42 = ( GEOMETRIC_REPRESENTATION_CONTEXT(2) 
PARAMETRIC_REPRESENTATION_CONTEXT() REPRESENTATION_CONTEXT('2D SPACE',''
  ) );
#43 = PCURVE('',#44,#49);
#44 = PLANE('',#45);
#45 = AXIS2_PLACEMENT_3D('',#46,#47,#48);
#46 = CARTESIAN_POINT('',(0.,-12.5,0.));
#47 = DIRECTION('',(-0.683941128881,0.72953720414,0.));
#48 = DIRECTION('',(0.72953720414,0.683941128881,0.));
#49 = DEFINITIONAL_REPRESENTATION('',(#50),#54);
#50 = LINE('',#51,#52);
#51 = CARTESIAN_POINT('',(10.965856099731,0.));
#52 = VECTOR('',#53,1.);
#53 = DIRECTION('',(0.,-1.));
#54 = ( GEOMETRIC_REPRESENTATION_CONTEXT(2) 
PARAMETRIC_REPRESENTATION_CONTEXT() REPRESENTATION_CONTEXT('2D SPACE',''
  ) );
#55 = ORIENTED_EDGE('',*,*,#56,.T.);
#56 = EDGE_CURVE('',#24,#57,#59,.T.);
#57 = VERTEX_POINT('',#58);
#58 = CARTESIAN_POINT('',(8.,5.,3.));
#59 = SURFACE_CURVE('',#60,(#64,#71),.PCURVE_S1.);
#60 = LINE('',#61,#62);
#61 = CARTESIAN_POINT('',(8.,-5.,3.));
#62 = VECTOR('',#63,1.);
#63 = DIRECTION('',(0.,1.,0.));
#64 = PCURVE('',#32,#65);
#65 = DEFINITIONAL_REPRESENTATION('',(#66),#70);
#66 = LINE('',#67,#68);
#67 = CARTESIAN_POINT('',(0.,-3.));
#68 = VECTOR('',#69,1.);
#69 = DIRECTION('',(1.,0.));
#70 = ( GEOMETRIC_REPRESENTATION_CONTEXT(2) 
PARAMETRIC_REPRESENTATION_CONTEXT() REPRESENTATION_CONTEXT('2D SPACE',''
  ) );
#71 = PCURVE('',#72,#77);
#72 = PLANE('',#73);
#73 = AXIS2_PLACEMENT_3D('',#74,#75,#76);
#74 = CARTESIAN_POINT('',(-11.56668357889,3.357353817354E-16,3.));
#75 = DIRECTION('',(0.,0.,1.));
#76 = DIRECTION('',(1.,0.,-0.));
#77 = DEFINITIONAL_REPRESENTATION('',(#78),#82);
#78 = LINE('',#79,#80);
#79 = CARTESIAN_POINT('',(19.566683578899,-5.));
#80 = VECTOR('',#81,1.);
#81 = DIRECTION('',(0.,1.));
#82 = ( GEOMETRIC_REPRESENTATION_CONTEXT(2) 
PARAMETRIC_REPRESENTATION_CONTEXT() REPRESENTATION_CONTEXT('2D SPACE',''
  ) );
#83 = ORIENTED_EDGE('',*,*,#84,.F.);
#84 = EDGE_CURVE('',#85,#57,#87,.T.);
#85 = VERTEX_POINT('',#86);
#86 = CARTESIAN_POINT('',(8.,5.,0.));
#87 = SURFACE_CURVE('',#88,(#92,#99),.PCURVE_S1.);
#88 = LINE('',#89,#90);
#89 = CARTESIAN_POINT('',(8.,5.,0.));
#90 = VECTOR('',#91,1.);
#91 = DIRECTION('',(0.,0.,1.));
#92 = PCURVE('',#32,#93);
#93 = DEFINITIONAL_REPRESENTATION('',(#94),#98);
#94 = LINE('',#95,#96);
#95 = CARTESIAN_POINT('',(10.,0.));
#96 = VECTOR('',#97,1.);
#97 = DIRECTION('',(0.,-1.));
#98 = ( GEOMETRIC_REPRESENTATION_CONTEXT(2) 
PARAMETRIC_REPRESENTATION_CONTEXT() REPRESENTATION_CONTEXT('2D SPACE',''
  ) );
#99 = PCURVE('',#100,#105);
#100 = PLANE('',#101);
#101 = AXIS2_PLACEMENT_3D('',#102,#103,#104);
#102 = CARTESIAN_POINT('',(8.,5.,0.));
#103 = DIRECTION('',(-0.683941128881,-0.72953720414,0.));
#104 = DIRECTION('',(-0.72953720414,0.683941128881,0.));
#105 = DEFINITIONAL_REPRESENTATION('',(#106),#110);
#106 = LINE('',#107,#108);
#107 = CARTESIAN_POINT('',(0.,0.));
#108 = VECTOR('',#109,1.);
#109 = DIRECTION('',(0.,-1.));
#110 = ( GEOMETRIC_REPRESENTATION_CONTEXT(2) 
PARAMETRIC_REPRESENTATION_CONTEXT() REPRESENTATION_CONTEXT('2D SPACE',''
  ) );
#111 = ORIENTED_EDGE('',*,*,#112,.F.);
#112 = EDGE_CURVE('',#22,#85,#113,.T.);
#113 = SURFACE_CURVE('',#114,(#118,#125),.PCURVE_S1.);
#114 = LINE('',#115,#116);
#115 = CARTESIAN_POINT('',(8.,-5.,0.));
#116 = VECTOR('',#117,1.);
#117 = DIRECTION('',(0.,1.,0.));
#118 = PCURVE('',#32,#119);
#119 = DEFINITIONAL_REPRESENTATION('',(#120),#124);
#120 = LINE('',#121,#122);
#121 = CARTESIAN_POINT('',(0.,0.));
#122 = VECTOR('',#123,1.);
#123 = DIRECTION('',(1.,0.));
#124 = ( GEOMETRIC_REPRESENTATION_CONTEXT(2) 
PARAMETRIC_REPRESENTATION_CONTEXT() REPRESENTATION_CONTEXT('2D SPACE',''
  ) );
#125 = PCURVE('',#126,#131);
#126 = PLANE('',#127);
#127 = AXIS2_PLACEMENT_3D('',#128,#129,#130);
#128 = CARTESIAN_POINT('',(-11.56668357889,3.357353817354E-16,0.));
#129 = DIRECTION('',(0.,0.,1.));
#130 = DIRECTION('',(1.,0.,-0.));
#131 = DEFINITIONAL_REPRESENTATION('',(#132),#136);
#132 = LINE('',#133,#134);
#133 = CARTESIAN_POINT('',(19.566683578899,-5.));
#134 = VECTOR('',#135,1.);
#135 = DIRECTION('',(0.,1.));
#136 = ( GEOMETRIC_REPRESENTATION_CONTEXT(2) 
PARAMETRIC_REPRESENTATION_CONTEXT() REPRESENTATION_CONTEXT('2D SPACE',''
  ) );
#137 = ADVANCED_FACE('',(#138),#44,.F.);
#138 = FACE_BOUND('',#139,.F.);
#139 = EDGE_LOOP('',(#140,#170,#191,#192));
#140 = ORIENTED_EDGE('',*,*,#141,.T.);
#141 = EDGE_CURVE('',#142,#144,#146,.T.);
#142 = VERTEX_POINT('',#143);
#143 = CARTESIAN_POINT('',(-0.,-12.5,0.));
#144 = VERTEX_POINT('',#145);
#145 = CARTESIAN_POINT('',(0.,-12.5,3.));
#146 = SURFACE_CURVE('',#147,(#151,#158),.PCURVE_S1.);
#147 = LINE('',#148,#149);
#148 = CARTESIAN_POINT('',(-0.,-12.5,0.));
#149 = VECTOR('',#150,1.);
#150 = DIRECTION('',(0.,0.,1.));
#151 = PCURVE('',#44,#152);
#152 = DEFINITIONAL_REPRESENTATION('',(#153),#157);
#153 = LINE('',#154,#155);
#154 = CARTESIAN_POINT('',(0.,0.));
#155 = VECTOR('',#156,1.);
#156 = DIRECTION('',(0.,-1.));
#157 = ( GEOMETRIC_REPRESENTATION_CONTEXT(2) 
PARAMETRIC_REPRESENTATION_CONTEXT() REPRESENTATION_CONTEXT('2D SPACE',''
  ) );
#158 = PCURVE('',#159,#164);
#159 = PLANE('',#160);
#160 = AXIS2_PLACEMENT_3D('',#161,#162,#163);
#161 = CARTESIAN_POINT('',(-26.,-16.,0.));
#162 = DIRECTION('',(-0.133412012142,0.991060661623,0.));
#163 = DIRECTION('',(0.991060661623,0.133412012142,0.));
#164 = DEFINITIONAL_REPRESENTATION('',(#165),#169);
#165 = LINE('',#166,#167);
#166 = CARTESIAN_POINT('',(26.23451924469,0.));
#167 = VECTOR('',#168,1.);
#168 = DIRECTION('',(0.,-1.));
#169 = ( GEOMETRIC_REPRESENTATION_CONTEXT(2) 
PARAMETRIC_REPRESENTATION_CONTEXT() REPRESENTATION_CONTEXT('2D SPACE',''
  ) );
#170 = ORIENTED_EDGE('',*,*,#171,.T.);
#171 = EDGE_CURVE('',#144,#24,#172,.T.);
#172 = SURFACE_CURVE('',#173,(#177,#184),.PCURVE_S1.);
#173 = LINE('',#174,#175);
#174 = CARTESIAN_POINT('',(0.,-12.5,3.));
#175 = VECTOR('',#176,1.);
#176 = DIRECTION('',(0.72953720414,0.683941128881,0.));
#177 = PCURVE('',#44,#178);
#178 = DEFINITIONAL_REPRESENTATION('',(#179),#183);
#179 = LINE('',#180,#181);
#180 = CARTESIAN_POINT('',(0.,-3.));
#181 = VECTOR('',#182,1.);
#182 = DIRECTION('',(1.,0.));
#183 = ( GEOMETRIC_REPRESENTATION_CONTEXT(2) 
PARAMETRIC_REPRESENTATION_CONTEXT() REPRESENTATION_CONTEXT('2D SPACE',''
  ) );
#184 = PCURVE('',#72,#185);
#185 = DEFINITIONAL_REPRESENTATION('',(#186),#190);
#186 = LINE('',#187,#188);
#187 = CARTESIAN_POINT('',(11.566683578899,-12.5));
#188 = VECTOR('',#189,1.);
#189 = DIRECTION('',(0.72953720414,0.683941128881));
#190 = ( GEOMETRIC_REPRESENTATION_CONTEXT(2) 
PARAMETRIC_REPRESENTATION_CONTEXT() REPRESENTATION_CONTEXT('2D SPACE',''
  ) );
#191 = ORIENTED_EDGE('',*,*,#21,.F.);
#192 = ORIENTED_EDGE('',*,*,#193,.F.);
#193 = EDGE_CURVE('',#142,#22,#194,.T.);
#194 = SURFACE_CURVE('',#195,(#199,#206),.PCURVE_S1.);
#195 = LINE('',#196,#197);
#196 = CARTESIAN_POINT('',(-0.,-12.5,0.));
#197 = VECTOR('',#198,1.);
#198 = DIRECTION('',(0.72953720414,0.683941128881,0.));
#199 = PCURVE('',#44,#200);
#200 = DEFINITIONAL_REPRESENTATION('',(#201),#205);
#201 = LINE('',#202,#203);
#202 = CARTESIAN_POINT('',(0.,0.));
#203 = VECTOR('',#204,1.);
#204 = DIRECTION('',(1.,0.));
#205 = ( GEOMETRIC_REPRESENTATION_CONTEXT(2) 
PARAMETRIC_REPRESENTATION_CONTEXT() REPRESENTATION_CONTEXT('2D SPACE',''
  ) );
#206 = PCURVE('',#126,#207);
#207 = DEFINITIONAL_REPRESENTATION('',(#208),#212);
#208 = LINE('',#209,#210);
#209 = CARTESIAN_POINT('',(11.566683578899,-12.5));
#210 = VECTOR('',#211,1.);
#211 = DIRECTION('',(0.72953720414,0.683941128881));
#212 = ( GEOMETRIC_REPRESENTATION_CONTEXT(2) 
PARAMETRIC_REPRESENTATION_CONTEXT() REPRESENTATION_CONTEXT('2D SPACE',''
  ) );
#213 = ADVANCED_FACE('',(#214),#100,.F.);
#214 = FACE_BOUND('',#215,.F.);
#215 = EDGE_LOOP('',(#216,#217,#240,#268));
#216 = ORIENTED_EDGE('',*,*,#84,.T.);
#217 = ORIENTED_EDGE('',*,*,#218,.T.);
#218 = EDGE_CURVE('',#57,#219,#221,.T.);
#219 = VERTEX_POINT('',#220);
#220 = CARTESIAN_POINT('',(0.,12.5,3.));
#221 = SURFACE_CURVE('',#222,(#226,#233),.PCURVE_S1.);
#222 = LINE('',#223,#224);
#223 = CARTESIAN_POINT('',(8.,5.,3.));
#224 = VECTOR('',#225,1.);
#225 = DIRECTION('',(-0.72953720414,0.683941128881,0.));
#226 = PCURVE('',#100,#227);
#227 = DEFINITIONAL_REPRESENTATION('',(#228),#232);
#228 = LINE('',#229,#230);
#229 = CARTESIAN_POINT('',(0.,-3.));
#230 = VECTOR('',#231,1.);
#231 = DIRECTION('',(1.,0.));
#232 = ( GEOMETRIC_REPRESENTATION_CONTEXT(2) 
PARAMETRIC_REPRESENTATION_CONTEXT() REPRESENTATION_CONTEXT('2D SPACE',''
  ) );
#233 = PCURVE('',#72,#234);
#234 = DEFINITIONAL_REPRESENTATION('',(#235),#239);
#235 = LINE('',#236,#237);
#236 = CARTESIAN_POINT('',(19.566683578899,5.));
#237 = VECTOR('',#238,1.);
#238 = DIRECTION('',(-0.72953720414,0.683941128881));
#239 = ( GEOMETRIC_REPRESENTATION_CONTEXT(2) 
PARAMETRIC_REPRESENTATION_CONTEXT() REPRESENTATION_CONTEXT('2D SPACE',''
  ) );
#240 = ORIENTED_EDGE('',*,*,#241,.F.);
#241 = EDGE_CURVE('',#242,#219,#244,.T.);
#242 = VERTEX_POINT('',#243);
#243 = CARTESIAN_POINT('',(-0.,12.5,0.));
#244 = SURFACE_CURVE('',#245,(#249,#256),.PCURVE_S1.);
#245 = LINE('',#246,#247);
#246 = CARTESIAN_POINT('',(-0.,12.5,0.));
#247 = VECTOR('',#248,1.);
#248 = DIRECTION('',(0.,0.,1.));
#249 = PCURVE('',#100,#250);
#250 = DEFINITIONAL_REPRESENTATION('',(#251),#255);
#251 = LINE('',#252,#253);
#252 = CARTESIAN_POINT('',(10.965856099731,0.));
#253 = VECTOR('',#254,1.);
#254 = DIRECTION('',(0.,-1.));
#255 = ( GEOMETRIC_REPRESENTATION_CONTEXT(2) 
PARAMETRIC_REPRESENTATION_CONTEXT() REPRESENTATION_CONTEXT('2D SPACE',''
  ) );
#256 = PCURVE('',#257,#262);
#257 = PLANE('',#258);
#258 = AXIS2_PLACEMENT_3D('',#259,#260,#261);
#259 = CARTESIAN_POINT('',(-0.,12.5,0.));
#260 = DIRECTION('',(-0.133412012142,-0.991060661623,0.));
#261 = DIRECTION('',(-0.991060661623,0.133412012142,0.));
#262 = DEFINITIONAL_REPRESENTATION('',(#263),#267);
#263 = LINE('',#264,#265);
#264 = CARTESIAN_POINT('',(0.,0.));
#265 = VECTOR('',#266,1.);
#266 = DIRECTION('',(0.,-1.));
#267 = ( GEOMETRIC_REPRESENTATION_CONTEXT(2) 
PARAMETRIC_REPRESENTATION_CONTEXT() REPRESENTATION_CONTEXT('2D SPACE',''
  ) );
#268 = ORIENTED_EDGE('',*,*,#269,.F.);
#269 = EDGE_CURVE('',#85,#242,#270,.T.);
#270 = SURFACE_CURVE('',#271,(#275,#282),.PCURVE_S1.);
#271 = LINE('',#272,#273);
#272 = CARTESIAN_POINT('',(8.,5.,0.));
#273 = VECTOR('',#274,1.);
#274 = DIRECTION('',(-0.72953720414,0.683941128881,0.));
#275 = PCURVE('',#100,#276);
#276 = DEFINITIONAL_REPRESENTATION('',(#277),#281);
#277 = LINE('',#278,#279);
#278 = CARTESIAN_POINT('',(0.,0.));
#279 = VECTOR('',#280,1.);
#280 = DIRECTION('',(1.,0.));
#281 = ( GEOMETRIC_REPRESENTATION_CONTEXT(2) 
PARAMETRIC_REPRESENTATION_CONTEXT() REPRESENTATION_CONTEXT('2D SPACE',''
  ) );
#282 = PCURVE('',#126,#283);
#283 = DEFINITIONAL_REPRESENTATION('',(#284),#288);
#284 = LINE('',#285,#286);
#285 = CARTESIAN_POINT('',(19.566683578899,5.));
#286 = VECTOR('',#287,1.);
#287 = DIRECTION('',(-0.72953720414,0.683941128881));
#288 = ( GEOMETRIC_REPRESENTATION_CONTEXT(2) 
PARAMETRIC_REPRESENTATION_CONTEXT() REPRESENTATION_CONTEXT('2D SPACE',''
  ) );
#289 = ADVANCED_FACE('',(#290,#367,#398),#126,.F.);
#290 = FACE_BOUND('',#291,.F.);
#291 = EDGE_LOOP('',(#292,#293,#294,#317,#345,#366));
#292 = ORIENTED_EDGE('',*,*,#112,.T.);
#293 = ORIENTED_EDGE('',*,*,#269,.T.);
#294 = ORIENTED_EDGE('',*,*,#295,.T.);
#295 = EDGE_CURVE('',#242,#296,#298,.T.);
#296 = VERTEX_POINT('',#297);
#297 = CARTESIAN_POINT('',(-26.,16.,0.));
#298 = SURFACE_CURVE('',#299,(#303,#310),.PCURVE_S1.);
#299 = LINE('',#300,#301);
#300 = CARTESIAN_POINT('',(-0.,12.5,0.));
#301 = VECTOR('',#302,1.);
#302 = DIRECTION('',(-0.991060661623,0.133412012142,0.));
#303 = PCURVE('',#126,#304);
#304 = DEFINITIONAL_REPRESENTATION('',(#305),#309);
#305 = LINE('',#306,#307);
#306 = CARTESIAN_POINT('',(11.566683578899,12.5));
#307 = VECTOR('',#308,1.);
#308 = DIRECTION('',(-0.991060661623,0.133412012142));
#309 = ( GEOMETRIC_REPRESENTATION_CONTEXT(2) 
PARAMETRIC_REPRESENTATION_CONTEXT() REPRESENTATION_CONTEXT('2D SPACE',''
  ) );
#310 = PCURVE('',#257,#311);
#311 = DEFINITIONAL_REPRESENTATION('',(#312),#316);
#312 = LINE('',#313,#314);
#313 = CARTESIAN_POINT('',(0.,0.));
#314 = VECTOR('',#315,1.);
#315 = DIRECTION('',(1.,0.));
#316 = ( GEOMETRIC_REPRESENTATION_CONTEXT(2) 
PARAMETRIC_REPRESENTATION_CONTEXT() REPRESENTATION_CONTEXT('2D SPACE',''
  ) );
#317 = ORIENTED_EDGE('',*,*,#318,.T.);
#318 = EDGE_CURVE('',#296,#319,#321,.T.);
#319 = VERTEX_POINT('',#320);
#320 = CARTESIAN_POINT('',(-26.,-16.,0.));
#321 = SURFACE_CURVE('',#322,(#326,#333),.PCURVE_S1.);
#322 = LINE('',#323,#324);
#323 = CARTESIAN_POINT('',(-26.,16.,0.));
#324 = VECTOR('',#325,1.);
#325 = DIRECTION('',(0.,-1.,0.));
#326 = PCURVE('',#126,#327);
#327 = DEFINITIONAL_REPRESENTATION('',(#328),#332);
#328 = LINE('',#329,#330);
#329 = CARTESIAN_POINT('',(-14.4333164211,16.));
#330 = VECTOR('',#331,1.);
#331 = DIRECTION('',(0.,-1.));
#332 = ( GEOMETRIC_REPRESENTATION_CONTEXT(2) 
PARAMETRIC_REPRESENTATION_CONTEXT() REPRESENTATION_CONTEXT('2D SPACE',''
  ) );
#333 = PCURVE('',#334,#339);
#334 = PLANE('',#335);
#335 = AXIS2_PLACEMENT_3D('',#336,#337,#338);
#336 = CARTESIAN_POINT('',(-26.,16.,0.));
#337 = DIRECTION('',(1.,0.,-0.));
#338 = DIRECTION('',(0.,-1.,0.));
#339 = DEFINITIONAL_REPRESENTATION('',(#340),#344);
#340 = LINE('',#341,#342);
#341 = CARTESIAN_POINT('',(0.,0.));
#342 = VECTOR('',#343,1.);
#343 = DIRECTION('',(1.,0.));
#344 = ( GEOMETRIC_REPRESENTATION_CONTEXT(2) 
PARAMETRIC_REPRESENTATION_CONTEXT() REPRESENTATION_CONTEXT('2D SPACE',''
  ) );
#345 = ORIENTED_EDGE('',*,*,#346,.T.);
#346 = EDGE_CURVE('',#319,#142,#347,.T.);
#347 = SURFACE_CURVE('',#348,(#352,#359),.PCURVE_S1.);
#348 = LINE('',#349,#350);
#349 = CARTESIAN_POINT('',(-26.,-16.,0.));
#350 = VECTOR('',#351,1.);
#351 = DIRECTION('',(0.991060661623,0.133412012142,0.));
#352 = PCURVE('',#126,#353);
#353 = DEFINITIONAL_REPRESENTATION('',(#354),#358);
#354 = LINE('',#355,#356);
#355 = CARTESIAN_POINT('',(-14.4333164211,-16.));
#356 = VECTOR('',#357,1.);
#357 = DIRECTION('',(0.991060661623,0.133412012142));
#358 = ( GEOMETRIC_REPRESENTATION_CONTEXT(2) 
PARAMETRIC_REPRESENTATION_CONTEXT() REPRESENTATION_CONTEXT('2D SPACE',''
  ) );
#359 = PCURVE('',#159,#360);
#360 = DEFINITIONAL_REPRESENTATION('',(#361),#365);
#361 = LINE('',#362,#363);
#362 = CARTESIAN_POINT('',(0.,0.));
#363 = VECTOR('',#364,1.);
#364 = DIRECTION('',(1.,0.));
#365 = ( GEOMETRIC_REPRESENTATION_CONTEXT(2) 
PARAMETRIC_REPRESENTATION_CONTEXT() REPRESENTATION_CONTEXT('2D SPACE',''
  ) );
#366 = ORIENTED_EDGE('',*,*,#193,.T.);
#367 = FACE_BOUND('',#368,.F.);
#368 = EDGE_LOOP('',(#369));
#369 = ORIENTED_EDGE('',*,*,#370,.F.);
#370 = EDGE_CURVE('',#371,#371,#373,.T.);
#371 = VERTEX_POINT('',#372);
#372 = CARTESIAN_POINT('',(1.65,-8.,0.));
#373 = SURFACE_CURVE('',#374,(#379,#386),.PCURVE_S1.);
#374 = CIRCLE('',#375,1.65);
#375 = AXIS2_PLACEMENT_3D('',#376,#377,#378);
#376 = CARTESIAN_POINT('',(0.,-8.,0.));
#377 = DIRECTION('',(0.,0.,1.));
#378 = DIRECTION('',(1.,0.,-0.));
#379 = PCURVE('',#126,#380);
#380 = DEFINITIONAL_REPRESENTATION('',(#381),#385);
#381 = CIRCLE('',#382,1.65);
#382 = AXIS2_PLACEMENT_2D('',#383,#384);
#383 = CARTESIAN_POINT('',(11.566683578899,-8.));
#384 = DIRECTION('',(1.,0.));
#385 = ( GEOMETRIC_REPRESENTATION_CONTEXT(2) 
PARAMETRIC_REPRESENTATION_CONTEXT() REPRESENTATION_CONTEXT('2D SPACE',''
  ) );
#386 = PCURVE('',#387,#392);
#387 = CYLINDRICAL_SURFACE('',#388,1.65);
#388 = AXIS2_PLACEMENT_3D('',#389,#390,#391);
#389 = CARTESIAN_POINT('',(0.,-8.,-2.));
#390 = DIRECTION('',(0.,0.,1.));
#391 = DIRECTION('',(1.,0.,-0.));
#392 = DEFINITIONAL_REPRESENTATION('',(#393),#397);
#393 = LINE('',#394,#395);
#394 = CARTESIAN_POINT('',(0.,2.));
#395 = VECTOR('',#396,1.);
#396 = DIRECTION('',(1.,0.));
#397 = ( GEOMETRIC_REPRESENTATION_CONTEXT(2) 
PARAMETRIC_REPRESENTATION_CONTEXT() REPRESENTATION_CONTEXT('2D SPACE',''
  ) );
#398 = FACE_BOUND('',#399,.F.);
#399 = EDGE_LOOP('',(#400));
#400 = ORIENTED_EDGE('',*,*,#401,.F.);
#401 = EDGE_CURVE('',#402,#402,#404,.T.);
#402 = VERTEX_POINT('',#403);
#403 = CARTESIAN_POINT('',(1.65,8.,0.));
#404 = SURFACE_CURVE('',#405,(#410,#417),.PCURVE_S1.);
#405 = CIRCLE('',#406,1.65);
#406 = AXIS2_PLACEMENT_3D('',#407,#408,#409);
#407 = CARTESIAN_POINT('',(0.,8.,0.));
#408 = DIRECTION('',(0.,0.,1.));
#409 = DIRECTION('',(1.,0.,-0.));
#410 = PCURVE('',#126,#411);
#411 = DEFINITIONAL_REPRESENTATION('',(#412),#416);
#412 = CIRCLE('',#413,1.65);
#413 = AXIS2_PLACEMENT_2D('',#414,#415);
#414 = CARTESIAN_POINT('',(11.566683578899,8.));
#415 = DIRECTION('',(1.,0.));
#416 = ( GEOMETRIC_REPRESENTATION_CONTEXT(2) 
PARAMETRIC_REPRESENTATION_CONTEXT() REPRESENTATION_CONTEXT('2D SPACE',''
  ) );
#417 = PCURVE('',#418,#423);
#418 = CYLINDRICAL_SURFACE('',#419,1.65);
#419 = AXIS2_PLACEMENT_3D('',#420,#421,#422);
#420 = CARTESIAN_POINT('',(0.,8.,-2.));
#421 = DIRECTION('',(0.,0.,1.));
#422 = DIRECTION('',(1.,0.,-0.));
#423 = DEFINITIONAL_REPRESENTATION('',(#424),#428);
#424 = LINE('',#425,#426);
#425 = CARTESIAN_POINT('',(0.,2.));
#426 = VECTOR('',#427,1.);
#427 = DIRECTION('',(1.,0.));
#428 = ( GEOMETRIC_REPRESENTATION_CONTEXT(2) 
PARAMETRIC_REPRESENTATION_CONTEXT() REPRESENTATION_CONTEXT('2D SPACE',''
  ) );
#429 = ADVANCED_FACE('',(#430,#502,#528,#634),#72,.T.);
#430 = FACE_BOUND('',#431,.T.);
#431 = EDGE_LOOP('',(#432,#433,#434,#457,#480,#501));
#432 = ORIENTED_EDGE('',*,*,#56,.T.);
#433 = ORIENTED_EDGE('',*,*,#218,.T.);
#434 = ORIENTED_EDGE('',*,*,#435,.T.);
#435 = EDGE_CURVE('',#219,#436,#438,.T.);
#436 = VERTEX_POINT('',#437);
#437 = CARTESIAN_POINT('',(-26.,16.,3.));
#438 = SURFACE_CURVE('',#439,(#443,#450),.PCURVE_S1.);
#439 = LINE('',#440,#441);
#440 = CARTESIAN_POINT('',(0.,12.5,3.));
#441 = VECTOR('',#442,1.);
#442 = DIRECTION('',(-0.991060661623,0.133412012142,0.));
#443 = PCURVE('',#72,#444);
#444 = DEFINITIONAL_REPRESENTATION('',(#445),#449);
#445 = LINE('',#446,#447);
#446 = CARTESIAN_POINT('',(11.566683578899,12.5));
#447 = VECTOR('',#448,1.);
#448 = DIRECTION('',(-0.991060661623,0.133412012142));
#449 = ( GEOMETRIC_REPRESENTATION_CONTEXT(2) 
PARAMETRIC_REPRESENTATION_CONTEXT() REPRESENTATION_CONTEXT('2D SPACE',''
  ) );
#450 = PCURVE('',#257,#451);
#451 = DEFINITIONAL_REPRESENTATION('',(#452),#456);
#452 = LINE('',#453,#454);
#453 = CARTESIAN_POINT('',(0.,-3.));
#454 = VECTOR('',#455,1.);
#455 = DIRECTION('',(1.,0.));
#456 = ( GEOMETRIC_REPRESENTATION_CONTEXT(2) 
PARAMETRIC_REPRESENTATION_CONTEXT() REPRESENTATION_CONTEXT('2D SPACE',''
  ) );
#457 = ORIENTED_EDGE('',*,*,#458,.T.);
#458 = EDGE_CURVE('',#436,#459,#461,.T.);
#459 = VERTEX_POINT('',#460);
#460 = CARTESIAN_POINT('',(-26.,-16.,3.));
#461 = SURFACE_CURVE('',#462,(#466,#473),.PCURVE_S1.);
#462 = LINE('',#463,#464);
#463 = CARTESIAN_POINT('',(-26.,16.,3.));
#464 = VECTOR('',#465,1.);
#465 = DIRECTION('',(0.,-1.,0.));
#466 = PCURVE('',#72,#467);
#467 = DEFINITIONAL_REPRESENTATION('',(#468),#472);
#468 = LINE('',#469,#470);
#469 = CARTESIAN_POINT('',(-14.4333164211,16.));
#470 = VECTOR('',#471,1.);
#471 = DIRECTION('',(0.,-1.));
#472 = ( GEOMETRIC_REPRESENTATION_CONTEXT(2) 
PARAMETRIC_REPRESENTATION_CONTEXT() REPRESENTATION_CONTEXT('2D SPACE',''
  ) );
#473 = PCURVE('',#334,#474);
#474 = DEFINITIONAL_REPRESENTATION('',(#475),#479);
#475 = LINE('',#476,#477);
#476 = CARTESIAN_POINT('',(0.,-3.));
#477 = VECTOR('',#478,1.);
#478 = DIRECTION('',(1.,0.));
#479 = ( GEOMETRIC_REPRESENTATION_CONTEXT(2) 
PARAMETRIC_REPRESENTATION_CONTEXT() REPRESENTATION_CONTEXT('2D SPACE',''
  ) );
#480 = ORIENTED_EDGE('',*,*,#481,.T.);
#481 = EDGE_CURVE('',#459,#144,#482,.T.);
#482 = SURFACE_CURVE('',#483,(#487,#494),.PCURVE_S1.);
#483 = LINE('',#484,#485);
#484 = CARTESIAN_POINT('',(-26.,-16.,3.));
#485 = VECTOR('',#486,1.);
#486 = DIRECTION('',(0.991060661623,0.133412012142,0.));
#487 = PCURVE('',#72,#488);
#488 = DEFINITIONAL_REPRESENTATION('',(#489),#493);
#489 = LINE('',#490,#491);
#490 = CARTESIAN_POINT('',(-14.4333164211,-16.));
#491 = VECTOR('',#492,1.);
#492 = DIRECTION('',(0.991060661623,0.133412012142));
#493 = ( GEOMETRIC_REPRESENTATION_CONTEXT(2) 
PARAMETRIC_REPRESENTATION_CONTEXT() REPRESENTATION_CONTEXT('2D SPACE',''
  ) );
#494 = PCURVE('',#159,#495);
#495 = DEFINITIONAL_REPRESENTATION('',(#496),#500);
#496 = LINE('',#497,#498);
#497 = CARTESIAN_POINT('',(0.,-3.));
#498 = VECTOR('',#499,1.);
#499 = DIRECTION('',(1.,0.));
#500 = ( GEOMETRIC_REPRESENTATION_CONTEXT(2) 
PARAMETRIC_REPRESENTATION_CONTEXT() REPRESENTATION_CONTEXT('2D SPACE',''
  ) );
#501 = ORIENTED_EDGE('',*,*,#171,.T.);
#502 = FACE_BOUND('',#503,.T.);
#503 = EDGE_LOOP('',(#504));
#504 = ORIENTED_EDGE('',*,*,#505,.F.);
#505 = EDGE_CURVE('',#506,#506,#508,.T.);
#506 = VERTEX_POINT('',#507);
#507 = CARTESIAN_POINT('',(1.65,-8.,3.));
#508 = SURFACE_CURVE('',#509,(#514,#521),.PCURVE_S1.);
#509 = CIRCLE('',#510,1.65);
#510 = AXIS2_PLACEMENT_3D('',#511,#512,#513);
#511 = CARTESIAN_POINT('',(0.,-8.,3.));
#512 = DIRECTION('',(0.,0.,1.));
#513 = DIRECTION('',(1.,0.,-0.));
#514 = PCURVE('',#72,#515);
#515 = DEFINITIONAL_REPRESENTATION('',(#516),#520);
#516 = CIRCLE('',#517,1.65);
#517 = AXIS2_PLACEMENT_2D('',#518,#519);
#518 = CARTESIAN_POINT('',(11.566683578899,-8.));
#519 = DIRECTION('',(1.,0.));
#520 = ( GEOMETRIC_REPRESENTATION_CONTEXT(2) 
PARAMETRIC_REPRESENTATION_CONTEXT() REPRESENTATION_CONTEXT('2D SPACE',''
  ) );
#521 = PCURVE('',#387,#522);
#522 = DEFINITIONAL_REPRESENTATION('',(#523),#527);
#523 = LINE('',#524,#525);
#524 = CARTESIAN_POINT('',(0.,5.));
#525 = VECTOR('',#526,1.);
#526 = DIRECTION('',(1.,0.));
#527 = ( GEOMETRIC_REPRESENTATION_CONTEXT(2) 
PARAMETRIC_REPRESENTATION_CONTEXT() REPRESENTATION_CONTEXT('2D SPACE',''
  ) );
#528 = FACE_BOUND('',#529,.T.);
#529 = EDGE_LOOP('',(#530,#558,#584,#610));
#530 = ORIENTED_EDGE('',*,*,#531,.F.);
#531 = EDGE_CURVE('',#532,#534,#536,.T.);
#532 = VERTEX_POINT('',#533);
#533 = CARTESIAN_POINT('',(2.8,-2.5,3.));
#534 = VERTEX_POINT('',#535);
#535 = CARTESIAN_POINT('',(2.8,2.5,3.));
#536 = SURFACE_CURVE('',#537,(#541,#547),.PCURVE_S1.);
#537 = LINE('',#538,#539);
#538 = CARTESIAN_POINT('',(2.8,1.678676908677E-16,3.));
#539 = VECTOR('',#540,1.);
#540 = DIRECTION('',(0.,1.,0.));
#541 = PCURVE('',#72,#542);
#542 = DEFINITIONAL_REPRESENTATION('',(#543),#546);
#543 = B_SPLINE_CURVE_WITH_KNOTS('',1,(#544,#545),.UNSPECIFIED.,.F.,.F.,
  (2,2),(-2.5,2.5),.PIECEWISE_BEZIER_KNOTS.);
#544 = CARTESIAN_POINT('',(14.366683578899,-2.5));
#545 = CARTESIAN_POINT('',(14.366683578899,2.5));
#546 = ( GEOMETRIC_REPRESENTATION_CONTEXT(2) 
PARAMETRIC_REPRESENTATION_CONTEXT() REPRESENTATION_CONTEXT('2D SPACE',''
  ) );
#547 = PCURVE('',#548,#553);
#548 = PLANE('',#549);
#549 = AXIS2_PLACEMENT_3D('',#550,#551,#552);
#550 = CARTESIAN_POINT('',(4.,0.,0.));
#551 = DIRECTION('',(0.928476690885,0.,0.371390676354));
#552 = DIRECTION('',(-0.371390676354,0.,0.928476690885));
#553 = DEFINITIONAL_REPRESENTATION('',(#554),#557);
#554 = B_SPLINE_CURVE_WITH_KNOTS('',1,(#555,#556),.UNSPECIFIED.,.F.,.F.,
  (2,2),(-2.5,2.5),.PIECEWISE_BEZIER_KNOTS.);
#555 = CARTESIAN_POINT('',(3.231098884281,2.5));
#556 = CARTESIAN_POINT('',(3.231098884281,-2.5));
#557 = ( GEOMETRIC_REPRESENTATION_CONTEXT(2) 
PARAMETRIC_REPRESENTATION_CONTEXT() REPRESENTATION_CONTEXT('2D SPACE',''
  ) );
#558 = ORIENTED_EDGE('',*,*,#559,.F.);
#559 = EDGE_CURVE('',#560,#532,#562,.T.);
#560 = VERTEX_POINT('',#561);
#561 = CARTESIAN_POINT('',(-15.,-2.5,3.));
#562 = SURFACE_CURVE('',#563,(#567,#573),.PCURVE_S1.);
#563 = LINE('',#564,#565);
#564 = CARTESIAN_POINT('',(-13.80541955916,-2.5,3.));
#565 = VECTOR('',#566,1.);
#566 = DIRECTION('',(1.,0.,-0.));
#567 = PCURVE('',#72,#568);
#568 = DEFINITIONAL_REPRESENTATION('',(#569),#572);
#569 = B_SPLINE_CURVE_WITH_KNOTS('',1,(#570,#571),.UNSPECIFIED.,.F.,.F.,
  (2,2),(-12.19458044083,17.805419559169),.PIECEWISE_BEZIER_KNOTS.);
#570 = CARTESIAN_POINT('',(-14.4333164211,-2.5));
#571 = CARTESIAN_POINT('',(15.566683578899,-2.5));
#572 = ( GEOMETRIC_REPRESENTATION_CONTEXT(2) 
PARAMETRIC_REPRESENTATION_CONTEXT() REPRESENTATION_CONTEXT('2D SPACE',''
  ) );
#573 = PCURVE('',#574,#579);
#574 = PLANE('',#575);
#575 = AXIS2_PLACEMENT_3D('',#576,#577,#578);
#576 = CARTESIAN_POINT('',(-16.04415553943,-2.5,22.143543531782));
#577 = DIRECTION('',(0.,-1.,0.));
#578 = DIRECTION('',(1.,0.,0.));
#579 = DEFINITIONAL_REPRESENTATION('',(#580),#583);
#580 = B_SPLINE_CURVE_WITH_KNOTS('',1,(#581,#582),.UNSPECIFIED.,.F.,.F.,
  (2,2),(-12.19458044083,17.805419559169),.PIECEWISE_BEZIER_KNOTS.);
#581 = CARTESIAN_POINT('',(-9.955844460561,-19.14354353178));
#582 = CARTESIAN_POINT('',(20.044155539439,-19.14354353178));
#583 = ( GEOMETRIC_REPRESENTATION_CONTEXT(2) 
PARAMETRIC_REPRESENTATION_CONTEXT() REPRESENTATION_CONTEXT('2D SPACE',''
  ) );
#584 = ORIENTED_EDGE('',*,*,#585,.F.);
#585 = EDGE_CURVE('',#586,#560,#588,.T.);
#586 = VERTEX_POINT('',#587);
#587 = CARTESIAN_POINT('',(-15.,2.5,3.));
#588 = SURFACE_CURVE('',#589,(#593,#599),.PCURVE_S1.);
#589 = LINE('',#590,#591);
#590 = CARTESIAN_POINT('',(-15.,1.678676908677E-16,3.));
#591 = VECTOR('',#592,1.);
#592 = DIRECTION('',(0.,-1.,0.));
#593 = PCURVE('',#72,#594);
#594 = DEFINITIONAL_REPRESENTATION('',(#595),#598);
#595 = B_SPLINE_CURVE_WITH_KNOTS('',1,(#596,#597),.UNSPECIFIED.,.F.,.F.,
  (2,2),(-2.5,2.5),.PIECEWISE_BEZIER_KNOTS.);
#596 = CARTESIAN_POINT('',(-3.433316421101,2.5));
#597 = CARTESIAN_POINT('',(-3.433316421101,-2.5));
#598 = ( GEOMETRIC_REPRESENTATION_CONTEXT(2) 
PARAMETRIC_REPRESENTATION_CONTEXT() REPRESENTATION_CONTEXT('2D SPACE',''
  ) );
#599 = PCURVE('',#600,#605);
#600 = PLANE('',#601);
#601 = AXIS2_PLACEMENT_3D('',#602,#603,#604);
#602 = CARTESIAN_POINT('',(-15.,0.,8.));
#603 = DIRECTION('',(-1.,-0.,-0.));
#604 = DIRECTION('',(0.,0.,-1.));
#605 = DEFINITIONAL_REPRESENTATION('',(#606),#609);
#606 = B_SPLINE_CURVE_WITH_KNOTS('',1,(#607,#608),.UNSPECIFIED.,.F.,.F.,
  (2,2),(-2.5,2.5),.PIECEWISE_BEZIER_KNOTS.);
#607 = CARTESIAN_POINT('',(5.,-2.5));
#608 = CARTESIAN_POINT('',(5.,2.5));
#609 = ( GEOMETRIC_REPRESENTATION_CONTEXT(2) 
PARAMETRIC_REPRESENTATION_CONTEXT() REPRESENTATION_CONTEXT('2D SPACE',''
  ) );
#610 = ORIENTED_EDGE('',*,*,#611,.T.);
#611 = EDGE_CURVE('',#586,#534,#612,.T.);
#612 = SURFACE_CURVE('',#613,(#617,#623),.PCURVE_S1.);
#613 = LINE('',#614,#615);
#614 = CARTESIAN_POINT('',(-13.80541955916,2.5,3.));
#615 = VECTOR('',#616,1.);
#616 = DIRECTION('',(1.,0.,-0.));
#617 = PCURVE('',#72,#618);
#618 = DEFINITIONAL_REPRESENTATION('',(#619),#622);
#619 = B_SPLINE_CURVE_WITH_KNOTS('',1,(#620,#621),.UNSPECIFIED.,.F.,.F.,
  (2,2),(-12.19458044083,17.805419559169),.PIECEWISE_BEZIER_KNOTS.);
#620 = CARTESIAN_POINT('',(-14.4333164211,2.5));
#621 = CARTESIAN_POINT('',(15.566683578899,2.5));
#622 = ( GEOMETRIC_REPRESENTATION_CONTEXT(2) 
PARAMETRIC_REPRESENTATION_CONTEXT() REPRESENTATION_CONTEXT('2D SPACE',''
  ) );
#623 = PCURVE('',#624,#629);
#624 = PLANE('',#625);
#625 = AXIS2_PLACEMENT_3D('',#626,#627,#628);
#626 = CARTESIAN_POINT('',(-16.04415553943,2.5,22.143543531782));
#627 = DIRECTION('',(0.,-1.,0.));
#628 = DIRECTION('',(1.,0.,0.));
#629 = DEFINITIONAL_REPRESENTATION('',(#630),#633);
#630 = B_SPLINE_CURVE_WITH_KNOTS('',1,(#631,#632),.UNSPECIFIED.,.F.,.F.,
  (2,2),(-12.19458044083,17.805419559169),.PIECEWISE_BEZIER_KNOTS.);
#631 = CARTESIAN_POINT('',(-9.955844460561,-19.14354353178));
#632 = CARTESIAN_POINT('',(20.044155539439,-19.14354353178));
#633 = ( GEOMETRIC_REPRESENTATION_CONTEXT(2) 
PARAMETRIC_REPRESENTATION_CONTEXT() REPRESENTATION_CONTEXT('2D SPACE',''
  ) );
#634 = FACE_BOUND('',#635,.T.);
#635 = EDGE_LOOP('',(#636));
#636 = ORIENTED_EDGE('',*,*,#637,.F.);
#637 = EDGE_CURVE('',#638,#638,#640,.T.);
#638 = VERTEX_POINT('',#639);
#639 = CARTESIAN_POINT('',(1.65,8.,3.));
#640 = SURFACE_CURVE('',#641,(#646,#653),.PCURVE_S1.);
#641 = CIRCLE('',#642,1.65);
#642 = AXIS2_PLACEMENT_3D('',#643,#644,#645);
#643 = CARTESIAN_POINT('',(0.,8.,3.));
#644 = DIRECTION('',(0.,0.,1.));
#645 = DIRECTION('',(1.,0.,-0.));
#646 = PCURVE('',#72,#647);
#647 = DEFINITIONAL_REPRESENTATION('',(#648),#652);
#648 = CIRCLE('',#649,1.65);
#649 = AXIS2_PLACEMENT_2D('',#650,#651);
#650 = CARTESIAN_POINT('',(11.566683578899,8.));
#651 = DIRECTION('',(1.,0.));
#652 = ( GEOMETRIC_REPRESENTATION_CONTEXT(2) 
PARAMETRIC_REPRESENTATION_CONTEXT() REPRESENTATION_CONTEXT('2D SPACE',''
  ) );
#653 = PCURVE('',#418,#654);
#654 = DEFINITIONAL_REPRESENTATION('',(#655),#659);
#655 = LINE('',#656,#657);
#656 = CARTESIAN_POINT('',(0.,5.));
#657 = VECTOR('',#658,1.);
#658 = DIRECTION('',(1.,0.));
#659 = ( GEOMETRIC_REPRESENTATION_CONTEXT(2) 
PARAMETRIC_REPRESENTATION_CONTEXT() REPRESENTATION_CONTEXT('2D SPACE',''
  ) );
#660 = ADVANCED_FACE('',(#661),#159,.F.);
#661 = FACE_BOUND('',#662,.F.);
#662 = EDGE_LOOP('',(#663,#684,#685,#686));
#663 = ORIENTED_EDGE('',*,*,#664,.T.);
#664 = EDGE_CURVE('',#319,#459,#665,.T.);
#665 = SURFACE_CURVE('',#666,(#670,#677),.PCURVE_S1.);
#666 = LINE('',#667,#668);
#667 = CARTESIAN_POINT('',(-26.,-16.,0.));
#668 = VECTOR('',#669,1.);
#669 = DIRECTION('',(0.,0.,1.));
#670 = PCURVE('',#159,#671);
#671 = DEFINITIONAL_REPRESENTATION('',(#672),#676);
#672 = LINE('',#673,#674);
#673 = CARTESIAN_POINT('',(0.,0.));
#674 = VECTOR('',#675,1.);
#675 = DIRECTION('',(0.,-1.));
#676 = ( GEOMETRIC_REPRESENTATION_CONTEXT(2) 
PARAMETRIC_REPRESENTATION_CONTEXT() REPRESENTATION_CONTEXT('2D SPACE',''
  ) );
#677 = PCURVE('',#334,#678);
#678 = DEFINITIONAL_REPRESENTATION('',(#679),#683);
#679 = LINE('',#680,#681);
#680 = CARTESIAN_POINT('',(32.,0.));
#681 = VECTOR('',#682,1.);
#682 = DIRECTION('',(0.,-1.));
#683 = ( GEOMETRIC_REPRESENTATION_CONTEXT(2) 
PARAMETRIC_REPRESENTATION_CONTEXT() REPRESENTATION_CONTEXT('2D SPACE',''
  ) );
#684 = ORIENTED_EDGE('',*,*,#481,.T.);
#685 = ORIENTED_EDGE('',*,*,#141,.F.);
#686 = ORIENTED_EDGE('',*,*,#346,.F.);
#687 = ADVANCED_FACE('',(#688),#257,.F.);
#688 = FACE_BOUND('',#689,.F.);
#689 = EDGE_LOOP('',(#690,#691,#692,#713));
#690 = ORIENTED_EDGE('',*,*,#241,.T.);
#691 = ORIENTED_EDGE('',*,*,#435,.T.);
#692 = ORIENTED_EDGE('',*,*,#693,.F.);
#693 = EDGE_CURVE('',#296,#436,#694,.T.);
#694 = SURFACE_CURVE('',#695,(#699,#706),.PCURVE_S1.);
#695 = LINE('',#696,#697);
#696 = CARTESIAN_POINT('',(-26.,16.,0.));
#697 = VECTOR('',#698,1.);
#698 = DIRECTION('',(0.,0.,1.));
#699 = PCURVE('',#257,#700);
#700 = DEFINITIONAL_REPRESENTATION('',(#701),#705);
#701 = LINE('',#702,#703);
#702 = CARTESIAN_POINT('',(26.23451924469,0.));
#703 = VECTOR('',#704,1.);
#704 = DIRECTION('',(0.,-1.));
#705 = ( GEOMETRIC_REPRESENTATION_CONTEXT(2) 
PARAMETRIC_REPRESENTATION_CONTEXT() REPRESENTATION_CONTEXT('2D SPACE',''
  ) );
#706 = PCURVE('',#334,#707);
#707 = DEFINITIONAL_REPRESENTATION('',(#708),#712);
#708 = LINE('',#709,#710);
#709 = CARTESIAN_POINT('',(0.,0.));
#710 = VECTOR('',#711,1.);
#711 = DIRECTION('',(0.,-1.));
#712 = ( GEOMETRIC_REPRESENTATION_CONTEXT(2) 
PARAMETRIC_REPRESENTATION_CONTEXT() REPRESENTATION_CONTEXT('2D SPACE',''
  ) );
#713 = ORIENTED_EDGE('',*,*,#295,.F.);
#714 = ADVANCED_FACE('',(#715),#334,.F.);
#715 = FACE_BOUND('',#716,.F.);
#716 = EDGE_LOOP('',(#717,#718,#719,#720));
#717 = ORIENTED_EDGE('',*,*,#693,.T.);
#718 = ORIENTED_EDGE('',*,*,#458,.T.);
#719 = ORIENTED_EDGE('',*,*,#664,.F.);
#720 = ORIENTED_EDGE('',*,*,#318,.F.);
#721 = ADVANCED_FACE('',(#722),#387,.F.);
#722 = FACE_BOUND('',#723,.F.);
#723 = EDGE_LOOP('',(#724,#725,#746,#747));
#724 = ORIENTED_EDGE('',*,*,#505,.F.);
#725 = ORIENTED_EDGE('',*,*,#726,.F.);
#726 = EDGE_CURVE('',#371,#506,#727,.T.);
#727 = SEAM_CURVE('',#728,(#732,#739),.PCURVE_S1.);
#728 = LINE('',#729,#730);
#729 = CARTESIAN_POINT('',(1.65,-8.,-2.));
#730 = VECTOR('',#731,1.);
#731 = DIRECTION('',(0.,0.,1.));
#732 = PCURVE('',#387,#733);
#733 = DEFINITIONAL_REPRESENTATION('',(#734),#738);
#734 = LINE('',#735,#736);
#735 = CARTESIAN_POINT('',(6.28318530718,-0.));
#736 = VECTOR('',#737,1.);
#737 = DIRECTION('',(0.,1.));
#738 = ( GEOMETRIC_REPRESENTATION_CONTEXT(2) 
PARAMETRIC_REPRESENTATION_CONTEXT() REPRESENTATION_CONTEXT('2D SPACE',''
  ) );
#739 = PCURVE('',#387,#740);
#740 = DEFINITIONAL_REPRESENTATION('',(#741),#745);
#741 = LINE('',#742,#743);
#742 = CARTESIAN_POINT('',(0.,-0.));
#743 = VECTOR('',#744,1.);
#744 = DIRECTION('',(0.,1.));
#745 = ( GEOMETRIC_REPRESENTATION_CONTEXT(2) 
PARAMETRIC_REPRESENTATION_CONTEXT() REPRESENTATION_CONTEXT('2D SPACE',''
  ) );
#746 = ORIENTED_EDGE('',*,*,#370,.T.);
#747 = ORIENTED_EDGE('',*,*,#726,.T.);
#748 = ADVANCED_FACE('',(#749),#418,.F.);
#749 = FACE_BOUND('',#750,.F.);
#750 = EDGE_LOOP('',(#751,#752,#773,#774));
#751 = ORIENTED_EDGE('',*,*,#637,.F.);
#752 = ORIENTED_EDGE('',*,*,#753,.F.);
#753 = EDGE_CURVE('',#402,#638,#754,.T.);
#754 = SEAM_CURVE('',#755,(#759,#766),.PCURVE_S1.);
#755 = LINE('',#756,#757);
#756 = CARTESIAN_POINT('',(1.65,8.,-2.));
#757 = VECTOR('',#758,1.);
#758 = DIRECTION('',(0.,0.,1.));
#759 = PCURVE('',#418,#760);
#760 = DEFINITIONAL_REPRESENTATION('',(#761),#765);
#761 = LINE('',#762,#763);
#762 = CARTESIAN_POINT('',(6.28318530718,-0.));
#763 = VECTOR('',#764,1.);
#764 = DIRECTION('',(0.,1.));
#765 = ( GEOMETRIC_REPRESENTATION_CONTEXT(2) 
PARAMETRIC_REPRESENTATION_CONTEXT() REPRESENTATION_CONTEXT('2D SPACE',''
  ) );
#766 = PCURVE('',#418,#767);
#767 = DEFINITIONAL_REPRESENTATION('',(#768),#772);
#768 = LINE('',#769,#770);
#769 = CARTESIAN_POINT('',(0.,-0.));
#770 = VECTOR('',#771,1.);
#771 = DIRECTION('',(0.,1.));
#772 = ( GEOMETRIC_REPRESENTATION_CONTEXT(2) 
PARAMETRIC_REPRESENTATION_CONTEXT() REPRESENTATION_CONTEXT('2D SPACE',''
  ) );
#773 = ORIENTED_EDGE('',*,*,#401,.T.);
#774 = ORIENTED_EDGE('',*,*,#753,.T.);
#775 = ADVANCED_FACE('',(#776),#548,.T.);
#776 = FACE_BOUND('',#777,.T.);
#777 = EDGE_LOOP('',(#778,#779,#802,#830));
#778 = ORIENTED_EDGE('',*,*,#531,.T.);
#779 = ORIENTED_EDGE('',*,*,#780,.T.);
#780 = EDGE_CURVE('',#534,#781,#783,.T.);
#781 = VERTEX_POINT('',#782);
#782 = CARTESIAN_POINT('',(0.,2.5,10.));
#783 = SURFACE_CURVE('',#784,(#788,#795),.PCURVE_S1.);
#784 = LINE('',#785,#786);
#785 = CARTESIAN_POINT('',(4.,2.5,0.));
#786 = VECTOR('',#787,1.);
#787 = DIRECTION('',(-0.371390676354,0.,0.928476690885));
#788 = PCURVE('',#548,#789);
#789 = DEFINITIONAL_REPRESENTATION('',(#790),#794);
#790 = LINE('',#791,#792);
#791 = CARTESIAN_POINT('',(0.,-2.5));
#792 = VECTOR('',#793,1.);
#793 = DIRECTION('',(1.,0.));
#794 = ( GEOMETRIC_REPRESENTATION_CONTEXT(2) 
PARAMETRIC_REPRESENTATION_CONTEXT() REPRESENTATION_CONTEXT('2D SPACE',''
  ) );
#795 = PCURVE('',#624,#796);
#796 = DEFINITIONAL_REPRESENTATION('',(#797),#801);
#797 = LINE('',#798,#799);
#798 = CARTESIAN_POINT('',(20.044155539439,-22.14354353178));
#799 = VECTOR('',#800,1.);
#800 = DIRECTION('',(-0.371390676354,0.928476690885));
#801 = ( GEOMETRIC_REPRESENTATION_CONTEXT(2) 
PARAMETRIC_REPRESENTATION_CONTEXT() REPRESENTATION_CONTEXT('2D SPACE',''
  ) );
#802 = ORIENTED_EDGE('',*,*,#803,.T.);
#803 = EDGE_CURVE('',#781,#804,#806,.T.);
#804 = VERTEX_POINT('',#805);
#805 = CARTESIAN_POINT('',(0.,-2.5,10.));
#806 = SURFACE_CURVE('',#807,(#811,#818),.PCURVE_S1.);
#807 = LINE('',#808,#809);
#808 = CARTESIAN_POINT('',(0.,2.5,10.));
#809 = VECTOR('',#810,1.);
#810 = DIRECTION('',(0.,-1.,0.));
#811 = PCURVE('',#548,#812);
#812 = DEFINITIONAL_REPRESENTATION('',(#813),#817);
#813 = LINE('',#814,#815);
#814 = CARTESIAN_POINT('',(10.770329614269,-2.5));
#815 = VECTOR('',#816,1.);
#816 = DIRECTION('',(0.,1.));
#817 = ( GEOMETRIC_REPRESENTATION_CONTEXT(2) 
PARAMETRIC_REPRESENTATION_CONTEXT() REPRESENTATION_CONTEXT('2D SPACE',''
  ) );
#818 = PCURVE('',#819,#824);
#819 = PLANE('',#820);
#820 = AXIS2_PLACEMENT_3D('',#821,#822,#823);
#821 = CARTESIAN_POINT('',(0.,0.,10.));
#822 = DIRECTION('',(0.832050294338,0.,0.554700196225));
#823 = DIRECTION('',(-0.554700196225,0.,0.832050294338));
#824 = DEFINITIONAL_REPRESENTATION('',(#825),#829);
#825 = LINE('',#826,#827);
#826 = CARTESIAN_POINT('',(0.,-2.5));
#827 = VECTOR('',#828,1.);
#828 = DIRECTION('',(0.,1.));
#829 = ( GEOMETRIC_REPRESENTATION_CONTEXT(2) 
PARAMETRIC_REPRESENTATION_CONTEXT() REPRESENTATION_CONTEXT('2D SPACE',''
  ) );
#830 = ORIENTED_EDGE('',*,*,#831,.F.);
#831 = EDGE_CURVE('',#532,#804,#832,.T.);
#832 = SURFACE_CURVE('',#833,(#837,#844),.PCURVE_S1.);
#833 = LINE('',#834,#835);
#834 = CARTESIAN_POINT('',(4.,-2.5,0.));
#835 = VECTOR('',#836,1.);
#836 = DIRECTION('',(-0.371390676354,0.,0.928476690885));
#837 = PCURVE('',#548,#838);
#838 = DEFINITIONAL_REPRESENTATION('',(#839),#843);
#839 = LINE('',#840,#841);
#840 = CARTESIAN_POINT('',(0.,2.5));
#841 = VECTOR('',#842,1.);
#842 = DIRECTION('',(1.,0.));
#843 = ( GEOMETRIC_REPRESENTATION_CONTEXT(2) 
PARAMETRIC_REPRESENTATION_CONTEXT() REPRESENTATION_CONTEXT('2D SPACE',''
  ) );
#844 = PCURVE('',#574,#845);
#845 = DEFINITIONAL_REPRESENTATION('',(#846),#850);
#846 = LINE('',#847,#848);
#847 = CARTESIAN_POINT('',(20.044155539439,-22.14354353178));
#848 = VECTOR('',#849,1.);
#849 = DIRECTION('',(-0.371390676354,0.928476690885));
#850 = ( GEOMETRIC_REPRESENTATION_CONTEXT(2) 
PARAMETRIC_REPRESENTATION_CONTEXT() REPRESENTATION_CONTEXT('2D SPACE',''
  ) );
#851 = ADVANCED_FACE('',(#852),#574,.T.);
#852 = FACE_BOUND('',#853,.T.);
#853 = EDGE_LOOP('',(#854,#884,#905,#906,#907,#930,#958,#984,#1010,#1036
    ,#1062,#1083));
#854 = ORIENTED_EDGE('',*,*,#855,.T.);
#855 = EDGE_CURVE('',#856,#858,#860,.T.);
#856 = VERTEX_POINT('',#857);
#857 = CARTESIAN_POINT('',(-27.61618655236,-2.5,30.829289951898));
#858 = VERTEX_POINT('',#859);
#859 = CARTESIAN_POINT('',(-15.,-2.5,8.));
#860 = SURFACE_CURVE('',#861,(#865,#872),.PCURVE_S1.);
#861 = LINE('',#862,#863);
#862 = CARTESIAN_POINT('',(-36.,-2.5,46.));
#863 = VECTOR('',#864,1.);
#864 = DIRECTION('',(0.48368611169,0.,-0.875241535439));
#865 = PCURVE('',#574,#866);
#866 = DEFINITIONAL_REPRESENTATION('',(#867),#871);
#867 = LINE('',#868,#869);
#868 = CARTESIAN_POINT('',(-19.95584446056,23.856456468218));
#869 = VECTOR('',#870,1.);
#870 = DIRECTION('',(0.48368611169,-0.875241535439));
#871 = ( GEOMETRIC_REPRESENTATION_CONTEXT(2) 
PARAMETRIC_REPRESENTATION_CONTEXT() REPRESENTATION_CONTEXT('2D SPACE',''
  ) );
#872 = PCURVE('',#873,#878);
#873 = PLANE('',#874);
#874 = AXIS2_PLACEMENT_3D('',#875,#876,#877);
#875 = CARTESIAN_POINT('',(-36.,0.,46.));
#876 = DIRECTION('',(-0.875241535439,-0.,-0.48368611169));
#877 = DIRECTION('',(0.48368611169,0.,-0.875241535439));
#878 = DEFINITIONAL_REPRESENTATION('',(#879),#883);
#879 = LINE('',#880,#881);
#880 = CARTESIAN_POINT('',(0.,2.5));
#881 = VECTOR('',#882,1.);
#882 = DIRECTION('',(1.,0.));
#883 = ( GEOMETRIC_REPRESENTATION_CONTEXT(2) 
PARAMETRIC_REPRESENTATION_CONTEXT() REPRESENTATION_CONTEXT('2D SPACE',''
  ) );
#884 = ORIENTED_EDGE('',*,*,#885,.T.);
#885 = EDGE_CURVE('',#858,#560,#886,.T.);
#886 = SURFACE_CURVE('',#887,(#891,#898),.PCURVE_S1.);
#887 = LINE('',#888,#889);
#888 = CARTESIAN_POINT('',(-15.,-2.5,8.));
#889 = VECTOR('',#890,1.);
#890 = DIRECTION('',(0.,0.,-1.));
#891 = PCURVE('',#574,#892);
#892 = DEFINITIONAL_REPRESENTATION('',(#893),#897);
#893 = LINE('',#894,#895);
#894 = CARTESIAN_POINT('',(1.044155539439,-14.14354353178));
#895 = VECTOR('',#896,1.);
#896 = DIRECTION('',(0.,-1.));
#897 = ( GEOMETRIC_REPRESENTATION_CONTEXT(2) 
PARAMETRIC_REPRESENTATION_CONTEXT() REPRESENTATION_CONTEXT('2D SPACE',''
  ) );
#898 = PCURVE('',#600,#899);
#899 = DEFINITIONAL_REPRESENTATION('',(#900),#904);
#900 = LINE('',#901,#902);
#901 = CARTESIAN_POINT('',(0.,2.5));
#902 = VECTOR('',#903,1.);
#903 = DIRECTION('',(1.,0.));
#904 = ( GEOMETRIC_REPRESENTATION_CONTEXT(2) 
PARAMETRIC_REPRESENTATION_CONTEXT() REPRESENTATION_CONTEXT('2D SPACE',''
  ) );
#905 = ORIENTED_EDGE('',*,*,#559,.T.);
#906 = ORIENTED_EDGE('',*,*,#831,.T.);
#907 = ORIENTED_EDGE('',*,*,#908,.T.);
#908 = EDGE_CURVE('',#804,#909,#911,.T.);
#909 = VERTEX_POINT('',#910);
#910 = CARTESIAN_POINT('',(-24.,-2.5,46.));
#911 = SURFACE_CURVE('',#912,(#916,#923),.PCURVE_S1.);
#912 = LINE('',#913,#914);
#913 = CARTESIAN_POINT('',(0.,-2.5,10.));
#914 = VECTOR('',#915,1.);
#915 = DIRECTION('',(-0.554700196225,0.,0.832050294338));
#916 = PCURVE('',#574,#917);
#917 = DEFINITIONAL_REPRESENTATION('',(#918),#922);
#918 = LINE('',#919,#920);
#919 = CARTESIAN_POINT('',(16.044155539439,-12.14354353178));
#920 = VECTOR('',#921,1.);
#921 = DIRECTION('',(-0.554700196225,0.832050294338));
#922 = ( GEOMETRIC_REPRESENTATION_CONTEXT(2) 
PARAMETRIC_REPRESENTATION_CONTEXT() REPRESENTATION_CONTEXT('2D SPACE',''
  ) );
#923 = PCURVE('',#819,#924);
#924 = DEFINITIONAL_REPRESENTATION('',(#925),#929);
#925 = LINE('',#926,#927);
#926 = CARTESIAN_POINT('',(0.,2.5));
#927 = VECTOR('',#928,1.);
#928 = DIRECTION('',(1.,0.));
#929 = ( GEOMETRIC_REPRESENTATION_CONTEXT(2) 
PARAMETRIC_REPRESENTATION_CONTEXT() REPRESENTATION_CONTEXT('2D SPACE',''
  ) );
#930 = ORIENTED_EDGE('',*,*,#931,.T.);
#931 = EDGE_CURVE('',#909,#932,#934,.T.);
#932 = VERTEX_POINT('',#933);
#933 = CARTESIAN_POINT('',(-24.80384757729,-2.5,46.));
#934 = SURFACE_CURVE('',#935,(#939,#946),.PCURVE_S1.);
#935 = LINE('',#936,#937);
#936 = CARTESIAN_POINT('',(-24.,-2.5,46.));
#937 = VECTOR('',#938,1.);
#938 = DIRECTION('',(-1.,0.,0.));
#939 = PCURVE('',#574,#940);
#940 = DEFINITIONAL_REPRESENTATION('',(#941),#945);
#941 = LINE('',#942,#943);
#942 = CARTESIAN_POINT('',(-7.955844460561,23.856456468218));
#943 = VECTOR('',#944,1.);
#944 = DIRECTION('',(-1.,0.));
#945 = ( GEOMETRIC_REPRESENTATION_CONTEXT(2) 
PARAMETRIC_REPRESENTATION_CONTEXT() REPRESENTATION_CONTEXT('2D SPACE',''
  ) );
#946 = PCURVE('',#947,#952);
#947 = PLANE('',#948);
#948 = AXIS2_PLACEMENT_3D('',#949,#950,#951);
#949 = CARTESIAN_POINT('',(-24.,0.,46.));
#950 = DIRECTION('',(0.,0.,1.));
#951 = DIRECTION('',(-1.,0.,0.));
#952 = DEFINITIONAL_REPRESENTATION('',(#953),#957);
#953 = LINE('',#954,#955);
#954 = CARTESIAN_POINT('',(0.,2.5));
#955 = VECTOR('',#956,1.);
#956 = DIRECTION('',(1.,0.));
#957 = ( GEOMETRIC_REPRESENTATION_CONTEXT(2) 
PARAMETRIC_REPRESENTATION_CONTEXT() REPRESENTATION_CONTEXT('2D SPACE',''
  ) );
#958 = ORIENTED_EDGE('',*,*,#959,.F.);
#959 = EDGE_CURVE('',#960,#932,#962,.T.);
#960 = VERTEX_POINT('',#961);
#961 = CARTESIAN_POINT('',(-18.9378221735,-2.5,35.839745962156));
#962 = SURFACE_CURVE('',#963,(#967,#973),.PCURVE_S1.);
#963 = LINE('',#964,#965);
#964 = CARTESIAN_POINT('',(-15.61079903423,-2.5,30.077172846969));
#965 = VECTOR('',#966,1.);
#966 = DIRECTION('',(-0.5,0.,0.866025403784));
#967 = PCURVE('',#574,#968);
#968 = DEFINITIONAL_REPRESENTATION('',(#969),#972);
#969 = B_SPLINE_CURVE_WITH_KNOTS('',1,(#970,#971),.UNSPECIFIED.,.F.,.F.,
  (2,2),(6.654046278556,18.386097086125),.PIECEWISE_BEZIER_KNOTS.);
#970 = CARTESIAN_POINT('',(-2.89366663407,13.696202430373));
#971 = CARTESIAN_POINT('',(-8.759692037855,23.856456468218));
#972 = ( GEOMETRIC_REPRESENTATION_CONTEXT(2) 
PARAMETRIC_REPRESENTATION_CONTEXT() REPRESENTATION_CONTEXT('2D SPACE',''
  ) );
#973 = PCURVE('',#974,#979);
#974 = PLANE('',#975);
#975 = AXIS2_PLACEMENT_3D('',#976,#977,#978);
#976 = CARTESIAN_POINT('',(-18.9378221735,-5.5,35.839745962156));
#977 = DIRECTION('',(0.866025403784,0.,0.5));
#978 = DIRECTION('',(-0.5,0.,0.866025403784));
#979 = DEFINITIONAL_REPRESENTATION('',(#980),#983);
#980 = B_SPLINE_CURVE_WITH_KNOTS('',1,(#981,#982),.UNSPECIFIED.,.F.,.F.,
  (2,2),(6.654046278556,18.386097086125),.PIECEWISE_BEZIER_KNOTS.);
#981 = CARTESIAN_POINT('',(0.,-3.));
#982 = CARTESIAN_POINT('',(11.732050807569,-3.));
#983 = ( GEOMETRIC_REPRESENTATION_CONTEXT(2) 
PARAMETRIC_REPRESENTATION_CONTEXT() REPRESENTATION_CONTEXT('2D SPACE',''
  ) );
#984 = ORIENTED_EDGE('',*,*,#985,.T.);
#985 = EDGE_CURVE('',#960,#986,#988,.T.);
#986 = VERTEX_POINT('',#987);
#987 = CARTESIAN_POINT('',(-23.56385933836,-2.5,33.168902159744));
#988 = SURFACE_CURVE('',#989,(#993,#999),.PCURVE_S1.);
#989 = LINE('',#990,#991);
#990 = CARTESIAN_POINT('',(-26.88018982224,-2.5,31.254217862156));
#991 = VECTOR('',#992,1.);
#992 = DIRECTION('',(-0.866025403784,-0.,-0.5));
#993 = PCURVE('',#574,#994);
#994 = DEFINITIONAL_REPRESENTATION('',(#995),#998);
#995 = B_SPLINE_CURVE_WITH_KNOTS('',1,(#996,#997),.UNSPECIFIED.,.F.,.F.,
  (2,2),(-9.171056199999,4.828943800001),.PIECEWISE_BEZIER_KNOTS.);
#996 = CARTESIAN_POINT('',(-2.89366663407,13.696202430373));
#997 = CARTESIAN_POINT('',(-15.01802228705,6.696202430373));
#998 = ( GEOMETRIC_REPRESENTATION_CONTEXT(2) 
PARAMETRIC_REPRESENTATION_CONTEXT() REPRESENTATION_CONTEXT('2D SPACE',''
  ) );
#999 = PCURVE('',#1000,#1005);
#1000 = PLANE('',#1001);
#1001 = AXIS2_PLACEMENT_3D('',#1002,#1003,#1004);
#1002 = CARTESIAN_POINT('',(-31.06217782649,-5.5,28.839745962156));
#1003 = DIRECTION('',(-0.5,0.,0.866025403784));
#1004 = DIRECTION('',(0.866025403784,0.,0.5));
#1005 = DEFINITIONAL_REPRESENTATION('',(#1006),#1009);
#1006 = B_SPLINE_CURVE_WITH_KNOTS('',1,(#1007,#1008),.UNSPECIFIED.,.F.,
  .F.,(2,2),(-9.171056199999,4.828943800001),.PIECEWISE_BEZIER_KNOTS.);
#1007 = CARTESIAN_POINT('',(14.,3.));
#1008 = CARTESIAN_POINT('',(0.,3.));
#1009 = ( GEOMETRIC_REPRESENTATION_CONTEXT(2) 
PARAMETRIC_REPRESENTATION_CONTEXT() REPRESENTATION_CONTEXT('2D SPACE',''
  ) );
#1010 = ORIENTED_EDGE('',*,*,#1011,.F.);
#1011 = EDGE_CURVE('',#1012,#986,#1014,.T.);
#1012 = VERTEX_POINT('',#1013);
#1013 = CARTESIAN_POINT('',(-16.06385933836,-2.5,20.178521102978));
#1014 = SURFACE_CURVE('',#1015,(#1019,#1025),.PCURVE_S1.);
#1015 = LINE('',#1016,#1017);
#1016 = CARTESIAN_POINT('',(-16.06385933836,-2.5,20.178521102978));
#1017 = VECTOR('',#1018,1.);
#1018 = DIRECTION('',(-0.5,0.,0.866025403784));
#1019 = PCURVE('',#574,#1020);
#1020 = DEFINITIONAL_REPRESENTATION('',(#1021),#1024);
#1021 = B_SPLINE_CURVE_WITH_KNOTS('',1,(#1022,#1023),.UNSPECIFIED.,.F.,
  .F.,(2,2),(-6.000000023868E-07,29.187891738471),
  .PIECEWISE_BEZIER_KNOTS.);
#1022 = CARTESIAN_POINT('',(-1.970349892681E-02,-1.96502294842));
#1023 = CARTESIAN_POINT('',(-14.61364966816,23.312433299621));
#1024 = ( GEOMETRIC_REPRESENTATION_CONTEXT(2) 
PARAMETRIC_REPRESENTATION_CONTEXT() REPRESENTATION_CONTEXT('2D SPACE',''
  ) );
#1025 = PCURVE('',#1026,#1031);
#1026 = CYLINDRICAL_SURFACE('',#1027,3.);
#1027 = AXIS2_PLACEMENT_3D('',#1028,#1029,#1030);
#1028 = CARTESIAN_POINT('',(-17.5,0.,19.349364905389));
#1029 = DIRECTION('',(-0.5,0.,0.866025403784));
#1030 = DIRECTION('',(0.866025403784,0.,0.5));
#1031 = DEFINITIONAL_REPRESENTATION('',(#1032),#1035);
#1032 = B_SPLINE_CURVE_WITH_KNOTS('',1,(#1033,#1034),.UNSPECIFIED.,.F.,
  .F.,(2,2),(-6.000000023868E-07,29.187891738471),
  .PIECEWISE_BEZIER_KNOTS.);
#1033 = CARTESIAN_POINT('',(5.298074523842,-6.000000010745E-07));
#1034 = CARTESIAN_POINT('',(5.298074523842,29.187891738471));
#1035 = ( GEOMETRIC_REPRESENTATION_CONTEXT(2) 
PARAMETRIC_REPRESENTATION_CONTEXT() REPRESENTATION_CONTEXT('2D SPACE',''
  ) );
#1036 = ORIENTED_EDGE('',*,*,#1037,.T.);
#1037 = EDGE_CURVE('',#1012,#1038,#1040,.T.);
#1038 = VERTEX_POINT('',#1039);
#1039 = CARTESIAN_POINT('',(-18.93614066163,-2.5,18.5202087078));
#1040 = SURFACE_CURVE('',#1041,(#1045,#1051),.PCURVE_S1.);
#1041 = LINE('',#1042,#1043);
#1042 = CARTESIAN_POINT('',(-16.34910090899,-2.5,20.013836805389));
#1043 = VECTOR('',#1044,1.);
#1044 = DIRECTION('',(-0.866025403784,-0.,-0.5));
#1045 = PCURVE('',#574,#1046);
#1046 = DEFINITIONAL_REPRESENTATION('',(#1047),#1050);
#1047 = B_SPLINE_CURVE_WITH_KNOTS('',1,(#1048,#1049),.UNSPECIFIED.,.F.,
  .F.,(2,2),(-1.671056199999,4.328943800001),.PIECEWISE_BEZIER_KNOTS.);
#1048 = CARTESIAN_POINT('',(1.142231750792,-1.294178626393));
#1049 = CARTESIAN_POINT('',(-4.053920671915,-4.294178626393));
#1050 = ( GEOMETRIC_REPRESENTATION_CONTEXT(2) 
PARAMETRIC_REPRESENTATION_CONTEXT() REPRESENTATION_CONTEXT('2D SPACE',''
  ) );
#1051 = PCURVE('',#1052,#1057);
#1052 = PLANE('',#1053);
#1053 = AXIS2_PLACEMENT_3D('',#1054,#1055,#1056);
#1054 = CARTESIAN_POINT('',(-17.5,0.,19.349364905389));
#1055 = DIRECTION('',(-0.5,0.,0.866025403784));
#1056 = DIRECTION('',(0.866025403784,0.,0.5));
#1057 = DEFINITIONAL_REPRESENTATION('',(#1058),#1061);
#1058 = B_SPLINE_CURVE_WITH_KNOTS('',1,(#1059,#1060),.UNSPECIFIED.,.F.,
  .F.,(2,2),(-1.671056199999,4.328943800001),.PIECEWISE_BEZIER_KNOTS.);
#1059 = CARTESIAN_POINT('',(3.,-2.5));
#1060 = CARTESIAN_POINT('',(-3.,-2.5));
#1061 = ( GEOMETRIC_REPRESENTATION_CONTEXT(2) 
PARAMETRIC_REPRESENTATION_CONTEXT() REPRESENTATION_CONTEXT('2D SPACE',''
  ) );
#1062 = ORIENTED_EDGE('',*,*,#1063,.T.);
#1063 = EDGE_CURVE('',#1038,#1064,#1066,.T.);
#1064 = VERTEX_POINT('',#1065);
#1065 = CARTESIAN_POINT('',(-26.43614066163,-2.5,31.510589764567));
#1066 = SURFACE_CURVE('',#1067,(#1071,#1077),.PCURVE_S1.);
#1067 = LINE('',#1068,#1069);
#1068 = CARTESIAN_POINT('',(-18.93614066163,-2.5,18.5202087078));
#1069 = VECTOR('',#1070,1.);
#1070 = DIRECTION('',(-0.5,0.,0.866025403784));
#1071 = PCURVE('',#574,#1072);
#1072 = DEFINITIONAL_REPRESENTATION('',(#1073),#1076);
#1073 = B_SPLINE_CURVE_WITH_KNOTS('',1,(#1074,#1075),.UNSPECIFIED.,.F.,
  .F.,(2,2),(-5.9999999931E-07,23.443329091933),
  .PIECEWISE_BEZIER_KNOTS.);
#1074 = CARTESIAN_POINT('',(-2.891984822196,-3.623335343597));
#1075 = CARTESIAN_POINT('',(-14.61364966816,16.679183718911));
#1076 = ( GEOMETRIC_REPRESENTATION_CONTEXT(2) 
PARAMETRIC_REPRESENTATION_CONTEXT() REPRESENTATION_CONTEXT('2D SPACE',''
  ) );
#1077 = PCURVE('',#1026,#1078);
#1078 = DEFINITIONAL_REPRESENTATION('',(#1079),#1082);
#1079 = B_SPLINE_CURVE_WITH_KNOTS('',1,(#1080,#1081),.UNSPECIFIED.,.F.,
  .F.,(2,2),(-5.9999999931E-07,23.443329091933),
  .PIECEWISE_BEZIER_KNOTS.);
#1080 = CARTESIAN_POINT('',(4.126703436928,-6.000000006222E-07));
#1081 = CARTESIAN_POINT('',(4.126703436928,23.443329091933));
#1082 = ( GEOMETRIC_REPRESENTATION_CONTEXT(2) 
PARAMETRIC_REPRESENTATION_CONTEXT() REPRESENTATION_CONTEXT('2D SPACE',''
  ) );
#1083 = ORIENTED_EDGE('',*,*,#1084,.T.);
#1084 = EDGE_CURVE('',#1064,#856,#1085,.T.);
#1085 = SURFACE_CURVE('',#1086,(#1090,#1096),.PCURVE_S1.);
#1086 = LINE('',#1087,#1088);
#1087 = CARTESIAN_POINT('',(-26.88018982224,-2.5,31.254217862156));
#1088 = VECTOR('',#1089,1.);
#1089 = DIRECTION('',(-0.866025403784,-0.,-0.5));
#1090 = PCURVE('',#574,#1091);
#1091 = DEFINITIONAL_REPRESENTATION('',(#1092),#1095);
#1092 = B_SPLINE_CURVE_WITH_KNOTS('',1,(#1093,#1094),.UNSPECIFIED.,.F.,
  .F.,(2,2),(-9.171056199999,4.828943800001),.PIECEWISE_BEZIER_KNOTS.);
#1093 = CARTESIAN_POINT('',(-2.89366663407,13.696202430373));
#1094 = CARTESIAN_POINT('',(-15.01802228705,6.696202430373));
#1095 = ( GEOMETRIC_REPRESENTATION_CONTEXT(2) 
PARAMETRIC_REPRESENTATION_CONTEXT() REPRESENTATION_CONTEXT('2D SPACE',''
  ) );
#1096 = PCURVE('',#1000,#1097);
#1097 = DEFINITIONAL_REPRESENTATION('',(#1098),#1101);
#1098 = B_SPLINE_CURVE_WITH_KNOTS('',1,(#1099,#1100),.UNSPECIFIED.,.F.,
  .F.,(2,2),(-9.171056199999,4.828943800001),.PIECEWISE_BEZIER_KNOTS.);
#1099 = CARTESIAN_POINT('',(14.,3.));
#1100 = CARTESIAN_POINT('',(0.,3.));
#1101 = ( GEOMETRIC_REPRESENTATION_CONTEXT(2) 
PARAMETRIC_REPRESENTATION_CONTEXT() REPRESENTATION_CONTEXT('2D SPACE',''
  ) );
#1102 = ADVANCED_FACE('',(#1103),#624,.F.);
#1103 = FACE_BOUND('',#1104,.F.);
#1104 = EDGE_LOOP('',(#1105,#1130,#1151,#1152,#1153,#1176,#1199,#1220,
    #1241,#1262,#1283,#1304));
#1105 = ORIENTED_EDGE('',*,*,#1106,.T.);
#1106 = EDGE_CURVE('',#1107,#1109,#1111,.T.);
#1107 = VERTEX_POINT('',#1108);
#1108 = CARTESIAN_POINT('',(-27.61618655236,2.5,30.829289951898));
#1109 = VERTEX_POINT('',#1110);
#1110 = CARTESIAN_POINT('',(-15.,2.5,8.));
#1111 = SURFACE_CURVE('',#1112,(#1116,#1123),.PCURVE_S1.);
#1112 = LINE('',#1113,#1114);
#1113 = CARTESIAN_POINT('',(-36.,2.5,46.));
#1114 = VECTOR('',#1115,1.);
#1115 = DIRECTION('',(0.48368611169,0.,-0.875241535439));
#1116 = PCURVE('',#624,#1117);
#1117 = DEFINITIONAL_REPRESENTATION('',(#1118),#1122);
#1118 = LINE('',#1119,#1120);
#1119 = CARTESIAN_POINT('',(-19.95584446056,23.856456468218));
#1120 = VECTOR('',#1121,1.);
#1121 = DIRECTION('',(0.48368611169,-0.875241535439));
#1122 = ( GEOMETRIC_REPRESENTATION_CONTEXT(2) 
PARAMETRIC_REPRESENTATION_CONTEXT() REPRESENTATION_CONTEXT('2D SPACE',''
  ) );
#1123 = PCURVE('',#873,#1124);
#1124 = DEFINITIONAL_REPRESENTATION('',(#1125),#1129);
#1125 = LINE('',#1126,#1127);
#1126 = CARTESIAN_POINT('',(0.,-2.5));
#1127 = VECTOR('',#1128,1.);
#1128 = DIRECTION('',(1.,0.));
#1129 = ( GEOMETRIC_REPRESENTATION_CONTEXT(2) 
PARAMETRIC_REPRESENTATION_CONTEXT() REPRESENTATION_CONTEXT('2D SPACE',''
  ) );
#1130 = ORIENTED_EDGE('',*,*,#1131,.T.);
#1131 = EDGE_CURVE('',#1109,#586,#1132,.T.);
#1132 = SURFACE_CURVE('',#1133,(#1137,#1144),.PCURVE_S1.);
#1133 = LINE('',#1134,#1135);
#1134 = CARTESIAN_POINT('',(-15.,2.5,8.));
#1135 = VECTOR('',#1136,1.);
#1136 = DIRECTION('',(0.,0.,-1.));
#1137 = PCURVE('',#624,#1138);
#1138 = DEFINITIONAL_REPRESENTATION('',(#1139),#1143);
#1139 = LINE('',#1140,#1141);
#1140 = CARTESIAN_POINT('',(1.044155539439,-14.14354353178));
#1141 = VECTOR('',#1142,1.);
#1142 = DIRECTION('',(0.,-1.));
#1143 = ( GEOMETRIC_REPRESENTATION_CONTEXT(2) 
PARAMETRIC_REPRESENTATION_CONTEXT() REPRESENTATION_CONTEXT('2D SPACE',''
  ) );
#1144 = PCURVE('',#600,#1145);
#1145 = DEFINITIONAL_REPRESENTATION('',(#1146),#1150);
#1146 = LINE('',#1147,#1148);
#1147 = CARTESIAN_POINT('',(0.,-2.5));
#1148 = VECTOR('',#1149,1.);
#1149 = DIRECTION('',(1.,0.));
#1150 = ( GEOMETRIC_REPRESENTATION_CONTEXT(2) 
PARAMETRIC_REPRESENTATION_CONTEXT() REPRESENTATION_CONTEXT('2D SPACE',''
  ) );
#1151 = ORIENTED_EDGE('',*,*,#611,.T.);
#1152 = ORIENTED_EDGE('',*,*,#780,.T.);
#1153 = ORIENTED_EDGE('',*,*,#1154,.T.);
#1154 = EDGE_CURVE('',#781,#1155,#1157,.T.);
#1155 = VERTEX_POINT('',#1156);
#1156 = CARTESIAN_POINT('',(-24.,2.5,46.));
#1157 = SURFACE_CURVE('',#1158,(#1162,#1169),.PCURVE_S1.);
#1158 = LINE('',#1159,#1160);
#1159 = CARTESIAN_POINT('',(0.,2.5,10.));
#1160 = VECTOR('',#1161,1.);
#1161 = DIRECTION('',(-0.554700196225,0.,0.832050294338));
#1162 = PCURVE('',#624,#1163);
#1163 = DEFINITIONAL_REPRESENTATION('',(#1164),#1168);
#1164 = LINE('',#1165,#1166);
#1165 = CARTESIAN_POINT('',(16.044155539439,-12.14354353178));
#1166 = VECTOR('',#1167,1.);
#1167 = DIRECTION('',(-0.554700196225,0.832050294338));
#1168 = ( GEOMETRIC_REPRESENTATION_CONTEXT(2) 
PARAMETRIC_REPRESENTATION_CONTEXT() REPRESENTATION_CONTEXT('2D SPACE',''
  ) );
#1169 = PCURVE('',#819,#1170);
#1170 = DEFINITIONAL_REPRESENTATION('',(#1171),#1175);
#1171 = LINE('',#1172,#1173);
#1172 = CARTESIAN_POINT('',(0.,-2.5));
#1173 = VECTOR('',#1174,1.);
#1174 = DIRECTION('',(1.,0.));
#1175 = ( GEOMETRIC_REPRESENTATION_CONTEXT(2) 
PARAMETRIC_REPRESENTATION_CONTEXT() REPRESENTATION_CONTEXT('2D SPACE',''
  ) );
#1176 = ORIENTED_EDGE('',*,*,#1177,.T.);
#1177 = EDGE_CURVE('',#1155,#1178,#1180,.T.);
#1178 = VERTEX_POINT('',#1179);
#1179 = CARTESIAN_POINT('',(-24.80384757729,2.5,46.));
#1180 = SURFACE_CURVE('',#1181,(#1185,#1192),.PCURVE_S1.);
#1181 = LINE('',#1182,#1183);
#1182 = CARTESIAN_POINT('',(-24.,2.5,46.));
#1183 = VECTOR('',#1184,1.);
#1184 = DIRECTION('',(-1.,0.,0.));
#1185 = PCURVE('',#624,#1186);
#1186 = DEFINITIONAL_REPRESENTATION('',(#1187),#1191);
#1187 = LINE('',#1188,#1189);
#1188 = CARTESIAN_POINT('',(-7.955844460561,23.856456468218));
#1189 = VECTOR('',#1190,1.);
#1190 = DIRECTION('',(-1.,0.));
#1191 = ( GEOMETRIC_REPRESENTATION_CONTEXT(2) 
PARAMETRIC_REPRESENTATION_CONTEXT() REPRESENTATION_CONTEXT('2D SPACE',''
  ) );
#1192 = PCURVE('',#947,#1193);
#1193 = DEFINITIONAL_REPRESENTATION('',(#1194),#1198);
#1194 = LINE('',#1195,#1196);
#1195 = CARTESIAN_POINT('',(0.,-2.5));
#1196 = VECTOR('',#1197,1.);
#1197 = DIRECTION('',(1.,0.));
#1198 = ( GEOMETRIC_REPRESENTATION_CONTEXT(2) 
PARAMETRIC_REPRESENTATION_CONTEXT() REPRESENTATION_CONTEXT('2D SPACE',''
  ) );
#1199 = ORIENTED_EDGE('',*,*,#1200,.F.);
#1200 = EDGE_CURVE('',#1201,#1178,#1203,.T.);
#1201 = VERTEX_POINT('',#1202);
#1202 = CARTESIAN_POINT('',(-18.9378221735,2.5,35.839745962156));
#1203 = SURFACE_CURVE('',#1204,(#1208,#1214),.PCURVE_S1.);
#1204 = LINE('',#1205,#1206);
#1205 = CARTESIAN_POINT('',(-15.61079903423,2.5,30.077172846969));
#1206 = VECTOR('',#1207,1.);
#1207 = DIRECTION('',(-0.5,0.,0.866025403784));
#1208 = PCURVE('',#624,#1209);
#1209 = DEFINITIONAL_REPRESENTATION('',(#1210),#1213);
#1210 = B_SPLINE_CURVE_WITH_KNOTS('',1,(#1211,#1212),.UNSPECIFIED.,.F.,
  .F.,(2,2),(6.654046278556,18.386097086125),.PIECEWISE_BEZIER_KNOTS.);
#1211 = CARTESIAN_POINT('',(-2.89366663407,13.696202430373));
#1212 = CARTESIAN_POINT('',(-8.759692037855,23.856456468218));
#1213 = ( GEOMETRIC_REPRESENTATION_CONTEXT(2) 
PARAMETRIC_REPRESENTATION_CONTEXT() REPRESENTATION_CONTEXT('2D SPACE',''
  ) );
#1214 = PCURVE('',#974,#1215);
#1215 = DEFINITIONAL_REPRESENTATION('',(#1216),#1219);
#1216 = B_SPLINE_CURVE_WITH_KNOTS('',1,(#1217,#1218),.UNSPECIFIED.,.F.,
  .F.,(2,2),(6.654046278556,18.386097086125),.PIECEWISE_BEZIER_KNOTS.);
#1217 = CARTESIAN_POINT('',(0.,-8.));
#1218 = CARTESIAN_POINT('',(11.732050807569,-8.));
#1219 = ( GEOMETRIC_REPRESENTATION_CONTEXT(2) 
PARAMETRIC_REPRESENTATION_CONTEXT() REPRESENTATION_CONTEXT('2D SPACE',''
  ) );
#1220 = ORIENTED_EDGE('',*,*,#1221,.T.);
#1221 = EDGE_CURVE('',#1201,#1222,#1224,.T.);
#1222 = VERTEX_POINT('',#1223);
#1223 = CARTESIAN_POINT('',(-23.56385933836,2.5,33.168902159744));
#1224 = SURFACE_CURVE('',#1225,(#1229,#1235),.PCURVE_S1.);
#1225 = LINE('',#1226,#1227);
#1226 = CARTESIAN_POINT('',(-26.88018982224,2.5,31.254217862156));
#1227 = VECTOR('',#1228,1.);
#1228 = DIRECTION('',(-0.866025403784,-0.,-0.5));
#1229 = PCURVE('',#624,#1230);
#1230 = DEFINITIONAL_REPRESENTATION('',(#1231),#1234);
#1231 = B_SPLINE_CURVE_WITH_KNOTS('',1,(#1232,#1233),.UNSPECIFIED.,.F.,
  .F.,(2,2),(-9.171056199999,4.828943800001),.PIECEWISE_BEZIER_KNOTS.);
#1232 = CARTESIAN_POINT('',(-2.89366663407,13.696202430373));
#1233 = CARTESIAN_POINT('',(-15.01802228705,6.696202430373));
#1234 = ( GEOMETRIC_REPRESENTATION_CONTEXT(2) 
PARAMETRIC_REPRESENTATION_CONTEXT() REPRESENTATION_CONTEXT('2D SPACE',''
  ) );
#1235 = PCURVE('',#1000,#1236);
#1236 = DEFINITIONAL_REPRESENTATION('',(#1237),#1240);
#1237 = B_SPLINE_CURVE_WITH_KNOTS('',1,(#1238,#1239),.UNSPECIFIED.,.F.,
  .F.,(2,2),(-9.171056199999,4.828943800001),.PIECEWISE_BEZIER_KNOTS.);
#1238 = CARTESIAN_POINT('',(14.,8.));
#1239 = CARTESIAN_POINT('',(0.,8.));
#1240 = ( GEOMETRIC_REPRESENTATION_CONTEXT(2) 
PARAMETRIC_REPRESENTATION_CONTEXT() REPRESENTATION_CONTEXT('2D SPACE',''
  ) );
#1241 = ORIENTED_EDGE('',*,*,#1242,.F.);
#1242 = EDGE_CURVE('',#1243,#1222,#1245,.T.);
#1243 = VERTEX_POINT('',#1244);
#1244 = CARTESIAN_POINT('',(-16.06385933836,2.5,20.178521102978));
#1245 = SURFACE_CURVE('',#1246,(#1250,#1256),.PCURVE_S1.);
#1246 = LINE('',#1247,#1248);
#1247 = CARTESIAN_POINT('',(-16.06385933836,2.5,20.178521102978));
#1248 = VECTOR('',#1249,1.);
#1249 = DIRECTION('',(-0.5,0.,0.866025403784));
#1250 = PCURVE('',#624,#1251);
#1251 = DEFINITIONAL_REPRESENTATION('',(#1252),#1255);
#1252 = B_SPLINE_CURVE_WITH_KNOTS('',1,(#1253,#1254),.UNSPECIFIED.,.F.,
  .F.,(2,2),(-6.000000023868E-07,29.187891738471),
  .PIECEWISE_BEZIER_KNOTS.);
#1253 = CARTESIAN_POINT('',(-1.970349892681E-02,-1.96502294842));
#1254 = CARTESIAN_POINT('',(-14.61364966816,23.312433299621));
#1255 = ( GEOMETRIC_REPRESENTATION_CONTEXT(2) 
PARAMETRIC_REPRESENTATION_CONTEXT() REPRESENTATION_CONTEXT('2D SPACE',''
  ) );
#1256 = PCURVE('',#1026,#1257);
#1257 = DEFINITIONAL_REPRESENTATION('',(#1258),#1261);
#1258 = B_SPLINE_CURVE_WITH_KNOTS('',1,(#1259,#1260),.UNSPECIFIED.,.F.,
  .F.,(2,2),(-6.000000023868E-07,29.187891738471),
  .PIECEWISE_BEZIER_KNOTS.);
#1259 = CARTESIAN_POINT('',(0.985110783338,-6.000000010745E-07));
#1260 = CARTESIAN_POINT('',(0.985110783338,29.187891738471));
#1261 = ( GEOMETRIC_REPRESENTATION_CONTEXT(2) 
PARAMETRIC_REPRESENTATION_CONTEXT() REPRESENTATION_CONTEXT('2D SPACE',''
  ) );
#1262 = ORIENTED_EDGE('',*,*,#1263,.T.);
#1263 = EDGE_CURVE('',#1243,#1264,#1266,.T.);
#1264 = VERTEX_POINT('',#1265);
#1265 = CARTESIAN_POINT('',(-18.93614066163,2.5,18.5202087078));
#1266 = SURFACE_CURVE('',#1267,(#1271,#1277),.PCURVE_S1.);
#1267 = LINE('',#1268,#1269);
#1268 = CARTESIAN_POINT('',(-16.34910090899,2.5,20.013836805389));
#1269 = VECTOR('',#1270,1.);
#1270 = DIRECTION('',(-0.866025403784,-0.,-0.5));
#1271 = PCURVE('',#624,#1272);
#1272 = DEFINITIONAL_REPRESENTATION('',(#1273),#1276);
#1273 = B_SPLINE_CURVE_WITH_KNOTS('',1,(#1274,#1275),.UNSPECIFIED.,.F.,
  .F.,(2,2),(-1.671056199999,4.328943800001),.PIECEWISE_BEZIER_KNOTS.);
#1274 = CARTESIAN_POINT('',(1.142231750792,-1.294178626393));
#1275 = CARTESIAN_POINT('',(-4.053920671915,-4.294178626393));
#1276 = ( GEOMETRIC_REPRESENTATION_CONTEXT(2) 
PARAMETRIC_REPRESENTATION_CONTEXT() REPRESENTATION_CONTEXT('2D SPACE',''
  ) );
#1277 = PCURVE('',#1052,#1278);
#1278 = DEFINITIONAL_REPRESENTATION('',(#1279),#1282);
#1279 = B_SPLINE_CURVE_WITH_KNOTS('',1,(#1280,#1281),.UNSPECIFIED.,.F.,
  .F.,(2,2),(-1.671056199999,4.328943800001),.PIECEWISE_BEZIER_KNOTS.);
#1280 = CARTESIAN_POINT('',(3.,2.5));
#1281 = CARTESIAN_POINT('',(-3.,2.5));
#1282 = ( GEOMETRIC_REPRESENTATION_CONTEXT(2) 
PARAMETRIC_REPRESENTATION_CONTEXT() REPRESENTATION_CONTEXT('2D SPACE',''
  ) );
#1283 = ORIENTED_EDGE('',*,*,#1284,.T.);
#1284 = EDGE_CURVE('',#1264,#1285,#1287,.T.);
#1285 = VERTEX_POINT('',#1286);
#1286 = CARTESIAN_POINT('',(-26.43614066163,2.5,31.510589764567));
#1287 = SURFACE_CURVE('',#1288,(#1292,#1298),.PCURVE_S1.);
#1288 = LINE('',#1289,#1290);
#1289 = CARTESIAN_POINT('',(-18.93614066163,2.5,18.5202087078));
#1290 = VECTOR('',#1291,1.);
#1291 = DIRECTION('',(-0.5,0.,0.866025403784));
#1292 = PCURVE('',#624,#1293);
#1293 = DEFINITIONAL_REPRESENTATION('',(#1294),#1297);
#1294 = B_SPLINE_CURVE_WITH_KNOTS('',1,(#1295,#1296),.UNSPECIFIED.,.F.,
  .F.,(2,2),(-5.9999999931E-07,23.443329091933),
  .PIECEWISE_BEZIER_KNOTS.);
#1295 = CARTESIAN_POINT('',(-2.891984822196,-3.623335343597));
#1296 = CARTESIAN_POINT('',(-14.61364966816,16.679183718911));
#1297 = ( GEOMETRIC_REPRESENTATION_CONTEXT(2) 
PARAMETRIC_REPRESENTATION_CONTEXT() REPRESENTATION_CONTEXT('2D SPACE',''
  ) );
#1298 = PCURVE('',#1026,#1299);
#1299 = DEFINITIONAL_REPRESENTATION('',(#1300),#1303);
#1300 = B_SPLINE_CURVE_WITH_KNOTS('',1,(#1301,#1302),.UNSPECIFIED.,.F.,
  .F.,(2,2),(-5.9999999931E-07,23.443329091933),
  .PIECEWISE_BEZIER_KNOTS.);
#1301 = CARTESIAN_POINT('',(2.156481870252,-6.000000006222E-07));
#1302 = CARTESIAN_POINT('',(2.156481870252,23.443329091933));
#1303 = ( GEOMETRIC_REPRESENTATION_CONTEXT(2) 
PARAMETRIC_REPRESENTATION_CONTEXT() REPRESENTATION_CONTEXT('2D SPACE',''
  ) );
#1304 = ORIENTED_EDGE('',*,*,#1305,.T.);
#1305 = EDGE_CURVE('',#1285,#1107,#1306,.T.);
#1306 = SURFACE_CURVE('',#1307,(#1311,#1317),.PCURVE_S1.);
#1307 = LINE('',#1308,#1309);
#1308 = CARTESIAN_POINT('',(-26.88018982224,2.5,31.254217862156));
#1309 = VECTOR('',#1310,1.);
#1310 = DIRECTION('',(-0.866025403784,-0.,-0.5));
#1311 = PCURVE('',#624,#1312);
#1312 = DEFINITIONAL_REPRESENTATION('',(#1313),#1316);
#1313 = B_SPLINE_CURVE_WITH_KNOTS('',1,(#1314,#1315),.UNSPECIFIED.,.F.,
  .F.,(2,2),(-9.171056199999,4.828943800001),.PIECEWISE_BEZIER_KNOTS.);
#1314 = CARTESIAN_POINT('',(-2.89366663407,13.696202430373));
#1315 = CARTESIAN_POINT('',(-15.01802228705,6.696202430373));
#1316 = ( GEOMETRIC_REPRESENTATION_CONTEXT(2) 
PARAMETRIC_REPRESENTATION_CONTEXT() REPRESENTATION_CONTEXT('2D SPACE',''
  ) );
#1317 = PCURVE('',#1000,#1318);
#1318 = DEFINITIONAL_REPRESENTATION('',(#1319),#1322);
#1319 = B_SPLINE_CURVE_WITH_KNOTS('',1,(#1320,#1321),.UNSPECIFIED.,.F.,
  .F.,(2,2),(-9.171056199999,4.828943800001),.PIECEWISE_BEZIER_KNOTS.);
#1320 = CARTESIAN_POINT('',(14.,8.));
#1321 = CARTESIAN_POINT('',(0.,8.));
#1322 = ( GEOMETRIC_REPRESENTATION_CONTEXT(2) 
PARAMETRIC_REPRESENTATION_CONTEXT() REPRESENTATION_CONTEXT('2D SPACE',''
  ) );
#1323 = ADVANCED_FACE('',(#1324),#600,.T.);
#1324 = FACE_BOUND('',#1325,.T.);
#1325 = EDGE_LOOP('',(#1326,#1347,#1348,#1349));
#1326 = ORIENTED_EDGE('',*,*,#1327,.T.);
#1327 = EDGE_CURVE('',#858,#1109,#1328,.T.);
#1328 = SURFACE_CURVE('',#1329,(#1333,#1340),.PCURVE_S1.);
#1329 = LINE('',#1330,#1331);
#1330 = CARTESIAN_POINT('',(-15.,-2.5,8.));
#1331 = VECTOR('',#1332,1.);
#1332 = DIRECTION('',(0.,1.,0.));
#1333 = PCURVE('',#600,#1334);
#1334 = DEFINITIONAL_REPRESENTATION('',(#1335),#1339);
#1335 = LINE('',#1336,#1337);
#1336 = CARTESIAN_POINT('',(0.,2.5));
#1337 = VECTOR('',#1338,1.);
#1338 = DIRECTION('',(0.,-1.));
#1339 = ( GEOMETRIC_REPRESENTATION_CONTEXT(2) 
PARAMETRIC_REPRESENTATION_CONTEXT() REPRESENTATION_CONTEXT('2D SPACE',''
  ) );
#1340 = PCURVE('',#873,#1341);
#1341 = DEFINITIONAL_REPRESENTATION('',(#1342),#1346);
#1342 = LINE('',#1343,#1344);
#1343 = CARTESIAN_POINT('',(43.416586692185,2.5));
#1344 = VECTOR('',#1345,1.);
#1345 = DIRECTION('',(0.,-1.));
#1346 = ( GEOMETRIC_REPRESENTATION_CONTEXT(2) 
PARAMETRIC_REPRESENTATION_CONTEXT() REPRESENTATION_CONTEXT('2D SPACE',''
  ) );
#1347 = ORIENTED_EDGE('',*,*,#1131,.T.);
#1348 = ORIENTED_EDGE('',*,*,#585,.T.);
#1349 = ORIENTED_EDGE('',*,*,#885,.F.);
#1350 = ADVANCED_FACE('',(#1351),#819,.T.);
#1351 = FACE_BOUND('',#1352,.T.);
#1352 = EDGE_LOOP('',(#1353,#1354,#1355,#1376));
#1353 = ORIENTED_EDGE('',*,*,#803,.F.);
#1354 = ORIENTED_EDGE('',*,*,#1154,.T.);
#1355 = ORIENTED_EDGE('',*,*,#1356,.T.);
#1356 = EDGE_CURVE('',#1155,#909,#1357,.T.);
#1357 = SURFACE_CURVE('',#1358,(#1362,#1369),.PCURVE_S1.);
#1358 = LINE('',#1359,#1360);
#1359 = CARTESIAN_POINT('',(-24.,2.5,46.));
#1360 = VECTOR('',#1361,1.);
#1361 = DIRECTION('',(0.,-1.,0.));
#1362 = PCURVE('',#819,#1363);
#1363 = DEFINITIONAL_REPRESENTATION('',(#1364),#1368);
#1364 = LINE('',#1365,#1366);
#1365 = CARTESIAN_POINT('',(43.266615305568,-2.5));
#1366 = VECTOR('',#1367,1.);
#1367 = DIRECTION('',(0.,1.));
#1368 = ( GEOMETRIC_REPRESENTATION_CONTEXT(2) 
PARAMETRIC_REPRESENTATION_CONTEXT() REPRESENTATION_CONTEXT('2D SPACE',''
  ) );
#1369 = PCURVE('',#947,#1370);
#1370 = DEFINITIONAL_REPRESENTATION('',(#1371),#1375);
#1371 = LINE('',#1372,#1373);
#1372 = CARTESIAN_POINT('',(0.,-2.5));
#1373 = VECTOR('',#1374,1.);
#1374 = DIRECTION('',(0.,1.));
#1375 = ( GEOMETRIC_REPRESENTATION_CONTEXT(2) 
PARAMETRIC_REPRESENTATION_CONTEXT() REPRESENTATION_CONTEXT('2D SPACE',''
  ) );
#1376 = ORIENTED_EDGE('',*,*,#908,.F.);
#1377 = ADVANCED_FACE('',(#1378),#873,.T.);
#1378 = FACE_BOUND('',#1379,.T.);
#1379 = EDGE_LOOP('',(#1380,#1399,#1400,#1401));
#1380 = ORIENTED_EDGE('',*,*,#1381,.T.);
#1381 = EDGE_CURVE('',#856,#1107,#1382,.T.);
#1382 = SURFACE_CURVE('',#1383,(#1387,#1393),.PCURVE_S1.);
#1383 = LINE('',#1384,#1385);
#1384 = CARTESIAN_POINT('',(-27.61618655236,-2.75,30.829289951898));
#1385 = VECTOR('',#1386,1.);
#1386 = DIRECTION('',(0.,1.,-0.));
#1387 = PCURVE('',#873,#1388);
#1388 = DEFINITIONAL_REPRESENTATION('',(#1389),#1392);
#1389 = B_SPLINE_CURVE_WITH_KNOTS('',1,(#1390,#1391),.UNSPECIFIED.,.F.,
  .F.,(2,2),(0.25,5.25),.PIECEWISE_BEZIER_KNOTS.);
#1390 = CARTESIAN_POINT('',(17.333169683827,2.5));
#1391 = CARTESIAN_POINT('',(17.333169683827,-2.5));
#1392 = ( GEOMETRIC_REPRESENTATION_CONTEXT(2) 
PARAMETRIC_REPRESENTATION_CONTEXT() REPRESENTATION_CONTEXT('2D SPACE',''
  ) );
#1393 = PCURVE('',#1000,#1394);
#1394 = DEFINITIONAL_REPRESENTATION('',(#1395),#1398);
#1395 = B_SPLINE_CURVE_WITH_KNOTS('',1,(#1396,#1397),.UNSPECIFIED.,.F.,
  .F.,(2,2),(0.25,5.25),.PIECEWISE_BEZIER_KNOTS.);
#1396 = CARTESIAN_POINT('',(3.979087979484,3.));
#1397 = CARTESIAN_POINT('',(3.979087979484,8.));
#1398 = ( GEOMETRIC_REPRESENTATION_CONTEXT(2) 
PARAMETRIC_REPRESENTATION_CONTEXT() REPRESENTATION_CONTEXT('2D SPACE',''
  ) );
#1399 = ORIENTED_EDGE('',*,*,#1106,.T.);
#1400 = ORIENTED_EDGE('',*,*,#1327,.F.);
#1401 = ORIENTED_EDGE('',*,*,#855,.F.);
#1402 = ADVANCED_FACE('',(#1403),#1000,.F.);
#1403 = FACE_BOUND('',#1404,.F.);
#1404 = EDGE_LOOP('',(#1405,#1428,#1456,#1484,#1512,#1533,#1534,#1556,
    #1557,#1558,#1559,#1581));
#1405 = ORIENTED_EDGE('',*,*,#1406,.T.);
#1406 = EDGE_CURVE('',#1201,#1407,#1409,.T.);
#1407 = VERTEX_POINT('',#1408);
#1408 = CARTESIAN_POINT('',(-18.9378221735,5.5,35.839745962156));
#1409 = SURFACE_CURVE('',#1410,(#1414,#1421),.PCURVE_S1.);
#1410 = LINE('',#1411,#1412);
#1411 = CARTESIAN_POINT('',(-18.9378221735,-5.5,35.839745962156));
#1412 = VECTOR('',#1413,1.);
#1413 = DIRECTION('',(-0.,1.,0.));
#1414 = PCURVE('',#1000,#1415);
#1415 = DEFINITIONAL_REPRESENTATION('',(#1416),#1420);
#1416 = LINE('',#1417,#1418);
#1417 = CARTESIAN_POINT('',(14.,0.));
#1418 = VECTOR('',#1419,1.);
#1419 = DIRECTION('',(0.,1.));
#1420 = ( GEOMETRIC_REPRESENTATION_CONTEXT(2) 
PARAMETRIC_REPRESENTATION_CONTEXT() REPRESENTATION_CONTEXT('2D SPACE',''
  ) );
#1421 = PCURVE('',#974,#1422);
#1422 = DEFINITIONAL_REPRESENTATION('',(#1423),#1427);
#1423 = LINE('',#1424,#1425);
#1424 = CARTESIAN_POINT('',(0.,0.));
#1425 = VECTOR('',#1426,1.);
#1426 = DIRECTION('',(0.,-1.));
#1427 = ( GEOMETRIC_REPRESENTATION_CONTEXT(2) 
PARAMETRIC_REPRESENTATION_CONTEXT() REPRESENTATION_CONTEXT('2D SPACE',''
  ) );
#1428 = ORIENTED_EDGE('',*,*,#1429,.F.);
#1429 = EDGE_CURVE('',#1430,#1407,#1432,.T.);
#1430 = VERTEX_POINT('',#1431);
#1431 = CARTESIAN_POINT('',(-31.06217782649,5.5,28.839745962156));
#1432 = SURFACE_CURVE('',#1433,(#1437,#1444),.PCURVE_S1.);
#1433 = LINE('',#1434,#1435);
#1434 = CARTESIAN_POINT('',(-31.06217782649,5.5,28.839745962156));
#1435 = VECTOR('',#1436,1.);
#1436 = DIRECTION('',(0.866025403784,0.,0.5));
#1437 = PCURVE('',#1000,#1438);
#1438 = DEFINITIONAL_REPRESENTATION('',(#1439),#1443);
#1439 = LINE('',#1440,#1441);
#1440 = CARTESIAN_POINT('',(0.,11.));
#1441 = VECTOR('',#1442,1.);
#1442 = DIRECTION('',(1.,0.));
#1443 = ( GEOMETRIC_REPRESENTATION_CONTEXT(2) 
PARAMETRIC_REPRESENTATION_CONTEXT() REPRESENTATION_CONTEXT('2D SPACE',''
  ) );
#1444 = PCURVE('',#1445,#1450);
#1445 = PLANE('',#1446);
#1446 = AXIS2_PLACEMENT_3D('',#1447,#1448,#1449);
#1447 = CARTESIAN_POINT('',(-31.06217782649,5.5,28.839745962156));
#1448 = DIRECTION('',(-0.,1.,0.));
#1449 = DIRECTION('',(-0.5,0.,0.866025403784));
#1450 = DEFINITIONAL_REPRESENTATION('',(#1451),#1455);
#1451 = LINE('',#1452,#1453);
#1452 = CARTESIAN_POINT('',(0.,0.));
#1453 = VECTOR('',#1454,1.);
#1454 = DIRECTION('',(0.,1.));
#1455 = ( GEOMETRIC_REPRESENTATION_CONTEXT(2) 
PARAMETRIC_REPRESENTATION_CONTEXT() REPRESENTATION_CONTEXT('2D SPACE',''
  ) );
#1456 = ORIENTED_EDGE('',*,*,#1457,.F.);
#1457 = EDGE_CURVE('',#1458,#1430,#1460,.T.);
#1458 = VERTEX_POINT('',#1459);
#1459 = CARTESIAN_POINT('',(-31.06217782649,-5.5,28.839745962156));
#1460 = SURFACE_CURVE('',#1461,(#1465,#1472),.PCURVE_S1.);
#1461 = LINE('',#1462,#1463);
#1462 = CARTESIAN_POINT('',(-31.06217782649,-5.5,28.839745962156));
#1463 = VECTOR('',#1464,1.);
#1464 = DIRECTION('',(-0.,1.,0.));
#1465 = PCURVE('',#1000,#1466);
#1466 = DEFINITIONAL_REPRESENTATION('',(#1467),#1471);
#1467 = LINE('',#1468,#1469);
#1468 = CARTESIAN_POINT('',(0.,0.));
#1469 = VECTOR('',#1470,1.);
#1470 = DIRECTION('',(0.,1.));
#1471 = ( GEOMETRIC_REPRESENTATION_CONTEXT(2) 
PARAMETRIC_REPRESENTATION_CONTEXT() REPRESENTATION_CONTEXT('2D SPACE',''
  ) );
#1472 = PCURVE('',#1473,#1478);
#1473 = PLANE('',#1474);
#1474 = AXIS2_PLACEMENT_3D('',#1475,#1476,#1477);
#1475 = CARTESIAN_POINT('',(-31.06217782649,-5.5,28.839745962156));
#1476 = DIRECTION('',(0.866025403784,0.,0.5));
#1477 = DIRECTION('',(-0.5,0.,0.866025403784));
#1478 = DEFINITIONAL_REPRESENTATION('',(#1479),#1483);
#1479 = LINE('',#1480,#1481);
#1480 = CARTESIAN_POINT('',(0.,0.));
#1481 = VECTOR('',#1482,1.);
#1482 = DIRECTION('',(0.,-1.));
#1483 = ( GEOMETRIC_REPRESENTATION_CONTEXT(2) 
PARAMETRIC_REPRESENTATION_CONTEXT() REPRESENTATION_CONTEXT('2D SPACE',''
  ) );
#1484 = ORIENTED_EDGE('',*,*,#1485,.T.);
#1485 = EDGE_CURVE('',#1458,#1486,#1488,.T.);
#1486 = VERTEX_POINT('',#1487);
#1487 = CARTESIAN_POINT('',(-18.9378221735,-5.5,35.839745962156));
#1488 = SURFACE_CURVE('',#1489,(#1493,#1500),.PCURVE_S1.);
#1489 = LINE('',#1490,#1491);
#1490 = CARTESIAN_POINT('',(-31.06217782649,-5.5,28.839745962156));
#1491 = VECTOR('',#1492,1.);
#1492 = DIRECTION('',(0.866025403784,0.,0.5));
#1493 = PCURVE('',#1000,#1494);
#1494 = DEFINITIONAL_REPRESENTATION('',(#1495),#1499);
#1495 = LINE('',#1496,#1497);
#1496 = CARTESIAN_POINT('',(0.,0.));
#1497 = VECTOR('',#1498,1.);
#1498 = DIRECTION('',(1.,0.));
#1499 = ( GEOMETRIC_REPRESENTATION_CONTEXT(2) 
PARAMETRIC_REPRESENTATION_CONTEXT() REPRESENTATION_CONTEXT('2D SPACE',''
  ) );
#1500 = PCURVE('',#1501,#1506);
#1501 = PLANE('',#1502);
#1502 = AXIS2_PLACEMENT_3D('',#1503,#1504,#1505);
#1503 = CARTESIAN_POINT('',(-31.06217782649,-5.5,28.839745962156));
#1504 = DIRECTION('',(-0.,1.,0.));
#1505 = DIRECTION('',(-0.5,0.,0.866025403784));
#1506 = DEFINITIONAL_REPRESENTATION('',(#1507),#1511);
#1507 = LINE('',#1508,#1509);
#1508 = CARTESIAN_POINT('',(0.,0.));
#1509 = VECTOR('',#1510,1.);
#1510 = DIRECTION('',(0.,1.));
#1511 = ( GEOMETRIC_REPRESENTATION_CONTEXT(2) 
PARAMETRIC_REPRESENTATION_CONTEXT() REPRESENTATION_CONTEXT('2D SPACE',''
  ) );
#1512 = ORIENTED_EDGE('',*,*,#1513,.T.);
#1513 = EDGE_CURVE('',#1486,#960,#1514,.T.);
#1514 = SURFACE_CURVE('',#1515,(#1519,#1526),.PCURVE_S1.);
#1515 = LINE('',#1516,#1517);
#1516 = CARTESIAN_POINT('',(-18.9378221735,-5.5,35.839745962156));
#1517 = VECTOR('',#1518,1.);
#1518 = DIRECTION('',(-0.,1.,0.));
#1519 = PCURVE('',#1000,#1520);
#1520 = DEFINITIONAL_REPRESENTATION('',(#1521),#1525);
#1521 = LINE('',#1522,#1523);
#1522 = CARTESIAN_POINT('',(14.,0.));
#1523 = VECTOR('',#1524,1.);
#1524 = DIRECTION('',(0.,1.));
#1525 = ( GEOMETRIC_REPRESENTATION_CONTEXT(2) 
PARAMETRIC_REPRESENTATION_CONTEXT() REPRESENTATION_CONTEXT('2D SPACE',''
  ) );
#1526 = PCURVE('',#974,#1527);
#1527 = DEFINITIONAL_REPRESENTATION('',(#1528),#1532);
#1528 = LINE('',#1529,#1530);
#1529 = CARTESIAN_POINT('',(0.,0.));
#1530 = VECTOR('',#1531,1.);
#1531 = DIRECTION('',(0.,-1.));
#1532 = ( GEOMETRIC_REPRESENTATION_CONTEXT(2) 
PARAMETRIC_REPRESENTATION_CONTEXT() REPRESENTATION_CONTEXT('2D SPACE',''
  ) );
#1533 = ORIENTED_EDGE('',*,*,#985,.T.);
#1534 = ORIENTED_EDGE('',*,*,#1535,.F.);
#1535 = EDGE_CURVE('',#1064,#986,#1536,.T.);
#1536 = SURFACE_CURVE('',#1537,(#1542,#1549),.PCURVE_S1.);
#1537 = CIRCLE('',#1538,3.);
#1538 = AXIS2_PLACEMENT_3D('',#1539,#1540,#1541);
#1539 = CARTESIAN_POINT('',(-25.,0.,32.339745962156));
#1540 = DIRECTION('',(-0.5,0.,0.866025403784));
#1541 = DIRECTION('',(0.866025403784,0.,0.5));
#1542 = PCURVE('',#1000,#1543);
#1543 = DEFINITIONAL_REPRESENTATION('',(#1544),#1548);
#1544 = CIRCLE('',#1545,3.);
#1545 = AXIS2_PLACEMENT_2D('',#1546,#1547);
#1546 = CARTESIAN_POINT('',(7.,5.5));
#1547 = DIRECTION('',(1.,0.));
#1548 = ( GEOMETRIC_REPRESENTATION_CONTEXT(2) 
PARAMETRIC_REPRESENTATION_CONTEXT() REPRESENTATION_CONTEXT('2D SPACE',''
  ) );
#1549 = PCURVE('',#1026,#1550);
#1550 = DEFINITIONAL_REPRESENTATION('',(#1551),#1555);
#1551 = LINE('',#1552,#1553);
#1552 = CARTESIAN_POINT('',(7.437084071669E-18,15.));
#1553 = VECTOR('',#1554,1.);
#1554 = DIRECTION('',(1.,0.));
#1555 = ( GEOMETRIC_REPRESENTATION_CONTEXT(2) 
PARAMETRIC_REPRESENTATION_CONTEXT() REPRESENTATION_CONTEXT('2D SPACE',''
  ) );
#1556 = ORIENTED_EDGE('',*,*,#1084,.T.);
#1557 = ORIENTED_EDGE('',*,*,#1381,.T.);
#1558 = ORIENTED_EDGE('',*,*,#1305,.F.);
#1559 = ORIENTED_EDGE('',*,*,#1560,.F.);
#1560 = EDGE_CURVE('',#1222,#1285,#1561,.T.);
#1561 = SURFACE_CURVE('',#1562,(#1567,#1574),.PCURVE_S1.);
#1562 = CIRCLE('',#1563,3.);
#1563 = AXIS2_PLACEMENT_3D('',#1564,#1565,#1566);
#1564 = CARTESIAN_POINT('',(-25.,0.,32.339745962156));
#1565 = DIRECTION('',(-0.5,0.,0.866025403784));
#1566 = DIRECTION('',(0.866025403784,0.,0.5));
#1567 = PCURVE('',#1000,#1568);
#1568 = DEFINITIONAL_REPRESENTATION('',(#1569),#1573);
#1569 = CIRCLE('',#1570,3.);
#1570 = AXIS2_PLACEMENT_2D('',#1571,#1572);
#1571 = CARTESIAN_POINT('',(7.,5.5));
#1572 = DIRECTION('',(1.,0.));
#1573 = ( GEOMETRIC_REPRESENTATION_CONTEXT(2) 
PARAMETRIC_REPRESENTATION_CONTEXT() REPRESENTATION_CONTEXT('2D SPACE',''
  ) );
#1574 = PCURVE('',#1026,#1575);
#1575 = DEFINITIONAL_REPRESENTATION('',(#1576),#1580);
#1576 = LINE('',#1577,#1578);
#1577 = CARTESIAN_POINT('',(7.437084071669E-18,15.));
#1578 = VECTOR('',#1579,1.);
#1579 = DIRECTION('',(1.,0.));
#1580 = ( GEOMETRIC_REPRESENTATION_CONTEXT(2) 
PARAMETRIC_REPRESENTATION_CONTEXT() REPRESENTATION_CONTEXT('2D SPACE',''
  ) );
#1581 = ORIENTED_EDGE('',*,*,#1221,.F.);
#1582 = ADVANCED_FACE('',(#1583,#1710,#2037),#1026,.F.);
#1583 = FACE_BOUND('',#1584,.F.);
#1584 = EDGE_LOOP('',(#1585,#1610,#1637,#1638,#1660,#1661,#1662,#1663,
    #1685,#1686,#1687,#1688));
#1585 = ORIENTED_EDGE('',*,*,#1586,.T.);
#1586 = EDGE_CURVE('',#1587,#1589,#1591,.T.);
#1587 = VERTEX_POINT('',#1588);
#1588 = CARTESIAN_POINT('',(-14.90192378864,-7.347880794884E-16,
    20.849364905389));
#1589 = VERTEX_POINT('',#1590);
#1590 = CARTESIAN_POINT('',(-32.40192378864,-7.347880794884E-16,
    51.160254037844));
#1591 = SEAM_CURVE('',#1592,(#1596,#1603),.PCURVE_S1.);
#1592 = LINE('',#1593,#1594);
#1593 = CARTESIAN_POINT('',(-14.90192378864,-7.347880794884E-16,
    20.849364905389));
#1594 = VECTOR('',#1595,1.);
#1595 = DIRECTION('',(-0.5,0.,0.866025403784));
#1596 = PCURVE('',#1026,#1597);
#1597 = DEFINITIONAL_REPRESENTATION('',(#1598),#1602);
#1598 = LINE('',#1599,#1600);
#1599 = CARTESIAN_POINT('',(6.28318530718,-0.));
#1600 = VECTOR('',#1601,1.);
#1601 = DIRECTION('',(0.,1.));
#1602 = ( GEOMETRIC_REPRESENTATION_CONTEXT(2) 
PARAMETRIC_REPRESENTATION_CONTEXT() REPRESENTATION_CONTEXT('2D SPACE',''
  ) );
#1603 = PCURVE('',#1026,#1604);
#1604 = DEFINITIONAL_REPRESENTATION('',(#1605),#1609);
#1605 = LINE('',#1606,#1607);
#1606 = CARTESIAN_POINT('',(0.,-0.));
#1607 = VECTOR('',#1608,1.);
#1608 = DIRECTION('',(0.,1.));
#1609 = ( GEOMETRIC_REPRESENTATION_CONTEXT(2) 
PARAMETRIC_REPRESENTATION_CONTEXT() REPRESENTATION_CONTEXT('2D SPACE',''
  ) );
#1610 = ORIENTED_EDGE('',*,*,#1611,.F.);
#1611 = EDGE_CURVE('',#1589,#1589,#1612,.T.);
#1612 = SURFACE_CURVE('',#1613,(#1618,#1625),.PCURVE_S1.);
#1613 = CIRCLE('',#1614,3.);
#1614 = AXIS2_PLACEMENT_3D('',#1615,#1616,#1617);
#1615 = CARTESIAN_POINT('',(-35.,0.,49.660254037844));
#1616 = DIRECTION('',(-0.5,0.,0.866025403784));
#1617 = DIRECTION('',(0.866025403784,0.,0.5));
#1618 = PCURVE('',#1026,#1619);
#1619 = DEFINITIONAL_REPRESENTATION('',(#1620),#1624);
#1620 = LINE('',#1621,#1622);
#1621 = CARTESIAN_POINT('',(7.437084071669E-18,35.));
#1622 = VECTOR('',#1623,1.);
#1623 = DIRECTION('',(1.,0.));
#1624 = ( GEOMETRIC_REPRESENTATION_CONTEXT(2) 
PARAMETRIC_REPRESENTATION_CONTEXT() REPRESENTATION_CONTEXT('2D SPACE',''
  ) );
#1625 = PCURVE('',#1626,#1631);
#1626 = PLANE('',#1627);
#1627 = AXIS2_PLACEMENT_3D('',#1628,#1629,#1630);
#1628 = CARTESIAN_POINT('',(-41.06217782649,-5.5,46.160254037844));
#1629 = DIRECTION('',(-0.5,0.,0.866025403784));
#1630 = DIRECTION('',(0.866025403784,0.,0.5));
#1631 = DEFINITIONAL_REPRESENTATION('',(#1632),#1636);
#1632 = CIRCLE('',#1633,3.);
#1633 = AXIS2_PLACEMENT_2D('',#1634,#1635);
#1634 = CARTESIAN_POINT('',(7.,5.5));
#1635 = DIRECTION('',(1.,0.));
#1636 = ( GEOMETRIC_REPRESENTATION_CONTEXT(2) 
PARAMETRIC_REPRESENTATION_CONTEXT() REPRESENTATION_CONTEXT('2D SPACE',''
  ) );
#1637 = ORIENTED_EDGE('',*,*,#1586,.F.);
#1638 = ORIENTED_EDGE('',*,*,#1639,.T.);
#1639 = EDGE_CURVE('',#1587,#1243,#1640,.T.);
#1640 = SURFACE_CURVE('',#1641,(#1646,#1653),.PCURVE_S1.);
#1641 = CIRCLE('',#1642,3.);
#1642 = AXIS2_PLACEMENT_3D('',#1643,#1644,#1645);
#1643 = CARTESIAN_POINT('',(-17.5,0.,19.349364905389));
#1644 = DIRECTION('',(-0.5,-0.,0.866025403784));
#1645 = DIRECTION('',(0.866025403784,0.,0.5));
#1646 = PCURVE('',#1026,#1647);
#1647 = DEFINITIONAL_REPRESENTATION('',(#1648),#1652);
#1648 = LINE('',#1649,#1650);
#1649 = CARTESIAN_POINT('',(0.,0.));
#1650 = VECTOR('',#1651,1.);
#1651 = DIRECTION('',(1.,0.));
#1652 = ( GEOMETRIC_REPRESENTATION_CONTEXT(2) 
PARAMETRIC_REPRESENTATION_CONTEXT() REPRESENTATION_CONTEXT('2D SPACE',''
  ) );
#1653 = PCURVE('',#1052,#1654);
#1654 = DEFINITIONAL_REPRESENTATION('',(#1655),#1659);
#1655 = CIRCLE('',#1656,3.);
#1656 = AXIS2_PLACEMENT_2D('',#1657,#1658);
#1657 = CARTESIAN_POINT('',(0.,0.));
#1658 = DIRECTION('',(1.,0.));
#1659 = ( GEOMETRIC_REPRESENTATION_CONTEXT(2) 
PARAMETRIC_REPRESENTATION_CONTEXT() REPRESENTATION_CONTEXT('2D SPACE',''
  ) );
#1660 = ORIENTED_EDGE('',*,*,#1242,.T.);
#1661 = ORIENTED_EDGE('',*,*,#1560,.T.);
#1662 = ORIENTED_EDGE('',*,*,#1284,.F.);
#1663 = ORIENTED_EDGE('',*,*,#1664,.T.);
#1664 = EDGE_CURVE('',#1264,#1038,#1665,.T.);
#1665 = SURFACE_CURVE('',#1666,(#1671,#1678),.PCURVE_S1.);
#1666 = CIRCLE('',#1667,3.);
#1667 = AXIS2_PLACEMENT_3D('',#1668,#1669,#1670);
#1668 = CARTESIAN_POINT('',(-17.5,0.,19.349364905389));
#1669 = DIRECTION('',(-0.5,-0.,0.866025403784));
#1670 = DIRECTION('',(0.866025403784,0.,0.5));
#1671 = PCURVE('',#1026,#1672);
#1672 = DEFINITIONAL_REPRESENTATION('',(#1673),#1677);
#1673 = LINE('',#1674,#1675);
#1674 = CARTESIAN_POINT('',(0.,0.));
#1675 = VECTOR('',#1676,1.);
#1676 = DIRECTION('',(1.,0.));
#1677 = ( GEOMETRIC_REPRESENTATION_CONTEXT(2) 
PARAMETRIC_REPRESENTATION_CONTEXT() REPRESENTATION_CONTEXT('2D SPACE',''
  ) );
#1678 = PCURVE('',#1052,#1679);
#1679 = DEFINITIONAL_REPRESENTATION('',(#1680),#1684);
#1680 = CIRCLE('',#1681,3.);
#1681 = AXIS2_PLACEMENT_2D('',#1682,#1683);
#1682 = CARTESIAN_POINT('',(0.,0.));
#1683 = DIRECTION('',(1.,0.));
#1684 = ( GEOMETRIC_REPRESENTATION_CONTEXT(2) 
PARAMETRIC_REPRESENTATION_CONTEXT() REPRESENTATION_CONTEXT('2D SPACE',''
  ) );
#1685 = ORIENTED_EDGE('',*,*,#1063,.T.);
#1686 = ORIENTED_EDGE('',*,*,#1535,.T.);
#1687 = ORIENTED_EDGE('',*,*,#1011,.F.);
#1688 = ORIENTED_EDGE('',*,*,#1689,.T.);
#1689 = EDGE_CURVE('',#1012,#1587,#1690,.T.);
#1690 = SURFACE_CURVE('',#1691,(#1696,#1703),.PCURVE_S1.);
#1691 = CIRCLE('',#1692,3.);
#1692 = AXIS2_PLACEMENT_3D('',#1693,#1694,#1695);
#1693 = CARTESIAN_POINT('',(-17.5,0.,19.349364905389));
#1694 = DIRECTION('',(-0.5,-0.,0.866025403784));
#1695 = DIRECTION('',(0.866025403784,0.,0.5));
#1696 = PCURVE('',#1026,#1697);
#1697 = DEFINITIONAL_REPRESENTATION('',(#1698),#1702);
#1698 = LINE('',#1699,#1700);
#1699 = CARTESIAN_POINT('',(0.,0.));
#1700 = VECTOR('',#1701,1.);
#1701 = DIRECTION('',(1.,0.));
#1702 = ( GEOMETRIC_REPRESENTATION_CONTEXT(2) 
PARAMETRIC_REPRESENTATION_CONTEXT() REPRESENTATION_CONTEXT('2D SPACE',''
  ) );
#1703 = PCURVE('',#1052,#1704);
#1704 = DEFINITIONAL_REPRESENTATION('',(#1705),#1709);
#1705 = CIRCLE('',#1706,3.);
#1706 = AXIS2_PLACEMENT_2D('',#1707,#1708);
#1707 = CARTESIAN_POINT('',(0.,0.));
#1708 = DIRECTION('',(1.,0.));
#1709 = ( GEOMETRIC_REPRESENTATION_CONTEXT(2) 
PARAMETRIC_REPRESENTATION_CONTEXT() REPRESENTATION_CONTEXT('2D SPACE',''
  ) );
#1710 = FACE_BOUND('',#1711,.F.);
#1711 = EDGE_LOOP('',(#1712));
#1712 = ORIENTED_EDGE('',*,*,#1713,.T.);
#1713 = EDGE_CURVE('',#1714,#1714,#1716,.T.);
#1714 = VERTEX_POINT('',#1715);
#1715 = CARTESIAN_POINT('',(-28.48445554337,2.436698586202,41.875));
#1716 = SURFACE_CURVE('',#1717,(#1820,#1926),.PCURVE_S1.);
#1717 = B_SPLINE_CURVE_WITH_KNOTS('',6,(#1718,#1719,#1720,#1721,#1722,
    #1723,#1724,#1725,#1726,#1727,#1728,#1729,#1730,#1731,#1732,#1733,
    #1734,#1735,#1736,#1737,#1738,#1739,#1740,#1741,#1742,#1743,#1744,
    #1745,#1746,#1747,#1748,#1749,#1750,#1751,#1752,#1753,#1754,#1755,
    #1756,#1757,#1758,#1759,#1760,#1761,#1762,#1763,#1764,#1765,#1766,
    #1767,#1768,#1769,#1770,#1771,#1772,#1773,#1774,#1775,#1776,#1777,
    #1778,#1779,#1780,#1781,#1782,#1783,#1784,#1785,#1786,#1787,#1788,
    #1789,#1790,#1791,#1792,#1793,#1794,#1795,#1796,#1797,#1798,#1799,
    #1800,#1801,#1802,#1803,#1804,#1805,#1806,#1807,#1808,#1809,#1810,
    #1811,#1812,#1813,#1814,#1815,#1816,#1817,#1818,#1819),
  .UNSPECIFIED.,.T.,.F.,(7,5,5,5,5,5,5,5,5,5,5,5,5,5,5,5,5,5,5,5,7),(0.,
    5.073178516271E-02,0.100107415692,0.143957080946,0.188589519707,
    0.248866912459,0.310457275087,0.353824377925,0.400463587689,
    0.4499584548,0.498999365016,0.550112838624,0.599509157087,
    0.66250929413,0.709588890009,0.748445757223,0.810297096284,
    0.853847958265,0.900684792048,0.950389383437,1.),.UNSPECIFIED.);
#1718 = CARTESIAN_POINT('',(-28.48445554337,2.436698586202,41.875));
#1719 = CARTESIAN_POINT('',(-28.52737778383,2.436698586202,
    41.949343501255));
#1720 = CARTESIAN_POINT('',(-28.57464284937,2.440327710374,
    42.02110260745));
#1721 = CARTESIAN_POINT('',(-28.62606924909,2.447575508805,
    42.08999213064));
#1722 = CARTESIAN_POINT('',(-28.68145170183,2.458295279396,
    42.155733099662));
#1723 = CARTESIAN_POINT('',(-28.74054955487,2.472203707658,
    42.218040860266));
#1724 = CARTESIAN_POINT('',(-28.86386919001,2.505169207303,
    42.333663608229));
#1725 = CARTESIAN_POINT('',(-28.92792516061,2.524082325137,
    42.387187189335));
#1726 = CARTESIAN_POINT('',(-28.99508158082,2.545333094045,
    42.437094318974));
#1727 = CARTESIAN_POINT('',(-29.06521300793,2.568559677899,
    42.483236921772));
#1728 = CARTESIAN_POINT('',(-29.13818758871,2.593366121982,
    42.525435184652));
#1729 = CARTESIAN_POINT('',(-29.28105410902,2.642395751546,
    42.597270859165));
#1730 = CARTESIAN_POINT('',(-29.35040551415,2.666383251657,
    42.627800025932));
#1731 = CARTESIAN_POINT('',(-29.42187767253,2.691028712733,
    42.654953090016));
#1732 = CARTESIAN_POINT('',(-29.49543002119,2.716050945011,
    42.678570623194));
#1733 = CARTESIAN_POINT('',(-29.57101029003,2.741152033137,
    42.698450233892));
#1734 = CARTESIAN_POINT('',(-29.72747738922,2.791319686194,
    42.730526648564));
#1735 = CARTESIAN_POINT('',(-29.80848679287,2.816394214477,
    42.74259054845));
#1736 = CARTESIAN_POINT('',(-29.89145903639,2.840883656141,
    42.750255630637));
#1737 = CARTESIAN_POINT('',(-29.97623143689,2.864405020244,
    42.753206140862));
#1738 = CARTESIAN_POINT('',(-30.06259301078,2.886549787014,
    42.751093339104));
#1739 = CARTESIAN_POINT('',(-30.26869898222,2.934354143908,
    42.733328756602));
#1740 = CARTESIAN_POINT('',(-30.390362799,2.958717338875,42.713118917976
    ));
#1741 = CARTESIAN_POINT('',(-30.51303043795,2.978446961396,
    42.681844098209));
#1742 = CARTESIAN_POINT('',(-30.63455195161,2.992301415147,
    42.639127812818));
#1743 = CARTESIAN_POINT('',(-30.75290728624,2.999546835939,
    42.585137676027));
#1744 = CARTESIAN_POINT('',(-30.98215806766,3.000429123084,
    42.454526170208));
#1745 = CARTESIAN_POINT('',(-31.09126105107,2.993760054174,
    42.378334105248));
#1746 = CARTESIAN_POINT('',(-31.19196432631,2.980127376994,
    42.293223019208));
#1747 = CARTESIAN_POINT('',(-31.28297416627,2.960279172421,
    42.200960404086));
#1748 = CARTESIAN_POINT('',(-31.36344678456,2.935538401366,
    42.103751170934));
#1749 = CARTESIAN_POINT('',(-31.4822335748,2.887848950732,
    41.934236782419));
#1750 = CARTESIAN_POINT('',(-31.52624055869,2.866429921641,
    41.86269679664));
#1751 = CARTESIAN_POINT('',(-31.56535242055,2.843691451458,
    41.790046239724));
#1752 = CARTESIAN_POINT('',(-31.59974805128,2.820009409522,
    41.716616660939));
#1753 = CARTESIAN_POINT('',(-31.62960329138,2.795737251638,
    41.642687766412));
#1754 = CARTESIAN_POINT('',(-31.68249574987,2.744816868551,
    41.488698541439));
#1755 = CARTESIAN_POINT('',(-31.70486675576,2.718110283614,
    41.408544086121));
#1756 = CARTESIAN_POINT('',(-31.72242004014,2.691467901365,
    41.328250714192));
#1757 = CARTESIAN_POINT('',(-31.73533644969,2.665248655284,
    41.247996351774));
#1758 = CARTESIAN_POINT('',(-31.74375683527,2.639790007487,
    41.167918346725));
#1759 = CARTESIAN_POINT('',(-31.75204979192,2.589542503713,
    41.003429137392));
#1760 = CARTESIAN_POINT('',(-31.75136909739,2.564878070335,
    40.919013177489));
#1761 = CARTESIAN_POINT('',(-31.74583943034,2.541840518742,
    40.835107306008));
#1762 = CARTESIAN_POINT('',(-31.73554933201,2.520827613357,
    40.75191971693));
#1763 = CARTESIAN_POINT('',(-31.72056401828,2.502201269895,
    40.669636812488));
#1764 = CARTESIAN_POINT('',(-31.68144596822,2.470495212503,
    40.507971164857));
#1765 = CARTESIAN_POINT('',(-31.65739597051,2.457364303785,
    40.42855919725));
#1766 = CARTESIAN_POINT('',(-31.62884263308,2.447228706175,
    40.350569100458));
#1767 = CARTESIAN_POINT('',(-31.59590046394,2.440338940784,
    40.274318444456));
#1768 = CARTESIAN_POINT('',(-31.55869600694,2.436825956763,
    40.20009538008));
#1769 = CARTESIAN_POINT('',(-31.47430064502,2.436571448839,
    40.053209569695));
#1770 = CARTESIAN_POINT('',(-31.4268191002,2.440122566401,
    39.980858378902));
#1771 = CARTESIAN_POINT('',(-31.37511185375,2.447347234352,
    39.911410976028));
#1772 = CARTESIAN_POINT('',(-31.31938834314,2.458097653292,
    39.845152845086));
#1773 = CARTESIAN_POINT('',(-31.25989426602,2.472085066552,
    39.782375259943));
#1774 = CARTESIAN_POINT('',(-31.13613080998,2.505169207303,
    39.666336391771));
#1775 = CARTESIAN_POINT('',(-31.07207483938,2.524082325137,
    39.612812810665));
#1776 = CARTESIAN_POINT('',(-31.00491841917,2.545333094045,
    39.562905681026));
#1777 = CARTESIAN_POINT('',(-30.93478699206,2.568559677899,
    39.516763078228));
#1778 = CARTESIAN_POINT('',(-30.86181241128,2.593366121982,
    39.474564815348));
#1779 = CARTESIAN_POINT('',(-30.68963848411,2.65245361044,
    39.387992886773));
#1780 = CARTESIAN_POINT('',(-30.58869716858,2.687480930081,
    39.346193581016));
#1781 = CARTESIAN_POINT('',(-30.48342276485,2.72362065157,
    39.311462908911));
#1782 = CARTESIAN_POINT('',(-30.37391487494,2.760032937117,
    39.284321339426));
#1783 = CARTESIAN_POINT('',(-30.26035685749,2.795790956217,
    39.265481157817));
#1784 = CARTESIAN_POINT('',(-30.05547781114,2.855281767832,
    39.248671402092));
#1785 = CARTESIAN_POINT('',(-29.96563705065,2.879814272064,
    39.246618325803));
#1786 = CARTESIAN_POINT('',(-29.87395246048,2.902919660679,
    39.250138069459));
#1787 = CARTESIAN_POINT('',(-29.7808440333,2.924066720698,
    39.259641297183));
#1788 = CARTESIAN_POINT('',(-29.68678626646,2.942728375845,
    39.275519206015));
#1789 = CARTESIAN_POINT('',(-29.51434486358,2.971335984373,
    39.316828171319));
#1790 = CARTESIAN_POINT('',(-29.43609325534,2.982235080631,
    39.340106614811));
#1791 = CARTESIAN_POINT('',(-29.35826700509,2.990746374831,
    39.368099918629));
#1792 = CARTESIAN_POINT('',(-29.28152851806,2.99661678345,
    39.400781757102));
#1793 = CARTESIAN_POINT('',(-29.20648920377,2.999703101295,
    39.437995442854));
#1794 = CARTESIAN_POINT('',(-29.01784193231,3.000429123084,
    39.545473829801));
#1795 = CARTESIAN_POINT('',(-28.90873894892,2.993760054172,
    39.621665894752));
#1796 = CARTESIAN_POINT('',(-28.8080356737,2.980127376997,
    39.706776980777));
#1797 = CARTESIAN_POINT('',(-28.71702583373,2.960279172425,
    39.799039595905));
#1798 = CARTESIAN_POINT('',(-28.63655321542,2.935538401362,
    39.896248829081));
#1799 = CARTESIAN_POINT('',(-28.51776642519,2.887848950733,
    40.06576321758));
#1800 = CARTESIAN_POINT('',(-28.4737594413,2.866429921642,
    40.137303203359));
#1801 = CARTESIAN_POINT('',(-28.43464757944,2.843691451458,
    40.209953760276));
#1802 = CARTESIAN_POINT('',(-28.40025194871,2.820009409522,
    40.283383339061));
#1803 = CARTESIAN_POINT('',(-28.37039670861,2.795737251638,
    40.357312233587));
#1804 = CARTESIAN_POINT('',(-28.31750425012,2.744816868551,
    40.511301458561));
#1805 = CARTESIAN_POINT('',(-28.29513324423,2.718110283615,
    40.591455913879));
#1806 = CARTESIAN_POINT('',(-28.27757995985,2.691467901366,
    40.671749285807));
#1807 = CARTESIAN_POINT('',(-28.2646635503,2.665248655284,
    40.752003648225));
#1808 = CARTESIAN_POINT('',(-28.25624316472,2.639790007487,
    40.832081653275));
#1809 = CARTESIAN_POINT('',(-28.24795020807,2.589542503714,
    40.996570862608));
#1810 = CARTESIAN_POINT('',(-28.2486309026,2.564878070335,
    41.080986822511));
#1811 = CARTESIAN_POINT('',(-28.25416056965,2.541840518742,
    41.164892693991));
#1812 = CARTESIAN_POINT('',(-28.26445066799,2.520827613357,
    41.24808028307));
#1813 = CARTESIAN_POINT('',(-28.27943598171,2.502201269895,
    41.330363187512));
#1814 = CARTESIAN_POINT('',(-28.31869709968,2.470379252752,
    41.492620100967));
#1815 = CARTESIAN_POINT('',(-28.342958026,2.45717123146,41.572609042457)
  );
#1816 = CARTESIAN_POINT('',(-28.37178847753,2.447005359408,
    41.65115265862));
#1817 = CARTESIAN_POINT('',(-28.4050709225,2.44013714686,41.727926097591
    ));
#1818 = CARTESIAN_POINT('',(-28.44267542655,2.436698586202,
    41.802634714925));
#1819 = CARTESIAN_POINT('',(-28.48445554337,2.436698586202,41.875));
#1820 = PCURVE('',#1026,#1821);
#1821 = DEFINITIONAL_REPRESENTATION('',(#1822),#1925);
#1822 = B_SPLINE_CURVE_WITH_KNOTS('',6,(#1823,#1824,#1825,#1826,#1827,
    #1828,#1829,#1830,#1831,#1832,#1833,#1834,#1835,#1836,#1837,#1838,
    #1839,#1840,#1841,#1842,#1843,#1844,#1845,#1846,#1847,#1848,#1849,
    #1850,#1851,#1852,#1853,#1854,#1855,#1856,#1857,#1858,#1859,#1860,
    #1861,#1862,#1863,#1864,#1865,#1866,#1867,#1868,#1869,#1870,#1871,
    #1872,#1873,#1874,#1875,#1876,#1877,#1878,#1879,#1880,#1881,#1882,
    #1883,#1884,#1885,#1886,#1887,#1888,#1889,#1890,#1891,#1892,#1893,
    #1894,#1895,#1896,#1897,#1898,#1899,#1900,#1901,#1902,#1903,#1904,
    #1905,#1906,#1907,#1908,#1909,#1910,#1911,#1912,#1913,#1914,#1915,
    #1916,#1917,#1918,#1919,#1920,#1921,#1922,#1923,#1924),
  .UNSPECIFIED.,.T.,.F.,(7,5,5,5,5,5,5,5,5,5,5,5,5,5,5,5,5,5,5,5,7),(0.,
    5.073178516271E-02,0.100107415692,0.143957080946,0.188589519707,
    0.248866912459,0.310457275087,0.353824377925,0.400463587689,
    0.4499584548,0.498999365016,0.550112838624,0.599509157087,
    0.66250929413,0.709588890009,0.748445757223,0.810297096284,
    0.853847958265,0.900684792048,0.950389383437,1.),.UNSPECIFIED.);
#1823 = CARTESIAN_POINT('',(0.947969741383,25.));
#1824 = CARTESIAN_POINT('',(0.947969741383,25.085844480924));
#1825 = CARTESIAN_POINT('',(0.950043522325,25.171622222611));
#1826 = CARTESIAN_POINT('',(0.954185141724,25.256995499608));
#1827 = CARTESIAN_POINT('',(0.960355584961,25.34162007522));
#1828 = CARTESIAN_POINT('',(0.968482155149,25.425129105275));
#1829 = CARTESIAN_POINT('',(0.988164091327,25.586921159837));
#1830 = CARTESIAN_POINT('',(0.999624109981,25.665301926076));
#1831 = CARTESIAN_POINT('',(1.012763406715,25.742100978276));
#1832 = CARTESIAN_POINT('',(1.027509698442,25.817127358055));
#1833 = CARTESIAN_POINT('',(1.043793196075,25.890159416095));
#1834 = CARTESIAN_POINT('',(1.077316296452,26.023804195272));
#1835 = CARTESIAN_POINT('',(1.094251570814,26.084918931814));
#1836 = CARTESIAN_POINT('',(1.112326683753,26.144170254291));
#1837 = CARTESIAN_POINT('',(1.131521091143,26.20139981233));
#1838 = CARTESIAN_POINT('',(1.151822221422,26.256406194629));
#1839 = CARTESIAN_POINT('',(1.195012992525,26.362418734192));
#1840 = CARTESIAN_POINT('',(1.217956720261,26.41337107979));
#1841 = CARTESIAN_POINT('',(1.242041935125,26.461495357447));
#1842 = CARTESIAN_POINT('',(1.26725293228,26.506436774505));
#1843 = CARTESIAN_POINT('',(1.293575583163,26.547787821455));
#1844 = CARTESIAN_POINT('',(1.358034664917,26.635456227442));
#1845 = CARTESIAN_POINT('',(1.397337320067,26.678785902175));
#1846 = CARTESIAN_POINT('',(1.438416938278,26.71303493323));
#1847 = CARTESIAN_POINT('',(1.48077956854,26.73680230176));
#1848 = CARTESIAN_POINT('',(1.523952076873,26.749223139059));
#1849 = CARTESIAN_POINT('',(1.611900153084,26.750735647703));
#1850 = CARTESIAN_POINT('',(1.656086559494,26.739302875586));
#1851 = CARTESIAN_POINT('',(1.699484453088,26.715946150548));
#1852 = CARTESIAN_POINT('',(1.741577526879,26.681549302014));
#1853 = CARTESIAN_POINT('',(1.781825984345,26.63759994577));
#1854 = CARTESIAN_POINT('',(1.846357750922,26.550189574127));
#1855 = CARTESIAN_POINT('',(1.871984667159,26.510237621002));
#1856 = CARTESIAN_POINT('',(1.896563885785,26.466876324042));
#1857 = CARTESIAN_POINT('',(1.920081890657,26.420482258792));
#1858 = CARTESIAN_POINT('',(1.94252385857,26.371385578109));
#1859 = CARTESIAN_POINT('',(1.986837047081,26.264473226616));
#1860 = CARTESIAN_POINT('',(2.008552576576,26.206242935027));
#1861 = CARTESIAN_POINT('',(2.029018327615,26.145483477376));
#1862 = CARTESIAN_POINT('',(2.048219462303,26.082439365531));
#1863 = CARTESIAN_POINT('',(2.066130988312,26.017299971661));
#1864 = CARTESIAN_POINT('',(2.100323114378,25.878994616058));
#1865 = CARTESIAN_POINT('',(2.116444822087,25.805547903032));
#1866 = CARTESIAN_POINT('',(2.131016293968,25.730118453276));
#1867 = CARTESIAN_POINT('',(2.143966057562,25.652930838688));
#1868 = CARTESIAN_POINT('',(2.155220861529,25.57417909628));
#1869 = CARTESIAN_POINT('',(2.174106783171,25.414613513484));
#1870 = CARTESIAN_POINT('',(2.181771279882,25.333815733316));
#1871 = CARTESIAN_POINT('',(2.187604785666,25.251997659534));
#1872 = CARTESIAN_POINT('',(2.191542699945,25.169491569815));
#1873 = CARTESIAN_POINT('',(2.193550128872,25.086610282017));
#1874 = CARTESIAN_POINT('',(2.19369556229,24.917205757806));
#1875 = CARTESIAN_POINT('',(2.191666343102,24.830807016176));
#1876 = CARTESIAN_POINT('',(2.187538890999,24.744810177837));
#1877 = CARTESIAN_POINT('',(2.181352531701,24.659567197926));
#1878 = CARTESIAN_POINT('',(2.173181332697,24.575453175848));
#1879 = CARTESIAN_POINT('',(2.153428562263,24.413078840163));
#1880 = CARTESIAN_POINT('',(2.141968543609,24.334698073924));
#1881 = CARTESIAN_POINT('',(2.128829246875,24.257899021724));
#1882 = CARTESIAN_POINT('',(2.114082955148,24.182872641945));
#1883 = CARTESIAN_POINT('',(2.097799457514,24.109840583905));
#1884 = CARTESIAN_POINT('',(2.057399482556,23.948780130923));
#1885 = CARTESIAN_POINT('',(2.032348179356,23.862110212511));
#1886 = CARTESIAN_POINT('',(2.004974030618,23.77939536631));
#1887 = CARTESIAN_POINT('',(1.97532075224,23.701136132686));
#1888 = CARTESIAN_POINT('',(1.943403332898,23.628041048074));
#1889 = CARTESIAN_POINT('',(1.883673567666,23.511043849411));
#1890 = CARTESIAN_POINT('',(1.856817600367,23.464345452945));
#1891 = CARTESIAN_POINT('',(1.8287115597,23.421551345278));
#1892 = CARTESIAN_POINT('',(1.79941814422,23.383227168316));
#1893 = CARTESIAN_POINT('',(1.769000622611,23.349948957304));
#1894 = CARTESIAN_POINT('',(1.711539470995,23.29950286922));
#1895 = CARTESIAN_POINT('',(1.684834508433,23.280536788524));
#1896 = CARTESIAN_POINT('',(1.657576417208,23.265866575644));
#1897 = CARTESIAN_POINT('',(1.629931248113,23.255800634486));
#1898 = CARTESIAN_POINT('',(1.602063746103,23.25050897457));
#1899 = CARTESIAN_POINT('',(1.5296925005,23.249264352296));
#1900 = CARTESIAN_POINT('',(1.485506094097,23.260697124417));
#1901 = CARTESIAN_POINT('',(1.442108200508,23.284053849447));
#1902 = CARTESIAN_POINT('',(1.400015126714,23.31845069798));
#1903 = CARTESIAN_POINT('',(1.35976666924,23.362400054237));
#1904 = CARTESIAN_POINT('',(1.295234902668,23.449810425873));
#1905 = CARTESIAN_POINT('',(1.269607986431,23.489762378997));
#1906 = CARTESIAN_POINT('',(1.245028767805,23.533123675958));
#1907 = CARTESIAN_POINT('',(1.221510762933,23.579517741207));
#1908 = CARTESIAN_POINT('',(1.19906879502,23.628614421891));
#1909 = CARTESIAN_POINT('',(1.154755606509,23.735526773384));
#1910 = CARTESIAN_POINT('',(1.133040077014,23.793757064972));
#1911 = CARTESIAN_POINT('',(1.112574325975,23.854516522624));
#1912 = CARTESIAN_POINT('',(1.093373191287,23.917560634469));
#1913 = CARTESIAN_POINT('',(1.075461665278,23.982700028339));
#1914 = CARTESIAN_POINT('',(1.041269539212,24.121005383942));
#1915 = CARTESIAN_POINT('',(1.025147831503,24.194452096968));
#1916 = CARTESIAN_POINT('',(1.010576359621,24.269881546724));
#1917 = CARTESIAN_POINT('',(0.997626596028,24.347069161312));
#1918 = CARTESIAN_POINT('',(0.986371792061,24.42582090372));
#1919 = CARTESIAN_POINT('',(0.96741679823,24.585970071695));
#1920 = CARTESIAN_POINT('',(0.959708685195,24.667372990209));
#1921 = CARTESIAN_POINT('',(0.95385933929,24.749808982874));
#1922 = CARTESIAN_POINT('',(0.949934629642,24.832937953843));
#1923 = CARTESIAN_POINT('',(0.947969741383,24.916439766364));
#1924 = CARTESIAN_POINT('',(0.947969741383,25.));
#1925 = ( GEOMETRIC_REPRESENTATION_CONTEXT(2) 
PARAMETRIC_REPRESENTATION_CONTEXT() REPRESENTATION_CONTEXT('2D SPACE',''
  ) );
#1926 = PCURVE('',#1927,#1932);
#1927 = CYLINDRICAL_SURFACE('',#1928,1.75);
#1928 = AXIS2_PLACEMENT_3D('',#1929,#1930,#1931);
#1929 = CARTESIAN_POINT('',(-30.,9.5,41.));
#1930 = DIRECTION('',(-1.110223024625E-16,-1.,1.922962686384E-16));
#1931 = DIRECTION('',(0.866025403784,0.,0.5));
#1932 = DEFINITIONAL_REPRESENTATION('',(#1933),#2036);
#1933 = B_SPLINE_CURVE_WITH_KNOTS('',6,(#1934,#1935,#1936,#1937,#1938,
    #1939,#1940,#1941,#1942,#1943,#1944,#1945,#1946,#1947,#1948,#1949,
    #1950,#1951,#1952,#1953,#1954,#1955,#1956,#1957,#1958,#1959,#1960,
    #1961,#1962,#1963,#1964,#1965,#1966,#1967,#1968,#1969,#1970,#1971,
    #1972,#1973,#1974,#1975,#1976,#1977,#1978,#1979,#1980,#1981,#1982,
    #1983,#1984,#1985,#1986,#1987,#1988,#1989,#1990,#1991,#1992,#1993,
    #1994,#1995,#1996,#1997,#1998,#1999,#2000,#2001,#2002,#2003,#2004,
    #2005,#2006,#2007,#2008,#2009,#2010,#2011,#2012,#2013,#2014,#2015,
    #2016,#2017,#2018,#2019,#2020,#2021,#2022,#2023,#2024,#2025,#2026,
    #2027,#2028,#2029,#2030,#2031,#2032,#2033,#2034,#2035),
  .UNSPECIFIED.,.F.,.F.,(7,5,5,5,5,5,5,5,5,5,5,5,5,5,5,5,5,5,5,5,7),(0.,
    5.073178516271E-02,0.100107415692,0.143957080946,0.188589519707,
    0.248866912459,0.310457275087,0.353824377925,0.400463587689,
    0.4499584548,0.498999365016,0.550112838624,0.599509157087,
    0.66250929413,0.709588890009,0.748445757223,0.810297096284,
    0.853847958265,0.900684792048,0.950389383437,1.),.UNSPECIFIED.);
#1934 = CARTESIAN_POINT('',(0.,7.063301413798));
#1935 = CARTESIAN_POINT('',(4.90539890992E-02,7.063301413798));
#1936 = CARTESIAN_POINT('',(9.806981977907E-02,7.059672289626));
#1937 = CARTESIAN_POINT('',(0.147067122522,7.052424491195));
#1938 = CARTESIAN_POINT('',(0.196059508048,7.041704720604));
#1939 = CARTESIAN_POINT('',(0.245047575614,7.027796292342));
#1940 = CARTESIAN_POINT('',(0.341644955488,6.994830792697));
#1941 = CARTESIAN_POINT('',(0.389266714743,6.975917674863));
#1942 = CARTESIAN_POINT('',(0.436961898557,6.954666905955));
#1943 = CARTESIAN_POINT('',(0.484814753053,6.931440322101));
#1944 = CARTESIAN_POINT('',(0.532902331666,6.906633878018));
#1945 = CARTESIAN_POINT('',(0.624279472121,6.857604248454));
#1946 = CARTESIAN_POINT('',(0.667521883741,6.833616748343));
#1947 = CARTESIAN_POINT('',(0.711123414598,6.808971287267));
#1948 = CARTESIAN_POINT('',(0.75517379308,6.783949054989));
#1949 = CARTESIAN_POINT('',(0.799764007909,6.758847966863));
#1950 = CARTESIAN_POINT('',(0.891033243188,6.708680313806));
#1951 = CARTESIAN_POINT('',(0.937765556345,6.683605785523));
#1952 = CARTESIAN_POINT('',(0.985267851195,6.659116343859));
#1953 = CARTESIAN_POINT('',(1.033614153708,6.635594979756));
#1954 = CARTESIAN_POINT('',(1.082885105985,6.613450212986));
#1955 = CARTESIAN_POINT('',(1.201096610457,6.565645856092));
#1956 = CARTESIAN_POINT('',(1.271353616546,6.541282661125));
#1957 = CARTESIAN_POINT('',(1.343289448889,6.521553038604));
#1958 = CARTESIAN_POINT('',(1.416455228773,6.507698584853));
#1959 = CARTESIAN_POINT('',(1.490491069275,6.500453164061));
#1960 = CARTESIAN_POINT('',(1.641260834267,6.499570876916));
#1961 = CARTESIAN_POINT('',(1.716983171652,6.506239945826));
#1962 = CARTESIAN_POINT('',(1.791854943493,6.519872623006));
#1963 = CARTESIAN_POINT('',(1.86547781165,6.539720827579));
#1964 = CARTESIAN_POINT('',(1.937357732255,6.564461598634));
#1965 = CARTESIAN_POINT('',(2.055638518139,6.612151049268));
#1966 = CARTESIAN_POINT('',(2.103548136961,6.633570078359));
#1967 = CARTESIAN_POINT('',(2.15058198952,6.656308548542));
#1968 = CARTESIAN_POINT('',(2.196813295063,6.679990590478));
#1969 = CARTESIAN_POINT('',(2.242309144281,6.704262748362));
#1970 = CARTESIAN_POINT('',(2.335349041051,6.755183131449));
#1971 = CARTESIAN_POINT('',(2.382820249972,6.781889716386));
#1972 = CARTESIAN_POINT('',(2.429673698935,6.808532098635));
#1973 = CARTESIAN_POINT('',(2.476018291588,6.834751344716));
#1974 = CARTESIAN_POINT('',(2.521961317948,6.860209992513));
#1975 = CARTESIAN_POINT('',(2.616074533515,6.910457496287));
#1976 = CARTESIAN_POINT('',(2.664231382902,6.935121929665));
#1977 = CARTESIAN_POINT('',(2.712162619966,6.958159481258));
#1978 = CARTESIAN_POINT('',(2.759943629477,6.979172386643));
#1979 = CARTESIAN_POINT('',(2.807657556395,6.997798730105));
#1980 = CARTESIAN_POINT('',(2.902703845378,7.029504787497));
#1981 = CARTESIAN_POINT('',(2.950041369852,7.042635696215));
#1982 = CARTESIAN_POINT('',(2.997385017089,7.052771293825));
#1983 = CARTESIAN_POINT('',(3.044734496478,7.059661059216));
#1984 = CARTESIAN_POINT('',(3.092100958628,7.063174043237));
#1985 = CARTESIAN_POINT('',(3.188903755699,7.063428551161));
#1986 = CARTESIAN_POINT('',(3.238268423607,7.059877433599));
#1987 = CARTESIAN_POINT('',(3.287614491989,7.052652765648));
#1988 = CARTESIAN_POINT('',(3.336955716215,7.041902346708));
#1989 = CARTESIAN_POINT('',(3.386292580298,7.027914933448));
#1990 = CARTESIAN_POINT('',(3.483237609078,6.994830792697));
#1991 = CARTESIAN_POINT('',(3.530859368332,6.975917674863));
#1992 = CARTESIAN_POINT('',(3.578554552146,6.954666905955));
#1993 = CARTESIAN_POINT('',(3.626407406643,6.931440322101));
#1994 = CARTESIAN_POINT('',(3.674494985256,6.906633878018));
#1995 = CARTESIAN_POINT('',(3.784617084485,6.84754638956));
#1996 = CARTESIAN_POINT('',(3.846879666937,6.812519069919));
#1997 = CARTESIAN_POINT('',(3.909964426223,6.77637934843));
#1998 = CARTESIAN_POINT('',(3.974144516255,6.739967062883));
#1999 = CARTESIAN_POINT('',(4.039698305596,6.704209043783));
#2000 = CARTESIAN_POINT('',(4.157165440758,6.644718232168));
#2001 = CARTESIAN_POINT('',(4.208426849457,6.620185727936));
#2002 = CARTESIAN_POINT('',(4.260706845658,6.597080339321));
#2003 = CARTESIAN_POINT('',(4.314020174982,6.575933279302));
#2004 = CARTESIAN_POINT('',(4.368402542215,6.557271624155));
#2005 = CARTESIAN_POINT('',(4.469728394496,6.528664015627));
#2006 = CARTESIAN_POINT('',(4.516312131583,6.517764919369));
#2007 = CARTESIAN_POINT('',(4.563460343111,6.509253625169));
#2008 = CARTESIAN_POINT('',(4.611003242595,6.50338321655));
#2009 = CARTESIAN_POINT('',(4.658787150525,6.500296898705));
#2010 = CARTESIAN_POINT('',(4.782853487867,6.499570876916));
#2011 = CARTESIAN_POINT('',(4.858575825238,6.506239945828));
#2012 = CARTESIAN_POINT('',(4.933447597071,6.519872623003));
#2013 = CARTESIAN_POINT('',(5.007070465234,6.539720827575));
#2014 = CARTESIAN_POINT('',(5.078950385855,6.564461598638));
#2015 = CARTESIAN_POINT('',(5.197231171728,6.612151049267));
#2016 = CARTESIAN_POINT('',(5.24514079055,6.633570078358));
#2017 = CARTESIAN_POINT('',(5.292174643109,6.656308548542));
#2018 = CARTESIAN_POINT('',(5.338405948652,6.679990590478));
#2019 = CARTESIAN_POINT('',(5.383901797871,6.704262748362));
#2020 = CARTESIAN_POINT('',(5.476941694641,6.755183131449));
#2021 = CARTESIAN_POINT('',(5.524412903562,6.781889716385));
#2022 = CARTESIAN_POINT('',(5.571266352525,6.808532098634));
#2023 = CARTESIAN_POINT('',(5.617610945178,6.834751344716));
#2024 = CARTESIAN_POINT('',(5.663553971538,6.860209992513));
#2025 = CARTESIAN_POINT('',(5.757667187105,6.910457496286));
#2026 = CARTESIAN_POINT('',(5.805824036492,6.935121929665));
#2027 = CARTESIAN_POINT('',(5.853755273556,6.958159481258));
#2028 = CARTESIAN_POINT('',(5.901536283067,6.979172386643));
#2029 = CARTESIAN_POINT('',(5.949250209985,6.997798730105));
#2030 = CARTESIAN_POINT('',(6.044644115319,7.029620747248));
#2031 = CARTESIAN_POINT('',(6.092330437249,7.04282876854));
#2032 = CARTESIAN_POINT('',(6.140022986784,7.052994640592));
#2033 = CARTESIAN_POINT('',(6.187721299069,7.05986285314));
#2034 = CARTESIAN_POINT('',(6.235436602245,7.063301413798));
#2035 = CARTESIAN_POINT('',(6.28318530718,7.063301413798));
#2036 = ( GEOMETRIC_REPRESENTATION_CONTEXT(2) 
PARAMETRIC_REPRESENTATION_CONTEXT() REPRESENTATION_CONTEXT('2D SPACE',''
  ) );
#2037 = FACE_BOUND('',#2038,.F.);
#2038 = EDGE_LOOP('',(#2039));
#2039 = ORIENTED_EDGE('',*,*,#2040,.F.);
#2040 = EDGE_CURVE('',#2041,#2041,#2043,.T.);
#2041 = VERTEX_POINT('',#2042);
#2042 = CARTESIAN_POINT('',(-28.48445554337,-2.436698586202,41.875));
#2043 = SURFACE_CURVE('',#2044,(#2147,#2253),.PCURVE_S1.);
#2044 = B_SPLINE_CURVE_WITH_KNOTS('',6,(#2045,#2046,#2047,#2048,#2049,
    #2050,#2051,#2052,#2053,#2054,#2055,#2056,#2057,#2058,#2059,#2060,
    #2061,#2062,#2063,#2064,#2065,#2066,#2067,#2068,#2069,#2070,#2071,
    #2072,#2073,#2074,#2075,#2076,#2077,#2078,#2079,#2080,#2081,#2082,
    #2083,#2084,#2085,#2086,#2087,#2088,#2089,#2090,#2091,#2092,#2093,
    #2094,#2095,#2096,#2097,#2098,#2099,#2100,#2101,#2102,#2103,#2104,
    #2105,#2106,#2107,#2108,#2109,#2110,#2111,#2112,#2113,#2114,#2115,
    #2116,#2117,#2118,#2119,#2120,#2121,#2122,#2123,#2124,#2125,#2126,
    #2127,#2128,#2129,#2130,#2131,#2132,#2133,#2134,#2135,#2136,#2137,
    #2138,#2139,#2140,#2141,#2142,#2143,#2144,#2145,#2146),
  .UNSPECIFIED.,.T.,.F.,(7,5,5,5,5,5,5,5,5,5,5,5,5,5,5,5,5,5,5,5,7),(0.,
    5.073178518953E-02,0.100107415745,0.143957081022,0.188589519778,
    0.248866912498,0.310457275106,0.353824377931,0.40046358768,
    0.449958454775,0.498999364976,0.550112838568,0.599509157015,
    0.662509294038,0.709588889908,0.748445757125,0.810297096197,
    0.853847958193,0.900684792,0.950389383413,1.),.UNSPECIFIED.);
#2045 = CARTESIAN_POINT('',(-28.48445554337,-2.436698586202,41.875));
#2046 = CARTESIAN_POINT('',(-28.52737778383,-2.436698586202,
    41.949343501255));
#2047 = CARTESIAN_POINT('',(-28.57464284937,-2.440327710374,
    42.02110260745));
#2048 = CARTESIAN_POINT('',(-28.62606924909,-2.447575508805,
    42.08999213064));
#2049 = CARTESIAN_POINT('',(-28.68145170183,-2.458295279396,
    42.155733099662));
#2050 = CARTESIAN_POINT('',(-28.74054955487,-2.472203707658,
    42.218040860266));
#2051 = CARTESIAN_POINT('',(-28.86386919001,-2.505169207303,
    42.333663608229));
#2052 = CARTESIAN_POINT('',(-28.92792516061,-2.524082325137,
    42.387187189335));
#2053 = CARTESIAN_POINT('',(-28.99508158082,-2.545333094045,
    42.437094318974));
#2054 = CARTESIAN_POINT('',(-29.06521300793,-2.568559677899,
    42.483236921772));
#2055 = CARTESIAN_POINT('',(-29.13818758871,-2.593366121982,
    42.525435184652));
#2056 = CARTESIAN_POINT('',(-29.28105410902,-2.642395751546,
    42.597270859165));
#2057 = CARTESIAN_POINT('',(-29.35040551415,-2.666383251657,
    42.627800025933));
#2058 = CARTESIAN_POINT('',(-29.42187767253,-2.691028712733,
    42.654953090016));
#2059 = CARTESIAN_POINT('',(-29.49543002119,-2.716050945011,
    42.678570623194));
#2060 = CARTESIAN_POINT('',(-29.57101029003,-2.741152033137,
    42.698450233892));
#2061 = CARTESIAN_POINT('',(-29.72747738916,-2.791319686178,
    42.730526648553));
#2062 = CARTESIAN_POINT('',(-29.80848679288,-2.816394214482,
    42.742590548458));
#2063 = CARTESIAN_POINT('',(-29.89145903644,-2.840883656155,
    42.75025563064));
#2064 = CARTESIAN_POINT('',(-29.97623143691,-2.864405020246,
    42.753206140855));
#2065 = CARTESIAN_POINT('',(-30.06259301073,-2.886549787001,
    42.751093339109));
#2066 = CARTESIAN_POINT('',(-30.26869898225,-2.934354143914,
    42.7333287566));
#2067 = CARTESIAN_POINT('',(-30.39036279899,-2.95871733887,
    42.713118917973));
#2068 = CARTESIAN_POINT('',(-30.51303043792,-2.978446961392,
    42.681844098218));
#2069 = CARTESIAN_POINT('',(-30.63455195161,-2.99230141515,
    42.639127812826));
#2070 = CARTESIAN_POINT('',(-30.75290728627,-2.999546835939,
    42.585137676013));
#2071 = CARTESIAN_POINT('',(-30.98215806766,-3.000429123084,
    42.454526170208));
#2072 = CARTESIAN_POINT('',(-31.09126105107,-2.993760054174,
    42.378334105248));
#2073 = CARTESIAN_POINT('',(-31.19196432631,-2.980127376994,
    42.293223019209));
#2074 = CARTESIAN_POINT('',(-31.28297416627,-2.960279172421,
    42.200960404086));
#2075 = CARTESIAN_POINT('',(-31.36344678456,-2.935538401366,
    42.103751170934));
#2076 = CARTESIAN_POINT('',(-31.4822335748,-2.887848950732,
    41.934236782419));
#2077 = CARTESIAN_POINT('',(-31.52624055869,-2.866429921641,
    41.86269679664));
#2078 = CARTESIAN_POINT('',(-31.56535242055,-2.843691451458,
    41.790046239723));
#2079 = CARTESIAN_POINT('',(-31.59974805128,-2.820009409522,
    41.716616660939));
#2080 = CARTESIAN_POINT('',(-31.62960329138,-2.795737251638,
    41.642687766412));
#2081 = CARTESIAN_POINT('',(-31.68249574987,-2.744816868551,
    41.488698541439));
#2082 = CARTESIAN_POINT('',(-31.70486675576,-2.718110283614,
    41.408544086121));
#2083 = CARTESIAN_POINT('',(-31.72242004014,-2.691467901365,
    41.328250714192));
#2084 = CARTESIAN_POINT('',(-31.73533644969,-2.665248655284,
    41.247996351775));
#2085 = CARTESIAN_POINT('',(-31.74375683527,-2.639790007487,
    41.167918346725));
#2086 = CARTESIAN_POINT('',(-31.75204979192,-2.589542503713,
    41.003429137392));
#2087 = CARTESIAN_POINT('',(-31.75136909739,-2.564878070335,
    40.919013177489));
#2088 = CARTESIAN_POINT('',(-31.74583943034,-2.541840518742,
    40.835107306008));
#2089 = CARTESIAN_POINT('',(-31.73554933201,-2.520827613357,
    40.75191971693));
#2090 = CARTESIAN_POINT('',(-31.72056401828,-2.502201269895,
    40.669636812488));
#2091 = CARTESIAN_POINT('',(-31.68144596822,-2.470495212503,
    40.507971164857));
#2092 = CARTESIAN_POINT('',(-31.65739597051,-2.457364303785,
    40.428559197249));
#2093 = CARTESIAN_POINT('',(-31.62884263308,-2.447228706175,
    40.350569100458));
#2094 = CARTESIAN_POINT('',(-31.59590046394,-2.440338940784,
    40.274318444456));
#2095 = CARTESIAN_POINT('',(-31.55869600694,-2.436825956763,
    40.20009538008));
#2096 = CARTESIAN_POINT('',(-31.47430064502,-2.436571448839,
    40.053209569695));
#2097 = CARTESIAN_POINT('',(-31.4268191002,-2.440122566401,
    39.980858378902));
#2098 = CARTESIAN_POINT('',(-31.37511185375,-2.447347234352,
    39.911410976028));
#2099 = CARTESIAN_POINT('',(-31.31938834314,-2.458097653292,
    39.845152845086));
#2100 = CARTESIAN_POINT('',(-31.25989426602,-2.472085066552,
    39.782375259943));
#2101 = CARTESIAN_POINT('',(-31.13613080998,-2.505169207303,
    39.666336391771));
#2102 = CARTESIAN_POINT('',(-31.07207483938,-2.524082325137,
    39.612812810665));
#2103 = CARTESIAN_POINT('',(-31.00491841917,-2.545333094045,
    39.562905681026));
#2104 = CARTESIAN_POINT('',(-30.93478699206,-2.568559677899,
    39.516763078228));
#2105 = CARTESIAN_POINT('',(-30.86181241128,-2.593366121982,
    39.474564815348));
#2106 = CARTESIAN_POINT('',(-30.68963848411,-2.65245361044,
    39.387992886773));
#2107 = CARTESIAN_POINT('',(-30.58869716858,-2.687480930081,
    39.346193581016));
#2108 = CARTESIAN_POINT('',(-30.48342276485,-2.72362065157,
    39.311462908911));
#2109 = CARTESIAN_POINT('',(-30.37391487494,-2.760032937117,
    39.284321339426));
#2110 = CARTESIAN_POINT('',(-30.26035685749,-2.795790956217,
    39.265481157817));
#2111 = CARTESIAN_POINT('',(-30.05547781113,-2.855281767835,
    39.248671402091));
#2112 = CARTESIAN_POINT('',(-29.96563705066,-2.879814272062,
    39.246618325805));
#2113 = CARTESIAN_POINT('',(-29.87395246049,-2.902919660676,
    39.250138069458));
#2114 = CARTESIAN_POINT('',(-29.78084403331,-2.924066720698,
    39.25964129718));
#2115 = CARTESIAN_POINT('',(-29.68678626645,-2.942728375847,
    39.275519206018));
#2116 = CARTESIAN_POINT('',(-29.51434486357,-2.971335984374,
    39.316828171321));
#2117 = CARTESIAN_POINT('',(-29.43609325534,-2.98223508063,
    39.340106614811));
#2118 = CARTESIAN_POINT('',(-29.3582670051,-2.990746374831,
    39.368099918625));
#2119 = CARTESIAN_POINT('',(-29.28152851806,-2.99661678345,39.4007817571
    ));
#2120 = CARTESIAN_POINT('',(-29.20648920376,-2.999703101295,
    39.437995442859));
#2121 = CARTESIAN_POINT('',(-29.01784193231,-3.000429123084,
    39.5454738298));
#2122 = CARTESIAN_POINT('',(-28.90873894892,-2.993760054173,
    39.621665894752));
#2123 = CARTESIAN_POINT('',(-28.8080356737,-2.980127376996,
    39.706776980778));
#2124 = CARTESIAN_POINT('',(-28.71702583373,-2.960279172424,
    39.799039595905));
#2125 = CARTESIAN_POINT('',(-28.63655321542,-2.935538401362,
    39.89624882908));
#2126 = CARTESIAN_POINT('',(-28.51776642518,-2.887848950729,
    40.065763217591));
#2127 = CARTESIAN_POINT('',(-28.4737594413,-2.866429921642,
    40.137303203357));
#2128 = CARTESIAN_POINT('',(-28.43464757945,-2.843691451462,
    40.209953760265));
#2129 = CARTESIAN_POINT('',(-28.40025194871,-2.820009409523,
    40.283383339057));
#2130 = CARTESIAN_POINT('',(-28.3703967086,-2.795737251634,
    40.357312233598));
#2131 = CARTESIAN_POINT('',(-28.31750425012,-2.744816868551,
    40.511301458561));
#2132 = CARTESIAN_POINT('',(-28.29513324423,-2.718110283615,
    40.591455913879));
#2133 = CARTESIAN_POINT('',(-28.27757995985,-2.691467901366,
    40.671749285807));
#2134 = CARTESIAN_POINT('',(-28.2646635503,-2.665248655284,
    40.752003648225));
#2135 = CARTESIAN_POINT('',(-28.25624316472,-2.639790007487,
    40.832081653275));
#2136 = CARTESIAN_POINT('',(-28.24795020807,-2.589542503714,
    40.996570862608));
#2137 = CARTESIAN_POINT('',(-28.2486309026,-2.564878070335,
    41.080986822511));
#2138 = CARTESIAN_POINT('',(-28.25416056965,-2.541840518742,
    41.164892693991));
#2139 = CARTESIAN_POINT('',(-28.26445066799,-2.520827613357,
    41.24808028307));
#2140 = CARTESIAN_POINT('',(-28.27943598171,-2.502201269895,
    41.330363187512));
#2141 = CARTESIAN_POINT('',(-28.31869709968,-2.470379252752,
    41.492620100967));
#2142 = CARTESIAN_POINT('',(-28.342958026,-2.45717123146,41.572609042457
    ));
#2143 = CARTESIAN_POINT('',(-28.37178847753,-2.447005359408,
    41.65115265862));
#2144 = CARTESIAN_POINT('',(-28.4050709225,-2.44013714686,
    41.727926097591));
#2145 = CARTESIAN_POINT('',(-28.44267542655,-2.436698586202,
    41.802634714925));
#2146 = CARTESIAN_POINT('',(-28.48445554337,-2.436698586202,41.875));
#2147 = PCURVE('',#1026,#2148);
#2148 = DEFINITIONAL_REPRESENTATION('',(#2149),#2252);
#2149 = B_SPLINE_CURVE_WITH_KNOTS('',6,(#2150,#2151,#2152,#2153,#2154,
    #2155,#2156,#2157,#2158,#2159,#2160,#2161,#2162,#2163,#2164,#2165,
    #2166,#2167,#2168,#2169,#2170,#2171,#2172,#2173,#2174,#2175,#2176,
    #2177,#2178,#2179,#2180,#2181,#2182,#2183,#2184,#2185,#2186,#2187,
    #2188,#2189,#2190,#2191,#2192,#2193,#2194,#2195,#2196,#2197,#2198,
    #2199,#2200,#2201,#2202,#2203,#2204,#2205,#2206,#2207,#2208,#2209,
    #2210,#2211,#2212,#2213,#2214,#2215,#2216,#2217,#2218,#2219,#2220,
    #2221,#2222,#2223,#2224,#2225,#2226,#2227,#2228,#2229,#2230,#2231,
    #2232,#2233,#2234,#2235,#2236,#2237,#2238,#2239,#2240,#2241,#2242,
    #2243,#2244,#2245,#2246,#2247,#2248,#2249,#2250,#2251),
  .UNSPECIFIED.,.T.,.F.,(7,5,5,5,5,5,5,5,5,5,5,5,5,5,5,5,5,5,5,5,7),(0.,
    5.073178518953E-02,0.100107415745,0.143957081022,0.188589519778,
    0.248866912498,0.310457275106,0.353824377931,0.40046358768,
    0.449958454775,0.498999364976,0.550112838568,0.599509157015,
    0.662509294038,0.709588889908,0.748445757125,0.810297096197,
    0.853847958193,0.900684792,0.950389383413,1.),.UNSPECIFIED.);
#2150 = CARTESIAN_POINT('',(5.335215565797,25.));
#2151 = CARTESIAN_POINT('',(5.335215565797,25.085844480924));
#2152 = CARTESIAN_POINT('',(5.333141784854,25.171622222611));
#2153 = CARTESIAN_POINT('',(5.329000165455,25.256995499608));
#2154 = CARTESIAN_POINT('',(5.322829722218,25.34162007522));
#2155 = CARTESIAN_POINT('',(5.314703152031,25.425129105275));
#2156 = CARTESIAN_POINT('',(5.295021215853,25.586921159837));
#2157 = CARTESIAN_POINT('',(5.283561197199,25.665301926077));
#2158 = CARTESIAN_POINT('',(5.270421900464,25.742100978276));
#2159 = CARTESIAN_POINT('',(5.255675608738,25.817127358055));
#2160 = CARTESIAN_POINT('',(5.239392111104,25.890159416095));
#2161 = CARTESIAN_POINT('',(5.205869010728,26.023804195272));
#2162 = CARTESIAN_POINT('',(5.188933736365,26.084918931814));
#2163 = CARTESIAN_POINT('',(5.170858623426,26.144170254291));
#2164 = CARTESIAN_POINT('',(5.151664216037,26.20139981233));
#2165 = CARTESIAN_POINT('',(5.131363085757,26.256406194629));
#2166 = CARTESIAN_POINT('',(5.088172314669,26.362418734157));
#2167 = CARTESIAN_POINT('',(5.065228586916,26.413371079803));
#2168 = CARTESIAN_POINT('',(5.041143372039,26.461495357475));
#2169 = CARTESIAN_POINT('',(5.015932374893,26.506436774507));
#2170 = CARTESIAN_POINT('',(4.989609724034,26.547787821431));
#2171 = CARTESIAN_POINT('',(4.925150642254,26.635456227453));
#2172 = CARTESIAN_POINT('',(4.885847987116,26.678785902167));
#2173 = CARTESIAN_POINT('',(4.844768368911,26.713034933224));
#2174 = CARTESIAN_POINT('',(4.802405738642,26.736802301765));
#2175 = CARTESIAN_POINT('',(4.759233230297,26.749223139059));
#2176 = CARTESIAN_POINT('',(4.671285154096,26.750735647703));
#2177 = CARTESIAN_POINT('',(4.627098747685,26.739302875586));
#2178 = CARTESIAN_POINT('',(4.583700854091,26.715946150548));
#2179 = CARTESIAN_POINT('',(4.541607780301,26.681549302014));
#2180 = CARTESIAN_POINT('',(4.501359322835,26.63759994577));
#2181 = CARTESIAN_POINT('',(4.436827556257,26.550189574127));
#2182 = CARTESIAN_POINT('',(4.411200640021,26.510237621002));
#2183 = CARTESIAN_POINT('',(4.386621421394,26.466876324042));
#2184 = CARTESIAN_POINT('',(4.363103416523,26.420482258792));
#2185 = CARTESIAN_POINT('',(4.34066144861,26.371385578109));
#2186 = CARTESIAN_POINT('',(4.296348260098,26.264473226616));
#2187 = CARTESIAN_POINT('',(4.274632730603,26.206242935027));
#2188 = CARTESIAN_POINT('',(4.254166979565,26.145483477376));
#2189 = CARTESIAN_POINT('',(4.234965844876,26.082439365531));
#2190 = CARTESIAN_POINT('',(4.217054318868,26.017299971661));
#2191 = CARTESIAN_POINT('',(4.182862192802,25.878994616058));
#2192 = CARTESIAN_POINT('',(4.166740485092,25.805547903032));
#2193 = CARTESIAN_POINT('',(4.152169013211,25.730118453276));
#2194 = CARTESIAN_POINT('',(4.139219249618,25.652930838688));
#2195 = CARTESIAN_POINT('',(4.127964445651,25.57417909628));
#2196 = CARTESIAN_POINT('',(4.109078524008,25.414613513484));
#2197 = CARTESIAN_POINT('',(4.101414027298,25.333815733315));
#2198 = CARTESIAN_POINT('',(4.095580521513,25.251997659534));
#2199 = CARTESIAN_POINT('',(4.091642607234,25.169491569815));
#2200 = CARTESIAN_POINT('',(4.089635178308,25.086610282017));
#2201 = CARTESIAN_POINT('',(4.08948974489,24.917205757806));
#2202 = CARTESIAN_POINT('',(4.091518964078,24.830807016176));
#2203 = CARTESIAN_POINT('',(4.095646416181,24.744810177838));
#2204 = CARTESIAN_POINT('',(4.101832775479,24.659567197926));
#2205 = CARTESIAN_POINT('',(4.110003974482,24.575453175848));
#2206 = CARTESIAN_POINT('',(4.129756744916,24.413078840163));
#2207 = CARTESIAN_POINT('',(4.14121676357,24.334698073924));
#2208 = CARTESIAN_POINT('',(4.154356060305,24.257899021724));
#2209 = CARTESIAN_POINT('',(4.169102352031,24.182872641945));
#2210 = CARTESIAN_POINT('',(4.185385849665,24.109840583905));
#2211 = CARTESIAN_POINT('',(4.225785824623,23.948780130923));
#2212 = CARTESIAN_POINT('',(4.250837127823,23.862110212511));
#2213 = CARTESIAN_POINT('',(4.278211276562,23.77939536631));
#2214 = CARTESIAN_POINT('',(4.30786455494,23.701136132687));
#2215 = CARTESIAN_POINT('',(4.339781974282,23.628041048074));
#2216 = CARTESIAN_POINT('',(4.399511739517,23.511043849404));
#2217 = CARTESIAN_POINT('',(4.426367706812,23.464345452949));
#2218 = CARTESIAN_POINT('',(4.454473747476,23.421551345284));
#2219 = CARTESIAN_POINT('',(4.483767162958,23.383227168316));
#2220 = CARTESIAN_POINT('',(4.514184684573,23.3499489573));
#2221 = CARTESIAN_POINT('',(4.571645836187,23.299502869218));
#2222 = CARTESIAN_POINT('',(4.598350798746,23.280536788526));
#2223 = CARTESIAN_POINT('',(4.625608889968,23.265866575645));
#2224 = CARTESIAN_POINT('',(4.653254059066,23.255800634485));
#2225 = CARTESIAN_POINT('',(4.681121561079,23.25050897457));
#2226 = CARTESIAN_POINT('',(4.753492806679,23.249264352296));
#2227 = CARTESIAN_POINT('',(4.797679213082,23.260697124417));
#2228 = CARTESIAN_POINT('',(4.841077106672,23.284053849448));
#2229 = CARTESIAN_POINT('',(4.883170180466,23.31845069798));
#2230 = CARTESIAN_POINT('',(4.92341863794,23.362400054237));
#2231 = CARTESIAN_POINT('',(4.987950404516,23.449810425879));
#2232 = CARTESIAN_POINT('',(5.013577320747,23.489762378997));
#2233 = CARTESIAN_POINT('',(5.038156539371,23.533123675951));
#2234 = CARTESIAN_POINT('',(5.061674544246,23.579517741204));
#2235 = CARTESIAN_POINT('',(5.084116512162,23.628614421898));
#2236 = CARTESIAN_POINT('',(5.128429700671,23.735526773384));
#2237 = CARTESIAN_POINT('',(5.150145230166,23.793757064972));
#2238 = CARTESIAN_POINT('',(5.170610981204,23.854516522624));
#2239 = CARTESIAN_POINT('',(5.189812115893,23.917560634469));
#2240 = CARTESIAN_POINT('',(5.207723641902,23.982700028339));
#2241 = CARTESIAN_POINT('',(5.241915767968,24.121005383942));
#2242 = CARTESIAN_POINT('',(5.258037475677,24.194452096968));
#2243 = CARTESIAN_POINT('',(5.272608947558,24.269881546724));
#2244 = CARTESIAN_POINT('',(5.285558711152,24.347069161311));
#2245 = CARTESIAN_POINT('',(5.296813515119,24.42582090372));
#2246 = CARTESIAN_POINT('',(5.315768508949,24.585970071695));
#2247 = CARTESIAN_POINT('',(5.323476621985,24.667372990209));
#2248 = CARTESIAN_POINT('',(5.329325967889,24.749808982874));
#2249 = CARTESIAN_POINT('',(5.333250677537,24.832937953843));
#2250 = CARTESIAN_POINT('',(5.335215565797,24.916439766364));
#2251 = CARTESIAN_POINT('',(5.335215565797,25.));
#2252 = ( GEOMETRIC_REPRESENTATION_CONTEXT(2) 
PARAMETRIC_REPRESENTATION_CONTEXT() REPRESENTATION_CONTEXT('2D SPACE',''
  ) );
#2253 = PCURVE('',#2254,#2259);
#2254 = CYLINDRICAL_SURFACE('',#2255,1.75);
#2255 = AXIS2_PLACEMENT_3D('',#2256,#2257,#2258);
#2256 = CARTESIAN_POINT('',(-30.,9.5,41.));
#2257 = DIRECTION('',(-1.110223024625E-16,-1.,1.922962686384E-16));
#2258 = DIRECTION('',(0.866025403784,0.,0.5));
#2259 = DEFINITIONAL_REPRESENTATION('',(#2260),#2363);
#2260 = B_SPLINE_CURVE_WITH_KNOTS('',6,(#2261,#2262,#2263,#2264,#2265,
    #2266,#2267,#2268,#2269,#2270,#2271,#2272,#2273,#2274,#2275,#2276,
    #2277,#2278,#2279,#2280,#2281,#2282,#2283,#2284,#2285,#2286,#2287,
    #2288,#2289,#2290,#2291,#2292,#2293,#2294,#2295,#2296,#2297,#2298,
    #2299,#2300,#2301,#2302,#2303,#2304,#2305,#2306,#2307,#2308,#2309,
    #2310,#2311,#2312,#2313,#2314,#2315,#2316,#2317,#2318,#2319,#2320,
    #2321,#2322,#2323,#2324,#2325,#2326,#2327,#2328,#2329,#2330,#2331,
    #2332,#2333,#2334,#2335,#2336,#2337,#2338,#2339,#2340,#2341,#2342,
    #2343,#2344,#2345,#2346,#2347,#2348,#2349,#2350,#2351,#2352,#2353,
    #2354,#2355,#2356,#2357,#2358,#2359,#2360,#2361,#2362),
  .UNSPECIFIED.,.F.,.F.,(7,5,5,5,5,5,5,5,5,5,5,5,5,5,5,5,5,5,5,5,7),(0.,
    5.073178518953E-02,0.100107415745,0.143957081022,0.188589519778,
    0.248866912498,0.310457275106,0.353824377931,0.40046358768,
    0.449958454775,0.498999364976,0.550112838568,0.599509157015,
    0.662509294038,0.709588889908,0.748445757125,0.810297096197,
    0.853847958193,0.900684792,0.950389383413,1.),.UNSPECIFIED.);
#2261 = CARTESIAN_POINT('',(0.,11.936698586202));
#2262 = CARTESIAN_POINT('',(4.905398909924E-02,11.936698586202));
#2263 = CARTESIAN_POINT('',(9.806981977898E-02,11.940327710374));
#2264 = CARTESIAN_POINT('',(0.147067122522,11.947575508805));
#2265 = CARTESIAN_POINT('',(0.196059508048,11.958295279396));
#2266 = CARTESIAN_POINT('',(0.245047575614,11.972203707658));
#2267 = CARTESIAN_POINT('',(0.341644955488,12.005169207303));
#2268 = CARTESIAN_POINT('',(0.389266714743,12.024082325137));
#2269 = CARTESIAN_POINT('',(0.436961898557,12.045333094045));
#2270 = CARTESIAN_POINT('',(0.484814753053,12.068559677899));
#2271 = CARTESIAN_POINT('',(0.532902331666,12.093366121982));
#2272 = CARTESIAN_POINT('',(0.624279472121,12.142395751546));
#2273 = CARTESIAN_POINT('',(0.667521883741,12.166383251657));
#2274 = CARTESIAN_POINT('',(0.711123414598,12.191028712733));
#2275 = CARTESIAN_POINT('',(0.75517379308,12.216050945011));
#2276 = CARTESIAN_POINT('',(0.799764007909,12.241152033137));
#2277 = CARTESIAN_POINT('',(0.891033243158,12.291319686178));
#2278 = CARTESIAN_POINT('',(0.937765556352,12.316394214482));
#2279 = CARTESIAN_POINT('',(0.985267851225,12.340883656155));
#2280 = CARTESIAN_POINT('',(1.033614153717,12.364405020246));
#2281 = CARTESIAN_POINT('',(1.082885105953,12.386549787001));
#2282 = CARTESIAN_POINT('',(1.201096610473,12.434354143914));
#2283 = CARTESIAN_POINT('',(1.271353616539,12.45871733887));
#2284 = CARTESIAN_POINT('',(1.343289448874,12.478446961392));
#2285 = CARTESIAN_POINT('',(1.416455228769,12.49230141515));
#2286 = CARTESIAN_POINT('',(1.490491069291,12.499546835939));
#2287 = CARTESIAN_POINT('',(1.641260834267,12.500429123084));
#2288 = CARTESIAN_POINT('',(1.716983171652,12.493760054174));
#2289 = CARTESIAN_POINT('',(1.791854943493,12.480127376994));
#2290 = CARTESIAN_POINT('',(1.86547781165,12.460279172421));
#2291 = CARTESIAN_POINT('',(1.937357732255,12.435538401366));
#2292 = CARTESIAN_POINT('',(2.055638518139,12.387848950732));
#2293 = CARTESIAN_POINT('',(2.103548136961,12.366429921641));
#2294 = CARTESIAN_POINT('',(2.15058198952,12.343691451458));
#2295 = CARTESIAN_POINT('',(2.196813295063,12.320009409522));
#2296 = CARTESIAN_POINT('',(2.242309144281,12.295737251638));
#2297 = CARTESIAN_POINT('',(2.335349041051,12.244816868551));
#2298 = CARTESIAN_POINT('',(2.382820249972,12.218110283614));
#2299 = CARTESIAN_POINT('',(2.429673698935,12.191467901365));
#2300 = CARTESIAN_POINT('',(2.476018291588,12.165248655284));
#2301 = CARTESIAN_POINT('',(2.521961317948,12.139790007487));
#2302 = CARTESIAN_POINT('',(2.616074533515,12.089542503713));
#2303 = CARTESIAN_POINT('',(2.664231382902,12.064878070335));
#2304 = CARTESIAN_POINT('',(2.712162619966,12.041840518742));
#2305 = CARTESIAN_POINT('',(2.759943629477,12.020827613357));
#2306 = CARTESIAN_POINT('',(2.807657556395,12.002201269895));
#2307 = CARTESIAN_POINT('',(2.902703845378,11.970495212503));
#2308 = CARTESIAN_POINT('',(2.950041369852,11.957364303785));
#2309 = CARTESIAN_POINT('',(2.997385017089,11.947228706175));
#2310 = CARTESIAN_POINT('',(3.044734496478,11.940338940784));
#2311 = CARTESIAN_POINT('',(3.092100958628,11.936825956763));
#2312 = CARTESIAN_POINT('',(3.188903755699,11.936571448839));
#2313 = CARTESIAN_POINT('',(3.238268423607,11.940122566401));
#2314 = CARTESIAN_POINT('',(3.287614491989,11.947347234352));
#2315 = CARTESIAN_POINT('',(3.336955716215,11.958097653292));
#2316 = CARTESIAN_POINT('',(3.386292580298,11.972085066552));
#2317 = CARTESIAN_POINT('',(3.483237609078,12.005169207303));
#2318 = CARTESIAN_POINT('',(3.530859368332,12.024082325137));
#2319 = CARTESIAN_POINT('',(3.578554552146,12.045333094045));
#2320 = CARTESIAN_POINT('',(3.626407406643,12.068559677899));
#2321 = CARTESIAN_POINT('',(3.674494985256,12.093366121982));
#2322 = CARTESIAN_POINT('',(3.784617084485,12.15245361044));
#2323 = CARTESIAN_POINT('',(3.846879666937,12.187480930081));
#2324 = CARTESIAN_POINT('',(3.909964426223,12.22362065157));
#2325 = CARTESIAN_POINT('',(3.974144516255,12.260032937117));
#2326 = CARTESIAN_POINT('',(4.039698305596,12.295790956217));
#2327 = CARTESIAN_POINT('',(4.157165440765,12.355281767835));
#2328 = CARTESIAN_POINT('',(4.208426849454,12.379814272062));
#2329 = CARTESIAN_POINT('',(4.26070684565,12.402919660676));
#2330 = CARTESIAN_POINT('',(4.31402017498,12.424066720698));
#2331 = CARTESIAN_POINT('',(4.368402542224,12.442728375847));
#2332 = CARTESIAN_POINT('',(4.469728394501,12.471335984374));
#2333 = CARTESIAN_POINT('',(4.516312131582,12.48223508063));
#2334 = CARTESIAN_POINT('',(4.563460343106,12.490746374831));
#2335 = CARTESIAN_POINT('',(4.611003242594,12.49661678345));
#2336 = CARTESIAN_POINT('',(4.65878715053,12.499703101295));
#2337 = CARTESIAN_POINT('',(4.782853487866,12.500429123084));
#2338 = CARTESIAN_POINT('',(4.858575825239,12.493760054173));
#2339 = CARTESIAN_POINT('',(4.933447597072,12.480127376996));
#2340 = CARTESIAN_POINT('',(5.007070465235,12.460279172424));
#2341 = CARTESIAN_POINT('',(5.078950385854,12.435538401362));
#2342 = CARTESIAN_POINT('',(5.197231171736,12.387848950729));
#2343 = CARTESIAN_POINT('',(5.245140790548,12.366429921642));
#2344 = CARTESIAN_POINT('',(5.292174643102,12.343691451462));
#2345 = CARTESIAN_POINT('',(5.33840594865,12.320009409523));
#2346 = CARTESIAN_POINT('',(5.383901797877,12.295737251634));
#2347 = CARTESIAN_POINT('',(5.476941694641,12.244816868551));
#2348 = CARTESIAN_POINT('',(5.524412903562,12.218110283615));
#2349 = CARTESIAN_POINT('',(5.571266352525,12.191467901366));
#2350 = CARTESIAN_POINT('',(5.617610945178,12.165248655284));
#2351 = CARTESIAN_POINT('',(5.663553971538,12.139790007487));
#2352 = CARTESIAN_POINT('',(5.757667187105,12.089542503714));
#2353 = CARTESIAN_POINT('',(5.805824036492,12.064878070335));
#2354 = CARTESIAN_POINT('',(5.853755273556,12.041840518742));
#2355 = CARTESIAN_POINT('',(5.901536283067,12.020827613357));
#2356 = CARTESIAN_POINT('',(5.949250209985,12.002201269895));
#2357 = CARTESIAN_POINT('',(6.044644115318,11.970379252752));
#2358 = CARTESIAN_POINT('',(6.092330437249,11.95717123146));
#2359 = CARTESIAN_POINT('',(6.140022986784,11.947005359408));
#2360 = CARTESIAN_POINT('',(6.187721299069,11.94013714686));
#2361 = CARTESIAN_POINT('',(6.235436602245,11.936698586202));
#2362 = CARTESIAN_POINT('',(6.28318530718,11.936698586202));
#2363 = ( GEOMETRIC_REPRESENTATION_CONTEXT(2) 
PARAMETRIC_REPRESENTATION_CONTEXT() REPRESENTATION_CONTEXT('2D SPACE',''
  ) );
#2364 = ADVANCED_FACE('',(#2365),#1052,.T.);
#2365 = FACE_BOUND('',#2366,.T.);
#2366 = EDGE_LOOP('',(#2367,#2368,#2369,#2370,#2371));
#2367 = ORIENTED_EDGE('',*,*,#1689,.T.);
#2368 = ORIENTED_EDGE('',*,*,#1639,.T.);
#2369 = ORIENTED_EDGE('',*,*,#1263,.T.);
#2370 = ORIENTED_EDGE('',*,*,#1664,.T.);
#2371 = ORIENTED_EDGE('',*,*,#1037,.F.);
#2372 = ADVANCED_FACE('',(#2373),#974,.T.);
#2373 = FACE_BOUND('',#2374,.T.);
#2374 = EDGE_LOOP('',(#2375,#2400,#2421,#2422,#2423,#2442,#2443,#2444));
#2375 = ORIENTED_EDGE('',*,*,#2376,.F.);
#2376 = EDGE_CURVE('',#2377,#2379,#2381,.T.);
#2377 = VERTEX_POINT('',#2378);
#2378 = CARTESIAN_POINT('',(-28.9378221735,-5.5,53.160254037844));
#2379 = VERTEX_POINT('',#2380);
#2380 = CARTESIAN_POINT('',(-28.9378221735,5.5,53.160254037844));
#2381 = SURFACE_CURVE('',#2382,(#2386,#2393),.PCURVE_S1.);
#2382 = LINE('',#2383,#2384);
#2383 = CARTESIAN_POINT('',(-28.9378221735,-5.5,53.160254037844));
#2384 = VECTOR('',#2385,1.);
#2385 = DIRECTION('',(-0.,1.,0.));
#2386 = PCURVE('',#974,#2387);
#2387 = DEFINITIONAL_REPRESENTATION('',(#2388),#2392);
#2388 = LINE('',#2389,#2390);
#2389 = CARTESIAN_POINT('',(20.,0.));
#2390 = VECTOR('',#2391,1.);
#2391 = DIRECTION('',(0.,-1.));
#2392 = ( GEOMETRIC_REPRESENTATION_CONTEXT(2) 
PARAMETRIC_REPRESENTATION_CONTEXT() REPRESENTATION_CONTEXT('2D SPACE',''
  ) );
#2393 = PCURVE('',#1626,#2394);
#2394 = DEFINITIONAL_REPRESENTATION('',(#2395),#2399);
#2395 = LINE('',#2396,#2397);
#2396 = CARTESIAN_POINT('',(14.,0.));
#2397 = VECTOR('',#2398,1.);
#2398 = DIRECTION('',(0.,1.));
#2399 = ( GEOMETRIC_REPRESENTATION_CONTEXT(2) 
PARAMETRIC_REPRESENTATION_CONTEXT() REPRESENTATION_CONTEXT('2D SPACE',''
  ) );
#2400 = ORIENTED_EDGE('',*,*,#2401,.F.);
#2401 = EDGE_CURVE('',#1486,#2377,#2402,.T.);
#2402 = SURFACE_CURVE('',#2403,(#2407,#2414),.PCURVE_S1.);
#2403 = LINE('',#2404,#2405);
#2404 = CARTESIAN_POINT('',(-18.9378221735,-5.5,35.839745962156));
#2405 = VECTOR('',#2406,1.);
#2406 = DIRECTION('',(-0.5,0.,0.866025403784));
#2407 = PCURVE('',#974,#2408);
#2408 = DEFINITIONAL_REPRESENTATION('',(#2409),#2413);
#2409 = LINE('',#2410,#2411);
#2410 = CARTESIAN_POINT('',(0.,0.));
#2411 = VECTOR('',#2412,1.);
#2412 = DIRECTION('',(1.,0.));
#2413 = ( GEOMETRIC_REPRESENTATION_CONTEXT(2) 
PARAMETRIC_REPRESENTATION_CONTEXT() REPRESENTATION_CONTEXT('2D SPACE',''
  ) );
#2414 = PCURVE('',#1501,#2415);
#2415 = DEFINITIONAL_REPRESENTATION('',(#2416),#2420);
#2416 = LINE('',#2417,#2418);
#2417 = CARTESIAN_POINT('',(0.,14.));
#2418 = VECTOR('',#2419,1.);
#2419 = DIRECTION('',(1.,0.));
#2420 = ( GEOMETRIC_REPRESENTATION_CONTEXT(2) 
PARAMETRIC_REPRESENTATION_CONTEXT() REPRESENTATION_CONTEXT('2D SPACE',''
  ) );
#2421 = ORIENTED_EDGE('',*,*,#1513,.T.);
#2422 = ORIENTED_EDGE('',*,*,#959,.T.);
#2423 = ORIENTED_EDGE('',*,*,#2424,.T.);
#2424 = EDGE_CURVE('',#932,#1178,#2425,.T.);
#2425 = SURFACE_CURVE('',#2426,(#2430,#2436),.PCURVE_S1.);
#2426 = LINE('',#2427,#2428);
#2427 = CARTESIAN_POINT('',(-24.80384757729,-2.75,46.));
#2428 = VECTOR('',#2429,1.);
#2429 = DIRECTION('',(0.,1.,0.));
#2430 = PCURVE('',#974,#2431);
#2431 = DEFINITIONAL_REPRESENTATION('',(#2432),#2435);
#2432 = B_SPLINE_CURVE_WITH_KNOTS('',1,(#2433,#2434),.UNSPECIFIED.,.F.,
  .F.,(2,2),(0.25,5.25),.PIECEWISE_BEZIER_KNOTS.);
#2433 = CARTESIAN_POINT('',(11.732050807569,-3.));
#2434 = CARTESIAN_POINT('',(11.732050807569,-8.));
#2435 = ( GEOMETRIC_REPRESENTATION_CONTEXT(2) 
PARAMETRIC_REPRESENTATION_CONTEXT() REPRESENTATION_CONTEXT('2D SPACE',''
  ) );
#2436 = PCURVE('',#947,#2437);
#2437 = DEFINITIONAL_REPRESENTATION('',(#2438),#2441);
#2438 = B_SPLINE_CURVE_WITH_KNOTS('',1,(#2439,#2440),.UNSPECIFIED.,.F.,
  .F.,(2,2),(0.25,5.25),.PIECEWISE_BEZIER_KNOTS.);
#2439 = CARTESIAN_POINT('',(0.803847577293,2.5));
#2440 = CARTESIAN_POINT('',(0.803847577293,-2.5));
#2441 = ( GEOMETRIC_REPRESENTATION_CONTEXT(2) 
PARAMETRIC_REPRESENTATION_CONTEXT() REPRESENTATION_CONTEXT('2D SPACE',''
  ) );
#2442 = ORIENTED_EDGE('',*,*,#1200,.F.);
#2443 = ORIENTED_EDGE('',*,*,#1406,.T.);
#2444 = ORIENTED_EDGE('',*,*,#2445,.T.);
#2445 = EDGE_CURVE('',#1407,#2379,#2446,.T.);
#2446 = SURFACE_CURVE('',#2447,(#2451,#2458),.PCURVE_S1.);
#2447 = LINE('',#2448,#2449);
#2448 = CARTESIAN_POINT('',(-18.9378221735,5.5,35.839745962156));
#2449 = VECTOR('',#2450,1.);
#2450 = DIRECTION('',(-0.5,0.,0.866025403784));
#2451 = PCURVE('',#974,#2452);
#2452 = DEFINITIONAL_REPRESENTATION('',(#2453),#2457);
#2453 = LINE('',#2454,#2455);
#2454 = CARTESIAN_POINT('',(0.,-11.));
#2455 = VECTOR('',#2456,1.);
#2456 = DIRECTION('',(1.,0.));
#2457 = ( GEOMETRIC_REPRESENTATION_CONTEXT(2) 
PARAMETRIC_REPRESENTATION_CONTEXT() REPRESENTATION_CONTEXT('2D SPACE',''
  ) );
#2458 = PCURVE('',#1445,#2459);
#2459 = DEFINITIONAL_REPRESENTATION('',(#2460),#2464);
#2460 = LINE('',#2461,#2462);
#2461 = CARTESIAN_POINT('',(0.,14.));
#2462 = VECTOR('',#2463,1.);
#2463 = DIRECTION('',(1.,0.));
#2464 = ( GEOMETRIC_REPRESENTATION_CONTEXT(2) 
PARAMETRIC_REPRESENTATION_CONTEXT() REPRESENTATION_CONTEXT('2D SPACE',''
  ) );
#2465 = ADVANCED_FACE('',(#2466),#947,.T.);
#2466 = FACE_BOUND('',#2467,.T.);
#2467 = EDGE_LOOP('',(#2468,#2469,#2470,#2471));
#2468 = ORIENTED_EDGE('',*,*,#1356,.F.);
#2469 = ORIENTED_EDGE('',*,*,#1177,.T.);
#2470 = ORIENTED_EDGE('',*,*,#2424,.F.);
#2471 = ORIENTED_EDGE('',*,*,#931,.F.);
#2472 = ADVANCED_FACE('',(#2473,#2521),#1501,.F.);
#2473 = FACE_BOUND('',#2474,.F.);
#2474 = EDGE_LOOP('',(#2475,#2476,#2499,#2520));
#2475 = ORIENTED_EDGE('',*,*,#1485,.F.);
#2476 = ORIENTED_EDGE('',*,*,#2477,.T.);
#2477 = EDGE_CURVE('',#1458,#2478,#2480,.T.);
#2478 = VERTEX_POINT('',#2479);
#2479 = CARTESIAN_POINT('',(-41.06217782649,-5.5,46.160254037844));
#2480 = SURFACE_CURVE('',#2481,(#2485,#2492),.PCURVE_S1.);
#2481 = LINE('',#2482,#2483);
#2482 = CARTESIAN_POINT('',(-31.06217782649,-5.5,28.839745962156));
#2483 = VECTOR('',#2484,1.);
#2484 = DIRECTION('',(-0.5,0.,0.866025403784));
#2485 = PCURVE('',#1501,#2486);
#2486 = DEFINITIONAL_REPRESENTATION('',(#2487),#2491);
#2487 = LINE('',#2488,#2489);
#2488 = CARTESIAN_POINT('',(0.,0.));
#2489 = VECTOR('',#2490,1.);
#2490 = DIRECTION('',(1.,0.));
#2491 = ( GEOMETRIC_REPRESENTATION_CONTEXT(2) 
PARAMETRIC_REPRESENTATION_CONTEXT() REPRESENTATION_CONTEXT('2D SPACE',''
  ) );
#2492 = PCURVE('',#1473,#2493);
#2493 = DEFINITIONAL_REPRESENTATION('',(#2494),#2498);
#2494 = LINE('',#2495,#2496);
#2495 = CARTESIAN_POINT('',(0.,0.));
#2496 = VECTOR('',#2497,1.);
#2497 = DIRECTION('',(1.,0.));
#2498 = ( GEOMETRIC_REPRESENTATION_CONTEXT(2) 
PARAMETRIC_REPRESENTATION_CONTEXT() REPRESENTATION_CONTEXT('2D SPACE',''
  ) );
#2499 = ORIENTED_EDGE('',*,*,#2500,.T.);
#2500 = EDGE_CURVE('',#2478,#2377,#2501,.T.);
#2501 = SURFACE_CURVE('',#2502,(#2506,#2513),.PCURVE_S1.);
#2502 = LINE('',#2503,#2504);
#2503 = CARTESIAN_POINT('',(-41.06217782649,-5.5,46.160254037844));
#2504 = VECTOR('',#2505,1.);
#2505 = DIRECTION('',(0.866025403784,0.,0.5));
#2506 = PCURVE('',#1501,#2507);
#2507 = DEFINITIONAL_REPRESENTATION('',(#2508),#2512);
#2508 = LINE('',#2509,#2510);
#2509 = CARTESIAN_POINT('',(20.,0.));
#2510 = VECTOR('',#2511,1.);
#2511 = DIRECTION('',(0.,1.));
#2512 = ( GEOMETRIC_REPRESENTATION_CONTEXT(2) 
PARAMETRIC_REPRESENTATION_CONTEXT() REPRESENTATION_CONTEXT('2D SPACE',''
  ) );
#2513 = PCURVE('',#1626,#2514);
#2514 = DEFINITIONAL_REPRESENTATION('',(#2515),#2519);
#2515 = LINE('',#2516,#2517);
#2516 = CARTESIAN_POINT('',(0.,0.));
#2517 = VECTOR('',#2518,1.);
#2518 = DIRECTION('',(1.,0.));
#2519 = ( GEOMETRIC_REPRESENTATION_CONTEXT(2) 
PARAMETRIC_REPRESENTATION_CONTEXT() REPRESENTATION_CONTEXT('2D SPACE',''
  ) );
#2520 = ORIENTED_EDGE('',*,*,#2401,.F.);
#2521 = FACE_BOUND('',#2522,.F.);
#2522 = EDGE_LOOP('',(#2523));
#2523 = ORIENTED_EDGE('',*,*,#2524,.T.);
#2524 = EDGE_CURVE('',#2525,#2525,#2527,.T.);
#2525 = VERTEX_POINT('',#2526);
#2526 = CARTESIAN_POINT('',(-28.48445554337,-5.5,41.875));
#2527 = SURFACE_CURVE('',#2528,(#2533,#2544),.PCURVE_S1.);
#2528 = CIRCLE('',#2529,1.75);
#2529 = AXIS2_PLACEMENT_3D('',#2530,#2531,#2532);
#2530 = CARTESIAN_POINT('',(-30.,-5.5,41.));
#2531 = DIRECTION('',(-1.110223024625E-16,-1.,1.922962686384E-16));
#2532 = DIRECTION('',(0.866025403784,1.651364394488E-33,0.5));
#2533 = PCURVE('',#1501,#2534);
#2534 = DEFINITIONAL_REPRESENTATION('',(#2535),#2543);
#2535 = ( BOUNDED_CURVE() B_SPLINE_CURVE(2,(#2536,#2537,#2538,#2539,
#2540,#2541,#2542),.UNSPECIFIED.,.T.,.F.) B_SPLINE_CURVE_WITH_KNOTS((1,2
    ,2,2,2,1),(-2.094395102393,0.,2.094395102393,4.188790204786,
6.28318530718,8.377580409573),.UNSPECIFIED.) CURVE() 
GEOMETRIC_REPRESENTATION_ITEM() RATIONAL_B_SPLINE_CURVE((1.,0.5,1.,0.5,
1.,0.5,1.)) REPRESENTATION_ITEM('') );
#2536 = CARTESIAN_POINT('',(10.,8.75));
#2537 = CARTESIAN_POINT('',(13.031088913246,8.75));
#2538 = CARTESIAN_POINT('',(11.515544456623,6.125));
#2539 = CARTESIAN_POINT('',(10.,3.5));
#2540 = CARTESIAN_POINT('',(8.484455543377,6.125));
#2541 = CARTESIAN_POINT('',(6.968911086754,8.75));
#2542 = CARTESIAN_POINT('',(10.,8.75));
#2543 = ( GEOMETRIC_REPRESENTATION_CONTEXT(2) 
PARAMETRIC_REPRESENTATION_CONTEXT() REPRESENTATION_CONTEXT('2D SPACE',''
  ) );
#2544 = PCURVE('',#2254,#2545);
#2545 = DEFINITIONAL_REPRESENTATION('',(#2546),#2550);
#2546 = LINE('',#2547,#2548);
#2547 = CARTESIAN_POINT('',(0.,15.));
#2548 = VECTOR('',#2549,1.);
#2549 = DIRECTION('',(1.,0.));
#2550 = ( GEOMETRIC_REPRESENTATION_CONTEXT(2) 
PARAMETRIC_REPRESENTATION_CONTEXT() REPRESENTATION_CONTEXT('2D SPACE',''
  ) );
#2551 = ADVANCED_FACE('',(#2552),#1473,.F.);
#2552 = FACE_BOUND('',#2553,.F.);
#2553 = EDGE_LOOP('',(#2554,#2555,#2556,#2579));
#2554 = ORIENTED_EDGE('',*,*,#2477,.F.);
#2555 = ORIENTED_EDGE('',*,*,#1457,.T.);
#2556 = ORIENTED_EDGE('',*,*,#2557,.T.);
#2557 = EDGE_CURVE('',#1430,#2558,#2560,.T.);
#2558 = VERTEX_POINT('',#2559);
#2559 = CARTESIAN_POINT('',(-41.06217782649,5.5,46.160254037844));
#2560 = SURFACE_CURVE('',#2561,(#2565,#2572),.PCURVE_S1.);
#2561 = LINE('',#2562,#2563);
#2562 = CARTESIAN_POINT('',(-31.06217782649,5.5,28.839745962156));
#2563 = VECTOR('',#2564,1.);
#2564 = DIRECTION('',(-0.5,0.,0.866025403784));
#2565 = PCURVE('',#1473,#2566);
#2566 = DEFINITIONAL_REPRESENTATION('',(#2567),#2571);
#2567 = LINE('',#2568,#2569);
#2568 = CARTESIAN_POINT('',(0.,-11.));
#2569 = VECTOR('',#2570,1.);
#2570 = DIRECTION('',(1.,0.));
#2571 = ( GEOMETRIC_REPRESENTATION_CONTEXT(2) 
PARAMETRIC_REPRESENTATION_CONTEXT() REPRESENTATION_CONTEXT('2D SPACE',''
  ) );
#2572 = PCURVE('',#1445,#2573);
#2573 = DEFINITIONAL_REPRESENTATION('',(#2574),#2578);
#2574 = LINE('',#2575,#2576);
#2575 = CARTESIAN_POINT('',(0.,0.));
#2576 = VECTOR('',#2577,1.);
#2577 = DIRECTION('',(1.,0.));
#2578 = ( GEOMETRIC_REPRESENTATION_CONTEXT(2) 
PARAMETRIC_REPRESENTATION_CONTEXT() REPRESENTATION_CONTEXT('2D SPACE',''
  ) );
#2579 = ORIENTED_EDGE('',*,*,#2580,.F.);
#2580 = EDGE_CURVE('',#2478,#2558,#2581,.T.);
#2581 = SURFACE_CURVE('',#2582,(#2586,#2593),.PCURVE_S1.);
#2582 = LINE('',#2583,#2584);
#2583 = CARTESIAN_POINT('',(-41.06217782649,-5.5,46.160254037844));
#2584 = VECTOR('',#2585,1.);
#2585 = DIRECTION('',(-0.,1.,0.));
#2586 = PCURVE('',#1473,#2587);
#2587 = DEFINITIONAL_REPRESENTATION('',(#2588),#2592);
#2588 = LINE('',#2589,#2590);
#2589 = CARTESIAN_POINT('',(20.,0.));
#2590 = VECTOR('',#2591,1.);
#2591 = DIRECTION('',(0.,-1.));
#2592 = ( GEOMETRIC_REPRESENTATION_CONTEXT(2) 
PARAMETRIC_REPRESENTATION_CONTEXT() REPRESENTATION_CONTEXT('2D SPACE',''
  ) );
#2593 = PCURVE('',#1626,#2594);
#2594 = DEFINITIONAL_REPRESENTATION('',(#2595),#2599);
#2595 = LINE('',#2596,#2597);
#2596 = CARTESIAN_POINT('',(0.,0.));
#2597 = VECTOR('',#2598,1.);
#2598 = DIRECTION('',(0.,1.));
#2599 = ( GEOMETRIC_REPRESENTATION_CONTEXT(2) 
PARAMETRIC_REPRESENTATION_CONTEXT() REPRESENTATION_CONTEXT('2D SPACE',''
  ) );
#2600 = ADVANCED_FACE('',(#2601,#2627),#1445,.T.);
#2601 = FACE_BOUND('',#2602,.T.);
#2602 = EDGE_LOOP('',(#2603,#2604,#2605,#2626));
#2603 = ORIENTED_EDGE('',*,*,#1429,.F.);
#2604 = ORIENTED_EDGE('',*,*,#2557,.T.);
#2605 = ORIENTED_EDGE('',*,*,#2606,.T.);
#2606 = EDGE_CURVE('',#2558,#2379,#2607,.T.);
#2607 = SURFACE_CURVE('',#2608,(#2612,#2619),.PCURVE_S1.);
#2608 = LINE('',#2609,#2610);
#2609 = CARTESIAN_POINT('',(-41.06217782649,5.5,46.160254037844));
#2610 = VECTOR('',#2611,1.);
#2611 = DIRECTION('',(0.866025403784,0.,0.5));
#2612 = PCURVE('',#1445,#2613);
#2613 = DEFINITIONAL_REPRESENTATION('',(#2614),#2618);
#2614 = LINE('',#2615,#2616);
#2615 = CARTESIAN_POINT('',(20.,0.));
#2616 = VECTOR('',#2617,1.);
#2617 = DIRECTION('',(0.,1.));
#2618 = ( GEOMETRIC_REPRESENTATION_CONTEXT(2) 
PARAMETRIC_REPRESENTATION_CONTEXT() REPRESENTATION_CONTEXT('2D SPACE',''
  ) );
#2619 = PCURVE('',#1626,#2620);
#2620 = DEFINITIONAL_REPRESENTATION('',(#2621),#2625);
#2621 = LINE('',#2622,#2623);
#2622 = CARTESIAN_POINT('',(0.,11.));
#2623 = VECTOR('',#2624,1.);
#2624 = DIRECTION('',(1.,0.));
#2625 = ( GEOMETRIC_REPRESENTATION_CONTEXT(2) 
PARAMETRIC_REPRESENTATION_CONTEXT() REPRESENTATION_CONTEXT('2D SPACE',''
  ) );
#2626 = ORIENTED_EDGE('',*,*,#2445,.F.);
#2627 = FACE_BOUND('',#2628,.T.);
#2628 = EDGE_LOOP('',(#2629));
#2629 = ORIENTED_EDGE('',*,*,#2630,.T.);
#2630 = EDGE_CURVE('',#2631,#2631,#2633,.T.);
#2631 = VERTEX_POINT('',#2632);
#2632 = CARTESIAN_POINT('',(-28.48445554337,5.5,41.875));
#2633 = SURFACE_CURVE('',#2634,(#2639,#2650),.PCURVE_S1.);
#2634 = CIRCLE('',#2635,1.75);
#2635 = AXIS2_PLACEMENT_3D('',#2636,#2637,#2638);
#2636 = CARTESIAN_POINT('',(-30.,5.5,41.));
#2637 = DIRECTION('',(-1.110223024625E-16,-1.,1.922962686384E-16));
#2638 = DIRECTION('',(0.866025403784,1.651364394488E-33,0.5));
#2639 = PCURVE('',#1445,#2640);
#2640 = DEFINITIONAL_REPRESENTATION('',(#2641),#2649);
#2641 = ( BOUNDED_CURVE() B_SPLINE_CURVE(2,(#2642,#2643,#2644,#2645,
#2646,#2647,#2648),.UNSPECIFIED.,.T.,.F.) B_SPLINE_CURVE_WITH_KNOTS((1,2
    ,2,2,2,1),(-2.094395102393,0.,2.094395102393,4.188790204786,
6.28318530718,8.377580409573),.UNSPECIFIED.) CURVE() 
GEOMETRIC_REPRESENTATION_ITEM() RATIONAL_B_SPLINE_CURVE((1.,0.5,1.,0.5,
1.,0.5,1.)) REPRESENTATION_ITEM('') );
#2642 = CARTESIAN_POINT('',(10.,8.75));
#2643 = CARTESIAN_POINT('',(13.031088913246,8.75));
#2644 = CARTESIAN_POINT('',(11.515544456623,6.125));
#2645 = CARTESIAN_POINT('',(10.,3.5));
#2646 = CARTESIAN_POINT('',(8.484455543377,6.125));
#2647 = CARTESIAN_POINT('',(6.968911086754,8.75));
#2648 = CARTESIAN_POINT('',(10.,8.75));
#2649 = ( GEOMETRIC_REPRESENTATION_CONTEXT(2) 
PARAMETRIC_REPRESENTATION_CONTEXT() REPRESENTATION_CONTEXT('2D SPACE',''
  ) );
#2650 = PCURVE('',#1927,#2651);
#2651 = DEFINITIONAL_REPRESENTATION('',(#2652),#2656);
#2652 = LINE('',#2653,#2654);
#2653 = CARTESIAN_POINT('',(0.,4.));
#2654 = VECTOR('',#2655,1.);
#2655 = DIRECTION('',(1.,0.));
#2656 = ( GEOMETRIC_REPRESENTATION_CONTEXT(2) 
PARAMETRIC_REPRESENTATION_CONTEXT() REPRESENTATION_CONTEXT('2D SPACE',''
  ) );
#2657 = ADVANCED_FACE('',(#2658,#2664),#1626,.T.);
#2658 = FACE_BOUND('',#2659,.T.);
#2659 = EDGE_LOOP('',(#2660,#2661,#2662,#2663));
#2660 = ORIENTED_EDGE('',*,*,#2580,.F.);
#2661 = ORIENTED_EDGE('',*,*,#2500,.T.);
#2662 = ORIENTED_EDGE('',*,*,#2376,.T.);
#2663 = ORIENTED_EDGE('',*,*,#2606,.F.);
#2664 = FACE_BOUND('',#2665,.T.);
#2665 = EDGE_LOOP('',(#2666));
#2666 = ORIENTED_EDGE('',*,*,#1611,.F.);
#2667 = ADVANCED_FACE('',(#2668),#1927,.F.);
#2668 = FACE_BOUND('',#2669,.F.);
#2669 = EDGE_LOOP('',(#2670,#2671,#2692,#2693));
#2670 = ORIENTED_EDGE('',*,*,#1713,.F.);
#2671 = ORIENTED_EDGE('',*,*,#2672,.F.);
#2672 = EDGE_CURVE('',#2631,#1714,#2673,.T.);
#2673 = SEAM_CURVE('',#2674,(#2678,#2685),.PCURVE_S1.);
#2674 = LINE('',#2675,#2676);
#2675 = CARTESIAN_POINT('',(-28.48445554337,9.5,41.875));
#2676 = VECTOR('',#2677,1.);
#2677 = DIRECTION('',(-1.110223024625E-16,-1.,1.922962686384E-16));
#2678 = PCURVE('',#1927,#2679);
#2679 = DEFINITIONAL_REPRESENTATION('',(#2680),#2684);
#2680 = LINE('',#2681,#2682);
#2681 = CARTESIAN_POINT('',(6.28318530718,-0.));
#2682 = VECTOR('',#2683,1.);
#2683 = DIRECTION('',(0.,1.));
#2684 = ( GEOMETRIC_REPRESENTATION_CONTEXT(2) 
PARAMETRIC_REPRESENTATION_CONTEXT() REPRESENTATION_CONTEXT('2D SPACE',''
  ) );
#2685 = PCURVE('',#1927,#2686);
#2686 = DEFINITIONAL_REPRESENTATION('',(#2687),#2691);
#2687 = LINE('',#2688,#2689);
#2688 = CARTESIAN_POINT('',(0.,-0.));
#2689 = VECTOR('',#2690,1.);
#2690 = DIRECTION('',(0.,1.));
#2691 = ( GEOMETRIC_REPRESENTATION_CONTEXT(2) 
PARAMETRIC_REPRESENTATION_CONTEXT() REPRESENTATION_CONTEXT('2D SPACE',''
  ) );
#2692 = ORIENTED_EDGE('',*,*,#2630,.T.);
#2693 = ORIENTED_EDGE('',*,*,#2672,.T.);
#2694 = ADVANCED_FACE('',(#2695),#2254,.F.);
#2695 = FACE_BOUND('',#2696,.F.);
#2696 = EDGE_LOOP('',(#2697,#2698,#2719,#2720));
#2697 = ORIENTED_EDGE('',*,*,#2524,.F.);
#2698 = ORIENTED_EDGE('',*,*,#2699,.F.);
#2699 = EDGE_CURVE('',#2041,#2525,#2700,.T.);
#2700 = SEAM_CURVE('',#2701,(#2705,#2712),.PCURVE_S1.);
#2701 = LINE('',#2702,#2703);
#2702 = CARTESIAN_POINT('',(-28.48445554337,9.5,41.875));
#2703 = VECTOR('',#2704,1.);
#2704 = DIRECTION('',(-1.110223024625E-16,-1.,1.922962686384E-16));
#2705 = PCURVE('',#2254,#2706);
#2706 = DEFINITIONAL_REPRESENTATION('',(#2707),#2711);
#2707 = LINE('',#2708,#2709);
#2708 = CARTESIAN_POINT('',(6.28318530718,-0.));
#2709 = VECTOR('',#2710,1.);
#2710 = DIRECTION('',(0.,1.));
#2711 = ( GEOMETRIC_REPRESENTATION_CONTEXT(2) 
PARAMETRIC_REPRESENTATION_CONTEXT() REPRESENTATION_CONTEXT('2D SPACE',''
  ) );
#2712 = PCURVE('',#2254,#2713);
#2713 = DEFINITIONAL_REPRESENTATION('',(#2714),#2718);
#2714 = LINE('',#2715,#2716);
#2715 = CARTESIAN_POINT('',(0.,-0.));
#2716 = VECTOR('',#2717,1.);
#2717 = DIRECTION('',(0.,1.));
#2718 = ( GEOMETRIC_REPRESENTATION_CONTEXT(2) 
PARAMETRIC_REPRESENTATION_CONTEXT() REPRESENTATION_CONTEXT('2D SPACE',''
  ) );
#2719 = ORIENTED_EDGE('',*,*,#2040,.T.);
#2720 = ORIENTED_EDGE('',*,*,#2699,.T.);
#2721 = ( GEOMETRIC_REPRESENTATION_CONTEXT(3) 
GLOBAL_UNCERTAINTY_ASSIGNED_CONTEXT((#2725)) 
GLOBAL_UNIT_ASSIGNED_CONTEXT((#2722,#2723,#2724)) REPRESENTATION_CONTEXT
('Context #1','3D Context with UNIT and UNCERTAINTY') );
#2722 = ( LENGTH_UNIT() NAMED_UNIT(*) SI_UNIT(.MILLI.,.METRE.) );
#2723 = ( NAMED_UNIT(*) PLANE_ANGLE_UNIT() SI_UNIT($,.RADIAN.) );
#2724 = ( NAMED_UNIT(*) SI_UNIT($,.STERADIAN.) SOLID_ANGLE_UNIT() );
#2725 = UNCERTAINTY_MEASURE_WITH_UNIT(LENGTH_MEASURE(2.E-07),#2722,
  'distance_accuracy_value','confusion accuracy');
#2726 = PRODUCT_RELATED_PRODUCT_CATEGORY('part',$,(#7));

#2727=DESCRIPTIVE_REPRESENTATION_ITEM('cadpy:generator','cadpy');
#2728=REPRESENTATION('cadpy:generator',(#2727),#2721);
#2729=PROPERTY_DEFINITION('cadpy metadata','cadpy:generator',#5);
#2730=PROPERTY_DEFINITION_REPRESENTATION(#2729,#2728);
#2731=DESCRIPTIVE_REPRESENTATION_ITEM('cadpy:entryKind','part');
#2732=REPRESENTATION('cadpy:entryKind',(#2731),#2721);
#2733=PROPERTY_DEFINITION('cadpy metadata','cadpy:entryKind',#5);
#2734=PROPERTY_DEFINITION_REPRESENTATION(#2733,#2732);
#2735=DESCRIPTIVE_REPRESENTATION_ITEM('cadpy:sourcePath','antenna_mount.py');
#2736=REPRESENTATION('cadpy:sourcePath',(#2735),#2721);
#2737=PROPERTY_DEFINITION('cadpy metadata','cadpy:sourcePath',#5);
#2738=PROPERTY_DEFINITION_REPRESENTATION(#2737,#2736);
#2739=DESCRIPTIVE_REPRESENTATION_ITEM('cadpy:sourceHash','1f6afdec46b662f1183ef48e4ee8bdf8b0aa5b8b62b42f1484b999d764967e74');
#2740=REPRESENTATION('cadpy:sourceHash',(#2739),#2721);
#2741=PROPERTY_DEFINITION('cadpy metadata','cadpy:sourceHash',#5);
#2742=PROPERTY_DEFINITION_REPRESENTATION(#2741,#2740);
ENDSEC;
END-ISO-10303-21;
