ISO-10303-21;
HEADER;
FILE_DESCRIPTION(('Open CASCADE Model'),'2;1');
FILE_NAME('Open CASCADE Shape Model','2026-07-30T19:37:55',('Author'),(
    'Open CASCADE'),'Open CASCADE STEP processor 7.9','Open CASCADE 7.9'
  ,'Unknown');
FILE_SCHEMA(('AUTOMOTIVE_DESIGN { 1 0 10303 214 1 1 1 1 }'));
ENDSEC;
DATA;
#1 = APPLICATION_PROTOCOL_DEFINITION('international standard',
  'automotive_design',2000,#2);
#2 = APPLICATION_CONTEXT(
  'core data for automotive mechanical design processes');
#3 = SHAPE_DEFINITION_REPRESENTATION(#4,#10);
#4 = PRODUCT_DEFINITION_SHAPE('','',#5);
#5 = PRODUCT_DEFINITION('design','',#6,#9);
#6 = PRODUCT_DEFINITION_FORMATION('','',#7);
#7 = PRODUCT('COMPOUND','COMPOUND','',(#8));
#8 = PRODUCT_CONTEXT('',#2,'mechanical');
#9 = PRODUCT_DEFINITION_CONTEXT('part definition',#2,'design');
#10 = ADVANCED_BREP_SHAPE_REPRESENTATION('',(#11,#15),#7018);
#11 = AXIS2_PLACEMENT_3D('',#12,#13,#14);
#12 = CARTESIAN_POINT('',(0.,0.,0.));
#13 = DIRECTION('',(0.,0.,1.));
#14 = DIRECTION('',(1.,0.,-0.));
#15 = MANIFOLD_SOLID_BREP('',#16);
#16 = CLOSED_SHELL('',(#17,#309,#567,#1575,#1639,#2855,#2885,#2982,#4112
    ,#4142,#4149,#4308,#5251,#5385,#5554,#5612,#5780,#5949,#6035,#6093,
    #6237,#6264,#6291,#6318,#6393,#6448,#6498,#6525,#6552,#6648,#6698,
    #6748,#6798,#6824,#6851,#6878,#6903,#6910,#6939,#6999));
#17 = ADVANCED_FACE('',(#18),#35,.F.);
#18 = FACE_BOUND('',#19,.F.);
#19 = EDGE_LOOP('',(#20,#157,#197,#277));
#20 = ORIENTED_EDGE('',*,*,#21,.F.);
#21 = EDGE_CURVE('',#22,#24,#26,.T.);
#22 = VERTEX_POINT('',#23);
#23 = CARTESIAN_POINT('',(-127.4455423749,9.999985911367E-03,0.));
#24 = VERTEX_POINT('',#25);
#25 = CARTESIAN_POINT('',(-125.4455385288,9.999980739958E-03,
    -14.61725343829));
#26 = SURFACE_CURVE('',#27,(#34,#96),.PCURVE_S1.);
#27 = ( BOUNDED_CURVE() B_SPLINE_CURVE(5,(#28,#29,#30,#31,#32,#33),
.UNSPECIFIED.,.F.,.F.) B_SPLINE_CURVE_WITH_KNOTS((6,6),(0.,1.),
.PIECEWISE_BEZIER_KNOTS.) CURVE() GEOMETRIC_REPRESENTATION_ITEM() 
RATIONAL_B_SPLINE_CURVE((1.,1.,1.,1.,1.,1.)) REPRESENTATION_ITEM('') );
#28 = CARTESIAN_POINT('',(-127.4455423749,9.999980739958E-03,0.));
#29 = CARTESIAN_POINT('',(-127.2428962201,9.999980739958E-03,
    -3.594413271103));
#30 = CARTESIAN_POINT('',(-127.1631035554,9.999980739958E-03,
    -7.739430269868));
#31 = CARTESIAN_POINT('',(-126.3733740295,9.999980739958E-03,
    -10.830650802));
#32 = CARTESIAN_POINT('',(-126.0732027566,9.999980739958E-03,
    -15.14684693069));
#33 = CARTESIAN_POINT('',(-123.6455423749,9.999980739958E-03,-18.));
#34 = PCURVE('',#35,#90);
#35 = ( BOUNDED_SURFACE() B_SPLINE_SURFACE(8,5,(
    (#36,#37,#38,#39,#40,#41)
    ,(#42,#43,#44,#45,#46,#47)
    ,(#48,#49,#50,#51,#52,#53)
    ,(#54,#55,#56,#57,#58,#59)
    ,(#60,#61,#62,#63,#64,#65)
    ,(#66,#67,#68,#69,#70,#71)
    ,(#72,#73,#74,#75,#76,#77)
    ,(#78,#79,#80,#81,#82,#83)
    ,(#84,#85,#86,#87,#88,#89
)),.UNSPECIFIED.,.F.,.F.,.F.) B_SPLINE_SURFACE_WITH_KNOTS((9,9),(6,6),(
    0.,1.),(0.,1.),.PIECEWISE_BEZIER_KNOTS.) 
GEOMETRIC_REPRESENTATION_ITEM() RATIONAL_B_SPLINE_SURFACE((
    (1.,1.,1.,1.,1.,1.)
    ,(1.,1.,1.,1.,1.,1.)
    ,(1.,1.,1.,1.,1.,1.)
    ,(1.,1.,1.,1.,1.,1.)
    ,(1.,1.,1.,1.,1.,1.)
    ,(1.,1.,1.,1.,1.,1.)
    ,(1.,1.,1.,1.,1.,1.)
    ,(1.,1.,1.,1.,1.,1.)
,(1.,1.,1.,1.,1.,1.))) REPRESENTATION_ITEM('') SURFACE() );
#36 = CARTESIAN_POINT('',(-127.4455423749,9.999980739958E-03,0.));
#37 = CARTESIAN_POINT('',(-127.2428962201,9.999980739958E-03,
    -3.594413271103));
#38 = CARTESIAN_POINT('',(-127.1631035554,9.999980739958E-03,
    -7.739430269868));
#39 = CARTESIAN_POINT('',(-126.3733740295,9.999980739958E-03,
    -10.830650802));
#40 = CARTESIAN_POINT('',(-126.0732027566,9.999980739958E-03,
    -15.14684693069));
#41 = CARTESIAN_POINT('',(-123.6455423749,9.999980739958E-03,-18.));
#42 = CARTESIAN_POINT('',(-127.4455423749,7.499983144443E-03,0.));
#43 = CARTESIAN_POINT('',(-127.2428962201,7.499983144443E-03,
    -3.594413271103));
#44 = CARTESIAN_POINT('',(-127.1631035554,7.499983144442E-03,
    -7.739430269868));
#45 = CARTESIAN_POINT('',(-126.3733740295,7.499983144443E-03,
    -10.830650802));
#46 = CARTESIAN_POINT('',(-126.0732027566,7.499983144443E-03,
    -15.14684693069));
#47 = CARTESIAN_POINT('',(-123.6455423749,7.499983144443E-03,-18.));
#48 = CARTESIAN_POINT('',(-127.4455423749,4.999985548927E-03,0.));
#49 = CARTESIAN_POINT('',(-127.2428962201,4.999985548927E-03,
    -3.594413271103));
#50 = CARTESIAN_POINT('',(-127.1631035554,4.999985548927E-03,
    -7.739430269868));
#51 = CARTESIAN_POINT('',(-126.3733740295,4.999985548927E-03,
    -10.830650802));
#52 = CARTESIAN_POINT('',(-126.0732027566,4.999985548927E-03,
    -15.14684693069));
#53 = CARTESIAN_POINT('',(-123.6455423749,4.999985548927E-03,-18.));
#54 = CARTESIAN_POINT('',(-127.4455423749,2.499987953412E-03,0.));
#55 = CARTESIAN_POINT('',(-127.2428962201,2.499987953412E-03,
    -3.594413271103));
#56 = CARTESIAN_POINT('',(-127.1631035554,2.499987953412E-03,
    -7.739430269868));
#57 = CARTESIAN_POINT('',(-126.3733740295,2.499987953412E-03,
    -10.830650802));
#58 = CARTESIAN_POINT('',(-126.0732027566,2.499987953412E-03,
    -15.14684693069));
#59 = CARTESIAN_POINT('',(-123.6455423749,2.499987953412E-03,-18.));
#60 = CARTESIAN_POINT('',(-127.4455423749,-9.642103074466E-09,0.));
#61 = CARTESIAN_POINT('',(-127.2428962201,-9.642103149474E-09,
    -3.594413271103));
#62 = CARTESIAN_POINT('',(-127.1631035554,-9.642103099877E-09,
    -7.739430269868));
#63 = CARTESIAN_POINT('',(-126.3733740295,-9.642103120754E-09,
    -10.830650802));
#64 = CARTESIAN_POINT('',(-126.0732027566,-9.642103115433E-09,
    -15.14684693069));
#65 = CARTESIAN_POINT('',(-123.6455423749,-9.642103116099E-09,-18.));
#66 = CARTESIAN_POINT('',(-127.4455423749,-2.500007237618E-03,0.));
#67 = CARTESIAN_POINT('',(-127.2428962201,-2.500007237618E-03,
    -3.594413271103));
#68 = CARTESIAN_POINT('',(-127.1631035554,-2.500007237618E-03,
    -7.739430269868));
#69 = CARTESIAN_POINT('',(-126.3733740295,-2.500007237618E-03,
    -10.830650802));
#70 = CARTESIAN_POINT('',(-126.0732027566,-2.500007237618E-03,
    -15.14684693069));
#71 = CARTESIAN_POINT('',(-123.6455423749,-2.500007237618E-03,-18.));
#72 = CARTESIAN_POINT('',(-127.4455423749,-5.000004833134E-03,0.));
#73 = CARTESIAN_POINT('',(-127.2428962201,-5.000004833133E-03,
    -3.594413271103));
#74 = CARTESIAN_POINT('',(-127.1631035554,-5.000004833134E-03,
    -7.739430269868));
#75 = CARTESIAN_POINT('',(-126.3733740295,-5.000004833133E-03,
    -10.830650802));
#76 = CARTESIAN_POINT('',(-126.0732027566,-5.000004833134E-03,
    -15.14684693069));
#77 = CARTESIAN_POINT('',(-123.6455423749,-5.000004833134E-03,-18.));
#78 = CARTESIAN_POINT('',(-127.4455423749,-7.500002428649E-03,0.));
#79 = CARTESIAN_POINT('',(-127.2428962201,-7.500002428649E-03,
    -3.594413271103));
#80 = CARTESIAN_POINT('',(-127.1631035554,-7.500002428649E-03,
    -7.739430269868));
#81 = CARTESIAN_POINT('',(-126.3733740295,-7.500002428649E-03,
    -10.830650802));
#82 = CARTESIAN_POINT('',(-126.0732027566,-7.500002428649E-03,
    -15.14684693069));
#83 = CARTESIAN_POINT('',(-123.6455423749,-7.500002428649E-03,-18.));
#84 = CARTESIAN_POINT('',(-127.4455423749,-1.000000002416E-02,0.));
#85 = CARTESIAN_POINT('',(-127.2428962201,-1.000000002417E-02,
    -3.594413271103));
#86 = CARTESIAN_POINT('',(-127.1631035554,-1.000000002416E-02,
    -7.739430269868));
#87 = CARTESIAN_POINT('',(-126.3733740295,-1.000000002417E-02,
    -10.830650802));
#88 = CARTESIAN_POINT('',(-126.0732027566,-1.000000002416E-02,
    -15.14684693069));
#89 = CARTESIAN_POINT('',(-123.6455423749,-1.000000002416E-02,-18.));
#90 = DEFINITIONAL_REPRESENTATION('',(#91),#95);
#91 = LINE('',#92,#93);
#92 = CARTESIAN_POINT('',(0.,0.));
#93 = VECTOR('',#94,1.);
#94 = DIRECTION('',(0.,1.));
#95 = ( GEOMETRIC_REPRESENTATION_CONTEXT(2) 
PARAMETRIC_REPRESENTATION_CONTEXT() REPRESENTATION_CONTEXT('2D SPACE',''
  ) );
#96 = PCURVE('',#97,#152);
#97 = ( BOUNDED_SURFACE() B_SPLINE_SURFACE(8,5,(
    (#98,#99,#100,#101,#102,#103)
    ,(#104,#105,#106,#107,#108,#109)
    ,(#110,#111,#112,#113,#114,#115)
    ,(#116,#117,#118,#119,#120,#121)
    ,(#122,#123,#124,#125,#126,#127)
    ,(#128,#129,#130,#131,#132,#133)
    ,(#134,#135,#136,#137,#138,#139)
    ,(#140,#141,#142,#143,#144,#145)
    ,(#146,#147,#148,#149,#150,#151
)),.UNSPECIFIED.,.F.,.F.,.F.) B_SPLINE_SURFACE_WITH_KNOTS((9,9),(6,6),(
    7.,8.),(0.,1.),.PIECEWISE_BEZIER_KNOTS.) 
GEOMETRIC_REPRESENTATION_ITEM() RATIONAL_B_SPLINE_SURFACE((
    (1.,1.,1.,1.,1.,1.)
    ,(1.,1.,1.,1.,1.,1.)
    ,(1.,1.,1.,1.,1.,1.)
    ,(1.,1.,1.,1.,1.,1.)
    ,(1.,1.,1.,1.,1.,1.)
    ,(1.,1.,1.,1.,1.,1.)
    ,(1.,1.,1.,1.,1.,1.)
    ,(1.,1.,1.,1.,1.,1.)
,(1.,1.,1.,1.,1.,1.))) REPRESENTATION_ITEM('') SURFACE() );
#98 = CARTESIAN_POINT('',(-112.4555423749,14.999999991083,0.));
#99 = CARTESIAN_POINT('',(-112.4555423749,14.797353833957,
    -3.594413273843));
#100 = CARTESIAN_POINT('',(-112.4555423749,14.717561176333,
    -7.739430263657));
#101 = CARTESIAN_POINT('',(-112.4555423749,13.927831641208,
    -10.83065080678));
#102 = CARTESIAN_POINT('',(-112.4555423749,13.627660375443,
    -15.14684692625));
#103 = CARTESIAN_POINT('',(-112.4555423749,11.199999991083,-18.));
#104 = CARTESIAN_POINT('',(-115.3988219922,14.999999991083,0.));
#105 = CARTESIAN_POINT('',(-115.3590325123,14.797353833958,
    -3.594413273843));
#106 = CARTESIAN_POINT('',(-115.3433652607,14.717561176332,
    -7.739430263657));
#107 = CARTESIAN_POINT('',(-115.188302229,13.92783164121,-10.83065080678
    ));
#108 = CARTESIAN_POINT('',(-115.1293637388,13.627660375443,
    -15.14684692625));
#109 = CARTESIAN_POINT('',(-114.652693737,11.199999991083,-18.));
#110 = CARTESIAN_POINT('',(-118.342102536,14.339528764554,0.));
#111 = CARTESIAN_POINT('',(-118.2625235637,14.145811356991,
    -3.594413273843));
#112 = CARTESIAN_POINT('',(-118.2311890554,14.069534426816,
    -7.739430263657));
#113 = CARTESIAN_POINT('',(-117.9210629434,13.314600998074,
    -10.83065080678));
#114 = CARTESIAN_POINT('',(-117.8031859444,13.027655515103,
    -15.14684692625));
#115 = CARTESIAN_POINT('',(-116.8498457907,10.706959762607,-18.));
#116 = CARTESIAN_POINT('',(-121.1124657576,13.018592798496,0.));
#117 = CARTESIAN_POINT('',(-120.99543492,12.842732802364,-3.594413273843
    ));
#118 = CARTESIAN_POINT('',(-120.9493536042,12.773487292549,
    -7.739430263657));
#119 = CARTESIAN_POINT('',(-120.4932743461,12.088145734823,
    -10.83065080678));
#120 = CARTESIAN_POINT('',(-120.3199214676,11.827651687532,
    -15.14684692625));
#121 = CARTESIAN_POINT('',(-118.9179154671,9.720884148184,-18.));
#122 = CARTESIAN_POINT('',(-123.5370311241,11.091488740223,0.));
#123 = CARTESIAN_POINT('',(-123.3872231781,10.941680794241,
    -3.594413273843));
#124 = CARTESIAN_POINT('',(-123.3282357573,10.882693373451,
    -7.739430263657));
#125 = CARTESIAN_POINT('',(-122.7444212837,10.298878899906,
    -10.83065080678));
#126 = CARTESIAN_POINT('',(-122.5225170473,10.076974663459,
    -15.14684692625));
#127 = CARTESIAN_POINT('',(-120.7278478521,8.28230546826,-18.));
#128 = CARTESIAN_POINT('',(-125.4641351823,8.666923373766,0.));
#129 = CARTESIAN_POINT('',(-125.2882751862,8.549892536139,
    -3.594413273843));
#130 = CARTESIAN_POINT('',(-125.2190296764,8.503811220355,
    -7.739430263657));
#131 = CARTESIAN_POINT('',(-124.5336881186,8.04773196228,-10.83065080678
    ));
#132 = CARTESIAN_POINT('',(-124.2731940714,7.874379083731,
    -15.14684692625));
#133 = CARTESIAN_POINT('',(-122.166426532,6.472373083292,-18.));
#134 = CARTESIAN_POINT('',(-126.7850711484,5.896560152211,0.));
#135 = CARTESIAN_POINT('',(-126.5913537408,5.816981179873,
    -3.594413273843));
#136 = CARTESIAN_POINT('',(-126.5150768106,5.785646671568,
    -7.739430263657));
#137 = CARTESIAN_POINT('',(-125.7601433819,5.475520559522,
    -10.83065080678));
#138 = CARTESIAN_POINT('',(-125.4731978989,5.357643560553,
    -15.14684692625));
#139 = CARTESIAN_POINT('',(-123.1525021464,4.404303406895,-18.));
#140 = CARTESIAN_POINT('',(-127.4455423749,2.953279608415,0.));
#141 = CARTESIAN_POINT('',(-127.2428962178,2.913490128508,
    -3.594413273843));
#142 = CARTESIAN_POINT('',(-127.1631035602,2.89782287682,-7.739430263657
    ));
#143 = CARTESIAN_POINT('',(-126.373374025,2.742759845204,-10.83065080678
    ));
#144 = CARTESIAN_POINT('',(-126.0732027593,2.683821354994,
    -15.14684692625));
#145 = CARTESIAN_POINT('',(-123.6455423749,2.207151353187,-18.));
#146 = CARTESIAN_POINT('',(-127.4455423749,9.999991082776E-03,0.));
#147 = CARTESIAN_POINT('',(-127.2428962178,9.999991082785E-03,
    -3.594413273843));
#148 = CARTESIAN_POINT('',(-127.1631035602,9.999991082754E-03,
    -7.739430263657));
#149 = CARTESIAN_POINT('',(-126.373374025,9.999991082799E-03,
    -10.83065080678));
#150 = CARTESIAN_POINT('',(-126.0732027593,9.99999108276E-03,
    -15.14684692625));
#151 = CARTESIAN_POINT('',(-123.6455423749,9.999991082775E-03,-18.));
#152 = DEFINITIONAL_REPRESENTATION('',(#153),#156);
#153 = B_SPLINE_CURVE_WITH_KNOTS('',1,(#154,#155),.UNSPECIFIED.,.F.,.F.,
  (2,2),(0.,1.),.PIECEWISE_BEZIER_KNOTS.);
#154 = CARTESIAN_POINT('',(8.,0.));
#155 = CARTESIAN_POINT('',(8.,1.));
#156 = ( GEOMETRIC_REPRESENTATION_CONTEXT(2) 
PARAMETRIC_REPRESENTATION_CONTEXT() REPRESENTATION_CONTEXT('2D SPACE',''
  ) );
#157 = ORIENTED_EDGE('',*,*,#158,.T.);
#158 = EDGE_CURVE('',#22,#159,#161,.T.);
#159 = VERTEX_POINT('',#160);
#160 = CARTESIAN_POINT('',(-127.4455423749,-1.000000004797E-02,0.));
#161 = SURFACE_CURVE('',#162,(#172,#179),.PCURVE_S1.);
#162 = B_SPLINE_CURVE_WITH_KNOTS('',8,(#163,#164,#165,#166,#167,#168,
    #169,#170,#171),.UNSPECIFIED.,.F.,.F.,(9,9),(0.,1.),
  .PIECEWISE_BEZIER_KNOTS.);
#163 = CARTESIAN_POINT('',(-127.4455423749,9.999980739958E-03,0.));
#164 = CARTESIAN_POINT('',(-127.4455423749,7.499983144443E-03,0.));
#165 = CARTESIAN_POINT('',(-127.4455423749,4.999985548927E-03,0.));
#166 = CARTESIAN_POINT('',(-127.4455423749,2.499987953412E-03,0.));
#167 = CARTESIAN_POINT('',(-127.4455423749,-9.642103074466E-09,0.));
#168 = CARTESIAN_POINT('',(-127.4455423749,-2.500007237618E-03,0.));
#169 = CARTESIAN_POINT('',(-127.4455423749,-5.000004833134E-03,0.));
#170 = CARTESIAN_POINT('',(-127.4455423749,-7.500002428649E-03,0.));
#171 = CARTESIAN_POINT('',(-127.4455423749,-1.000000002416E-02,0.));
#172 = PCURVE('',#35,#173);
#173 = DEFINITIONAL_REPRESENTATION('',(#174),#178);
#174 = LINE('',#175,#176);
#175 = CARTESIAN_POINT('',(0.,0.));
#176 = VECTOR('',#177,1.);
#177 = DIRECTION('',(1.,0.));
#178 = ( GEOMETRIC_REPRESENTATION_CONTEXT(2) 
PARAMETRIC_REPRESENTATION_CONTEXT() REPRESENTATION_CONTEXT('2D SPACE',''
  ) );
#179 = PCURVE('',#180,#185);
#180 = PLANE('',#181);
#181 = AXIS2_PLACEMENT_3D('',#182,#183,#184);
#182 = CARTESIAN_POINT('',(-127.4455423749,9.999980739958E-03,0.));
#183 = DIRECTION('',(-0.,0.,1.));
#184 = DIRECTION('',(0.999999996922,-7.846481065502E-05,0.));
#185 = DEFINITIONAL_REPRESENTATION('',(#186),#196);
#186 = B_SPLINE_CURVE_WITH_KNOTS('',8,(#187,#188,#189,#190,#191,#192,
    #193,#194,#195),.UNSPECIFIED.,.F.,.F.,(9,9),(0.,1.),
  .PIECEWISE_BEZIER_KNOTS.);
#187 = CARTESIAN_POINT('',(0.,0.));
#188 = CARTESIAN_POINT('',(1.961618352198E-07,-2.499997587819E-03));
#189 = CARTESIAN_POINT('',(3.923236704395E-07,-4.999995175639E-03));
#190 = CARTESIAN_POINT('',(5.884855056593E-07,-7.499992763458E-03));
#191 = CARTESIAN_POINT('',(7.84647340879E-07,-9.999990351277E-03));
#192 = CARTESIAN_POINT('',(9.808091903096E-07,-1.24999879391E-02));
#193 = CARTESIAN_POINT('',(1.176971025529E-06,-1.499998552692E-02));
#194 = CARTESIAN_POINT('',(1.373132860749E-06,-1.749998311474E-02));
#195 = CARTESIAN_POINT('',(1.569294724391E-06,-1.999998070256E-02));
#196 = ( GEOMETRIC_REPRESENTATION_CONTEXT(2) 
PARAMETRIC_REPRESENTATION_CONTEXT() REPRESENTATION_CONTEXT('2D SPACE',''
  ) );
#197 = ORIENTED_EDGE('',*,*,#198,.T.);
#198 = EDGE_CURVE('',#159,#199,#201,.T.);
#199 = VERTEX_POINT('',#200);
#200 = CARTESIAN_POINT('',(-125.4455385288,-1.000000002417E-02,
    -14.61725343833));
#201 = SURFACE_CURVE('',#202,(#209,#216),.PCURVE_S1.);
#202 = ( BOUNDED_CURVE() B_SPLINE_CURVE(5,(#203,#204,#205,#206,#207,#208
),.UNSPECIFIED.,.F.,.F.) B_SPLINE_CURVE_WITH_KNOTS((6,6),(0.,1.),
.PIECEWISE_BEZIER_KNOTS.) CURVE() GEOMETRIC_REPRESENTATION_ITEM() 
RATIONAL_B_SPLINE_CURVE((1.,1.,1.,1.,1.,1.)) REPRESENTATION_ITEM('') );
#203 = CARTESIAN_POINT('',(-127.4455423749,-1.000000002416E-02,0.));
#204 = CARTESIAN_POINT('',(-127.2428962201,-1.000000002417E-02,
    -3.594413271103));
#205 = CARTESIAN_POINT('',(-127.1631035554,-1.000000002416E-02,
    -7.739430269868));
#206 = CARTESIAN_POINT('',(-126.3733740295,-1.000000002417E-02,
    -10.830650802));
#207 = CARTESIAN_POINT('',(-126.0732027566,-1.000000002416E-02,
    -15.14684693069));
#208 = CARTESIAN_POINT('',(-123.6455423749,-1.000000002416E-02,-18.));
#209 = PCURVE('',#35,#210);
#210 = DEFINITIONAL_REPRESENTATION('',(#211),#215);
#211 = LINE('',#212,#213);
#212 = CARTESIAN_POINT('',(1.,0.));
#213 = VECTOR('',#214,1.);
#214 = DIRECTION('',(0.,1.));
#215 = ( GEOMETRIC_REPRESENTATION_CONTEXT(2) 
PARAMETRIC_REPRESENTATION_CONTEXT() REPRESENTATION_CONTEXT('2D SPACE',''
  ) );
#216 = PCURVE('',#217,#272);
#217 = ( BOUNDED_SURFACE() B_SPLINE_SURFACE(8,5,(
    (#218,#219,#220,#221,#222,#223)
    ,(#224,#225,#226,#227,#228,#229)
    ,(#230,#231,#232,#233,#234,#235)
    ,(#236,#237,#238,#239,#240,#241)
    ,(#242,#243,#244,#245,#246,#247)
    ,(#248,#249,#250,#251,#252,#253)
    ,(#254,#255,#256,#257,#258,#259)
    ,(#260,#261,#262,#263,#264,#265)
    ,(#266,#267,#268,#269,#270,#271
)),.UNSPECIFIED.,.F.,.F.,.F.) B_SPLINE_SURFACE_WITH_KNOTS((9,9),(6,6),(
    1.,2.),(0.,1.),.PIECEWISE_BEZIER_KNOTS.) 
GEOMETRIC_REPRESENTATION_ITEM() RATIONAL_B_SPLINE_SURFACE((
    (1.,1.,1.,1.,1.,1.)
    ,(1.,1.,1.,1.,1.,1.)
    ,(1.,1.,1.,1.,1.,1.)
    ,(1.,1.,1.,1.,1.,1.)
    ,(1.,1.,1.,1.,1.,1.)
    ,(1.,1.,1.,1.,1.,1.)
    ,(1.,1.,1.,1.,1.,1.)
    ,(1.,1.,1.,1.,1.,1.)
,(1.,1.,1.,1.,1.,1.))) REPRESENTATION_ITEM('') SURFACE() );
#218 = CARTESIAN_POINT('',(-127.4455423749,-1.000000007177E-02,0.));
#219 = CARTESIAN_POINT('',(-127.2428962178,-1.000000007177E-02,
    -3.594413273843));
#220 = CARTESIAN_POINT('',(-127.1631035602,-1.000000007178E-02,
    -7.739430263657));
#221 = CARTESIAN_POINT('',(-126.373374025,-1.000000007176E-02,
    -10.83065080678));
#222 = CARTESIAN_POINT('',(-126.0732027593,-1.000000007177E-02,
    -15.14684692625));
#223 = CARTESIAN_POINT('',(-123.6455423749,-1.000000007177E-02,-18.));
#224 = CARTESIAN_POINT('',(-127.4455423749,-2.953279617404,0.));
#225 = CARTESIAN_POINT('',(-127.2428962178,-2.913490137497,
    -3.594413273843));
#226 = CARTESIAN_POINT('',(-127.1631035602,-2.89782288581,
    -7.739430263657));
#227 = CARTESIAN_POINT('',(-126.373374025,-2.742759854192,
    -10.83065080678));
#228 = CARTESIAN_POINT('',(-126.0732027593,-2.683821363984,
    -15.14684692625));
#229 = CARTESIAN_POINT('',(-123.6455423749,-2.207151362176,-18.));
#230 = CARTESIAN_POINT('',(-126.7850711484,-5.8965601612,0.));
#231 = CARTESIAN_POINT('',(-126.5913537408,-5.816981188863,
    -3.594413273843));
#232 = CARTESIAN_POINT('',(-126.5150768106,-5.785646680555,
    -7.739430263657));
#233 = CARTESIAN_POINT('',(-125.7601433819,-5.475520568513,
    -10.83065080678));
#234 = CARTESIAN_POINT('',(-125.4731978989,-5.357643569541,
    -15.14684692625));
#235 = CARTESIAN_POINT('',(-123.1525021464,-4.404303415884,-18.));
#236 = CARTESIAN_POINT('',(-125.4641351823,-8.666923382754,0.));
#237 = CARTESIAN_POINT('',(-125.2882751862,-8.549892545126,
    -3.594413273843));
#238 = CARTESIAN_POINT('',(-125.2190296764,-8.503811229347,
    -7.739430263657));
#239 = CARTESIAN_POINT('',(-124.5336881186,-8.047731971265,
    -10.83065080678));
#240 = CARTESIAN_POINT('',(-124.2731940714,-7.87437909272,
    -15.14684692625));
#241 = CARTESIAN_POINT('',(-122.166426532,-6.472373092281,-18.));
#242 = CARTESIAN_POINT('',(-123.5370311241,-11.09148874921,0.));
#243 = CARTESIAN_POINT('',(-123.3872231781,-10.94168080323,
    -3.594413273843));
#244 = CARTESIAN_POINT('',(-123.3282357573,-10.88269338243,
    -7.739430263657));
#245 = CARTESIAN_POINT('',(-122.7444212837,-10.2988789089,
    -10.83065080678));
#246 = CARTESIAN_POINT('',(-122.5225170473,-10.07697467244,
    -15.14684692625));
#247 = CARTESIAN_POINT('',(-120.7278478521,-8.282305477249,-18.));
#248 = CARTESIAN_POINT('',(-121.1124657576,-13.01859280748,0.));
#249 = CARTESIAN_POINT('',(-120.99543492,-12.84273281135,-3.594413273843
    ));
#250 = CARTESIAN_POINT('',(-120.9493536042,-12.77348730154,
    -7.739430263657));
#251 = CARTESIAN_POINT('',(-120.4932743461,-12.0881457438,
    -10.83065080678));
#252 = CARTESIAN_POINT('',(-120.3199214676,-11.82765169652,
    -15.14684692625));
#253 = CARTESIAN_POINT('',(-118.9179154671,-9.720884157172,-18.));
#254 = CARTESIAN_POINT('',(-118.342102536,-14.33952877354,0.));
#255 = CARTESIAN_POINT('',(-118.2625235637,-14.14581136598,
    -3.594413273843));
#256 = CARTESIAN_POINT('',(-118.2311890554,-14.0695344358,
    -7.739430263657));
#257 = CARTESIAN_POINT('',(-117.9210629434,-13.31460100706,
    -10.83065080678));
#258 = CARTESIAN_POINT('',(-117.8031859444,-13.02765552409,
    -15.14684692625));
#259 = CARTESIAN_POINT('',(-116.8498457907,-10.70695977159,-18.));
#260 = CARTESIAN_POINT('',(-115.3988219922,-15.00000000007,0.));
#261 = CARTESIAN_POINT('',(-115.3590325123,-14.79735384294,
    -3.594413273843));
#262 = CARTESIAN_POINT('',(-115.3433652607,-14.71756118532,
    -7.739430263657));
#263 = CARTESIAN_POINT('',(-115.188302229,-13.92783165019,
    -10.83065080678));
#264 = CARTESIAN_POINT('',(-115.1293637388,-13.62766038443,
    -15.14684692625));
#265 = CARTESIAN_POINT('',(-114.652693737,-11.20000000007,-18.));
#266 = CARTESIAN_POINT('',(-112.4555423749,-14.99999999992,0.));
#267 = CARTESIAN_POINT('',(-112.4555423749,-14.7973538428,
    -3.594413273843));
#268 = CARTESIAN_POINT('',(-112.4555423749,-14.71756118517,
    -7.739430263657));
#269 = CARTESIAN_POINT('',(-112.4555423749,-13.92783165005,
    -10.83065080678));
#270 = CARTESIAN_POINT('',(-112.4555423749,-13.62766038428,
    -15.14684692625));
#271 = CARTESIAN_POINT('',(-112.4555423749,-11.19999999992,-18.));
#272 = DEFINITIONAL_REPRESENTATION('',(#273),#276);
#273 = B_SPLINE_CURVE_WITH_KNOTS('',1,(#274,#275),.UNSPECIFIED.,.F.,.F.,
  (2,2),(0.,1.),.PIECEWISE_BEZIER_KNOTS.);
#274 = CARTESIAN_POINT('',(1.,0.));
#275 = CARTESIAN_POINT('',(1.,1.));
#276 = ( GEOMETRIC_REPRESENTATION_CONTEXT(2) 
PARAMETRIC_REPRESENTATION_CONTEXT() REPRESENTATION_CONTEXT('2D SPACE',''
  ) );
#277 = ORIENTED_EDGE('',*,*,#278,.T.);
#278 = EDGE_CURVE('',#199,#24,#279,.T.);
#279 = SURFACE_CURVE('',#280,(#286,#295),.PCURVE_S1.);
#280 = B_SPLINE_CURVE_WITH_KNOTS('',4,(#281,#282,#283,#284,#285),
  .UNSPECIFIED.,.F.,.F.,(5,5),(0.,1.),.PIECEWISE_BEZIER_KNOTS.);
#281 = CARTESIAN_POINT('',(-125.4455385288,-1.000000002417E-02,
    -14.61725343833));
#282 = CARTESIAN_POINT('',(-125.4455423749,-5.000004840215E-03,
    -14.61724224834));
#283 = CARTESIAN_POINT('',(-125.445543657,-9.642103487167E-09,
    -14.61723851831));
#284 = CARTESIAN_POINT('',(-125.4455423749,4.99998555601E-03,
    -14.61724224832));
#285 = CARTESIAN_POINT('',(-125.4455385288,9.999980739958E-03,
    -14.61725343829));
#286 = PCURVE('',#35,#287);
#287 = DEFINITIONAL_REPRESENTATION('',(#288),#294);
#288 = B_SPLINE_CURVE_WITH_KNOTS('',4,(#289,#290,#291,#292,#293),
  .UNSPECIFIED.,.F.,.F.,(5,5),(0.,1.),.PIECEWISE_BEZIER_KNOTS.);
#289 = CARTESIAN_POINT('',(1.,0.793055378729));
#290 = CARTESIAN_POINT('',(0.750000000354,0.79305474534));
#291 = CARTESIAN_POINT('',(0.5,0.793054534208));
#292 = CARTESIAN_POINT('',(0.249999999646,0.793054745338));
#293 = CARTESIAN_POINT('',(0.,0.793055378727));
#294 = ( GEOMETRIC_REPRESENTATION_CONTEXT(2) 
PARAMETRIC_REPRESENTATION_CONTEXT() REPRESENTATION_CONTEXT('2D SPACE',''
  ) );
#295 = PCURVE('',#296,#301);
#296 = CYLINDRICAL_SURFACE('',#297,13.);
#297 = AXIS2_PLACEMENT_3D('',#298,#299,#300);
#298 = CARTESIAN_POINT('',(-112.4455423749,0.,-19.));
#299 = DIRECTION('',(0.,0.,1.));
#300 = DIRECTION('',(1.,0.,-0.));
#301 = DEFINITIONAL_REPRESENTATION('',(#302),#308);
#302 = B_SPLINE_CURVE_WITH_KNOTS('',4,(#303,#304,#305,#306,#307),
  .UNSPECIFIED.,.F.,.F.,(5,5),(0.,1.),.PIECEWISE_BEZIER_KNOTS.);
#303 = CARTESIAN_POINT('',(3.142361884437,4.382746561667));
#304 = CARTESIAN_POINT('',(3.141977269309,4.382757751657));
#305 = CARTESIAN_POINT('',(3.141592654331,4.38276148169));
#306 = CARTESIAN_POINT('',(3.141208039354,4.382757751679));
#307 = CARTESIAN_POINT('',(3.140823424226,4.38274656171));
#308 = ( GEOMETRIC_REPRESENTATION_CONTEXT(2) 
PARAMETRIC_REPRESENTATION_CONTEXT() REPRESENTATION_CONTEXT('2D SPACE',''
  ) );
#309 = ADVANCED_FACE('',(#310),#97,.F.);
#310 = FACE_BOUND('',#311,.F.);
#311 = EDGE_LOOP('',(#312,#395,#428,#429));
#312 = ORIENTED_EDGE('',*,*,#313,.F.);
#313 = EDGE_CURVE('',#314,#316,#318,.T.);
#314 = VERTEX_POINT('',#315);
#315 = CARTESIAN_POINT('',(-112.4555423749,14.999999995577,0.));
#316 = VERTEX_POINT('',#317);
#317 = CARTESIAN_POINT('',(-112.4555423749,12.999996153846,
    -14.61725341247));
#318 = SURFACE_CURVE('',#319,(#326,#333),.PCURVE_S1.);
#319 = ( BOUNDED_CURVE() B_SPLINE_CURVE(5,(#320,#321,#322,#323,#324,#325
),.UNSPECIFIED.,.F.,.F.) B_SPLINE_CURVE_WITH_KNOTS((6,6),(0.,1.),
.PIECEWISE_BEZIER_KNOTS.) CURVE() GEOMETRIC_REPRESENTATION_ITEM() 
RATIONAL_B_SPLINE_CURVE((1.,1.,1.,1.,1.,1.)) REPRESENTATION_ITEM('') );
#320 = CARTESIAN_POINT('',(-112.4555423749,14.999999991083,0.));
#321 = CARTESIAN_POINT('',(-112.4555423749,14.797353833957,
    -3.594413273843));
#322 = CARTESIAN_POINT('',(-112.4555423749,14.717561176333,
    -7.739430263657));
#323 = CARTESIAN_POINT('',(-112.4555423749,13.927831641208,
    -10.83065080678));
#324 = CARTESIAN_POINT('',(-112.4555423749,13.627660375443,
    -15.14684692625));
#325 = CARTESIAN_POINT('',(-112.4555423749,11.199999991083,-18.));
#326 = PCURVE('',#97,#327);
#327 = DEFINITIONAL_REPRESENTATION('',(#328),#332);
#328 = LINE('',#329,#330);
#329 = CARTESIAN_POINT('',(7.,0.));
#330 = VECTOR('',#331,1.);
#331 = DIRECTION('',(0.,1.));
#332 = ( GEOMETRIC_REPRESENTATION_CONTEXT(2) 
PARAMETRIC_REPRESENTATION_CONTEXT() REPRESENTATION_CONTEXT('2D SPACE',''
  ) );
#333 = PCURVE('',#334,#389);
#334 = ( BOUNDED_SURFACE() B_SPLINE_SURFACE(8,5,(
    (#335,#336,#337,#338,#339,#340)
    ,(#341,#342,#343,#344,#345,#346)
    ,(#347,#348,#349,#350,#351,#352)
    ,(#353,#354,#355,#356,#357,#358)
    ,(#359,#360,#361,#362,#363,#364)
    ,(#365,#366,#367,#368,#369,#370)
    ,(#371,#372,#373,#374,#375,#376)
    ,(#377,#378,#379,#380,#381,#382)
    ,(#383,#384,#385,#386,#387,#388
)),.UNSPECIFIED.,.F.,.F.,.F.) B_SPLINE_SURFACE_WITH_KNOTS((9,9),(6,6),(
    6.,7.),(0.,1.),.PIECEWISE_BEZIER_KNOTS.) 
GEOMETRIC_REPRESENTATION_ITEM() RATIONAL_B_SPLINE_SURFACE((
    (1.,1.,1.,1.,1.,1.)
    ,(1.,1.,1.,1.,1.,1.)
    ,(1.,1.,1.,1.,1.,1.)
    ,(1.,1.,1.,1.,1.,1.)
    ,(1.,1.,1.,1.,1.,1.)
    ,(1.,1.,1.,1.,1.,1.)
    ,(1.,1.,1.,1.,1.,1.)
    ,(1.,1.,1.,1.,1.,1.)
,(1.,1.,1.,1.,1.,1.))) REPRESENTATION_ITEM('') SURFACE() );
#335 = CARTESIAN_POINT('',(-112.4355423749,15.000000000072,0.));
#336 = CARTESIAN_POINT('',(-112.4355423749,14.797353842946,
    -3.594413273843));
#337 = CARTESIAN_POINT('',(-112.4355423749,14.717561185322,
    -7.739430263657));
#338 = CARTESIAN_POINT('',(-112.4355423749,13.927831650198,
    -10.83065080678));
#339 = CARTESIAN_POINT('',(-112.4355423749,13.627660384432,
    -15.14684692625));
#340 = CARTESIAN_POINT('',(-112.4355423749,11.200000000072,-18.));
#341 = CARTESIAN_POINT('',(-112.4380423749,15.000000000072,0.));
#342 = CARTESIAN_POINT('',(-112.4380423749,14.797353842946,
    -3.594413273843));
#343 = CARTESIAN_POINT('',(-112.4380423749,14.717561185322,
    -7.739430263657));
#344 = CARTESIAN_POINT('',(-112.4380423749,13.927831650198,
    -10.83065080678));
#345 = CARTESIAN_POINT('',(-112.4380423749,13.627660384432,
    -15.14684692625));
#346 = CARTESIAN_POINT('',(-112.4380423749,11.200000000072,-18.));
#347 = CARTESIAN_POINT('',(-112.4405423749,15.000000000072,0.));
#348 = CARTESIAN_POINT('',(-112.4405423749,14.797353842946,
    -3.594413273843));
#349 = CARTESIAN_POINT('',(-112.4405423749,14.717561185322,
    -7.739430263657));
#350 = CARTESIAN_POINT('',(-112.4405423749,13.927831650198,
    -10.83065080678));
#351 = CARTESIAN_POINT('',(-112.4405423749,13.627660384432,
    -15.14684692625));
#352 = CARTESIAN_POINT('',(-112.4405423749,11.200000000072,-18.));
#353 = CARTESIAN_POINT('',(-112.4430423749,15.000000000072,0.));
#354 = CARTESIAN_POINT('',(-112.4430423749,14.797353842946,
    -3.594413273843));
#355 = CARTESIAN_POINT('',(-112.4430423749,14.717561185322,
    -7.739430263657));
#356 = CARTESIAN_POINT('',(-112.4430423749,13.927831650198,
    -10.83065080678));
#357 = CARTESIAN_POINT('',(-112.4430423749,13.627660384432,
    -15.14684692625));
#358 = CARTESIAN_POINT('',(-112.4430423749,11.200000000072,-18.));
#359 = CARTESIAN_POINT('',(-112.4455423749,15.000000000072,0.));
#360 = CARTESIAN_POINT('',(-112.4455423749,14.797353842946,
    -3.594413273843));
#361 = CARTESIAN_POINT('',(-112.4455423749,14.717561185322,
    -7.739430263657));
#362 = CARTESIAN_POINT('',(-112.4455423749,13.927831650198,
    -10.83065080678));
#363 = CARTESIAN_POINT('',(-112.4455423749,13.627660384432,
    -15.14684692625));
#364 = CARTESIAN_POINT('',(-112.4455423749,11.200000000072,-18.));
#365 = CARTESIAN_POINT('',(-112.4480423749,15.000000000072,0.));
#366 = CARTESIAN_POINT('',(-112.4480423749,14.797353842946,
    -3.594413273843));
#367 = CARTESIAN_POINT('',(-112.4480423749,14.717561185322,
    -7.739430263657));
#368 = CARTESIAN_POINT('',(-112.4480423749,13.927831650198,
    -10.83065080678));
#369 = CARTESIAN_POINT('',(-112.4480423749,13.627660384432,
    -15.14684692625));
#370 = CARTESIAN_POINT('',(-112.4480423749,11.200000000072,-18.));
#371 = CARTESIAN_POINT('',(-112.4505423749,15.000000000072,0.));
#372 = CARTESIAN_POINT('',(-112.4505423749,14.797353842946,
    -3.594413273843));
#373 = CARTESIAN_POINT('',(-112.4505423749,14.717561185322,
    -7.739430263657));
#374 = CARTESIAN_POINT('',(-112.4505423749,13.927831650198,
    -10.83065080678));
#375 = CARTESIAN_POINT('',(-112.4505423749,13.627660384432,
    -15.14684692625));
#376 = CARTESIAN_POINT('',(-112.4505423749,11.200000000072,-18.));
#377 = CARTESIAN_POINT('',(-112.4530423749,15.000000000072,0.));
#378 = CARTESIAN_POINT('',(-112.4530423749,14.797353842946,
    -3.594413273843));
#379 = CARTESIAN_POINT('',(-112.4530423749,14.717561185322,
    -7.739430263657));
#380 = CARTESIAN_POINT('',(-112.4530423749,13.927831650198,
    -10.83065080678));
#381 = CARTESIAN_POINT('',(-112.4530423749,13.627660384432,
    -15.14684692625));
#382 = CARTESIAN_POINT('',(-112.4530423749,11.200000000072,-18.));
#383 = CARTESIAN_POINT('',(-112.4555423749,14.999999991083,0.));
#384 = CARTESIAN_POINT('',(-112.4555423749,14.797353833957,
    -3.594413273843));
#385 = CARTESIAN_POINT('',(-112.4555423749,14.717561176333,
    -7.739430263657));
#386 = CARTESIAN_POINT('',(-112.4555423749,13.927831641208,
    -10.83065080678));
#387 = CARTESIAN_POINT('',(-112.4555423749,13.627660375443,
    -15.14684692625));
#388 = CARTESIAN_POINT('',(-112.4555423749,11.199999991083,-18.));
#389 = DEFINITIONAL_REPRESENTATION('',(#390),#394);
#390 = LINE('',#391,#392);
#391 = CARTESIAN_POINT('',(7.,0.));
#392 = VECTOR('',#393,1.);
#393 = DIRECTION('',(0.,1.));
#394 = ( GEOMETRIC_REPRESENTATION_CONTEXT(2) 
PARAMETRIC_REPRESENTATION_CONTEXT() REPRESENTATION_CONTEXT('2D SPACE',''
  ) );
#395 = ORIENTED_EDGE('',*,*,#396,.T.);
#396 = EDGE_CURVE('',#314,#22,#397,.T.);
#397 = SURFACE_CURVE('',#398,(#408,#415),.PCURVE_S1.);
#398 = B_SPLINE_CURVE_WITH_KNOTS('',8,(#399,#400,#401,#402,#403,#404,
    #405,#406,#407),.UNSPECIFIED.,.F.,.F.,(9,9),(7.,8.),
  .PIECEWISE_BEZIER_KNOTS.);
#399 = CARTESIAN_POINT('',(-112.4555423749,14.999999991083,0.));
#400 = CARTESIAN_POINT('',(-115.3988219922,14.999999991083,0.));
#401 = CARTESIAN_POINT('',(-118.342102536,14.339528764554,0.));
#402 = CARTESIAN_POINT('',(-121.1124657576,13.018592798496,0.));
#403 = CARTESIAN_POINT('',(-123.5370311241,11.091488740223,0.));
#404 = CARTESIAN_POINT('',(-125.4641351823,8.666923373766,0.));
#405 = CARTESIAN_POINT('',(-126.7850711484,5.896560152211,0.));
#406 = CARTESIAN_POINT('',(-127.4455423749,2.953279608415,0.));
#407 = CARTESIAN_POINT('',(-127.4455423749,9.999991082776E-03,0.));
#408 = PCURVE('',#97,#409);
#409 = DEFINITIONAL_REPRESENTATION('',(#410),#414);
#410 = LINE('',#411,#412);
#411 = CARTESIAN_POINT('',(0.,0.));
#412 = VECTOR('',#413,1.);
#413 = DIRECTION('',(1.,0.));
#414 = ( GEOMETRIC_REPRESENTATION_CONTEXT(2) 
PARAMETRIC_REPRESENTATION_CONTEXT() REPRESENTATION_CONTEXT('2D SPACE',''
  ) );
#415 = PCURVE('',#180,#416);
#416 = DEFINITIONAL_REPRESENTATION('',(#417),#427);
#417 = B_SPLINE_CURVE_WITH_KNOTS('',8,(#418,#419,#420,#421,#422,#423,
    #424,#425,#426),.UNSPECIFIED.,.F.,.F.,(9,9),(7.,8.),
  .PIECEWISE_BEZIER_KNOTS.);
#418 = CARTESIAN_POINT('',(14.988823766343,14.99117615171));
#419 = CARTESIAN_POINT('',(12.045544158071,14.990945207832));
#420 = CARTESIAN_POINT('',(9.102315447085,14.330243039386));
#421 = CARTESIAN_POINT('',(6.332055881049,13.009089701368));
#422 = CARTESIAN_POINT('',(3.90764173191,11.081795405965));
#423 = CARTESIAN_POINT('',(1.980727922633,8.657078837117));
#424 = CARTESIAN_POINT('',(0.660009336666,5.8866119771));
#425 = CARTESIAN_POINT('',(-2.309438786625E-04,2.943279618614));
#426 = CARTESIAN_POINT('',(-7.958078640513E-13,1.034281846155E-08));
#427 = ( GEOMETRIC_REPRESENTATION_CONTEXT(2) 
PARAMETRIC_REPRESENTATION_CONTEXT() REPRESENTATION_CONTEXT('2D SPACE',''
  ) );
#428 = ORIENTED_EDGE('',*,*,#21,.T.);
#429 = ORIENTED_EDGE('',*,*,#430,.T.);
#430 = EDGE_CURVE('',#24,#316,#431,.T.);
#431 = SURFACE_CURVE('',#432,(#475,#521),.PCURVE_S1.);
#432 = B_SPLINE_CURVE_WITH_KNOTS('',6,(#433,#434,#435,#436,#437,#438,
    #439,#440,#441,#442,#443,#444,#445,#446,#447,#448,#449,#450,#451,
    #452,#453,#454,#455,#456,#457,#458,#459,#460,#461,#462,#463,#464,
    #465,#466,#467,#468,#469,#470,#471,#472,#473,#474),.UNSPECIFIED.,.F.
  ,.F.,(7,5,5,5,5,5,5,5,7),(0.,0.117017262887,0.23502112363,
    0.311018248599,0.501749908086,0.675617154918,0.745613833312,
    0.851615115951,1.),.UNSPECIFIED.);
#433 = CARTESIAN_POINT('',(-125.4455385288,9.999991082773E-03,
    -14.61725343839));
#434 = CARTESIAN_POINT('',(-125.4452324801,0.407863486091,
    -14.61814385616));
#435 = CARTESIAN_POINT('',(-125.4303144943,0.805716989654,
    -14.61900131803));
#436 = CARTESIAN_POINT('',(-125.4007851688,1.202887259987,
    -14.61982439003));
#437 = CARTESIAN_POINT('',(-125.3566860127,1.598704850681,
    -14.62061171208));
#438 = CARTESIAN_POINT('',(-125.2980994471,1.992504110701,-14.621361998)
  );
#439 = CARTESIAN_POINT('',(-125.1515831008,2.778039867589,
    -14.62279207641));
#440 = CARTESIAN_POINT('',(-125.0634096579,3.169733264535,
    -14.62347123259));
#441 = CARTESIAN_POINT('',(-124.9607551605,3.558024631507,
    -14.62411028092));
#442 = CARTESIAN_POINT('',(-124.8437871666,3.942246841834,
    -14.62470811881));
#443 = CARTESIAN_POINT('',(-124.7127141078,4.321744385897,-14.6252637643
    ));
#444 = CARTESIAN_POINT('',(-124.47444789,4.936820803398,-14.62610647654)
  );
#445 = CARTESIAN_POINT('',(-124.3753634035,5.175542130113,
    -14.62641874046));
#446 = CARTESIAN_POINT('',(-124.2705983118,5.411865740977,
    -14.62671291809));
#447 = CARTESIAN_POINT('',(-124.1602257415,5.6456230662,-14.62698880103)
  );
#448 = CARTESIAN_POINT('',(-124.0443254633,5.876648576496,-14.6272462021
    ));
#449 = CARTESIAN_POINT('',(-123.6184502794,6.677325700191,
    -14.62808415967));
#450 = CARTESIAN_POINT('',(-123.2796372043,7.231653267345,
    -14.62856591904));
#451 = CARTESIAN_POINT('',(-122.9079193919,7.765171811512,
    -14.62892757908));
#452 = CARTESIAN_POINT('',(-122.5049164086,8.275470640312,
    -14.62916740317));
#453 = CARTESIAN_POINT('',(-122.0724665689,8.760301406229,
    -14.62928448239));
#454 = CARTESIAN_POINT('',(-121.1934928532,9.634460583168,
    -14.62927371933));
#455 = CARTESIAN_POINT('',(-120.7515809136,10.028455430359,
    -14.62916661567));
#456 = CARTESIAN_POINT('',(-120.2884883057,10.398019720526,
    -14.62895756255));
#457 = CARTESIAN_POINT('',(-119.8059096906,10.741749724037,
    -14.62864720352));
#458 = CARTESIAN_POINT('',(-119.3056604075,11.058401712483,
    -14.6282367952));
#459 = CARTESIAN_POINT('',(-118.5819463587,11.463035661539,
    -14.62752344375));
#460 = CARTESIAN_POINT('',(-118.3716659379,11.574614962825,
    -14.62730277437));
#461 = CARTESIAN_POINT('',(-118.1589594594,11.68156064031,
    -14.62706631089));
#462 = CARTESIAN_POINT('',(-117.9439547189,11.783807265258,
    -14.62681418947));
#463 = CARTESIAN_POINT('',(-117.7267818219,11.881294132735,
    -14.62654656156));
#464 = CARTESIAN_POINT('',(-117.1756089067,12.114304185542,
    -14.62583507475));
#465 = CARTESIAN_POINT('',(-116.8389751693,12.243599334115,
    -14.62537137596));
#466 = CARTESIAN_POINT('',(-116.4981326507,12.361656021814,
    -14.62487307723));
#467 = CARTESIAN_POINT('',(-116.1535506458,12.468305851326,
    -14.6243408377));
#468 = CARTESIAN_POINT('',(-115.8057070659,12.563406713533,
    -14.62377539599));
#469 = CARTESIAN_POINT('',(-114.964278298,12.763639979552,
    -14.62234070952));
#470 = CARTESIAN_POINT('',(-114.4680253538,12.857580408213,
    -14.62144036539));
#471 = CARTESIAN_POINT('',(-113.9676681327,12.928345992494,
    -14.62047883724));
#472 = CARTESIAN_POINT('',(-113.4645575815,12.975724203711,
    -14.61945864247));
#473 = CARTESIAN_POINT('',(-112.9600570668,12.999608065506,
    -14.61838251643));
#474 = CARTESIAN_POINT('',(-112.4555423749,12.999996153846,
    -14.61725341247));
#475 = PCURVE('',#97,#476);
#476 = DEFINITIONAL_REPRESENTATION('',(#477),#520);
#477 = B_SPLINE_CURVE_WITH_KNOTS('',6,(#478,#479,#480,#481,#482,#483,
    #484,#485,#486,#487,#488,#489,#490,#491,#492,#493,#494,#495,#496,
    #497,#498,#499,#500,#501,#502,#503,#504,#505,#506,#507,#508,#509,
    #510,#511,#512,#513,#514,#515,#516,#517,#518,#519),.UNSPECIFIED.,.F.
  ,.F.,(7,5,5,5,5,5,5,5,7),(0.,0.117017262887,0.23502112363,
    0.311018248599,0.501749908086,0.675617154918,0.745613833312,
    0.851615115951,1.),.UNSPECIFIED.);
#478 = CARTESIAN_POINT('',(8.,0.793055378796));
#479 = CARTESIAN_POINT('',(7.980501320814,0.793105779298));
#480 = CARTESIAN_POINT('',(7.961002066561,0.793154315613));
#481 = CARTESIAN_POINT('',(7.941502270803,0.793200906402));
#482 = CARTESIAN_POINT('',(7.922001969055,0.793245474509));
#483 = CARTESIAN_POINT('',(7.902501198781,0.793287946967));
#484 = CARTESIAN_POINT('',(7.863334381185,0.793368902853));
#485 = CARTESIAN_POINT('',(7.843668288591,0.793407350277));
#486 = CARTESIAN_POINT('',(7.824001762016,0.793443527853));
#487 = CARTESIAN_POINT('',(7.804334842959,0.79347737301));
#488 = CARTESIAN_POINT('',(7.784667574015,0.793508830015));
#489 = CARTESIAN_POINT('',(7.752333640705,0.793556539472));
#490 = CARTESIAN_POINT('',(7.739667145451,0.793574218205));
#491 = CARTESIAN_POINT('',(7.72700052326,0.793590873132));
#492 = CARTESIAN_POINT('',(7.714333784419,0.793606492423));
#493 = CARTESIAN_POINT('',(7.70166693935,0.793621065451));
#494 = CARTESIAN_POINT('',(7.657209498282,0.793668507575));
#495 = CARTESIAN_POINT('',(7.625417759062,0.793695783602));
#496 = CARTESIAN_POINT('',(7.593626280861,0.793716260187));
#497 = CARTESIAN_POINT('',(7.561834491863,0.793729838719));
#498 = CARTESIAN_POINT('',(7.530041823445,0.793736467591));
#499 = CARTESIAN_POINT('',(7.469268783069,0.793735858201));
#500 = CARTESIAN_POINT('',(7.440287405762,0.793729794132));
#501 = CARTESIAN_POINT('',(7.411306598633,0.793717957819));
#502 = CARTESIAN_POINT('',(7.382326036021,0.793700385806));
#503 = CARTESIAN_POINT('',(7.353345390374,0.793677149443));
#504 = CARTESIAN_POINT('',(7.312698719373,0.793636761843));
#505 = CARTESIAN_POINT('',(7.301031911932,0.793624268337));
#506 = CARTESIAN_POINT('',(7.289365188531,0.793610880706));
#507 = CARTESIAN_POINT('',(7.277698557251,0.793596606678));
#508 = CARTESIAN_POINT('',(7.266032026078,0.793581454853));
#509 = CARTESIAN_POINT('',(7.236698252841,0.793541174168));
#510 = CARTESIAN_POINT('',(7.21903113601,0.793514922236));
#511 = CARTESIAN_POINT('',(7.201364283014,0.793486711808));
#512 = CARTESIAN_POINT('',(7.183697723809,0.793456580297));
#513 = CARTESIAN_POINT('',(7.166031487702,0.793424569622));
#514 = CARTESIAN_POINT('',(7.123636183706,0.793343350837));
#515 = CARTESIAN_POINT('',(7.098907370772,0.793292382693));
#516 = CARTESIAN_POINT('',(7.074179258679,0.793237952265));
#517 = CARTESIAN_POINT('',(7.049451936975,0.793180202387));
#518 = CARTESIAN_POINT('',(7.024725490622,0.793119288235));
#519 = CARTESIAN_POINT('',(7.,0.793055377329));
#520 = ( GEOMETRIC_REPRESENTATION_CONTEXT(2) 
PARAMETRIC_REPRESENTATION_CONTEXT() REPRESENTATION_CONTEXT('2D SPACE',''
  ) );
#521 = PCURVE('',#296,#522);
#522 = DEFINITIONAL_REPRESENTATION('',(#523),#566);
#523 = B_SPLINE_CURVE_WITH_KNOTS('',6,(#524,#525,#526,#527,#528,#529,
    #530,#531,#532,#533,#534,#535,#536,#537,#538,#539,#540,#541,#542,
    #543,#544,#545,#546,#547,#548,#549,#550,#551,#552,#553,#554,#555,
    #556,#557,#558,#559,#560,#561,#562,#563,#564,#565),.UNSPECIFIED.,.F.
  ,.F.,(7,5,5,5,5,5,5,5,7),(0.,0.117017262887,0.23502112363,
    0.311018248599,0.501749908086,0.675617154918,0.745613833312,
    0.851615115951,1.),.UNSPECIFIED.);
#524 = CARTESIAN_POINT('',(3.140823423431,4.382746561603));
#525 = CARTESIAN_POINT('',(3.110218530145,4.381856143833));
#526 = CARTESIAN_POINT('',(3.079613598821,4.380998681962));
#527 = CARTESIAN_POINT('',(3.049008643821,4.380175609965));
#528 = CARTESIAN_POINT('',(3.018403679605,4.379388287917));
#529 = CARTESIAN_POINT('',(2.98779872073,4.378638001991));
#530 = CARTESIAN_POINT('',(2.926330806114,4.377207923585));
#531 = CARTESIAN_POINT('',(2.895467791356,4.376528767401));
#532 = CARTESIAN_POINT('',(2.864604752896,4.375889719077));
#533 = CARTESIAN_POINT('',(2.833741706149,4.375291881182));
#534 = CARTESIAN_POINT('',(2.80287866663,4.374736235691));
#535 = CARTESIAN_POINT('',(2.752139177096,4.373893523458));
#536 = CARTESIAN_POINT('',(2.732262697922,4.37358125954));
#537 = CARTESIAN_POINT('',(2.712386214254,4.373287081901));
#538 = CARTESIAN_POINT('',(2.692509727928,4.373011198962));
#539 = CARTESIAN_POINT('',(2.672633240793,4.3727537979));
#540 = CARTESIAN_POINT('',(2.602872299521,4.371915840321));
#541 = CARTESIAN_POINT('',(2.552986852501,4.371434080957));
#542 = CARTESIAN_POINT('',(2.503102534918,4.371072420919));
#543 = CARTESIAN_POINT('',(2.453218209759,4.370832596822));
#544 = CARTESIAN_POINT('',(2.403332740233,4.370715517607));
#545 = CARTESIAN_POINT('',(2.307974522438,4.370726280669));
#546 = CARTESIAN_POINT('',(2.262500198228,4.370833384323));
#547 = CARTESIAN_POINT('',(2.217026575951,4.37104243745));
#548 = CARTESIAN_POINT('',(2.171552959642,4.371352796475));
#549 = CARTESIAN_POINT('',(2.12607865315,4.371763204794));
#550 = CARTESIAN_POINT('',(2.062297840566,4.372476556249));
#551 = CARTESIAN_POINT('',(2.043990724748,4.372697225628));
#552 = CARTESIAN_POINT('',(2.025683609796,4.372933689101));
#553 = CARTESIAN_POINT('',(2.007376496963,4.37318581053));
#554 = CARTESIAN_POINT('',(1.989069387495,4.373453438434));
#555 = CARTESIAN_POINT('',(1.943038444265,4.374164925242));
#556 = CARTESIAN_POINT('',(1.915314593826,4.37462862404));
#557 = CARTESIAN_POINT('',(1.887590740552,4.375126922764));
#558 = CARTESIAN_POINT('',(1.859866893629,4.375659162293));
#559 = CARTESIAN_POINT('',(1.832143062175,4.376224604004));
#560 = CARTESIAN_POINT('',(1.76561034867,4.377659290473));
#561 = CARTESIAN_POINT('',(1.726801361224,4.378559634609));
#562 = CARTESIAN_POINT('',(1.687992340792,4.379521162759));
#563 = CARTESIAN_POINT('',(1.64918333507,4.380541357529));
#564 = CARTESIAN_POINT('',(1.610374391574,4.381617483562));
#565 = CARTESIAN_POINT('',(1.57156555764,4.382746587527));
#566 = ( GEOMETRIC_REPRESENTATION_CONTEXT(2) 
PARAMETRIC_REPRESENTATION_CONTEXT() REPRESENTATION_CONTEXT('2D SPACE',''
  ) );
#567 = ADVANCED_FACE('',(#568),#296,.F.);
#568 = FACE_BOUND('',#569,.F.);
#569 = EDGE_LOOP('',(#570,#595,#622,#623,#652,#811,#946,#973,#974,#975,
    #1115,#1199,#1394,#1553));
#570 = ORIENTED_EDGE('',*,*,#571,.T.);
#571 = EDGE_CURVE('',#572,#574,#576,.T.);
#572 = VERTEX_POINT('',#573);
#573 = CARTESIAN_POINT('',(-99.44554237496,-3.184081677783E-15,-18.));
#574 = VERTEX_POINT('',#575);
#575 = CARTESIAN_POINT('',(-99.44554237496,-3.184081677783E-15,-3.));
#576 = SEAM_CURVE('',#577,(#581,#588),.PCURVE_S1.);
#577 = LINE('',#578,#579);
#578 = CARTESIAN_POINT('',(-99.44554237496,-3.184081677783E-15,-19.));
#579 = VECTOR('',#580,1.);
#580 = DIRECTION('',(0.,0.,1.));
#581 = PCURVE('',#296,#582);
#582 = DEFINITIONAL_REPRESENTATION('',(#583),#587);
#583 = LINE('',#584,#585);
#584 = CARTESIAN_POINT('',(6.28318530718,-0.));
#585 = VECTOR('',#586,1.);
#586 = DIRECTION('',(0.,1.));
#587 = ( GEOMETRIC_REPRESENTATION_CONTEXT(2) 
PARAMETRIC_REPRESENTATION_CONTEXT() REPRESENTATION_CONTEXT('2D SPACE',''
  ) );
#588 = PCURVE('',#296,#589);
#589 = DEFINITIONAL_REPRESENTATION('',(#590),#594);
#590 = LINE('',#591,#592);
#591 = CARTESIAN_POINT('',(0.,-0.));
#592 = VECTOR('',#593,1.);
#593 = DIRECTION('',(0.,1.));
#594 = ( GEOMETRIC_REPRESENTATION_CONTEXT(2) 
PARAMETRIC_REPRESENTATION_CONTEXT() REPRESENTATION_CONTEXT('2D SPACE',''
  ) );
#595 = ORIENTED_EDGE('',*,*,#596,.F.);
#596 = EDGE_CURVE('',#574,#574,#597,.T.);
#597 = SURFACE_CURVE('',#598,(#603,#610),.PCURVE_S1.);
#598 = CIRCLE('',#599,13.);
#599 = AXIS2_PLACEMENT_3D('',#600,#601,#602);
#600 = CARTESIAN_POINT('',(-112.4455423749,0.,-3.));
#601 = DIRECTION('',(0.,0.,1.));
#602 = DIRECTION('',(1.,0.,-0.));
#603 = PCURVE('',#296,#604);
#604 = DEFINITIONAL_REPRESENTATION('',(#605),#609);
#605 = LINE('',#606,#607);
#606 = CARTESIAN_POINT('',(0.,16.));
#607 = VECTOR('',#608,1.);
#608 = DIRECTION('',(1.,0.));
#609 = ( GEOMETRIC_REPRESENTATION_CONTEXT(2) 
PARAMETRIC_REPRESENTATION_CONTEXT() REPRESENTATION_CONTEXT('2D SPACE',''
  ) );
#610 = PCURVE('',#611,#616);
#611 = PLANE('',#612);
#612 = AXIS2_PLACEMENT_3D('',#613,#614,#615);
#613 = CARTESIAN_POINT('',(-112.4455423749,0.,-3.));
#614 = DIRECTION('',(0.,0.,1.));
#615 = DIRECTION('',(1.,0.,-0.));
#616 = DEFINITIONAL_REPRESENTATION('',(#617),#621);
#617 = CIRCLE('',#618,13.);
#618 = AXIS2_PLACEMENT_2D('',#619,#620);
#619 = CARTESIAN_POINT('',(0.,0.));
#620 = DIRECTION('',(1.,0.));
#621 = ( GEOMETRIC_REPRESENTATION_CONTEXT(2) 
PARAMETRIC_REPRESENTATION_CONTEXT() REPRESENTATION_CONTEXT('2D SPACE',''
  ) );
#622 = ORIENTED_EDGE('',*,*,#571,.F.);
#623 = ORIENTED_EDGE('',*,*,#624,.T.);
#624 = EDGE_CURVE('',#572,#625,#627,.T.);
#625 = VERTEX_POINT('',#626);
#626 = CARTESIAN_POINT('',(-99.46440220828,0.69999998074,-18.));
#627 = SURFACE_CURVE('',#628,(#633,#640),.PCURVE_S1.);
#628 = CIRCLE('',#629,13.);
#629 = AXIS2_PLACEMENT_3D('',#630,#631,#632);
#630 = CARTESIAN_POINT('',(-112.4455423749,0.,-18.));
#631 = DIRECTION('',(0.,0.,1.));
#632 = DIRECTION('',(1.,0.,-0.));
#633 = PCURVE('',#296,#634);
#634 = DEFINITIONAL_REPRESENTATION('',(#635),#639);
#635 = LINE('',#636,#637);
#636 = CARTESIAN_POINT('',(0.,1.));
#637 = VECTOR('',#638,1.);
#638 = DIRECTION('',(1.,0.));
#639 = ( GEOMETRIC_REPRESENTATION_CONTEXT(2) 
PARAMETRIC_REPRESENTATION_CONTEXT() REPRESENTATION_CONTEXT('2D SPACE',''
  ) );
#640 = PCURVE('',#641,#646);
#641 = PLANE('',#642);
#642 = AXIS2_PLACEMENT_3D('',#643,#644,#645);
#643 = CARTESIAN_POINT('',(-123.6455423749,9.999980739958E-03,-18.));
#644 = DIRECTION('',(-0.,0.,1.));
#645 = DIRECTION('',(0.99999999673,-8.087627064654E-05,0.));
#646 = DEFINITIONAL_REPRESENTATION('',(#647),#651);
#647 = CIRCLE('',#648,13.);
#648 = AXIS2_PLACEMENT_2D('',#649,#650);
#649 = CARTESIAN_POINT('',(11.200000772132,-9.094166476012E-03));
#650 = DIRECTION('',(0.99999999673,8.087627064654E-05));
#651 = ( GEOMETRIC_REPRESENTATION_CONTEXT(2) 
PARAMETRIC_REPRESENTATION_CONTEXT() REPRESENTATION_CONTEXT('2D SPACE',''
  ) );
#652 = ORIENTED_EDGE('',*,*,#653,.F.);
#653 = EDGE_CURVE('',#654,#625,#656,.T.);
#654 = VERTEX_POINT('',#655);
#655 = CARTESIAN_POINT('',(-99.68785207982,2.498267066038,
    -14.62228149054));
#656 = SURFACE_CURVE('',#657,(#688,#722),.PCURVE_S1.);
#657 = B_SPLINE_CURVE_WITH_KNOTS('',8,(#658,#659,#660,#661,#662,#663,
    #664,#665,#666,#667,#668,#669,#670,#671,#672,#673,#674,#675,#676,
    #677,#678,#679,#680,#681,#682,#683,#684,#685,#686,#687),
  .UNSPECIFIED.,.F.,.F.,(9,7,7,7,9),(0.,0.260217847078,0.518506356641,
    0.811541725835,1.),.UNSPECIFIED.);
#658 = CARTESIAN_POINT('',(-100.191046386,4.339046906656,-2.9999994));
#659 = CARTESIAN_POINT('',(-100.1805390877,4.309371807916,
    -3.498734617711));
#660 = CARTESIAN_POINT('',(-100.1693025652,4.277376220868,
    -3.997394109842));
#661 = CARTESIAN_POINT('',(-100.1571475627,4.242454875569,
    -4.495947701297));
#662 = CARTESIAN_POINT('',(-100.1439537639,4.20416098589,-4.994366921294
    ));
#663 = CARTESIAN_POINT('',(-100.1296498626,4.162150037871,
    -5.492622454244));
#664 = CARTESIAN_POINT('',(-100.1142016422,4.116147110918,
    -5.990682581778));
#665 = CARTESIAN_POINT('',(-100.0976017973,4.065915824076,
    -6.488511684958));
#666 = CARTESIAN_POINT('',(-100.0622402542,3.956903803774,
    -7.479935027306));
#667 = CARTESIAN_POINT('',(-100.0434959668,3.898189950542,
    -7.973526102288));
#668 = CARTESIAN_POINT('',(-100.0236261443,3.834821418525,
    -8.466814444571));
#669 = CARTESIAN_POINT('',(-100.0026493808,3.766541999375,
    -8.959761754637));
#670 = CARTESIAN_POINT('',(-99.98058325662,3.693040706997,
    -9.452314570252));
#671 = CARTESIAN_POINT('',(-99.95743514762,3.613898205599,
    -9.944400056908));
#672 = CARTESIAN_POINT('',(-99.93319968242,3.528522256615,
    -10.43592110798));
#673 = CARTESIAN_POINT('',(-99.8791175154,3.331185052452,-11.48361039559
    ));
#674 = CARTESIAN_POINT('',(-99.84896656783,3.217234278578,
    -12.03935434857));
#675 = CARTESIAN_POINT('',(-99.81737989648,3.092962830903,
    -12.59402858544));
#676 = CARTESIAN_POINT('',(-99.78432881562,2.95670347746,-13.1474250587)
  );
#677 = CARTESIAN_POINT('',(-99.74978954064,2.806289935534,
    -13.69907138556));
#678 = CARTESIAN_POINT('',(-99.71383430062,2.638758424698,
    -14.24818803618));
#679 = CARTESIAN_POINT('',(-99.67666532877,2.450237789219,
    -14.79367604143));
#680 = CARTESIAN_POINT('',(-99.61485726463,2.096026191988,
    -15.68140189338));
#681 = CARTESIAN_POINT('',(-99.59050846626,1.946360997988,-16.0262936277
    ));
#682 = CARTESIAN_POINT('',(-99.56619060464,1.783985963338,
    -16.36848542068));
#683 = CARTESIAN_POINT('',(-99.54220448857,1.606967836797,
    -16.70737519812));
#684 = CARTESIAN_POINT('',(-99.5190434842,1.413031744014,-17.04186338959
    ));
#685 = CARTESIAN_POINT('',(-99.49745463712,1.199512943676,
    -17.37034200339));
#686 = CARTESIAN_POINT('',(-99.47859567063,0.963210451175,
    -17.69065699336));
#687 = CARTESIAN_POINT('',(-99.46440220828,0.69999998074,-18.));
#688 = PCURVE('',#296,#689);
#689 = DEFINITIONAL_REPRESENTATION('',(#690),#721);
#690 = B_SPLINE_CURVE_WITH_KNOTS('',8,(#691,#692,#693,#694,#695,#696,
    #697,#698,#699,#700,#701,#702,#703,#704,#705,#706,#707,#708,#709,
    #710,#711,#712,#713,#714,#715,#716,#717,#718,#719,#720),
  .UNSPECIFIED.,.F.,.F.,(9,7,7,7,9),(0.,0.260217847078,0.518506356641,
    0.811541725835,1.),.UNSPECIFIED.);
#691 = CARTESIAN_POINT('',(0.340303114021,16.0000006));
#692 = CARTESIAN_POINT('',(0.337881545744,15.501265382289));
#693 = CARTESIAN_POINT('',(0.335272991973,15.002605890158));
#694 = CARTESIAN_POINT('',(0.332428682599,14.504052298703));
#695 = CARTESIAN_POINT('',(0.329313095905,14.005633078706));
#696 = CARTESIAN_POINT('',(0.325899355874,13.507377545756));
#697 = CARTESIAN_POINT('',(0.322166538713,13.009317418222));
#698 = CARTESIAN_POINT('',(0.318097131647,12.511488315042));
#699 = CARTESIAN_POINT('',(0.309281445217,11.520064972694));
#700 = CARTESIAN_POINT('',(0.304540469934,11.026473897712));
#701 = CARTESIAN_POINT('',(0.299432078821,10.533185555429));
#702 = CARTESIAN_POINT('',(0.293937732571,10.040238245363));
#703 = CARTESIAN_POINT('',(0.288034756008,9.547685429748));
#704 = CARTESIAN_POINT('',(0.281692129754,9.055599943092));
#705 = CARTESIAN_POINT('',(0.274865552517,8.56407889202));
#706 = CARTESIAN_POINT('',(0.259126020834,7.516389604404));
#707 = CARTESIAN_POINT('',(0.250059275886,6.960645651428));
#708 = CARTESIAN_POINT('',(0.240196814269,6.405971414555));
#709 = CARTESIAN_POINT('',(0.229412713872,5.852574941296));
#710 = CARTESIAN_POINT('',(0.217543506786,5.300928614438));
#711 = CARTESIAN_POINT('',(0.204365622295,4.751811963815));
#712 = CARTESIAN_POINT('',(0.189588407904,4.20632395857));
#713 = CARTESIAN_POINT('',(0.161929657681,3.318598106611));
#714 = CARTESIAN_POINT('',(0.150266374152,2.973706372297));
#715 = CARTESIAN_POINT('',(0.137638357115,2.631514579311));
#716 = CARTESIAN_POINT('',(0.123900148145,2.292624801875));
#717 = CARTESIAN_POINT('',(0.108880201956,1.958136610403));
#718 = CARTESIAN_POINT('',(9.237745659654E-02,1.629657996601));
#719 = CARTESIAN_POINT('',(7.414858204724E-02,1.309343006634));
#720 = CARTESIAN_POINT('',(5.387220670152E-02,1.));
#721 = ( GEOMETRIC_REPRESENTATION_CONTEXT(2) 
PARAMETRIC_REPRESENTATION_CONTEXT() REPRESENTATION_CONTEXT('2D SPACE',''
  ) );
#722 = PCURVE('',#723,#778);
#723 = ( BOUNDED_SURFACE() B_SPLINE_SURFACE(8,5,(
    (#724,#725,#726,#727,#728,#729)
    ,(#730,#731,#732,#733,#734,#735)
    ,(#736,#737,#738,#739,#740,#741)
    ,(#742,#743,#744,#745,#746,#747)
    ,(#748,#749,#750,#751,#752,#753)
    ,(#754,#755,#756,#757,#758,#759)
    ,(#760,#761,#762,#763,#764,#765)
    ,(#766,#767,#768,#769,#770,#771)
    ,(#772,#773,#774,#775,#776,#777
)),.UNSPECIFIED.,.F.,.F.,.F.) B_SPLINE_SURFACE_WITH_KNOTS((9,9),(6,6),(
    6.,7.),(0.,1.),.PIECEWISE_BEZIER_KNOTS.) 
GEOMETRIC_REPRESENTATION_ITEM() RATIONAL_B_SPLINE_SURFACE((
    (1.,1.,1.,1.,1.,1.)
    ,(1.,1.,1.,1.,1.,1.)
    ,(1.,1.,1.,1.,1.,1.)
    ,(1.,1.,1.,1.,1.,1.)
    ,(1.,1.,1.,1.,1.,1.)
    ,(1.,1.,1.,1.,1.,1.)
    ,(1.,1.,1.,1.,1.,1.)
    ,(1.,1.,1.,1.,1.,1.)
,(1.,1.,1.,1.,1.,1.))) REPRESENTATION_ITEM('') SURFACE() );
#724 = CARTESIAN_POINT('',(122.95554237496,4.500000000024,0.));
#725 = CARTESIAN_POINT('',(122.95554237496,4.297353810518,
    -3.594413271103));
#726 = CARTESIAN_POINT('',(122.95554237496,4.217561168758,
    -7.739430269868));
#727 = CARTESIAN_POINT('',(122.95554237496,3.427831633146,-10.830650802)
  );
#728 = CARTESIAN_POINT('',(122.95554237496,3.127660362684,
    -15.14684693069));
#729 = CARTESIAN_POINT('',(122.95554237496,0.69999998074,-18.));
#730 = CARTESIAN_POINT('',(92.216656781224,4.500000000024,0.));
#731 = CARTESIAN_POINT('',(92.21665678122,4.297353810518,-3.594413271103
    ));
#732 = CARTESIAN_POINT('',(92.21665678123,4.217561168758,-7.739430269868
    ));
#733 = CARTESIAN_POINT('',(92.216656781219,3.427831633146,-10.830650802)
  );
#734 = CARTESIAN_POINT('',(92.216656781225,3.127660362684,
    -15.14684693069));
#735 = CARTESIAN_POINT('',(92.216656781224,0.69999998074,-18.));
#736 = CARTESIAN_POINT('',(61.477771187482,4.500000000024,0.));
#737 = CARTESIAN_POINT('',(61.477771187482,4.297353810518,
    -3.594413271103));
#738 = CARTESIAN_POINT('',(61.477771187483,4.217561168758,
    -7.739430269868));
#739 = CARTESIAN_POINT('',(61.477771187482,3.427831633146,-10.830650802)
  );
#740 = CARTESIAN_POINT('',(61.477771187482,3.127660362684,
    -15.14684693069));
#741 = CARTESIAN_POINT('',(61.477771187482,0.69999998074,-18.));
#742 = CARTESIAN_POINT('',(30.738885593741,4.500000000024,0.));
#743 = CARTESIAN_POINT('',(30.738885593741,4.297353810518,
    -3.594413271103));
#744 = CARTESIAN_POINT('',(30.738885593741,4.217561168758,
    -7.739430269868));
#745 = CARTESIAN_POINT('',(30.738885593742,3.427831633146,-10.830650802)
  );
#746 = CARTESIAN_POINT('',(30.738885593741,3.127660362684,
    -15.14684693069));
#747 = CARTESIAN_POINT('',(30.738885593741,0.69999998074,-18.));
#748 = CARTESIAN_POINT('',(2.6645352591E-15,4.500000000024,0.));
#749 = CARTESIAN_POINT('',(-2.755935976098E-15,4.297353810518,
    -3.594413271103));
#750 = CARTESIAN_POINT('',(6.029638565951E-15,4.217561168758,
    -7.739430269868));
#751 = CARTESIAN_POINT('',(-3.635825672678E-15,3.427831633146,
    -10.830650802));
#752 = CARTESIAN_POINT('',(3.398976176472E-15,3.127660362684,
    -15.14684693069));
#753 = CARTESIAN_POINT('',(0.,0.69999998074,-18.));
#754 = CARTESIAN_POINT('',(-30.73888559374,4.500000000024,0.));
#755 = CARTESIAN_POINT('',(-30.73888559374,4.297353810518,
    -3.594413271103));
#756 = CARTESIAN_POINT('',(-30.73888559374,4.217561168758,
    -7.739430269868));
#757 = CARTESIAN_POINT('',(-30.73888559374,3.427831633146,-10.830650802)
  );
#758 = CARTESIAN_POINT('',(-30.73888559374,3.127660362684,
    -15.14684693069));
#759 = CARTESIAN_POINT('',(-30.73888559374,0.69999998074,-18.));
#760 = CARTESIAN_POINT('',(-61.47777118748,4.500000000024,0.));
#761 = CARTESIAN_POINT('',(-61.47777118748,4.297353810518,
    -3.594413271103));
#762 = CARTESIAN_POINT('',(-61.47777118748,4.217561168758,
    -7.739430269868));
#763 = CARTESIAN_POINT('',(-61.47777118748,3.427831633146,-10.830650802)
  );
#764 = CARTESIAN_POINT('',(-61.47777118748,3.127660362684,
    -15.14684693069));
#765 = CARTESIAN_POINT('',(-61.47777118748,0.69999998074,-18.));
#766 = CARTESIAN_POINT('',(-92.21665678122,4.500000000024,0.));
#767 = CARTESIAN_POINT('',(-92.21665678122,4.297353810518,
    -3.594413271103));
#768 = CARTESIAN_POINT('',(-92.21665678122,4.217561168758,
    -7.739430269868));
#769 = CARTESIAN_POINT('',(-92.21665678122,3.427831633146,-10.830650802)
  );
#770 = CARTESIAN_POINT('',(-92.21665678122,3.127660362684,
    -15.14684693069));
#771 = CARTESIAN_POINT('',(-92.21665678122,0.69999998074,-18.));
#772 = CARTESIAN_POINT('',(-122.9555423749,4.49999998074,0.));
#773 = CARTESIAN_POINT('',(-122.9555423749,4.297353825977,
    -3.594413271103));
#774 = CARTESIAN_POINT('',(-122.9555423749,4.217561161244,
    -7.739430269868));
#775 = CARTESIAN_POINT('',(-122.9555423749,3.427831635303,-10.830650802)
  );
#776 = CARTESIAN_POINT('',(-122.9555423749,3.127660362376,
    -15.14684693069));
#777 = CARTESIAN_POINT('',(-122.9555423749,0.69999998074,-18.));
#778 = DEFINITIONAL_REPRESENTATION('',(#779),#810);
#779 = B_SPLINE_CURVE_WITH_KNOTS('',8,(#780,#781,#782,#783,#784,#785,
    #786,#787,#788,#789,#790,#791,#792,#793,#794,#795,#796,#797,#798,
    #799,#800,#801,#802,#803,#804,#805,#806,#807,#808,#809),
  .UNSPECIFIED.,.F.,.F.,(9,7,7,7,9),(0.,0.260217847078,0.518506356641,
    0.811541725835,1.),.UNSPECIFIED.);
#780 = CARTESIAN_POINT('',(6.907427938779,0.161992047653));
#781 = CARTESIAN_POINT('',(6.90738521074,0.188531031716));
#782 = CARTESIAN_POINT('',(6.907339517375,0.215032601827));
#783 = CARTESIAN_POINT('',(6.90729008883,0.241547864681));
#784 = CARTESIAN_POINT('',(6.907236436136,0.268108366225));
#785 = CARTESIAN_POINT('',(6.907178269231,0.294731632862));
#786 = CARTESIAN_POINT('',(6.907115448819,0.321423951501));
#787 = CARTESIAN_POINT('',(6.907047945395,0.348182632408));
#788 = CARTESIAN_POINT('',(6.90690414731,0.40161853268));
#789 = CARTESIAN_POINT('',(6.906827923469,0.428294476763));
#790 = CARTESIAN_POINT('',(6.906747122628,0.455021101277));
#791 = CARTESIAN_POINT('',(6.906661820399,0.481786212169));
#792 = CARTESIAN_POINT('',(6.906572088275,0.508575737325));
#793 = CARTESIAN_POINT('',(6.906477956247,0.535377412087));
#794 = CARTESIAN_POINT('',(6.906379402474,0.562184564013));
#795 = CARTESIAN_POINT('',(6.906159476776,0.619422837936));
#796 = CARTESIAN_POINT('',(6.906036867632,0.649844006813));
#797 = CARTESIAN_POINT('',(6.905908420102,0.680280004437));
#798 = CARTESIAN_POINT('',(6.905774017536,0.710752306357));
#799 = CARTESIAN_POINT('',(6.905633563213,0.741292637917));
#800 = CARTESIAN_POINT('',(6.905487350853,0.771953123091));
#801 = CARTESIAN_POINT('',(6.90533620284,0.802809868267));
#802 = CARTESIAN_POINT('',(6.9050848597,0.854059134138));
#803 = CARTESIAN_POINT('',(6.904985845057,0.874232608285));
#804 = CARTESIAN_POINT('',(6.904886956218,0.894572793174));
#805 = CARTESIAN_POINT('',(6.904789416426,0.915120512903));
#806 = CARTESIAN_POINT('',(6.904695231959,0.935908569553));
#807 = CARTESIAN_POINT('',(6.904607440687,0.956964504584));
#808 = CARTESIAN_POINT('',(6.904530750502,0.978315709033));
#809 = CARTESIAN_POINT('',(6.904473032639,1.));
#810 = ( GEOMETRIC_REPRESENTATION_CONTEXT(2) 
PARAMETRIC_REPRESENTATION_CONTEXT() REPRESENTATION_CONTEXT('2D SPACE',''
  ) );
#811 = ORIENTED_EDGE('',*,*,#812,.F.);
#812 = EDGE_CURVE('',#813,#654,#815,.T.);
#813 = VERTEX_POINT('',#814);
#814 = CARTESIAN_POINT('',(-112.4355423749,12.999996153846,
    -14.61725343862));
#815 = SURFACE_CURVE('',#816,(#839,#865),.PCURVE_S1.);
#816 = B_SPLINE_CURVE_WITH_KNOTS('',6,(#817,#818,#819,#820,#821,#822,
    #823,#824,#825,#826,#827,#828,#829,#830,#831,#832,#833,#834,#835,
    #836,#837,#838),.UNSPECIFIED.,.F.,.F.,(7,5,5,5,7),(0.,0.252023293436
    ,0.503005552061,0.749934378626,1.),.UNSPECIFIED.);
#817 = CARTESIAN_POINT('',(-112.4355423749,12.999996153846,
    -14.61725343862));
#818 = CARTESIAN_POINT('',(-111.6123267401,12.999362910862,
    -14.6190957869));
#819 = CARTESIAN_POINT('',(-110.7891168184,12.936174135925,
    -14.62079710238));
#820 = CARTESIAN_POINT('',(-109.9719470289,12.810422724101,
    -14.62234469721));
#821 = CARTESIAN_POINT('',(-109.1667045301,12.622898740457,
    -14.6237267429));
#822 = CARTESIAN_POINT('',(-108.3791475177,12.375060450948,
    -14.62493399733));
#823 = CARTESIAN_POINT('',(-106.8537578013,11.764524915134,
    -14.62697994151));
#824 = CARTESIAN_POINT('',(-106.1156564665,11.402275659632,
    -14.62782024421));
#825 = CARTESIAN_POINT('',(-105.4061070217,10.98461693686,
    -14.62847271106));
#826 = CARTESIAN_POINT('',(-104.73022169,10.514426949358,-14.62893248874
    ));
#827 = CARTESIAN_POINT('',(-104.0927512357,9.99514798111,-14.62919666796
    ));
#828 = CARTESIAN_POINT('',(-102.91287622,8.875744755774,-14.62933183508)
  );
#829 = CARTESIAN_POINT('',(-102.3690466791,8.27700857752,-14.62920911055
    ));
#830 = CARTESIAN_POINT('',(-101.8706442111,7.638577833802,
    -14.62889612532));
#831 = CARTESIAN_POINT('',(-101.4211903091,6.964789932024,
    -14.62839469741));
#832 = CARTESIAN_POINT('',(-101.0236961709,6.260351134107,
    -14.62770853746));
#833 = CARTESIAN_POINT('',(-100.3330764629,4.791176281049,
    -14.62596769716));
#834 = CARTESIAN_POINT('',(-100.0413070111,4.025715931519,-14.6249083557
    ));
#835 = CARTESIAN_POINT('',(-99.80777455991,3.239348054166,
    -14.62367176425));
#836 = CARTESIAN_POINT('',(-99.63423741992,2.437602506915,
    -14.62226603348));
#837 = CARTESIAN_POINT('',(-99.52181389176,1.626173140338,
    -14.62070153245));
#838 = CARTESIAN_POINT('',(-99.47086041357,0.81094266189,-14.61899032792
    ));
#839 = PCURVE('',#296,#840);
#840 = DEFINITIONAL_REPRESENTATION('',(#841),#864);
#841 = B_SPLINE_CURVE_WITH_KNOTS('',6,(#842,#843,#844,#845,#846,#847,
    #848,#849,#850,#851,#852,#853,#854,#855,#856,#857,#858,#859,#860,
    #861,#862,#863),.UNSPECIFIED.,.F.,.F.,(7,5,5,5,7),(0.,0.252023293436
    ,0.503005552061,0.749934378626,1.),.UNSPECIFIED.);
#842 = CARTESIAN_POINT('',(1.57002709595,4.382746561374));
#843 = CARTESIAN_POINT('',(1.506702797615,4.380904213096));
#844 = CARTESIAN_POINT('',(1.443375265147,4.379202897614));
#845 = CARTESIAN_POINT('',(1.380051420476,4.377655302788));
#846 = CARTESIAN_POINT('',(1.316727537612,4.376273257099));
#847 = CARTESIAN_POINT('',(1.253399891906,4.375066002668));
#848 = CARTESIAN_POINT('',(1.127012504243,4.37302005849));
#849 = CARTESIAN_POINT('',(1.063946438301,4.372179755783));
#850 = CARTESIAN_POINT('',(1.000884000633,4.371527288933));
#851 = CARTESIAN_POINT('',(0.937821545566,4.371067511259));
#852 = CARTESIAN_POINT('',(0.874755427879,4.370803332034));
#853 = CARTESIAN_POINT('',(0.749647932475,4.370668164917));
#854 = CARTESIAN_POINT('',(0.6876005767,4.370790889447));
#855 = CARTESIAN_POINT('',(0.625556591628,4.371103874677));
#856 = CARTESIAN_POINT('',(0.563512602035,4.371605302587));
#857 = CARTESIAN_POINT('',(0.50146524412,4.372291462535));
#858 = CARTESIAN_POINT('',(0.376588255419,4.374032302833));
#859 = CARTESIAN_POINT('',(0.313752631451,4.375091644296));
#860 = CARTESIAN_POINT('',(0.250920625764,4.376328235749));
#861 = CARTESIAN_POINT('',(0.188088655808,4.377733966518));
#862 = CARTESIAN_POINT('',(0.125253137862,4.379298467548));
#863 = CARTESIAN_POINT('',(6.242073234529E-02,4.38100967208));
#864 = ( GEOMETRIC_REPRESENTATION_CONTEXT(2) 
PARAMETRIC_REPRESENTATION_CONTEXT() REPRESENTATION_CONTEXT('2D SPACE',''
  ) );
#865 = PCURVE('',#866,#921);
#866 = ( BOUNDED_SURFACE() B_SPLINE_SURFACE(8,5,(
    (#867,#868,#869,#870,#871,#872)
    ,(#873,#874,#875,#876,#877,#878)
    ,(#879,#880,#881,#882,#883,#884)
    ,(#885,#886,#887,#888,#889,#890)
    ,(#891,#892,#893,#894,#895,#896)
    ,(#897,#898,#899,#900,#901,#902)
    ,(#903,#904,#905,#906,#907,#908)
    ,(#909,#910,#911,#912,#913,#914)
    ,(#915,#916,#917,#918,#919,#920
)),.UNSPECIFIED.,.F.,.F.,.F.) B_SPLINE_SURFACE_WITH_KNOTS((9,9),(6,6),(
    5.,6.),(0.,1.),.PIECEWISE_BEZIER_KNOTS.) 
GEOMETRIC_REPRESENTATION_ITEM() RATIONAL_B_SPLINE_SURFACE((
    (1.,1.,1.,1.,1.,1.)
    ,(1.,1.,1.,1.,1.,1.)
    ,(1.,1.,1.,1.,1.,1.)
    ,(1.,1.,1.,1.,1.,1.)
    ,(1.,1.,1.,1.,1.,1.)
    ,(1.,1.,1.,1.,1.,1.)
    ,(1.,1.,1.,1.,1.,1.)
    ,(1.,1.,1.,1.,1.,1.)
,(1.,1.,1.,1.,1.,1.))) REPRESENTATION_ITEM('') SURFACE() );
#867 = CARTESIAN_POINT('',(-97.44554237496,9.999991082778E-03,0.));
#868 = CARTESIAN_POINT('',(-97.64818853209,9.999991082772E-03,
    -3.594413273843));
#869 = CARTESIAN_POINT('',(-97.72798118971,9.999991082792E-03,
    -7.739430263657));
#870 = CARTESIAN_POINT('',(-98.51771072483,9.999991082771E-03,
    -10.83065080678));
#871 = CARTESIAN_POINT('',(-98.8178819906,9.999991082778E-03,
    -15.14684692625));
#872 = CARTESIAN_POINT('',(-101.2455423749,9.999991082777E-03,-18.));
#873 = CARTESIAN_POINT('',(-97.44554237496,2.953279608415,0.));
#874 = CARTESIAN_POINT('',(-97.64818853209,2.913490128508,
    -3.594413273843));
#875 = CARTESIAN_POINT('',(-97.72798118971,2.897822876821,
    -7.739430263657));
#876 = CARTESIAN_POINT('',(-98.51771072483,2.742759845203,
    -10.83065080678));
#877 = CARTESIAN_POINT('',(-98.8178819906,2.683821354995,-15.14684692625
    ));
#878 = CARTESIAN_POINT('',(-101.2455423749,2.207151353187,-18.));
#879 = CARTESIAN_POINT('',(-98.10601360149,5.896560152211,0.));
#880 = CARTESIAN_POINT('',(-98.29973100905,5.816981179875,
    -3.594413273843));
#881 = CARTESIAN_POINT('',(-98.37600793923,5.785646671564,
    -7.739430263657));
#882 = CARTESIAN_POINT('',(-99.13094136797,5.475520559525,
    -10.83065080678));
#883 = CARTESIAN_POINT('',(-99.41788685094,5.357643560552,
    -15.14684692625));
#884 = CARTESIAN_POINT('',(-101.7385826034,4.404303406895,-18.));
#885 = CARTESIAN_POINT('',(-99.42694956755,8.666923373765,0.));
#886 = CARTESIAN_POINT('',(-99.60280956368,8.549892536135,
    -3.594413273843));
#887 = CARTESIAN_POINT('',(-99.6720550735,8.503811220361,-7.739430263657
    ));
#888 = CARTESIAN_POINT('',(-100.3573966312,8.047731962274,
    -10.83065080678));
#889 = CARTESIAN_POINT('',(-100.6178906785,7.874379083732,
    -15.14684692625));
#890 = CARTESIAN_POINT('',(-102.7246582178,6.472373083292,-18.));
#891 = CARTESIAN_POINT('',(-101.3540536258,11.091488740224,0.));
#892 = CARTESIAN_POINT('',(-101.5038615718,10.941680794247,
    -3.594413273843));
#893 = CARTESIAN_POINT('',(-101.5628489925,10.882693373442,
    -7.739430263657));
#894 = CARTESIAN_POINT('',(-102.1466634661,10.298878899914,
    -10.83065080678));
#895 = CARTESIAN_POINT('',(-102.3685677025,10.076974663458,
    -15.14684692625));
#896 = CARTESIAN_POINT('',(-104.1632368977,8.28230546826,-18.));
#897 = CARTESIAN_POINT('',(-103.7786189922,13.018592798495,0.));
#898 = CARTESIAN_POINT('',(-103.8956498299,12.842732802359,
    -3.594413273843));
#899 = CARTESIAN_POINT('',(-103.9417311456,12.773487292557,
    -7.739430263657));
#900 = CARTESIAN_POINT('',(-104.3978104037,12.088145734815,
    -10.83065080678));
#901 = CARTESIAN_POINT('',(-104.5711632823,11.827651687533,
    -15.14684692625));
#902 = CARTESIAN_POINT('',(-105.9731692827,9.720884148184,-18.));
#903 = CARTESIAN_POINT('',(-106.5489822138,14.339528764554,0.));
#904 = CARTESIAN_POINT('',(-106.6285611861,14.145811356993,
    -3.594413273843));
#905 = CARTESIAN_POINT('',(-106.6598956944,14.069534426814,
    -7.739430263657));
#906 = CARTESIAN_POINT('',(-106.9700218065,13.314600998077,
    -10.83065080678));
#907 = CARTESIAN_POINT('',(-107.0878988054,13.027655515103,
    -15.14684692625));
#908 = CARTESIAN_POINT('',(-108.0412389591,10.706959762607,-18.));
#909 = CARTESIAN_POINT('',(-109.4922627576,14.999999991083,0.));
#910 = CARTESIAN_POINT('',(-109.5320522375,14.797353833956,
    -3.594413273843));
#911 = CARTESIAN_POINT('',(-109.5477194892,14.717561176334,
    -7.739430263657));
#912 = CARTESIAN_POINT('',(-109.7027825208,13.927831641208,
    -10.83065080678));
#913 = CARTESIAN_POINT('',(-109.761721011,13.627660375443,
    -15.14684692625));
#914 = CARTESIAN_POINT('',(-110.2383910128,11.199999991083,-18.));
#915 = CARTESIAN_POINT('',(-112.4355423749,15.000000000072,0.));
#916 = CARTESIAN_POINT('',(-112.4355423749,14.797353842946,
    -3.594413273843));
#917 = CARTESIAN_POINT('',(-112.4355423749,14.717561185322,
    -7.739430263657));
#918 = CARTESIAN_POINT('',(-112.4355423749,13.927831650198,
    -10.83065080678));
#919 = CARTESIAN_POINT('',(-112.4355423749,13.627660384432,
    -15.14684692625));
#920 = CARTESIAN_POINT('',(-112.4355423749,11.200000000072,-18.));
#921 = DEFINITIONAL_REPRESENTATION('',(#922),#945);
#922 = B_SPLINE_CURVE_WITH_KNOTS('',6,(#923,#924,#925,#926,#927,#928,
    #929,#930,#931,#932,#933,#934,#935,#936,#937,#938,#939,#940,#941,
    #942,#943,#944),.UNSPECIFIED.,.F.,.F.,(7,5,5,5,7),(0.,0.252023293436
    ,0.503005552061,0.749934378626,1.),.UNSPECIFIED.);
#923 = CARTESIAN_POINT('',(6.,0.793055378809));
#924 = CARTESIAN_POINT('',(5.959655465342,0.793159661632));
#925 = CARTESIAN_POINT('',(5.919306512579,0.793255966774));
#926 = CARTESIAN_POINT('',(5.878957763923,0.793343574571));
#927 = CARTESIAN_POINT('',(5.838607107292,0.793421813939));
#928 = CARTESIAN_POINT('',(5.798252444215,0.793490160309));
#929 = CARTESIAN_POINT('',(5.717711208919,0.793605990232));
#930 = CARTESIAN_POINT('',(5.677520617466,0.793653565088));
#931 = CARTESIAN_POINT('',(5.637331320569,0.793690506271));
#932 = CARTESIAN_POINT('',(5.597141297298,0.793716538183));
#933 = CARTESIAN_POINT('',(5.556948537509,0.793731495654));
#934 = CARTESIAN_POINT('',(5.477215922943,0.793739148638));
#935 = CARTESIAN_POINT('',(5.437672261046,0.793732200144));
#936 = CARTESIAN_POINT('',(5.39813096234,0.793714479274));
#937 = CARTESIAN_POINT('',(5.358590176679,0.793686089237));
#938 = CARTESIAN_POINT('',(5.319048053049,0.793647240754));
#939 = CARTESIAN_POINT('',(5.239467462879,0.793548682121));
#940 = CARTESIAN_POINT('',(5.199425204812,0.793488708108));
#941 = CARTESIAN_POINT('',(5.15938666089,0.793418701109));
#942 = CARTESIAN_POINT('',(5.11934982438,0.793339121517));
#943 = CARTESIAN_POINT('',(5.079312677576,0.793250557735));
#944 = CARTESIAN_POINT('',(5.039279692224,0.793153694252));
#945 = ( GEOMETRIC_REPRESENTATION_CONTEXT(2) 
PARAMETRIC_REPRESENTATION_CONTEXT() REPRESENTATION_CONTEXT('2D SPACE',''
  ) );
#946 = ORIENTED_EDGE('',*,*,#947,.F.);
#947 = EDGE_CURVE('',#316,#813,#948,.T.);
#948 = SURFACE_CURVE('',#949,(#955,#964),.PCURVE_S1.);
#949 = B_SPLINE_CURVE_WITH_KNOTS('',4,(#950,#951,#952,#953,#954),
  .UNSPECIFIED.,.F.,.F.,(5,5),(0.,1.),.PIECEWISE_BEZIER_KNOTS.);
#950 = CARTESIAN_POINT('',(-112.4555423749,12.999996153846,
    -14.61725341247));
#951 = CARTESIAN_POINT('',(-112.4505423749,13.000000000001,
    -14.61724227477));
#952 = CARTESIAN_POINT('',(-112.4455423749,13.000001282051,
    -14.61723850466));
#953 = CARTESIAN_POINT('',(-112.4405423749,13.000000000001,
    -14.61724224862));
#954 = CARTESIAN_POINT('',(-112.4355423749,12.999996153846,
    -14.61725343862));
#955 = PCURVE('',#296,#956);
#956 = DEFINITIONAL_REPRESENTATION('',(#957),#963);
#957 = B_SPLINE_CURVE_WITH_KNOTS('',4,(#958,#959,#960,#961,#962),
  .UNSPECIFIED.,.F.,.F.,(5,5),(0.,1.),.PIECEWISE_BEZIER_KNOTS.);
#958 = CARTESIAN_POINT('',(1.57156555764,4.382746587527));
#959 = CARTESIAN_POINT('',(1.571180942142,4.382757725222));
#960 = CARTESIAN_POINT('',(1.570796326795,4.382761495332));
#961 = CARTESIAN_POINT('',(1.570411711448,4.382757751375));
#962 = CARTESIAN_POINT('',(1.57002709595,4.382746561374));
#963 = ( GEOMETRIC_REPRESENTATION_CONTEXT(2) 
PARAMETRIC_REPRESENTATION_CONTEXT() REPRESENTATION_CONTEXT('2D SPACE',''
  ) );
#964 = PCURVE('',#334,#965);
#965 = DEFINITIONAL_REPRESENTATION('',(#966),#972);
#966 = B_SPLINE_CURVE_WITH_KNOTS('',4,(#967,#968,#969,#970,#971),
  .UNSPECIFIED.,.F.,.F.,(5,5),(0.,1.),.PIECEWISE_BEZIER_KNOTS.);
#967 = CARTESIAN_POINT('',(7.,0.793055377329));
#968 = CARTESIAN_POINT('',(6.750000000348,0.793054746899));
#969 = CARTESIAN_POINT('',(6.500000000006,0.793054533499));
#970 = CARTESIAN_POINT('',(6.249999999642,0.793054745419));
#971 = CARTESIAN_POINT('',(6.,0.793055378809));
#972 = ( GEOMETRIC_REPRESENTATION_CONTEXT(2) 
PARAMETRIC_REPRESENTATION_CONTEXT() REPRESENTATION_CONTEXT('2D SPACE',''
  ) );
#973 = ORIENTED_EDGE('',*,*,#430,.F.);
#974 = ORIENTED_EDGE('',*,*,#278,.F.);
#975 = ORIENTED_EDGE('',*,*,#976,.F.);
#976 = EDGE_CURVE('',#977,#199,#979,.T.);
#977 = VERTEX_POINT('',#978);
#978 = CARTESIAN_POINT('',(-112.4555423749,-12.99999615384,
    -14.6172534382));
#979 = SURFACE_CURVE('',#980,(#1023,#1069),.PCURVE_S1.);
#980 = B_SPLINE_CURVE_WITH_KNOTS('',6,(#981,#982,#983,#984,#985,#986,
    #987,#988,#989,#990,#991,#992,#993,#994,#995,#996,#997,#998,#999,
    #1000,#1001,#1002,#1003,#1004,#1005,#1006,#1007,#1008,#1009,#1010,
    #1011,#1012,#1013,#1014,#1015,#1016,#1017,#1018,#1019,#1020,#1021,
    #1022),.UNSPECIFIED.,.F.,.F.,(7,5,5,5,5,5,5,5,7),(0.,0.117017262931,
    0.235021123703,0.311018248683,0.501749696676,0.675616694497,
    0.74561337286,0.851614655437,1.),.UNSPECIFIED.);
#981 = CARTESIAN_POINT('',(-112.4555423749,-12.99999615384,
    -14.6172534382));
#982 = CARTESIAN_POINT('',(-112.8534058699,-12.99969010491,
    -14.61814385683));
#983 = CARTESIAN_POINT('',(-113.2512593734,-12.98477211887,
    -14.61900131955));
#984 = CARTESIAN_POINT('',(-113.6484296437,-12.95524279304,
    -14.61982439239));
#985 = CARTESIAN_POINT('',(-114.0442472343,-12.91114363666,
    -14.62061171526));
#986 = CARTESIAN_POINT('',(-114.4380464943,-12.85255707087,-14.621362002
    ));
#987 = CARTESIAN_POINT('',(-115.223582251,-12.70604072399,
    -14.62279208203));
#988 = CARTESIAN_POINT('',(-115.6152756478,-12.61786728084,
    -14.62347123901));
#989 = CARTESIAN_POINT('',(-116.0035670146,-12.51521278327,
    -14.62411028813));
#990 = CARTESIAN_POINT('',(-116.3877892248,-12.3982447891,-14.6247081268
    ));
#991 = CARTESIAN_POINT('',(-116.7672867687,-12.26717173005,
    -14.62526377306));
#992 = CARTESIAN_POINT('',(-117.3823631859,-12.02890551194,
    -14.62610648653));
#993 = CARTESIAN_POINT('',(-117.6210845125,-11.9298210253,
    -14.62641875092));
#994 = CARTESIAN_POINT('',(-117.8574081232,-11.82505593356,
    -14.62671292904));
#995 = CARTESIAN_POINT('',(-118.0911654483,-11.71468336309,
    -14.62698881244));
#996 = CARTESIAN_POINT('',(-118.3221909585,-11.59878308485,
    -14.62724621396));
#997 = CARTESIAN_POINT('',(-119.1228674467,-11.17290823829,
    -14.62808417247));
#998 = CARTESIAN_POINT('',(-119.6771944189,-10.83409557676,
    -14.62856593254));
#999 = CARTESIAN_POINT('',(-120.2107124172,-10.46237824942,
    -14.6289275935));
#1000 = CARTESIAN_POINT('',(-120.721010757,-10.05937581695,
    -14.62916741874));
#1001 = CARTESIAN_POINT('',(-121.2058410978,-9.626926587314,
    -14.62928449933));
#1002 = CARTESIAN_POINT('',(-122.0799994616,-8.747954271924,
    -14.62927373931));
#1003 = CARTESIAN_POINT('',(-122.4739939235,-8.306043128571,
    -14.62916663736));
#1004 = CARTESIAN_POINT('',(-122.8435579077,-7.842951367255,
    -14.62895758617));
#1005 = CARTESIAN_POINT('',(-123.1872876898,-7.360373641172,
    -14.62864722931));
#1006 = CARTESIAN_POINT('',(-123.5039395456,-6.860125280981,
    -14.62823682339));
#1007 = CARTESIAN_POINT('',(-123.908573604,-6.136412263876,
    -14.62752347528));
#1008 = CARTESIAN_POINT('',(-124.020153057,-5.926131923808,
    -14.62730280664));
#1009 = CARTESIAN_POINT('',(-124.1270988881,-5.713425522791,
    -14.6270663439));
#1010 = CARTESIAN_POINT('',(-124.2293456682,-5.498420856308,
    -14.62681422318));
#1011 = CARTESIAN_POINT('',(-124.3268326925,-5.281248029932,
    -14.62654659598));
#1012 = CARTESIAN_POINT('',(-124.5598431433,-4.730075283596,
    -14.6258351109));
#1013 = CARTESIAN_POINT('',(-124.6891385349,-4.393441639911,
    -14.62537141311));
#1014 = CARTESIAN_POINT('',(-124.8071954687,-4.05259920693,
    -14.62487311536));
#1015 = CARTESIAN_POINT('',(-124.9138455471,-3.708017279504,
    -14.62434087677));
#1016 = CARTESIAN_POINT('',(-125.0089466606,-3.360173768682,
    -14.62377543597));
#1017 = CARTESIAN_POINT('',(-125.2091808969,-2.518743622759,
    -14.62234074898));
#1018 = CARTESIAN_POINT('',(-125.3031219047,-2.022489189587,
    -14.62144040299));
#1019 = CARTESIAN_POINT('',(-125.3738879263,-1.522130441481,
    -14.62047887255));
#1020 = CARTESIAN_POINT('',(-125.4212664304,-1.019018337707,
    -14.61945867505));
#1021 = CARTESIAN_POINT('',(-125.4451504392,-0.514516257503,
    -14.61838254588));
#1022 = CARTESIAN_POINT('',(-125.4455385288,-1.000000007177E-02,
    -14.61725343841));
#1023 = PCURVE('',#296,#1024);
#1024 = DEFINITIONAL_REPRESENTATION('',(#1025),#1068);
#1025 = B_SPLINE_CURVE_WITH_KNOTS('',6,(#1026,#1027,#1028,#1029,#1030,
    #1031,#1032,#1033,#1034,#1035,#1036,#1037,#1038,#1039,#1040,#1041,
    #1042,#1043,#1044,#1045,#1046,#1047,#1048,#1049,#1050,#1051,#1052,
    #1053,#1054,#1055,#1056,#1057,#1058,#1059,#1060,#1061,#1062,#1063,
    #1064,#1065,#1066,#1067),.UNSPECIFIED.,.F.,.F.,(7,5,5,5,5,5,5,5,7),(
    0.,0.117017262931,0.235021123703,0.311018248683,0.501749696676,
    0.675616694497,0.74561337286,0.851614655437,1.),.UNSPECIFIED.);
#1026 = CARTESIAN_POINT('',(4.71161974954,4.382746561792));
#1027 = CARTESIAN_POINT('',(4.681014856255,4.381856143163));
#1028 = CARTESIAN_POINT('',(4.650409924933,4.380998680443));
#1029 = CARTESIAN_POINT('',(4.619804969936,4.380175607609));
#1030 = CARTESIAN_POINT('',(4.589200005722,4.379388284734));
#1031 = CARTESIAN_POINT('',(4.558595046849,4.378637997991));
#1032 = CARTESIAN_POINT('',(4.497127132241,4.377207917967));
#1033 = CARTESIAN_POINT('',(4.466264117489,4.376528760982));
#1034 = CARTESIAN_POINT('',(4.435401079035,4.375889711867));
#1035 = CARTESIAN_POINT('',(4.404538032294,4.375291873195));
#1036 = CARTESIAN_POINT('',(4.373674992781,4.374736226939));
#1037 = CARTESIAN_POINT('',(4.322935503259,4.373893513469));
#1038 = CARTESIAN_POINT('',(4.30305902409,4.373581249073));
#1039 = CARTESIAN_POINT('',(4.283182540428,4.37328707096));
#1040 = CARTESIAN_POINT('',(4.263306054108,4.373011187555));
#1041 = CARTESIAN_POINT('',(4.243429566979,4.372753786031));
#1042 = CARTESIAN_POINT('',(4.17366868105,4.371915827521));
#1043 = CARTESIAN_POINT('',(4.123783289371,4.371434067459));
#1044 = CARTESIAN_POINT('',(4.073899027124,4.371072406498));
#1045 = CARTESIAN_POINT('',(4.0240147573,4.370832581251));
#1046 = CARTESIAN_POINT('',(3.974129343116,4.370715500663));
#1047 = CARTESIAN_POINT('',(3.878771245804,4.370726260683));
#1048 = CARTESIAN_POINT('',(3.833296986746,4.370833362639));
#1049 = CARTESIAN_POINT('',(3.787823429615,4.371042413828));
#1050 = CARTESIAN_POINT('',(3.742349878452,4.371352770682));
#1051 = CARTESIAN_POINT('',(3.69687563711,4.37176317661));
#1052 = CARTESIAN_POINT('',(3.633094889688,4.372476524715));
#1053 = CARTESIAN_POINT('',(3.614787773886,4.372697193353));
#1054 = CARTESIAN_POINT('',(3.59648065895,4.372933656099));
#1055 = CARTESIAN_POINT('',(3.578173546134,4.373185776814));
#1056 = CARTESIAN_POINT('',(3.559866436681,4.373453404017));
#1057 = CARTESIAN_POINT('',(3.513835493495,4.374164889096));
#1058 = CARTESIAN_POINT('',(3.486111643084,4.374628586886));
#1059 = CARTESIAN_POINT('',(3.458387789839,4.375126884635));
#1060 = CARTESIAN_POINT('',(3.430663942943,4.375659123223));
#1061 = CARTESIAN_POINT('',(3.402940111518,4.376224564029));
#1062 = CARTESIAN_POINT('',(3.336407277613,4.377659251015));
#1063 = CARTESIAN_POINT('',(3.297598169738,4.378559597001));
#1064 = CARTESIAN_POINT('',(3.258789028877,4.37952112745));
#1065 = CARTESIAN_POINT('',(3.219979902726,4.380541324949));
#1066 = CARTESIAN_POINT('',(3.181170838802,4.381617454112));
#1067 = CARTESIAN_POINT('',(3.14236188444,4.382746561583));
#1068 = ( GEOMETRIC_REPRESENTATION_CONTEXT(2) 
PARAMETRIC_REPRESENTATION_CONTEXT() REPRESENTATION_CONTEXT('2D SPACE',''
  ) );
#1069 = PCURVE('',#217,#1070);
#1070 = DEFINITIONAL_REPRESENTATION('',(#1071),#1114);
#1071 = B_SPLINE_CURVE_WITH_KNOTS('',6,(#1072,#1073,#1074,#1075,#1076,
    #1077,#1078,#1079,#1080,#1081,#1082,#1083,#1084,#1085,#1086,#1087,
    #1088,#1089,#1090,#1091,#1092,#1093,#1094,#1095,#1096,#1097,#1098,
    #1099,#1100,#1101,#1102,#1103,#1104,#1105,#1106,#1107,#1108,#1109,
    #1110,#1111,#1112,#1113),.UNSPECIFIED.,.F.,.F.,(7,5,5,5,5,5,5,5,7),(
    0.,0.117017262931,0.235021123703,0.311018248683,0.501749696676,
    0.675616694497,0.74561337286,0.851614655437,1.),.UNSPECIFIED.);
#1072 = CARTESIAN_POINT('',(2.,0.793055378785));
#1073 = CARTESIAN_POINT('',(1.980501320816,0.793105779336));
#1074 = CARTESIAN_POINT('',(1.961002066563,0.793154315699));
#1075 = CARTESIAN_POINT('',(1.941502270805,0.793200906535));
#1076 = CARTESIAN_POINT('',(1.922001969057,0.79324547469));
#1077 = CARTESIAN_POINT('',(1.902501198783,0.793287947193));
#1078 = CARTESIAN_POINT('',(1.863334381186,0.793368903171));
#1079 = CARTESIAN_POINT('',(1.843668288593,0.793407350641));
#1080 = CARTESIAN_POINT('',(1.824001762018,0.793443528261));
#1081 = CARTESIAN_POINT('',(1.804334842961,0.793477373462));
#1082 = CARTESIAN_POINT('',(1.784667574016,0.79350883051));
#1083 = CARTESIAN_POINT('',(1.752333640705,0.793556540038));
#1084 = CARTESIAN_POINT('',(1.739667145452,0.793574218797));
#1085 = CARTESIAN_POINT('',(1.727000523261,0.793590873752));
#1086 = CARTESIAN_POINT('',(1.714333784419,0.793606493068));
#1087 = CARTESIAN_POINT('',(1.70166693935,0.793621066122));
#1088 = CARTESIAN_POINT('',(1.657209533537,0.793668508299));
#1089 = CARTESIAN_POINT('',(1.625417829575,0.793695784366));
#1090 = CARTESIAN_POINT('',(1.593626386628,0.793716261004));
#1091 = CARTESIAN_POINT('',(1.561834632883,0.793729839601));
#1092 = CARTESIAN_POINT('',(1.530041999722,0.793736468551));
#1093 = CARTESIAN_POINT('',(1.469269036101,0.793735859333));
#1094 = CARTESIAN_POINT('',(1.440287700299,0.79372979536));
#1095 = CARTESIAN_POINT('',(1.411306934672,0.793717959156));
#1096 = CARTESIAN_POINT('',(1.382326413558,0.793700387267));
#1097 = CARTESIAN_POINT('',(1.35334580941,0.793677151039));
#1098 = CARTESIAN_POINT('',(1.312699179904,0.793636763628));
#1099 = CARTESIAN_POINT('',(1.301032372463,0.793624270165));
#1100 = CARTESIAN_POINT('',(1.289365649062,0.793610882575));
#1101 = CARTESIAN_POINT('',(1.277699017782,0.793596608587));
#1102 = CARTESIAN_POINT('',(1.266032486609,0.793581456802));
#1103 = CARTESIAN_POINT('',(1.236698713372,0.793541176214));
#1104 = CARTESIAN_POINT('',(1.219031596542,0.793514924339));
#1105 = CARTESIAN_POINT('',(1.201364743547,0.793486713967));
#1106 = CARTESIAN_POINT('',(1.183698184341,0.793456582509));
#1107 = CARTESIAN_POINT('',(1.166031948233,0.793424571885));
#1108 = CARTESIAN_POINT('',(1.123636567471,0.793343353071));
#1109 = CARTESIAN_POINT('',(1.098907677776,0.793292384821));
#1110 = CARTESIAN_POINT('',(1.074179488924,0.793237954264));
#1111 = CARTESIAN_POINT('',(1.049452090466,0.793180204232));
#1112 = CARTESIAN_POINT('',(1.024725567364,0.793119289902));
#1113 = CARTESIAN_POINT('',(1.,0.793055378797));
#1114 = ( GEOMETRIC_REPRESENTATION_CONTEXT(2) 
PARAMETRIC_REPRESENTATION_CONTEXT() REPRESENTATION_CONTEXT('2D SPACE',''
  ) );
#1115 = ORIENTED_EDGE('',*,*,#1116,.F.);
#1116 = EDGE_CURVE('',#1117,#977,#1119,.T.);
#1117 = VERTEX_POINT('',#1118);
#1118 = CARTESIAN_POINT('',(-112.4355423839,-12.99999615385,
    -14.61725343818));
#1119 = SURFACE_CURVE('',#1120,(#1126,#1135),.PCURVE_S1.);
#1120 = B_SPLINE_CURVE_WITH_KNOTS('',4,(#1121,#1122,#1123,#1124,#1125),
  .UNSPECIFIED.,.F.,.F.,(5,5),(0.,1.),.PIECEWISE_BEZIER_KNOTS.);
#1121 = CARTESIAN_POINT('',(-112.4355423839,-12.99999615385,
    -14.61725343818));
#1122 = CARTESIAN_POINT('',(-112.4405423816,-13.,-14.6172422482));
#1123 = CARTESIAN_POINT('',(-112.4455423794,-13.00000128205,
    -14.61723851818));
#1124 = CARTESIAN_POINT('',(-112.4505423772,-12.99999999999,
    -14.61724224821));
#1125 = CARTESIAN_POINT('',(-112.4555423749,-12.99999615384,
    -14.6172534382));
#1126 = PCURVE('',#296,#1127);
#1127 = DEFINITIONAL_REPRESENTATION('',(#1128),#1134);
#1128 = B_SPLINE_CURVE_WITH_KNOTS('',4,(#1129,#1130,#1131,#1132,#1133),
  .UNSPECIFIED.,.F.,.F.,(5,5),(0.,1.),.PIECEWISE_BEZIER_KNOTS.);
#1129 = CARTESIAN_POINT('',(4.713158210538,4.382746561812));
#1130 = CARTESIAN_POINT('',(4.712773595213,4.382757751797));
#1131 = CARTESIAN_POINT('',(4.712388980039,4.382761481818));
#1132 = CARTESIAN_POINT('',(4.712004364865,4.382757751787));
#1133 = CARTESIAN_POINT('',(4.71161974954,4.382746561792));
#1134 = ( GEOMETRIC_REPRESENTATION_CONTEXT(2) 
PARAMETRIC_REPRESENTATION_CONTEXT() REPRESENTATION_CONTEXT('2D SPACE',''
  ) );
#1135 = PCURVE('',#1136,#1191);
#1136 = ( BOUNDED_SURFACE() B_SPLINE_SURFACE(8,5,(
    (#1137,#1138,#1139,#1140,#1141,#1142)
    ,(#1143,#1144,#1145,#1146,#1147,#1148)
    ,(#1149,#1150,#1151,#1152,#1153,#1154)
    ,(#1155,#1156,#1157,#1158,#1159,#1160)
    ,(#1161,#1162,#1163,#1164,#1165,#1166)
    ,(#1167,#1168,#1169,#1170,#1171,#1172)
    ,(#1173,#1174,#1175,#1176,#1177,#1178)
    ,(#1179,#1180,#1181,#1182,#1183,#1184)
    ,(#1185,#1186,#1187,#1188,#1189,#1190
)),.UNSPECIFIED.,.F.,.F.,.F.) B_SPLINE_SURFACE_WITH_KNOTS((9,9),(6,6),(
    2.,3.),(0.,1.),.PIECEWISE_BEZIER_KNOTS.) 
GEOMETRIC_REPRESENTATION_ITEM() RATIONAL_B_SPLINE_SURFACE((
    (1.,1.,1.,1.,1.,1.)
    ,(1.,1.,1.,1.,1.,1.)
    ,(1.,1.,1.,1.,1.,1.)
    ,(1.,1.,1.,1.,1.,1.)
    ,(1.,1.,1.,1.,1.,1.)
    ,(1.,1.,1.,1.,1.,1.)
    ,(1.,1.,1.,1.,1.,1.)
    ,(1.,1.,1.,1.,1.,1.)
,(1.,1.,1.,1.,1.,1.))) REPRESENTATION_ITEM('') SURFACE() );
#1137 = CARTESIAN_POINT('',(-112.4555423749,-14.99999999992,0.));
#1138 = CARTESIAN_POINT('',(-112.4555423749,-14.7973538428,
    -3.594413273843));
#1139 = CARTESIAN_POINT('',(-112.4555423749,-14.71756118517,
    -7.739430263657));
#1140 = CARTESIAN_POINT('',(-112.4555423749,-13.92783165005,
    -10.83065080678));
#1141 = CARTESIAN_POINT('',(-112.4555423749,-13.62766038428,
    -15.14684692625));
#1142 = CARTESIAN_POINT('',(-112.4555423749,-11.19999999992,-18.));
#1143 = CARTESIAN_POINT('',(-112.453042376,-14.99999999992,0.));
#1144 = CARTESIAN_POINT('',(-112.453042376,-14.7973538428,
    -3.594413273843));
#1145 = CARTESIAN_POINT('',(-112.453042376,-14.71756118517,
    -7.739430263657));
#1146 = CARTESIAN_POINT('',(-112.453042376,-13.92783165005,
    -10.83065080678));
#1147 = CARTESIAN_POINT('',(-112.453042376,-13.62766038428,
    -15.14684692625));
#1148 = CARTESIAN_POINT('',(-112.453042376,-11.19999999992,-18.));
#1149 = CARTESIAN_POINT('',(-112.4505423772,-14.99999999992,0.));
#1150 = CARTESIAN_POINT('',(-112.4505423772,-14.7973538428,
    -3.594413273843));
#1151 = CARTESIAN_POINT('',(-112.4505423772,-14.71756118517,
    -7.739430263657));
#1152 = CARTESIAN_POINT('',(-112.4505423772,-13.92783165005,
    -10.83065080678));
#1153 = CARTESIAN_POINT('',(-112.4505423772,-13.62766038428,
    -15.14684692625));
#1154 = CARTESIAN_POINT('',(-112.4505423772,-11.19999999992,-18.));
#1155 = CARTESIAN_POINT('',(-112.4480423783,-14.99999999992,0.));
#1156 = CARTESIAN_POINT('',(-112.4480423783,-14.7973538428,
    -3.594413273843));
#1157 = CARTESIAN_POINT('',(-112.4480423783,-14.71756118517,
    -7.739430263657));
#1158 = CARTESIAN_POINT('',(-112.4480423783,-13.92783165005,
    -10.83065080678));
#1159 = CARTESIAN_POINT('',(-112.4480423783,-13.62766038428,
    -15.14684692625));
#1160 = CARTESIAN_POINT('',(-112.4480423783,-11.19999999992,-18.));
#1161 = CARTESIAN_POINT('',(-112.4455423794,-14.99999999992,0.));
#1162 = CARTESIAN_POINT('',(-112.4455423794,-14.7973538428,
    -3.594413273843));
#1163 = CARTESIAN_POINT('',(-112.4455423794,-14.71756118517,
    -7.739430263657));
#1164 = CARTESIAN_POINT('',(-112.4455423794,-13.92783165005,
    -10.83065080678));
#1165 = CARTESIAN_POINT('',(-112.4455423794,-13.62766038428,
    -15.14684692625));
#1166 = CARTESIAN_POINT('',(-112.4455423794,-11.19999999992,-18.));
#1167 = CARTESIAN_POINT('',(-112.4430423805,-14.99999999992,0.));
#1168 = CARTESIAN_POINT('',(-112.4430423805,-14.7973538428,
    -3.594413273843));
#1169 = CARTESIAN_POINT('',(-112.4430423805,-14.71756118517,
    -7.739430263657));
#1170 = CARTESIAN_POINT('',(-112.4430423805,-13.92783165005,
    -10.83065080678));
#1171 = CARTESIAN_POINT('',(-112.4430423805,-13.62766038428,
    -15.14684692625));
#1172 = CARTESIAN_POINT('',(-112.4430423805,-11.19999999992,-18.));
#1173 = CARTESIAN_POINT('',(-112.4405423817,-14.99999999992,0.));
#1174 = CARTESIAN_POINT('',(-112.4405423817,-14.7973538428,
    -3.594413273843));
#1175 = CARTESIAN_POINT('',(-112.4405423817,-14.71756118517,
    -7.739430263657));
#1176 = CARTESIAN_POINT('',(-112.4405423817,-13.92783165005,
    -10.83065080678));
#1177 = CARTESIAN_POINT('',(-112.4405423817,-13.62766038428,
    -15.14684692625));
#1178 = CARTESIAN_POINT('',(-112.4405423817,-11.19999999992,-18.));
#1179 = CARTESIAN_POINT('',(-112.4380423828,-14.99999999992,0.));
#1180 = CARTESIAN_POINT('',(-112.4380423828,-14.7973538428,
    -3.594413273843));
#1181 = CARTESIAN_POINT('',(-112.4380423828,-14.71756118517,
    -7.739430263657));
#1182 = CARTESIAN_POINT('',(-112.4380423828,-13.92783165005,
    -10.83065080678));
#1183 = CARTESIAN_POINT('',(-112.4380423828,-13.62766038428,
    -15.14684692625));
#1184 = CARTESIAN_POINT('',(-112.4380423828,-11.19999999992,-18.));
#1185 = CARTESIAN_POINT('',(-112.4355423839,-14.99999999992,0.));
#1186 = CARTESIAN_POINT('',(-112.4355423839,-14.7973538428,
    -3.594413273843));
#1187 = CARTESIAN_POINT('',(-112.4355423839,-14.71756118517,
    -7.739430263657));
#1188 = CARTESIAN_POINT('',(-112.4355423839,-13.92783165005,
    -10.83065080678));
#1189 = CARTESIAN_POINT('',(-112.4355423839,-13.62766038428,
    -15.14684692625));
#1190 = CARTESIAN_POINT('',(-112.4355423839,-11.19999999992,-18.));
#1191 = DEFINITIONAL_REPRESENTATION('',(#1192),#1198);
#1192 = B_SPLINE_CURVE_WITH_KNOTS('',4,(#1193,#1194,#1195,#1196,#1197),
  .UNSPECIFIED.,.F.,.F.,(5,5),(0.,1.),.PIECEWISE_BEZIER_KNOTS.);
#1193 = CARTESIAN_POINT('',(3.,0.793055378784));
#1194 = CARTESIAN_POINT('',(2.750000000354,0.793054745395));
#1195 = CARTESIAN_POINT('',(2.5,0.793054534264));
#1196 = CARTESIAN_POINT('',(2.249999999646,0.793054745396));
#1197 = CARTESIAN_POINT('',(2.,0.793055378785));
#1198 = ( GEOMETRIC_REPRESENTATION_CONTEXT(2) 
PARAMETRIC_REPRESENTATION_CONTEXT() REPRESENTATION_CONTEXT('2D SPACE',''
  ) );
#1199 = ORIENTED_EDGE('',*,*,#1200,.F.);
#1200 = EDGE_CURVE('',#1201,#1117,#1203,.T.);
#1201 = VERTEX_POINT('',#1202);
#1202 = CARTESIAN_POINT('',(-99.68785208371,-2.498267085926,
    -14.62228149842));
#1203 = SURFACE_CURVE('',#1204,(#1247,#1293),.PCURVE_S1.);
#1204 = B_SPLINE_CURVE_WITH_KNOTS('',6,(#1205,#1206,#1207,#1208,#1209,
    #1210,#1211,#1212,#1213,#1214,#1215,#1216,#1217,#1218,#1219,#1220,
    #1221,#1222,#1223,#1224,#1225,#1226,#1227,#1228,#1229,#1230,#1231,
    #1232,#1233,#1234,#1235,#1236,#1237,#1238,#1239,#1240,#1241,#1242,
    #1243,#1244,#1245,#1246),.UNSPECIFIED.,.F.,.F.,(7,5,5,5,5,5,5,5,7),(
    0.,0.102012615411,0.211015834365,0.281013635824,0.48019064244,
    0.679346983669,0.749344834765,0.859348232391,1.),.UNSPECIFIED.);
#1205 = CARTESIAN_POINT('',(-99.47086041489,-0.810942682914,
    -14.61899032239));
#1206 = CARTESIAN_POINT('',(-99.49164678517,-1.143514329643,
    -14.61968840296));
#1207 = CARTESIAN_POINT('',(-99.52266272091,-1.475447158936,
    -14.62036205715));
#1208 = CARTESIAN_POINT('',(-99.56388355318,-1.806346854651,
    -14.62101047443));
#1209 = CARTESIAN_POINT('',(-99.61526459639,-2.135821905851,
    -14.62163289089));
#1210 = CARTESIAN_POINT('',(-99.67674114832,-2.463483606802,
    -14.62222858925));
#1211 = CARTESIAN_POINT('',(-99.82461463442,-3.136711424758,
    -14.62340415296));
#1212 = CARTESIAN_POINT('',(-99.91243085326,-3.481966948723,
    -14.62398013959));
#1213 = CARTESIAN_POINT('',(-100.0115736647,-3.824241682535,
    -14.6245240464));
#1214 = CARTESIAN_POINT('',(-100.1219143999,-4.163072424575,
    -14.62503513646));
#1215 = CARTESIAN_POINT('',(-100.2432992025,-4.498003717932,
    -14.62551274822));
#1216 = CARTESIAN_POINT('',(-100.4604749347,-5.040876649696,
    -14.6262411251));
#1217 = CARTESIAN_POINT('',(-100.5498813991,-5.25137311462,
    -14.62651190767));
#1218 = CARTESIAN_POINT('',(-100.6437210753,-5.459958895623,
    -14.62676848817));
#1219 = CARTESIAN_POINT('',(-100.7419425509,-5.666517523843,
    -14.62701072456));
#1220 = CARTESIAN_POINT('',(-100.8444903474,-5.870934411113,
    -14.62723848783));
#1221 = CARTESIAN_POINT('',(-101.2552431382,-6.648345051759,
    -14.62805824379));
#1222 = CARTESIAN_POINT('',(-101.593734617,-7.205351587863,
    -14.62854671375));
#1223 = CARTESIAN_POINT('',(-101.9653983384,-7.741496435455,
    -14.62891436725));
#1224 = CARTESIAN_POINT('',(-102.3686047484,-8.254341386169,
    -14.62915942961));
#1225 = CARTESIAN_POINT('',(-102.8015024034,-8.741612127848,
    -14.6292809634));
#1226 = CARTESIAN_POINT('',(-103.7224358291,-9.660777087023,
    -14.62927701233));
#1227 = CARTESIAN_POINT('',(-104.210484254,-10.09269538918,
    -14.62915155302));
#1228 = CARTESIAN_POINT('',(-104.7240446935,-10.49487973322,
    -14.62890260841));
#1229 = CARTESIAN_POINT('',(-105.2608400078,-10.86548359843,
    -14.62853113303));
#1230 = CARTESIAN_POINT('',(-105.8184296537,-11.20288257909,
    -14.62803891753));
#1231 = CARTESIAN_POINT('',(-106.5965560303,-11.6121332157,
    -14.62721420141));
#1232 = CARTESIAN_POINT('',(-106.8011666147,-11.71429434857,
    -14.62698513998));
#1233 = CARTESIAN_POINT('',(-107.007910758,-11.81212511198,
    -14.6267416144));
#1234 = CARTESIAN_POINT('',(-107.2166737671,-11.90557024428,
    -14.6264837544));
#1235 = CARTESIAN_POINT('',(-107.427339076,-11.99457855315,
    -14.62621170272));
#1236 = CARTESIAN_POINT('',(-107.9736575012,-12.21193509416,
    -14.62547602119));
#1237 = CARTESIAN_POINT('',(-108.3119331443,-12.33369359938,
    -14.6249917622));
#1238 = CARTESIAN_POINT('',(-108.6541546523,-12.44419527592,
    -14.62447344327));
#1239 = CARTESIAN_POINT('',(-108.9998535392,-12.54328311426,
    -14.62392174772));
#1240 = CARTESIAN_POINT('',(-109.348553355,-12.63082625081,
    -14.62333743697));
#1241 = CARTESIAN_POINT('',(-110.1488394314,-12.80375865644,
    -14.62193361461));
#1242 = CARTESIAN_POINT('',(-110.6020266688,-12.88175292609,
    -14.62109391226));
#1243 = CARTESIAN_POINT('',(-111.0583168287,-12.94048379959,
    -14.62020403651));
#1244 = CARTESIAN_POINT('',(-111.5166875572,-12.97980495858,
    -14.61926592296));
#1245 = CARTESIAN_POINT('',(-111.9761087163,-12.99964274355,
    -14.61828164988));
#1246 = CARTESIAN_POINT('',(-112.4355423839,-12.99999615385,
    -14.61725343818));
#1247 = PCURVE('',#296,#1248);
#1248 = DEFINITIONAL_REPRESENTATION('',(#1249),#1292);
#1249 = B_SPLINE_CURVE_WITH_KNOTS('',6,(#1250,#1251,#1252,#1253,#1254,
    #1255,#1256,#1257,#1258,#1259,#1260,#1261,#1262,#1263,#1264,#1265,
    #1266,#1267,#1268,#1269,#1270,#1271,#1272,#1273,#1274,#1275,#1276,
    #1277,#1278,#1279,#1280,#1281,#1282,#1283,#1284,#1285,#1286,#1287,
    #1288,#1289,#1290,#1291),.UNSPECIFIED.,.F.,.F.,(7,5,5,5,5,5,5,5,7),(
    0.,0.102012615411,0.211015834365,0.281013635824,0.48019064244,
    0.679346983669,0.749344834765,0.859348232391,1.),.UNSPECIFIED.);
#1250 = CARTESIAN_POINT('',(6.220764573214,4.381009677606));
#1251 = CARTESIAN_POINT('',(6.195132218775,4.380311597038));
#1252 = CARTESIAN_POINT('',(6.169499846,4.379637942845));
#1253 = CARTESIAN_POINT('',(6.143867460853,4.378989525566));
#1254 = CARTESIAN_POINT('',(6.118235069349,4.378367109109));
#1255 = CARTESIAN_POINT('',(6.092602677557,4.377771410749));
#1256 = CARTESIAN_POINT('',(6.039581398878,4.376595847036));
#1257 = CARTESIAN_POINT('',(6.012192482732,4.376019860406));
#1258 = CARTESIAN_POINT('',(5.984803551665,4.375475953591));
#1259 = CARTESIAN_POINT('',(5.957414614248,4.374964863536));
#1260 = CARTESIAN_POINT('',(5.930025679109,4.374487251779));
#1261 = CARTESIAN_POINT('',(5.885048609428,4.373758874895));
#1262 = CARTESIAN_POINT('',(5.867460459818,4.373488092328));
#1263 = CARTESIAN_POINT('',(5.849872307124,4.373231511825));
#1264 = CARTESIAN_POINT('',(5.832284152369,4.372989275432));
#1265 = CARTESIAN_POINT('',(5.814695996585,4.372761512162));
#1266 = CARTESIAN_POINT('',(5.747061180117,4.37194175621));
#1267 = CARTESIAN_POINT('',(5.697013511455,4.371453286248));
#1268 = CARTESIAN_POINT('',(5.646966990609,4.371085632748));
#1269 = CARTESIAN_POINT('',(5.596920462045,4.370840570385));
#1270 = CARTESIAN_POINT('',(5.546872770423,4.370719036596));
#1271 = CARTESIAN_POINT('',(5.446784566815,4.370722987666));
#1272 = CARTESIAN_POINT('',(5.396742067967,4.370848446976));
#1273 = CARTESIAN_POINT('',(5.346700731611,4.371097391589));
#1274 = CARTESIAN_POINT('',(5.29665940321,4.371468866967));
#1275 = CARTESIAN_POINT('',(5.246616927707,4.371961082461));
#1276 = CARTESIAN_POINT('',(5.178987291441,4.372785798584));
#1277 = CARTESIAN_POINT('',(5.161399123231,4.373014860019));
#1278 = CARTESIAN_POINT('',(5.143810956059,4.373258385592));
#1279 = CARTESIAN_POINT('',(5.126222790957,4.373516245591));
#1280 = CARTESIAN_POINT('',(5.108634628948,4.373788297277));
#1281 = CARTESIAN_POINT('',(5.063406234996,4.374523978806));
#1282 = CARTESIAN_POINT('',(5.035765987326,4.3750082378));
#1283 = CARTESIAN_POINT('',(5.008125737123,4.375526556721));
#1284 = CARTESIAN_POINT('',(4.980485493411,4.376078252276));
#1285 = CARTESIAN_POINT('',(4.95284526515,4.376662563027));
#1286 = CARTESIAN_POINT('',(4.889863938861,4.378066385382));
#1287 = CARTESIAN_POINT('',(4.854522768868,4.378906087734));
#1288 = CARTESIAN_POINT('',(4.819181581225,4.379795963488));
#1289 = CARTESIAN_POINT('',(4.783840405796,4.380734077037));
#1290 = CARTESIAN_POINT('',(4.748499272346,4.381718350116));
#1291 = CARTESIAN_POINT('',(4.713158210538,4.382746561812));
#1292 = ( GEOMETRIC_REPRESENTATION_CONTEXT(2) 
PARAMETRIC_REPRESENTATION_CONTEXT() REPRESENTATION_CONTEXT('2D SPACE',''
  ) );
#1293 = PCURVE('',#1294,#1349);
#1294 = ( BOUNDED_SURFACE() B_SPLINE_SURFACE(8,5,(
    (#1295,#1296,#1297,#1298,#1299,#1300)
    ,(#1301,#1302,#1303,#1304,#1305,#1306)
    ,(#1307,#1308,#1309,#1310,#1311,#1312)
    ,(#1313,#1314,#1315,#1316,#1317,#1318)
    ,(#1319,#1320,#1321,#1322,#1323,#1324)
    ,(#1325,#1326,#1327,#1328,#1329,#1330)
    ,(#1331,#1332,#1333,#1334,#1335,#1336)
    ,(#1337,#1338,#1339,#1340,#1341,#1342)
    ,(#1343,#1344,#1345,#1346,#1347,#1348
)),.UNSPECIFIED.,.F.,.F.,.F.) B_SPLINE_SURFACE_WITH_KNOTS((9,9),(6,6),(
    3.,4.),(0.,1.),.PIECEWISE_BEZIER_KNOTS.) 
GEOMETRIC_REPRESENTATION_ITEM() RATIONAL_B_SPLINE_SURFACE((
    (1.,1.,1.,1.,1.,1.)
    ,(1.,1.,1.,1.,1.,1.)
    ,(1.,1.,1.,1.,1.,1.)
    ,(1.,1.,1.,1.,1.,1.)
    ,(1.,1.,1.,1.,1.,1.)
    ,(1.,1.,1.,1.,1.,1.)
    ,(1.,1.,1.,1.,1.,1.)
    ,(1.,1.,1.,1.,1.,1.)
,(1.,1.,1.,1.,1.,1.))) REPRESENTATION_ITEM('') SURFACE() );
#1295 = CARTESIAN_POINT('',(-112.4355423839,-14.99999999992,0.));
#1296 = CARTESIAN_POINT('',(-112.4355423839,-14.7973538428,
    -3.594413273843));
#1297 = CARTESIAN_POINT('',(-112.4355423839,-14.71756118517,
    -7.739430263657));
#1298 = CARTESIAN_POINT('',(-112.4355423839,-13.92783165005,
    -10.83065080678));
#1299 = CARTESIAN_POINT('',(-112.4355423839,-13.62766038428,
    -15.14684692625));
#1300 = CARTESIAN_POINT('',(-112.4355423839,-11.19999999992,-18.));
#1301 = CARTESIAN_POINT('',(-109.4922627666,-14.99999999992,0.));
#1302 = CARTESIAN_POINT('',(-109.5320522465,-14.7973538428,
    -3.594413273843));
#1303 = CARTESIAN_POINT('',(-109.5477194982,-14.71756118517,
    -7.739430263657));
#1304 = CARTESIAN_POINT('',(-109.7027825298,-13.92783165005,
    -10.83065080678));
#1305 = CARTESIAN_POINT('',(-109.76172102,-13.62766038428,
    -15.14684692625));
#1306 = CARTESIAN_POINT('',(-110.2383910218,-11.19999999992,-18.));
#1307 = CARTESIAN_POINT('',(-106.5489822228,-14.3395287734,0.));
#1308 = CARTESIAN_POINT('',(-106.6285611951,-14.14581136583,
    -3.594413273843));
#1309 = CARTESIAN_POINT('',(-106.6598957034,-14.06953443566,
    -7.739430263657));
#1310 = CARTESIAN_POINT('',(-106.9700218155,-13.31460100692,
    -10.83065080678));
#1311 = CARTESIAN_POINT('',(-107.0878988144,-13.02765552394,
    -15.14684692625));
#1312 = CARTESIAN_POINT('',(-108.0412389681,-10.70695977145,-18.));
#1313 = CARTESIAN_POINT('',(-103.7786190012,-13.01859280734,0.));
#1314 = CARTESIAN_POINT('',(-103.8956498389,-12.8427328112,
    -3.594413273843));
#1315 = CARTESIAN_POINT('',(-103.9417311546,-12.77348730139,
    -7.739430263657));
#1316 = CARTESIAN_POINT('',(-104.3978104127,-12.08814574366,
    -10.83065080678));
#1317 = CARTESIAN_POINT('',(-104.5711632913,-11.82765169637,
    -15.14684692625));
#1318 = CARTESIAN_POINT('',(-105.9731692917,-9.720884157029,-18.));
#1319 = CARTESIAN_POINT('',(-101.3540536348,-11.09148874906,0.));
#1320 = CARTESIAN_POINT('',(-101.5038615807,-10.94168080308,
    -3.594413273843));
#1321 = CARTESIAN_POINT('',(-101.5628490015,-10.88269338229,
    -7.739430263657));
#1322 = CARTESIAN_POINT('',(-102.1466634751,-10.29887890875,
    -10.83065080678));
#1323 = CARTESIAN_POINT('',(-102.3685677115,-10.0769746723,
    -15.14684692625));
#1324 = CARTESIAN_POINT('',(-104.1632369067,-8.282305477106,-18.));
#1325 = CARTESIAN_POINT('',(-99.42694957654,-8.66692338261,0.));
#1326 = CARTESIAN_POINT('',(-99.60280957267,-8.549892544983,
    -3.594413273843));
#1327 = CARTESIAN_POINT('',(-99.67205508248,-8.503811229203,
    -7.739430263657));
#1328 = CARTESIAN_POINT('',(-100.3573966402,-8.04773197112,
    -10.83065080678));
#1329 = CARTESIAN_POINT('',(-100.6178906875,-7.874379092578,
    -15.14684692625));
#1330 = CARTESIAN_POINT('',(-102.7246582268,-6.472373092137,-18.));
#1331 = CARTESIAN_POINT('',(-98.10601361048,-5.896560161057,0.));
#1332 = CARTESIAN_POINT('',(-98.29973101804,-5.816981188719,
    -3.594413273843));
#1333 = CARTESIAN_POINT('',(-98.37600794822,-5.785646680412,
    -7.739430263657));
#1334 = CARTESIAN_POINT('',(-99.13094137695,-5.47552056837,
    -10.83065080678));
#1335 = CARTESIAN_POINT('',(-99.41788685993,-5.357643569398,
    -15.14684692625));
#1336 = CARTESIAN_POINT('',(-101.7385826124,-4.404303415741,-18.));
#1337 = CARTESIAN_POINT('',(-97.44554238395,-2.95327961726,0.));
#1338 = CARTESIAN_POINT('',(-97.64818854108,-2.913490137354,
    -3.594413273843));
#1339 = CARTESIAN_POINT('',(-97.7279811987,-2.897822885666,
    -7.739430263657));
#1340 = CARTESIAN_POINT('',(-98.51771073382,-2.742759854049,
    -10.83065080678));
#1341 = CARTESIAN_POINT('',(-98.81788199959,-2.68382136384,
    -15.14684692625));
#1342 = CARTESIAN_POINT('',(-101.2455423839,-2.207151362032,-18.));
#1343 = CARTESIAN_POINT('',(-97.44554237496,-9.999999928236E-03,0.));
#1344 = CARTESIAN_POINT('',(-97.64818853209,-9.999999928236E-03,
    -3.594413273843));
#1345 = CARTESIAN_POINT('',(-97.72798118971,-9.999999928236E-03,
    -7.739430263657));
#1346 = CARTESIAN_POINT('',(-98.51771072483,-9.999999928236E-03,
    -10.83065080678));
#1347 = CARTESIAN_POINT('',(-98.8178819906,-9.999999928236E-03,
    -15.14684692625));
#1348 = CARTESIAN_POINT('',(-101.2455423749,-9.999999928236E-03,-18.));
#1349 = DEFINITIONAL_REPRESENTATION('',(#1350),#1393);
#1350 = B_SPLINE_CURVE_WITH_KNOTS('',6,(#1351,#1352,#1353,#1354,#1355,
    #1356,#1357,#1358,#1359,#1360,#1361,#1362,#1363,#1364,#1365,#1366,
    #1367,#1368,#1369,#1370,#1371,#1372,#1373,#1374,#1375,#1376,#1377,
    #1378,#1379,#1380,#1381,#1382,#1383,#1384,#1385,#1386,#1387,#1388,
    #1389,#1390,#1391,#1392),.UNSPECIFIED.,.F.,.F.,(7,5,5,5,5,5,5,5,7),(
    0.,0.102012615411,0.211015834365,0.281013635824,0.48019064244,
    0.679346983669,0.749344834765,0.859348232391,1.),.UNSPECIFIED.);
#1351 = CARTESIAN_POINT('',(3.960720307183,0.793153693939));
#1352 = CARTESIAN_POINT('',(3.944388930706,0.793193209096));
#1353 = CARTESIAN_POINT('',(3.928057179977,0.793231342339));
#1354 = CARTESIAN_POINT('',(3.911725074432,0.793268047687));
#1355 = CARTESIAN_POINT('',(3.895392634315,0.793303281803));
#1356 = CARTESIAN_POINT('',(3.879059880677,0.793337003988));
#1357 = CARTESIAN_POINT('',(3.845274537876,0.793403553043));
#1358 = CARTESIAN_POINT('',(3.827821888121,0.79343616041));
#1359 = CARTESIAN_POINT('',(3.810368913375,0.793466952186));
#1360 = CARTESIAN_POINT('',(3.792915641543,0.793495886549));
#1361 = CARTESIAN_POINT('',(3.775462101173,0.793522925951));
#1362 = CARTESIAN_POINT('',(3.746800155144,0.793564162576));
#1363 = CARTESIAN_POINT('',(3.735591884623,0.793579492896));
#1364 = CARTESIAN_POINT('',(3.724383516798,0.793594019277));
#1365 = CARTESIAN_POINT('',(3.71317505865,0.793607733655));
#1366 = CARTESIAN_POINT('',(3.701966517246,0.793620628707));
#1367 = CARTESIAN_POINT('',(3.658864056835,0.793667040285));
#1368 = CARTESIAN_POINT('',(3.626968955313,0.793694696235));
#1369 = CARTESIAN_POINT('',(3.595074118395,0.793715512153));
#1370 = CARTESIAN_POINT('',(3.563178963868,0.793729387266));
#1371 = CARTESIAN_POINT('',(3.531282912777,0.793736268351));
#1372 = CARTESIAN_POINT('',(3.4674953903,0.793736044646));
#1373 = CARTESIAN_POINT('',(3.435602652657,0.793728941304));
#1374 = CARTESIAN_POINT('',(3.403710815195,0.793714846386));
#1375 = CARTESIAN_POINT('',(3.371819299381,0.793693814086));
#1376 = CARTESIAN_POINT('',(3.339927523185,0.793665946086));
#1377 = CARTESIAN_POINT('',(3.296828390309,0.793619253705));
#1378 = CARTESIAN_POINT('',(3.285619848287,0.793606285164));
#1379 = CARTESIAN_POINT('',(3.274411389986,0.793592497806));
#1380 = CARTESIAN_POINT('',(3.263203022471,0.793577898996));
#1381 = CARTESIAN_POINT('',(3.251994752719,0.793562496835));
#1382 = CARTESIAN_POINT('',(3.223172672018,0.793520846691));
#1383 = CARTESIAN_POINT('',(3.205559000988,0.793493430987));
#1384 = CARTESIAN_POINT('',(3.187945604619,0.793464087406));
#1385 = CARTESIAN_POINT('',(3.170332512327,0.79343285473));
#1386 = CARTESIAN_POINT('',(3.152719752855,0.793399776173));
#1387 = CARTESIAN_POINT('',(3.112587913549,0.793320305455));
#1388 = CARTESIAN_POINT('',(3.090069006829,0.793272770663));
#1389 = CARTESIAN_POINT('',(3.067550700555,0.793222396741));
#1390 = CARTESIAN_POINT('',(3.045033057913,0.793169293509));
#1391 = CARTESIAN_POINT('',(3.022516138835,0.793113578865));
#1392 = CARTESIAN_POINT('',(3.,0.793055378784));
#1393 = ( GEOMETRIC_REPRESENTATION_CONTEXT(2) 
PARAMETRIC_REPRESENTATION_CONTEXT() REPRESENTATION_CONTEXT('2D SPACE',''
  ) );
#1394 = ORIENTED_EDGE('',*,*,#1395,.T.);
#1395 = EDGE_CURVE('',#1201,#1396,#1398,.T.);
#1396 = VERTEX_POINT('',#1397);
#1397 = CARTESIAN_POINT('',(-99.46440220932,-0.699999999976,-18.));
#1398 = SURFACE_CURVE('',#1399,(#1430,#1464),.PCURVE_S1.);
#1399 = B_SPLINE_CURVE_WITH_KNOTS('',8,(#1400,#1401,#1402,#1403,#1404,
    #1405,#1406,#1407,#1408,#1409,#1410,#1411,#1412,#1413,#1414,#1415,
    #1416,#1417,#1418,#1419,#1420,#1421,#1422,#1423,#1424,#1425,#1426,
    #1427,#1428,#1429),.UNSPECIFIED.,.F.,.F.,(9,7,7,7,9),(0.,
    0.260217847074,0.518506356636,0.811541725831,1.),.UNSPECIFIED.);
#1400 = CARTESIAN_POINT('',(-100.1910463923,-4.33904692433,-2.9999994));
#1401 = CARTESIAN_POINT('',(-100.1805390941,-4.309371826263,
    -3.49873461773));
#1402 = CARTESIAN_POINT('',(-100.1693025717,-4.277376239683,
    -3.997394109849));
#1403 = CARTESIAN_POINT('',(-100.1571475693,-4.242454894694,
    -4.495947701343));
#1404 = CARTESIAN_POINT('',(-100.1439537705,-4.20416100521,
    -4.994366921322));
#1405 = CARTESIAN_POINT('',(-100.1296498692,-4.162150057301,
    -5.492622454251));
#1406 = CARTESIAN_POINT('',(-100.1142016487,-4.116147130393,
    -5.990682581814));
#1407 = CARTESIAN_POINT('',(-100.0976018038,-4.065915843561,
    -6.488511684963));
#1408 = CARTESIAN_POINT('',(-100.0622402604,-3.956903823225,
    -7.479935027309));
#1409 = CARTESIAN_POINT('',(-100.0434959729,-3.898189969951,
    -7.973526102292));
#1410 = CARTESIAN_POINT('',(-100.0236261502,-3.834821437882,
    -8.466814444574));
#1411 = CARTESIAN_POINT('',(-100.0026493866,-3.766542018682,
    -8.959761754639));
#1412 = CARTESIAN_POINT('',(-99.98058326233,-3.693040726261,
    -9.452314570252));
#1413 = CARTESIAN_POINT('',(-99.95743515318,-3.61389822483,
    -9.944400056908));
#1414 = CARTESIAN_POINT('',(-99.93319968783,-3.528522275825,
    -10.43592110797));
#1415 = CARTESIAN_POINT('',(-99.87911752049,-3.331185071637,
    -11.48361039559));
#1416 = CARTESIAN_POINT('',(-99.84896657273,-3.217234297768,
    -12.03935434855));
#1417 = CARTESIAN_POINT('',(-99.81737990118,-3.092962850085,
    -12.59402858548));
#1418 = CARTESIAN_POINT('',(-99.78432882011,-2.95670349669,
    -13.14742505866));
#1419 = CARTESIAN_POINT('',(-99.74978954489,-2.806289954749,
    -13.6990713856));
#1420 = CARTESIAN_POINT('',(-99.7138343046,-2.638758443948,
    -14.24818803617));
#1421 = CARTESIAN_POINT('',(-99.67666533246,-2.450237808468,
    -14.79367604143));
#1422 = CARTESIAN_POINT('',(-99.61485726778,-2.096026211238,
    -15.68140189339));
#1423 = CARTESIAN_POINT('',(-99.59050846917,-1.946361017234,
    -16.0262936277));
#1424 = CARTESIAN_POINT('',(-99.56619060731,-1.783985982579,
    -16.36848542068));
#1425 = CARTESIAN_POINT('',(-99.54220449097,-1.606967856028,
    -16.70737519812));
#1426 = CARTESIAN_POINT('',(-99.5190434863,-1.413031763237,
    -17.04186338959));
#1427 = CARTESIAN_POINT('',(-99.4974546389,-1.199512962897,
    -17.37034200339));
#1428 = CARTESIAN_POINT('',(-99.47859567206,-0.963210470397,
    -17.69065699336));
#1429 = CARTESIAN_POINT('',(-99.46440220932,-0.699999999976,-18.));
#1430 = PCURVE('',#296,#1431);
#1431 = DEFINITIONAL_REPRESENTATION('',(#1432),#1463);
#1432 = B_SPLINE_CURVE_WITH_KNOTS('',8,(#1433,#1434,#1435,#1436,#1437,
    #1438,#1439,#1440,#1441,#1442,#1443,#1444,#1445,#1446,#1447,#1448,
    #1449,#1450,#1451,#1452,#1453,#1454,#1455,#1456,#1457,#1458,#1459,
    #1460,#1461,#1462),.UNSPECIFIED.,.F.,.F.,(9,7,7,7,9),(0.,
    0.260217847074,0.518506356636,0.811541725831,1.),.UNSPECIFIED.);
#1433 = CARTESIAN_POINT('',(5.942882191717,16.0000006));
#1434 = CARTESIAN_POINT('',(5.94530375994,15.50126538227));
#1435 = CARTESIAN_POINT('',(5.947912313674,15.002605890151));
#1436 = CARTESIAN_POINT('',(5.950756623024,14.504052298657));
#1437 = CARTESIAN_POINT('',(5.953872209704,14.005633078678));
#1438 = CARTESIAN_POINT('',(5.957285949728,13.507377545749));
#1439 = CARTESIAN_POINT('',(5.961018766887,13.009317418186));
#1440 = CARTESIAN_POINT('',(5.965088173955,12.511488315037));
#1441 = CARTESIAN_POINT('',(5.973903860392,11.520064972691));
#1442 = CARTESIAN_POINT('',(5.97864483568,11.026473897708));
#1443 = CARTESIAN_POINT('',(5.9837532268,10.533185555426));
#1444 = CARTESIAN_POINT('',(5.989247573057,10.040238245361));
#1445 = CARTESIAN_POINT('',(5.995150549627,9.547685429748));
#1446 = CARTESIAN_POINT('',(6.001493175886,9.055599943092));
#1447 = CARTESIAN_POINT('',(6.008319753127,8.564078892021));
#1448 = CARTESIAN_POINT('',(6.024059284819,7.516389604401));
#1449 = CARTESIAN_POINT('',(6.033126029771,6.960645651441));
#1450 = CARTESIAN_POINT('',(6.042988491392,6.405971414517));
#1451 = CARTESIAN_POINT('',(6.053772591789,5.852574941336));
#1452 = CARTESIAN_POINT('',(6.06564179888,5.300928614397));
#1453 = CARTESIAN_POINT('',(6.078819683373,4.751811963823));
#1454 = CARTESIAN_POINT('',(6.093596897768,4.206323958563));
#1455 = CARTESIAN_POINT('',(6.121255647999,3.31859810661));
#1456 = CARTESIAN_POINT('',(6.13291893153,2.973706372293));
#1457 = CARTESIAN_POINT('',(6.145546948571,2.631514579312));
#1458 = CARTESIAN_POINT('',(6.159285157544,2.292624801876));
#1459 = CARTESIAN_POINT('',(6.174305103736,1.958136610406));
#1460 = CARTESIAN_POINT('',(6.190807849099,1.629657996609));
#1461 = CARTESIAN_POINT('',(6.20903672365,1.30934300664));
#1462 = CARTESIAN_POINT('',(6.229313098996,1.));
#1463 = ( GEOMETRIC_REPRESENTATION_CONTEXT(2) 
PARAMETRIC_REPRESENTATION_CONTEXT() REPRESENTATION_CONTEXT('2D SPACE',''
  ) );
#1464 = PCURVE('',#1465,#1520);
#1465 = ( BOUNDED_SURFACE() B_SPLINE_SURFACE(8,5,(
    (#1466,#1467,#1468,#1469,#1470,#1471)
    ,(#1472,#1473,#1474,#1475,#1476,#1477)
    ,(#1478,#1479,#1480,#1481,#1482,#1483)
    ,(#1484,#1485,#1486,#1487,#1488,#1489)
    ,(#1490,#1491,#1492,#1493,#1494,#1495)
    ,(#1496,#1497,#1498,#1499,#1500,#1501)
    ,(#1502,#1503,#1504,#1505,#1506,#1507)
    ,(#1508,#1509,#1510,#1511,#1512,#1513)
    ,(#1514,#1515,#1516,#1517,#1518,#1519
)),.UNSPECIFIED.,.F.,.F.,.F.) B_SPLINE_SURFACE_WITH_KNOTS((9,9),(6,6),(
    2.,3.),(0.,1.),.PIECEWISE_BEZIER_KNOTS.) 
GEOMETRIC_REPRESENTATION_ITEM() RATIONAL_B_SPLINE_SURFACE((
    (1.,1.,1.,1.,1.,1.)
    ,(1.,1.,1.,1.,1.,1.)
    ,(1.,1.,1.,1.,1.,1.)
    ,(1.,1.,1.,1.,1.,1.)
    ,(1.,1.,1.,1.,1.,1.)
    ,(1.,1.,1.,1.,1.,1.)
    ,(1.,1.,1.,1.,1.,1.)
    ,(1.,1.,1.,1.,1.,1.)
,(1.,1.,1.,1.,1.,1.))) REPRESENTATION_ITEM('') SURFACE() );
#1466 = CARTESIAN_POINT('',(-122.9555423749,-4.499999999976,0.));
#1467 = CARTESIAN_POINT('',(-122.9555423749,-4.297353845212,
    -3.594413271103));
#1468 = CARTESIAN_POINT('',(-122.9555423749,-4.21756118048,
    -7.739430269868));
#1469 = CARTESIAN_POINT('',(-122.9555423749,-3.427831654538,
    -10.830650802));
#1470 = CARTESIAN_POINT('',(-122.9555423749,-3.127660381612,
    -15.14684693069));
#1471 = CARTESIAN_POINT('',(-122.9555423749,-0.699999999976,-18.));
#1472 = CARTESIAN_POINT('',(-92.21665678122,-4.499999999976,0.));
#1473 = CARTESIAN_POINT('',(-92.21665678122,-4.297353845212,
    -3.594413271103));
#1474 = CARTESIAN_POINT('',(-92.21665678122,-4.21756118048,
    -7.739430269868));
#1475 = CARTESIAN_POINT('',(-92.21665678122,-3.427831654538,
    -10.830650802));
#1476 = CARTESIAN_POINT('',(-92.21665678122,-3.127660381612,
    -15.14684693069));
#1477 = CARTESIAN_POINT('',(-92.21665678122,-0.699999999976,-18.));
#1478 = CARTESIAN_POINT('',(-61.47777118748,-4.499999999976,0.));
#1479 = CARTESIAN_POINT('',(-61.47777118748,-4.297353845212,
    -3.594413271103));
#1480 = CARTESIAN_POINT('',(-61.47777118748,-4.21756118048,
    -7.739430269868));
#1481 = CARTESIAN_POINT('',(-61.47777118748,-3.427831654538,
    -10.830650802));
#1482 = CARTESIAN_POINT('',(-61.47777118748,-3.127660381612,
    -15.14684693069));
#1483 = CARTESIAN_POINT('',(-61.47777118748,-0.699999999976,-18.));
#1484 = CARTESIAN_POINT('',(-30.73888559374,-4.499999999976,0.));
#1485 = CARTESIAN_POINT('',(-30.73888559374,-4.297353845212,
    -3.594413271103));
#1486 = CARTESIAN_POINT('',(-30.73888559374,-4.21756118048,
    -7.739430269868));
#1487 = CARTESIAN_POINT('',(-30.73888559374,-3.427831654538,
    -10.830650802));
#1488 = CARTESIAN_POINT('',(-30.73888559374,-3.127660381612,
    -15.14684693069));
#1489 = CARTESIAN_POINT('',(-30.73888559374,-0.699999999976,-18.));
#1490 = CARTESIAN_POINT('',(5.329070518201E-15,-4.499999999976,0.));
#1491 = CARTESIAN_POINT('',(5.329070518201E-15,-4.297353845212,
    -3.594413271103));
#1492 = CARTESIAN_POINT('',(5.329070518201E-15,-4.21756118048,
    -7.739430269868));
#1493 = CARTESIAN_POINT('',(5.329070518201E-15,-3.427831654538,
    -10.830650802));
#1494 = CARTESIAN_POINT('',(5.329070518201E-15,-3.127660381612,
    -15.14684693069));
#1495 = CARTESIAN_POINT('',(5.329070518201E-15,-0.699999999976,-18.));
#1496 = CARTESIAN_POINT('',(30.738885593741,-4.499999999976,0.));
#1497 = CARTESIAN_POINT('',(30.738885593742,-4.297353845212,
    -3.594413271103));
#1498 = CARTESIAN_POINT('',(30.73888559374,-4.21756118048,
    -7.739430269868));
#1499 = CARTESIAN_POINT('',(30.738885593742,-3.427831654538,
    -10.830650802));
#1500 = CARTESIAN_POINT('',(30.738885593741,-3.127660381612,
    -15.14684693069));
#1501 = CARTESIAN_POINT('',(30.738885593741,-0.699999999976,-18.));
#1502 = CARTESIAN_POINT('',(61.477771187482,-4.499999999976,0.));
#1503 = CARTESIAN_POINT('',(61.477771187482,-4.297353845212,
    -3.594413271103));
#1504 = CARTESIAN_POINT('',(61.477771187483,-4.21756118048,
    -7.739430269868));
#1505 = CARTESIAN_POINT('',(61.477771187482,-3.427831654538,
    -10.830650802));
#1506 = CARTESIAN_POINT('',(61.477771187482,-3.127660381612,
    -15.14684693069));
#1507 = CARTESIAN_POINT('',(61.477771187482,-0.699999999976,-18.));
#1508 = CARTESIAN_POINT('',(92.216656781224,-4.499999999976,0.));
#1509 = CARTESIAN_POINT('',(92.216656781223,-4.297353845228,
    -3.594413271103));
#1510 = CARTESIAN_POINT('',(92.216656781224,-4.21756118045,
    -7.739430269868));
#1511 = CARTESIAN_POINT('',(92.216656781223,-3.427831654568,
    -10.830650802));
#1512 = CARTESIAN_POINT('',(92.216656781224,-3.127660381595,
    -15.14684693069));
#1513 = CARTESIAN_POINT('',(92.216656781224,-0.699999999982,-18.));
#1514 = CARTESIAN_POINT('',(122.95554237496,-4.500000000024,0.));
#1515 = CARTESIAN_POINT('',(122.95554237496,-4.297353845261,
    -3.594413271103));
#1516 = CARTESIAN_POINT('',(122.95554237496,-4.217561180528,
    -7.739430269868));
#1517 = CARTESIAN_POINT('',(122.95554237496,-3.427831654587,
    -10.830650802));
#1518 = CARTESIAN_POINT('',(122.95554237496,-3.12766038166,
    -15.14684693069));
#1519 = CARTESIAN_POINT('',(122.95554237496,-0.700000000024,-18.));
#1520 = DEFINITIONAL_REPRESENTATION('',(#1521),#1552);
#1521 = B_SPLINE_CURVE_WITH_KNOTS('',8,(#1522,#1523,#1524,#1525,#1526,
    #1527,#1528,#1529,#1530,#1531,#1532,#1533,#1534,#1535,#1536,#1537,
    #1538,#1539,#1540,#1541,#1542,#1543,#1544,#1545,#1546,#1547,#1548,
    #1549,#1550,#1551),.UNSPECIFIED.,.F.,.F.,(9,7,7,7,9),(0.,
    0.260217847074,0.518506356636,0.811541725831,1.),.UNSPECIFIED.);
#1522 = CARTESIAN_POINT('',(2.092572061196,0.161992047653));
#1523 = CARTESIAN_POINT('',(2.092614789234,0.188531031718));
#1524 = CARTESIAN_POINT('',(2.092660482599,0.215032601827));
#1525 = CARTESIAN_POINT('',(2.092709911144,0.241547864683));
#1526 = CARTESIAN_POINT('',(2.092763563838,0.268108366227));
#1527 = CARTESIAN_POINT('',(2.092821730742,0.294731632862));
#1528 = CARTESIAN_POINT('',(2.092884551155,0.321423951503));
#1529 = CARTESIAN_POINT('',(2.092952054579,0.348182632408));
#1530 = CARTESIAN_POINT('',(2.093095852665,0.401618532681));
#1531 = CARTESIAN_POINT('',(2.093172076506,0.428294476763));
#1532 = CARTESIAN_POINT('',(2.093252877348,0.455021101277));
#1533 = CARTESIAN_POINT('',(2.093338179577,0.481786212169));
#1534 = CARTESIAN_POINT('',(2.093427911702,0.508575737325));
#1535 = CARTESIAN_POINT('',(2.09352204373,0.535377412088));
#1536 = CARTESIAN_POINT('',(2.093620597504,0.562184564013));
#1537 = CARTESIAN_POINT('',(2.093840523203,0.619422837936));
#1538 = CARTESIAN_POINT('',(2.093963132348,0.649844006813));
#1539 = CARTESIAN_POINT('',(2.094091579879,0.680280004438));
#1540 = CARTESIAN_POINT('',(2.094225982446,0.710752306356));
#1541 = CARTESIAN_POINT('',(2.09436643677,0.741292637919));
#1542 = CARTESIAN_POINT('',(2.094512649131,0.771953123091));
#1543 = CARTESIAN_POINT('',(2.094663797145,0.802809868267));
#1544 = CARTESIAN_POINT('',(2.094915140287,0.854059134138));
#1545 = CARTESIAN_POINT('',(2.095014154931,0.874232608285));
#1546 = CARTESIAN_POINT('',(2.095113043771,0.894572793174));
#1547 = CARTESIAN_POINT('',(2.095210583564,0.915120512903));
#1548 = CARTESIAN_POINT('',(2.095304768032,0.935908569553));
#1549 = CARTESIAN_POINT('',(2.095392559306,0.956964504583));
#1550 = CARTESIAN_POINT('',(2.095469249492,0.978315709033));
#1551 = CARTESIAN_POINT('',(2.095526967357,1.));
#1552 = ( GEOMETRIC_REPRESENTATION_CONTEXT(2) 
PARAMETRIC_REPRESENTATION_CONTEXT() REPRESENTATION_CONTEXT('2D SPACE',''
  ) );
#1553 = ORIENTED_EDGE('',*,*,#1554,.T.);
#1554 = EDGE_CURVE('',#1396,#572,#1555,.T.);
#1555 = SURFACE_CURVE('',#1556,(#1561,#1568),.PCURVE_S1.);
#1556 = CIRCLE('',#1557,13.);
#1557 = AXIS2_PLACEMENT_3D('',#1558,#1559,#1560);
#1558 = CARTESIAN_POINT('',(-112.4455423749,0.,-18.));
#1559 = DIRECTION('',(0.,0.,1.));
#1560 = DIRECTION('',(1.,0.,-0.));
#1561 = PCURVE('',#296,#1562);
#1562 = DEFINITIONAL_REPRESENTATION('',(#1563),#1567);
#1563 = LINE('',#1564,#1565);
#1564 = CARTESIAN_POINT('',(0.,1.));
#1565 = VECTOR('',#1566,1.);
#1566 = DIRECTION('',(1.,0.));
#1567 = ( GEOMETRIC_REPRESENTATION_CONTEXT(2) 
PARAMETRIC_REPRESENTATION_CONTEXT() REPRESENTATION_CONTEXT('2D SPACE',''
  ) );
#1568 = PCURVE('',#641,#1569);
#1569 = DEFINITIONAL_REPRESENTATION('',(#1570),#1574);
#1570 = CIRCLE('',#1571,13.);
#1571 = AXIS2_PLACEMENT_2D('',#1572,#1573);
#1572 = CARTESIAN_POINT('',(11.200000772132,-9.094166476012E-03));
#1573 = DIRECTION('',(0.99999999673,8.087627064654E-05));
#1574 = ( GEOMETRIC_REPRESENTATION_CONTEXT(2) 
PARAMETRIC_REPRESENTATION_CONTEXT() REPRESENTATION_CONTEXT('2D SPACE',''
  ) );
#1575 = ADVANCED_FACE('',(#1576),#217,.F.);
#1576 = FACE_BOUND('',#1577,.F.);
#1577 = EDGE_LOOP('',(#1578,#1579,#1614,#1638));
#1578 = ORIENTED_EDGE('',*,*,#198,.F.);
#1579 = ORIENTED_EDGE('',*,*,#1580,.T.);
#1580 = EDGE_CURVE('',#159,#1581,#1583,.T.);
#1581 = VERTEX_POINT('',#1582);
#1582 = CARTESIAN_POINT('',(-112.4555423749,-15.,0.));
#1583 = SURFACE_CURVE('',#1584,(#1594,#1601),.PCURVE_S1.);
#1584 = B_SPLINE_CURVE_WITH_KNOTS('',8,(#1585,#1586,#1587,#1588,#1589,
    #1590,#1591,#1592,#1593),.UNSPECIFIED.,.F.,.F.,(9,9),(1.,2.),
  .PIECEWISE_BEZIER_KNOTS.);
#1585 = CARTESIAN_POINT('',(-127.4455423749,-1.000000007177E-02,0.));
#1586 = CARTESIAN_POINT('',(-127.4455423749,-2.953279617404,0.));
#1587 = CARTESIAN_POINT('',(-126.7850711484,-5.8965601612,0.));
#1588 = CARTESIAN_POINT('',(-125.4641351823,-8.666923382754,0.));
#1589 = CARTESIAN_POINT('',(-123.5370311241,-11.09148874921,0.));
#1590 = CARTESIAN_POINT('',(-121.1124657576,-13.01859280748,0.));
#1591 = CARTESIAN_POINT('',(-118.342102536,-14.33952877354,0.));
#1592 = CARTESIAN_POINT('',(-115.3988219922,-15.00000000007,0.));
#1593 = CARTESIAN_POINT('',(-112.4555423749,-14.99999999992,0.));
#1594 = PCURVE('',#217,#1595);
#1595 = DEFINITIONAL_REPRESENTATION('',(#1596),#1600);
#1596 = LINE('',#1597,#1598);
#1597 = CARTESIAN_POINT('',(0.,0.));
#1598 = VECTOR('',#1599,1.);
#1599 = DIRECTION('',(1.,0.));
#1600 = ( GEOMETRIC_REPRESENTATION_CONTEXT(2) 
PARAMETRIC_REPRESENTATION_CONTEXT() REPRESENTATION_CONTEXT('2D SPACE',''
  ) );
#1601 = PCURVE('',#180,#1602);
#1602 = DEFINITIONAL_REPRESENTATION('',(#1603),#1613);
#1603 = B_SPLINE_CURVE_WITH_KNOTS('',8,(#1604,#1605,#1606,#1607,#1608,
    #1609,#1610,#1611,#1612),.UNSPECIFIED.,.F.,.F.,(9,9),(1.,2.),
  .PIECEWISE_BEZIER_KNOTS.);
#1604 = CARTESIAN_POINT('',(1.569294724391E-06,-1.999998075016E-02));
#1605 = CARTESIAN_POINT('',(2.325131726622E-04,-2.963279589021));
#1606 = CARTESIAN_POINT('',(0.660934681618,-5.906508300008));
#1607 = CARTESIAN_POINT('',(1.982088019637,-8.676767866043));
#1608 = CARTESIAN_POINT('',(3.909382315038,-11.10118201518));
#1609 = CARTESIAN_POINT('',(6.334098883889,-13.02809582445));
#1610 = CARTESIAN_POINT('',(9.104565743904,-14.34881441042));
#1611 = CARTESIAN_POINT('',(12.04789810239,-15.00905469097));
#1612 = CARTESIAN_POINT('',(14.991177710662,-15.00882374695));
#1613 = ( GEOMETRIC_REPRESENTATION_CONTEXT(2) 
PARAMETRIC_REPRESENTATION_CONTEXT() REPRESENTATION_CONTEXT('2D SPACE',''
  ) );
#1614 = ORIENTED_EDGE('',*,*,#1615,.T.);
#1615 = EDGE_CURVE('',#1581,#977,#1616,.T.);
#1616 = SURFACE_CURVE('',#1617,(#1624,#1631),.PCURVE_S1.);
#1617 = ( BOUNDED_CURVE() B_SPLINE_CURVE(5,(#1618,#1619,#1620,#1621,
#1622,#1623),.UNSPECIFIED.,.F.,.F.) B_SPLINE_CURVE_WITH_KNOTS((6,6),(0.,
1.),.PIECEWISE_BEZIER_KNOTS.) CURVE() GEOMETRIC_REPRESENTATION_ITEM() 
RATIONAL_B_SPLINE_CURVE((1.,1.,1.,1.,1.,1.)) REPRESENTATION_ITEM('') );
#1618 = CARTESIAN_POINT('',(-112.4555423749,-14.99999999992,0.));
#1619 = CARTESIAN_POINT('',(-112.4555423749,-14.7973538428,
    -3.594413273843));
#1620 = CARTESIAN_POINT('',(-112.4555423749,-14.71756118517,
    -7.739430263657));
#1621 = CARTESIAN_POINT('',(-112.4555423749,-13.92783165005,
    -10.83065080678));
#1622 = CARTESIAN_POINT('',(-112.4555423749,-13.62766038428,
    -15.14684692625));
#1623 = CARTESIAN_POINT('',(-112.4555423749,-11.19999999992,-18.));
#1624 = PCURVE('',#217,#1625);
#1625 = DEFINITIONAL_REPRESENTATION('',(#1626),#1630);
#1626 = LINE('',#1627,#1628);
#1627 = CARTESIAN_POINT('',(2.,0.));
#1628 = VECTOR('',#1629,1.);
#1629 = DIRECTION('',(0.,1.));
#1630 = ( GEOMETRIC_REPRESENTATION_CONTEXT(2) 
PARAMETRIC_REPRESENTATION_CONTEXT() REPRESENTATION_CONTEXT('2D SPACE',''
  ) );
#1631 = PCURVE('',#1136,#1632);
#1632 = DEFINITIONAL_REPRESENTATION('',(#1633),#1637);
#1633 = LINE('',#1634,#1635);
#1634 = CARTESIAN_POINT('',(2.,0.));
#1635 = VECTOR('',#1636,1.);
#1636 = DIRECTION('',(0.,1.));
#1637 = ( GEOMETRIC_REPRESENTATION_CONTEXT(2) 
PARAMETRIC_REPRESENTATION_CONTEXT() REPRESENTATION_CONTEXT('2D SPACE',''
  ) );
#1638 = ORIENTED_EDGE('',*,*,#976,.T.);
#1639 = ADVANCED_FACE('',(#1640,#2483,#2514,#2545,#2576,#2607,#2638,
    #2669,#2700,#2731,#2762,#2793,#2824),#180,.T.);
#1640 = FACE_BOUND('',#1641,.T.);
#1641 = EDGE_LOOP('',(#1642,#1643,#1644,#1645,#1680,#1715,#1750,#1840,
    #1930,#2020,#2110,#2200,#2290,#2380,#2415,#2450));
#1642 = ORIENTED_EDGE('',*,*,#396,.T.);
#1643 = ORIENTED_EDGE('',*,*,#158,.T.);
#1644 = ORIENTED_EDGE('',*,*,#1580,.T.);
#1645 = ORIENTED_EDGE('',*,*,#1646,.T.);
#1646 = EDGE_CURVE('',#1581,#1647,#1649,.T.);
#1647 = VERTEX_POINT('',#1648);
#1648 = CARTESIAN_POINT('',(-112.4355423839,-14.99999999992,0.));
#1649 = SURFACE_CURVE('',#1650,(#1660,#1673),.PCURVE_S1.);
#1650 = B_SPLINE_CURVE_WITH_KNOTS('',8,(#1651,#1652,#1653,#1654,#1655,
    #1656,#1657,#1658,#1659),.UNSPECIFIED.,.F.,.F.,(9,9),(2.,3.),
  .PIECEWISE_BEZIER_KNOTS.);
#1651 = CARTESIAN_POINT('',(-112.4555423749,-14.99999999992,0.));
#1652 = CARTESIAN_POINT('',(-112.453042376,-14.99999999992,0.));
#1653 = CARTESIAN_POINT('',(-112.4505423772,-14.99999999992,0.));
#1654 = CARTESIAN_POINT('',(-112.4480423783,-14.99999999992,0.));
#1655 = CARTESIAN_POINT('',(-112.4455423794,-14.99999999992,0.));
#1656 = CARTESIAN_POINT('',(-112.4430423805,-14.99999999992,0.));
#1657 = CARTESIAN_POINT('',(-112.4405423817,-14.99999999992,0.));
#1658 = CARTESIAN_POINT('',(-112.4380423828,-14.99999999992,0.));
#1659 = CARTESIAN_POINT('',(-112.4355423839,-14.99999999992,0.));
#1660 = PCURVE('',#180,#1661);
#1661 = DEFINITIONAL_REPRESENTATION('',(#1662),#1672);
#1662 = B_SPLINE_CURVE_WITH_KNOTS('',8,(#1663,#1664,#1665,#1666,#1667,
    #1668,#1669,#1670,#1671),.UNSPECIFIED.,.F.,.F.,(9,9),(2.,3.),
  .PIECEWISE_BEZIER_KNOTS.);
#1663 = CARTESIAN_POINT('',(14.991177710662,-15.00882374695));
#1664 = CARTESIAN_POINT('',(14.99367770953,-15.00882355078));
#1665 = CARTESIAN_POINT('',(14.996177708399,-15.00882335462));
#1666 = CARTESIAN_POINT('',(14.998677707268,-15.00882315846));
#1667 = CARTESIAN_POINT('',(15.001177706136,-15.0088229623));
#1668 = CARTESIAN_POINT('',(15.003677705005,-15.00882276614));
#1669 = CARTESIAN_POINT('',(15.006177703874,-15.00882256997));
#1670 = CARTESIAN_POINT('',(15.008677702743,-15.00882237381));
#1671 = CARTESIAN_POINT('',(15.011177701611,-15.00882217765));
#1672 = ( GEOMETRIC_REPRESENTATION_CONTEXT(2) 
PARAMETRIC_REPRESENTATION_CONTEXT() REPRESENTATION_CONTEXT('2D SPACE',''
  ) );
#1673 = PCURVE('',#1136,#1674);
#1674 = DEFINITIONAL_REPRESENTATION('',(#1675),#1679);
#1675 = LINE('',#1676,#1677);
#1676 = CARTESIAN_POINT('',(0.,0.));
#1677 = VECTOR('',#1678,1.);
#1678 = DIRECTION('',(1.,0.));
#1679 = ( GEOMETRIC_REPRESENTATION_CONTEXT(2) 
PARAMETRIC_REPRESENTATION_CONTEXT() REPRESENTATION_CONTEXT('2D SPACE',''
  ) );
#1680 = ORIENTED_EDGE('',*,*,#1681,.T.);
#1681 = EDGE_CURVE('',#1647,#1682,#1684,.T.);
#1682 = VERTEX_POINT('',#1683);
#1683 = CARTESIAN_POINT('',(-98.13379422739,-4.499999999976,0.));
#1684 = SURFACE_CURVE('',#1685,(#1695,#1708),.PCURVE_S1.);
#1685 = B_SPLINE_CURVE_WITH_KNOTS('',8,(#1686,#1687,#1688,#1689,#1690,
    #1691,#1692,#1693,#1694),.UNSPECIFIED.,.F.,.F.,(9,9),(3.,4.),
  .PIECEWISE_BEZIER_KNOTS.);
#1686 = CARTESIAN_POINT('',(-112.4355423839,-14.99999999992,0.));
#1687 = CARTESIAN_POINT('',(-109.4922627666,-14.99999999992,0.));
#1688 = CARTESIAN_POINT('',(-106.5489822228,-14.3395287734,0.));
#1689 = CARTESIAN_POINT('',(-103.7786190012,-13.01859280734,0.));
#1690 = CARTESIAN_POINT('',(-101.3540536348,-11.09148874906,0.));
#1691 = CARTESIAN_POINT('',(-99.42694957654,-8.66692338261,0.));
#1692 = CARTESIAN_POINT('',(-98.10601361048,-5.896560161057,0.));
#1693 = CARTESIAN_POINT('',(-97.44554238395,-2.95327961726,0.));
#1694 = CARTESIAN_POINT('',(-97.44554237496,-9.999999928236E-03,0.));
#1695 = PCURVE('',#180,#1696);
#1696 = DEFINITIONAL_REPRESENTATION('',(#1697),#1707);
#1697 = B_SPLINE_CURVE_WITH_KNOTS('',8,(#1698,#1699,#1700,#1701,#1702,
    #1703,#1704,#1705,#1706),.UNSPECIFIED.,.F.,.F.,(9,9),(3.,4.),
  .PIECEWISE_BEZIER_KNOTS.);
#1698 = CARTESIAN_POINT('',(15.011177701611,-15.00882217765));
#1699 = CARTESIAN_POINT('',(17.954457309883,-15.00859123377));
#1700 = CARTESIAN_POINT('',(20.897686020869,-14.34788906533));
#1701 = CARTESIAN_POINT('',(23.667945586904,-13.02673572731));
#1702 = CARTESIAN_POINT('',(26.092359736045,-11.09944143191));
#1703 = CARTESIAN_POINT('',(28.01927354532,-8.674724863061));
#1704 = CARTESIAN_POINT('',(29.339992131289,-5.904258003045));
#1705 = CARTESIAN_POINT('',(30.000232411833,-2.960925644559));
#1706 = CARTESIAN_POINT('',(30.000001476944,-1.764603628698E-02));
#1707 = ( GEOMETRIC_REPRESENTATION_CONTEXT(2) 
PARAMETRIC_REPRESENTATION_CONTEXT() REPRESENTATION_CONTEXT('2D SPACE',''
  ) );
#1708 = PCURVE('',#1294,#1709);
#1709 = DEFINITIONAL_REPRESENTATION('',(#1710),#1714);
#1710 = LINE('',#1711,#1712);
#1711 = CARTESIAN_POINT('',(0.,0.));
#1712 = VECTOR('',#1713,1.);
#1713 = DIRECTION('',(1.,0.));
#1714 = ( GEOMETRIC_REPRESENTATION_CONTEXT(2) 
PARAMETRIC_REPRESENTATION_CONTEXT() REPRESENTATION_CONTEXT('2D SPACE',''
  ) );
#1715 = ORIENTED_EDGE('',*,*,#1716,.T.);
#1716 = EDGE_CURVE('',#1682,#1717,#1719,.T.);
#1717 = VERTEX_POINT('',#1718);
#1718 = CARTESIAN_POINT('',(98.133794219976,-4.499999999997,0.));
#1719 = SURFACE_CURVE('',#1720,(#1730,#1743),.PCURVE_S1.);
#1720 = B_SPLINE_CURVE_WITH_KNOTS('',8,(#1721,#1722,#1723,#1724,#1725,
    #1726,#1727,#1728,#1729),.UNSPECIFIED.,.F.,.F.,(9,9),(2.,3.),
  .PIECEWISE_BEZIER_KNOTS.);
#1721 = CARTESIAN_POINT('',(-122.9555423749,-4.499999999976,0.));
#1722 = CARTESIAN_POINT('',(-92.21665678122,-4.499999999976,0.));
#1723 = CARTESIAN_POINT('',(-61.47777118748,-4.499999999976,0.));
#1724 = CARTESIAN_POINT('',(-30.73888559374,-4.499999999976,0.));
#1725 = CARTESIAN_POINT('',(5.329070518201E-15,-4.499999999976,0.));
#1726 = CARTESIAN_POINT('',(30.738885593741,-4.499999999976,0.));
#1727 = CARTESIAN_POINT('',(61.477771187482,-4.499999999976,0.));
#1728 = CARTESIAN_POINT('',(92.216656781224,-4.499999999976,0.));
#1729 = CARTESIAN_POINT('',(122.95554237496,-4.500000000024,0.));
#1730 = PCURVE('',#180,#1731);
#1731 = DEFINITIONAL_REPRESENTATION('',(#1732),#1742);
#1732 = B_SPLINE_CURVE_WITH_KNOTS('',8,(#1733,#1734,#1735,#1736,#1737,
    #1738,#1739,#1740,#1741),.UNSPECIFIED.,.F.,.F.,(9,9),(2.,3.),
  .PIECEWISE_BEZIER_KNOTS.);
#1733 = CARTESIAN_POINT('',(4.490353862473,-4.509647659833));
#1734 = CARTESIAN_POINT('',(35.229239361588,-4.507235738995));
#1735 = CARTESIAN_POINT('',(65.968124860704,-4.504823818157));
#1736 = CARTESIAN_POINT('',(96.70701035982,-4.502411897319));
#1737 = CARTESIAN_POINT('',(127.44589585893,-4.499999976481));
#1738 = CARTESIAN_POINT('',(158.18478135805,-4.497588055643));
#1739 = CARTESIAN_POINT('',(188.92366685716,-4.495176134805));
#1740 = CARTESIAN_POINT('',(219.66255235628,-4.492764213968));
#1741 = CARTESIAN_POINT('',(250.40143785539,-4.490352293178));
#1742 = ( GEOMETRIC_REPRESENTATION_CONTEXT(2) 
PARAMETRIC_REPRESENTATION_CONTEXT() REPRESENTATION_CONTEXT('2D SPACE',''
  ) );
#1743 = PCURVE('',#1465,#1744);
#1744 = DEFINITIONAL_REPRESENTATION('',(#1745),#1749);
#1745 = LINE('',#1746,#1747);
#1746 = CARTESIAN_POINT('',(0.,0.));
#1747 = VECTOR('',#1748,1.);
#1748 = DIRECTION('',(1.,0.));
#1749 = ( GEOMETRIC_REPRESENTATION_CONTEXT(2) 
PARAMETRIC_REPRESENTATION_CONTEXT() REPRESENTATION_CONTEXT('2D SPACE',''
  ) );
#1750 = ORIENTED_EDGE('',*,*,#1751,.T.);
#1751 = EDGE_CURVE('',#1717,#1752,#1754,.T.);
#1752 = VERTEX_POINT('',#1753);
#1753 = CARTESIAN_POINT('',(112.43554237496,-15.,0.));
#1754 = SURFACE_CURVE('',#1755,(#1765,#1778),.PCURVE_S1.);
#1755 = B_SPLINE_CURVE_WITH_KNOTS('',8,(#1756,#1757,#1758,#1759,#1760,
    #1761,#1762,#1763,#1764),.UNSPECIFIED.,.F.,.F.,(9,9),(1.,2.),
  .PIECEWISE_BEZIER_KNOTS.);
#1756 = CARTESIAN_POINT('',(97.445542374965,-1.000000007177E-02,0.));
#1757 = CARTESIAN_POINT('',(97.445542374965,-2.953279617404,0.));
#1758 = CARTESIAN_POINT('',(98.106013601493,-5.8965601612,0.));
#1759 = CARTESIAN_POINT('',(99.426949567552,-8.666923382754,0.));
#1760 = CARTESIAN_POINT('',(101.35405362582,-11.09148874921,0.));
#1761 = CARTESIAN_POINT('',(103.77861899228,-13.01859280748,0.));
#1762 = CARTESIAN_POINT('',(106.54898221383,-14.33952877354,0.));
#1763 = CARTESIAN_POINT('',(109.49226275763,-15.00000000007,0.));
#1764 = CARTESIAN_POINT('',(112.43554237496,-14.99999999992,0.));
#1765 = PCURVE('',#180,#1766);
#1766 = DEFINITIONAL_REPRESENTATION('',(#1767),#1777);
#1767 = B_SPLINE_CURVE_WITH_KNOTS('',8,(#1768,#1769,#1770,#1771,#1772,
    #1773,#1774,#1775,#1776),.UNSPECIFIED.,.F.,.F.,(9,9),(1.,2.),
  .PIECEWISE_BEZIER_KNOTS.);
#1768 = CARTESIAN_POINT('',(224.89108562692,-2.353944367254E-03));
#1769 = CARTESIAN_POINT('',(224.8913165708,-2.945633552639));
#1770 = CARTESIAN_POINT('',(225.55201873925,-5.888862263625));
#1771 = CARTESIAN_POINT('',(226.87317207727,-8.65912182966));
#1772 = CARTESIAN_POINT('',(228.80046637267,-11.0835359788));
#1773 = CARTESIAN_POINT('',(231.22518294152,-13.01044978807));
#1774 = CARTESIAN_POINT('',(233.99564980153,-14.33116837404));
#1775 = CARTESIAN_POINT('',(236.93898216002,-14.99140865458));
#1776 = CARTESIAN_POINT('',(239.88226176829,-14.99117771056));
#1777 = ( GEOMETRIC_REPRESENTATION_CONTEXT(2) 
PARAMETRIC_REPRESENTATION_CONTEXT() REPRESENTATION_CONTEXT('2D SPACE',''
  ) );
#1778 = PCURVE('',#1779,#1834);
#1779 = ( BOUNDED_SURFACE() B_SPLINE_SURFACE(8,5,(
    (#1780,#1781,#1782,#1783,#1784,#1785)
    ,(#1786,#1787,#1788,#1789,#1790,#1791)
    ,(#1792,#1793,#1794,#1795,#1796,#1797)
    ,(#1798,#1799,#1800,#1801,#1802,#1803)
    ,(#1804,#1805,#1806,#1807,#1808,#1809)
    ,(#1810,#1811,#1812,#1813,#1814,#1815)
    ,(#1816,#1817,#1818,#1819,#1820,#1821)
    ,(#1822,#1823,#1824,#1825,#1826,#1827)
    ,(#1828,#1829,#1830,#1831,#1832,#1833
)),.UNSPECIFIED.,.F.,.F.,.F.) B_SPLINE_SURFACE_WITH_KNOTS((9,9),(6,6),(
    1.,2.),(0.,1.),.PIECEWISE_BEZIER_KNOTS.) 
GEOMETRIC_REPRESENTATION_ITEM() RATIONAL_B_SPLINE_SURFACE((
    (1.,1.,1.,1.,1.,1.)
    ,(1.,1.,1.,1.,1.,1.)
    ,(1.,1.,1.,1.,1.,1.)
    ,(1.,1.,1.,1.,1.,1.)
    ,(1.,1.,1.,1.,1.,1.)
    ,(1.,1.,1.,1.,1.,1.)
    ,(1.,1.,1.,1.,1.,1.)
    ,(1.,1.,1.,1.,1.,1.)
,(1.,1.,1.,1.,1.,1.))) REPRESENTATION_ITEM('') SURFACE() );
#1780 = CARTESIAN_POINT('',(97.445542374965,-1.000000007177E-02,0.));
#1781 = CARTESIAN_POINT('',(97.64818853209,-1.000000007177E-02,
    -3.594413273843));
#1782 = CARTESIAN_POINT('',(97.727981189715,-1.000000007178E-02,
    -7.739430263657));
#1783 = CARTESIAN_POINT('',(98.517710724838,-1.000000007176E-02,
    -10.83065080678));
#1784 = CARTESIAN_POINT('',(98.817881990604,-1.000000007177E-02,
    -15.14684692625));
#1785 = CARTESIAN_POINT('',(101.24554237496,-1.000000007177E-02,-18.));
#1786 = CARTESIAN_POINT('',(97.445542374965,-2.953279617404,0.));
#1787 = CARTESIAN_POINT('',(97.648188532091,-2.913490137497,
    -3.594413273843));
#1788 = CARTESIAN_POINT('',(97.727981189714,-2.89782288581,
    -7.739430263657));
#1789 = CARTESIAN_POINT('',(98.517710724839,-2.742759854192,
    -10.83065080678));
#1790 = CARTESIAN_POINT('',(98.817881990604,-2.683821363984,
    -15.14684692625));
#1791 = CARTESIAN_POINT('',(101.24554237496,-2.207151362176,-18.));
#1792 = CARTESIAN_POINT('',(98.106013601493,-5.8965601612,0.));
#1793 = CARTESIAN_POINT('',(98.299731009054,-5.816981188863,
    -3.594413273843));
#1794 = CARTESIAN_POINT('',(98.376007939235,-5.785646680555,
    -7.739430263657));
#1795 = CARTESIAN_POINT('',(99.130941367971,-5.475520568513,
    -10.83065080678));
#1796 = CARTESIAN_POINT('',(99.417886850945,-5.357643569541,
    -15.14684692625));
#1797 = CARTESIAN_POINT('',(101.73858260344,-4.404303415884,-18.));
#1798 = CARTESIAN_POINT('',(99.426949567552,-8.666923382754,0.));
#1799 = CARTESIAN_POINT('',(99.602809563688,-8.549892545126,
    -3.594413273843));
#1800 = CARTESIAN_POINT('',(99.672055073492,-8.503811229347,
    -7.739430263657));
#1801 = CARTESIAN_POINT('',(100.35739663123,-8.047731971265,
    -10.83065080678));
#1802 = CARTESIAN_POINT('',(100.61789067851,-7.87437909272,
    -15.14684692625));
#1803 = CARTESIAN_POINT('',(102.72465821786,-6.472373092281,-18.));
#1804 = CARTESIAN_POINT('',(101.35405362582,-11.09148874921,0.));
#1805 = CARTESIAN_POINT('',(101.5038615718,-10.94168080323,
    -3.594413273843));
#1806 = CARTESIAN_POINT('',(101.5628489926,-10.88269338243,
    -7.739430263657));
#1807 = CARTESIAN_POINT('',(102.14666346613,-10.2988789089,
    -10.83065080678));
#1808 = CARTESIAN_POINT('',(102.36856770258,-10.07697467244,
    -15.14684692625));
#1809 = CARTESIAN_POINT('',(104.16323689778,-8.282305477249,-18.));
#1810 = CARTESIAN_POINT('',(103.77861899228,-13.01859280748,0.));
#1811 = CARTESIAN_POINT('',(103.89564982991,-12.84273281135,
    -3.594413273843));
#1812 = CARTESIAN_POINT('',(103.94173114568,-12.77348730154,
    -7.739430263657));
#1813 = CARTESIAN_POINT('',(104.39781040377,-12.0881457438,
    -10.83065080678));
#1814 = CARTESIAN_POINT('',(104.57116328231,-11.82765169652,
    -15.14684692625));
#1815 = CARTESIAN_POINT('',(105.97316928275,-9.720884157172,-18.));
#1816 = CARTESIAN_POINT('',(106.54898221383,-14.33952877354,0.));
#1817 = CARTESIAN_POINT('',(106.62856118617,-14.14581136598,
    -3.594413273843));
#1818 = CARTESIAN_POINT('',(106.65989569448,-14.0695344358,
    -7.739430263657));
#1819 = CARTESIAN_POINT('',(106.97002180652,-13.31460100706,
    -10.83065080678));
#1820 = CARTESIAN_POINT('',(107.08789880549,-13.02765552409,
    -15.14684692625));
#1821 = CARTESIAN_POINT('',(108.04123895915,-10.70695977159,-18.));
#1822 = CARTESIAN_POINT('',(109.49226275763,-15.00000000007,0.));
#1823 = CARTESIAN_POINT('',(109.53205223754,-14.79735384294,
    -3.594413273843));
#1824 = CARTESIAN_POINT('',(109.54771948922,-14.71756118532,
    -7.739430263657));
#1825 = CARTESIAN_POINT('',(109.70278252084,-13.92783165019,
    -10.83065080678));
#1826 = CARTESIAN_POINT('',(109.76172101105,-13.62766038443,
    -15.14684692625));
#1827 = CARTESIAN_POINT('',(110.23839101286,-11.20000000007,-18.));
#1828 = CARTESIAN_POINT('',(112.43554237496,-14.99999999992,0.));
#1829 = CARTESIAN_POINT('',(112.43554237496,-14.7973538428,
    -3.594413273843));
#1830 = CARTESIAN_POINT('',(112.43554237496,-14.71756118517,
    -7.739430263657));
#1831 = CARTESIAN_POINT('',(112.43554237496,-13.92783165005,
    -10.83065080678));
#1832 = CARTESIAN_POINT('',(112.43554237496,-13.62766038428,
    -15.14684692625));
#1833 = CARTESIAN_POINT('',(112.43554237496,-11.19999999992,-18.));
#1834 = DEFINITIONAL_REPRESENTATION('',(#1835),#1839);
#1835 = LINE('',#1836,#1837);
#1836 = CARTESIAN_POINT('',(0.,0.));
#1837 = VECTOR('',#1838,1.);
#1838 = DIRECTION('',(1.,0.));
#1839 = ( GEOMETRIC_REPRESENTATION_CONTEXT(2) 
PARAMETRIC_REPRESENTATION_CONTEXT() REPRESENTATION_CONTEXT('2D SPACE',''
  ) );
#1840 = ORIENTED_EDGE('',*,*,#1841,.T.);
#1841 = EDGE_CURVE('',#1752,#1842,#1844,.T.);
#1842 = VERTEX_POINT('',#1843);
#1843 = CARTESIAN_POINT('',(112.45554236597,-14.99999999992,0.));
#1844 = SURFACE_CURVE('',#1845,(#1855,#1868),.PCURVE_S1.);
#1845 = B_SPLINE_CURVE_WITH_KNOTS('',8,(#1846,#1847,#1848,#1849,#1850,
    #1851,#1852,#1853,#1854),.UNSPECIFIED.,.F.,.F.,(9,9),(2.,3.),
  .PIECEWISE_BEZIER_KNOTS.);
#1846 = CARTESIAN_POINT('',(112.43554237496,-14.99999999992,0.));
#1847 = CARTESIAN_POINT('',(112.43804237384,-14.99999999992,0.));
#1848 = CARTESIAN_POINT('',(112.44054237271,-14.99999999992,0.));
#1849 = CARTESIAN_POINT('',(112.44304237159,-14.99999999992,0.));
#1850 = CARTESIAN_POINT('',(112.44554237047,-14.99999999992,0.));
#1851 = CARTESIAN_POINT('',(112.44804236934,-14.99999999992,0.));
#1852 = CARTESIAN_POINT('',(112.45054236822,-14.99999999992,0.));
#1853 = CARTESIAN_POINT('',(112.45304236709,-14.99999999992,0.));
#1854 = CARTESIAN_POINT('',(112.45554236597,-14.99999999992,0.));
#1855 = PCURVE('',#180,#1856);
#1856 = DEFINITIONAL_REPRESENTATION('',(#1857),#1867);
#1857 = B_SPLINE_CURVE_WITH_KNOTS('',8,(#1858,#1859,#1860,#1861,#1862,
    #1863,#1864,#1865,#1866),.UNSPECIFIED.,.F.,.F.,(9,9),(2.,3.),
  .PIECEWISE_BEZIER_KNOTS.);
#1858 = CARTESIAN_POINT('',(239.88226176829,-14.99117771056));
#1859 = CARTESIAN_POINT('',(239.88476176716,-14.9911775144));
#1860 = CARTESIAN_POINT('',(239.88726176603,-14.99117731824));
#1861 = CARTESIAN_POINT('',(239.8897617649,-14.99117712208));
#1862 = CARTESIAN_POINT('',(239.89226176377,-14.99117692592));
#1863 = CARTESIAN_POINT('',(239.89476176263,-14.99117672975));
#1864 = CARTESIAN_POINT('',(239.8972617615,-14.99117653359));
#1865 = CARTESIAN_POINT('',(239.89976176037,-14.99117633743));
#1866 = CARTESIAN_POINT('',(239.90226175924,-14.99117614127));
#1867 = ( GEOMETRIC_REPRESENTATION_CONTEXT(2) 
PARAMETRIC_REPRESENTATION_CONTEXT() REPRESENTATION_CONTEXT('2D SPACE',''
  ) );
#1868 = PCURVE('',#1869,#1924);
#1869 = ( BOUNDED_SURFACE() B_SPLINE_SURFACE(8,5,(
    (#1870,#1871,#1872,#1873,#1874,#1875)
    ,(#1876,#1877,#1878,#1879,#1880,#1881)
    ,(#1882,#1883,#1884,#1885,#1886,#1887)
    ,(#1888,#1889,#1890,#1891,#1892,#1893)
    ,(#1894,#1895,#1896,#1897,#1898,#1899)
    ,(#1900,#1901,#1902,#1903,#1904,#1905)
    ,(#1906,#1907,#1908,#1909,#1910,#1911)
    ,(#1912,#1913,#1914,#1915,#1916,#1917)
    ,(#1918,#1919,#1920,#1921,#1922,#1923
)),.UNSPECIFIED.,.F.,.F.,.F.) B_SPLINE_SURFACE_WITH_KNOTS((9,9),(6,6),(
    2.,3.),(0.,1.),.PIECEWISE_BEZIER_KNOTS.) 
GEOMETRIC_REPRESENTATION_ITEM() RATIONAL_B_SPLINE_SURFACE((
    (1.,1.,1.,1.,1.,1.)
    ,(1.,1.,1.,1.,1.,1.)
    ,(1.,1.,1.,1.,1.,1.)
    ,(1.,1.,1.,1.,1.,1.)
    ,(1.,1.,1.,1.,1.,1.)
    ,(1.,1.,1.,1.,1.,1.)
    ,(1.,1.,1.,1.,1.,1.)
    ,(1.,1.,1.,1.,1.,1.)
,(1.,1.,1.,1.,1.,1.))) REPRESENTATION_ITEM('') SURFACE() );
#1870 = CARTESIAN_POINT('',(112.43554237496,-14.99999999992,0.));
#1871 = CARTESIAN_POINT('',(112.43554237496,-14.7973538428,
    -3.594413273843));
#1872 = CARTESIAN_POINT('',(112.43554237496,-14.71756118517,
    -7.739430263657));
#1873 = CARTESIAN_POINT('',(112.43554237496,-13.92783165005,
    -10.83065080678));
#1874 = CARTESIAN_POINT('',(112.43554237496,-13.62766038428,
    -15.14684692625));
#1875 = CARTESIAN_POINT('',(112.43554237496,-11.19999999992,-18.));
#1876 = CARTESIAN_POINT('',(112.43804237384,-14.99999999992,0.));
#1877 = CARTESIAN_POINT('',(112.43804237384,-14.7973538428,
    -3.594413273843));
#1878 = CARTESIAN_POINT('',(112.43804237384,-14.71756118517,
    -7.739430263657));
#1879 = CARTESIAN_POINT('',(112.43804237384,-13.92783165005,
    -10.83065080678));
#1880 = CARTESIAN_POINT('',(112.43804237384,-13.62766038428,
    -15.14684692625));
#1881 = CARTESIAN_POINT('',(112.43804237384,-11.19999999992,-18.));
#1882 = CARTESIAN_POINT('',(112.44054237271,-14.99999999992,0.));
#1883 = CARTESIAN_POINT('',(112.44054237271,-14.7973538428,
    -3.594413273843));
#1884 = CARTESIAN_POINT('',(112.44054237271,-14.71756118517,
    -7.739430263657));
#1885 = CARTESIAN_POINT('',(112.44054237271,-13.92783165005,
    -10.83065080678));
#1886 = CARTESIAN_POINT('',(112.44054237271,-13.62766038428,
    -15.14684692625));
#1887 = CARTESIAN_POINT('',(112.44054237271,-11.19999999992,-18.));
#1888 = CARTESIAN_POINT('',(112.44304237159,-14.99999999992,0.));
#1889 = CARTESIAN_POINT('',(112.44304237159,-14.7973538428,
    -3.594413273843));
#1890 = CARTESIAN_POINT('',(112.44304237159,-14.71756118517,
    -7.739430263657));
#1891 = CARTESIAN_POINT('',(112.44304237159,-13.92783165005,
    -10.83065080678));
#1892 = CARTESIAN_POINT('',(112.44304237159,-13.62766038428,
    -15.14684692625));
#1893 = CARTESIAN_POINT('',(112.44304237159,-11.19999999992,-18.));
#1894 = CARTESIAN_POINT('',(112.44554237047,-14.99999999992,0.));
#1895 = CARTESIAN_POINT('',(112.44554237047,-14.7973538428,
    -3.594413273843));
#1896 = CARTESIAN_POINT('',(112.44554237047,-14.71756118517,
    -7.739430263657));
#1897 = CARTESIAN_POINT('',(112.44554237047,-13.92783165005,
    -10.83065080678));
#1898 = CARTESIAN_POINT('',(112.44554237047,-13.62766038428,
    -15.14684692625));
#1899 = CARTESIAN_POINT('',(112.44554237047,-11.19999999992,-18.));
#1900 = CARTESIAN_POINT('',(112.44804236934,-14.99999999992,0.));
#1901 = CARTESIAN_POINT('',(112.44804236934,-14.7973538428,
    -3.594413273843));
#1902 = CARTESIAN_POINT('',(112.44804236934,-14.71756118517,
    -7.739430263657));
#1903 = CARTESIAN_POINT('',(112.44804236934,-13.92783165005,
    -10.83065080678));
#1904 = CARTESIAN_POINT('',(112.44804236934,-13.62766038428,
    -15.14684692625));
#1905 = CARTESIAN_POINT('',(112.44804236934,-11.19999999992,-18.));
#1906 = CARTESIAN_POINT('',(112.45054236822,-14.99999999992,0.));
#1907 = CARTESIAN_POINT('',(112.45054236822,-14.7973538428,
    -3.594413273843));
#1908 = CARTESIAN_POINT('',(112.45054236822,-14.71756118517,
    -7.739430263657));
#1909 = CARTESIAN_POINT('',(112.45054236822,-13.92783165005,
    -10.83065080678));
#1910 = CARTESIAN_POINT('',(112.45054236822,-13.62766038428,
    -15.14684692625));
#1911 = CARTESIAN_POINT('',(112.45054236822,-11.19999999992,-18.));
#1912 = CARTESIAN_POINT('',(112.45304236709,-14.99999999992,0.));
#1913 = CARTESIAN_POINT('',(112.45304236709,-14.7973538428,
    -3.594413273843));
#1914 = CARTESIAN_POINT('',(112.45304236709,-14.71756118517,
    -7.739430263657));
#1915 = CARTESIAN_POINT('',(112.45304236709,-13.92783165005,
    -10.83065080678));
#1916 = CARTESIAN_POINT('',(112.45304236709,-13.62766038428,
    -15.14684692625));
#1917 = CARTESIAN_POINT('',(112.45304236709,-11.19999999992,-18.));
#1918 = CARTESIAN_POINT('',(112.45554236597,-14.99999999992,0.));
#1919 = CARTESIAN_POINT('',(112.45554236597,-14.7973538428,
    -3.594413273843));
#1920 = CARTESIAN_POINT('',(112.45554236597,-14.71756118517,
    -7.739430263657));
#1921 = CARTESIAN_POINT('',(112.45554236597,-13.92783165005,
    -10.83065080678));
#1922 = CARTESIAN_POINT('',(112.45554236597,-13.62766038428,
    -15.14684692625));
#1923 = CARTESIAN_POINT('',(112.45554236597,-11.19999999992,-18.));
#1924 = DEFINITIONAL_REPRESENTATION('',(#1925),#1929);
#1925 = LINE('',#1926,#1927);
#1926 = CARTESIAN_POINT('',(0.,0.));
#1927 = VECTOR('',#1928,1.);
#1928 = DIRECTION('',(1.,0.));
#1929 = ( GEOMETRIC_REPRESENTATION_CONTEXT(2) 
PARAMETRIC_REPRESENTATION_CONTEXT() REPRESENTATION_CONTEXT('2D SPACE',''
  ) );
#1930 = ORIENTED_EDGE('',*,*,#1931,.T.);
#1931 = EDGE_CURVE('',#1842,#1932,#1934,.T.);
#1932 = VERTEX_POINT('',#1933);
#1933 = CARTESIAN_POINT('',(127.44554237196,-9.999999960214E-03,0.));
#1934 = SURFACE_CURVE('',#1935,(#1945,#1958),.PCURVE_S1.);
#1935 = B_SPLINE_CURVE_WITH_KNOTS('',8,(#1936,#1937,#1938,#1939,#1940,
    #1941,#1942,#1943,#1944),.UNSPECIFIED.,.F.,.F.,(9,9),(3.,4.),
  .PIECEWISE_BEZIER_KNOTS.);
#1936 = CARTESIAN_POINT('',(112.45554236597,-14.99999999992,0.));
#1937 = CARTESIAN_POINT('',(115.3988219833,-14.99999999992,0.));
#1938 = CARTESIAN_POINT('',(118.3421025271,-14.3395287734,0.));
#1939 = CARTESIAN_POINT('',(121.11246574865,-13.01859280734,0.));
#1940 = CARTESIAN_POINT('',(123.53703111511,-11.09148874906,0.));
#1941 = CARTESIAN_POINT('',(125.46413517338,-8.66692338261,0.));
#1942 = CARTESIAN_POINT('',(126.78507113944,-5.896560161057,0.));
#1943 = CARTESIAN_POINT('',(127.44554236597,-2.95327961726,0.));
#1944 = CARTESIAN_POINT('',(127.44554237496,-9.999999928236E-03,0.));
#1945 = PCURVE('',#180,#1946);
#1946 = DEFINITIONAL_REPRESENTATION('',(#1947),#1957);
#1947 = B_SPLINE_CURVE_WITH_KNOTS('',8,(#1948,#1949,#1950,#1951,#1952,
    #1953,#1954,#1955,#1956),.UNSPECIFIED.,.F.,.F.,(9,9),(3.,4.),
  .PIECEWISE_BEZIER_KNOTS.);
#1948 = CARTESIAN_POINT('',(239.90226175924,-14.99117614127));
#1949 = CARTESIAN_POINT('',(242.84554136751,-14.99094519739));
#1950 = CARTESIAN_POINT('',(245.7887700785,-14.33024302894));
#1951 = CARTESIAN_POINT('',(248.55902964453,-13.00908969093));
#1952 = CARTESIAN_POINT('',(250.98344379367,-11.08179539552));
#1953 = CARTESIAN_POINT('',(252.91035760295,-8.657078826678));
#1954 = CARTESIAN_POINT('',(254.23107618892,-5.886611966662));
#1955 = CARTESIAN_POINT('',(254.89131646946,-2.943279608176));
#1956 = CARTESIAN_POINT('',(254.89108553457,9.592818132407E-11));
#1957 = ( GEOMETRIC_REPRESENTATION_CONTEXT(2) 
PARAMETRIC_REPRESENTATION_CONTEXT() REPRESENTATION_CONTEXT('2D SPACE',''
  ) );
#1958 = PCURVE('',#1959,#2014);
#1959 = ( BOUNDED_SURFACE() B_SPLINE_SURFACE(8,5,(
    (#1960,#1961,#1962,#1963,#1964,#1965)
    ,(#1966,#1967,#1968,#1969,#1970,#1971)
    ,(#1972,#1973,#1974,#1975,#1976,#1977)
    ,(#1978,#1979,#1980,#1981,#1982,#1983)
    ,(#1984,#1985,#1986,#1987,#1988,#1989)
    ,(#1990,#1991,#1992,#1993,#1994,#1995)
    ,(#1996,#1997,#1998,#1999,#2000,#2001)
    ,(#2002,#2003,#2004,#2005,#2006,#2007)
    ,(#2008,#2009,#2010,#2011,#2012,#2013
)),.UNSPECIFIED.,.F.,.F.,.F.) B_SPLINE_SURFACE_WITH_KNOTS((9,9),(6,6),(
    3.,4.),(0.,1.),.PIECEWISE_BEZIER_KNOTS.) 
GEOMETRIC_REPRESENTATION_ITEM() RATIONAL_B_SPLINE_SURFACE((
    (1.,1.,1.,1.,1.,1.)
    ,(1.,1.,1.,1.,1.,1.)
    ,(1.,1.,1.,1.,1.,1.)
    ,(1.,1.,1.,1.,1.,1.)
    ,(1.,1.,1.,1.,1.,1.)
    ,(1.,1.,1.,1.,1.,1.)
    ,(1.,1.,1.,1.,1.,1.)
    ,(1.,1.,1.,1.,1.,1.)
,(1.,1.,1.,1.,1.,1.))) REPRESENTATION_ITEM('') SURFACE() );
#1960 = CARTESIAN_POINT('',(112.45554236597,-14.99999999992,0.));
#1961 = CARTESIAN_POINT('',(112.45554236597,-14.7973538428,
    -3.594413273843));
#1962 = CARTESIAN_POINT('',(112.45554236597,-14.71756118517,
    -7.739430263657));
#1963 = CARTESIAN_POINT('',(112.45554236597,-13.92783165005,
    -10.83065080678));
#1964 = CARTESIAN_POINT('',(112.45554236597,-13.62766038428,
    -15.14684692625));
#1965 = CARTESIAN_POINT('',(112.45554236597,-11.19999999992,-18.));
#1966 = CARTESIAN_POINT('',(115.3988219833,-14.99999999992,0.));
#1967 = CARTESIAN_POINT('',(115.3590325034,-14.7973538428,
    -3.594413273843));
#1968 = CARTESIAN_POINT('',(115.34336525171,-14.71756118517,
    -7.739430263657));
#1969 = CARTESIAN_POINT('',(115.18830222009,-13.92783165005,
    -10.83065080678));
#1970 = CARTESIAN_POINT('',(115.12936372988,-13.62766038428,
    -15.14684692625));
#1971 = CARTESIAN_POINT('',(114.65269372808,-11.19999999992,-18.));
#1972 = CARTESIAN_POINT('',(118.3421025271,-14.3395287734,0.));
#1973 = CARTESIAN_POINT('',(118.26252355476,-14.14581136583,
    -3.594413273843));
#1974 = CARTESIAN_POINT('',(118.23118904645,-14.06953443566,
    -7.739430263657));
#1975 = CARTESIAN_POINT('',(117.92106293441,-13.31460100692,
    -10.83065080678));
#1976 = CARTESIAN_POINT('',(117.80318593544,-13.02765552394,
    -15.14684692625));
#1977 = CARTESIAN_POINT('',(116.84984578178,-10.70695977145,-18.));
#1978 = CARTESIAN_POINT('',(121.11246574865,-13.01859280734,0.));
#1979 = CARTESIAN_POINT('',(120.99543491102,-12.8427328112,
    -3.594413273843));
#1980 = CARTESIAN_POINT('',(120.94935359525,-12.77348730139,
    -7.739430263657));
#1981 = CARTESIAN_POINT('',(120.49327433716,-12.08814574366,
    -10.83065080678));
#1982 = CARTESIAN_POINT('',(120.31992145862,-11.82765169637,
    -15.14684692625));
#1983 = CARTESIAN_POINT('',(118.91791545818,-9.720884157029,-18.));
#1984 = CARTESIAN_POINT('',(123.53703111511,-11.09148874906,0.));
#1985 = CARTESIAN_POINT('',(123.38722316913,-10.94168080308,
    -3.594413273843));
#1986 = CARTESIAN_POINT('',(123.32823574833,-10.88269338229,
    -7.739430263657));
#1987 = CARTESIAN_POINT('',(122.74442127481,-10.29887890875,
    -10.83065080678));
#1988 = CARTESIAN_POINT('',(122.52251703834,-10.0769746723,
    -15.14684692625));
#1989 = CARTESIAN_POINT('',(120.72784784315,-8.282305477106,-18.));
#1990 = CARTESIAN_POINT('',(125.46413517338,-8.66692338261,0.));
#1991 = CARTESIAN_POINT('',(125.28827517725,-8.549892544983,
    -3.594413273843));
#1992 = CARTESIAN_POINT('',(125.21902966744,-8.503811229203,
    -7.739430263657));
#1993 = CARTESIAN_POINT('',(124.5336881097,-8.04773197112,
    -10.83065080678));
#1994 = CARTESIAN_POINT('',(124.27319406242,-7.874379092578,
    -15.14684692625));
#1995 = CARTESIAN_POINT('',(122.16642652307,-6.472373092137,-18.));
#1996 = CARTESIAN_POINT('',(126.78507113944,-5.896560161057,0.));
#1997 = CARTESIAN_POINT('',(126.59135373188,-5.816981188719,
    -3.594413273843));
#1998 = CARTESIAN_POINT('',(126.5150768017,-5.785646680412,
    -7.739430263657));
#1999 = CARTESIAN_POINT('',(125.76014337297,-5.47552056837,
    -10.83065080678));
#2000 = CARTESIAN_POINT('',(125.47319788999,-5.357643569398,
    -15.14684692625));
#2001 = CARTESIAN_POINT('',(123.1525021375,-4.404303415741,-18.));
#2002 = CARTESIAN_POINT('',(127.44554236597,-2.95327961726,0.));
#2003 = CARTESIAN_POINT('',(127.24289620885,-2.913490137354,
    -3.594413273843));
#2004 = CARTESIAN_POINT('',(127.16310355122,-2.897822885666,
    -7.739430263657));
#2005 = CARTESIAN_POINT('',(126.3733740161,-2.742759854049,
    -10.83065080678));
#2006 = CARTESIAN_POINT('',(126.07320275033,-2.68382136384,
    -15.14684692625));
#2007 = CARTESIAN_POINT('',(123.64554236597,-2.207151362032,-18.));
#2008 = CARTESIAN_POINT('',(127.44554237496,-9.999999928236E-03,0.));
#2009 = CARTESIAN_POINT('',(127.24289621784,-9.999999928236E-03,
    -3.594413273843));
#2010 = CARTESIAN_POINT('',(127.16310356021,-9.999999928236E-03,
    -7.739430263657));
#2011 = CARTESIAN_POINT('',(126.37337402509,-9.999999928236E-03,
    -10.83065080678));
#2012 = CARTESIAN_POINT('',(126.07320275932,-9.999999928236E-03,
    -15.14684692625));
#2013 = CARTESIAN_POINT('',(123.64554237496,-9.999999928236E-03,-18.));
#2014 = DEFINITIONAL_REPRESENTATION('',(#2015),#2019);
#2015 = LINE('',#2016,#2017);
#2016 = CARTESIAN_POINT('',(0.,0.));
#2017 = VECTOR('',#2018,1.);
#2018 = DIRECTION('',(1.,0.));
#2019 = ( GEOMETRIC_REPRESENTATION_CONTEXT(2) 
PARAMETRIC_REPRESENTATION_CONTEXT() REPRESENTATION_CONTEXT('2D SPACE',''
  ) );
#2020 = ORIENTED_EDGE('',*,*,#2021,.T.);
#2021 = EDGE_CURVE('',#1932,#2022,#2024,.T.);
#2022 = VERTEX_POINT('',#2023);
#2023 = CARTESIAN_POINT('',(127.44554237496,9.999985911368E-03,0.));
#2024 = SURFACE_CURVE('',#2025,(#2035,#2048),.PCURVE_S1.);
#2025 = B_SPLINE_CURVE_WITH_KNOTS('',8,(#2026,#2027,#2028,#2029,#2030,
    #2031,#2032,#2033,#2034),.UNSPECIFIED.,.F.,.F.,(9,9),(4.,5.),
  .PIECEWISE_BEZIER_KNOTS.);
#2026 = CARTESIAN_POINT('',(127.44554237496,-1.000000002416E-02,0.));
#2027 = CARTESIAN_POINT('',(127.44554237496,-7.500002428649E-03,0.));
#2028 = CARTESIAN_POINT('',(127.44554237496,-5.000004833134E-03,0.));
#2029 = CARTESIAN_POINT('',(127.44554237496,-2.500007237618E-03,0.));
#2030 = CARTESIAN_POINT('',(127.44554237496,-9.642103074141E-09,0.));
#2031 = CARTESIAN_POINT('',(127.44554237496,2.499987953412E-03,0.));
#2032 = CARTESIAN_POINT('',(127.44554237496,4.999985548927E-03,0.));
#2033 = CARTESIAN_POINT('',(127.44554237496,7.499983144443E-03,0.));
#2034 = CARTESIAN_POINT('',(127.44554237496,9.999980739959E-03,0.));
#2035 = PCURVE('',#180,#2036);
#2036 = DEFINITIONAL_REPRESENTATION('',(#2037),#2047);
#2037 = B_SPLINE_CURVE_WITH_KNOTS('',8,(#2038,#2039,#2040,#2041,#2042,
    #2043,#2044,#2045,#2046),.UNSPECIFIED.,.F.,.F.,(9,9),(4.,5.),
  .PIECEWISE_BEZIER_KNOTS.);
#2038 = CARTESIAN_POINT('',(254.89108553457,1.489676182592E-18));
#2039 = CARTESIAN_POINT('',(254.89108533841,2.499997587819E-03));
#2040 = CARTESIAN_POINT('',(254.89108514225,4.999995175639E-03));
#2041 = CARTESIAN_POINT('',(254.89108494609,7.499992763458E-03));
#2042 = CARTESIAN_POINT('',(254.89108474993,9.999990351277E-03));
#2043 = CARTESIAN_POINT('',(254.89108455376,1.24999879391E-02));
#2044 = CARTESIAN_POINT('',(254.8910843576,1.499998552692E-02));
#2045 = CARTESIAN_POINT('',(254.89108416144,1.749998311474E-02));
#2046 = CARTESIAN_POINT('',(254.89108396528,1.999998070256E-02));
#2047 = ( GEOMETRIC_REPRESENTATION_CONTEXT(2) 
PARAMETRIC_REPRESENTATION_CONTEXT() REPRESENTATION_CONTEXT('2D SPACE',''
  ) );
#2048 = PCURVE('',#2049,#2104);
#2049 = ( BOUNDED_SURFACE() B_SPLINE_SURFACE(8,5,(
    (#2050,#2051,#2052,#2053,#2054,#2055)
    ,(#2056,#2057,#2058,#2059,#2060,#2061)
    ,(#2062,#2063,#2064,#2065,#2066,#2067)
    ,(#2068,#2069,#2070,#2071,#2072,#2073)
    ,(#2074,#2075,#2076,#2077,#2078,#2079)
    ,(#2080,#2081,#2082,#2083,#2084,#2085)
    ,(#2086,#2087,#2088,#2089,#2090,#2091)
    ,(#2092,#2093,#2094,#2095,#2096,#2097)
    ,(#2098,#2099,#2100,#2101,#2102,#2103
)),.UNSPECIFIED.,.F.,.F.,.F.) B_SPLINE_SURFACE_WITH_KNOTS((9,9),(6,6),(
    4.,5.),(0.,1.),.PIECEWISE_BEZIER_KNOTS.) 
GEOMETRIC_REPRESENTATION_ITEM() RATIONAL_B_SPLINE_SURFACE((
    (1.,1.,1.,1.,1.,1.)
    ,(1.,1.,1.,1.,1.,1.)
    ,(1.,1.,1.,1.,1.,1.)
    ,(1.,1.,1.,1.,1.,1.)
    ,(1.,1.,1.,1.,1.,1.)
    ,(1.,1.,1.,1.,1.,1.)
    ,(1.,1.,1.,1.,1.,1.)
    ,(1.,1.,1.,1.,1.,1.)
,(1.,1.,1.,1.,1.,1.))) REPRESENTATION_ITEM('') SURFACE() );
#2050 = CARTESIAN_POINT('',(127.44554237496,-1.000000002416E-02,0.));
#2051 = CARTESIAN_POINT('',(127.24289622019,-1.000000002416E-02,
    -3.594413271103));
#2052 = CARTESIAN_POINT('',(127.16310355547,-1.000000002416E-02,
    -7.739430269868));
#2053 = CARTESIAN_POINT('',(126.37337402952,-1.000000002416E-02,
    -10.830650802));
#2054 = CARTESIAN_POINT('',(126.0732027566,-1.000000002416E-02,
    -15.14684693069));
#2055 = CARTESIAN_POINT('',(123.64554237496,-1.000000002416E-02,-18.));
#2056 = CARTESIAN_POINT('',(127.44554237496,-7.500002428649E-03,0.));
#2057 = CARTESIAN_POINT('',(127.24289622019,-7.500002428649E-03,
    -3.594413271103));
#2058 = CARTESIAN_POINT('',(127.16310355547,-7.500002428649E-03,
    -7.739430269868));
#2059 = CARTESIAN_POINT('',(126.37337402952,-7.500002428649E-03,
    -10.830650802));
#2060 = CARTESIAN_POINT('',(126.0732027566,-7.500002428649E-03,
    -15.14684693069));
#2061 = CARTESIAN_POINT('',(123.64554237496,-7.500002428649E-03,-18.));
#2062 = CARTESIAN_POINT('',(127.44554237496,-5.000004833134E-03,0.));
#2063 = CARTESIAN_POINT('',(127.24289622019,-5.000004833133E-03,
    -3.594413271103));
#2064 = CARTESIAN_POINT('',(127.16310355547,-5.000004833134E-03,
    -7.739430269868));
#2065 = CARTESIAN_POINT('',(126.37337402952,-5.000004833133E-03,
    -10.830650802));
#2066 = CARTESIAN_POINT('',(126.0732027566,-5.000004833134E-03,
    -15.14684693069));
#2067 = CARTESIAN_POINT('',(123.64554237496,-5.000004833134E-03,-18.));
#2068 = CARTESIAN_POINT('',(127.44554237496,-2.500007237618E-03,0.));
#2069 = CARTESIAN_POINT('',(127.24289622019,-2.500007237618E-03,
    -3.594413271103));
#2070 = CARTESIAN_POINT('',(127.16310355547,-2.500007237618E-03,
    -7.739430269868));
#2071 = CARTESIAN_POINT('',(126.37337402952,-2.500007237618E-03,
    -10.830650802));
#2072 = CARTESIAN_POINT('',(126.0732027566,-2.500007237618E-03,
    -15.14684693069));
#2073 = CARTESIAN_POINT('',(123.64554237496,-2.500007237618E-03,-18.));
#2074 = CARTESIAN_POINT('',(127.44554237496,-9.642103074141E-09,0.));
#2075 = CARTESIAN_POINT('',(127.24289622019,-9.642103149419E-09,
    -3.594413271103));
#2076 = CARTESIAN_POINT('',(127.16310355547,-9.642103099009E-09,
    -7.739430269868));
#2077 = CARTESIAN_POINT('',(126.37337402952,-9.642103120957E-09,
    -10.830650802));
#2078 = CARTESIAN_POINT('',(126.0732027566,-9.642103114805E-09,
    -15.14684693069));
#2079 = CARTESIAN_POINT('',(123.64554237496,-9.642103115882E-09,-18.));
#2080 = CARTESIAN_POINT('',(127.44554237496,2.499987953412E-03,0.));
#2081 = CARTESIAN_POINT('',(127.24289622019,2.499987953412E-03,
    -3.594413271103));
#2082 = CARTESIAN_POINT('',(127.16310355547,2.499987953412E-03,
    -7.739430269868));
#2083 = CARTESIAN_POINT('',(126.37337402952,2.499987953412E-03,
    -10.830650802));
#2084 = CARTESIAN_POINT('',(126.0732027566,2.499987953412E-03,
    -15.14684693069));
#2085 = CARTESIAN_POINT('',(123.64554237496,2.499987953412E-03,-18.));
#2086 = CARTESIAN_POINT('',(127.44554237496,4.999985548927E-03,0.));
#2087 = CARTESIAN_POINT('',(127.24289622019,4.999985548927E-03,
    -3.594413271103));
#2088 = CARTESIAN_POINT('',(127.16310355547,4.999985548927E-03,
    -7.739430269868));
#2089 = CARTESIAN_POINT('',(126.37337402952,4.999985548927E-03,
    -10.830650802));
#2090 = CARTESIAN_POINT('',(126.0732027566,4.999985548927E-03,
    -15.14684693069));
#2091 = CARTESIAN_POINT('',(123.64554237496,4.999985548927E-03,-18.));
#2092 = CARTESIAN_POINT('',(127.44554237496,7.499983144443E-03,0.));
#2093 = CARTESIAN_POINT('',(127.24289622019,7.499983144442E-03,
    -3.594413271103));
#2094 = CARTESIAN_POINT('',(127.16310355547,7.499983144443E-03,
    -7.739430269868));
#2095 = CARTESIAN_POINT('',(126.37337402952,7.499983144442E-03,
    -10.830650802));
#2096 = CARTESIAN_POINT('',(126.0732027566,7.499983144443E-03,
    -15.14684693069));
#2097 = CARTESIAN_POINT('',(123.64554237496,7.499983144443E-03,-18.));
#2098 = CARTESIAN_POINT('',(127.44554237496,9.999980739959E-03,0.));
#2099 = CARTESIAN_POINT('',(127.24289622019,9.99998073996E-03,
    -3.594413271103));
#2100 = CARTESIAN_POINT('',(127.16310355548,9.999980739958E-03,
    -7.739430269868));
#2101 = CARTESIAN_POINT('',(126.37337402951,9.999980739956E-03,
    -10.830650802));
#2102 = CARTESIAN_POINT('',(126.0732027566,9.999980739959E-03,
    -15.14684693069));
#2103 = CARTESIAN_POINT('',(123.64554237496,9.999980739958E-03,-18.));
#2104 = DEFINITIONAL_REPRESENTATION('',(#2105),#2109);
#2105 = LINE('',#2106,#2107);
#2106 = CARTESIAN_POINT('',(0.,0.));
#2107 = VECTOR('',#2108,1.);
#2108 = DIRECTION('',(1.,0.));
#2109 = ( GEOMETRIC_REPRESENTATION_CONTEXT(2) 
PARAMETRIC_REPRESENTATION_CONTEXT() REPRESENTATION_CONTEXT('2D SPACE',''
  ) );
#2110 = ORIENTED_EDGE('',*,*,#2111,.T.);
#2111 = EDGE_CURVE('',#2022,#2112,#2114,.T.);
#2112 = VERTEX_POINT('',#2113);
#2113 = CARTESIAN_POINT('',(112.45554237496,14.999999995577,0.));
#2114 = SURFACE_CURVE('',#2115,(#2125,#2138),.PCURVE_S1.);
#2115 = B_SPLINE_CURVE_WITH_KNOTS('',8,(#2116,#2117,#2118,#2119,#2120,
    #2121,#2122,#2123,#2124),.UNSPECIFIED.,.F.,.F.,(9,9),(5.,6.),
  .PIECEWISE_BEZIER_KNOTS.);
#2116 = CARTESIAN_POINT('',(127.44554237496,9.999991082778E-03,0.));
#2117 = CARTESIAN_POINT('',(127.44554237496,2.953279608415,0.));
#2118 = CARTESIAN_POINT('',(126.78507114843,5.896560152211,0.));
#2119 = CARTESIAN_POINT('',(125.46413518237,8.666923373765,0.));
#2120 = CARTESIAN_POINT('',(123.5370311241,11.091488740224,0.));
#2121 = CARTESIAN_POINT('',(121.11246575764,13.018592798495,0.));
#2122 = CARTESIAN_POINT('',(118.34210253609,14.339528764554,0.));
#2123 = CARTESIAN_POINT('',(115.39882199229,14.999999991083,0.));
#2124 = CARTESIAN_POINT('',(112.45554237496,15.000000000072,0.));
#2125 = PCURVE('',#180,#2126);
#2126 = DEFINITIONAL_REPRESENTATION('',(#2127),#2137);
#2127 = B_SPLINE_CURVE_WITH_KNOTS('',8,(#2128,#2129,#2130,#2131,#2132,
    #2133,#2134,#2135,#2136),.UNSPECIFIED.,.F.,.F.,(9,9),(5.,6.),
  .PIECEWISE_BEZIER_KNOTS.);
#2128 = CARTESIAN_POINT('',(254.89108396528,1.999999104537E-02));
#2129 = CARTESIAN_POINT('',(254.8908530214,2.963279599317));
#2130 = CARTESIAN_POINT('',(254.23015085295,5.906508310303));
#2131 = CARTESIAN_POINT('',(252.90899751494,8.676767876338));
#2132 = CARTESIAN_POINT('',(250.98170321953,11.101182025478));
#2133 = CARTESIAN_POINT('',(248.55698665068,13.028095834755));
#2134 = CARTESIAN_POINT('',(245.78651979067,14.348814420722));
#2135 = CARTESIAN_POINT('',(242.84318743218,15.009054701267));
#2136 = CARTESIAN_POINT('',(239.89990782391,15.008823766378));
#2137 = ( GEOMETRIC_REPRESENTATION_CONTEXT(2) 
PARAMETRIC_REPRESENTATION_CONTEXT() REPRESENTATION_CONTEXT('2D SPACE',''
  ) );
#2138 = PCURVE('',#2139,#2194);
#2139 = ( BOUNDED_SURFACE() B_SPLINE_SURFACE(8,5,(
    (#2140,#2141,#2142,#2143,#2144,#2145)
    ,(#2146,#2147,#2148,#2149,#2150,#2151)
    ,(#2152,#2153,#2154,#2155,#2156,#2157)
    ,(#2158,#2159,#2160,#2161,#2162,#2163)
    ,(#2164,#2165,#2166,#2167,#2168,#2169)
    ,(#2170,#2171,#2172,#2173,#2174,#2175)
    ,(#2176,#2177,#2178,#2179,#2180,#2181)
    ,(#2182,#2183,#2184,#2185,#2186,#2187)
    ,(#2188,#2189,#2190,#2191,#2192,#2193
)),.UNSPECIFIED.,.F.,.F.,.F.) B_SPLINE_SURFACE_WITH_KNOTS((9,9),(6,6),(
    5.,6.),(0.,1.),.PIECEWISE_BEZIER_KNOTS.) 
GEOMETRIC_REPRESENTATION_ITEM() RATIONAL_B_SPLINE_SURFACE((
    (1.,1.,1.,1.,1.,1.)
    ,(1.,1.,1.,1.,1.,1.)
    ,(1.,1.,1.,1.,1.,1.)
    ,(1.,1.,1.,1.,1.,1.)
    ,(1.,1.,1.,1.,1.,1.)
    ,(1.,1.,1.,1.,1.,1.)
    ,(1.,1.,1.,1.,1.,1.)
    ,(1.,1.,1.,1.,1.,1.)
,(1.,1.,1.,1.,1.,1.))) REPRESENTATION_ITEM('') SURFACE() );
#2140 = CARTESIAN_POINT('',(127.44554237496,9.999991082778E-03,0.));
#2141 = CARTESIAN_POINT('',(127.24289621783,9.999991082772E-03,
    -3.594413273843));
#2142 = CARTESIAN_POINT('',(127.16310356021,9.999991082792E-03,
    -7.739430263657));
#2143 = CARTESIAN_POINT('',(126.37337402509,9.999991082771E-03,
    -10.83065080678));
#2144 = CARTESIAN_POINT('',(126.07320275932,9.999991082778E-03,
    -15.14684692625));
#2145 = CARTESIAN_POINT('',(123.64554237496,9.999991082777E-03,-18.));
#2146 = CARTESIAN_POINT('',(127.44554237496,2.953279608415,0.));
#2147 = CARTESIAN_POINT('',(127.24289621783,2.913490128508,
    -3.594413273843));
#2148 = CARTESIAN_POINT('',(127.16310356021,2.897822876821,
    -7.739430263657));
#2149 = CARTESIAN_POINT('',(126.37337402509,2.742759845203,
    -10.83065080678));
#2150 = CARTESIAN_POINT('',(126.07320275932,2.683821354995,
    -15.14684692625));
#2151 = CARTESIAN_POINT('',(123.64554237496,2.207151353187,-18.));
#2152 = CARTESIAN_POINT('',(126.78507114843,5.896560152211,0.));
#2153 = CARTESIAN_POINT('',(126.59135374087,5.816981179875,
    -3.594413273843));
#2154 = CARTESIAN_POINT('',(126.51507681069,5.785646671564,
    -7.739430263657));
#2155 = CARTESIAN_POINT('',(125.76014338195,5.475520559525,
    -10.83065080678));
#2156 = CARTESIAN_POINT('',(125.47319789898,5.357643560552,
    -15.14684692625));
#2157 = CARTESIAN_POINT('',(123.15250214648,4.404303406895,-18.));
#2158 = CARTESIAN_POINT('',(125.46413518237,8.666923373765,0.));
#2159 = CARTESIAN_POINT('',(125.28827518624,8.549892536135,
    -3.594413273843));
#2160 = CARTESIAN_POINT('',(125.21902967643,8.503811220361,
    -7.739430263657));
#2161 = CARTESIAN_POINT('',(124.5336881187,8.047731962274,
    -10.83065080678));
#2162 = CARTESIAN_POINT('',(124.27319407141,7.874379083732,
    -15.14684692625));
#2163 = CARTESIAN_POINT('',(122.16642653206,6.472373083292,-18.));
#2164 = CARTESIAN_POINT('',(123.5370311241,11.091488740224,0.));
#2165 = CARTESIAN_POINT('',(123.38722317812,10.941680794247,
    -3.594413273843));
#2166 = CARTESIAN_POINT('',(123.32823575733,10.882693373442,
    -7.739430263657));
#2167 = CARTESIAN_POINT('',(122.74442128378,10.298878899914,
    -10.83065080678));
#2168 = CARTESIAN_POINT('',(122.52251704734,10.076974663458,
    -15.14684692625));
#2169 = CARTESIAN_POINT('',(120.72784785214,8.28230546826,-18.));
#2170 = CARTESIAN_POINT('',(121.11246575764,13.018592798495,0.));
#2171 = CARTESIAN_POINT('',(120.99543492002,12.842732802359,
    -3.594413273843));
#2172 = CARTESIAN_POINT('',(120.94935360423,12.773487292557,
    -7.739430263657));
#2173 = CARTESIAN_POINT('',(120.49327434616,12.088145734815,
    -10.83065080678));
#2174 = CARTESIAN_POINT('',(120.31992146761,11.827651687533,
    -15.14684692625));
#2175 = CARTESIAN_POINT('',(118.91791546717,9.720884148184,-18.));
#2176 = CARTESIAN_POINT('',(118.34210253609,14.339528764554,0.));
#2177 = CARTESIAN_POINT('',(118.26252356375,14.145811356993,
    -3.594413273843));
#2178 = CARTESIAN_POINT('',(118.23118905545,14.069534426814,
    -7.739430263657));
#2179 = CARTESIAN_POINT('',(117.9210629434,13.314600998077,
    -10.83065080678));
#2180 = CARTESIAN_POINT('',(117.80318594443,13.027655515103,
    -15.14684692625));
#2181 = CARTESIAN_POINT('',(116.84984579077,10.706959762607,-18.));
#2182 = CARTESIAN_POINT('',(115.39882199229,14.999999991083,0.));
#2183 = CARTESIAN_POINT('',(115.35903251239,14.797353833956,
    -3.594413273843));
#2184 = CARTESIAN_POINT('',(115.3433652607,14.717561176334,
    -7.739430263657));
#2185 = CARTESIAN_POINT('',(115.18830222908,13.927831641208,
    -10.83065080678));
#2186 = CARTESIAN_POINT('',(115.12936373887,13.627660375443,
    -15.14684692625));
#2187 = CARTESIAN_POINT('',(114.65269373706,11.199999991083,-18.));
#2188 = CARTESIAN_POINT('',(112.45554237496,15.000000000072,0.));
#2189 = CARTESIAN_POINT('',(112.45554237496,14.797353842946,
    -3.594413273843));
#2190 = CARTESIAN_POINT('',(112.45554237496,14.717561185322,
    -7.739430263657));
#2191 = CARTESIAN_POINT('',(112.45554237496,13.927831650198,
    -10.83065080678));
#2192 = CARTESIAN_POINT('',(112.45554237496,13.627660384432,
    -15.14684692625));
#2193 = CARTESIAN_POINT('',(112.45554237496,11.200000000072,-18.));
#2194 = DEFINITIONAL_REPRESENTATION('',(#2195),#2199);
#2195 = LINE('',#2196,#2197);
#2196 = CARTESIAN_POINT('',(0.,0.));
#2197 = VECTOR('',#2198,1.);
#2198 = DIRECTION('',(1.,0.));
#2199 = ( GEOMETRIC_REPRESENTATION_CONTEXT(2) 
PARAMETRIC_REPRESENTATION_CONTEXT() REPRESENTATION_CONTEXT('2D SPACE',''
  ) );
#2200 = ORIENTED_EDGE('',*,*,#2201,.T.);
#2201 = EDGE_CURVE('',#2112,#2202,#2204,.T.);
#2202 = VERTEX_POINT('',#2203);
#2203 = CARTESIAN_POINT('',(112.43554237496,14.999999995577,0.));
#2204 = SURFACE_CURVE('',#2205,(#2215,#2228),.PCURVE_S1.);
#2205 = B_SPLINE_CURVE_WITH_KNOTS('',8,(#2206,#2207,#2208,#2209,#2210,
    #2211,#2212,#2213,#2214),.UNSPECIFIED.,.F.,.F.,(9,9),(6.,7.),
  .PIECEWISE_BEZIER_KNOTS.);
#2206 = CARTESIAN_POINT('',(112.45554237496,15.000000000072,0.));
#2207 = CARTESIAN_POINT('',(112.45304237496,15.000000000072,0.));
#2208 = CARTESIAN_POINT('',(112.45054237496,15.000000000072,0.));
#2209 = CARTESIAN_POINT('',(112.44804237496,15.000000000072,0.));
#2210 = CARTESIAN_POINT('',(112.44554237496,15.000000000072,0.));
#2211 = CARTESIAN_POINT('',(112.44304237496,15.000000000072,0.));
#2212 = CARTESIAN_POINT('',(112.44054237496,15.000000000072,0.));
#2213 = CARTESIAN_POINT('',(112.43804237496,15.000000000072,0.));
#2214 = CARTESIAN_POINT('',(112.43554237496,14.999999991083,0.));
#2215 = PCURVE('',#180,#2216);
#2216 = DEFINITIONAL_REPRESENTATION('',(#2217),#2227);
#2217 = B_SPLINE_CURVE_WITH_KNOTS('',8,(#2218,#2219,#2220,#2221,#2222,
    #2223,#2224,#2225,#2226),.UNSPECIFIED.,.F.,.F.,(9,9),(6.,7.),
  .PIECEWISE_BEZIER_KNOTS.);
#2218 = CARTESIAN_POINT('',(239.89990782391,15.008823766378));
#2219 = CARTESIAN_POINT('',(239.89740782392,15.008823570216));
#2220 = CARTESIAN_POINT('',(239.89490782392,15.008823374054));
#2221 = CARTESIAN_POINT('',(239.89240782393,15.008823177892));
#2222 = CARTESIAN_POINT('',(239.88990782394,15.00882298173));
#2223 = CARTESIAN_POINT('',(239.88740782395,15.008822785568));
#2224 = CARTESIAN_POINT('',(239.88490782396,15.008822589406));
#2225 = CARTESIAN_POINT('',(239.88240782396,15.008822393244));
#2226 = CARTESIAN_POINT('',(239.87990782397,15.008822188093));
#2227 = ( GEOMETRIC_REPRESENTATION_CONTEXT(2) 
PARAMETRIC_REPRESENTATION_CONTEXT() REPRESENTATION_CONTEXT('2D SPACE',''
  ) );
#2228 = PCURVE('',#2229,#2284);
#2229 = ( BOUNDED_SURFACE() B_SPLINE_SURFACE(8,5,(
    (#2230,#2231,#2232,#2233,#2234,#2235)
    ,(#2236,#2237,#2238,#2239,#2240,#2241)
    ,(#2242,#2243,#2244,#2245,#2246,#2247)
    ,(#2248,#2249,#2250,#2251,#2252,#2253)
    ,(#2254,#2255,#2256,#2257,#2258,#2259)
    ,(#2260,#2261,#2262,#2263,#2264,#2265)
    ,(#2266,#2267,#2268,#2269,#2270,#2271)
    ,(#2272,#2273,#2274,#2275,#2276,#2277)
    ,(#2278,#2279,#2280,#2281,#2282,#2283
)),.UNSPECIFIED.,.F.,.F.,.F.) B_SPLINE_SURFACE_WITH_KNOTS((9,9),(6,6),(
    6.,7.),(0.,1.),.PIECEWISE_BEZIER_KNOTS.) 
GEOMETRIC_REPRESENTATION_ITEM() RATIONAL_B_SPLINE_SURFACE((
    (1.,1.,1.,1.,1.,1.)
    ,(1.,1.,1.,1.,1.,1.)
    ,(1.,1.,1.,1.,1.,1.)
    ,(1.,1.,1.,1.,1.,1.)
    ,(1.,1.,1.,1.,1.,1.)
    ,(1.,1.,1.,1.,1.,1.)
    ,(1.,1.,1.,1.,1.,1.)
    ,(1.,1.,1.,1.,1.,1.)
,(1.,1.,1.,1.,1.,1.))) REPRESENTATION_ITEM('') SURFACE() );
#2230 = CARTESIAN_POINT('',(112.45554237496,15.000000000072,0.));
#2231 = CARTESIAN_POINT('',(112.45554237496,14.797353842946,
    -3.594413273843));
#2232 = CARTESIAN_POINT('',(112.45554237496,14.717561185322,
    -7.739430263657));
#2233 = CARTESIAN_POINT('',(112.45554237496,13.927831650198,
    -10.83065080678));
#2234 = CARTESIAN_POINT('',(112.45554237496,13.627660384432,
    -15.14684692625));
#2235 = CARTESIAN_POINT('',(112.45554237496,11.200000000072,-18.));
#2236 = CARTESIAN_POINT('',(112.45304237496,15.000000000072,0.));
#2237 = CARTESIAN_POINT('',(112.45304237496,14.797353842946,
    -3.594413273843));
#2238 = CARTESIAN_POINT('',(112.45304237496,14.717561185322,
    -7.739430263657));
#2239 = CARTESIAN_POINT('',(112.45304237496,13.927831650198,
    -10.83065080678));
#2240 = CARTESIAN_POINT('',(112.45304237496,13.627660384432,
    -15.14684692625));
#2241 = CARTESIAN_POINT('',(112.45304237496,11.200000000072,-18.));
#2242 = CARTESIAN_POINT('',(112.45054237496,15.000000000072,0.));
#2243 = CARTESIAN_POINT('',(112.45054237496,14.797353842946,
    -3.594413273843));
#2244 = CARTESIAN_POINT('',(112.45054237496,14.717561185322,
    -7.739430263657));
#2245 = CARTESIAN_POINT('',(112.45054237496,13.927831650198,
    -10.83065080678));
#2246 = CARTESIAN_POINT('',(112.45054237496,13.627660384432,
    -15.14684692625));
#2247 = CARTESIAN_POINT('',(112.45054237496,11.200000000072,-18.));
#2248 = CARTESIAN_POINT('',(112.44804237496,15.000000000072,0.));
#2249 = CARTESIAN_POINT('',(112.44804237496,14.797353842946,
    -3.594413273843));
#2250 = CARTESIAN_POINT('',(112.44804237496,14.717561185322,
    -7.739430263657));
#2251 = CARTESIAN_POINT('',(112.44804237496,13.927831650198,
    -10.83065080678));
#2252 = CARTESIAN_POINT('',(112.44804237496,13.627660384432,
    -15.14684692625));
#2253 = CARTESIAN_POINT('',(112.44804237496,11.200000000072,-18.));
#2254 = CARTESIAN_POINT('',(112.44554237496,15.000000000072,0.));
#2255 = CARTESIAN_POINT('',(112.44554237496,14.797353842946,
    -3.594413273843));
#2256 = CARTESIAN_POINT('',(112.44554237496,14.717561185322,
    -7.739430263657));
#2257 = CARTESIAN_POINT('',(112.44554237496,13.927831650198,
    -10.83065080678));
#2258 = CARTESIAN_POINT('',(112.44554237496,13.627660384432,
    -15.14684692625));
#2259 = CARTESIAN_POINT('',(112.44554237496,11.200000000072,-18.));
#2260 = CARTESIAN_POINT('',(112.44304237496,15.000000000072,0.));
#2261 = CARTESIAN_POINT('',(112.44304237496,14.797353842946,
    -3.594413273843));
#2262 = CARTESIAN_POINT('',(112.44304237496,14.717561185322,
    -7.739430263657));
#2263 = CARTESIAN_POINT('',(112.44304237496,13.927831650198,
    -10.83065080678));
#2264 = CARTESIAN_POINT('',(112.44304237496,13.627660384432,
    -15.14684692625));
#2265 = CARTESIAN_POINT('',(112.44304237496,11.200000000072,-18.));
#2266 = CARTESIAN_POINT('',(112.44054237496,15.000000000072,0.));
#2267 = CARTESIAN_POINT('',(112.44054237496,14.797353842946,
    -3.594413273843));
#2268 = CARTESIAN_POINT('',(112.44054237496,14.717561185322,
    -7.739430263657));
#2269 = CARTESIAN_POINT('',(112.44054237496,13.927831650198,
    -10.83065080678));
#2270 = CARTESIAN_POINT('',(112.44054237496,13.627660384432,
    -15.14684692625));
#2271 = CARTESIAN_POINT('',(112.44054237496,11.200000000072,-18.));
#2272 = CARTESIAN_POINT('',(112.43804237496,15.000000000072,0.));
#2273 = CARTESIAN_POINT('',(112.43804237496,14.797353842946,
    -3.594413273843));
#2274 = CARTESIAN_POINT('',(112.43804237496,14.717561185322,
    -7.739430263657));
#2275 = CARTESIAN_POINT('',(112.43804237496,13.927831650198,
    -10.83065080678));
#2276 = CARTESIAN_POINT('',(112.43804237496,13.627660384432,
    -15.14684692625));
#2277 = CARTESIAN_POINT('',(112.43804237496,11.200000000072,-18.));
#2278 = CARTESIAN_POINT('',(112.43554237496,14.999999991083,0.));
#2279 = CARTESIAN_POINT('',(112.43554237496,14.797353833957,
    -3.594413273843));
#2280 = CARTESIAN_POINT('',(112.43554237496,14.717561176333,
    -7.739430263657));
#2281 = CARTESIAN_POINT('',(112.43554237496,13.927831641208,
    -10.83065080678));
#2282 = CARTESIAN_POINT('',(112.43554237496,13.627660375443,
    -15.14684692625));
#2283 = CARTESIAN_POINT('',(112.43554237496,11.199999991083,-18.));
#2284 = DEFINITIONAL_REPRESENTATION('',(#2285),#2289);
#2285 = LINE('',#2286,#2287);
#2286 = CARTESIAN_POINT('',(0.,0.));
#2287 = VECTOR('',#2288,1.);
#2288 = DIRECTION('',(1.,0.));
#2289 = ( GEOMETRIC_REPRESENTATION_CONTEXT(2) 
PARAMETRIC_REPRESENTATION_CONTEXT() REPRESENTATION_CONTEXT('2D SPACE',''
  ) );
#2290 = ORIENTED_EDGE('',*,*,#2291,.T.);
#2291 = EDGE_CURVE('',#2202,#2292,#2294,.T.);
#2292 = VERTEX_POINT('',#2293);
#2293 = CARTESIAN_POINT('',(98.133794222806,4.500000000024,0.));
#2294 = SURFACE_CURVE('',#2295,(#2305,#2318),.PCURVE_S1.);
#2295 = B_SPLINE_CURVE_WITH_KNOTS('',8,(#2296,#2297,#2298,#2299,#2300,
    #2301,#2302,#2303,#2304),.UNSPECIFIED.,.F.,.F.,(9,9),(7.,8.),
  .PIECEWISE_BEZIER_KNOTS.);
#2296 = CARTESIAN_POINT('',(112.43554237496,14.999999991083,0.));
#2297 = CARTESIAN_POINT('',(109.49226275763,14.999999991083,0.));
#2298 = CARTESIAN_POINT('',(106.54898221383,14.339528764554,0.));
#2299 = CARTESIAN_POINT('',(103.77861899228,13.018592798496,0.));
#2300 = CARTESIAN_POINT('',(101.35405362582,11.091488740223,0.));
#2301 = CARTESIAN_POINT('',(99.426949567552,8.666923373766,0.));
#2302 = CARTESIAN_POINT('',(98.106013601493,5.896560152211,0.));
#2303 = CARTESIAN_POINT('',(97.445542374965,2.953279608415,0.));
#2304 = CARTESIAN_POINT('',(97.445542374965,9.999991082776E-03,0.));
#2305 = PCURVE('',#180,#2306);
#2306 = DEFINITIONAL_REPRESENTATION('',(#2307),#2317);
#2307 = B_SPLINE_CURVE_WITH_KNOTS('',8,(#2308,#2309,#2310,#2311,#2312,
    #2313,#2314,#2315,#2316),.UNSPECIFIED.,.F.,.F.,(9,9),(7.,8.),
  .PIECEWISE_BEZIER_KNOTS.);
#2308 = CARTESIAN_POINT('',(239.87990782397,15.008822188093));
#2309 = CARTESIAN_POINT('',(236.9366282157,15.008591244215));
#2310 = CARTESIAN_POINT('',(233.99339950471,14.347889075769));
#2311 = CARTESIAN_POINT('',(231.22313993868,13.026735737751));
#2312 = CARTESIAN_POINT('',(228.79872578954,11.099441442348));
#2313 = CARTESIAN_POINT('',(226.87181198026,8.6747248735));
#2314 = CARTESIAN_POINT('',(225.55109339429,5.904258013483));
#2315 = CARTESIAN_POINT('',(224.89085311375,2.960925654997));
#2316 = CARTESIAN_POINT('',(224.89108405763,1.764604672572E-02));
#2317 = ( GEOMETRIC_REPRESENTATION_CONTEXT(2) 
PARAMETRIC_REPRESENTATION_CONTEXT() REPRESENTATION_CONTEXT('2D SPACE',''
  ) );
#2318 = PCURVE('',#2319,#2374);
#2319 = ( BOUNDED_SURFACE() B_SPLINE_SURFACE(8,5,(
    (#2320,#2321,#2322,#2323,#2324,#2325)
    ,(#2326,#2327,#2328,#2329,#2330,#2331)
    ,(#2332,#2333,#2334,#2335,#2336,#2337)
    ,(#2338,#2339,#2340,#2341,#2342,#2343)
    ,(#2344,#2345,#2346,#2347,#2348,#2349)
    ,(#2350,#2351,#2352,#2353,#2354,#2355)
    ,(#2356,#2357,#2358,#2359,#2360,#2361)
    ,(#2362,#2363,#2364,#2365,#2366,#2367)
    ,(#2368,#2369,#2370,#2371,#2372,#2373
)),.UNSPECIFIED.,.F.,.F.,.F.) B_SPLINE_SURFACE_WITH_KNOTS((9,9),(6,6),(
    7.,8.),(0.,1.),.PIECEWISE_BEZIER_KNOTS.) 
GEOMETRIC_REPRESENTATION_ITEM() RATIONAL_B_SPLINE_SURFACE((
    (1.,1.,1.,1.,1.,1.)
    ,(1.,1.,1.,1.,1.,1.)
    ,(1.,1.,1.,1.,1.,1.)
    ,(1.,1.,1.,1.,1.,1.)
    ,(1.,1.,1.,1.,1.,1.)
    ,(1.,1.,1.,1.,1.,1.)
    ,(1.,1.,1.,1.,1.,1.)
    ,(1.,1.,1.,1.,1.,1.)
,(1.,1.,1.,1.,1.,1.))) REPRESENTATION_ITEM('') SURFACE() );
#2320 = CARTESIAN_POINT('',(112.43554237496,14.999999991083,0.));
#2321 = CARTESIAN_POINT('',(112.43554237496,14.797353833957,
    -3.594413273843));
#2322 = CARTESIAN_POINT('',(112.43554237496,14.717561176333,
    -7.739430263657));
#2323 = CARTESIAN_POINT('',(112.43554237496,13.927831641208,
    -10.83065080678));
#2324 = CARTESIAN_POINT('',(112.43554237496,13.627660375443,
    -15.14684692625));
#2325 = CARTESIAN_POINT('',(112.43554237496,11.199999991083,-18.));
#2326 = CARTESIAN_POINT('',(109.49226275763,14.999999991083,0.));
#2327 = CARTESIAN_POINT('',(109.53205223753,14.797353833958,
    -3.594413273843));
#2328 = CARTESIAN_POINT('',(109.54771948922,14.717561176332,
    -7.739430263657));
#2329 = CARTESIAN_POINT('',(109.70278252084,13.92783164121,
    -10.83065080678));
#2330 = CARTESIAN_POINT('',(109.76172101105,13.627660375443,
    -15.14684692625));
#2331 = CARTESIAN_POINT('',(110.23839101286,11.199999991083,-18.));
#2332 = CARTESIAN_POINT('',(106.54898221383,14.339528764554,0.));
#2333 = CARTESIAN_POINT('',(106.62856118617,14.145811356991,
    -3.594413273843));
#2334 = CARTESIAN_POINT('',(106.65989569448,14.069534426816,
    -7.739430263657));
#2335 = CARTESIAN_POINT('',(106.97002180652,13.314600998074,
    -10.83065080678));
#2336 = CARTESIAN_POINT('',(107.08789880549,13.027655515103,
    -15.14684692625));
#2337 = CARTESIAN_POINT('',(108.04123895915,10.706959762607,-18.));
#2338 = CARTESIAN_POINT('',(103.77861899228,13.018592798496,0.));
#2339 = CARTESIAN_POINT('',(103.89564982991,12.842732802364,
    -3.594413273843));
#2340 = CARTESIAN_POINT('',(103.94173114568,12.773487292549,
    -7.739430263657));
#2341 = CARTESIAN_POINT('',(104.39781040377,12.088145734823,
    -10.83065080678));
#2342 = CARTESIAN_POINT('',(104.57116328231,11.827651687532,
    -15.14684692625));
#2343 = CARTESIAN_POINT('',(105.97316928275,9.720884148184,-18.));
#2344 = CARTESIAN_POINT('',(101.35405362582,11.091488740223,0.));
#2345 = CARTESIAN_POINT('',(101.5038615718,10.941680794241,
    -3.594413273843));
#2346 = CARTESIAN_POINT('',(101.5628489926,10.882693373451,
    -7.739430263657));
#2347 = CARTESIAN_POINT('',(102.14666346613,10.298878899906,
    -10.83065080678));
#2348 = CARTESIAN_POINT('',(102.36856770259,10.076974663459,
    -15.14684692625));
#2349 = CARTESIAN_POINT('',(104.16323689778,8.28230546826,-18.));
#2350 = CARTESIAN_POINT('',(99.426949567552,8.666923373766,0.));
#2351 = CARTESIAN_POINT('',(99.602809563687,8.549892536139,
    -3.594413273843));
#2352 = CARTESIAN_POINT('',(99.672055073491,8.503811220355,
    -7.739430263657));
#2353 = CARTESIAN_POINT('',(100.35739663123,8.04773196228,
    -10.83065080678));
#2354 = CARTESIAN_POINT('',(100.61789067851,7.874379083731,
    -15.14684692625));
#2355 = CARTESIAN_POINT('',(102.72465821786,6.472373083292,-18.));
#2356 = CARTESIAN_POINT('',(98.106013601493,5.896560152211,0.));
#2357 = CARTESIAN_POINT('',(98.299731009054,5.816981179873,
    -3.594413273843));
#2358 = CARTESIAN_POINT('',(98.376007939235,5.785646671568,
    -7.739430263657));
#2359 = CARTESIAN_POINT('',(99.13094136797,5.475520559522,
    -10.83065080678));
#2360 = CARTESIAN_POINT('',(99.417886850945,5.357643560553,
    -15.14684692625));
#2361 = CARTESIAN_POINT('',(101.73858260344,4.404303406895,-18.));
#2362 = CARTESIAN_POINT('',(97.445542374965,2.953279608415,0.));
#2363 = CARTESIAN_POINT('',(97.648188532091,2.913490128508,
    -3.594413273843));
#2364 = CARTESIAN_POINT('',(97.727981189714,2.89782287682,
    -7.739430263657));
#2365 = CARTESIAN_POINT('',(98.517710724839,2.742759845204,
    -10.83065080678));
#2366 = CARTESIAN_POINT('',(98.817881990604,2.683821354994,
    -15.14684692625));
#2367 = CARTESIAN_POINT('',(101.24554237496,2.207151353187,-18.));
#2368 = CARTESIAN_POINT('',(97.445542374965,9.999991082776E-03,0.));
#2369 = CARTESIAN_POINT('',(97.64818853209,9.999991082785E-03,
    -3.594413273843));
#2370 = CARTESIAN_POINT('',(97.727981189715,9.999991082754E-03,
    -7.739430263657));
#2371 = CARTESIAN_POINT('',(98.517710724838,9.999991082799E-03,
    -10.83065080678));
#2372 = CARTESIAN_POINT('',(98.817881990604,9.99999108276E-03,
    -15.14684692625));
#2373 = CARTESIAN_POINT('',(101.24554237496,9.999991082775E-03,-18.));
#2374 = DEFINITIONAL_REPRESENTATION('',(#2375),#2379);
#2375 = LINE('',#2376,#2377);
#2376 = CARTESIAN_POINT('',(0.,0.));
#2377 = VECTOR('',#2378,1.);
#2378 = DIRECTION('',(1.,0.));
#2379 = ( GEOMETRIC_REPRESENTATION_CONTEXT(2) 
PARAMETRIC_REPRESENTATION_CONTEXT() REPRESENTATION_CONTEXT('2D SPACE',''
  ) );
#2380 = ORIENTED_EDGE('',*,*,#2381,.T.);
#2381 = EDGE_CURVE('',#2292,#2382,#2384,.T.);
#2382 = VERTEX_POINT('',#2383);
#2383 = CARTESIAN_POINT('',(-98.13379422022,4.499999991793,0.));
#2384 = SURFACE_CURVE('',#2385,(#2395,#2408),.PCURVE_S1.);
#2385 = B_SPLINE_CURVE_WITH_KNOTS('',8,(#2386,#2387,#2388,#2389,#2390,
    #2391,#2392,#2393,#2394),.UNSPECIFIED.,.F.,.F.,(9,9),(6.,7.),
  .PIECEWISE_BEZIER_KNOTS.);
#2386 = CARTESIAN_POINT('',(122.95554237496,4.500000000024,0.));
#2387 = CARTESIAN_POINT('',(92.216656781224,4.500000000024,0.));
#2388 = CARTESIAN_POINT('',(61.477771187482,4.500000000024,0.));
#2389 = CARTESIAN_POINT('',(30.738885593741,4.500000000024,0.));
#2390 = CARTESIAN_POINT('',(2.6645352591E-15,4.500000000024,0.));
#2391 = CARTESIAN_POINT('',(-30.73888559374,4.500000000024,0.));
#2392 = CARTESIAN_POINT('',(-61.47777118748,4.500000000024,0.));
#2393 = CARTESIAN_POINT('',(-92.21665678122,4.500000000024,0.));
#2394 = CARTESIAN_POINT('',(-122.9555423749,4.49999998074,0.));
#2395 = PCURVE('',#180,#2396);
#2396 = DEFINITIONAL_REPRESENTATION('',(#2397),#2407);
#2397 = B_SPLINE_CURVE_WITH_KNOTS('',8,(#2398,#2399,#2400,#2401,#2402,
    #2403,#2404,#2405,#2406),.UNSPECIFIED.,.F.,.F.,(9,9),(6.,7.),
  .PIECEWISE_BEZIER_KNOTS.);
#2398 = CARTESIAN_POINT('',(250.4007316721,4.509647679165));
#2399 = CARTESIAN_POINT('',(219.66184617298,4.507235758327));
#2400 = CARTESIAN_POINT('',(188.92296067387,4.504823837489));
#2401 = CARTESIAN_POINT('',(158.18407517475,4.502411916651));
#2402 = CARTESIAN_POINT('',(127.44518967564,4.499999995814));
#2403 = CARTESIAN_POINT('',(96.706304176524,4.497588074976));
#2404 = CARTESIAN_POINT('',(65.967418677408,4.495176154138));
#2405 = CARTESIAN_POINT('',(35.228533178293,4.4927642333));
#2406 = CARTESIAN_POINT('',(4.489647679178,4.490352293178));
#2407 = ( GEOMETRIC_REPRESENTATION_CONTEXT(2) 
PARAMETRIC_REPRESENTATION_CONTEXT() REPRESENTATION_CONTEXT('2D SPACE',''
  ) );
#2408 = PCURVE('',#723,#2409);
#2409 = DEFINITIONAL_REPRESENTATION('',(#2410),#2414);
#2410 = LINE('',#2411,#2412);
#2411 = CARTESIAN_POINT('',(0.,0.));
#2412 = VECTOR('',#2413,1.);
#2413 = DIRECTION('',(1.,0.));
#2414 = ( GEOMETRIC_REPRESENTATION_CONTEXT(2) 
PARAMETRIC_REPRESENTATION_CONTEXT() REPRESENTATION_CONTEXT('2D SPACE',''
  ) );
#2415 = ORIENTED_EDGE('',*,*,#2416,.T.);
#2416 = EDGE_CURVE('',#2382,#2417,#2419,.T.);
#2417 = VERTEX_POINT('',#2418);
#2418 = CARTESIAN_POINT('',(-112.4355423749,14.999999995577,0.));
#2419 = SURFACE_CURVE('',#2420,(#2430,#2443),.PCURVE_S1.);
#2420 = B_SPLINE_CURVE_WITH_KNOTS('',8,(#2421,#2422,#2423,#2424,#2425,
    #2426,#2427,#2428,#2429),.UNSPECIFIED.,.F.,.F.,(9,9),(5.,6.),
  .PIECEWISE_BEZIER_KNOTS.);
#2421 = CARTESIAN_POINT('',(-97.44554237496,9.999991082778E-03,0.));
#2422 = CARTESIAN_POINT('',(-97.44554237496,2.953279608415,0.));
#2423 = CARTESIAN_POINT('',(-98.10601360149,5.896560152211,0.));
#2424 = CARTESIAN_POINT('',(-99.42694956755,8.666923373765,0.));
#2425 = CARTESIAN_POINT('',(-101.3540536258,11.091488740224,0.));
#2426 = CARTESIAN_POINT('',(-103.7786189922,13.018592798495,0.));
#2427 = CARTESIAN_POINT('',(-106.5489822138,14.339528764554,0.));
#2428 = CARTESIAN_POINT('',(-109.4922627576,14.999999991083,0.));
#2429 = CARTESIAN_POINT('',(-112.4355423749,15.000000000072,0.));
#2430 = PCURVE('',#180,#2431);
#2431 = DEFINITIONAL_REPRESENTATION('',(#2432),#2442);
#2432 = B_SPLINE_CURVE_WITH_KNOTS('',8,(#2433,#2434,#2435,#2436,#2437,
    #2438,#2439,#2440,#2441),.UNSPECIFIED.,.F.,.F.,(9,9),(5.,6.),
  .PIECEWISE_BEZIER_KNOTS.);
#2433 = CARTESIAN_POINT('',(29.999999907648,2.353954662471E-03));
#2434 = CARTESIAN_POINT('',(29.99976896377,2.945633562934));
#2435 = CARTESIAN_POINT('',(29.339066795325,5.88886227392));
#2436 = CARTESIAN_POINT('',(28.017913457306,8.659121839956));
#2437 = CARTESIAN_POINT('',(26.090619161904,11.083535989095));
#2438 = CARTESIAN_POINT('',(23.665902593055,13.010449798372));
#2439 = CARTESIAN_POINT('',(20.895435733038,14.331168384339));
#2440 = CARTESIAN_POINT('',(17.952103374553,14.991408664884));
#2441 = CARTESIAN_POINT('',(15.008823766281,14.991177729995));
#2442 = ( GEOMETRIC_REPRESENTATION_CONTEXT(2) 
PARAMETRIC_REPRESENTATION_CONTEXT() REPRESENTATION_CONTEXT('2D SPACE',''
  ) );
#2443 = PCURVE('',#866,#2444);
#2444 = DEFINITIONAL_REPRESENTATION('',(#2445),#2449);
#2445 = LINE('',#2446,#2447);
#2446 = CARTESIAN_POINT('',(0.,0.));
#2447 = VECTOR('',#2448,1.);
#2448 = DIRECTION('',(1.,0.));
#2449 = ( GEOMETRIC_REPRESENTATION_CONTEXT(2) 
PARAMETRIC_REPRESENTATION_CONTEXT() REPRESENTATION_CONTEXT('2D SPACE',''
  ) );
#2450 = ORIENTED_EDGE('',*,*,#2451,.T.);
#2451 = EDGE_CURVE('',#2417,#314,#2452,.T.);
#2452 = SURFACE_CURVE('',#2453,(#2463,#2476),.PCURVE_S1.);
#2453 = B_SPLINE_CURVE_WITH_KNOTS('',8,(#2454,#2455,#2456,#2457,#2458,
    #2459,#2460,#2461,#2462),.UNSPECIFIED.,.F.,.F.,(9,9),(6.,7.),
  .PIECEWISE_BEZIER_KNOTS.);
#2454 = CARTESIAN_POINT('',(-112.4355423749,15.000000000072,0.));
#2455 = CARTESIAN_POINT('',(-112.4380423749,15.000000000072,0.));
#2456 = CARTESIAN_POINT('',(-112.4405423749,15.000000000072,0.));
#2457 = CARTESIAN_POINT('',(-112.4430423749,15.000000000072,0.));
#2458 = CARTESIAN_POINT('',(-112.4455423749,15.000000000072,0.));
#2459 = CARTESIAN_POINT('',(-112.4480423749,15.000000000072,0.));
#2460 = CARTESIAN_POINT('',(-112.4505423749,15.000000000072,0.));
#2461 = CARTESIAN_POINT('',(-112.4530423749,15.000000000072,0.));
#2462 = CARTESIAN_POINT('',(-112.4555423749,14.999999991083,0.));
#2463 = PCURVE('',#180,#2464);
#2464 = DEFINITIONAL_REPRESENTATION('',(#2465),#2475);
#2465 = B_SPLINE_CURVE_WITH_KNOTS('',8,(#2466,#2467,#2468,#2469,#2470,
    #2471,#2472,#2473,#2474),.UNSPECIFIED.,.F.,.F.,(9,9),(6.,7.),
  .PIECEWISE_BEZIER_KNOTS.);
#2466 = CARTESIAN_POINT('',(15.008823766281,14.991177729995));
#2467 = CARTESIAN_POINT('',(15.006323766288,14.991177533833));
#2468 = CARTESIAN_POINT('',(15.003823766296,14.991177337671));
#2469 = CARTESIAN_POINT('',(15.001323766304,14.991177141509));
#2470 = CARTESIAN_POINT('',(14.998823766311,14.991176945347));
#2471 = CARTESIAN_POINT('',(14.996323766319,14.991176749185));
#2472 = CARTESIAN_POINT('',(14.993823766327,14.991176553023));
#2473 = CARTESIAN_POINT('',(14.991323766334,14.991176356861));
#2474 = CARTESIAN_POINT('',(14.988823766343,14.99117615171));
#2475 = ( GEOMETRIC_REPRESENTATION_CONTEXT(2) 
PARAMETRIC_REPRESENTATION_CONTEXT() REPRESENTATION_CONTEXT('2D SPACE',''
  ) );
#2476 = PCURVE('',#334,#2477);
#2477 = DEFINITIONAL_REPRESENTATION('',(#2478),#2482);
#2478 = LINE('',#2479,#2480);
#2479 = CARTESIAN_POINT('',(0.,0.));
#2480 = VECTOR('',#2481,1.);
#2481 = DIRECTION('',(1.,0.));
#2482 = ( GEOMETRIC_REPRESENTATION_CONTEXT(2) 
PARAMETRIC_REPRESENTATION_CONTEXT() REPRESENTATION_CONTEXT('2D SPACE',''
  ) );
#2483 = FACE_BOUND('',#2484,.T.);
#2484 = EDGE_LOOP('',(#2485));
#2485 = ORIENTED_EDGE('',*,*,#2486,.F.);
#2486 = EDGE_CURVE('',#2487,#2487,#2489,.T.);
#2487 = VERTEX_POINT('',#2488);
#2488 = CARTESIAN_POINT('',(-118.7955423749,-8.,0.));
#2489 = SURFACE_CURVE('',#2490,(#2495,#2502),.PCURVE_S1.);
#2490 = CIRCLE('',#2491,1.65);
#2491 = AXIS2_PLACEMENT_3D('',#2492,#2493,#2494);
#2492 = CARTESIAN_POINT('',(-120.4455423749,-8.,0.));
#2493 = DIRECTION('',(0.,0.,1.));
#2494 = DIRECTION('',(1.,0.,-0.));
#2495 = PCURVE('',#180,#2496);
#2496 = DEFINITIONAL_REPRESENTATION('',(#2497),#2501);
#2497 = CIRCLE('',#2498,1.65);
#2498 = AXIS2_PLACEMENT_2D('',#2499,#2500);
#2499 = CARTESIAN_POINT('',(7.000628481583,-8.009450702408));
#2500 = DIRECTION('',(0.999999996922,7.846481065502E-05));
#2501 = ( GEOMETRIC_REPRESENTATION_CONTEXT(2) 
PARAMETRIC_REPRESENTATION_CONTEXT() REPRESENTATION_CONTEXT('2D SPACE',''
  ) );
#2502 = PCURVE('',#2503,#2508);
#2503 = CYLINDRICAL_SURFACE('',#2504,1.65);
#2504 = AXIS2_PLACEMENT_3D('',#2505,#2506,#2507);
#2505 = CARTESIAN_POINT('',(-120.4455423749,-8.,-7.));
#2506 = DIRECTION('',(0.,0.,1.));
#2507 = DIRECTION('',(1.,0.,-0.));
#2508 = DEFINITIONAL_REPRESENTATION('',(#2509),#2513);
#2509 = LINE('',#2510,#2511);
#2510 = CARTESIAN_POINT('',(0.,7.));
#2511 = VECTOR('',#2512,1.);
#2512 = DIRECTION('',(1.,0.));
#2513 = ( GEOMETRIC_REPRESENTATION_CONTEXT(2) 
PARAMETRIC_REPRESENTATION_CONTEXT() REPRESENTATION_CONTEXT('2D SPACE',''
  ) );
#2514 = FACE_BOUND('',#2515,.T.);
#2515 = EDGE_LOOP('',(#2516));
#2516 = ORIENTED_EDGE('',*,*,#2517,.F.);
#2517 = EDGE_CURVE('',#2518,#2518,#2520,.T.);
#2518 = VERTEX_POINT('',#2519);
#2519 = CARTESIAN_POINT('',(-102.7955423749,-8.,0.));
#2520 = SURFACE_CURVE('',#2521,(#2526,#2533),.PCURVE_S1.);
#2521 = CIRCLE('',#2522,1.65);
#2522 = AXIS2_PLACEMENT_3D('',#2523,#2524,#2525);
#2523 = CARTESIAN_POINT('',(-104.4455423749,-8.,0.));
#2524 = DIRECTION('',(0.,0.,1.));
#2525 = DIRECTION('',(1.,0.,-0.));
#2526 = PCURVE('',#180,#2527);
#2527 = DEFINITIONAL_REPRESENTATION('',(#2528),#2532);
#2528 = CIRCLE('',#2529,1.65);
#2529 = AXIS2_PLACEMENT_2D('',#2530,#2531);
#2530 = CARTESIAN_POINT('',(23.00062843233,-8.008195265437));
#2531 = DIRECTION('',(0.999999996922,7.846481065502E-05));
#2532 = ( GEOMETRIC_REPRESENTATION_CONTEXT(2) 
PARAMETRIC_REPRESENTATION_CONTEXT() REPRESENTATION_CONTEXT('2D SPACE',''
  ) );
#2533 = PCURVE('',#2534,#2539);
#2534 = CYLINDRICAL_SURFACE('',#2535,1.65);
#2535 = AXIS2_PLACEMENT_3D('',#2536,#2537,#2538);
#2536 = CARTESIAN_POINT('',(-104.4455423749,-8.,-7.));
#2537 = DIRECTION('',(0.,0.,1.));
#2538 = DIRECTION('',(1.,0.,-0.));
#2539 = DEFINITIONAL_REPRESENTATION('',(#2540),#2544);
#2540 = LINE('',#2541,#2542);
#2541 = CARTESIAN_POINT('',(0.,7.));
#2542 = VECTOR('',#2543,1.);
#2543 = DIRECTION('',(1.,0.));
#2544 = ( GEOMETRIC_REPRESENTATION_CONTEXT(2) 
PARAMETRIC_REPRESENTATION_CONTEXT() REPRESENTATION_CONTEXT('2D SPACE',''
  ) );
#2545 = FACE_BOUND('',#2546,.T.);
#2546 = EDGE_LOOP('',(#2547));
#2547 = ORIENTED_EDGE('',*,*,#2548,.F.);
#2548 = EDGE_CURVE('',#2549,#2549,#2551,.T.);
#2549 = VERTEX_POINT('',#2550);
#2550 = CARTESIAN_POINT('',(-107.9455423749,-1.102182119233E-15,0.));
#2551 = SURFACE_CURVE('',#2552,(#2557,#2564),.PCURVE_S1.);
#2552 = CIRCLE('',#2553,4.5);
#2553 = AXIS2_PLACEMENT_3D('',#2554,#2555,#2556);
#2554 = CARTESIAN_POINT('',(-112.4455423749,0.,0.));
#2555 = DIRECTION('',(0.,0.,1.));
#2556 = DIRECTION('',(1.,0.,-0.));
#2557 = PCURVE('',#180,#2558);
#2558 = DEFINITIONAL_REPRESENTATION('',(#2559),#2563);
#2559 = CIRCLE('',#2560,4.5);
#2560 = AXIS2_PLACEMENT_2D('',#2561,#2562);
#2561 = CARTESIAN_POINT('',(15.000000738471,-8.823008549349E-03));
#2562 = DIRECTION('',(0.999999996922,7.846481065502E-05));
#2563 = ( GEOMETRIC_REPRESENTATION_CONTEXT(2) 
PARAMETRIC_REPRESENTATION_CONTEXT() REPRESENTATION_CONTEXT('2D SPACE',''
  ) );
#2564 = PCURVE('',#2565,#2570);
#2565 = CYLINDRICAL_SURFACE('',#2566,4.5);
#2566 = AXIS2_PLACEMENT_3D('',#2567,#2568,#2569);
#2567 = CARTESIAN_POINT('',(-112.4455423749,0.,-7.));
#2568 = DIRECTION('',(0.,0.,1.));
#2569 = DIRECTION('',(1.,0.,-0.));
#2570 = DEFINITIONAL_REPRESENTATION('',(#2571),#2575);
#2571 = LINE('',#2572,#2573);
#2572 = CARTESIAN_POINT('',(0.,7.));
#2573 = VECTOR('',#2574,1.);
#2574 = DIRECTION('',(1.,0.));
#2575 = ( GEOMETRIC_REPRESENTATION_CONTEXT(2) 
PARAMETRIC_REPRESENTATION_CONTEXT() REPRESENTATION_CONTEXT('2D SPACE',''
  ) );
#2576 = FACE_BOUND('',#2577,.T.);
#2577 = EDGE_LOOP('',(#2578));
#2578 = ORIENTED_EDGE('',*,*,#2579,.F.);
#2579 = EDGE_CURVE('',#2580,#2580,#2582,.T.);
#2580 = VERTEX_POINT('',#2581);
#2581 = CARTESIAN_POINT('',(-32.35,-4.041334437186E-16,0.));
#2582 = SURFACE_CURVE('',#2583,(#2588,#2595),.PCURVE_S1.);
#2583 = CIRCLE('',#2584,1.65);
#2584 = AXIS2_PLACEMENT_3D('',#2585,#2586,#2587);
#2585 = CARTESIAN_POINT('',(-34.,0.,0.));
#2586 = DIRECTION('',(0.,0.,1.));
#2587 = DIRECTION('',(1.,0.,-0.));
#2588 = PCURVE('',#180,#2589);
#2589 = DEFINITIONAL_REPRESENTATION('',(#2590),#2594);
#2590 = CIRCLE('',#2591,1.65);
#2591 = AXIS2_PLACEMENT_2D('',#2592,#2593);
#2592 = CARTESIAN_POINT('',(93.445542871952,-2.667793920167E-03));
#2593 = DIRECTION('',(0.999999996922,7.846481065502E-05));
#2594 = ( GEOMETRIC_REPRESENTATION_CONTEXT(2) 
PARAMETRIC_REPRESENTATION_CONTEXT() REPRESENTATION_CONTEXT('2D SPACE',''
  ) );
#2595 = PCURVE('',#2596,#2601);
#2596 = CYLINDRICAL_SURFACE('',#2597,1.65);
#2597 = AXIS2_PLACEMENT_3D('',#2598,#2599,#2600);
#2598 = CARTESIAN_POINT('',(-34.,0.,-21.));
#2599 = DIRECTION('',(0.,0.,1.));
#2600 = DIRECTION('',(1.,0.,-0.));
#2601 = DEFINITIONAL_REPRESENTATION('',(#2602),#2606);
#2602 = LINE('',#2603,#2604);
#2603 = CARTESIAN_POINT('',(0.,21.));
#2604 = VECTOR('',#2605,1.);
#2605 = DIRECTION('',(1.,0.));
#2606 = ( GEOMETRIC_REPRESENTATION_CONTEXT(2) 
PARAMETRIC_REPRESENTATION_CONTEXT() REPRESENTATION_CONTEXT('2D SPACE',''
  ) );
#2607 = FACE_BOUND('',#2608,.T.);
#2608 = EDGE_LOOP('',(#2609));
#2609 = ORIENTED_EDGE('',*,*,#2610,.F.);
#2610 = EDGE_CURVE('',#2611,#2611,#2613,.T.);
#2611 = VERTEX_POINT('',#2612);
#2612 = CARTESIAN_POINT('',(106.09554237496,-8.,0.));
#2613 = SURFACE_CURVE('',#2614,(#2619,#2626),.PCURVE_S1.);
#2614 = CIRCLE('',#2615,1.65);
#2615 = AXIS2_PLACEMENT_3D('',#2616,#2617,#2618);
#2616 = CARTESIAN_POINT('',(104.44554237496,-8.,0.));
#2617 = DIRECTION('',(0.,0.,1.));
#2618 = DIRECTION('',(1.,0.,-0.));
#2619 = PCURVE('',#180,#2620);
#2620 = DEFINITIONAL_REPRESENTATION('',(#2621),#2625);
#2621 = CIRCLE('',#2622,1.65);
#2622 = AXIS2_PLACEMENT_2D('',#2623,#2624);
#2623 = CARTESIAN_POINT('',(231.89171253921,-7.991804666025));
#2624 = DIRECTION('',(0.999999996922,7.846481065502E-05));
#2625 = ( GEOMETRIC_REPRESENTATION_CONTEXT(2) 
PARAMETRIC_REPRESENTATION_CONTEXT() REPRESENTATION_CONTEXT('2D SPACE',''
  ) );
#2626 = PCURVE('',#2627,#2632);
#2627 = CYLINDRICAL_SURFACE('',#2628,1.65);
#2628 = AXIS2_PLACEMENT_3D('',#2629,#2630,#2631);
#2629 = CARTESIAN_POINT('',(104.44554237496,-8.,-7.));
#2630 = DIRECTION('',(0.,0.,1.));
#2631 = DIRECTION('',(1.,0.,-0.));
#2632 = DEFINITIONAL_REPRESENTATION('',(#2633),#2637);
#2633 = LINE('',#2634,#2635);
#2634 = CARTESIAN_POINT('',(0.,7.));
#2635 = VECTOR('',#2636,1.);
#2636 = DIRECTION('',(1.,0.));
#2637 = ( GEOMETRIC_REPRESENTATION_CONTEXT(2) 
PARAMETRIC_REPRESENTATION_CONTEXT() REPRESENTATION_CONTEXT('2D SPACE',''
  ) );
#2638 = FACE_BOUND('',#2639,.T.);
#2639 = EDGE_LOOP('',(#2640));
#2640 = ORIENTED_EDGE('',*,*,#2641,.F.);
#2641 = EDGE_CURVE('',#2642,#2642,#2644,.T.);
#2642 = VERTEX_POINT('',#2643);
#2643 = CARTESIAN_POINT('',(122.09554237496,-8.,0.));
#2644 = SURFACE_CURVE('',#2645,(#2650,#2657),.PCURVE_S1.);
#2645 = CIRCLE('',#2646,1.65);
#2646 = AXIS2_PLACEMENT_3D('',#2647,#2648,#2649);
#2647 = CARTESIAN_POINT('',(120.44554237496,-8.,0.));
#2648 = DIRECTION('',(0.,0.,1.));
#2649 = DIRECTION('',(1.,0.,-0.));
#2650 = PCURVE('',#180,#2651);
#2651 = DEFINITIONAL_REPRESENTATION('',(#2652),#2656);
#2652 = CIRCLE('',#2653,1.65);
#2653 = AXIS2_PLACEMENT_2D('',#2654,#2655);
#2654 = CARTESIAN_POINT('',(247.89171248996,-7.990549229054));
#2655 = DIRECTION('',(0.999999996922,7.846481065502E-05));
#2656 = ( GEOMETRIC_REPRESENTATION_CONTEXT(2) 
PARAMETRIC_REPRESENTATION_CONTEXT() REPRESENTATION_CONTEXT('2D SPACE',''
  ) );
#2657 = PCURVE('',#2658,#2663);
#2658 = CYLINDRICAL_SURFACE('',#2659,1.65);
#2659 = AXIS2_PLACEMENT_3D('',#2660,#2661,#2662);
#2660 = CARTESIAN_POINT('',(120.44554237496,-8.,-7.));
#2661 = DIRECTION('',(0.,0.,1.));
#2662 = DIRECTION('',(1.,0.,-0.));
#2663 = DEFINITIONAL_REPRESENTATION('',(#2664),#2668);
#2664 = LINE('',#2665,#2666);
#2665 = CARTESIAN_POINT('',(0.,7.));
#2666 = VECTOR('',#2667,1.);
#2667 = DIRECTION('',(1.,0.));
#2668 = ( GEOMETRIC_REPRESENTATION_CONTEXT(2) 
PARAMETRIC_REPRESENTATION_CONTEXT() REPRESENTATION_CONTEXT('2D SPACE',''
  ) );
#2669 = FACE_BOUND('',#2670,.T.);
#2670 = EDGE_LOOP('',(#2671));
#2671 = ORIENTED_EDGE('',*,*,#2672,.F.);
#2672 = EDGE_CURVE('',#2673,#2673,#2675,.T.);
#2673 = VERTEX_POINT('',#2674);
#2674 = CARTESIAN_POINT('',(-118.7955423749,8.,0.));
#2675 = SURFACE_CURVE('',#2676,(#2681,#2688),.PCURVE_S1.);
#2676 = CIRCLE('',#2677,1.65);
#2677 = AXIS2_PLACEMENT_3D('',#2678,#2679,#2680);
#2678 = CARTESIAN_POINT('',(-120.4455423749,8.,0.));
#2679 = DIRECTION('',(0.,0.,1.));
#2680 = DIRECTION('',(1.,0.,-0.));
#2681 = PCURVE('',#180,#2682);
#2682 = DEFINITIONAL_REPRESENTATION('',(#2683),#2687);
#2683 = CIRCLE('',#2684,1.65);
#2684 = AXIS2_PLACEMENT_2D('',#2685,#2686);
#2685 = CARTESIAN_POINT('',(6.999373044613,7.990549248339));
#2686 = DIRECTION('',(0.999999996922,7.846481065502E-05));
#2687 = ( GEOMETRIC_REPRESENTATION_CONTEXT(2) 
PARAMETRIC_REPRESENTATION_CONTEXT() REPRESENTATION_CONTEXT('2D SPACE',''
  ) );
#2688 = PCURVE('',#2689,#2694);
#2689 = CYLINDRICAL_SURFACE('',#2690,1.65);
#2690 = AXIS2_PLACEMENT_3D('',#2691,#2692,#2693);
#2691 = CARTESIAN_POINT('',(-120.4455423749,8.,-7.));
#2692 = DIRECTION('',(0.,0.,1.));
#2693 = DIRECTION('',(1.,0.,-0.));
#2694 = DEFINITIONAL_REPRESENTATION('',(#2695),#2699);
#2695 = LINE('',#2696,#2697);
#2696 = CARTESIAN_POINT('',(0.,7.));
#2697 = VECTOR('',#2698,1.);
#2698 = DIRECTION('',(1.,0.));
#2699 = ( GEOMETRIC_REPRESENTATION_CONTEXT(2) 
PARAMETRIC_REPRESENTATION_CONTEXT() REPRESENTATION_CONTEXT('2D SPACE',''
  ) );
#2700 = FACE_BOUND('',#2701,.T.);
#2701 = EDGE_LOOP('',(#2702));
#2702 = ORIENTED_EDGE('',*,*,#2703,.F.);
#2703 = EDGE_CURVE('',#2704,#2704,#2706,.T.);
#2704 = VERTEX_POINT('',#2705);
#2705 = CARTESIAN_POINT('',(-102.7955423749,8.,0.));
#2706 = SURFACE_CURVE('',#2707,(#2712,#2719),.PCURVE_S1.);
#2707 = CIRCLE('',#2708,1.65);
#2708 = AXIS2_PLACEMENT_3D('',#2709,#2710,#2711);
#2709 = CARTESIAN_POINT('',(-104.4455423749,8.,0.));
#2710 = DIRECTION('',(0.,0.,1.));
#2711 = DIRECTION('',(1.,0.,-0.));
#2712 = PCURVE('',#180,#2713);
#2713 = DEFINITIONAL_REPRESENTATION('',(#2714),#2718);
#2714 = CIRCLE('',#2715,1.65);
#2715 = AXIS2_PLACEMENT_2D('',#2716,#2717);
#2716 = CARTESIAN_POINT('',(22.999372995359,7.991804685309));
#2717 = DIRECTION('',(0.999999996922,7.846481065502E-05));
#2718 = ( GEOMETRIC_REPRESENTATION_CONTEXT(2) 
PARAMETRIC_REPRESENTATION_CONTEXT() REPRESENTATION_CONTEXT('2D SPACE',''
  ) );
#2719 = PCURVE('',#2720,#2725);
#2720 = CYLINDRICAL_SURFACE('',#2721,1.65);
#2721 = AXIS2_PLACEMENT_3D('',#2722,#2723,#2724);
#2722 = CARTESIAN_POINT('',(-104.4455423749,8.,-7.));
#2723 = DIRECTION('',(0.,0.,1.));
#2724 = DIRECTION('',(1.,0.,-0.));
#2725 = DEFINITIONAL_REPRESENTATION('',(#2726),#2730);
#2726 = LINE('',#2727,#2728);
#2727 = CARTESIAN_POINT('',(0.,7.));
#2728 = VECTOR('',#2729,1.);
#2729 = DIRECTION('',(1.,0.));
#2730 = ( GEOMETRIC_REPRESENTATION_CONTEXT(2) 
PARAMETRIC_REPRESENTATION_CONTEXT() REPRESENTATION_CONTEXT('2D SPACE',''
  ) );
#2731 = FACE_BOUND('',#2732,.T.);
#2732 = EDGE_LOOP('',(#2733));
#2733 = ORIENTED_EDGE('',*,*,#2734,.F.);
#2734 = EDGE_CURVE('',#2735,#2735,#2737,.T.);
#2735 = VERTEX_POINT('',#2736);
#2736 = CARTESIAN_POINT('',(35.65,-4.041334437186E-16,0.));
#2737 = SURFACE_CURVE('',#2738,(#2743,#2750),.PCURVE_S1.);
#2738 = CIRCLE('',#2739,1.65);
#2739 = AXIS2_PLACEMENT_3D('',#2740,#2741,#2742);
#2740 = CARTESIAN_POINT('',(34.,0.,0.));
#2741 = DIRECTION('',(0.,0.,1.));
#2742 = DIRECTION('',(1.,0.,-0.));
#2743 = PCURVE('',#180,#2744);
#2744 = DEFINITIONAL_REPRESENTATION('',(#2745),#2749);
#2745 = CIRCLE('',#2746,1.65);
#2746 = AXIS2_PLACEMENT_2D('',#2747,#2748);
#2747 = CARTESIAN_POINT('',(161.44554266262,2.667813204374E-03));
#2748 = DIRECTION('',(0.999999996922,7.846481065502E-05));
#2749 = ( GEOMETRIC_REPRESENTATION_CONTEXT(2) 
PARAMETRIC_REPRESENTATION_CONTEXT() REPRESENTATION_CONTEXT('2D SPACE',''
  ) );
#2750 = PCURVE('',#2751,#2756);
#2751 = CYLINDRICAL_SURFACE('',#2752,1.65);
#2752 = AXIS2_PLACEMENT_3D('',#2753,#2754,#2755);
#2753 = CARTESIAN_POINT('',(34.,0.,-21.));
#2754 = DIRECTION('',(0.,0.,1.));
#2755 = DIRECTION('',(1.,0.,-0.));
#2756 = DEFINITIONAL_REPRESENTATION('',(#2757),#2761);
#2757 = LINE('',#2758,#2759);
#2758 = CARTESIAN_POINT('',(0.,21.));
#2759 = VECTOR('',#2760,1.);
#2760 = DIRECTION('',(1.,0.));
#2761 = ( GEOMETRIC_REPRESENTATION_CONTEXT(2) 
PARAMETRIC_REPRESENTATION_CONTEXT() REPRESENTATION_CONTEXT('2D SPACE',''
  ) );
#2762 = FACE_BOUND('',#2763,.T.);
#2763 = EDGE_LOOP('',(#2764));
#2764 = ORIENTED_EDGE('',*,*,#2765,.F.);
#2765 = EDGE_CURVE('',#2766,#2766,#2768,.T.);
#2766 = VERTEX_POINT('',#2767);
#2767 = CARTESIAN_POINT('',(116.94554237496,-1.102182119233E-15,0.));
#2768 = SURFACE_CURVE('',#2769,(#2774,#2781),.PCURVE_S1.);
#2769 = CIRCLE('',#2770,4.5);
#2770 = AXIS2_PLACEMENT_3D('',#2771,#2772,#2773);
#2771 = CARTESIAN_POINT('',(112.44554237496,0.,0.));
#2772 = DIRECTION('',(0.,0.,1.));
#2773 = DIRECTION('',(1.,0.,-0.));
#2774 = PCURVE('',#180,#2775);
#2775 = DEFINITIONAL_REPRESENTATION('',(#2776),#2780);
#2776 = CIRCLE('',#2777,4.5);
#2777 = AXIS2_PLACEMENT_2D('',#2778,#2779);
#2778 = CARTESIAN_POINT('',(239.8910847961,8.823027833555E-03));
#2779 = DIRECTION('',(0.999999996922,7.846481065502E-05));
#2780 = ( GEOMETRIC_REPRESENTATION_CONTEXT(2) 
PARAMETRIC_REPRESENTATION_CONTEXT() REPRESENTATION_CONTEXT('2D SPACE',''
  ) );
#2781 = PCURVE('',#2782,#2787);
#2782 = CYLINDRICAL_SURFACE('',#2783,4.5);
#2783 = AXIS2_PLACEMENT_3D('',#2784,#2785,#2786);
#2784 = CARTESIAN_POINT('',(112.44554237496,0.,-7.));
#2785 = DIRECTION('',(0.,0.,1.));
#2786 = DIRECTION('',(1.,0.,-0.));
#2787 = DEFINITIONAL_REPRESENTATION('',(#2788),#2792);
#2788 = LINE('',#2789,#2790);
#2789 = CARTESIAN_POINT('',(0.,7.));
#2790 = VECTOR('',#2791,1.);
#2791 = DIRECTION('',(1.,0.));
#2792 = ( GEOMETRIC_REPRESENTATION_CONTEXT(2) 
PARAMETRIC_REPRESENTATION_CONTEXT() REPRESENTATION_CONTEXT('2D SPACE',''
  ) );
#2793 = FACE_BOUND('',#2794,.T.);
#2794 = EDGE_LOOP('',(#2795));
#2795 = ORIENTED_EDGE('',*,*,#2796,.F.);
#2796 = EDGE_CURVE('',#2797,#2797,#2799,.T.);
#2797 = VERTEX_POINT('',#2798);
#2798 = CARTESIAN_POINT('',(106.09554237496,8.,0.));
#2799 = SURFACE_CURVE('',#2800,(#2805,#2812),.PCURVE_S1.);
#2800 = CIRCLE('',#2801,1.65);
#2801 = AXIS2_PLACEMENT_3D('',#2802,#2803,#2804);
#2802 = CARTESIAN_POINT('',(104.44554237496,8.,0.));
#2803 = DIRECTION('',(0.,0.,1.));
#2804 = DIRECTION('',(1.,0.,-0.));
#2805 = PCURVE('',#180,#2806);
#2806 = DEFINITIONAL_REPRESENTATION('',(#2807),#2811);
#2807 = CIRCLE('',#2808,1.65);
#2808 = AXIS2_PLACEMENT_2D('',#2809,#2810);
#2809 = CARTESIAN_POINT('',(231.89045710224,8.008195284721));
#2810 = DIRECTION('',(0.999999996922,7.846481065502E-05));
#2811 = ( GEOMETRIC_REPRESENTATION_CONTEXT(2) 
PARAMETRIC_REPRESENTATION_CONTEXT() REPRESENTATION_CONTEXT('2D SPACE',''
  ) );
#2812 = PCURVE('',#2813,#2818);
#2813 = CYLINDRICAL_SURFACE('',#2814,1.65);
#2814 = AXIS2_PLACEMENT_3D('',#2815,#2816,#2817);
#2815 = CARTESIAN_POINT('',(104.44554237496,8.,-7.));
#2816 = DIRECTION('',(0.,0.,1.));
#2817 = DIRECTION('',(1.,0.,-0.));
#2818 = DEFINITIONAL_REPRESENTATION('',(#2819),#2823);
#2819 = LINE('',#2820,#2821);
#2820 = CARTESIAN_POINT('',(0.,7.));
#2821 = VECTOR('',#2822,1.);
#2822 = DIRECTION('',(1.,0.));
#2823 = ( GEOMETRIC_REPRESENTATION_CONTEXT(2) 
PARAMETRIC_REPRESENTATION_CONTEXT() REPRESENTATION_CONTEXT('2D SPACE',''
  ) );
#2824 = FACE_BOUND('',#2825,.T.);
#2825 = EDGE_LOOP('',(#2826));
#2826 = ORIENTED_EDGE('',*,*,#2827,.F.);
#2827 = EDGE_CURVE('',#2828,#2828,#2830,.T.);
#2828 = VERTEX_POINT('',#2829);
#2829 = CARTESIAN_POINT('',(122.09554237496,8.,0.));
#2830 = SURFACE_CURVE('',#2831,(#2836,#2843),.PCURVE_S1.);
#2831 = CIRCLE('',#2832,1.65);
#2832 = AXIS2_PLACEMENT_3D('',#2833,#2834,#2835);
#2833 = CARTESIAN_POINT('',(120.44554237496,8.,0.));
#2834 = DIRECTION('',(0.,0.,1.));
#2835 = DIRECTION('',(1.,0.,-0.));
#2836 = PCURVE('',#180,#2837);
#2837 = DEFINITIONAL_REPRESENTATION('',(#2838),#2842);
#2838 = CIRCLE('',#2839,1.65);
#2839 = AXIS2_PLACEMENT_2D('',#2840,#2841);
#2840 = CARTESIAN_POINT('',(247.89045705299,8.009450721692));
#2841 = DIRECTION('',(0.999999996922,7.846481065502E-05));
#2842 = ( GEOMETRIC_REPRESENTATION_CONTEXT(2) 
PARAMETRIC_REPRESENTATION_CONTEXT() REPRESENTATION_CONTEXT('2D SPACE',''
  ) );
#2843 = PCURVE('',#2844,#2849);
#2844 = CYLINDRICAL_SURFACE('',#2845,1.65);
#2845 = AXIS2_PLACEMENT_3D('',#2846,#2847,#2848);
#2846 = CARTESIAN_POINT('',(120.44554237496,8.,-7.));
#2847 = DIRECTION('',(0.,0.,1.));
#2848 = DIRECTION('',(1.,0.,-0.));
#2849 = DEFINITIONAL_REPRESENTATION('',(#2850),#2854);
#2850 = LINE('',#2851,#2852);
#2851 = CARTESIAN_POINT('',(0.,7.));
#2852 = VECTOR('',#2853,1.);
#2853 = DIRECTION('',(1.,0.));
#2854 = ( GEOMETRIC_REPRESENTATION_CONTEXT(2) 
PARAMETRIC_REPRESENTATION_CONTEXT() REPRESENTATION_CONTEXT('2D SPACE',''
  ) );
#2855 = ADVANCED_FACE('',(#2856),#334,.F.);
#2856 = FACE_BOUND('',#2857,.F.);
#2857 = EDGE_LOOP('',(#2858,#2882,#2883,#2884));
#2858 = ORIENTED_EDGE('',*,*,#2859,.F.);
#2859 = EDGE_CURVE('',#2417,#813,#2860,.T.);
#2860 = SURFACE_CURVE('',#2861,(#2868,#2875),.PCURVE_S1.);
#2861 = ( BOUNDED_CURVE() B_SPLINE_CURVE(5,(#2862,#2863,#2864,#2865,
#2866,#2867),.UNSPECIFIED.,.F.,.F.) B_SPLINE_CURVE_WITH_KNOTS((6,6),(0.,
1.),.PIECEWISE_BEZIER_KNOTS.) CURVE() GEOMETRIC_REPRESENTATION_ITEM() 
RATIONAL_B_SPLINE_CURVE((1.,1.,1.,1.,1.,1.)) REPRESENTATION_ITEM('') );
#2862 = CARTESIAN_POINT('',(-112.4355423749,15.000000000072,0.));
#2863 = CARTESIAN_POINT('',(-112.4355423749,14.797353842946,
    -3.594413273843));
#2864 = CARTESIAN_POINT('',(-112.4355423749,14.717561185322,
    -7.739430263657));
#2865 = CARTESIAN_POINT('',(-112.4355423749,13.927831650198,
    -10.83065080678));
#2866 = CARTESIAN_POINT('',(-112.4355423749,13.627660384432,
    -15.14684692625));
#2867 = CARTESIAN_POINT('',(-112.4355423749,11.200000000072,-18.));
#2868 = PCURVE('',#334,#2869);
#2869 = DEFINITIONAL_REPRESENTATION('',(#2870),#2874);
#2870 = LINE('',#2871,#2872);
#2871 = CARTESIAN_POINT('',(6.,0.));
#2872 = VECTOR('',#2873,1.);
#2873 = DIRECTION('',(0.,1.));
#2874 = ( GEOMETRIC_REPRESENTATION_CONTEXT(2) 
PARAMETRIC_REPRESENTATION_CONTEXT() REPRESENTATION_CONTEXT('2D SPACE',''
  ) );
#2875 = PCURVE('',#866,#2876);
#2876 = DEFINITIONAL_REPRESENTATION('',(#2877),#2881);
#2877 = LINE('',#2878,#2879);
#2878 = CARTESIAN_POINT('',(6.,0.));
#2879 = VECTOR('',#2880,1.);
#2880 = DIRECTION('',(0.,1.));
#2881 = ( GEOMETRIC_REPRESENTATION_CONTEXT(2) 
PARAMETRIC_REPRESENTATION_CONTEXT() REPRESENTATION_CONTEXT('2D SPACE',''
  ) );
#2882 = ORIENTED_EDGE('',*,*,#2451,.T.);
#2883 = ORIENTED_EDGE('',*,*,#313,.T.);
#2884 = ORIENTED_EDGE('',*,*,#947,.T.);
#2885 = ADVANCED_FACE('',(#2886),#641,.F.);
#2886 = FACE_BOUND('',#2887,.F.);
#2887 = EDGE_LOOP('',(#2888,#2923,#2947,#2980,#2981));
#2888 = ORIENTED_EDGE('',*,*,#2889,.T.);
#2889 = EDGE_CURVE('',#1396,#2890,#2892,.T.);
#2890 = VERTEX_POINT('',#2891);
#2891 = CARTESIAN_POINT('',(-35.49415527976,-0.699999999976,-18.));
#2892 = SURFACE_CURVE('',#2893,(#2903,#2916),.PCURVE_S1.);
#2893 = B_SPLINE_CURVE_WITH_KNOTS('',8,(#2894,#2895,#2896,#2897,#2898,
    #2899,#2900,#2901,#2902),.UNSPECIFIED.,.F.,.F.,(9,9),(2.,3.),
  .PIECEWISE_BEZIER_KNOTS.);
#2894 = CARTESIAN_POINT('',(-122.9555423749,-0.699999999976,-18.));
#2895 = CARTESIAN_POINT('',(-92.21665678122,-0.699999999976,-18.));
#2896 = CARTESIAN_POINT('',(-61.47777118748,-0.699999999976,-18.));
#2897 = CARTESIAN_POINT('',(-30.73888559374,-0.699999999976,-18.));
#2898 = CARTESIAN_POINT('',(5.329070518201E-15,-0.699999999976,-18.));
#2899 = CARTESIAN_POINT('',(30.738885593741,-0.699999999976,-18.));
#2900 = CARTESIAN_POINT('',(61.477771187482,-0.699999999976,-18.));
#2901 = CARTESIAN_POINT('',(92.216656781224,-0.699999999982,-18.));
#2902 = CARTESIAN_POINT('',(122.95554237496,-0.700000000024,-18.));
#2903 = PCURVE('',#641,#2904);
#2904 = DEFINITIONAL_REPRESENTATION('',(#2905),#2915);
#2905 = B_SPLINE_CURVE_WITH_KNOTS('',8,(#2906,#2907,#2908,#2909,#2910,
    #2911,#2912,#2913,#2914),.UNSPECIFIED.,.F.,.F.,(9,9),(2.,3.),
  .PIECEWISE_BEZIER_KNOTS.);
#2906 = CARTESIAN_POINT('',(0.690057419894,-0.709944173767));
#2907 = CARTESIAN_POINT('',(31.428942913104,-0.707458127336));
#2908 = CARTESIAN_POINT('',(62.167828406314,-0.704972080906));
#2909 = CARTESIAN_POINT('',(92.906713899524,-0.702486034475));
#2910 = CARTESIAN_POINT('',(123.64559939273,-0.699999988044));
#2911 = CARTESIAN_POINT('',(154.38448488594,-0.697513941614));
#2912 = CARTESIAN_POINT('',(185.12337037915,-0.695027895183));
#2913 = CARTESIAN_POINT('',(215.86225587236,-0.692541848758));
#2914 = CARTESIAN_POINT('',(246.60114136557,-0.69005580237));
#2915 = ( GEOMETRIC_REPRESENTATION_CONTEXT(2) 
PARAMETRIC_REPRESENTATION_CONTEXT() REPRESENTATION_CONTEXT('2D SPACE',''
  ) );
#2916 = PCURVE('',#1465,#2917);
#2917 = DEFINITIONAL_REPRESENTATION('',(#2918),#2922);
#2918 = LINE('',#2919,#2920);
#2919 = CARTESIAN_POINT('',(0.,1.));
#2920 = VECTOR('',#2921,1.);
#2921 = DIRECTION('',(1.,0.));
#2922 = ( GEOMETRIC_REPRESENTATION_CONTEXT(2) 
PARAMETRIC_REPRESENTATION_CONTEXT() REPRESENTATION_CONTEXT('2D SPACE',''
  ) );
#2923 = ORIENTED_EDGE('',*,*,#2924,.F.);
#2924 = EDGE_CURVE('',#2925,#2890,#2927,.T.);
#2925 = VERTEX_POINT('',#2926);
#2926 = CARTESIAN_POINT('',(-35.49415528877,0.69999998074,-18.));
#2927 = SURFACE_CURVE('',#2928,(#2933,#2940),.PCURVE_S1.);
#2928 = CIRCLE('',#2929,1.65);
#2929 = AXIS2_PLACEMENT_3D('',#2930,#2931,#2932);
#2930 = CARTESIAN_POINT('',(-34.,0.,-18.));
#2931 = DIRECTION('',(0.,0.,1.));
#2932 = DIRECTION('',(1.,0.,-0.));
#2933 = PCURVE('',#641,#2934);
#2934 = DEFINITIONAL_REPRESENTATION('',(#2935),#2939);
#2935 = CIRCLE('',#2936,1.65);
#2936 = AXIS2_PLACEMENT_2D('',#2937,#2938);
#2937 = CARTESIAN_POINT('',(89.645542890541,-2.749783559879E-03));
#2938 = DIRECTION('',(0.99999999673,8.087627064654E-05));
#2939 = ( GEOMETRIC_REPRESENTATION_CONTEXT(2) 
PARAMETRIC_REPRESENTATION_CONTEXT() REPRESENTATION_CONTEXT('2D SPACE',''
  ) );
#2940 = PCURVE('',#2596,#2941);
#2941 = DEFINITIONAL_REPRESENTATION('',(#2942),#2946);
#2942 = LINE('',#2943,#2944);
#2943 = CARTESIAN_POINT('',(0.,3.));
#2944 = VECTOR('',#2945,1.);
#2945 = DIRECTION('',(1.,0.));
#2946 = ( GEOMETRIC_REPRESENTATION_CONTEXT(2) 
PARAMETRIC_REPRESENTATION_CONTEXT() REPRESENTATION_CONTEXT('2D SPACE',''
  ) );
#2947 = ORIENTED_EDGE('',*,*,#2948,.T.);
#2948 = EDGE_CURVE('',#2925,#625,#2949,.T.);
#2949 = SURFACE_CURVE('',#2950,(#2960,#2973),.PCURVE_S1.);
#2950 = B_SPLINE_CURVE_WITH_KNOTS('',8,(#2951,#2952,#2953,#2954,#2955,
    #2956,#2957,#2958,#2959),.UNSPECIFIED.,.F.,.F.,(9,9),(6.,7.),
  .PIECEWISE_BEZIER_KNOTS.);
#2951 = CARTESIAN_POINT('',(122.95554237496,0.69999998074,-18.));
#2952 = CARTESIAN_POINT('',(92.216656781224,0.69999998074,-18.));
#2953 = CARTESIAN_POINT('',(61.477771187482,0.69999998074,-18.));
#2954 = CARTESIAN_POINT('',(30.738885593741,0.69999998074,-18.));
#2955 = CARTESIAN_POINT('',(0.,0.69999998074,-18.));
#2956 = CARTESIAN_POINT('',(-30.73888559374,0.69999998074,-18.));
#2957 = CARTESIAN_POINT('',(-61.47777118748,0.69999998074,-18.));
#2958 = CARTESIAN_POINT('',(-92.21665678122,0.69999998074,-18.));
#2959 = CARTESIAN_POINT('',(-122.9555423749,0.69999998074,-18.));
#2960 = PCURVE('',#641,#2961);
#2961 = DEFINITIONAL_REPRESENTATION('',(#2962),#2972);
#2962 = B_SPLINE_CURVE_WITH_KNOTS('',8,(#2963,#2964,#2965,#2966,#2967,
    #2968,#2969,#2970,#2971),.UNSPECIFIED.,.F.,.F.,(9,9),(6.,7.),
  .PIECEWISE_BEZIER_KNOTS.);
#2963 = CARTESIAN_POINT('',(246.60102813879,0.709944173815));
#2964 = CARTESIAN_POINT('',(215.86214264558,0.707458127385));
#2965 = CARTESIAN_POINT('',(185.12325715237,0.704972080954));
#2966 = CARTESIAN_POINT('',(154.38437165916,0.702486034523));
#2967 = CARTESIAN_POINT('',(123.64548616595,0.699999988093));
#2968 = CARTESIAN_POINT('',(92.906600672747,0.697513941662));
#2969 = CARTESIAN_POINT('',(62.167715179537,0.695027895231));
#2970 = CARTESIAN_POINT('',(31.428829686327,0.692541848801));
#2971 = CARTESIAN_POINT('',(0.689944193117,0.69005580237));
#2972 = ( GEOMETRIC_REPRESENTATION_CONTEXT(2) 
PARAMETRIC_REPRESENTATION_CONTEXT() REPRESENTATION_CONTEXT('2D SPACE',''
  ) );
#2973 = PCURVE('',#723,#2974);
#2974 = DEFINITIONAL_REPRESENTATION('',(#2975),#2979);
#2975 = LINE('',#2976,#2977);
#2976 = CARTESIAN_POINT('',(0.,1.));
#2977 = VECTOR('',#2978,1.);
#2978 = DIRECTION('',(1.,0.));
#2979 = ( GEOMETRIC_REPRESENTATION_CONTEXT(2) 
PARAMETRIC_REPRESENTATION_CONTEXT() REPRESENTATION_CONTEXT('2D SPACE',''
  ) );
#2980 = ORIENTED_EDGE('',*,*,#624,.F.);
#2981 = ORIENTED_EDGE('',*,*,#1554,.F.);
#2982 = ADVANCED_FACE('',(#2983),#1465,.F.);
#2983 = FACE_BOUND('',#2984,.F.);
#2984 = EDGE_LOOP('',(#2985,#3153,#3154,#3309,#3418,#3458,#3640,#3680,
    #3768,#3802,#3890,#3930,#4110,#4111));
#2985 = ORIENTED_EDGE('',*,*,#2986,.F.);
#2986 = EDGE_CURVE('',#1682,#1201,#2987,.T.);
#2987 = SURFACE_CURVE('',#2988,(#3041,#3097),.PCURVE_S1.);
#2988 = B_SPLINE_CURVE_WITH_KNOTS('',6,(#2989,#2990,#2991,#2992,#2993,
    #2994,#2995,#2996,#2997,#2998,#2999,#3000,#3001,#3002,#3003,#3004,
    #3005,#3006,#3007,#3008,#3009,#3010,#3011,#3012,#3013,#3014,#3015,
    #3016,#3017,#3018,#3019,#3020,#3021,#3022,#3023,#3024,#3025,#3026,
    #3027,#3028,#3029,#3030,#3031,#3032,#3033,#3034,#3035,#3036,#3037,
    #3038,#3039,#3040),.UNSPECIFIED.,.F.,.F.,(7,5,5,5,5,5,5,5,5,5,7),(0.
    ,3.929550740097E-02,9.021824021934E-02,0.177658853005,0.296501166654
    ,0.400214343626,0.503712485781,0.607663973582,0.743211737386,
    0.881774009301,1.),.UNSPECIFIED.);
#2989 = CARTESIAN_POINT('',(-98.13379422739,-4.499999999976,0.));
#2990 = CARTESIAN_POINT('',(-98.13895471854,-4.492971045621,
    -0.124676548958));
#2991 = CARTESIAN_POINT('',(-98.14398791999,-4.486118504533,
    -0.249372087445));
#2992 = CARTESIAN_POINT('',(-98.14891989444,-4.479406613746,
    -0.374082733826));
#2993 = CARTESIAN_POINT('',(-98.15377418563,-4.47280312608,
    -0.498805153043));
#2994 = CARTESIAN_POINT('',(-98.15857181834,-4.466279310137,
    -0.623536556616));
#2995 = CARTESIAN_POINT('',(-98.16949903933,-4.451426401072,
    -0.909921868824));
#2996 = CARTESIAN_POINT('',(-98.17560338227,-4.443133362212,
    -1.071580121972));
#2997 = CARTESIAN_POINT('',(-98.18168459726,-4.434875954195,
    -1.233244525069));
#2998 = CARTESIAN_POINT('',(-98.18777870789,-4.426605220198,
    -1.394910662173));
#2999 = CARTESIAN_POINT('',(-98.19391749129,-4.41827812611,
    -1.556574638413));
#3000 = CARTESIAN_POINT('',(-98.21079361652,-4.395398261354,
    -1.99582055034));
#3001 = CARTESIAN_POINT('',(-98.22167273524,-4.380661848619,
    -2.273391285509));
#3002 = CARTESIAN_POINT('',(-98.23290784838,-4.36545679273,
    -2.550927660016));
#3003 = CARTESIAN_POINT('',(-98.24461417752,-4.349628996982,
    -2.828413300703));
#3004 = CARTESIAN_POINT('',(-98.25688716379,-4.333052219705,
    -3.105832148944));
#3005 = CARTESIAN_POINT('',(-98.28737238655,-4.291924076628,
    -3.760099675371));
#3006 = CARTESIAN_POINT('',(-98.30613463707,-4.266646837737,
    -4.136878216203));
#3007 = CARTESIAN_POINT('',(-98.32630182034,-4.239518491846,
    -4.513460027394));
#3008 = CARTESIAN_POINT('',(-98.34803353931,-4.210336449859,
    -4.889802158603));
#3009 = CARTESIAN_POINT('',(-98.37145912432,-4.178942903539,
    -5.26585918137));
#3010 = CARTESIAN_POINT('',(-98.41871514301,-4.115760037917,
    -5.969470963848));
#3011 = CARTESIAN_POINT('',(-98.44211429637,-4.084529998679,
    -6.297106175751));
#3012 = CARTESIAN_POINT('',(-98.4669672216,-4.051424689958,
    -6.624453261097));
#3013 = CARTESIAN_POINT('',(-98.4933412225,-4.016369656309,
    -6.951477706553));
#3014 = CARTESIAN_POINT('',(-98.5213035274,-3.979293576649,
    -7.278141393176));
#3015 = CARTESIAN_POINT('',(-98.58049572306,-3.90102113936,
    -7.929983321243));
#3016 = CARTESIAN_POINT('',(-98.61171862623,-3.859833573075,
    -8.255162189475));
#3017 = CARTESIAN_POINT('',(-98.64467533163,-3.816474353422,
    -8.579895112005));
#3018 = CARTESIAN_POINT('',(-98.67945080594,-3.770855525615,
    -8.904131164523));
#3019 = CARTESIAN_POINT('',(-98.71615012842,-3.722867698936,
    -9.227807458441));
#3020 = CARTESIAN_POINT('',(-98.79383954798,-3.621644818701,
    -9.87529956438));
#3021 = CARTESIAN_POINT('',(-98.83484721838,-3.568388312308,-10.19910565
    ));
#3022 = CARTESIAN_POINT('',(-98.87807221826,-3.512450964863,
    -10.52218857967));
#3023 = CARTESIAN_POINT('',(-98.9236843584,-3.453652789813,
    -10.8444440098));
#3024 = CARTESIAN_POINT('',(-98.97189749235,-3.391767837942,
    -11.16573477915));
#3025 = CARTESIAN_POINT('',(-99.08959622775,-3.241421294532,
    -11.90334957122));
#3026 = CARTESIAN_POINT('',(-99.16108696371,-3.150606003988,
    -12.31883784403));
#3027 = CARTESIAN_POINT('',(-99.23806538124,-3.053430224679,
    -12.73201477294));
#3028 = CARTESIAN_POINT('',(-99.32128968871,-2.949106069407,
    -13.14230366853));
#3029 = CARTESIAN_POINT('',(-99.41171657585,-2.836679843874,
    -13.54887425581));
#3030 = CARTESIAN_POINT('',(-99.61158497395,-2.5906513048,
    -14.36131850756));
#3031 = CARTESIAN_POINT('',(-99.72137534377,-2.456670947478,
    -14.76685797761));
#3032 = CARTESIAN_POINT('',(-99.84122637713,-2.311853535108,
    -15.16615735578));
#3033 = CARTESIAN_POINT('',(-99.97261026332,-2.154916553718,
    -15.55742199033));
#3034 = CARTESIAN_POINT('',(-100.1171847535,-1.984598044242,
    -15.93817733178));
#3035 = CARTESIAN_POINT('',(-100.4123952341,-1.642742706427,
    -16.61902646154));
#3036 = CARTESIAN_POINT('',(-100.5590205391,-1.475060342768,
    -16.92274276844));
#3037 = CARTESIAN_POINT('',(-100.717236554,-1.296693342524,
    -17.2147892595));
#3038 = CARTESIAN_POINT('',(-100.8877861219,-1.10756986601,
    -17.4930083877));
#3039 = CARTESIAN_POINT('',(-101.0710893096,-0.908213098262,
    -17.75529347574));
#3040 = CARTESIAN_POINT('',(-101.2668361087,-0.699999999976,-18.));
#3041 = PCURVE('',#1465,#3042);
#3042 = DEFINITIONAL_REPRESENTATION('',(#3043),#3096);
#3043 = B_SPLINE_CURVE_WITH_KNOTS('',6,(#3044,#3045,#3046,#3047,#3048,
    #3049,#3050,#3051,#3052,#3053,#3054,#3055,#3056,#3057,#3058,#3059,
    #3060,#3061,#3062,#3063,#3064,#3065,#3066,#3067,#3068,#3069,#3070,
    #3071,#3072,#3073,#3074,#3075,#3076,#3077,#3078,#3079,#3080,#3081,
    #3082,#3083,#3084,#3085,#3086,#3087,#3088,#3089,#3090,#3091,#3092,
    #3093,#3094,#3095),.UNSPECIFIED.,.F.,.F.,(7,5,5,5,5,5,5,5,5,5,7),(0.
    ,3.929550740097E-02,9.021824021934E-02,0.177658853005,0.296501166654
    ,0.400214343626,0.503712485781,0.607663973582,0.743211737386,
    0.881774009301,1.),.UNSPECIFIED.);
#3044 = CARTESIAN_POINT('',(2.100937898643,0.));
#3045 = CARTESIAN_POINT('',(2.100916913451,6.937232888266E-03));
#3046 = CARTESIAN_POINT('',(2.100896445885,1.384016578321E-02));
#3047 = CARTESIAN_POINT('',(2.100876389959,2.071239240784E-02));
#3048 = CARTESIAN_POINT('',(2.100856649933,2.75571408397E-02));
#3049 = CARTESIAN_POINT('',(2.10083714031,3.437727351086E-02));
#3050 = CARTESIAN_POINT('',(2.100792704651,4.998477423362E-02));
#3051 = CARTESIAN_POINT('',(2.100767881277,5.875720633406E-02));
#3052 = CARTESIAN_POINT('',(2.100743151952,6.749801489265E-02));
#3053 = CARTESIAN_POINT('',(2.100718370188,7.621198289656E-02));
#3054 = CARTESIAN_POINT('',(2.100693406761,8.490324493675E-02));
#3055 = CARTESIAN_POINT('',(2.100624779821,0.108466268716));
#3056 = CARTESIAN_POINT('',(2.100580539771,0.123300724782));
#3057 = CARTESIAN_POINT('',(2.100534852065,0.138096668608));
#3058 = CARTESIAN_POINT('',(2.100487248155,0.152867843915));
#3059 = CARTESIAN_POINT('',(2.100437339928,0.167624686731));
#3060 = CARTESIAN_POINT('',(2.100313371451,0.2024231152));
#3061 = CARTESIAN_POINT('',(2.100237074563,0.222459429237));
#3062 = CARTESIAN_POINT('',(2.100155064501,0.242504153322));
#3063 = CARTESIAN_POINT('',(2.100066692238,0.262568982539));
#3064 = CARTESIAN_POINT('',(2.099971431852,0.282659165558));
#3065 = CARTESIAN_POINT('',(2.099779264757,0.32033053791));
#3066 = CARTESIAN_POINT('',(2.099684111855,0.337905547607));
#3067 = CARTESIAN_POINT('',(2.099583047174,0.355500720605));
#3068 = CARTESIAN_POINT('',(2.099475797024,0.373113720276));
#3069 = CARTESIAN_POINT('',(2.099362088018,0.390740325497));
#3070 = CARTESIAN_POINT('',(2.099121382335,0.425973685951));
#3071 = CARTESIAN_POINT('',(2.098994414072,0.443580354462));
#3072 = CARTESIAN_POINT('',(2.098860395285,0.461190169787));
#3073 = CARTESIAN_POINT('',(2.098718980455,0.478796846709));
#3074 = CARTESIAN_POINT('',(2.098569742276,0.496393846733));
#3075 = CARTESIAN_POINT('',(2.098253817438,0.531633736802));
#3076 = CARTESIAN_POINT('',(2.098087059317,0.549276270974));
#3077 = CARTESIAN_POINT('',(2.097911284403,0.566897085855));
#3078 = CARTESIAN_POINT('',(2.097725802157,0.584490361232));
#3079 = CARTESIAN_POINT('',(2.097529742943,0.602050986578));
#3080 = CARTESIAN_POINT('',(2.097051119804,0.642426125097));
#3081 = CARTESIAN_POINT('',(2.096760401978,0.665213148035));
#3082 = CARTESIAN_POINT('',(2.096447368437,0.68793067972));
#3083 = CARTESIAN_POINT('',(2.09610893592,0.710570210055));
#3084 = CARTESIAN_POINT('',(2.095741214037,0.733121766771));
#3085 = CARTESIAN_POINT('',(2.094928447104,0.778528153859));
#3086 = CARTESIAN_POINT('',(2.094481983416,0.801371905768));
#3087 = CARTESIAN_POINT('',(2.093994607935,0.824100177309));
#3088 = CARTESIAN_POINT('',(2.093460333986,0.846682307323));
#3089 = CARTESIAN_POINT('',(2.092872420309,0.869066171525));
#3090 = CARTESIAN_POINT('',(2.091671943799,0.910039526557));
#3091 = CARTESIAN_POINT('',(2.091075690462,0.928702889867));
#3092 = CARTESIAN_POINT('',(2.090432303381,0.947108888334));
#3093 = CARTESIAN_POINT('',(2.089738761778,0.965185152457));
#3094 = CARTESIAN_POINT('',(2.088993357447,0.982846596009));
#3095 = CARTESIAN_POINT('',(2.08819735104,1.));
#3096 = ( GEOMETRIC_REPRESENTATION_CONTEXT(2) 
PARAMETRIC_REPRESENTATION_CONTEXT() REPRESENTATION_CONTEXT('2D SPACE',''
  ) );
#3097 = PCURVE('',#1294,#3098);
#3098 = DEFINITIONAL_REPRESENTATION('',(#3099),#3152);
#3099 = B_SPLINE_CURVE_WITH_KNOTS('',6,(#3100,#3101,#3102,#3103,#3104,
    #3105,#3106,#3107,#3108,#3109,#3110,#3111,#3112,#3113,#3114,#3115,
    #3116,#3117,#3118,#3119,#3120,#3121,#3122,#3123,#3124,#3125,#3126,
    #3127,#3128,#3129,#3130,#3131,#3132,#3133,#3134,#3135,#3136,#3137,
    #3138,#3139,#3140,#3141,#3142,#3143,#3144,#3145,#3146,#3147,#3148,
    #3149,#3150,#3151),.UNSPECIFIED.,.F.,.F.,(7,5,5,5,5,5,5,5,5,5,7),(0.
    ,3.929550740097E-02,9.021824021934E-02,0.177658853005,0.296501166654
    ,0.400214343626,0.503712485781,0.607663973582,0.743211737386,
    0.881774009301,1.),.UNSPECIFIED.);
#3100 = CARTESIAN_POINT('',(3.806338249106,3.75287169137E-11));
#3101 = CARTESIAN_POINT('',(3.806557413341,6.937232847363E-03));
#3102 = CARTESIAN_POINT('',(3.806771294641,1.384016576424E-02));
#3103 = CARTESIAN_POINT('',(3.806980989287,2.071239241474E-02));
#3104 = CARTESIAN_POINT('',(3.807187490009,2.755714083565E-02));
#3105 = CARTESIAN_POINT('',(3.807391685985,3.437727347394E-02));
#3106 = CARTESIAN_POINT('',(3.807857008833,4.998477420993E-02));
#3107 = CARTESIAN_POINT('',(3.808117131386,5.875720630862E-02));
#3108 = CARTESIAN_POINT('',(3.808376439735,6.749801486616E-02));
#3109 = CARTESIAN_POINT('',(3.808636468428,7.621198286963E-02));
#3110 = CARTESIAN_POINT('',(3.80889857732,8.49032449099E-02));
#3111 = CARTESIAN_POINT('',(3.809619636407,0.108466268691));
#3112 = CARTESIAN_POINT('',(3.810084994185,0.123300724759));
#3113 = CARTESIAN_POINT('',(3.810566134741,0.138096668588));
#3114 = CARTESIAN_POINT('',(3.811068068574,0.152867843898));
#3115 = CARTESIAN_POINT('',(3.811595004038,0.167624686718));
#3116 = CARTESIAN_POINT('',(3.812905823785,0.202423115197));
#3117 = CARTESIAN_POINT('',(3.813714022613,0.22245942924));
#3118 = CARTESIAN_POINT('',(3.814584458956,0.242504153331));
#3119 = CARTESIAN_POINT('',(3.815524526154,0.262568982554));
#3120 = CARTESIAN_POINT('',(3.816540484547,0.282659165577));
#3121 = CARTESIAN_POINT('',(3.818596083997,0.320330537937));
#3122 = CARTESIAN_POINT('',(3.819616240486,0.337905547637));
#3123 = CARTESIAN_POINT('',(3.820702500708,0.355500720638));
#3124 = CARTESIAN_POINT('',(3.821858453895,0.37311372031));
#3125 = CARTESIAN_POINT('',(3.823087821766,0.390740325533));
#3126 = CARTESIAN_POINT('',(3.825699230093,0.425973685989));
#3127 = CARTESIAN_POINT('',(3.827080943049,0.443580354501));
#3128 = CARTESIAN_POINT('',(3.828544306078,0.461190169826));
#3129 = CARTESIAN_POINT('',(3.830094135037,0.478796846748));
#3130 = CARTESIAN_POINT('',(3.831736372069,0.496393846772));
#3131 = CARTESIAN_POINT('',(3.835228629486,0.531633736841));
#3132 = CARTESIAN_POINT('',(3.837079501872,0.549276271013));
#3133 = CARTESIAN_POINT('',(3.839039135864,0.566897085894));
#3134 = CARTESIAN_POINT('',(3.8411170274,0.584490361271));
#3135 = CARTESIAN_POINT('',(3.84332519626,0.602050986617));
#3136 = CARTESIAN_POINT('',(3.848748383966,0.642426125139));
#3137 = CARTESIAN_POINT('',(3.852065063928,0.665213148078));
#3138 = CARTESIAN_POINT('',(3.855663932855,0.687930679766));
#3139 = CARTESIAN_POINT('',(3.859588366097,0.710570210104));
#3140 = CARTESIAN_POINT('',(3.863895280732,0.733121766824));
#3141 = CARTESIAN_POINT('',(3.873531009387,0.77852815392));
#3142 = CARTESIAN_POINT('',(3.878879089415,0.801371905834));
#3143 = CARTESIAN_POINT('',(3.884786097326,0.824100177378));
#3144 = CARTESIAN_POINT('',(3.891349779579,0.846682307395));
#3145 = CARTESIAN_POINT('',(3.89869000026,0.869066171599));
#3146 = CARTESIAN_POINT('',(3.913981692558,0.910039526645));
#3147 = CARTESIAN_POINT('',(3.921684926307,0.92870288986));
#3148 = CARTESIAN_POINT('',(3.93013122033,0.947108888526));
#3149 = CARTESIAN_POINT('',(3.93940354919,0.96518515236));
#3150 = CARTESIAN_POINT('',(3.949583303137,0.982846596123));
#3151 = CARTESIAN_POINT('',(3.960719707164,0.999999999971));
#3152 = ( GEOMETRIC_REPRESENTATION_CONTEXT(2) 
PARAMETRIC_REPRESENTATION_CONTEXT() REPRESENTATION_CONTEXT('2D SPACE',''
  ) );
#3153 = ORIENTED_EDGE('',*,*,#1716,.T.);
#3154 = ORIENTED_EDGE('',*,*,#3155,.F.);
#3155 = EDGE_CURVE('',#3156,#1717,#3158,.T.);
#3156 = VERTEX_POINT('',#3157);
#3157 = CARTESIAN_POINT('',(99.687852083257,-2.498267083574,
    -14.62228149558));
#3158 = SURFACE_CURVE('',#3159,(#3207,#3258),.PCURVE_S1.);
#3159 = B_SPLINE_CURVE_WITH_KNOTS('',6,(#3160,#3161,#3162,#3163,#3164,
    #3165,#3166,#3167,#3168,#3169,#3170,#3171,#3172,#3173,#3174,#3175,
    #3176,#3177,#3178,#3179,#3180,#3181,#3182,#3183,#3184,#3185,#3186,
    #3187,#3188,#3189,#3190,#3191,#3192,#3193,#3194,#3195,#3196,#3197,
    #3198,#3199,#3200,#3201,#3202,#3203,#3204,#3205,#3206),
  .UNSPECIFIED.,.F.,.F.,(7,5,5,5,5,5,5,5,5,7),(0.,0.111702851612,
    0.222880903977,0.383002266716,0.540263704125,0.695677395118,
    0.872401772933,0.922460866631,0.961296259356,1.),.UNSPECIFIED.);
#3160 = CARTESIAN_POINT('',(101.26683610626,-0.700000000001,-18.));
#3161 = CARTESIAN_POINT('',(101.08188817359,-0.896726523938,
    -17.76879334773));
#3162 = CARTESIAN_POINT('',(100.90805255747,-1.085542723537,
    -17.52189881189));
#3163 = CARTESIAN_POINT('',(100.7455839017,-1.265294752339,
    -17.26069757755));
#3164 = CARTESIAN_POINT('',(100.5941631146,-1.435499857428,
    -16.98694164765));
#3165 = CARTESIAN_POINT('',(100.45319725451,-1.596160719889,
    -16.70245009543));
#3166 = CARTESIAN_POINT('',(100.19135313453,-1.898243344661,
    -16.11669639706));
#3167 = CARTESIAN_POINT('',(100.0703797115,-2.039757070221,
    -15.81551029395));
#3168 = CARTESIAN_POINT('',(99.958294763293,-2.172425851935,
    -15.50686857342));
#3169 = CARTESIAN_POINT('',(99.854252367643,-2.296829479535,
    -15.1921541149));
#3170 = CARTESIAN_POINT('',(99.757447667438,-2.413615689063,
    -14.87246321883));
#3171 = CARTESIAN_POINT('',(99.537058959834,-2.681616981983,
    -14.08210518137));
#3172 = CARTESIAN_POINT('',(99.420490681072,-2.825301861991,
    -13.60708626009));
#3173 = CARTESIAN_POINT('',(99.315162187069,-2.956500814141,
    -13.12579588247));
#3174 = CARTESIAN_POINT('',(99.219309999164,-3.076955209935,
    -12.63991726193));
#3175 = CARTESIAN_POINT('',(99.131563340918,-3.188063963862,
    -12.1505422854));
#3176 = CARTESIAN_POINT('',(98.971585562213,-3.391993131119,
    -11.17466901956));
#3177 = CARTESIAN_POINT('',(98.899121864946,-3.485081805889,
    -10.68838422542));
#3178 = CARTESIAN_POINT('',(98.832466614199,-3.571256875688,
    -10.19997569713));
#3179 = CARTESIAN_POINT('',(98.770938446291,-3.651239950163,
    -9.709883145379));
#3180 = CARTESIAN_POINT('',(98.714065743745,-3.725531490072,
    -9.218396870216));
#3181 = CARTESIAN_POINT('',(98.609516229346,-3.862680955189,
    -8.238771790742));
#3182 = CARTESIAN_POINT('',(98.561741679236,-3.925660626415,
    -7.750683534522));
#3183 = CARTESIAN_POINT('',(98.517812536695,-3.983812100324,
    -7.261619479439));
#3184 = CARTESIAN_POINT('',(98.477488775654,-4.037380704066,
    -6.771727999135));
#3185 = CARTESIAN_POINT('',(98.440561218154,-4.086588450698,
    -6.281129399078));
#3186 = CARTESIAN_POINT('',(98.368359859411,-4.183054658587,
    -5.23138448455));
#3187 = CARTESIAN_POINT('',(98.334007400372,-4.229120726936,
    -4.672061317251));
#3188 = CARTESIAN_POINT('',(98.30335494359,-4.27034503813,
    -4.112136637007));
#3189 = CARTESIAN_POINT('',(98.275963580979,-4.307269665326,
    -3.551755569174));
#3190 = CARTESIAN_POINT('',(98.251243566685,-4.340657388216,
    -2.991048034664));
#3191 = CARTESIAN_POINT('',(98.22177484047,-4.380530711595,
    -2.27127872582));
#3192 = CARTESIAN_POINT('',(98.21541069568,-4.389146700177,
    -2.112385334795));
#3193 = CARTESIAN_POINT('',(98.209166637448,-4.397604642148,
    -1.953479988335));
#3194 = CARTESIAN_POINT('',(98.203019363026,-4.405935795878,
    -1.794565862158));
#3195 = CARTESIAN_POINT('',(98.196942814678,-4.414175275804,
    -1.635646291208));
#3196 = CARTESIAN_POINT('',(98.18622654567,-4.428713305215,
    -1.353434890739));
#3197 = CARTESIAN_POINT('',(98.181569927141,-4.435033129106,
    -1.230143894546));
#3198 = CARTESIAN_POINT('',(98.176924854841,-4.44133974023,
    -1.106853404407));
#3199 = CARTESIAN_POINT('',(98.172276319651,-4.447653501898,
    -0.983565251653));
#3200 = CARTESIAN_POINT('',(98.16760777259,-4.4539969246,-0.860281475616
    ));
#3201 = CARTESIAN_POINT('',(98.158210456998,-4.466770684532,
    -0.61414507878));
#3202 = CARTESIAN_POINT('',(98.153481676352,-4.473201031788,
    -0.491292512977));
#3203 = CARTESIAN_POINT('',(98.148697007075,-4.479709931689,
    -0.368448785777));
#3204 = CARTESIAN_POINT('',(98.143836294068,-4.486324929055,
    -0.245616574647));
#3205 = CARTESIAN_POINT('',(98.138877002933,-4.493076889613,
    -0.122799074961));
#3206 = CARTESIAN_POINT('',(98.133794219976,-4.499999999996,0.));
#3207 = PCURVE('',#1465,#3208);
#3208 = DEFINITIONAL_REPRESENTATION('',(#3209),#3257);
#3209 = B_SPLINE_CURVE_WITH_KNOTS('',6,(#3210,#3211,#3212,#3213,#3214,
    #3215,#3216,#3217,#3218,#3219,#3220,#3221,#3222,#3223,#3224,#3225,
    #3226,#3227,#3228,#3229,#3230,#3231,#3232,#3233,#3234,#3235,#3236,
    #3237,#3238,#3239,#3240,#3241,#3242,#3243,#3244,#3245,#3246,#3247,
    #3248,#3249,#3250,#3251,#3252,#3253,#3254,#3255,#3256),
  .UNSPECIFIED.,.F.,.F.,(7,5,5,5,5,5,5,5,5,7),(0.,0.111702851612,
    0.222880903977,0.383002266716,0.540263704125,0.695677395118,
    0.872401772933,0.922460866631,0.961296259356,1.),.UNSPECIFIED.);
#3210 = CARTESIAN_POINT('',(2.91180264895,1.));
#3211 = CARTESIAN_POINT('',(2.911050556246,0.983792906678));
#3212 = CARTESIAN_POINT('',(2.910343651894,0.967132616584));
#3213 = CARTESIAN_POINT('',(2.909682971405,0.950097261426));
#3214 = CARTESIAN_POINT('',(2.909067217189,0.932758899242));
#3215 = CARTESIAN_POINT('',(2.908493978044,0.915180006433));
#3216 = CARTESIAN_POINT('',(2.907429186189,0.879725461725));
#3217 = CARTESIAN_POINT('',(2.906937246498,0.861851031042));
#3218 = CARTESIAN_POINT('',(2.906481451883,0.843831603498));
#3219 = CARTESIAN_POINT('',(2.906058362392,0.825699474571));
#3220 = CARTESIAN_POINT('',(2.905664705066,0.807476043564));
#3221 = CARTESIAN_POINT('',(2.904768492079,0.762807610076));
#3222 = CARTESIAN_POINT('',(2.904294465954,0.736283797186));
#3223 = CARTESIAN_POINT('',(2.90386614653,0.709625127175));
#3224 = CARTESIAN_POINT('',(2.903476362605,0.682851744645));
#3225 = CARTESIAN_POINT('',(2.903119539901,0.655978810965));
#3226 = CARTESIAN_POINT('',(2.902468988589,0.602524834194));
#3227 = CARTESIAN_POINT('',(2.902174314206,0.575953190993));
#3228 = CARTESIAN_POINT('',(2.901903259931,0.549306372504));
#3229 = CARTESIAN_POINT('',(2.901653054992,0.522604000186));
#3230 = CARTESIAN_POINT('',(2.901421781552,0.495868899948));
#3231 = CARTESIAN_POINT('',(2.900996629858,0.442687356443));
#3232 = CARTESIAN_POINT('',(2.90080235415,0.416242303032));
#3233 = CARTESIAN_POINT('',(2.900623715832,0.389806501157));
#3234 = CARTESIAN_POINT('',(2.900459738835,0.363400640042));
#3235 = CARTESIAN_POINT('',(2.900309572536,0.337038661931));
#3236 = CARTESIAN_POINT('',(2.900015964955,0.280794608734));
#3237 = CARTESIAN_POINT('',(2.899876270321,0.250925385775));
#3238 = CARTESIAN_POINT('',(2.899751621785,0.221115206009));
#3239 = CARTESIAN_POINT('',(2.899640234522,0.191341923056));
#3240 = CARTESIAN_POINT('',(2.899539710325,0.161552772928));
#3241 = CARTESIAN_POINT('',(2.899419875441,0.123168159328));
#3242 = CARTESIAN_POINT('',(2.89939399558,0.114685434049));
#3243 = CARTESIAN_POINT('',(2.899368604052,0.10619041705));
#3244 = CARTESIAN_POINT('',(2.899343606096,9.768026659669E-02));
#3245 = CARTESIAN_POINT('',(2.899318895749,8.915170001465E-02));
#3246 = CARTESIAN_POINT('',(2.899275317929,7.39674303644E-02));
#3247 = CARTESIAN_POINT('',(2.899256381741,6.732051365786E-02));
#3248 = CARTESIAN_POINT('',(2.899237492505,6.06585026034E-02));
#3249 = CARTESIAN_POINT('',(2.899218589188,5.397942290111E-02));
#3250 = CARTESIAN_POINT('',(2.899199604493,4.728106691836E-02));
#3251 = CARTESIAN_POINT('',(2.899161390211,3.386370513971E-02));
#3252 = CARTESIAN_POINT('',(2.899142160575,2.714481028847E-02));
#3253 = CARTESIAN_POINT('',(2.899122703667,2.040190968692E-02));
#3254 = CARTESIAN_POINT('',(2.899102937527,1.363225862665E-02));
#3255 = CARTESIAN_POINT('',(2.899082770517,6.832767139989E-03));
#3256 = CARTESIAN_POINT('',(2.899062101327,0.));
#3257 = ( GEOMETRIC_REPRESENTATION_CONTEXT(2) 
PARAMETRIC_REPRESENTATION_CONTEXT() REPRESENTATION_CONTEXT('2D SPACE',''
  ) );
#3258 = PCURVE('',#1779,#3259);
#3259 = DEFINITIONAL_REPRESENTATION('',(#3260),#3308);
#3260 = B_SPLINE_CURVE_WITH_KNOTS('',6,(#3261,#3262,#3263,#3264,#3265,
    #3266,#3267,#3268,#3269,#3270,#3271,#3272,#3273,#3274,#3275,#3276,
    #3277,#3278,#3279,#3280,#3281,#3282,#3283,#3284,#3285,#3286,#3287,
    #3288,#3289,#3290,#3291,#3292,#3293,#3294,#3295,#3296,#3297,#3298,
    #3299,#3300,#3301,#3302,#3303,#3304,#3305,#3306,#3307),
  .UNSPECIFIED.,.F.,.F.,(7,5,5,5,5,5,5,5,5,7),(0.,0.111702851612,
    0.222880903977,0.383002266716,0.540263704125,0.695677395118,
    0.872401772933,0.922460866631,0.961296259356,1.),.UNSPECIFIED.);
#3261 = CARTESIAN_POINT('',(1.039280292822,0.999999999982));
#3262 = CARTESIAN_POINT('',(1.049802327082,0.983792906757));
#3263 = CARTESIAN_POINT('',(1.059470146745,0.96713261654));
#3264 = CARTESIAN_POINT('',(1.068325635992,0.950097261564));
#3265 = CARTESIAN_POINT('',(1.076435913072,0.932758899261));
#3266 = CARTESIAN_POINT('',(1.083870533107,0.915180006513));
#3267 = CARTESIAN_POINT('',(1.097492141147,0.879725461798));
#3268 = CARTESIAN_POINT('',(1.103684990148,0.861851031114));
#3269 = CARTESIAN_POINT('',(1.109344946281,0.84383160357));
#3270 = CARTESIAN_POINT('',(1.114536938797,0.825699474639));
#3271 = CARTESIAN_POINT('',(1.119317380649,0.80747604363));
#3272 = CARTESIAN_POINT('',(1.130098830468,0.762807610134));
#3273 = CARTESIAN_POINT('',(1.135708581041,0.736283797239));
#3274 = CARTESIAN_POINT('',(1.140713672707,0.709625127224));
#3275 = CARTESIAN_POINT('',(1.145219738244,0.68285174469));
#3276 = CARTESIAN_POINT('',(1.149306673353,0.655978811008));
#3277 = CARTESIAN_POINT('',(1.15669693253,0.602524834233));
#3278 = CARTESIAN_POINT('',(1.16001228334,0.575953191031));
#3279 = CARTESIAN_POINT('',(1.16303769728,0.549306372542));
#3280 = CARTESIAN_POINT('',(1.165811355898,0.522604000224));
#3281 = CARTESIAN_POINT('',(1.168359536628,0.495868899987));
#3282 = CARTESIAN_POINT('',(1.17301901854,0.442687356482));
#3283 = CARTESIAN_POINT('',(1.175134946024,0.416242303071));
#3284 = CARTESIAN_POINT('',(1.177070312231,0.389806501193));
#3285 = CARTESIAN_POINT('',(1.17883883282,0.363400640076));
#3286 = CARTESIAN_POINT('',(1.180452069092,0.337038661961));
#3287 = CARTESIAN_POINT('',(1.183595669063,0.280794608753));
#3288 = CARTESIAN_POINT('',(1.185084304883,0.250925385786));
#3289 = CARTESIAN_POINT('',(1.186407641146,0.221115206011));
#3290 = CARTESIAN_POINT('',(1.187586637895,0.19134192305));
#3291 = CARTESIAN_POINT('',(1.188648016366,0.161552772912));
#3292 = CARTESIAN_POINT('',(1.189910344292,0.123168159306));
#3293 = CARTESIAN_POINT('',(1.190182761846,0.114685434025));
#3294 = CARTESIAN_POINT('',(1.190449853769,0.106190417024));
#3295 = CARTESIAN_POINT('',(1.190712629579,9.768026657036E-02));
#3296 = CARTESIAN_POINT('',(1.190972211528,8.915169998789E-02));
#3297 = CARTESIAN_POINT('',(1.191429697063,7.396743033779E-02));
#3298 = CARTESIAN_POINT('',(1.191628389321,6.732051363162E-02));
#3299 = CARTESIAN_POINT('',(1.19182648878,6.065850257785E-02));
#3300 = CARTESIAN_POINT('',(1.192024636208,5.397942287665E-02));
#3301 = CARTESIAN_POINT('',(1.192223535747,4.728106689543E-02));
#3302 = CARTESIAN_POINT('',(1.19262369366,3.386370511688E-02));
#3303 = CARTESIAN_POINT('',(1.192824952819,2.714481027474E-02));
#3304 = CARTESIAN_POINT('',(1.193028486896,2.040190967801E-02));
#3305 = CARTESIAN_POINT('',(1.193235148211,1.363225861505E-02));
#3306 = CARTESIAN_POINT('',(1.193445886896,6.832767127073E-03));
#3307 = CARTESIAN_POINT('',(1.193661750889,8.099356851799E-12));
#3308 = ( GEOMETRIC_REPRESENTATION_CONTEXT(2) 
PARAMETRIC_REPRESENTATION_CONTEXT() REPRESENTATION_CONTEXT('2D SPACE',''
  ) );
#3309 = ORIENTED_EDGE('',*,*,#3310,.T.);
#3310 = EDGE_CURVE('',#3156,#3311,#3313,.T.);
#3311 = VERTEX_POINT('',#3312);
#3312 = CARTESIAN_POINT('',(99.464402209324,-0.7,-18.));
#3313 = SURFACE_CURVE('',#3314,(#3345,#3379),.PCURVE_S1.);
#3314 = B_SPLINE_CURVE_WITH_KNOTS('',8,(#3315,#3316,#3317,#3318,#3319,
    #3320,#3321,#3322,#3323,#3324,#3325,#3326,#3327,#3328,#3329,#3330,
    #3331,#3332,#3333,#3334,#3335,#3336,#3337,#3338,#3339,#3340,#3341,
    #3342,#3343,#3344),.UNSPECIFIED.,.F.,.F.,(9,7,7,7,9),(0.,
    0.260217847075,0.518506356638,0.811541725832,1.),.UNSPECIFIED.);
#3315 = CARTESIAN_POINT('',(100.19104639233,-4.339046924353,-2.9999994)
  );
#3316 = CARTESIAN_POINT('',(100.18053909418,-4.309371826286,
    -3.498734617729));
#3317 = CARTESIAN_POINT('',(100.16930257176,-4.277376239705,
    -3.997394109852));
#3318 = CARTESIAN_POINT('',(100.15714756939,-4.242454894716,
    -4.49594770134));
#3319 = CARTESIAN_POINT('',(100.14395377055,-4.204161005232,
    -4.994366921322));
#3320 = CARTESIAN_POINT('',(100.12964986926,-4.162150057323,
    -5.492622454254));
#3321 = CARTESIAN_POINT('',(100.11420164876,-4.116147130415,
    -5.990682581812));
#3322 = CARTESIAN_POINT('',(100.0976018038,-4.065915843583,
    -6.488511684963));
#3323 = CARTESIAN_POINT('',(100.06224026049,-3.956903823247,
    -7.479935027308));
#3324 = CARTESIAN_POINT('',(100.04349597297,-3.898189969972,
    -7.973526102292));
#3325 = CARTESIAN_POINT('',(100.0236261503,-3.834821437904,
    -8.466814444574));
#3326 = CARTESIAN_POINT('',(100.00264938666,-3.766542018704,
    -8.959761754638));
#3327 = CARTESIAN_POINT('',(99.980583262339,-3.693040726283,
    -9.452314570252));
#3328 = CARTESIAN_POINT('',(99.957435153194,-3.613898224852,
    -9.944400056908));
#3329 = CARTESIAN_POINT('',(99.933199687845,-3.528522275847,
    -10.43592110797));
#3330 = CARTESIAN_POINT('',(99.879117520499,-3.33118507166,
    -11.48361039559));
#3331 = CARTESIAN_POINT('',(99.848966572743,-3.217234297786,
    -12.03935434857));
#3332 = CARTESIAN_POINT('',(99.817379901195,-3.092962850116,
    -12.59402858545));
#3333 = CARTESIAN_POINT('',(99.784328820117,-2.956703496698,
    -13.1474250587));
#3334 = CARTESIAN_POINT('',(99.749789544901,-2.806289954783,
    -13.69907138556));
#3335 = CARTESIAN_POINT('',(99.713834304611,-2.638758443964,
    -14.24818803619));
#3336 = CARTESIAN_POINT('',(99.67666533247,-2.450237808491,
    -14.79367604143));
#3337 = CARTESIAN_POINT('',(99.614857267787,-2.09602621126,
    -15.68140189339));
#3338 = CARTESIAN_POINT('',(99.590508469177,-1.946361017256,
    -16.0262936277));
#3339 = CARTESIAN_POINT('',(99.566190607314,-1.7839859826,
    -16.36848542068));
#3340 = CARTESIAN_POINT('',(99.542204490975,-1.60696785605,
    -16.70737519812));
#3341 = CARTESIAN_POINT('',(99.519043486309,-1.41303176326,
    -17.04186338959));
#3342 = CARTESIAN_POINT('',(99.497454638911,-1.199512962919,
    -17.37034200339));
#3343 = CARTESIAN_POINT('',(99.478595672067,-0.963210470421,
    -17.69065699336));
#3344 = CARTESIAN_POINT('',(99.464402209324,-0.7,-18.));
#3345 = PCURVE('',#1465,#3346);
#3346 = DEFINITIONAL_REPRESENTATION('',(#3347),#3378);
#3347 = B_SPLINE_CURVE_WITH_KNOTS('',8,(#3348,#3349,#3350,#3351,#3352,
    #3353,#3354,#3355,#3356,#3357,#3358,#3359,#3360,#3361,#3362,#3363,
    #3364,#3365,#3366,#3367,#3368,#3369,#3370,#3371,#3372,#3373,#3374,
    #3375,#3376,#3377),.UNSPECIFIED.,.F.,.F.,(9,7,7,7,9),(0.,
    0.260217847075,0.518506356638,0.811541725832,1.),.UNSPECIFIED.);
#3348 = CARTESIAN_POINT('',(2.907427938804,0.161992047653));
#3349 = CARTESIAN_POINT('',(2.907385210766,0.188531031717));
#3350 = CARTESIAN_POINT('',(2.907339517401,0.215032601827));
#3351 = CARTESIAN_POINT('',(2.907290088856,0.241547864683));
#3352 = CARTESIAN_POINT('',(2.907236436162,0.268108366227));
#3353 = CARTESIAN_POINT('',(2.907178269258,0.294731632862));
#3354 = CARTESIAN_POINT('',(2.907115448845,0.321423951503));
#3355 = CARTESIAN_POINT('',(2.907047945421,0.348182632408));
#3356 = CARTESIAN_POINT('',(2.906904147335,0.401618532681));
#3357 = CARTESIAN_POINT('',(2.906827923494,0.428294476763));
#3358 = CARTESIAN_POINT('',(2.906747122652,0.455021101277));
#3359 = CARTESIAN_POINT('',(2.906661820423,0.481786212169));
#3360 = CARTESIAN_POINT('',(2.906572088298,0.508575737325));
#3361 = CARTESIAN_POINT('',(2.90647795627,0.535377412088));
#3362 = CARTESIAN_POINT('',(2.906379402496,0.562184564013));
#3363 = CARTESIAN_POINT('',(2.906159476797,0.619422837936));
#3364 = CARTESIAN_POINT('',(2.906036867652,0.649844006813));
#3365 = CARTESIAN_POINT('',(2.905908420121,0.680280004437));
#3366 = CARTESIAN_POINT('',(2.905774017554,0.710752306358));
#3367 = CARTESIAN_POINT('',(2.90563356323,0.741292637917));
#3368 = CARTESIAN_POINT('',(2.905487350869,0.771953123092));
#3369 = CARTESIAN_POINT('',(2.905336202855,0.802809868267));
#3370 = CARTESIAN_POINT('',(2.905084859713,0.854059134138));
#3371 = CARTESIAN_POINT('',(2.904985845069,0.874232608285));
#3372 = CARTESIAN_POINT('',(2.904886956229,0.894572793174));
#3373 = CARTESIAN_POINT('',(2.904789416436,0.915120512903));
#3374 = CARTESIAN_POINT('',(2.904695231968,0.935908569553));
#3375 = CARTESIAN_POINT('',(2.904607440694,0.956964504583));
#3376 = CARTESIAN_POINT('',(2.904530750508,0.978315709033));
#3377 = CARTESIAN_POINT('',(2.904473032643,1.));
#3378 = ( GEOMETRIC_REPRESENTATION_CONTEXT(2) 
PARAMETRIC_REPRESENTATION_CONTEXT() REPRESENTATION_CONTEXT('2D SPACE',''
  ) );
#3379 = PCURVE('',#3380,#3385);
#3380 = CYLINDRICAL_SURFACE('',#3381,13.);
#3381 = AXIS2_PLACEMENT_3D('',#3382,#3383,#3384);
#3382 = CARTESIAN_POINT('',(112.44554237496,0.,-19.));
#3383 = DIRECTION('',(0.,0.,1.));
#3384 = DIRECTION('',(1.,0.,-0.));
#3385 = DEFINITIONAL_REPRESENTATION('',(#3386),#3417);
#3386 = B_SPLINE_CURVE_WITH_KNOTS('',8,(#3387,#3388,#3389,#3390,#3391,
    #3392,#3393,#3394,#3395,#3396,#3397,#3398,#3399,#3400,#3401,#3402,
    #3403,#3404,#3405,#3406,#3407,#3408,#3409,#3410,#3411,#3412,#3413,
    #3414,#3415,#3416),.UNSPECIFIED.,.F.,.F.,(9,7,7,7,9),(0.,
    0.260217847075,0.518506356638,0.811541725832,1.),.UNSPECIFIED.);
#3387 = CARTESIAN_POINT('',(3.481895769055,16.0000006));
#3388 = CARTESIAN_POINT('',(3.479474200831,15.501265382271));
#3389 = CARTESIAN_POINT('',(3.476865647097,15.002605890148));
#3390 = CARTESIAN_POINT('',(3.474021337747,14.50405229866));
#3391 = CARTESIAN_POINT('',(3.470905751067,14.005633078678));
#3392 = CARTESIAN_POINT('',(3.467492011043,13.507377545746));
#3393 = CARTESIAN_POINT('',(3.463759193884,13.009317418188));
#3394 = CARTESIAN_POINT('',(3.459689786817,12.511488315037));
#3395 = CARTESIAN_POINT('',(3.45087410038,11.520064972692));
#3396 = CARTESIAN_POINT('',(3.446133125091,11.026473897708));
#3397 = CARTESIAN_POINT('',(3.441024733971,10.533185555426));
#3398 = CARTESIAN_POINT('',(3.435530387714,10.040238245362));
#3399 = CARTESIAN_POINT('',(3.429627411145,9.547685429748));
#3400 = CARTESIAN_POINT('',(3.423284784885,9.055599943092));
#3401 = CARTESIAN_POINT('',(3.416458207644,8.564078892021));
#3402 = CARTESIAN_POINT('',(3.400718675952,7.516389604403));
#3403 = CARTESIAN_POINT('',(3.391651931,6.960645651428));
#3404 = CARTESIAN_POINT('',(3.38178946938,6.405971414548));
#3405 = CARTESIAN_POINT('',(3.371005368981,5.852574941294));
#3406 = CARTESIAN_POINT('',(3.359136161893,5.300928614431));
#3407 = CARTESIAN_POINT('',(3.345958277398,4.751811963807));
#3408 = CARTESIAN_POINT('',(3.331181063003,4.206323958566));
#3409 = CARTESIAN_POINT('',(3.303522312772,3.31859810661));
#3410 = CARTESIAN_POINT('',(3.291859029241,2.973706372294));
#3411 = CARTESIAN_POINT('',(3.2792310122,2.631514579311));
#3412 = CARTESIAN_POINT('',(3.265492803227,2.292624801877));
#3413 = CARTESIAN_POINT('',(3.250472857035,1.958136610407));
#3414 = CARTESIAN_POINT('',(3.233970111673,1.629657996609));
#3415 = CARTESIAN_POINT('',(3.215741237121,1.30934300664));
#3416 = CARTESIAN_POINT('',(3.195464861775,1.));
#3417 = ( GEOMETRIC_REPRESENTATION_CONTEXT(2) 
PARAMETRIC_REPRESENTATION_CONTEXT() REPRESENTATION_CONTEXT('2D SPACE',''
  ) );
#3418 = ORIENTED_EDGE('',*,*,#3419,.F.);
#3419 = EDGE_CURVE('',#3420,#3311,#3422,.T.);
#3420 = VERTEX_POINT('',#3421);
#3421 = CARTESIAN_POINT('',(35.494155279759,-0.699999999978,-18.));
#3422 = SURFACE_CURVE('',#3423,(#3433,#3440),.PCURVE_S1.);
#3423 = B_SPLINE_CURVE_WITH_KNOTS('',8,(#3424,#3425,#3426,#3427,#3428,
    #3429,#3430,#3431,#3432),.UNSPECIFIED.,.F.,.F.,(9,9),(2.,3.),
  .PIECEWISE_BEZIER_KNOTS.);
#3424 = CARTESIAN_POINT('',(-122.9555423749,-0.699999999976,-18.));
#3425 = CARTESIAN_POINT('',(-92.21665678122,-0.699999999976,-18.));
#3426 = CARTESIAN_POINT('',(-61.47777118748,-0.699999999976,-18.));
#3427 = CARTESIAN_POINT('',(-30.73888559374,-0.699999999976,-18.));
#3428 = CARTESIAN_POINT('',(5.329070518201E-15,-0.699999999976,-18.));
#3429 = CARTESIAN_POINT('',(30.738885593741,-0.699999999976,-18.));
#3430 = CARTESIAN_POINT('',(61.477771187482,-0.699999999976,-18.));
#3431 = CARTESIAN_POINT('',(92.216656781224,-0.699999999982,-18.));
#3432 = CARTESIAN_POINT('',(122.95554237496,-0.700000000024,-18.));
#3433 = PCURVE('',#1465,#3434);
#3434 = DEFINITIONAL_REPRESENTATION('',(#3435),#3439);
#3435 = LINE('',#3436,#3437);
#3436 = CARTESIAN_POINT('',(0.,1.));
#3437 = VECTOR('',#3438,1.);
#3438 = DIRECTION('',(1.,0.));
#3439 = ( GEOMETRIC_REPRESENTATION_CONTEXT(2) 
PARAMETRIC_REPRESENTATION_CONTEXT() REPRESENTATION_CONTEXT('2D SPACE',''
  ) );
#3440 = PCURVE('',#3441,#3446);
#3441 = PLANE('',#3442);
#3442 = AXIS2_PLACEMENT_3D('',#3443,#3444,#3445);
#3443 = CARTESIAN_POINT('',(-123.6455423749,9.999980739958E-03,-18.));
#3444 = DIRECTION('',(-0.,0.,1.));
#3445 = DIRECTION('',(0.99999999673,-8.087627064654E-05,0.));
#3446 = DEFINITIONAL_REPRESENTATION('',(#3447),#3457);
#3447 = B_SPLINE_CURVE_WITH_KNOTS('',8,(#3448,#3449,#3450,#3451,#3452,
    #3453,#3454,#3455,#3456),.UNSPECIFIED.,.F.,.F.,(9,9),(2.,3.),
  .PIECEWISE_BEZIER_KNOTS.);
#3448 = CARTESIAN_POINT('',(0.690057419894,-0.709944173767));
#3449 = CARTESIAN_POINT('',(31.428942913104,-0.707458127336));
#3450 = CARTESIAN_POINT('',(62.167828406314,-0.704972080906));
#3451 = CARTESIAN_POINT('',(92.906713899524,-0.702486034475));
#3452 = CARTESIAN_POINT('',(123.64559939273,-0.699999988044));
#3453 = CARTESIAN_POINT('',(154.38448488594,-0.697513941614));
#3454 = CARTESIAN_POINT('',(185.12337037915,-0.695027895183));
#3455 = CARTESIAN_POINT('',(215.86225587236,-0.692541848758));
#3456 = CARTESIAN_POINT('',(246.60114136557,-0.69005580237));
#3457 = ( GEOMETRIC_REPRESENTATION_CONTEXT(2) 
PARAMETRIC_REPRESENTATION_CONTEXT() REPRESENTATION_CONTEXT('2D SPACE',''
  ) );
#3458 = ORIENTED_EDGE('',*,*,#3459,.T.);
#3459 = EDGE_CURVE('',#3420,#3460,#3462,.T.);
#3460 = VERTEX_POINT('',#3461);
#3461 = CARTESIAN_POINT('',(32.505844720241,-0.699999999978,-18.));
#3462 = SURFACE_CURVE('',#3463,(#3520,#3580),.PCURVE_S1.);
#3463 = B_SPLINE_CURVE_WITH_KNOTS('',7,(#3464,#3465,#3466,#3467,#3468,
    #3469,#3470,#3471,#3472,#3473,#3474,#3475,#3476,#3477,#3478,#3479,
    #3480,#3481,#3482,#3483,#3484,#3485,#3486,#3487,#3488,#3489,#3490,
    #3491,#3492,#3493,#3494,#3495,#3496,#3497,#3498,#3499,#3500,#3501,
    #3502,#3503,#3504,#3505,#3506,#3507,#3508,#3509,#3510,#3511,#3512,
    #3513,#3514,#3515,#3516,#3517,#3518,#3519),.UNSPECIFIED.,.F.,.F.,(8,
    6,6,6,6,6,6,6,6,8),(0.,6.815481403557E-02,0.206699099171,
    0.365905193741,0.486972157356,0.561855394412,0.67997399093,
    0.812031539181,0.931726943405,1.),.UNSPECIFIED.);
#3464 = CARTESIAN_POINT('',(35.494155279759,-0.699999999978,-18.));
#3465 = CARTESIAN_POINT('',(35.480998009917,-0.728084291696,
    -17.96699341319));
#3466 = CARTESIAN_POINT('',(35.467263560521,-0.755797368254,
    -17.93392805017));
#3467 = CARTESIAN_POINT('',(35.452958954641,-0.783141544293,
    -17.9008148664));
#3468 = CARTESIAN_POINT('',(35.438089250779,-0.810119015721,
    -17.86766507824));
#3469 = CARTESIAN_POINT('',(35.422657542873,-0.836731859723,
    -17.83449016297));
#3470 = CARTESIAN_POINT('',(35.406664960293,-0.862982034754,
    -17.80130185875));
#3471 = CARTESIAN_POINT('',(35.356459301526,-0.941498930861,
    -17.70064455417));
#3472 = CARTESIAN_POINT('',(35.320489787391,-0.992630026062,
    -17.6331782051));
#3473 = CARTESIAN_POINT('',(35.282190831364,-1.042287172971,
    -17.56580554404));
#3474 = CARTESIAN_POINT('',(35.241515451741,-1.090478162988,
    -17.49863893009));
#3475 = CARTESIAN_POINT('',(35.198382842162,-1.137198157474,
    -17.43181163798));
#3476 = CARTESIAN_POINT('',(35.152661906431,-1.182427472283,
    -17.36548595136));
#3477 = CARTESIAN_POINT('',(35.048374179617,-1.276339492897,
    -17.22446489864));
#3478 = CARTESIAN_POINT('',(34.989004844005,-1.324445217601,
    -17.15012563921));
#3479 = CARTESIAN_POINT('',(34.925603273473,-1.370491809632,
    -17.07700979271));
#3480 = CARTESIAN_POINT('',(34.857701648797,-1.414359666823,
    -17.00552089173));
#3481 = CARTESIAN_POINT('',(34.784693735802,-1.455748254829,
    -16.93640669303));
#3482 = CARTESIAN_POINT('',(34.705929631716,-1.494239064507,
    -16.87069728731));
#3483 = CARTESIAN_POINT('',(34.554753132513,-1.55554318371,
    -16.76411370007));
#3484 = CARTESIAN_POINT('',(34.485410528665,-1.579873191711,
    -16.72111305798));
#3485 = CARTESIAN_POINT('',(34.411442259466,-1.601725931054,
    -16.68190914252));
#3486 = CARTESIAN_POINT('',(34.332559612969,-1.620411478192,
    -16.64792371162));
#3487 = CARTESIAN_POINT('',(34.248909626415,-1.635052873657,
    -16.62102892149));
#3488 = CARTESIAN_POINT('',(34.161153460706,-1.644567405405,
    -16.60349446123));
#3489 = CARTESIAN_POINT('',(34.015870659853,-1.650859299207,
    -16.59188789662));
#3490 = CARTESIAN_POINT('',(33.95974337329,-1.651104388977,
    -16.59142934022));
#3491 = CARTESIAN_POINT('',(33.903742185938,-1.649085544572,
    -16.59516191814));
#3492 = CARTESIAN_POINT('',(33.848464293419,-1.644859559491,
    -16.60297265386));
#3493 = CARTESIAN_POINT('',(33.79438717403,-1.638589466353,
    -16.6145220054));
#3494 = CARTESIAN_POINT('',(33.741883046287,-1.630501239276,
    -16.62933630777));
#3495 = CARTESIAN_POINT('',(33.611335967485,-1.605632354248,
    -16.6745839728));
#3496 = CARTESIAN_POINT('',(33.535995331677,-1.586518653623,
    -16.7091154718));
#3497 = CARTESIAN_POINT('',(33.465199987997,-1.564299765464,
    -16.74882925117));
#3498 = CARTESIAN_POINT('',(33.398707938385,-1.539624251877,
    -16.79232090047));
#3499 = CARTESIAN_POINT('',(33.336184597093,-1.512964403995,
    -16.83858127228));
#3500 = CARTESIAN_POINT('',(33.277191729142,-1.484614052333,
    -16.88696298174));
#3501 = CARTESIAN_POINT('',(33.158644612717,-1.421147152835,
    -16.99335564894));
#3502 = CARTESIAN_POINT('',(33.100013316223,-1.38571698433,
    -17.05167817363));
#3503 = CARTESIAN_POINT('',(33.044784516931,-1.348592988394,
    -17.11157794584));
#3504 = CARTESIAN_POINT('',(32.992630749126,-1.309921078775,
    -17.17265881236));
#3505 = CARTESIAN_POINT('',(32.943285619383,-1.269801611239,
    -17.23462393378));
#3506 = CARTESIAN_POINT('',(32.89654061231,-1.228284646915,
    -17.2972719464));
#3507 = CARTESIAN_POINT('',(32.812050810741,-1.146474305969,
    -17.41776572446));
#3508 = CARTESIAN_POINT('',(32.773890665223,-1.106447141636,
    -17.47548710336));
#3509 = CARTESIAN_POINT('',(32.737625700672,-1.065307783542,
    -17.53352345556));
#3510 = CARTESIAN_POINT('',(32.703182047799,-1.023064615971,
    -17.59177728432));
#3511 = CARTESIAN_POINT('',(32.670513007823,-0.979718511753,
    -17.65016543311));
#3512 = CARTESIAN_POINT('',(32.639591860426,-0.935263795065,
    -17.70861561511));
#3513 = CARTESIAN_POINT('',(32.593767487054,-0.863691465541,
    -17.80040477597));
#3514 = CARTESIAN_POINT('',(32.577690168567,-0.837331238835,
    -17.83374289431));
#3515 = CARTESIAN_POINT('',(32.562178769659,-0.810605103179,
    -17.86706771703));
#3516 = CARTESIAN_POINT('',(32.54723440713,-0.783511076122,
    -17.90036734169));
#3517 = CARTESIAN_POINT('',(32.532860198742,-0.756047053741,
    -17.93363013233));
#3518 = CARTESIAN_POINT('',(32.519061263217,-0.728210810647,
    -17.96684471944));
#3519 = CARTESIAN_POINT('',(32.505844720241,-0.699999999978,-18.));
#3520 = PCURVE('',#1465,#3521);
#3521 = DEFINITIONAL_REPRESENTATION('',(#3522),#3579);
#3522 = B_SPLINE_CURVE_WITH_KNOTS('',7,(#3523,#3524,#3525,#3526,#3527,
    #3528,#3529,#3530,#3531,#3532,#3533,#3534,#3535,#3536,#3537,#3538,
    #3539,#3540,#3541,#3542,#3543,#3544,#3545,#3546,#3547,#3548,#3549,
    #3550,#3551,#3552,#3553,#3554,#3555,#3556,#3557,#3558,#3559,#3560,
    #3561,#3562,#3563,#3564,#3565,#3566,#3567,#3568,#3569,#3570,#3571,
    #3572,#3573,#3574,#3575,#3576,#3577,#3578),.UNSPECIFIED.,.F.,.F.,(8,
    6,6,6,6,6,6,6,6,8),(0.,6.815481403557E-02,0.206699099171,
    0.365905193741,0.486972157356,0.561855394412,0.67997399093,
    0.812031539181,0.931726943405,1.),.UNSPECIFIED.);
#3523 = CARTESIAN_POINT('',(2.64433735395,1.));
#3524 = CARTESIAN_POINT('',(2.644283849774,0.997686308025));
#3525 = CARTESIAN_POINT('',(2.644227998492,0.995381305873));
#3526 = CARTESIAN_POINT('',(2.644169828663,0.99308535986));
#3527 = CARTESIAN_POINT('',(2.644109360856,0.990798854188));
#3528 = CARTESIAN_POINT('',(2.644046607655,0.988522190946));
#3529 = CARTESIAN_POINT('',(2.64398157365,0.986255790108));
#3530 = CARTESIAN_POINT('',(2.643777411813,0.979414728582));
#3531 = CARTESIAN_POINT('',(2.643631141408,0.974874058673));
#3532 = CARTESIAN_POINT('',(2.643475398302,0.970381174179));
#3533 = CARTESIAN_POINT('',(2.643309991445,0.965940547451));
#3534 = CARTESIAN_POINT('',(2.643134592237,0.961558011369));
#3535 = CARTESIAN_POINT('',(2.642948667573,0.957241194525));
#3536 = CARTESIAN_POINT('',(2.64252458044,0.948127173774));
#3537 = CARTESIAN_POINT('',(2.642283154416,0.94336268677));
#3538 = CARTESIAN_POINT('',(2.642025331266,0.938712371408));
#3539 = CARTESIAN_POINT('',(2.641749208598,0.934197731175));
#3540 = CARTESIAN_POINT('',(2.641452321156,0.929861237372));
#3541 = CARTESIAN_POINT('',(2.641132026102,0.925761802514));
#3542 = CARTESIAN_POINT('',(2.640517265286,0.919142920939));
#3543 = CARTESIAN_POINT('',(2.640235282861,0.916483470777));
#3544 = CARTESIAN_POINT('',(2.639934490121,0.914067664308));
#3545 = CARTESIAN_POINT('',(2.639613713013,0.911980297063));
#3546 = CARTESIAN_POINT('',(2.639273549467,0.91033227213));
#3547 = CARTESIAN_POINT('',(2.638916688101,0.909258641416));
#3548 = CARTESIAN_POINT('',(2.63832589407,0.908548133618));
#3549 = CARTESIAN_POINT('',(2.638097651872,0.908520154682));
#3550 = CARTESIAN_POINT('',(2.637869922458,0.908748527703));
#3551 = CARTESIAN_POINT('',(2.637645134329,0.909226453676));
#3552 = CARTESIAN_POINT('',(2.637425229157,0.90993370139));
#3553 = CARTESIAN_POINT('',(2.637211720572,0.910842089464));
#3554 = CARTESIAN_POINT('',(2.63668084951,0.913620976559));
#3555 = CARTESIAN_POINT('',(2.636374476026,0.91574530352));
#3556 = CARTESIAN_POINT('',(2.63608658602,0.918194738463));
#3557 = CARTESIAN_POINT('',(2.635816195404,0.92088635895));
#3558 = CARTESIAN_POINT('',(2.635561943582,0.923760494322));
#3559 = CARTESIAN_POINT('',(2.635322048467,0.926779166624));
#3560 = CARTESIAN_POINT('',(2.634839975377,0.933448176311));
#3561 = CARTESIAN_POINT('',(2.634601550597,0.937121553203));
#3562 = CARTESIAN_POINT('',(2.634376962106,0.940914635184));
#3563 = CARTESIAN_POINT('',(2.634164878264,0.944805294853));
#3564 = CARTESIAN_POINT('',(2.633964215777,0.948777302158));
#3565 = CARTESIAN_POINT('',(2.633774126716,0.952820265564));
#3566 = CARTESIAN_POINT('',(2.633430548054,0.960652544988));
#3567 = CARTESIAN_POINT('',(2.633275369423,0.964428555131));
#3568 = CARTESIAN_POINT('',(2.633127897565,0.96825103159));
#3569 = CARTESIAN_POINT('',(2.63298783209,0.972115518396));
#3570 = CARTESIAN_POINT('',(2.632854983097,0.976018455349));
#3571 = CARTESIAN_POINT('',(2.632729241927,0.979956991098));
#3572 = CARTESIAN_POINT('',(2.632542896634,0.986194532499));
#3573 = CARTESIAN_POINT('',(2.63247751805,0.988470911201));
#3574 = CARTESIAN_POINT('',(2.632414440784,0.990757652672));
#3575 = CARTESIAN_POINT('',(2.632353669377,0.993054330898));
#3576 = CARTESIAN_POINT('',(2.632295216508,0.995360538136));
#3577 = CARTESIAN_POINT('',(2.632239102992,0.997675884907));
#3578 = CARTESIAN_POINT('',(2.632185357782,1.));
#3579 = ( GEOMETRIC_REPRESENTATION_CONTEXT(2) 
PARAMETRIC_REPRESENTATION_CONTEXT() REPRESENTATION_CONTEXT('2D SPACE',''
  ) );
#3580 = PCURVE('',#2751,#3581);
#3581 = DEFINITIONAL_REPRESENTATION('',(#3582),#3639);
#3582 = B_SPLINE_CURVE_WITH_KNOTS('',7,(#3583,#3584,#3585,#3586,#3587,
    #3588,#3589,#3590,#3591,#3592,#3593,#3594,#3595,#3596,#3597,#3598,
    #3599,#3600,#3601,#3602,#3603,#3604,#3605,#3606,#3607,#3608,#3609,
    #3610,#3611,#3612,#3613,#3614,#3615,#3616,#3617,#3618,#3619,#3620,
    #3621,#3622,#3623,#3624,#3625,#3626,#3627,#3628,#3629,#3630,#3631,
    #3632,#3633,#3634,#3635,#3636,#3637,#3638),.UNSPECIFIED.,.F.,.F.,(8,
    6,6,6,6,6,6,6,6,8),(0.,6.815481403557E-02,0.206699099171,
    0.365905193741,0.486972157356,0.561855394412,0.67997399093,
    0.812031539181,0.931726943405,1.),.UNSPECIFIED.);
#3583 = CARTESIAN_POINT('',(5.845060178794,3.));
#3584 = CARTESIAN_POINT('',(5.826264079019,3.033006586802));
#3585 = CARTESIAN_POINT('',(5.807523234186,3.066071949824));
#3586 = CARTESIAN_POINT('',(5.788827504993,3.099185133597));
#3587 = CARTESIAN_POINT('',(5.770166387828,3.132334921752));
#3588 = CARTESIAN_POINT('',(5.75152901477,3.165509837024));
#3589 = CARTESIAN_POINT('',(5.732904153591,3.198698141248));
#3590 = CARTESIAN_POINT('',(5.676421674949,3.299355445823));
#3591 = CARTESIAN_POINT('',(5.638570317613,3.366821794894));
#3592 = CARTESIAN_POINT('',(5.600622658806,3.434194455955));
#3593 = CARTESIAN_POINT('',(5.56247017867,3.50136106991));
#3594 = CARTESIAN_POINT('',(5.523995857273,3.568188362017));
#3595 = CARTESIAN_POINT('',(5.485061399492,3.634514048638));
#3596 = CARTESIAN_POINT('',(5.400006677022,3.775535101357));
#3597 = CARTESIAN_POINT('',(5.353759174845,3.84987436079));
#3598 = CARTESIAN_POINT('',(5.306375601187,3.92299020729));
#3599 = CARTESIAN_POINT('',(5.257522866802,3.994479108264));
#3600 = CARTESIAN_POINT('',(5.206804260145,4.063593306967));
#3601 = CARTESIAN_POINT('',(5.153800705234,4.129302712689));
#3602 = CARTESIAN_POINT('',(5.054931935707,4.235886299921));
#3603 = CARTESIAN_POINT('',(5.010444942155,4.27888694202));
#3604 = CARTESIAN_POINT('',(4.963798716748,4.318090857478));
#3605 = CARTESIAN_POINT('',(4.914805935103,4.352076288375));
#3606 = CARTESIAN_POINT('',(4.863507180597,4.378971078505));
#3607 = CARTESIAN_POINT('',(4.810122248764,4.396505538763));
#3608 = CARTESIAN_POINT('',(4.721989532764,4.408112103379));
#3609 = CARTESIAN_POINT('',(4.687998443623,4.408570659777));
#3610 = CARTESIAN_POINT('',(4.654080587903,4.404838081856));
#3611 = CARTESIAN_POINT('',(4.620528693636,4.397027346135));
#3612 = CARTESIAN_POINT('',(4.58757258747,4.385477994596));
#3613 = CARTESIAN_POINT('',(4.555396739037,4.370663692227));
#3614 = CARTESIAN_POINT('',(4.474854496754,4.325416027199));
#3615 = CARTESIAN_POINT('',(4.427832388877,4.290884528191));
#3616 = CARTESIAN_POINT('',(4.382968404305,4.25117074883));
#3617 = CARTESIAN_POINT('',(4.340078174904,4.20767909953));
#3618 = CARTESIAN_POINT('',(4.298952540648,4.161418727711));
#3619 = CARTESIAN_POINT('',(4.25932255236,4.113037018258));
#3620 = CARTESIAN_POINT('',(4.177827193392,4.006644351051));
#3621 = CARTESIAN_POINT('',(4.13636519331,3.94832182637));
#3622 = CARTESIAN_POINT('',(4.096106807719,3.888422054155));
#3623 = CARTESIAN_POINT('',(4.056830235486,3.827341187637));
#3624 = CARTESIAN_POINT('',(4.018345956804,3.765376066219));
#3625 = CARTESIAN_POINT('',(3.980490176531,3.702728053597));
#3626 = CARTESIAN_POINT('',(3.909213072834,3.582234275534));
#3627 = CARTESIAN_POINT('',(3.875723156405,3.524512896638));
#3628 = CARTESIAN_POINT('',(3.842526021472,3.466476544431));
#3629 = CARTESIAN_POINT('',(3.809535953355,3.408222715673));
#3630 = CARTESIAN_POINT('',(3.77667821525,3.349834566882));
#3631 = CARTESIAN_POINT('',(3.743883366658,3.291384384883));
#3632 = CARTESIAN_POINT('',(3.692377230019,3.199595224021));
#3633 = CARTESIAN_POINT('',(3.673668745847,3.166257105688));
#3634 = CARTESIAN_POINT('',(3.654947841484,3.132932282969));
#3635 = CARTESIAN_POINT('',(3.636203126068,3.099632658305));
#3636 = CARTESIAN_POINT('',(3.617423580541,3.066369867668));
#3637 = CARTESIAN_POINT('',(3.598598557656,3.033155280557));
#3638 = CARTESIAN_POINT('',(3.579717781975,3.));
#3639 = ( GEOMETRIC_REPRESENTATION_CONTEXT(2) 
PARAMETRIC_REPRESENTATION_CONTEXT() REPRESENTATION_CONTEXT('2D SPACE',''
  ) );
#3640 = ORIENTED_EDGE('',*,*,#3641,.F.);
#3641 = EDGE_CURVE('',#3642,#3460,#3644,.T.);
#3642 = VERTEX_POINT('',#3643);
#3643 = CARTESIAN_POINT('',(21.945971697179,-0.699999999977,-18.));
#3644 = SURFACE_CURVE('',#3645,(#3655,#3662),.PCURVE_S1.);
#3645 = B_SPLINE_CURVE_WITH_KNOTS('',8,(#3646,#3647,#3648,#3649,#3650,
    #3651,#3652,#3653,#3654),.UNSPECIFIED.,.F.,.F.,(9,9),(2.,3.),
  .PIECEWISE_BEZIER_KNOTS.);
#3646 = CARTESIAN_POINT('',(-122.9555423749,-0.699999999976,-18.));
#3647 = CARTESIAN_POINT('',(-92.21665678122,-0.699999999976,-18.));
#3648 = CARTESIAN_POINT('',(-61.47777118748,-0.699999999976,-18.));
#3649 = CARTESIAN_POINT('',(-30.73888559374,-0.699999999976,-18.));
#3650 = CARTESIAN_POINT('',(5.329070518201E-15,-0.699999999976,-18.));
#3651 = CARTESIAN_POINT('',(30.738885593741,-0.699999999976,-18.));
#3652 = CARTESIAN_POINT('',(61.477771187482,-0.699999999976,-18.));
#3653 = CARTESIAN_POINT('',(92.216656781224,-0.699999999982,-18.));
#3654 = CARTESIAN_POINT('',(122.95554237496,-0.700000000024,-18.));
#3655 = PCURVE('',#1465,#3656);
#3656 = DEFINITIONAL_REPRESENTATION('',(#3657),#3661);
#3657 = LINE('',#3658,#3659);
#3658 = CARTESIAN_POINT('',(0.,1.));
#3659 = VECTOR('',#3660,1.);
#3660 = DIRECTION('',(1.,0.));
#3661 = ( GEOMETRIC_REPRESENTATION_CONTEXT(2) 
PARAMETRIC_REPRESENTATION_CONTEXT() REPRESENTATION_CONTEXT('2D SPACE',''
  ) );
#3662 = PCURVE('',#3663,#3668);
#3663 = PLANE('',#3664);
#3664 = AXIS2_PLACEMENT_3D('',#3665,#3666,#3667);
#3665 = CARTESIAN_POINT('',(-123.6455423749,9.999980739958E-03,-18.));
#3666 = DIRECTION('',(-0.,0.,1.));
#3667 = DIRECTION('',(0.99999999673,-8.087627064654E-05,0.));
#3668 = DEFINITIONAL_REPRESENTATION('',(#3669),#3679);
#3669 = B_SPLINE_CURVE_WITH_KNOTS('',8,(#3670,#3671,#3672,#3673,#3674,
    #3675,#3676,#3677,#3678),.UNSPECIFIED.,.F.,.F.,(9,9),(2.,3.),
  .PIECEWISE_BEZIER_KNOTS.);
#3670 = CARTESIAN_POINT('',(0.690057419894,-0.709944173767));
#3671 = CARTESIAN_POINT('',(31.428942913104,-0.707458127336));
#3672 = CARTESIAN_POINT('',(62.167828406314,-0.704972080906));
#3673 = CARTESIAN_POINT('',(92.906713899524,-0.702486034475));
#3674 = CARTESIAN_POINT('',(123.64559939273,-0.699999988044));
#3675 = CARTESIAN_POINT('',(154.38448488594,-0.697513941614));
#3676 = CARTESIAN_POINT('',(185.12337037915,-0.695027895183));
#3677 = CARTESIAN_POINT('',(215.86225587236,-0.692541848758));
#3678 = CARTESIAN_POINT('',(246.60114136557,-0.69005580237));
#3679 = ( GEOMETRIC_REPRESENTATION_CONTEXT(2) 
PARAMETRIC_REPRESENTATION_CONTEXT() REPRESENTATION_CONTEXT('2D SPACE',''
  ) );
#3680 = ORIENTED_EDGE('',*,*,#3681,.F.);
#3681 = EDGE_CURVE('',#3682,#3642,#3684,.T.);
#3682 = VERTEX_POINT('',#3683);
#3683 = CARTESIAN_POINT('',(8.405957000274,-3.825633262802,-8.5));
#3684 = SURFACE_CURVE('',#3685,(#3709,#3736),.PCURVE_S1.);
#3685 = B_SPLINE_CURVE_WITH_KNOTS('',8,(#3686,#3687,#3688,#3689,#3690,
    #3691,#3692,#3693,#3694,#3695,#3696,#3697,#3698,#3699,#3700,#3701,
    #3702,#3703,#3704,#3705,#3706,#3707,#3708),.UNSPECIFIED.,.F.,.F.,(9,
    7,7,9),(0.,0.308000482909,0.699955230241,1.),.UNSPECIFIED.);
#3686 = CARTESIAN_POINT('',(8.405957000274,-3.825633262802,-8.5));
#3687 = CARTESIAN_POINT('',(8.741069354783,-3.748274534212,
    -9.069621748201));
#3688 = CARTESIAN_POINT('',(9.097823678662,-3.665919883472,
    -9.625896212175));
#3689 = CARTESIAN_POINT('',(9.475612298303,-3.578709588484,
    -10.1678469416));
#3690 = CARTESIAN_POINT('',(9.873845661973,-3.486779743818,
    -10.69443125359));
#3691 = CARTESIAN_POINT('',(10.292097335557,-3.3902287893,
    -11.20443611587));
#3692 = CARTESIAN_POINT('',(10.729963967042,-3.289149836382,
    -11.69660346409));
#3693 = CARTESIAN_POINT('',(11.186840692301,-3.183682514415,
    -12.16981875763));
#3694 = CARTESIAN_POINT('',(12.266251237867,-2.934506898214,
    -13.2001553797));
#3695 = CARTESIAN_POINT('',(12.900080874583,-2.788191030777,
    -13.74507075189));
#3696 = CARTESIAN_POINT('',(13.561085659463,-2.635601939203,
    -14.25577902109));
#3697 = CARTESIAN_POINT('',(14.246708777853,-2.477329849211,
    -14.73134802296));
#3698 = CARTESIAN_POINT('',(14.953915357947,-2.314075343222,
    -15.17225316428));
#3699 = CARTESIAN_POINT('',(15.679505834636,-2.146577022142,
    -15.57984492355));
#3700 = CARTESIAN_POINT('',(16.420393127669,-1.975547520406,
    -15.95593463311));
#3701 = CARTESIAN_POINT('',(17.750450161269,-1.66851162726,
    -16.56790696856));
#3702 = CARTESIAN_POINT('',(18.334628929406,-1.533657372667,
    -16.81606531909));
#3703 = CARTESIAN_POINT('',(18.925235809989,-1.397319225884,
    -17.04803165675));
#3704 = CARTESIAN_POINT('',(19.521323246042,-1.259715924899,
    -17.26483817378));
#3705 = CARTESIAN_POINT('',(20.122064839233,-1.121038238938,
    -17.46750158791));
#3706 = CARTESIAN_POINT('',(20.726767334499,-0.981446201881,
    -17.65698976514));
#3707 = CARTESIAN_POINT('',(21.334875756399,-0.841067926566,
    -17.83420729243));
#3708 = CARTESIAN_POINT('',(21.945971697179,-0.699999999977,-18.));
#3709 = PCURVE('',#1465,#3710);
#3710 = DEFINITIONAL_REPRESENTATION('',(#3711),#3735);
#3711 = B_SPLINE_CURVE_WITH_KNOTS('',8,(#3712,#3713,#3714,#3715,#3716,
    #3717,#3718,#3719,#3720,#3721,#3722,#3723,#3724,#3725,#3726,#3727,
    #3728,#3729,#3730,#3731,#3732,#3733,#3734),.UNSPECIFIED.,.F.,.F.,(9,
    7,7,9),(0.,0.308000482909,0.699955230241,1.),.UNSPECIFIED.);
#3712 = CARTESIAN_POINT('',(2.534182912124,0.456873576543));
#3713 = CARTESIAN_POINT('',(2.535545650021,0.487772770267));
#3714 = CARTESIAN_POINT('',(2.536996395213,0.518019843853));
#3715 = CARTESIAN_POINT('',(2.538532676589,0.547542470023));
#3716 = CARTESIAN_POINT('',(2.54015209673,0.576268455879));
#3717 = CARTESIAN_POINT('',(2.541852921539,0.604128628041));
#3718 = CARTESIAN_POINT('',(2.543633510779,0.631063705202));
#3719 = CARTESIAN_POINT('',(2.545491404764,0.657029974377));
#3720 = CARTESIAN_POINT('',(2.549880839045,0.713773103132));
#3721 = CARTESIAN_POINT('',(2.552458313897,0.74393652963));
#3722 = CARTESIAN_POINT('',(2.555146296773,0.772410852844));
#3723 = CARTESIAN_POINT('',(2.55793439036,0.799192367494));
#3724 = CARTESIAN_POINT('',(2.56081025332,0.824343844273));
#3725 = CARTESIAN_POINT('',(2.563760874588,0.847957354334));
#3726 = CARTESIAN_POINT('',(2.56677370052,0.870138222171));
#3727 = CARTESIAN_POINT('',(2.572182391368,0.906960583681));
#3728 = CARTESIAN_POINT('',(2.574557960444,0.922155061609));
#3729 = CARTESIAN_POINT('',(2.576959669505,0.936631919314));
#3730 = CARTESIAN_POINT('',(2.579383665303,0.950444099949));
#3731 = CARTESIAN_POINT('',(2.581826587279,0.963641960472));
#3732 = CARTESIAN_POINT('',(2.584285616305,0.976272311788));
#3733 = CARTESIAN_POINT('',(2.586758495568,0.988378281603));
#3734 = CARTESIAN_POINT('',(2.589243523607,1.));
#3735 = ( GEOMETRIC_REPRESENTATION_CONTEXT(2) 
PARAMETRIC_REPRESENTATION_CONTEXT() REPRESENTATION_CONTEXT('2D SPACE',''
  ) );
#3736 = PCURVE('',#3737,#3742);
#3737 = PLANE('',#3738);
#3738 = AXIS2_PLACEMENT_3D('',#3739,#3740,#3741);
#3739 = CARTESIAN_POINT('',(-193.6113120231,-50.46013919645,-18.5));
#3740 = DIRECTION('',(0.224928819994,-0.974375197722,0.));
#3741 = DIRECTION('',(0.,0.,1.));
#3742 = DEFINITIONAL_REPRESENTATION('',(#3743),#3767);
#3743 = B_SPLINE_CURVE_WITH_KNOTS('',8,(#3744,#3745,#3746,#3747,#3748,
    #3749,#3750,#3751,#3752,#3753,#3754,#3755,#3756,#3757,#3758,#3759,
    #3760,#3761,#3762,#3763,#3764,#3765,#3766),.UNSPECIFIED.,.F.,.F.,(9,
    7,7,9),(0.,0.308000482909,0.699955230241,1.),.UNSPECIFIED.);
#3744 = CARTESIAN_POINT('',(10.,-207.3300608386));
#3745 = CARTESIAN_POINT('',(9.430378251799,-207.6739862128));
#3746 = CARTESIAN_POINT('',(8.874103787825,-208.0401227121));
#3747 = CARTESIAN_POINT('',(8.332153058395,-208.4278466818));
#3748 = CARTESIAN_POINT('',(7.805568746408,-208.8365530658));
#3749 = CARTESIAN_POINT('',(7.295563884124,-209.2658042152));
#3750 = CARTESIAN_POINT('',(6.803396535909,-209.7151861704));
#3751 = CARTESIAN_POINT('',(6.330181242368,-210.1840781602));
#3752 = CARTESIAN_POINT('',(5.2998446203,-211.2918758013));
#3753 = CARTESIAN_POINT('',(4.754929248101,-211.9423743343));
#3754 = CARTESIAN_POINT('',(4.244220978903,-212.6207626866));
#3755 = CARTESIAN_POINT('',(3.768651977038,-213.3244168025));
#3756 = CARTESIAN_POINT('',(3.327746835712,-214.0502219972));
#3757 = CARTESIAN_POINT('',(2.920155076446,-214.7948945611));
#3758 = CARTESIAN_POINT('',(2.544065366888,-215.5552662278));
#3759 = CARTESIAN_POINT('',(1.932093031438,-216.920302034));
#3760 = CARTESIAN_POINT('',(1.68393468091,-217.5198439451));
#3761 = CARTESIAN_POINT('',(1.451968343249,-218.1259830196));
#3762 = CARTESIAN_POINT('',(1.235161826214,-218.7377467811));
#3763 = CARTESIAN_POINT('',(1.032498412088,-219.354287098));
#3764 = CARTESIAN_POINT('',(0.843010234852,-219.9748924836));
#3765 = CARTESIAN_POINT('',(0.665792707568,-220.5989933672));
#3766 = CARTESIAN_POINT('',(0.5,-221.2261603376));
#3767 = ( GEOMETRIC_REPRESENTATION_CONTEXT(2) 
PARAMETRIC_REPRESENTATION_CONTEXT() REPRESENTATION_CONTEXT('2D SPACE',''
  ) );
#3768 = ORIENTED_EDGE('',*,*,#3769,.T.);
#3769 = EDGE_CURVE('',#3682,#3770,#3772,.T.);
#3770 = VERTEX_POINT('',#3771);
#3771 = CARTESIAN_POINT('',(-41.55068400288,-3.825633262801,-8.5));
#3772 = SURFACE_CURVE('',#3773,(#3779,#3788),.PCURVE_S1.);
#3773 = B_SPLINE_CURVE_WITH_KNOTS('',4,(#3774,#3775,#3776,#3777,#3778),
  .UNSPECIFIED.,.F.,.F.,(5,5),(0.,1.),.PIECEWISE_BEZIER_KNOTS.);
#3774 = CARTESIAN_POINT('',(8.405957000274,-3.825633262802,-8.5));
#3775 = CARTESIAN_POINT('',(-4.083203250516,-3.825633262801,-8.5));
#3776 = CARTESIAN_POINT('',(-16.5723635013,-3.825633262801,-8.5));
#3777 = CARTESIAN_POINT('',(-29.06152375209,-3.825633262801,-8.5));
#3778 = CARTESIAN_POINT('',(-41.55068400288,-3.825633262801,-8.5));
#3779 = PCURVE('',#1465,#3780);
#3780 = DEFINITIONAL_REPRESENTATION('',(#3781),#3787);
#3781 = B_SPLINE_CURVE_WITH_KNOTS('',4,(#3782,#3783,#3784,#3785,#3786),
  .UNSPECIFIED.,.F.,.F.,(5,5),(0.,1.),.PIECEWISE_BEZIER_KNOTS.);
#3782 = CARTESIAN_POINT('',(2.534182912124,0.456873576543));
#3783 = CARTESIAN_POINT('',(2.483395611244,0.456873576543));
#3784 = CARTESIAN_POINT('',(2.432608310365,0.456873576543));
#3785 = CARTESIAN_POINT('',(2.381821009485,0.456873576543));
#3786 = CARTESIAN_POINT('',(2.331033708606,0.456873576543));
#3787 = ( GEOMETRIC_REPRESENTATION_CONTEXT(2) 
PARAMETRIC_REPRESENTATION_CONTEXT() REPRESENTATION_CONTEXT('2D SPACE',''
  ) );
#3788 = PCURVE('',#3789,#3794);
#3789 = PLANE('',#3790);
#3790 = AXIS2_PLACEMENT_3D('',#3791,#3792,#3793);
#3791 = CARTESIAN_POINT('',(-196.1387670657,-39.51138880101,-8.5));
#3792 = DIRECTION('',(0.,0.,1.));
#3793 = DIRECTION('',(0.224928819994,-0.974375197722,0.));
#3794 = DEFINITIONAL_REPRESENTATION('',(#3795),#3801);
#3795 = B_SPLINE_CURVE_WITH_KNOTS('',4,(#3796,#3797,#3798,#3799,#3800),
  .UNSPECIFIED.,.F.,.F.,(5,5),(0.,1.),.PIECEWISE_BEZIER_KNOTS.);
#3796 = CARTESIAN_POINT('',(11.236688311688,207.33006083865));
#3797 = CARTESIAN_POINT('',(8.427516233766,195.1609328499));
#3798 = CARTESIAN_POINT('',(5.618344155844,182.99180486116));
#3799 = CARTESIAN_POINT('',(2.809172077922,170.82267687241));
#3800 = CARTESIAN_POINT('',(0.,158.65354888366));
#3801 = ( GEOMETRIC_REPRESENTATION_CONTEXT(2) 
PARAMETRIC_REPRESENTATION_CONTEXT() REPRESENTATION_CONTEXT('2D SPACE',''
  ) );
#3802 = ORIENTED_EDGE('',*,*,#3803,.T.);
#3803 = EDGE_CURVE('',#3770,#3804,#3806,.T.);
#3804 = VERTEX_POINT('',#3805);
#3805 = CARTESIAN_POINT('',(-28.01066930597,-0.699999999976,-18.));
#3806 = SURFACE_CURVE('',#3807,(#3831,#3858),.PCURVE_S1.);
#3807 = B_SPLINE_CURVE_WITH_KNOTS('',8,(#3808,#3809,#3810,#3811,#3812,
    #3813,#3814,#3815,#3816,#3817,#3818,#3819,#3820,#3821,#3822,#3823,
    #3824,#3825,#3826,#3827,#3828,#3829,#3830),.UNSPECIFIED.,.F.,.F.,(9,
    7,7,9),(0.,0.308000482908,0.69995523024,1.),.UNSPECIFIED.);
#3808 = CARTESIAN_POINT('',(-41.55068400288,-3.825633262801,-8.5));
#3809 = CARTESIAN_POINT('',(-41.21557164837,-3.748274534211,
    -9.069621748202));
#3810 = CARTESIAN_POINT('',(-40.85881732449,-3.665919883472,
    -9.625896212173));
#3811 = CARTESIAN_POINT('',(-40.48102870485,-3.578709588483,
    -10.1678469416));
#3812 = CARTESIAN_POINT('',(-40.08279534118,-3.486779743818,
    -10.69443125359));
#3813 = CARTESIAN_POINT('',(-39.6645436676,-3.390228789299,
    -11.20443611587));
#3814 = CARTESIAN_POINT('',(-39.22667703611,-3.289149836381,
    -11.69660346409));
#3815 = CARTESIAN_POINT('',(-38.76980031085,-3.183682514414,
    -12.16981875763));
#3816 = CARTESIAN_POINT('',(-37.69038976528,-2.934506898213,
    -13.2001553797));
#3817 = CARTESIAN_POINT('',(-37.05656012858,-2.788191030779,
    -13.74507075189));
#3818 = CARTESIAN_POINT('',(-36.39555534367,-2.635601939198,
    -14.25577902111));
#3819 = CARTESIAN_POINT('',(-35.70993222533,-2.477329849217,
    -14.73134802293));
#3820 = CARTESIAN_POINT('',(-35.00272564518,-2.314075343216,
    -15.1722531643));
#3821 = CARTESIAN_POINT('',(-34.27713516853,-2.146577022145,
    -15.57984492354));
#3822 = CARTESIAN_POINT('',(-33.53624787548,-1.975547520405,
    -15.95593463311));
#3823 = CARTESIAN_POINT('',(-32.20619084188,-1.66851162726,
    -16.56790696856));
#3824 = CARTESIAN_POINT('',(-31.62201207375,-1.533657372667,
    -16.81606531909));
#3825 = CARTESIAN_POINT('',(-31.03140519316,-1.397319225883,
    -17.04803165675));
#3826 = CARTESIAN_POINT('',(-30.43531775711,-1.259715924898,
    -17.26483817378));
#3827 = CARTESIAN_POINT('',(-29.83457616392,-1.121038238937,
    -17.46750158791));
#3828 = CARTESIAN_POINT('',(-29.22987366865,-0.98144620188,
    -17.65698976514));
#3829 = CARTESIAN_POINT('',(-28.62176524675,-0.841067926565,
    -17.83420729243));
#3830 = CARTESIAN_POINT('',(-28.01066930597,-0.699999999976,-18.));
#3831 = PCURVE('',#1465,#3832);
#3832 = DEFINITIONAL_REPRESENTATION('',(#3833),#3857);
#3833 = B_SPLINE_CURVE_WITH_KNOTS('',8,(#3834,#3835,#3836,#3837,#3838,
    #3839,#3840,#3841,#3842,#3843,#3844,#3845,#3846,#3847,#3848,#3849,
    #3850,#3851,#3852,#3853,#3854,#3855,#3856),.UNSPECIFIED.,.F.,.F.,(9,
    7,7,9),(0.,0.308000482908,0.69995523024,1.),.UNSPECIFIED.);
#3834 = CARTESIAN_POINT('',(2.331033708606,0.456873576543));
#3835 = CARTESIAN_POINT('',(2.332396446503,0.487772770267));
#3836 = CARTESIAN_POINT('',(2.333847191695,0.518019843853));
#3837 = CARTESIAN_POINT('',(2.335383473071,0.547542470023));
#3838 = CARTESIAN_POINT('',(2.337002893213,0.576268455879));
#3839 = CARTESIAN_POINT('',(2.338703718021,0.604128628041));
#3840 = CARTESIAN_POINT('',(2.340484307261,0.631063705202));
#3841 = CARTESIAN_POINT('',(2.342342201246,0.657029974377));
#3842 = CARTESIAN_POINT('',(2.346731635527,0.713773103132));
#3843 = CARTESIAN_POINT('',(2.349309110379,0.74393652963));
#3844 = CARTESIAN_POINT('',(2.351997093256,0.772410852845));
#3845 = CARTESIAN_POINT('',(2.354785186842,0.799192367493));
#3846 = CARTESIAN_POINT('',(2.357661049803,0.824343844274));
#3847 = CARTESIAN_POINT('',(2.36061167107,0.847957354334));
#3848 = CARTESIAN_POINT('',(2.363624497002,0.870138222172));
#3849 = CARTESIAN_POINT('',(2.369033187851,0.906960583681));
#3850 = CARTESIAN_POINT('',(2.371408756926,0.922155061609));
#3851 = CARTESIAN_POINT('',(2.373810465987,0.936631919314));
#3852 = CARTESIAN_POINT('',(2.376234461785,0.950444099949));
#3853 = CARTESIAN_POINT('',(2.378677383761,0.963641960472));
#3854 = CARTESIAN_POINT('',(2.381136412788,0.976272311788));
#3855 = CARTESIAN_POINT('',(2.38360929205,0.988378281603));
#3856 = CARTESIAN_POINT('',(2.386094320089,1.));
#3857 = ( GEOMETRIC_REPRESENTATION_CONTEXT(2) 
PARAMETRIC_REPRESENTATION_CONTEXT() REPRESENTATION_CONTEXT('2D SPACE',''
  ) );
#3858 = PCURVE('',#3859,#3864);
#3859 = PLANE('',#3860);
#3860 = AXIS2_PLACEMENT_3D('',#3861,#3862,#3863);
#3861 = CARTESIAN_POINT('',(-196.1387670657,-39.51138880101,-18.5));
#3862 = DIRECTION('',(0.224928819994,-0.974375197722,0.));
#3863 = DIRECTION('',(0.,0.,1.));
#3864 = DEFINITIONAL_REPRESENTATION('',(#3865),#3889);
#3865 = B_SPLINE_CURVE_WITH_KNOTS('',8,(#3866,#3867,#3868,#3869,#3870,
    #3871,#3872,#3873,#3874,#3875,#3876,#3877,#3878,#3879,#3880,#3881,
    #3882,#3883,#3884,#3885,#3886,#3887,#3888),.UNSPECIFIED.,.F.,.F.,(9,
    7,7,9),(0.,0.308000482908,0.69995523024,1.),.UNSPECIFIED.);
#3866 = CARTESIAN_POINT('',(10.,-158.6535488836));
#3867 = CARTESIAN_POINT('',(9.430378251798,-158.9974742578));
#3868 = CARTESIAN_POINT('',(8.874103787827,-159.3636107571));
#3869 = CARTESIAN_POINT('',(8.332153058393,-159.7513347268));
#3870 = CARTESIAN_POINT('',(7.805568746408,-160.1600411108));
#3871 = CARTESIAN_POINT('',(7.295563884126,-160.5892922602));
#3872 = CARTESIAN_POINT('',(6.803396535908,-161.0386742154));
#3873 = CARTESIAN_POINT('',(6.330181242369,-161.5075662052));
#3874 = CARTESIAN_POINT('',(5.299844620298,-162.6153638463));
#3875 = CARTESIAN_POINT('',(4.75492924811,-163.2658623793));
#3876 = CARTESIAN_POINT('',(4.244220978885,-163.9442507316));
#3877 = CARTESIAN_POINT('',(3.768651977061,-164.6479048475));
#3878 = CARTESIAN_POINT('',(3.327746835694,-165.3737100423));
#3879 = CARTESIAN_POINT('',(2.920155076454,-166.1183826061));
#3880 = CARTESIAN_POINT('',(2.544065366887,-166.8787542728));
#3881 = CARTESIAN_POINT('',(1.932093031438,-168.243790079));
#3882 = CARTESIAN_POINT('',(1.683934680909,-168.8433319901));
#3883 = CARTESIAN_POINT('',(1.451968343249,-169.4494710646));
#3884 = CARTESIAN_POINT('',(1.235161826214,-170.0612348261));
#3885 = CARTESIAN_POINT('',(1.032498412088,-170.677775143));
#3886 = CARTESIAN_POINT('',(0.843010234851,-171.2983805286));
#3887 = CARTESIAN_POINT('',(0.665792707568,-171.9224814122));
#3888 = CARTESIAN_POINT('',(0.5,-172.5496483826));
#3889 = ( GEOMETRIC_REPRESENTATION_CONTEXT(2) 
PARAMETRIC_REPRESENTATION_CONTEXT() REPRESENTATION_CONTEXT('2D SPACE',''
  ) );
#3890 = ORIENTED_EDGE('',*,*,#3891,.F.);
#3891 = EDGE_CURVE('',#3892,#3804,#3894,.T.);
#3892 = VERTEX_POINT('',#3893);
#3893 = CARTESIAN_POINT('',(-32.50584472024,-0.699999999976,-18.));
#3894 = SURFACE_CURVE('',#3895,(#3905,#3912),.PCURVE_S1.);
#3895 = B_SPLINE_CURVE_WITH_KNOTS('',8,(#3896,#3897,#3898,#3899,#3900,
    #3901,#3902,#3903,#3904),.UNSPECIFIED.,.F.,.F.,(9,9),(2.,3.),
  .PIECEWISE_BEZIER_KNOTS.);
#3896 = CARTESIAN_POINT('',(-122.9555423749,-0.699999999976,-18.));
#3897 = CARTESIAN_POINT('',(-92.21665678122,-0.699999999976,-18.));
#3898 = CARTESIAN_POINT('',(-61.47777118748,-0.699999999976,-18.));
#3899 = CARTESIAN_POINT('',(-30.73888559374,-0.699999999976,-18.));
#3900 = CARTESIAN_POINT('',(5.329070518201E-15,-0.699999999976,-18.));
#3901 = CARTESIAN_POINT('',(30.738885593741,-0.699999999976,-18.));
#3902 = CARTESIAN_POINT('',(61.477771187482,-0.699999999976,-18.));
#3903 = CARTESIAN_POINT('',(92.216656781224,-0.699999999982,-18.));
#3904 = CARTESIAN_POINT('',(122.95554237496,-0.700000000024,-18.));
#3905 = PCURVE('',#1465,#3906);
#3906 = DEFINITIONAL_REPRESENTATION('',(#3907),#3911);
#3907 = LINE('',#3908,#3909);
#3908 = CARTESIAN_POINT('',(0.,1.));
#3909 = VECTOR('',#3910,1.);
#3910 = DIRECTION('',(1.,0.));
#3911 = ( GEOMETRIC_REPRESENTATION_CONTEXT(2) 
PARAMETRIC_REPRESENTATION_CONTEXT() REPRESENTATION_CONTEXT('2D SPACE',''
  ) );
#3912 = PCURVE('',#3913,#3918);
#3913 = PLANE('',#3914);
#3914 = AXIS2_PLACEMENT_3D('',#3915,#3916,#3917);
#3915 = CARTESIAN_POINT('',(-123.6455423749,9.999980739958E-03,-18.));
#3916 = DIRECTION('',(-0.,0.,1.));
#3917 = DIRECTION('',(0.99999999673,-8.087627064654E-05,0.));
#3918 = DEFINITIONAL_REPRESENTATION('',(#3919),#3929);
#3919 = B_SPLINE_CURVE_WITH_KNOTS('',8,(#3920,#3921,#3922,#3923,#3924,
    #3925,#3926,#3927,#3928),.UNSPECIFIED.,.F.,.F.,(9,9),(2.,3.),
  .PIECEWISE_BEZIER_KNOTS.);
#3920 = CARTESIAN_POINT('',(0.690057419894,-0.709944173767));
#3921 = CARTESIAN_POINT('',(31.428942913104,-0.707458127336));
#3922 = CARTESIAN_POINT('',(62.167828406314,-0.704972080906));
#3923 = CARTESIAN_POINT('',(92.906713899524,-0.702486034475));
#3924 = CARTESIAN_POINT('',(123.64559939273,-0.699999988044));
#3925 = CARTESIAN_POINT('',(154.38448488594,-0.697513941614));
#3926 = CARTESIAN_POINT('',(185.12337037915,-0.695027895183));
#3927 = CARTESIAN_POINT('',(215.86225587236,-0.692541848758));
#3928 = CARTESIAN_POINT('',(246.60114136557,-0.69005580237));
#3929 = ( GEOMETRIC_REPRESENTATION_CONTEXT(2) 
PARAMETRIC_REPRESENTATION_CONTEXT() REPRESENTATION_CONTEXT('2D SPACE',''
  ) );
#3930 = ORIENTED_EDGE('',*,*,#3931,.T.);
#3931 = EDGE_CURVE('',#3892,#2890,#3932,.T.);
#3932 = SURFACE_CURVE('',#3933,(#3990,#4050),.PCURVE_S1.);
#3933 = B_SPLINE_CURVE_WITH_KNOTS('',7,(#3934,#3935,#3936,#3937,#3938,
    #3939,#3940,#3941,#3942,#3943,#3944,#3945,#3946,#3947,#3948,#3949,
    #3950,#3951,#3952,#3953,#3954,#3955,#3956,#3957,#3958,#3959,#3960,
    #3961,#3962,#3963,#3964,#3965,#3966,#3967,#3968,#3969,#3970,#3971,
    #3972,#3973,#3974,#3975,#3976,#3977,#3978,#3979,#3980,#3981,#3982,
    #3983,#3984,#3985,#3986,#3987,#3988,#3989),.UNSPECIFIED.,.F.,.F.,(8,
    6,6,6,6,6,6,6,6,8),(0.,6.815481403555E-02,0.206699099171,
    0.36590519374,0.486972157351,0.561855394067,0.679973990745,
    0.812031539022,0.931726943256,1.),.UNSPECIFIED.);
#3934 = CARTESIAN_POINT('',(-32.50584472024,-0.699999999976,-18.));
#3935 = CARTESIAN_POINT('',(-32.51900199008,-0.728084291693,
    -17.96699341319));
#3936 = CARTESIAN_POINT('',(-32.53273643947,-0.755797368252,
    -17.93392805017));
#3937 = CARTESIAN_POINT('',(-32.54704104535,-0.783141544291,
    -17.9008148664));
#3938 = CARTESIAN_POINT('',(-32.56191074922,-0.810119015719,
    -17.86766507824));
#3939 = CARTESIAN_POINT('',(-32.57734245712,-0.836731859721,
    -17.83449016297));
#3940 = CARTESIAN_POINT('',(-32.5933350397,-0.862982034752,
    -17.80130185875));
#3941 = CARTESIAN_POINT('',(-32.64354069847,-0.941498930859,
    -17.70064455417));
#3942 = CARTESIAN_POINT('',(-32.6795102126,-0.99263002606,-17.6331782051
    ));
#3943 = CARTESIAN_POINT('',(-32.71780916863,-1.042287172969,
    -17.56580554404));
#3944 = CARTESIAN_POINT('',(-32.75848454825,-1.090478162986,
    -17.49863893009));
#3945 = CARTESIAN_POINT('',(-32.80161715783,-1.137198157472,
    -17.43181163798));
#3946 = CARTESIAN_POINT('',(-32.84733809356,-1.182427472281,
    -17.36548595136));
#3947 = CARTESIAN_POINT('',(-32.95162582038,-1.276339492896,
    -17.22446489864));
#3948 = CARTESIAN_POINT('',(-33.01099515599,-1.324445217599,
    -17.1501256392));
#3949 = CARTESIAN_POINT('',(-33.07439672652,-1.37049180963,
    -17.07700979271));
#3950 = CARTESIAN_POINT('',(-33.1422983512,-1.414359666823,
    -17.00552089173));
#3951 = CARTESIAN_POINT('',(-33.21530626419,-1.455748254827,
    -16.93640669303));
#3952 = CARTESIAN_POINT('',(-33.29407036828,-1.494239064505,
    -16.87069728731));
#3953 = CARTESIAN_POINT('',(-33.44524686748,-1.555543183708,
    -16.76411370008));
#3954 = CARTESIAN_POINT('',(-33.51458947132,-1.579873191709,
    -16.72111305798));
#3955 = CARTESIAN_POINT('',(-33.58855774052,-1.60172593105,
    -16.68190914252));
#3956 = CARTESIAN_POINT('',(-33.66744038701,-1.620411478188,
    -16.64792371162));
#3957 = CARTESIAN_POINT('',(-33.75109037356,-1.635052873654,
    -16.62102892149));
#3958 = CARTESIAN_POINT('',(-33.83884653927,-1.644567405402,
    -16.60349446123));
#3959 = CARTESIAN_POINT('',(-33.98412933986,-1.650859299196,
    -16.59188789663));
#3960 = CARTESIAN_POINT('',(-34.04025662617,-1.651104388975,
    -16.59142934022));
#3961 = CARTESIAN_POINT('',(-34.09625781327,-1.649085544601,
    -16.59516191808));
#3962 = CARTESIAN_POINT('',(-34.15153570555,-1.64485955957,
    -16.60297265371));
#3963 = CARTESIAN_POINT('',(-34.20561282471,-1.638589466498,
    -16.61452200513));
#3964 = CARTESIAN_POINT('',(-34.25811695226,-1.6305012395,
    -16.62933630736));
#3965 = CARTESIAN_POINT('',(-34.38866403106,-1.605632354608,
    -16.67458397214));
#3966 = CARTESIAN_POINT('',(-34.46400466705,-1.586518654008,
    -16.70911547111));
#3967 = CARTESIAN_POINT('',(-34.53480001089,-1.564299765858,
    -16.74882925047));
#3968 = CARTESIAN_POINT('',(-34.60129206064,-1.539624252266,
    -16.79232089978));
#3969 = CARTESIAN_POINT('',(-34.66381540206,-1.512964404371,
    -16.83858127163));
#3970 = CARTESIAN_POINT('',(-34.72280827013,-1.484614052689,
    -16.88696298113));
#3971 = CARTESIAN_POINT('',(-34.84135538671,-1.421147153175,
    -16.99335564838));
#3972 = CARTESIAN_POINT('',(-34.89998668324,-1.385716984677,
    -17.05167817306));
#3973 = CARTESIAN_POINT('',(-34.95521548257,-1.348592988746,
    -17.11157794528));
#3974 = CARTESIAN_POINT('',(-35.00736925041,-1.309921079131,
    -17.1726588118));
#3975 = CARTESIAN_POINT('',(-35.05671438018,-1.269801611598,
    -17.23462393322));
#3976 = CARTESIAN_POINT('',(-35.10345938728,-1.228284647276,
    -17.29727194585));
#3977 = CARTESIAN_POINT('',(-35.1879491889,-1.146474306337,
    -17.41776572393));
#3978 = CARTESIAN_POINT('',(-35.22610933444,-1.106447142009,
    -17.47548710283));
#3979 = CARTESIAN_POINT('',(-35.262374299,-1.065307783921,
    -17.53352345503));
#3980 = CARTESIAN_POINT('',(-35.29681795189,-1.023064616355,
    -17.5917772838));
#3981 = CARTESIAN_POINT('',(-35.32948699189,-0.979718512142,
    -17.65016543259));
#3982 = CARTESIAN_POINT('',(-35.3604081393,-0.935263795458,
    -17.7086156146));
#3983 = CARTESIAN_POINT('',(-35.40623251273,-0.863691465886,
    -17.80040477553));
#3984 = CARTESIAN_POINT('',(-35.42230983126,-0.837331239127,
    -17.83374289394));
#3985 = CARTESIAN_POINT('',(-35.43782123021,-0.810605103415,
    -17.86706771673));
#3986 = CARTESIAN_POINT('',(-35.45276559277,-0.783511076301,
    -17.90036734147));
#3987 = CARTESIAN_POINT('',(-35.46713980119,-0.756047053862,
    -17.93363013218));
#3988 = CARTESIAN_POINT('',(-35.48093873675,-0.728210810707,
    -17.96684471937));
#3989 = CARTESIAN_POINT('',(-35.49415527976,-0.699999999976,-18.));
#3990 = PCURVE('',#1465,#3991);
#3991 = DEFINITIONAL_REPRESENTATION('',(#3992),#4049);
#3992 = B_SPLINE_CURVE_WITH_KNOTS('',7,(#3993,#3994,#3995,#3996,#3997,
    #3998,#3999,#4000,#4001,#4002,#4003,#4004,#4005,#4006,#4007,#4008,
    #4009,#4010,#4011,#4012,#4013,#4014,#4015,#4016,#4017,#4018,#4019,
    #4020,#4021,#4022,#4023,#4024,#4025,#4026,#4027,#4028,#4029,#4030,
    #4031,#4032,#4033,#4034,#4035,#4036,#4037,#4038,#4039,#4040,#4041,
    #4042,#4043,#4044,#4045,#4046,#4047,#4048),.UNSPECIFIED.,.F.,.F.,(8,
    6,6,6,6,6,6,6,6,8),(0.,6.815481403555E-02,0.206699099171,
    0.36590519374,0.486972157351,0.561855394067,0.679973990745,
    0.812031539022,0.931726943256,1.),.UNSPECIFIED.);
#3993 = CARTESIAN_POINT('',(2.367814642218,1.));
#3994 = CARTESIAN_POINT('',(2.367761138042,0.997686308025));
#3995 = CARTESIAN_POINT('',(2.36770528676,0.995381305873));
#3996 = CARTESIAN_POINT('',(2.367647116931,0.99308535986));
#3997 = CARTESIAN_POINT('',(2.367586649124,0.990798854188));
#3998 = CARTESIAN_POINT('',(2.367523895923,0.988522190946));
#3999 = CARTESIAN_POINT('',(2.367458861918,0.986255790108));
#4000 = CARTESIAN_POINT('',(2.367254700081,0.979414728582));
#4001 = CARTESIAN_POINT('',(2.367108429676,0.974874058673));
#4002 = CARTESIAN_POINT('',(2.36695268657,0.970381174179));
#4003 = CARTESIAN_POINT('',(2.366787279713,0.965940547451));
#4004 = CARTESIAN_POINT('',(2.366611880505,0.961558011369));
#4005 = CARTESIAN_POINT('',(2.366425955841,0.957241194525));
#4006 = CARTESIAN_POINT('',(2.366001868708,0.948127173774));
#4007 = CARTESIAN_POINT('',(2.365760442684,0.94336268677));
#4008 = CARTESIAN_POINT('',(2.365502619534,0.938712371408));
#4009 = CARTESIAN_POINT('',(2.365226496866,0.934197731175));
#4010 = CARTESIAN_POINT('',(2.364929609424,0.929861237372));
#4011 = CARTESIAN_POINT('',(2.36460931437,0.925761802514));
#4012 = CARTESIAN_POINT('',(2.363994553554,0.919142920939));
#4013 = CARTESIAN_POINT('',(2.363712571129,0.916483470777));
#4014 = CARTESIAN_POINT('',(2.363411778389,0.914067664308));
#4015 = CARTESIAN_POINT('',(2.363091001281,0.911980297064));
#4016 = CARTESIAN_POINT('',(2.362750837735,0.91033227213));
#4017 = CARTESIAN_POINT('',(2.362393976369,0.909258641416));
#4018 = CARTESIAN_POINT('',(2.36180318234,0.908548133619));
#4019 = CARTESIAN_POINT('',(2.361574940142,0.908520154682));
#4020 = CARTESIAN_POINT('',(2.361347210729,0.9087485277));
#4021 = CARTESIAN_POINT('',(2.361122422601,0.909226453667));
#4022 = CARTESIAN_POINT('',(2.36090251743,0.909933701373));
#4023 = CARTESIAN_POINT('',(2.360689008846,0.910842089439));
#4024 = CARTESIAN_POINT('',(2.360158137784,0.913620976519));
#4025 = CARTESIAN_POINT('',(2.359851764299,0.915745303478));
#4026 = CARTESIAN_POINT('',(2.359563874292,0.91819473842));
#4027 = CARTESIAN_POINT('',(2.359293483676,0.920886358908));
#4028 = CARTESIAN_POINT('',(2.359039231854,0.923760494282));
#4029 = CARTESIAN_POINT('',(2.358799336738,0.926779166586));
#4030 = CARTESIAN_POINT('',(2.358317263648,0.933448176276));
#4031 = CARTESIAN_POINT('',(2.358078838867,0.937121553167));
#4032 = CARTESIAN_POINT('',(2.357854250376,0.940914635148));
#4033 = CARTESIAN_POINT('',(2.357642166533,0.944805294817));
#4034 = CARTESIAN_POINT('',(2.357441504047,0.948777302123));
#4035 = CARTESIAN_POINT('',(2.357251414986,0.952820265529));
#4036 = CARTESIAN_POINT('',(2.356907836323,0.960652544953));
#4037 = CARTESIAN_POINT('',(2.356752657692,0.964428555096));
#4038 = CARTESIAN_POINT('',(2.356605185834,0.968251031555));
#4039 = CARTESIAN_POINT('',(2.356465120359,0.972115518361));
#4040 = CARTESIAN_POINT('',(2.356332271366,0.976018455314));
#4041 = CARTESIAN_POINT('',(2.356206530197,0.979956991063));
#4042 = CARTESIAN_POINT('',(2.356020184902,0.986194532469));
#4043 = CARTESIAN_POINT('',(2.355954806318,0.988470911176));
#4044 = CARTESIAN_POINT('',(2.355891729052,0.990757652651));
#4045 = CARTESIAN_POINT('',(2.355830957645,0.993054330883));
#4046 = CARTESIAN_POINT('',(2.355772504776,0.995360538126));
#4047 = CARTESIAN_POINT('',(2.355716391261,0.997675884902));
#4048 = CARTESIAN_POINT('',(2.35566264605,1.));
#4049 = ( GEOMETRIC_REPRESENTATION_CONTEXT(2) 
PARAMETRIC_REPRESENTATION_CONTEXT() REPRESENTATION_CONTEXT('2D SPACE',''
  ) );
#4050 = PCURVE('',#2596,#4051);
#4051 = DEFINITIONAL_REPRESENTATION('',(#4052),#4109);
#4052 = B_SPLINE_CURVE_WITH_KNOTS('',7,(#4053,#4054,#4055,#4056,#4057,
    #4058,#4059,#4060,#4061,#4062,#4063,#4064,#4065,#4066,#4067,#4068,
    #4069,#4070,#4071,#4072,#4073,#4074,#4075,#4076,#4077,#4078,#4079,
    #4080,#4081,#4082,#4083,#4084,#4085,#4086,#4087,#4088,#4089,#4090,
    #4091,#4092,#4093,#4094,#4095,#4096,#4097,#4098,#4099,#4100,#4101,
    #4102,#4103,#4104,#4105,#4106,#4107,#4108),.UNSPECIFIED.,.F.,.F.,(8,
    6,6,6,6,6,6,6,6,8),(0.,6.815481403555E-02,0.206699099171,
    0.36590519374,0.486972157351,0.561855394067,0.679973990745,
    0.812031539022,0.931726943256,1.),.UNSPECIFIED.);
#4053 = CARTESIAN_POINT('',(5.845060178796,3.));
#4054 = CARTESIAN_POINT('',(5.826264079021,3.033006586802));
#4055 = CARTESIAN_POINT('',(5.807523234188,3.066071949824));
#4056 = CARTESIAN_POINT('',(5.788827504994,3.099185133597));
#4057 = CARTESIAN_POINT('',(5.770166387829,3.132334921752));
#4058 = CARTESIAN_POINT('',(5.751529014771,3.165509837024));
#4059 = CARTESIAN_POINT('',(5.732904153592,3.198698141248));
#4060 = CARTESIAN_POINT('',(5.67642167495,3.299355445823));
#4061 = CARTESIAN_POINT('',(5.638570317615,3.366821794894));
#4062 = CARTESIAN_POINT('',(5.600622658808,3.434194455955));
#4063 = CARTESIAN_POINT('',(5.562470178671,3.50136106991));
#4064 = CARTESIAN_POINT('',(5.523995857275,3.568188362017));
#4065 = CARTESIAN_POINT('',(5.485061399493,3.634514048638));
#4066 = CARTESIAN_POINT('',(5.400006677023,3.775535101356));
#4067 = CARTESIAN_POINT('',(5.353759174846,3.849874360791));
#4068 = CARTESIAN_POINT('',(5.30637560119,3.922990207289));
#4069 = CARTESIAN_POINT('',(5.257522866804,3.994479108265));
#4070 = CARTESIAN_POINT('',(5.206804260147,4.063593306966));
#4071 = CARTESIAN_POINT('',(5.153800705236,4.129302712689));
#4072 = CARTESIAN_POINT('',(5.054931935711,4.235886299919));
#4073 = CARTESIAN_POINT('',(5.010444942161,4.278886942018));
#4074 = CARTESIAN_POINT('',(4.963798716755,4.318090857475));
#4075 = CARTESIAN_POINT('',(4.914805935113,4.352076288371));
#4076 = CARTESIAN_POINT('',(4.863507180608,4.378971078502));
#4077 = CARTESIAN_POINT('',(4.810122248778,4.396505538761));
#4078 = CARTESIAN_POINT('',(4.721989532933,4.408112103361));
#4079 = CARTESIAN_POINT('',(4.687998443948,4.408570659777));
#4080 = CARTESIAN_POINT('',(4.65408058838,4.404838081912));
#4081 = CARTESIAN_POINT('',(4.62052869426,4.397027346284));
#4082 = CARTESIAN_POINT('',(4.587572588232,4.385477994865));
#4083 = CARTESIAN_POINT('',(4.555396739927,4.37066369264));
#4084 = CARTESIAN_POINT('',(4.474854497658,4.325416027851));
#4085 = CARTESIAN_POINT('',(4.427832389682,4.290884528884));
#4086 = CARTESIAN_POINT('',(4.38296840502,4.251170749529));
#4087 = CARTESIAN_POINT('',(4.340078175534,4.207679100211));
#4088 = CARTESIAN_POINT('',(4.298952541204,4.161418728361));
#4089 = CARTESIAN_POINT('',(4.259322552848,4.113037018865));
#4090 = CARTESIAN_POINT('',(4.177827193794,4.006644351614));
#4091 = CARTESIAN_POINT('',(4.136365193693,3.948321826935));
#4092 = CARTESIAN_POINT('',(4.096106808086,3.888422054717));
#4093 = CARTESIAN_POINT('',(4.056830235839,3.827341188196));
#4094 = CARTESIAN_POINT('',(4.018345957143,3.765376066772));
#4095 = CARTESIAN_POINT('',(3.980490176858,3.702728054142));
#4096 = CARTESIAN_POINT('',(3.909213073144,3.582234276068));
#4097 = CARTESIAN_POINT('',(3.87572315671,3.52451289717));
#4098 = CARTESIAN_POINT('',(3.842526021772,3.466476544961));
#4099 = CARTESIAN_POINT('',(3.809535953651,3.408222716199));
#4100 = CARTESIAN_POINT('',(3.776678215542,3.349834567404));
#4101 = CARTESIAN_POINT('',(3.743883366947,3.2913843854));
#4102 = CARTESIAN_POINT('',(3.692377230264,3.199595224461));
#4103 = CARTESIAN_POINT('',(3.673668746051,3.166257106054));
#4104 = CARTESIAN_POINT('',(3.654947841648,3.132932283261));
#4105 = CARTESIAN_POINT('',(3.63620312619,3.099632658524));
#4106 = CARTESIAN_POINT('',(3.617423580622,3.066369867814));
#4107 = CARTESIAN_POINT('',(3.598598557696,3.033155280629));
#4108 = CARTESIAN_POINT('',(3.579717781974,3.));
#4109 = ( GEOMETRIC_REPRESENTATION_CONTEXT(2) 
PARAMETRIC_REPRESENTATION_CONTEXT() REPRESENTATION_CONTEXT('2D SPACE',''
  ) );
#4110 = ORIENTED_EDGE('',*,*,#2889,.F.);
#4111 = ORIENTED_EDGE('',*,*,#1395,.F.);
#4112 = ADVANCED_FACE('',(#4113),#1294,.F.);
#4113 = FACE_BOUND('',#4114,.F.);
#4114 = EDGE_LOOP('',(#4115,#4139,#4140,#4141));
#4115 = ORIENTED_EDGE('',*,*,#4116,.F.);
#4116 = EDGE_CURVE('',#1647,#1117,#4117,.T.);
#4117 = SURFACE_CURVE('',#4118,(#4125,#4132),.PCURVE_S1.);
#4118 = ( BOUNDED_CURVE() B_SPLINE_CURVE(5,(#4119,#4120,#4121,#4122,
#4123,#4124),.UNSPECIFIED.,.F.,.F.) B_SPLINE_CURVE_WITH_KNOTS((6,6),(0.,
1.),.PIECEWISE_BEZIER_KNOTS.) CURVE() GEOMETRIC_REPRESENTATION_ITEM() 
RATIONAL_B_SPLINE_CURVE((1.,1.,1.,1.,1.,1.)) REPRESENTATION_ITEM('') );
#4119 = CARTESIAN_POINT('',(-112.4355423839,-14.99999999992,0.));
#4120 = CARTESIAN_POINT('',(-112.4355423839,-14.7973538428,
    -3.594413273843));
#4121 = CARTESIAN_POINT('',(-112.4355423839,-14.71756118517,
    -7.739430263657));
#4122 = CARTESIAN_POINT('',(-112.4355423839,-13.92783165005,
    -10.83065080678));
#4123 = CARTESIAN_POINT('',(-112.4355423839,-13.62766038428,
    -15.14684692625));
#4124 = CARTESIAN_POINT('',(-112.4355423839,-11.19999999992,-18.));
#4125 = PCURVE('',#1294,#4126);
#4126 = DEFINITIONAL_REPRESENTATION('',(#4127),#4131);
#4127 = LINE('',#4128,#4129);
#4128 = CARTESIAN_POINT('',(3.,0.));
#4129 = VECTOR('',#4130,1.);
#4130 = DIRECTION('',(0.,1.));
#4131 = ( GEOMETRIC_REPRESENTATION_CONTEXT(2) 
PARAMETRIC_REPRESENTATION_CONTEXT() REPRESENTATION_CONTEXT('2D SPACE',''
  ) );
#4132 = PCURVE('',#1136,#4133);
#4133 = DEFINITIONAL_REPRESENTATION('',(#4134),#4138);
#4134 = LINE('',#4135,#4136);
#4135 = CARTESIAN_POINT('',(3.,0.));
#4136 = VECTOR('',#4137,1.);
#4137 = DIRECTION('',(0.,1.));
#4138 = ( GEOMETRIC_REPRESENTATION_CONTEXT(2) 
PARAMETRIC_REPRESENTATION_CONTEXT() REPRESENTATION_CONTEXT('2D SPACE',''
  ) );
#4139 = ORIENTED_EDGE('',*,*,#1681,.T.);
#4140 = ORIENTED_EDGE('',*,*,#2986,.T.);
#4141 = ORIENTED_EDGE('',*,*,#1200,.T.);
#4142 = ADVANCED_FACE('',(#4143),#1136,.F.);
#4143 = FACE_BOUND('',#4144,.F.);
#4144 = EDGE_LOOP('',(#4145,#4146,#4147,#4148));
#4145 = ORIENTED_EDGE('',*,*,#1615,.F.);
#4146 = ORIENTED_EDGE('',*,*,#1646,.T.);
#4147 = ORIENTED_EDGE('',*,*,#4116,.T.);
#4148 = ORIENTED_EDGE('',*,*,#1116,.T.);
#4149 = ADVANCED_FACE('',(#4150),#866,.F.);
#4150 = FACE_BOUND('',#4151,.F.);
#4151 = EDGE_LOOP('',(#4152,#4153,#4306,#4307));
#4152 = ORIENTED_EDGE('',*,*,#812,.T.);
#4153 = ORIENTED_EDGE('',*,*,#4154,.T.);
#4154 = EDGE_CURVE('',#654,#2382,#4155,.T.);
#4155 = SURFACE_CURVE('',#4156,(#4204,#4255),.PCURVE_S1.);
#4156 = B_SPLINE_CURVE_WITH_KNOTS('',6,(#4157,#4158,#4159,#4160,#4161,
    #4162,#4163,#4164,#4165,#4166,#4167,#4168,#4169,#4170,#4171,#4172,
    #4173,#4174,#4175,#4176,#4177,#4178,#4179,#4180,#4181,#4182,#4183,
    #4184,#4185,#4186,#4187,#4188,#4189,#4190,#4191,#4192,#4193,#4194,
    #4195,#4196,#4197,#4198,#4199,#4200,#4201,#4202,#4203),
  .UNSPECIFIED.,.F.,.F.,(7,5,5,5,5,5,5,5,5,7),(0.,0.111702852293,
    0.222880904637,0.383002267358,0.540263704753,0.695677395739,
    0.872401773553,0.922460867247,0.961296259967,1.),.UNSPECIFIED.);
#4157 = CARTESIAN_POINT('',(-101.2668361056,0.69999998074,-18.));
#4158 = CARTESIAN_POINT('',(-101.0818881717,0.89672650585,
    -17.76879334637));
#4159 = CARTESIAN_POINT('',(-100.9080525544,1.085542706529,
    -17.52189880897));
#4160 = CARTESIAN_POINT('',(-100.7455838977,1.265294736299,
    -17.2606975729));
#4161 = CARTESIAN_POINT('',(-100.5941631097,1.435499842234,
    -16.98694164113));
#4162 = CARTESIAN_POINT('',(-100.4531972489,1.596160705431,
    -16.70245008694));
#4163 = CARTESIAN_POINT('',(-100.1913531285,1.89824333052,
    -16.11669638631));
#4164 = CARTESIAN_POINT('',(-100.0703797057,2.039757055778,
    -15.81551028304));
#4165 = CARTESIAN_POINT('',(-99.95829475768,2.17242583721,
    -15.50686856238));
#4166 = CARTESIAN_POINT('',(-99.85425236219,2.296829464551,
    -15.19215410375));
#4167 = CARTESIAN_POINT('',(-99.75744766213,2.413615673841,
    -14.87246320761));
#4168 = CARTESIAN_POINT('',(-99.53705895484,2.68161696624,
    -14.08210516996));
#4169 = CARTESIAN_POINT('',(-99.42049067623,2.825301845987,
    -13.60708624859));
#4170 = CARTESIAN_POINT('',(-99.31516218236,2.956500797911,
    -13.12579587092));
#4171 = CARTESIAN_POINT('',(-99.21930999457,3.076955193508,
    -12.63991725034));
#4172 = CARTESIAN_POINT('',(-99.13156333642,3.188063947255,
    -12.15054227378));
#4173 = CARTESIAN_POINT('',(-98.97158555787,3.391993114178,
    -11.17466900788));
#4174 = CARTESIAN_POINT('',(-98.89912186067,3.485081788793,
    -10.68838421372));
#4175 = CARTESIAN_POINT('',(-98.83246660998,3.571256858441,
    -10.19997568541));
#4176 = CARTESIAN_POINT('',(-98.77093844211,3.651239932761,
    -9.70988313365));
#4177 = CARTESIAN_POINT('',(-98.7140657396,3.725531472513,
    -9.218396858473));
#4178 = CARTESIAN_POINT('',(-98.60951622527,3.862680937326,
    -8.238771778956));
#4179 = CARTESIAN_POINT('',(-98.56174167518,3.925660608407,
    -7.750683522706));
#4180 = CARTESIAN_POINT('',(-98.51781253267,3.983812082176,
    -7.261619467594));
#4181 = CARTESIAN_POINT('',(-98.47748877166,4.037380685798,
    -6.771727987264));
#4182 = CARTESIAN_POINT('',(-98.4405612142,4.086588432352,
    -6.281129387187));
#4183 = CARTESIAN_POINT('',(-98.36835985558,4.18305464022,
    -5.231384472608));
#4184 = CARTESIAN_POINT('',(-98.33400739663,4.229120708644,
    -4.672061305278));
#4185 = CARTESIAN_POINT('',(-98.30335493997,4.27034502005,
    -4.112136625019));
#4186 = CARTESIAN_POINT('',(-98.27596357754,4.307269647639,
    -3.551755557168));
#4187 = CARTESIAN_POINT('',(-98.25124356349,4.340657371191,
    -2.991048022661));
#4188 = CARTESIAN_POINT('',(-98.22177483772,4.380530695896,
    -2.271278713844));
#4189 = CARTESIAN_POINT('',(-98.21541069304,4.3891466848,-2.112385322834
    ));
#4190 = CARTESIAN_POINT('',(-98.20916663492,4.397604627126,
    -1.953479976391));
#4191 = CARTESIAN_POINT('',(-98.20301936063,4.405935781247,
    -1.794565850232));
#4192 = CARTESIAN_POINT('',(-98.19694281242,4.414175261601,
    -1.635646279302));
#4193 = CARTESIAN_POINT('',(-98.18622654367,4.428713291848,
    -1.353434878879));
#4194 = CARTESIAN_POINT('',(-98.18156992526,4.435033116129,
    -1.230143882711));
#4195 = CARTESIAN_POINT('',(-98.17692485309,4.441339727669,
    -1.106853392599));
#4196 = CARTESIAN_POINT('',(-98.17227631804,4.447653489783,
    -0.983565239873));
#4197 = CARTESIAN_POINT('',(-98.16760777113,4.453996912961,
    -0.860281463865));
#4198 = CARTESIAN_POINT('',(-98.15821045592,4.466770673809,
    -0.614145069009));
#4199 = CARTESIAN_POINT('',(-98.15348167551,4.473201021503,
    -0.491292505157));
#4200 = CARTESIAN_POINT('',(-98.14869700648,4.479709921874,
    -0.36844877991));
#4201 = CARTESIAN_POINT('',(-98.14383629374,4.486324919742,
    -0.245616570734));
#4202 = CARTESIAN_POINT('',(-98.13887700288,4.493076880837,
    -0.122799073003));
#4203 = CARTESIAN_POINT('',(-98.13379422022,4.499999991792,0.));
#4204 = PCURVE('',#866,#4205);
#4205 = DEFINITIONAL_REPRESENTATION('',(#4206),#4254);
#4206 = B_SPLINE_CURVE_WITH_KNOTS('',6,(#4207,#4208,#4209,#4210,#4211,
    #4212,#4213,#4214,#4215,#4216,#4217,#4218,#4219,#4220,#4221,#4222,
    #4223,#4224,#4225,#4226,#4227,#4228,#4229,#4230,#4231,#4232,#4233,
    #4234,#4235,#4236,#4237,#4238,#4239,#4240,#4241,#4242,#4243,#4244,
    #4245,#4246,#4247,#4248,#4249,#4250,#4251,#4252,#4253),
  .UNSPECIFIED.,.F.,.F.,(7,5,5,5,5,5,5,5,5,7),(0.,0.111702852293,
    0.222880904637,0.383002267358,0.540263704753,0.695677395739,
    0.872401773553,0.922460867247,0.961296259967,1.),.UNSPECIFIED.);
#4207 = CARTESIAN_POINT('',(5.039280292236,0.999999999982));
#4208 = CARTESIAN_POINT('',(5.049802326569,0.983792906661));
#4209 = CARTESIAN_POINT('',(5.059470146293,0.967132616343));
#4210 = CARTESIAN_POINT('',(5.068325635591,0.950097261261));
#4211 = CARTESIAN_POINT('',(5.076435912713,0.932758898848));
#4212 = CARTESIAN_POINT('',(5.083870532784,0.915180005988));
#4213 = CARTESIAN_POINT('',(5.097492140838,0.879725461159));
#4214 = CARTESIAN_POINT('',(5.103684989827,0.861851030474));
#4215 = CARTESIAN_POINT('',(5.109344945948,0.84383160293));
#4216 = CARTESIAN_POINT('',(5.114536938455,0.825699474));
#4217 = CARTESIAN_POINT('',(5.119317380298,0.807476042991));
#4218 = CARTESIAN_POINT('',(5.130098830099,0.762807609496));
#4219 = CARTESIAN_POINT('',(5.135708580664,0.736283796601));
#4220 = CARTESIAN_POINT('',(5.140713672324,0.709625126585));
#4221 = CARTESIAN_POINT('',(5.145219737855,0.682851744052));
#4222 = CARTESIAN_POINT('',(5.14930667296,0.65597881037));
#4223 = CARTESIAN_POINT('',(5.156696932128,0.602524833594));
#4224 = CARTESIAN_POINT('',(5.160012282933,0.575953190393));
#4225 = CARTESIAN_POINT('',(5.16303769687,0.549306371903));
#4226 = CARTESIAN_POINT('',(5.165811355484,0.522603999586));
#4227 = CARTESIAN_POINT('',(5.168359536209,0.495868899348));
#4228 = CARTESIAN_POINT('',(5.173019018113,0.442687355843));
#4229 = CARTESIAN_POINT('',(5.175134945592,0.416242302431));
#4230 = CARTESIAN_POINT('',(5.177070311795,0.389806500554));
#4231 = CARTESIAN_POINT('',(5.178838832381,0.363400639437));
#4232 = CARTESIAN_POINT('',(5.180452068651,0.337038661322));
#4233 = CARTESIAN_POINT('',(5.183595668625,0.280794608115));
#4234 = CARTESIAN_POINT('',(5.185084304451,0.250925385148));
#4235 = CARTESIAN_POINT('',(5.186407640726,0.221115205374));
#4236 = CARTESIAN_POINT('',(5.187586637494,0.191341922412));
#4237 = CARTESIAN_POINT('',(5.188648015996,0.161552772274));
#4238 = CARTESIAN_POINT('',(5.189910343983,0.123168158666));
#4239 = CARTESIAN_POINT('',(5.190182761552,0.114685433385));
#4240 = CARTESIAN_POINT('',(5.190449853491,0.106190416385));
#4241 = CARTESIAN_POINT('',(5.190712629318,9.768026593128E-02));
#4242 = CARTESIAN_POINT('',(5.190972211286,8.915169934869E-02));
#4243 = CARTESIAN_POINT('',(5.19142969686,7.39674296986E-02));
#4244 = CARTESIAN_POINT('',(5.191628389135,6.732051299261E-02));
#4245 = CARTESIAN_POINT('',(5.191826488612,6.065850193897E-02));
#4246 = CARTESIAN_POINT('',(5.192024636061,5.397942223782E-02));
#4247 = CARTESIAN_POINT('',(5.192223535621,4.728106625658E-02));
#4248 = CARTESIAN_POINT('',(5.192623693576,3.386370458249E-02));
#4249 = CARTESIAN_POINT('',(5.192824952756,2.71448098455E-02));
#4250 = CARTESIAN_POINT('',(5.193028486855,2.040190935463E-02));
#4251 = CARTESIAN_POINT('',(5.193235148194,1.36322583984E-02));
#4252 = CARTESIAN_POINT('',(5.193445886904,6.832767018151E-03));
#4253 = CARTESIAN_POINT('',(5.193661750924,8.099293086042E-12));
#4254 = ( GEOMETRIC_REPRESENTATION_CONTEXT(2) 
PARAMETRIC_REPRESENTATION_CONTEXT() REPRESENTATION_CONTEXT('2D SPACE',''
  ) );
#4255 = PCURVE('',#723,#4256);
#4256 = DEFINITIONAL_REPRESENTATION('',(#4257),#4305);
#4257 = B_SPLINE_CURVE_WITH_KNOTS('',6,(#4258,#4259,#4260,#4261,#4262,
    #4263,#4264,#4265,#4266,#4267,#4268,#4269,#4270,#4271,#4272,#4273,
    #4274,#4275,#4276,#4277,#4278,#4279,#4280,#4281,#4282,#4283,#4284,
    #4285,#4286,#4287,#4288,#4289,#4290,#4291,#4292,#4293,#4294,#4295,
    #4296,#4297,#4298,#4299,#4300,#4301,#4302,#4303,#4304),
  .UNSPECIFIED.,.F.,.F.,(7,5,5,5,5,5,5,5,5,7),(0.,0.111702852293,
    0.222880904637,0.383002267358,0.540263704753,0.695677395739,
    0.872401773553,0.922460867247,0.961296259967,1.),.UNSPECIFIED.);
#4258 = CARTESIAN_POINT('',(6.911802648948,1.));
#4259 = CARTESIAN_POINT('',(6.911050556239,0.983792906582));
#4260 = CARTESIAN_POINT('',(6.910343651882,0.967132616387));
#4261 = CARTESIAN_POINT('',(6.909682971388,0.950097261123));
#4262 = CARTESIAN_POINT('',(6.909067217169,0.932758898829));
#4263 = CARTESIAN_POINT('',(6.908493978021,0.915180005909));
#4264 = CARTESIAN_POINT('',(6.907429186165,0.879725461086));
#4265 = CARTESIAN_POINT('',(6.906937246475,0.861851030402));
#4266 = CARTESIAN_POINT('',(6.90648145186,0.843831602858));
#4267 = CARTESIAN_POINT('',(6.90605836237,0.825699473931));
#4268 = CARTESIAN_POINT('',(6.905664705044,0.807476042925));
#4269 = CARTESIAN_POINT('',(6.904768492059,0.762807609437));
#4270 = CARTESIAN_POINT('',(6.904294465934,0.736283796548));
#4271 = CARTESIAN_POINT('',(6.903866146511,0.709625126536));
#4272 = CARTESIAN_POINT('',(6.903476362586,0.682851744006));
#4273 = CARTESIAN_POINT('',(6.903119539883,0.655978810327));
#4274 = CARTESIAN_POINT('',(6.902468988572,0.602524833555));
#4275 = CARTESIAN_POINT('',(6.902174314189,0.575953190354));
#4276 = CARTESIAN_POINT('',(6.901903259914,0.549306371865));
#4277 = CARTESIAN_POINT('',(6.901653054975,0.522603999547));
#4278 = CARTESIAN_POINT('',(6.901421781535,0.495868899309));
#4279 = CARTESIAN_POINT('',(6.900996629841,0.442687355804));
#4280 = CARTESIAN_POINT('',(6.900802354133,0.416242302393));
#4281 = CARTESIAN_POINT('',(6.900623715815,0.389806500517));
#4282 = CARTESIAN_POINT('',(6.900459738819,0.363400639403));
#4283 = CARTESIAN_POINT('',(6.90030957252,0.337038661292));
#4284 = CARTESIAN_POINT('',(6.90001596494,0.280794608096));
#4285 = CARTESIAN_POINT('',(6.899876270306,0.250925385137));
#4286 = CARTESIAN_POINT('',(6.89975162177,0.22111520537));
#4287 = CARTESIAN_POINT('',(6.899640234508,0.191341922419));
#4288 = CARTESIAN_POINT('',(6.899539710312,0.161552772289));
#4289 = CARTESIAN_POINT('',(6.89941987543,0.123168158689));
#4290 = CARTESIAN_POINT('',(6.899393995569,0.11468543341));
#4291 = CARTESIAN_POINT('',(6.899368604042,0.106190416411));
#4292 = CARTESIAN_POINT('',(6.899343606086,9.768026595762E-02));
#4293 = CARTESIAN_POINT('',(6.899318895739,8.915169937544E-02));
#4294 = CARTESIAN_POINT('',(6.89927531792,7.396742972521E-02));
#4295 = CARTESIAN_POINT('',(6.899256381733,6.732051301886E-02));
#4296 = CARTESIAN_POINT('',(6.899237492498,6.065850196451E-02));
#4297 = CARTESIAN_POINT('',(6.899218589182,5.397942226228E-02));
#4298 = CARTESIAN_POINT('',(6.899199604487,4.728106627951E-02));
#4299 = CARTESIAN_POINT('',(6.899161390206,3.386370460532E-02));
#4300 = CARTESIAN_POINT('',(6.899142160571,2.714480985923E-02));
#4301 = CARTESIAN_POINT('',(6.899122703665,2.040190936355E-02));
#4302 = CARTESIAN_POINT('',(6.899102937525,1.363225841E-02));
#4303 = CARTESIAN_POINT('',(6.899082770517,6.832767031066E-03));
#4304 = CARTESIAN_POINT('',(6.899062101328,0.));
#4305 = ( GEOMETRIC_REPRESENTATION_CONTEXT(2) 
PARAMETRIC_REPRESENTATION_CONTEXT() REPRESENTATION_CONTEXT('2D SPACE',''
  ) );
#4306 = ORIENTED_EDGE('',*,*,#2416,.T.);
#4307 = ORIENTED_EDGE('',*,*,#2859,.T.);
#4308 = ADVANCED_FACE('',(#4309),#723,.F.);
#4309 = FACE_BOUND('',#4310,.F.);
#4310 = EDGE_LOOP('',(#4311,#4481,#4482,#4483,#4484,#4485,#4667,#4702,
    #4785,#4814,#4897,#4932,#5114,#5149));
#4311 = ORIENTED_EDGE('',*,*,#4312,.F.);
#4312 = EDGE_CURVE('',#2292,#4313,#4315,.T.);
#4313 = VERTEX_POINT('',#4314);
#4314 = CARTESIAN_POINT('',(99.68785207916,2.498267062651,-14.6222815101
    ));
#4315 = SURFACE_CURVE('',#4316,(#4369,#4425),.PCURVE_S1.);
#4316 = B_SPLINE_CURVE_WITH_KNOTS('',6,(#4317,#4318,#4319,#4320,#4321,
    #4322,#4323,#4324,#4325,#4326,#4327,#4328,#4329,#4330,#4331,#4332,
    #4333,#4334,#4335,#4336,#4337,#4338,#4339,#4340,#4341,#4342,#4343,
    #4344,#4345,#4346,#4347,#4348,#4349,#4350,#4351,#4352,#4353,#4354,
    #4355,#4356,#4357,#4358,#4359,#4360,#4361,#4362,#4363,#4364,#4365,
    #4366,#4367,#4368),.UNSPECIFIED.,.F.,.F.,(7,5,5,5,5,5,5,5,5,5,7),(0.
    ,3.929550826367E-02,9.021824109834E-02,0.177658853891,0.296501167526
    ,0.400214344478,0.503712486617,0.60766397441,0.743211738217,
    0.881774010172,1.),.UNSPECIFIED.);
#4317 = CARTESIAN_POINT('',(98.133794222806,4.500000000024,0.));
#4318 = CARTESIAN_POINT('',(98.138954713691,4.492971044312,
    -0.124676551664));
#4319 = CARTESIAN_POINT('',(98.14398791489,4.486118501946,
    -0.249372092863));
#4320 = CARTESIAN_POINT('',(98.14891988911,4.479406609955,
    -0.374082741959));
#4321 = CARTESIAN_POINT('',(98.153774180092,4.472803121149,
    -0.498805163896));
#4322 = CARTESIAN_POINT('',(98.158571812607,4.466279304128,
    -0.623536570191));
#4323 = CARTESIAN_POINT('',(98.169499033065,4.451426392895,
    -0.909921885157));
#4324 = CARTESIAN_POINT('',(98.17560337568,4.443133352979,
    -1.071580138343));
#4325 = CARTESIAN_POINT('',(98.181684590369,4.434875943988,
    -1.233244541481));
#4326 = CARTESIAN_POINT('',(98.187778700728,4.426605209091,
    -1.394910678628));
#4327 = CARTESIAN_POINT('',(98.193917483882,4.418278114172,
    -1.556574654914));
#4328 = CARTESIAN_POINT('',(98.210793608518,4.395398247335,
    -1.995820566903));
#4329 = CARTESIAN_POINT('',(98.221672726923,4.380661833472,
    -2.273391302092));
#4330 = CARTESIAN_POINT('',(98.23290783981,4.365456776616,
    -2.550927676624));
#4331 = CARTESIAN_POINT('',(98.244614168746,4.349628980039,
    -2.828413317339));
#4332 = CARTESIAN_POINT('',(98.256887154863,4.333052202052,
    -3.105832165612));
#4333 = CARTESIAN_POINT('',(98.287372377336,4.291924057549,
    -3.760099692049));
#4334 = CARTESIAN_POINT('',(98.306134627759,4.266646818029,
    -4.136878232859));
#4335 = CARTESIAN_POINT('',(98.326301810992,4.239518471658,
    -4.513460044036));
#4336 = CARTESIAN_POINT('',(98.348033529976,4.210336429309,
    -4.889802175234));
#4337 = CARTESIAN_POINT('',(98.371459115026,4.178942882716,
    -5.265859197992));
#4338 = CARTESIAN_POINT('',(98.418715133847,4.115760016712,
    -5.969470980436));
#4339 = CARTESIAN_POINT('',(98.442114287293,4.084529977348,
    -6.297106192313));
#4340 = CARTESIAN_POINT('',(98.466967212624,4.051424668538,
    -6.624453277632));
#4341 = CARTESIAN_POINT('',(98.493341213637,4.016369634825,
    -6.951477723063));
#4342 = CARTESIAN_POINT('',(98.521303518657,3.979293555115,
    -7.278141409662));
#4343 = CARTESIAN_POINT('',(98.58049571457,3.901021117741,
    -7.929983337689));
#4344 = CARTESIAN_POINT('',(98.611718617887,3.859833551421,
    -8.255162205906));
#4345 = CARTESIAN_POINT('',(98.644675323436,3.816474331732,
    -8.579895128419));
#4346 = CARTESIAN_POINT('',(98.679450797888,3.770855503883,
    -8.904131180919));
#4347 = CARTESIAN_POINT('',(98.716150120526,3.722867677153,
    -9.227807474814));
#4348 = CARTESIAN_POINT('',(98.79383954042,3.621644796788,
    -9.875299580726));
#4349 = CARTESIAN_POINT('',(98.834847211001,3.568388290316,
    -10.19910566634));
#4350 = CARTESIAN_POINT('',(98.878072211063,3.512450942777,-10.522188596
    ));
#4351 = CARTESIAN_POINT('',(98.92368435139,3.453652767617,
    -10.84444402611));
#4352 = CARTESIAN_POINT('',(98.971897485542,3.391767815619,
    -11.16573479544));
#4353 = CARTESIAN_POINT('',(99.089596221452,3.241421271871,
    -11.90334958747));
#4354 = CARTESIAN_POINT('',(99.16108695773,3.150605981102,
    -12.31883786026));
#4355 = CARTESIAN_POINT('',(99.2380653756,3.053430201541,-12.73201478915
    ));
#4356 = CARTESIAN_POINT('',(99.32128968346,2.949106045989,
    -13.14230368468));
#4357 = CARTESIAN_POINT('',(99.411716571029,2.83667982015,
    -13.54887427186));
#4358 = CARTESIAN_POINT('',(99.611584970152,2.590651280375,
    -14.36131852345));
#4359 = CARTESIAN_POINT('',(99.721375340564,2.456670922654,
    -14.76685799343));
#4360 = CARTESIAN_POINT('',(99.841226374585,2.311853509854,
    -15.16615737147));
#4361 = CARTESIAN_POINT('',(99.972610261534,2.154916528009,
    -15.55742200582));
#4362 = CARTESIAN_POINT('',(100.11718475258,1.984598018055,
    -15.93817734697));
#4363 = CARTESIAN_POINT('',(100.41239523396,1.642742680557,
    -16.61902647358));
#4364 = CARTESIAN_POINT('',(100.55902053859,1.47506031785,
    -16.92274277779));
#4365 = CARTESIAN_POINT('',(100.71723655309,1.296693318735,
    -17.21478926626));
#4366 = CARTESIAN_POINT('',(100.88778612037,1.107569843544,-17.493008392
    ));
#4367 = CARTESIAN_POINT('',(101.0710893074,0.908213077319,
    -17.75529347778));
#4368 = CARTESIAN_POINT('',(101.26683610563,0.69999998074,-18.));
#4369 = PCURVE('',#723,#4370);
#4370 = DEFINITIONAL_REPRESENTATION('',(#4371),#4424);
#4371 = B_SPLINE_CURVE_WITH_KNOTS('',6,(#4372,#4373,#4374,#4375,#4376,
    #4377,#4378,#4379,#4380,#4381,#4382,#4383,#4384,#4385,#4386,#4387,
    #4388,#4389,#4390,#4391,#4392,#4393,#4394,#4395,#4396,#4397,#4398,
    #4399,#4400,#4401,#4402,#4403,#4404,#4405,#4406,#4407,#4408,#4409,
    #4410,#4411,#4412,#4413,#4414,#4415,#4416,#4417,#4418,#4419,#4420,
    #4421,#4422,#4423),.UNSPECIFIED.,.F.,.F.,(7,5,5,5,5,5,5,5,5,5,7),(0.
    ,3.929550826367E-02,9.021824109834E-02,0.177658853891,0.296501167526
    ,0.400214344478,0.503712486617,0.60766397441,0.743211738217,
    0.881774010172,1.),.UNSPECIFIED.);
#4372 = CARTESIAN_POINT('',(6.100937898661,0.));
#4373 = CARTESIAN_POINT('',(6.100916913471,6.937233038844E-03));
#4374 = CARTESIAN_POINT('',(6.100896445906,1.384016608312E-02));
#4375 = CARTESIAN_POINT('',(6.100876389981,2.071239285603E-02));
#4376 = CARTESIAN_POINT('',(6.100856649956,2.755714143529E-02));
#4377 = CARTESIAN_POINT('',(6.100837140333,3.43772742531E-02));
#4378 = CARTESIAN_POINT('',(6.100792704677,4.998477512059E-02));
#4379 = CARTESIAN_POINT('',(6.100767881303,5.875720722029E-02));
#4380 = CARTESIAN_POINT('',(6.10074315198,6.749801577864E-02));
#4381 = CARTESIAN_POINT('',(6.100718370217,7.621198378275E-02));
#4382 = CARTESIAN_POINT('',(6.100693406791,8.490324582353E-02));
#4383 = CARTESIAN_POINT('',(6.100624779853,0.108466269602));
#4384 = CARTESIAN_POINT('',(6.100580539804,0.123300725667));
#4385 = CARTESIAN_POINT('',(6.1005348521,0.138096669493));
#4386 = CARTESIAN_POINT('',(6.100487248191,0.1528678448));
#4387 = CARTESIAN_POINT('',(6.100437339965,0.167624687618));
#4388 = CARTESIAN_POINT('',(6.100313371488,0.202423116087));
#4389 = CARTESIAN_POINT('',(6.100237074601,0.222459430123));
#4390 = CARTESIAN_POINT('',(6.100155064539,0.242504154209));
#4391 = CARTESIAN_POINT('',(6.100066692276,0.262568983427));
#4392 = CARTESIAN_POINT('',(6.099971431889,0.282659166446));
#4393 = CARTESIAN_POINT('',(6.099779264794,0.3203305388));
#4394 = CARTESIAN_POINT('',(6.099684111892,0.337905548497));
#4395 = CARTESIAN_POINT('',(6.099583047211,0.355500721495));
#4396 = CARTESIAN_POINT('',(6.09947579706,0.373113721165));
#4397 = CARTESIAN_POINT('',(6.099362088054,0.390740326387));
#4398 = CARTESIAN_POINT('',(6.099121382369,0.425973686841));
#4399 = CARTESIAN_POINT('',(6.098994414106,0.443580355353));
#4400 = CARTESIAN_POINT('',(6.098860395318,0.461190170678));
#4401 = CARTESIAN_POINT('',(6.098718980487,0.478796847599));
#4402 = CARTESIAN_POINT('',(6.098569742308,0.496393847624));
#4403 = CARTESIAN_POINT('',(6.098253817469,0.531633737693));
#4404 = CARTESIAN_POINT('',(6.098087059347,0.549276271865));
#4405 = CARTESIAN_POINT('',(6.097911284432,0.566897086746));
#4406 = CARTESIAN_POINT('',(6.097725802186,0.584490362123));
#4407 = CARTESIAN_POINT('',(6.097529742971,0.602050987468));
#4408 = CARTESIAN_POINT('',(6.09705111983,0.642426125988));
#4409 = CARTESIAN_POINT('',(6.096760402002,0.665213148927));
#4410 = CARTESIAN_POINT('',(6.09644736846,0.687930680612));
#4411 = CARTESIAN_POINT('',(6.096108935941,0.710570210947));
#4412 = CARTESIAN_POINT('',(6.095741214057,0.733121767662));
#4413 = CARTESIAN_POINT('',(6.09492844712,0.778528154753));
#4414 = CARTESIAN_POINT('',(6.094481983429,0.801371906665));
#4415 = CARTESIAN_POINT('',(6.093994607945,0.824100178208));
#4416 = CARTESIAN_POINT('',(6.093460333993,0.846682308222));
#4417 = CARTESIAN_POINT('',(6.092872420312,0.869066172422));
#4418 = CARTESIAN_POINT('',(6.0916719438,0.910039527297));
#4419 = CARTESIAN_POINT('',(6.091075690464,0.928702890455));
#4420 = CARTESIAN_POINT('',(6.090432303385,0.947108888773));
#4421 = CARTESIAN_POINT('',(6.089738761785,0.965185152746));
#4422 = CARTESIAN_POINT('',(6.088993357456,0.982846596152));
#4423 = CARTESIAN_POINT('',(6.088197351052,1.));
#4424 = ( GEOMETRIC_REPRESENTATION_CONTEXT(2) 
PARAMETRIC_REPRESENTATION_CONTEXT() REPRESENTATION_CONTEXT('2D SPACE',''
  ) );
#4425 = PCURVE('',#2319,#4426);
#4426 = DEFINITIONAL_REPRESENTATION('',(#4427),#4480);
#4427 = B_SPLINE_CURVE_WITH_KNOTS('',6,(#4428,#4429,#4430,#4431,#4432,
    #4433,#4434,#4435,#4436,#4437,#4438,#4439,#4440,#4441,#4442,#4443,
    #4444,#4445,#4446,#4447,#4448,#4449,#4450,#4451,#4452,#4453,#4454,
    #4455,#4456,#4457,#4458,#4459,#4460,#4461,#4462,#4463,#4464,#4465,
    #4466,#4467,#4468,#4469,#4470,#4471,#4472,#4473,#4474,#4475,#4476,
    #4477,#4478,#4479),.UNSPECIFIED.,.F.,.F.,(7,5,5,5,5,5,5,5,5,5,7),(0.
    ,3.929550826367E-02,9.021824109834E-02,0.177658853891,0.296501167526
    ,0.400214344478,0.503712486617,0.60766397441,0.743211738217,
    0.881774010172,1.),.UNSPECIFIED.);
#4428 = CARTESIAN_POINT('',(7.80633824871,3.752880586192E-11));
#4429 = CARTESIAN_POINT('',(7.806557413004,6.937232997941E-03));
#4430 = CARTESIAN_POINT('',(7.806771294358,1.384016606415E-02));
#4431 = CARTESIAN_POINT('',(7.806980989056,2.071239286293E-02));
#4432 = CARTESIAN_POINT('',(7.807187489827,2.755714143123E-02));
#4433 = CARTESIAN_POINT('',(7.807391685849,3.437727421619E-02));
#4434 = CARTESIAN_POINT('',(7.807857008792,4.998477509689E-02));
#4435 = CARTESIAN_POINT('',(7.808117131392,5.875720719484E-02));
#4436 = CARTESIAN_POINT('',(7.808376439785,6.749801575215E-02));
#4437 = CARTESIAN_POINT('',(7.808636468518,7.621198375583E-02));
#4438 = CARTESIAN_POINT('',(7.808898577447,8.490324579668E-02));
#4439 = CARTESIAN_POINT('',(7.809619636627,0.108466269576));
#4440 = CARTESIAN_POINT('',(7.810084994455,0.123300725644));
#4441 = CARTESIAN_POINT('',(7.810566135055,0.138096669473));
#4442 = CARTESIAN_POINT('',(7.811068068925,0.152867844783));
#4443 = CARTESIAN_POINT('',(7.81159500442,0.167624687605));
#4444 = CARTESIAN_POINT('',(7.812905824231,0.202423116084));
#4445 = CARTESIAN_POINT('',(7.813714023087,0.222459430126));
#4446 = CARTESIAN_POINT('',(7.814584459451,0.242504154218));
#4447 = CARTESIAN_POINT('',(7.815524526665,0.262568983441));
#4448 = CARTESIAN_POINT('',(7.816540485071,0.282659166465));
#4449 = CARTESIAN_POINT('',(7.818596084539,0.320330538827));
#4450 = CARTESIAN_POINT('',(7.819616241033,0.337905548527));
#4451 = CARTESIAN_POINT('',(7.82070250126,0.355500721527));
#4452 = CARTESIAN_POINT('',(7.821858454449,0.3731137212));
#4453 = CARTESIAN_POINT('',(7.823087822323,0.390740326423));
#4454 = CARTESIAN_POINT('',(7.825699230654,0.425973686879));
#4455 = CARTESIAN_POINT('',(7.827080943612,0.443580355391));
#4456 = CARTESIAN_POINT('',(7.828544306643,0.461190170717));
#4457 = CARTESIAN_POINT('',(7.830094135605,0.478796847638));
#4458 = CARTESIAN_POINT('',(7.83173637264,0.496393847662));
#4459 = CARTESIAN_POINT('',(7.835228630064,0.531633737731));
#4460 = CARTESIAN_POINT('',(7.837079502454,0.549276271904));
#4461 = CARTESIAN_POINT('',(7.839039136452,0.566897086785));
#4462 = CARTESIAN_POINT('',(7.841117027994,0.584490362162));
#4463 = CARTESIAN_POINT('',(7.843325196861,0.602050987508));
#4464 = CARTESIAN_POINT('',(7.848748384586,0.64242612603));
#4465 = CARTESIAN_POINT('',(7.85206506456,0.66521314897));
#4466 = CARTESIAN_POINT('',(7.855663933501,0.687930680658));
#4467 = CARTESIAN_POINT('',(7.859588366759,0.710570210996));
#4468 = CARTESIAN_POINT('',(7.863895281413,0.733121767715));
#4469 = CARTESIAN_POINT('',(7.87353101011,0.778528154814));
#4470 = CARTESIAN_POINT('',(7.878879090162,0.801371906731));
#4471 = CARTESIAN_POINT('',(7.8847860981,0.824100178277));
#4472 = CARTESIAN_POINT('',(7.891349780383,0.846682308294));
#4473 = CARTESIAN_POINT('',(7.898690001099,0.869066172495));
#4474 = CARTESIAN_POINT('',(7.913981693413,0.910039527384));
#4475 = CARTESIAN_POINT('',(7.921684927132,0.928702890448));
#4476 = CARTESIAN_POINT('',(7.930131221117,0.947108888965));
#4477 = CARTESIAN_POINT('',(7.939403549927,0.96518515265));
#4478 = CARTESIAN_POINT('',(7.94958330381,0.982846596266));
#4479 = CARTESIAN_POINT('',(7.960719707757,0.999999999971));
#4480 = ( GEOMETRIC_REPRESENTATION_CONTEXT(2) 
PARAMETRIC_REPRESENTATION_CONTEXT() REPRESENTATION_CONTEXT('2D SPACE',''
  ) );
#4481 = ORIENTED_EDGE('',*,*,#2381,.T.);
#4482 = ORIENTED_EDGE('',*,*,#4154,.F.);
#4483 = ORIENTED_EDGE('',*,*,#653,.T.);
#4484 = ORIENTED_EDGE('',*,*,#2948,.F.);
#4485 = ORIENTED_EDGE('',*,*,#4486,.T.);
#4486 = EDGE_CURVE('',#2925,#4487,#4489,.T.);
#4487 = VERTEX_POINT('',#4488);
#4488 = CARTESIAN_POINT('',(-32.50584471122,0.69999998074,-18.));
#4489 = SURFACE_CURVE('',#4490,(#4547,#4607),.PCURVE_S1.);
#4490 = B_SPLINE_CURVE_WITH_KNOTS('',7,(#4491,#4492,#4493,#4494,#4495,
    #4496,#4497,#4498,#4499,#4500,#4501,#4502,#4503,#4504,#4505,#4506,
    #4507,#4508,#4509,#4510,#4511,#4512,#4513,#4514,#4515,#4516,#4517,
    #4518,#4519,#4520,#4521,#4522,#4523,#4524,#4525,#4526,#4527,#4528,
    #4529,#4530,#4531,#4532,#4533,#4534,#4535,#4536,#4537,#4538,#4539,
    #4540,#4541,#4542,#4543,#4544,#4545,#4546),.UNSPECIFIED.,.F.,.F.,(8,
    6,6,6,6,6,6,6,6,8),(0.,6.815481531285E-02,0.206699102717,
    0.365905197586,0.486972104943,0.561850465442,0.679971344367,
    0.812029262256,0.931724797013,1.),.UNSPECIFIED.);
#4491 = CARTESIAN_POINT('',(-35.49415528877,0.69999998074,-18.));
#4492 = CARTESIAN_POINT('',(-35.48099801937,0.728084272448,
    -17.96699341321));
#4493 = CARTESIAN_POINT('',(-35.46726357043,0.755797349,-17.9339280502)
  );
#4494 = CARTESIAN_POINT('',(-35.45295896501,0.783141525037,
    -17.90081486643));
#4495 = CARTESIAN_POINT('',(-35.43808926161,0.810118996468,
    -17.86766507828));
#4496 = CARTESIAN_POINT('',(-35.42265755418,0.836731840476,-17.834490163
    ));
#4497 = CARTESIAN_POINT('',(-35.40666497208,0.862982015518,
    -17.80130185877));
#4498 = CARTESIAN_POINT('',(-35.3564593149,0.941498911548,-17.7006445543
    ));
#4499 = CARTESIAN_POINT('',(-35.3204898019,0.992630006683,
    -17.63317820532));
#4500 = CARTESIAN_POINT('',(-35.28219084707,1.042287153554,
    -17.56580554432));
#4501 = CARTESIAN_POINT('',(-35.24151546871,1.090478143563,
    -17.49863893039));
#4502 = CARTESIAN_POINT('',(-35.19838286048,1.137198138075,
    -17.43181163825));
#4503 = CARTESIAN_POINT('',(-35.1526619262,1.182427452952,
    -17.36548595154));
#4504 = CARTESIAN_POINT('',(-35.04837420356,1.276339473093,
    -17.22446489952));
#4505 = CARTESIAN_POINT('',(-34.98900487079,1.324445197356,
    -17.1501256408));
#4506 = CARTESIAN_POINT('',(-34.92560330342,1.370491789079,
    -17.07700979484));
#4507 = CARTESIAN_POINT('',(-34.8577016823,1.414359646125,
    -17.00552089416));
#4508 = CARTESIAN_POINT('',(-34.78469377334,1.45574823422,
    -16.93640669537));
#4509 = CARTESIAN_POINT('',(-34.70592967383,1.494239044327,
    -16.87069728897));
#4510 = CARTESIAN_POINT('',(-34.5547532144,1.555543152861,
    -16.76411372028));
#4511 = CARTESIAN_POINT('',(-34.48541064967,1.579873151363,
    -16.72111309531));
#4512 = CARTESIAN_POINT('',(-34.41144242482,1.601725884079,
    -16.68190919232));
#4513 = CARTESIAN_POINT('',(-34.33255982781,1.62041142891,
    -16.64792376637));
#4514 = CARTESIAN_POINT('',(-34.2489098947,1.635052827968,
    -16.62102897018));
#4515 = CARTESIAN_POINT('',(-34.16115378397,1.644567371035,
    -16.60349448917));
#4516 = CARTESIAN_POINT('',(-34.01587465404,1.650859138826,
    -16.59188815698));
#4517 = CARTESIAN_POINT('',(-33.95975106849,1.651104366056,
    -16.59142934786));
#4518 = CARTESIAN_POINT('',(-33.90375350677,1.649085961808,
    -16.59516111113));
#4519 = CARTESIAN_POINT('',(-33.8484790579,1.644860695118,
    -16.60297051961));
#4520 = CARTESIAN_POINT('',(-33.79440513213,1.638591552067,
    -16.61451812861));
#4521 = CARTESIAN_POINT('',(-33.74190390967,1.630504453692,
    -16.62933038505));
#4522 = CARTESIAN_POINT('',(-33.61135678819,1.605637518999,
    -16.67457460272));
#4523 = CARTESIAN_POINT('',(-33.53601361775,1.586524190019,
    -16.70910552498));
#4524 = CARTESIAN_POINT('',(-33.46521595648,1.564305417331,
    -16.74881921848));
#4525 = CARTESIAN_POINT('',(-33.39872182297,1.539629839292,
    -16.79231111047));
#4526 = CARTESIAN_POINT('',(-33.33619662629,1.51296980026,
    -16.83857194329));
#4527 = CARTESIAN_POINT('',(-33.2772020987,1.484619165375,
    -16.88695426159));
#4528 = CARTESIAN_POINT('',(-33.15865281366,1.421152033609,
    -16.99334756528));
#4529 = CARTESIAN_POINT('',(-33.10002093345,1.385721966677,
    -17.05167006342));
#4530 = CARTESIAN_POINT('',(-33.04479160645,1.348598046412,
    -17.11156986063));
#4531 = CARTESIAN_POINT('',(-32.99263735832,1.309926193315,
    -17.1726507891));
#4532 = CARTESIAN_POINT('',(-32.9432917875,1.269806768049,
    -17.23461599914));
#4533 = CARTESIAN_POINT('',(-32.89654637183,1.228289834246,
    -17.2972641214));
#4534 = CARTESIAN_POINT('',(-32.81205590939,1.14647959596,
    -17.41775804674));
#4535 = CARTESIAN_POINT('',(-32.77389550117,1.10645251056,
    -17.47547945705));
#4536 = CARTESIAN_POINT('',(-32.73763028611,1.065313227769,
    -17.53351585099));
#4537 = CARTESIAN_POINT('',(-32.70318639253,1.02307013264,
    -17.59176973009));
#4538 = CARTESIAN_POINT('',(-32.67051711971,0.979724098542,
    -17.65015793662));
#4539 = CARTESIAN_POINT('',(-32.63959574558,0.93526944998,
    -17.70860818292));
#4540 = CARTESIAN_POINT('',(-32.59377051821,0.863696435529,
    -17.80039846605));
#4541 = CARTESIAN_POINT('',(-32.57769260379,0.837335434987,
    -17.83373763815));
#4542 = CARTESIAN_POINT('',(-32.5621806445,0.810608502659,-17.8670635153
    ));
#4543 = CARTESIAN_POINT('',(-32.54723575707,0.783513655926,
    -17.9003641939));
#4544 = CARTESIAN_POINT('',(-32.53286105941,0.756048790676,
    -17.93362803685));
#4545 = CARTESIAN_POINT('',(-32.51906167067,0.72821168131,
    -17.96684367357));
#4546 = CARTESIAN_POINT('',(-32.50584471122,0.69999998074,-18.));
#4547 = PCURVE('',#723,#4548);
#4548 = DEFINITIONAL_REPRESENTATION('',(#4549),#4606);
#4549 = B_SPLINE_CURVE_WITH_KNOTS('',7,(#4550,#4551,#4552,#4553,#4554,
    #4555,#4556,#4557,#4558,#4559,#4560,#4561,#4562,#4563,#4564,#4565,
    #4566,#4567,#4568,#4569,#4570,#4571,#4572,#4573,#4574,#4575,#4576,
    #4577,#4578,#4579,#4580,#4581,#4582,#4583,#4584,#4585,#4586,#4587,
    #4588,#4589,#4590,#4591,#4592,#4593,#4594,#4595,#4596,#4597,#4598,
    #4599,#4600,#4601,#4602,#4603,#4604,#4605),.UNSPECIFIED.,.F.,.F.,(8,
    6,6,6,6,6,6,6,6,8),(0.,6.815481531285E-02,0.206699102717,
    0.365905197586,0.486972104943,0.561850465442,0.679971344367,
    0.812029262256,0.931724797013,1.),.UNSPECIFIED.);
#4550 = CARTESIAN_POINT('',(6.644337353987,1.));
#4551 = CARTESIAN_POINT('',(6.644283849813,0.997686308026));
#4552 = CARTESIAN_POINT('',(6.644227998532,0.995381305875));
#4553 = CARTESIAN_POINT('',(6.644169828705,0.993085359863));
#4554 = CARTESIAN_POINT('',(6.6441093609,0.990798854191));
#4555 = CARTESIAN_POINT('',(6.644046607701,0.988522190948));
#4556 = CARTESIAN_POINT('',(6.643981573698,0.986255790109));
#4557 = CARTESIAN_POINT('',(6.643777411868,0.97941472859));
#4558 = CARTESIAN_POINT('',(6.643631141467,0.974874058687));
#4559 = CARTESIAN_POINT('',(6.643475398366,0.970381174198));
#4560 = CARTESIAN_POINT('',(6.643309991514,0.965940547471));
#4561 = CARTESIAN_POINT('',(6.643134592311,0.961558011387));
#4562 = CARTESIAN_POINT('',(6.642948667653,0.957241194536));
#4563 = CARTESIAN_POINT('',(6.642524580538,0.948127173831));
#4564 = CARTESIAN_POINT('',(6.642283154525,0.943362686873));
#4565 = CARTESIAN_POINT('',(6.642025331387,0.938712371543));
#4566 = CARTESIAN_POINT('',(6.641749208734,0.934197731328));
#4567 = CARTESIAN_POINT('',(6.641452321308,0.929861237518));
#4568 = CARTESIAN_POINT('',(6.641132026273,0.925761802617));
#4569 = CARTESIAN_POINT('',(6.640517265619,0.919142922194));
#4570 = CARTESIAN_POINT('',(6.640235283353,0.916483473086));
#4571 = CARTESIAN_POINT('',(6.639934490793,0.914067667376));
#4572 = CARTESIAN_POINT('',(6.639613713887,0.911980300425));
#4573 = CARTESIAN_POINT('',(6.639273550558,0.910332275112));
#4574 = CARTESIAN_POINT('',(6.638916689415,0.909258643126));
#4575 = CARTESIAN_POINT('',(6.638325910313,0.908548149557));
#4576 = CARTESIAN_POINT('',(6.638097683165,0.908520155138));
#4577 = CARTESIAN_POINT('',(6.637869968494,0.908748478328));
#4578 = CARTESIAN_POINT('',(6.637645194369,0.909226323082));
#4579 = CARTESIAN_POINT('',(6.637425302184,0.90993346398));
#4580 = CARTESIAN_POINT('',(6.637211805413,0.910841726293));
#4581 = CARTESIAN_POINT('',(6.636680934177,0.913620400192));
#4582 = CARTESIAN_POINT('',(6.636374550386,0.915744690277));
#4583 = CARTESIAN_POINT('',(6.636086650956,0.918194118122));
#4584 = CARTESIAN_POINT('',(6.635816251866,0.920885751656));
#4585 = CARTESIAN_POINT('',(6.635561992499,0.923759913649));
#4586 = CARTESIAN_POINT('',(6.635322090635,0.926778621931));
#4587 = CARTESIAN_POINT('',(6.634840008727,0.933447667466));
#4588 = CARTESIAN_POINT('',(6.634601581572,0.937121040323));
#4589 = CARTESIAN_POINT('',(6.634376990936,0.940914121347));
#4590 = CARTESIAN_POINT('',(6.63416490514,0.944804782274));
#4591 = CARTESIAN_POINT('',(6.63396424086,0.94877679244));
#4592 = CARTESIAN_POINT('',(6.633774150138,0.952819759981));
#4593 = CARTESIAN_POINT('',(6.633430568788,0.960652043157));
#4594 = CARTESIAN_POINT('',(6.633275389088,0.964428052444));
#4595 = CARTESIAN_POINT('',(6.633127916212,0.968250528601));
#4596 = CARTESIAN_POINT('',(6.632987849758,0.972115015557));
#4597 = CARTESIAN_POINT('',(6.632854999818,0.976017953042));
#4598 = CARTESIAN_POINT('',(6.632729257727,0.979956489654));
#4599 = CARTESIAN_POINT('',(6.63254290896,0.986194101648));
#4600 = CARTESIAN_POINT('',(6.632477527953,0.988470550525));
#4601 = CARTESIAN_POINT('',(6.632414448408,0.990757362878));
#4602 = CARTESIAN_POINT('',(6.632353674867,0.993054112652));
#4603 = CARTESIAN_POINT('',(6.632295220008,0.995360392062));
#4604 = CARTESIAN_POINT('',(6.632239104649,0.997675811594));
#4605 = CARTESIAN_POINT('',(6.632185357745,1.));
#4606 = ( GEOMETRIC_REPRESENTATION_CONTEXT(2) 
PARAMETRIC_REPRESENTATION_CONTEXT() REPRESENTATION_CONTEXT('2D SPACE',''
  ) );
#4607 = PCURVE('',#2596,#4608);
#4608 = DEFINITIONAL_REPRESENTATION('',(#4609),#4666);
#4609 = B_SPLINE_CURVE_WITH_KNOTS('',7,(#4610,#4611,#4612,#4613,#4614,
    #4615,#4616,#4617,#4618,#4619,#4620,#4621,#4622,#4623,#4624,#4625,
    #4626,#4627,#4628,#4629,#4630,#4631,#4632,#4633,#4634,#4635,#4636,
    #4637,#4638,#4639,#4640,#4641,#4642,#4643,#4644,#4645,#4646,#4647,
    #4648,#4649,#4650,#4651,#4652,#4653,#4654,#4655,#4656,#4657,#4658,
    #4659,#4660,#4661,#4662,#4663,#4664,#4665),.UNSPECIFIED.,.F.,.F.,(8,
    6,6,6,6,6,6,6,6,8),(0.,6.815481531285E-02,0.206699102717,
    0.365905197586,0.486972104943,0.561850465442,0.679971344367,
    0.812029262256,0.931724797013,1.),.UNSPECIFIED.);
#4610 = CARTESIAN_POINT('',(2.70346753808,3.));
#4611 = CARTESIAN_POINT('',(2.684671438425,3.033006586787));
#4612 = CARTESIAN_POINT('',(2.665930593717,3.066071949797));
#4613 = CARTESIAN_POINT('',(2.647234864653,3.099185133564));
#4614 = CARTESIAN_POINT('',(2.628573747623,3.132334921718));
#4615 = CARTESIAN_POINT('',(2.609936374706,3.165509836995));
#4616 = CARTESIAN_POINT('',(2.591311513674,3.19869814123));
#4617 = CARTESIAN_POINT('',(2.534829035587,3.299355445699));
#4618 = CARTESIAN_POINT('',(2.496977678679,3.366821794676));
#4619 = CARTESIAN_POINT('',(2.459030020332,3.434194455675));
#4620 = CARTESIAN_POINT('',(2.420877540692,3.501361069609));
#4621 = CARTESIAN_POINT('',(2.382403219835,3.568188361744));
#4622 = CARTESIAN_POINT('',(2.343468762645,3.634514048459));
#4623 = CARTESIAN_POINT('',(2.258414042247,3.775535100471));
#4624 = CARTESIAN_POINT('',(2.212166541572,3.849874359194));
#4625 = CARTESIAN_POINT('',(2.164782969564,3.922990205159));
#4626 = CARTESIAN_POINT('',(2.115930237023,3.994479105835));
#4627 = CARTESIAN_POINT('',(2.065211632447,4.063593304622));
#4628 = CARTESIAN_POINT('',(2.012208079895,4.129302711027));
#4629 = CARTESIAN_POINT('',(1.913339335135,4.235886279714));
#4630 = CARTESIAN_POINT('',(1.868852365783,4.278886904686));
#4631 = CARTESIAN_POINT('',(1.82220616713,4.318090807674));
#4632 = CARTESIAN_POINT('',(1.773213414747,4.352076233627));
#4633 = CARTESIAN_POINT('',(1.721914691438,4.378971029812));
#4634 = CARTESIAN_POINT('',(1.668529791814,4.396505510829));
#4635 = CARTESIAN_POINT('',(1.580399301837,4.408111843012));
#4636 = CARTESIAN_POINT('',(1.546410450311,4.408570652138));
#4637 = CARTESIAN_POINT('',(1.512494791216,4.404838888869));
#4638 = CARTESIAN_POINT('',(1.478945002034,4.397029480384));
#4639 = CARTESIAN_POINT('',(1.44599087839,4.385481871383));
#4640 = CARTESIAN_POINT('',(1.413816871117,4.370669614946));
#4641 = CARTESIAN_POINT('',(1.33327482461,4.325425397277));
#4642 = CARTESIAN_POINT('',(1.286251290935,4.290894475019));
#4643 = CARTESIAN_POINT('',(1.241385997036,4.251180781512));
#4644 = CARTESIAN_POINT('',(1.198494577472,4.207688889528));
#4645 = CARTESIAN_POINT('',(1.157367868492,4.161428056707));
#4646 = CARTESIAN_POINT('',(1.117736901896,4.113045738407));
#4647 = CARTESIAN_POINT('',(1.036240317777,4.006652434718));
#4648 = CARTESIAN_POINT('',(0.99477804801,3.948329936579));
#4649 = CARTESIAN_POINT('',(0.954519423884,3.888430139363));
#4650 = CARTESIAN_POINT('',(0.915242639389,3.827349210892));
#4651 = CARTESIAN_POINT('',(0.876758170256,3.765384000856));
#4652 = CARTESIAN_POINT('',(0.838902217556,3.702735878591));
#4653 = CARTESIAN_POINT('',(0.767624869396,3.582241953258));
#4654 = CARTESIAN_POINT('',(0.734134877938,3.524520542947));
#4655 = CARTESIAN_POINT('',(0.700937677098,3.466484149007));
#4656 = CARTESIAN_POINT('',(0.667947551046,3.408230269903));
#4657 = CARTESIAN_POINT('',(0.635089762104,3.349842063371));
#4658 = CARTESIAN_POINT('',(0.60229486902,3.291391817076));
#4659 = CARTESIAN_POINT('',(0.550788103709,3.199601533947));
#4660 = CARTESIAN_POINT('',(0.532079031488,3.166262361845));
#4661 = CARTESIAN_POINT('',(0.513357539728,3.132936484695));
#4662 = CARTESIAN_POINT('',(0.494612236443,3.099635806099));
#4663 = CARTESIAN_POINT('',(0.475832101509,3.066371963148));
#4664 = CARTESIAN_POINT('',(0.457006486665,3.033156326425));
#4665 = CARTESIAN_POINT('',(0.43812511551,3.));
#4666 = ( GEOMETRIC_REPRESENTATION_CONTEXT(2) 
PARAMETRIC_REPRESENTATION_CONTEXT() REPRESENTATION_CONTEXT('2D SPACE',''
  ) );
#4667 = ORIENTED_EDGE('',*,*,#4668,.F.);
#4668 = EDGE_CURVE('',#4669,#4487,#4671,.T.);
#4669 = VERTEX_POINT('',#4670);
#4670 = CARTESIAN_POINT('',(-21.94597178051,0.69999998074,-18.));
#4671 = SURFACE_CURVE('',#4672,(#4682,#4689),.PCURVE_S1.);
#4672 = B_SPLINE_CURVE_WITH_KNOTS('',8,(#4673,#4674,#4675,#4676,#4677,
    #4678,#4679,#4680,#4681),.UNSPECIFIED.,.F.,.F.,(9,9),(6.,7.),
  .PIECEWISE_BEZIER_KNOTS.);
#4673 = CARTESIAN_POINT('',(122.95554237496,0.69999998074,-18.));
#4674 = CARTESIAN_POINT('',(92.216656781224,0.69999998074,-18.));
#4675 = CARTESIAN_POINT('',(61.477771187482,0.69999998074,-18.));
#4676 = CARTESIAN_POINT('',(30.738885593741,0.69999998074,-18.));
#4677 = CARTESIAN_POINT('',(0.,0.69999998074,-18.));
#4678 = CARTESIAN_POINT('',(-30.73888559374,0.69999998074,-18.));
#4679 = CARTESIAN_POINT('',(-61.47777118748,0.69999998074,-18.));
#4680 = CARTESIAN_POINT('',(-92.21665678122,0.69999998074,-18.));
#4681 = CARTESIAN_POINT('',(-122.9555423749,0.69999998074,-18.));
#4682 = PCURVE('',#723,#4683);
#4683 = DEFINITIONAL_REPRESENTATION('',(#4684),#4688);
#4684 = LINE('',#4685,#4686);
#4685 = CARTESIAN_POINT('',(0.,1.));
#4686 = VECTOR('',#4687,1.);
#4687 = DIRECTION('',(1.,0.));
#4688 = ( GEOMETRIC_REPRESENTATION_CONTEXT(2) 
PARAMETRIC_REPRESENTATION_CONTEXT() REPRESENTATION_CONTEXT('2D SPACE',''
  ) );
#4689 = PCURVE('',#3913,#4690);
#4690 = DEFINITIONAL_REPRESENTATION('',(#4691),#4701);
#4691 = B_SPLINE_CURVE_WITH_KNOTS('',8,(#4692,#4693,#4694,#4695,#4696,
    #4697,#4698,#4699,#4700),.UNSPECIFIED.,.F.,.F.,(9,9),(6.,7.),
  .PIECEWISE_BEZIER_KNOTS.);
#4692 = CARTESIAN_POINT('',(246.60102813879,0.709944173815));
#4693 = CARTESIAN_POINT('',(215.86214264558,0.707458127385));
#4694 = CARTESIAN_POINT('',(185.12325715237,0.704972080954));
#4695 = CARTESIAN_POINT('',(154.38437165916,0.702486034523));
#4696 = CARTESIAN_POINT('',(123.64548616595,0.699999988093));
#4697 = CARTESIAN_POINT('',(92.906600672747,0.697513941662));
#4698 = CARTESIAN_POINT('',(62.167715179537,0.695027895231));
#4699 = CARTESIAN_POINT('',(31.428829686327,0.692541848801));
#4700 = CARTESIAN_POINT('',(0.689944193117,0.69005580237));
#4701 = ( GEOMETRIC_REPRESENTATION_CONTEXT(2) 
PARAMETRIC_REPRESENTATION_CONTEXT() REPRESENTATION_CONTEXT('2D SPACE',''
  ) );
#4702 = ORIENTED_EDGE('',*,*,#4703,.F.);
#4703 = EDGE_CURVE('',#4704,#4669,#4706,.T.);
#4704 = VERTEX_POINT('',#4705);
#4705 = CARTESIAN_POINT('',(-8.405957084544,3.825633243348,-8.5));
#4706 = SURFACE_CURVE('',#4707,(#4731,#4758),.PCURVE_S1.);
#4707 = B_SPLINE_CURVE_WITH_KNOTS('',8,(#4708,#4709,#4710,#4711,#4712,
    #4713,#4714,#4715,#4716,#4717,#4718,#4719,#4720,#4721,#4722,#4723,
    #4724,#4725,#4726,#4727,#4728,#4729,#4730),.UNSPECIFIED.,.F.,.F.,(9,
    7,7,9),(0.,0.308000482875,0.699955230234,1.),.UNSPECIFIED.);
#4708 = CARTESIAN_POINT('',(-8.405957084544,3.825633243348,-8.5));
#4709 = CARTESIAN_POINT('',(-8.741069438706,3.748274514839,
    -9.069621748319));
#4710 = CARTESIAN_POINT('',(-9.097823762261,3.665919864174,
    -9.625896212405));
#4711 = CARTESIAN_POINT('',(-9.475612381678,3.578709569237,
    -10.1678469419));
#4712 = CARTESIAN_POINT('',(-9.873845745203,3.486779724605,
    -10.69443125389));
#4713 = CARTESIAN_POINT('',(-10.2920974187,3.390228770105,
    -11.20443611613));
#4714 = CARTESIAN_POINT('',(-10.72996405016,3.289149817194,
    -11.69660346428));
#4715 = CARTESIAN_POINT('',(-11.18684077539,3.183682495233,
    -12.16981875773));
#4716 = CARTESIAN_POINT('',(-12.266251321,2.934506879024,-13.20015537967
    ));
#4717 = CARTESIAN_POINT('',(-12.90008095777,2.788191011574,
    -13.74507075181));
#4718 = CARTESIAN_POINT('',(-13.56108574275,2.635601919976,-14.255779021
    ));
#4719 = CARTESIAN_POINT('',(-14.24670886112,2.477329829988,
    -14.73134802283));
#4720 = CARTESIAN_POINT('',(-14.95391544128,2.314075323984,
    -15.1722531642));
#4721 = CARTESIAN_POINT('',(-15.67950591796,2.146577002907,
    -15.57984492348));
#4722 = CARTESIAN_POINT('',(-16.42039321101,1.975547501167,
    -15.95593463307));
#4723 = CARTESIAN_POINT('',(-17.75045024462,1.668511608019,
    -16.56790696857));
#4724 = CARTESIAN_POINT('',(-18.33462901275,1.533657353428,
    -16.81606531911));
#4725 = CARTESIAN_POINT('',(-18.92523589332,1.397319206645,
    -17.04803165679));
#4726 = CARTESIAN_POINT('',(-19.52132332937,1.259715905662,
    -17.26483817383));
#4727 = CARTESIAN_POINT('',(-20.12206492256,1.121038219702,
    -17.46750158795));
#4728 = CARTESIAN_POINT('',(-20.72676741783,0.981446182645,
    -17.65698976518));
#4729 = CARTESIAN_POINT('',(-21.33487583973,0.84106790733,
    -17.83420729245));
#4730 = CARTESIAN_POINT('',(-21.94597178051,0.69999998074,-18.));
#4731 = PCURVE('',#723,#4732);
#4732 = DEFINITIONAL_REPRESENTATION('',(#4733),#4757);
#4733 = B_SPLINE_CURVE_WITH_KNOTS('',8,(#4734,#4735,#4736,#4737,#4738,
    #4739,#4740,#4741,#4742,#4743,#4744,#4745,#4746,#4747,#4748,#4749,
    #4750,#4751,#4752,#4753,#4754,#4755,#4756),.UNSPECIFIED.,.F.,.F.,(9,
    7,7,9),(0.,0.308000482875,0.699955230234,1.),.UNSPECIFIED.);
#4734 = CARTESIAN_POINT('',(6.534182912466,0.456873576543));
#4735 = CARTESIAN_POINT('',(6.535545650362,0.487772770274));
#4736 = CARTESIAN_POINT('',(6.536996395553,0.518019843866));
#4737 = CARTESIAN_POINT('',(6.538532676928,0.547542470039));
#4738 = CARTESIAN_POINT('',(6.540152097069,0.576268455896));
#4739 = CARTESIAN_POINT('',(6.541852921877,0.604128628055));
#4740 = CARTESIAN_POINT('',(6.543633511117,0.631063705213));
#4741 = CARTESIAN_POINT('',(6.545491405102,0.657029974383));
#4742 = CARTESIAN_POINT('',(6.549880839383,0.71377310313));
#4743 = CARTESIAN_POINT('',(6.552458314235,0.743936529625));
#4744 = CARTESIAN_POINT('',(6.555146297112,0.77241085284));
#4745 = CARTESIAN_POINT('',(6.557934390699,0.799192367486));
#4746 = CARTESIAN_POINT('',(6.560810253659,0.824343844269));
#4747 = CARTESIAN_POINT('',(6.563760874927,0.84795735433));
#4748 = CARTESIAN_POINT('',(6.566773700859,0.87013822217));
#4749 = CARTESIAN_POINT('',(6.572182391707,0.906960583682));
#4750 = CARTESIAN_POINT('',(6.574557960782,0.922155061611));
#4751 = CARTESIAN_POINT('',(6.576959669844,0.936631919316));
#4752 = CARTESIAN_POINT('',(6.579383665642,0.950444099952));
#4753 = CARTESIAN_POINT('',(6.581826587618,0.963641960475));
#4754 = CARTESIAN_POINT('',(6.584285616644,0.97627231179));
#4755 = CARTESIAN_POINT('',(6.586758495907,0.988378281605));
#4756 = CARTESIAN_POINT('',(6.589243523946,1.));
#4757 = ( GEOMETRIC_REPRESENTATION_CONTEXT(2) 
PARAMETRIC_REPRESENTATION_CONTEXT() REPRESENTATION_CONTEXT('2D SPACE',''
  ) );
#4758 = PCURVE('',#3859,#4759);
#4759 = DEFINITIONAL_REPRESENTATION('',(#4760),#4784);
#4760 = B_SPLINE_CURVE_WITH_KNOTS('',8,(#4761,#4762,#4763,#4764,#4765,
    #4766,#4767,#4768,#4769,#4770,#4771,#4772,#4773,#4774,#4775,#4776,
    #4777,#4778,#4779,#4780,#4781,#4782,#4783),.UNSPECIFIED.,.F.,.F.,(9,
    7,7,9),(0.,0.308000482875,0.699955230234,1.),.UNSPECIFIED.);
#4761 = CARTESIAN_POINT('',(10.,-192.6699390748));
#4762 = CARTESIAN_POINT('',(9.430378251681,-192.3260137009));
#4763 = CARTESIAN_POINT('',(8.874103787595,-191.959877202));
#4764 = CARTESIAN_POINT('',(8.332153058094,-191.5721532325));
#4765 = CARTESIAN_POINT('',(7.805568746102,-191.1634468487));
#4766 = CARTESIAN_POINT('',(7.295563883861,-190.7341956994));
#4767 = CARTESIAN_POINT('',(6.803396535714,-190.2848137442));
#4768 = CARTESIAN_POINT('',(6.330181242266,-189.8159217544));
#4769 = CARTESIAN_POINT('',(5.299844620326,-188.7081241133));
#4770 = CARTESIAN_POINT('',(4.75492924819,-188.0576255802));
#4771 = CARTESIAN_POINT('',(4.244220978995,-187.3792372279));
#4772 = CARTESIAN_POINT('',(3.768651977168,-186.6755831119));
#4773 = CARTESIAN_POINT('',(3.327746835799,-185.9497779171));
#4774 = CARTESIAN_POINT('',(2.920155076516,-185.2051053532));
#4775 = CARTESIAN_POINT('',(2.544065366921,-184.4447336866));
#4776 = CARTESIAN_POINT('',(1.932093031424,-183.0796978803));
#4777 = CARTESIAN_POINT('',(1.683934680881,-182.4801559693));
#4778 = CARTESIAN_POINT('',(1.451968343209,-181.8740168948));
#4779 = CARTESIAN_POINT('',(1.23516182617,-181.2622531333));
#4780 = CARTESIAN_POINT('',(1.032498412045,-180.6457128164));
#4781 = CARTESIAN_POINT('',(0.843010234816,-180.0251074308));
#4782 = CARTESIAN_POINT('',(0.665792707548,-179.4010065472));
#4783 = CARTESIAN_POINT('',(0.5,-178.7738395768));
#4784 = ( GEOMETRIC_REPRESENTATION_CONTEXT(2) 
PARAMETRIC_REPRESENTATION_CONTEXT() REPRESENTATION_CONTEXT('2D SPACE',''
  ) );
#4785 = ORIENTED_EDGE('',*,*,#4786,.T.);
#4786 = EDGE_CURVE('',#4704,#4787,#4789,.T.);
#4787 = VERTEX_POINT('',#4788);
#4788 = CARTESIAN_POINT('',(41.55068391861,3.825633243347,-8.5));
#4789 = SURFACE_CURVE('',#4790,(#4796,#4805),.PCURVE_S1.);
#4790 = B_SPLINE_CURVE_WITH_KNOTS('',4,(#4791,#4792,#4793,#4794,#4795),
  .UNSPECIFIED.,.F.,.F.,(5,5),(0.,1.),.PIECEWISE_BEZIER_KNOTS.);
#4791 = CARTESIAN_POINT('',(-8.405957084544,3.825633243348,-8.5));
#4792 = CARTESIAN_POINT('',(4.083203166244,3.825633243347,-8.5));
#4793 = CARTESIAN_POINT('',(16.572363417033,3.825633243347,-8.5));
#4794 = CARTESIAN_POINT('',(29.061523667821,3.825633243347,-8.5));
#4795 = CARTESIAN_POINT('',(41.55068391861,3.825633243347,-8.5));
#4796 = PCURVE('',#723,#4797);
#4797 = DEFINITIONAL_REPRESENTATION('',(#4798),#4804);
#4798 = B_SPLINE_CURVE_WITH_KNOTS('',4,(#4799,#4800,#4801,#4802,#4803),
  .UNSPECIFIED.,.F.,.F.,(5,5),(0.,1.),.PIECEWISE_BEZIER_KNOTS.);
#4799 = CARTESIAN_POINT('',(6.534182912466,0.456873576543));
#4800 = CARTESIAN_POINT('',(6.483395611587,0.456873576543));
#4801 = CARTESIAN_POINT('',(6.432608310708,0.456873576543));
#4802 = CARTESIAN_POINT('',(6.381821009828,0.456873576543));
#4803 = CARTESIAN_POINT('',(6.331033708949,0.456873576543));
#4804 = ( GEOMETRIC_REPRESENTATION_CONTEXT(2) 
PARAMETRIC_REPRESENTATION_CONTEXT() REPRESENTATION_CONTEXT('2D SPACE',''
  ) );
#4805 = PCURVE('',#3789,#4806);
#4806 = DEFINITIONAL_REPRESENTATION('',(#4807),#4813);
#4807 = B_SPLINE_CURVE_WITH_KNOTS('',4,(#4808,#4809,#4810,#4811,#4812),
  .UNSPECIFIED.,.F.,.F.,(5,5),(0.,1.),.PIECEWISE_BEZIER_KNOTS.);
#4808 = CARTESIAN_POINT('',(0.,192.66993907485));
#4809 = CARTESIAN_POINT('',(2.809172077923,204.8390670636));
#4810 = CARTESIAN_POINT('',(5.618344155845,217.00819505235));
#4811 = CARTESIAN_POINT('',(8.427516233767,229.17732304109));
#4812 = CARTESIAN_POINT('',(11.236688311688,241.34645102984));
#4813 = ( GEOMETRIC_REPRESENTATION_CONTEXT(2) 
PARAMETRIC_REPRESENTATION_CONTEXT() REPRESENTATION_CONTEXT('2D SPACE',''
  ) );
#4814 = ORIENTED_EDGE('',*,*,#4815,.T.);
#4815 = EDGE_CURVE('',#4787,#4816,#4818,.T.);
#4816 = VERTEX_POINT('',#4817);
#4817 = CARTESIAN_POINT('',(28.010669222648,0.69999998074,-18.));
#4818 = SURFACE_CURVE('',#4819,(#4843,#4870),.PCURVE_S1.);
#4819 = B_SPLINE_CURVE_WITH_KNOTS('',8,(#4820,#4821,#4822,#4823,#4824,
    #4825,#4826,#4827,#4828,#4829,#4830,#4831,#4832,#4833,#4834,#4835,
    #4836,#4837,#4838,#4839,#4840,#4841,#4842),.UNSPECIFIED.,.F.,.F.,(9,
    7,7,9),(0.,0.308000482875,0.699955230234,1.),.UNSPECIFIED.);
#4820 = CARTESIAN_POINT('',(41.55068391861,3.825633243347,-8.5));
#4821 = CARTESIAN_POINT('',(41.21557156445,3.748274514838,-9.06962174832
    ));
#4822 = CARTESIAN_POINT('',(40.858817240898,3.665919864174,
    -9.625896212405));
#4823 = CARTESIAN_POINT('',(40.481028621481,3.578709569237,
    -10.16784694191));
#4824 = CARTESIAN_POINT('',(40.082795257958,3.486779724605,
    -10.6944312539));
#4825 = CARTESIAN_POINT('',(39.664543584455,3.390228770105,
    -11.20443611613));
#4826 = CARTESIAN_POINT('',(39.226676952997,3.289149817194,
    -11.69660346429));
#4827 = CARTESIAN_POINT('',(38.769800227767,3.183682495233,
    -12.16981875773));
#4828 = CARTESIAN_POINT('',(37.690389682163,2.934506879024,
    -13.20015537967));
#4829 = CARTESIAN_POINT('',(37.056560045383,2.788191011573,
    -13.74507075181));
#4830 = CARTESIAN_POINT('',(36.39555526042,2.635601919979,-14.255779021)
  );
#4831 = CARTESIAN_POINT('',(35.709932142022,2.477329829985,
    -14.73134802283));
#4832 = CARTESIAN_POINT('',(35.002725561885,2.314075323986,
    -15.17225316419));
#4833 = CARTESIAN_POINT('',(34.277135085197,2.146577002906,
    -15.57984492348));
#4834 = CARTESIAN_POINT('',(33.536247792147,1.975547501167,
    -15.95593463307));
#4835 = CARTESIAN_POINT('',(32.206190758538,1.668511608018,
    -16.56790696857));
#4836 = CARTESIAN_POINT('',(31.622011990408,1.533657353428,
    -16.81606531912));
#4837 = CARTESIAN_POINT('',(31.031405109833,1.397319206645,
    -17.04803165679));
#4838 = CARTESIAN_POINT('',(30.435317673785,1.259715905662,
    -17.26483817383));
#4839 = CARTESIAN_POINT('',(29.834576080597,1.121038219702,
    -17.46750158795));
#4840 = CARTESIAN_POINT('',(29.22987358533,0.981446182645,
    -17.65698976518));
#4841 = CARTESIAN_POINT('',(28.62176516343,0.84106790733,-17.83420729245
    ));
#4842 = CARTESIAN_POINT('',(28.010669222648,0.69999998074,-18.));
#4843 = PCURVE('',#723,#4844);
#4844 = DEFINITIONAL_REPRESENTATION('',(#4845),#4869);
#4845 = B_SPLINE_CURVE_WITH_KNOTS('',8,(#4846,#4847,#4848,#4849,#4850,
    #4851,#4852,#4853,#4854,#4855,#4856,#4857,#4858,#4859,#4860,#4861,
    #4862,#4863,#4864,#4865,#4866,#4867,#4868),.UNSPECIFIED.,.F.,.F.,(9,
    7,7,9),(0.,0.308000482875,0.699955230234,1.),.UNSPECIFIED.);
#4846 = CARTESIAN_POINT('',(6.331033708949,0.456873576543));
#4847 = CARTESIAN_POINT('',(6.332396446844,0.487772770274));
#4848 = CARTESIAN_POINT('',(6.333847192035,0.518019843866));
#4849 = CARTESIAN_POINT('',(6.33538347341,0.547542470039));
#4850 = CARTESIAN_POINT('',(6.337002893551,0.576268455896));
#4851 = CARTESIAN_POINT('',(6.338703718359,0.604128628055));
#4852 = CARTESIAN_POINT('',(6.340484307599,0.631063705213));
#4853 = CARTESIAN_POINT('',(6.342342201584,0.657029974383));
#4854 = CARTESIAN_POINT('',(6.346731635865,0.71377310313));
#4855 = CARTESIAN_POINT('',(6.349309110718,0.743936529625));
#4856 = CARTESIAN_POINT('',(6.351997093594,0.772410852839));
#4857 = CARTESIAN_POINT('',(6.354785187181,0.799192367487));
#4858 = CARTESIAN_POINT('',(6.357661050141,0.824343844268));
#4859 = CARTESIAN_POINT('',(6.360611671409,0.84795735433));
#4860 = CARTESIAN_POINT('',(6.363624497341,0.870138222169));
#4861 = CARTESIAN_POINT('',(6.36903318819,0.906960583682));
#4862 = CARTESIAN_POINT('',(6.371408757265,0.922155061611));
#4863 = CARTESIAN_POINT('',(6.373810466326,0.936631919316));
#4864 = CARTESIAN_POINT('',(6.376234462124,0.950444099952));
#4865 = CARTESIAN_POINT('',(6.3786773841,0.963641960475));
#4866 = CARTESIAN_POINT('',(6.381136413126,0.97627231179));
#4867 = CARTESIAN_POINT('',(6.383609292389,0.988378281605));
#4868 = CARTESIAN_POINT('',(6.386094320428,1.));
#4869 = ( GEOMETRIC_REPRESENTATION_CONTEXT(2) 
PARAMETRIC_REPRESENTATION_CONTEXT() REPRESENTATION_CONTEXT('2D SPACE',''
  ) );
#4870 = PCURVE('',#3737,#4871);
#4871 = DEFINITIONAL_REPRESENTATION('',(#4872),#4896);
#4872 = B_SPLINE_CURVE_WITH_KNOTS('',8,(#4873,#4874,#4875,#4876,#4877,
    #4878,#4879,#4880,#4881,#4882,#4883,#4884,#4885,#4886,#4887,#4888,
    #4889,#4890,#4891,#4892,#4893,#4894,#4895),.UNSPECIFIED.,.F.,.F.,(9,
    7,7,9),(0.,0.308000482875,0.699955230234,1.),.UNSPECIFIED.);
#4873 = CARTESIAN_POINT('',(10.,-241.3464510298));
#4874 = CARTESIAN_POINT('',(9.43037825168,-241.0025256559));
#4875 = CARTESIAN_POINT('',(8.874103787595,-240.636389157));
#4876 = CARTESIAN_POINT('',(8.33215305809,-240.2486651875));
#4877 = CARTESIAN_POINT('',(7.8055687461,-239.8399588037));
#4878 = CARTESIAN_POINT('',(7.295563883861,-239.4107076544));
#4879 = CARTESIAN_POINT('',(6.80339653571,-238.9613256992));
#4880 = CARTESIAN_POINT('',(6.330181242266,-238.4924337094));
#4881 = CARTESIAN_POINT('',(5.299844620327,-237.3846360683));
#4882 = CARTESIAN_POINT('',(4.754929248188,-236.7341375352));
#4883 = CARTESIAN_POINT('',(4.244220979,-236.0557491829));
#4884 = CARTESIAN_POINT('',(3.768651977167,-235.3520950669));
#4885 = CARTESIAN_POINT('',(3.327746835801,-234.6262898721));
#4886 = CARTESIAN_POINT('',(2.920155076517,-233.8816173082));
#4887 = CARTESIAN_POINT('',(2.544065366922,-233.1212456416));
#4888 = CARTESIAN_POINT('',(1.932093031424,-231.7562098353));
#4889 = CARTESIAN_POINT('',(1.68393468088,-231.1566679243));
#4890 = CARTESIAN_POINT('',(1.451968343209,-230.5505288497));
#4891 = CARTESIAN_POINT('',(1.235161826169,-229.9387650883));
#4892 = CARTESIAN_POINT('',(1.032498412045,-229.3222247714));
#4893 = CARTESIAN_POINT('',(0.843010234816,-228.7016193858));
#4894 = CARTESIAN_POINT('',(0.665792707548,-228.0775185022));
#4895 = CARTESIAN_POINT('',(0.5,-227.4503515318));
#4896 = ( GEOMETRIC_REPRESENTATION_CONTEXT(2) 
PARAMETRIC_REPRESENTATION_CONTEXT() REPRESENTATION_CONTEXT('2D SPACE',''
  ) );
#4897 = ORIENTED_EDGE('',*,*,#4898,.F.);
#4898 = EDGE_CURVE('',#4899,#4816,#4901,.T.);
#4899 = VERTEX_POINT('',#4900);
#4900 = CARTESIAN_POINT('',(32.505844711228,0.69999998074,-18.));
#4901 = SURFACE_CURVE('',#4902,(#4912,#4919),.PCURVE_S1.);
#4902 = B_SPLINE_CURVE_WITH_KNOTS('',8,(#4903,#4904,#4905,#4906,#4907,
    #4908,#4909,#4910,#4911),.UNSPECIFIED.,.F.,.F.,(9,9),(6.,7.),
  .PIECEWISE_BEZIER_KNOTS.);
#4903 = CARTESIAN_POINT('',(122.95554237496,0.69999998074,-18.));
#4904 = CARTESIAN_POINT('',(92.216656781224,0.69999998074,-18.));
#4905 = CARTESIAN_POINT('',(61.477771187482,0.69999998074,-18.));
#4906 = CARTESIAN_POINT('',(30.738885593741,0.69999998074,-18.));
#4907 = CARTESIAN_POINT('',(0.,0.69999998074,-18.));
#4908 = CARTESIAN_POINT('',(-30.73888559374,0.69999998074,-18.));
#4909 = CARTESIAN_POINT('',(-61.47777118748,0.69999998074,-18.));
#4910 = CARTESIAN_POINT('',(-92.21665678122,0.69999998074,-18.));
#4911 = CARTESIAN_POINT('',(-122.9555423749,0.69999998074,-18.));
#4912 = PCURVE('',#723,#4913);
#4913 = DEFINITIONAL_REPRESENTATION('',(#4914),#4918);
#4914 = LINE('',#4915,#4916);
#4915 = CARTESIAN_POINT('',(0.,1.));
#4916 = VECTOR('',#4917,1.);
#4917 = DIRECTION('',(1.,0.));
#4918 = ( GEOMETRIC_REPRESENTATION_CONTEXT(2) 
PARAMETRIC_REPRESENTATION_CONTEXT() REPRESENTATION_CONTEXT('2D SPACE',''
  ) );
#4919 = PCURVE('',#3663,#4920);
#4920 = DEFINITIONAL_REPRESENTATION('',(#4921),#4931);
#4921 = B_SPLINE_CURVE_WITH_KNOTS('',8,(#4922,#4923,#4924,#4925,#4926,
    #4927,#4928,#4929,#4930),.UNSPECIFIED.,.F.,.F.,(9,9),(6.,7.),
  .PIECEWISE_BEZIER_KNOTS.);
#4922 = CARTESIAN_POINT('',(246.60102813879,0.709944173815));
#4923 = CARTESIAN_POINT('',(215.86214264558,0.707458127385));
#4924 = CARTESIAN_POINT('',(185.12325715237,0.704972080954));
#4925 = CARTESIAN_POINT('',(154.38437165916,0.702486034523));
#4926 = CARTESIAN_POINT('',(123.64548616595,0.699999988093));
#4927 = CARTESIAN_POINT('',(92.906600672747,0.697513941662));
#4928 = CARTESIAN_POINT('',(62.167715179537,0.695027895231));
#4929 = CARTESIAN_POINT('',(31.428829686327,0.692541848801));
#4930 = CARTESIAN_POINT('',(0.689944193117,0.69005580237));
#4931 = ( GEOMETRIC_REPRESENTATION_CONTEXT(2) 
PARAMETRIC_REPRESENTATION_CONTEXT() REPRESENTATION_CONTEXT('2D SPACE',''
  ) );
#4932 = ORIENTED_EDGE('',*,*,#4933,.T.);
#4933 = EDGE_CURVE('',#4899,#4934,#4936,.T.);
#4934 = VERTEX_POINT('',#4935);
#4935 = CARTESIAN_POINT('',(35.494155288772,0.69999998074,-18.));
#4936 = SURFACE_CURVE('',#4937,(#4994,#5054),.PCURVE_S1.);
#4937 = B_SPLINE_CURVE_WITH_KNOTS('',7,(#4938,#4939,#4940,#4941,#4942,
    #4943,#4944,#4945,#4946,#4947,#4948,#4949,#4950,#4951,#4952,#4953,
    #4954,#4955,#4956,#4957,#4958,#4959,#4960,#4961,#4962,#4963,#4964,
    #4965,#4966,#4967,#4968,#4969,#4970,#4971,#4972,#4973,#4974,#4975,
    #4976,#4977,#4978,#4979,#4980,#4981,#4982,#4983,#4984,#4985,#4986,
    #4987,#4988,#4989,#4990,#4991,#4992,#4993),.UNSPECIFIED.,.F.,.F.,(8,
    6,6,6,6,6,6,6,6,8),(0.,6.815481531289E-02,0.206699102717,
    0.365905197586,0.486972104943,0.561850465467,0.67997134438,
    0.812029262268,0.931724797024,1.),.UNSPECIFIED.);
#4938 = CARTESIAN_POINT('',(32.505844711228,0.69999998074,-18.));
#4939 = CARTESIAN_POINT('',(32.519001980625,0.728084272448,
    -17.96699341321));
#4940 = CARTESIAN_POINT('',(32.532736429569,0.755797349001,
    -17.9339280502));
#4941 = CARTESIAN_POINT('',(32.54704103499,0.783141525037,
    -17.90081486643));
#4942 = CARTESIAN_POINT('',(32.561910738385,0.810118996468,
    -17.86766507828));
#4943 = CARTESIAN_POINT('',(32.577342445816,0.836731840476,-17.834490163
    ));
#4944 = CARTESIAN_POINT('',(32.593335027912,0.862982015519,
    -17.80130185877));
#4945 = CARTESIAN_POINT('',(32.6435406851,0.941498911548,-17.7006445543)
  );
#4946 = CARTESIAN_POINT('',(32.679510198099,0.992630006683,
    -17.63317820532));
#4947 = CARTESIAN_POINT('',(32.717809152929,1.042287153554,
    -17.56580554432));
#4948 = CARTESIAN_POINT('',(32.758484531285,1.090478143563,
    -17.49863893039));
#4949 = CARTESIAN_POINT('',(32.801617139515,1.137198138076,
    -17.43181163825));
#4950 = CARTESIAN_POINT('',(32.847338073801,1.182427452953,
    -17.36548595154));
#4951 = CARTESIAN_POINT('',(32.95162579644,1.276339473094,
    -17.22446489952));
#4952 = CARTESIAN_POINT('',(33.010995129208,1.324445197357,
    -17.1501256408));
#4953 = CARTESIAN_POINT('',(33.074396696579,1.370491789079,
    -17.07700979484));
#4954 = CARTESIAN_POINT('',(33.142298317698,1.414359646125,
    -17.00552089416));
#4955 = CARTESIAN_POINT('',(33.215306226658,1.455748234221,
    -16.93640669537));
#4956 = CARTESIAN_POINT('',(33.294070326166,1.494239044328,
    -16.87069728897));
#4957 = CARTESIAN_POINT('',(33.445246785599,1.555543152861,
    -16.76411372028));
#4958 = CARTESIAN_POINT('',(33.514589350331,1.579873151363,
    -16.72111309531));
#4959 = CARTESIAN_POINT('',(33.588557575174,1.601725884079,
    -16.68190919232));
#4960 = CARTESIAN_POINT('',(33.667440172191,1.620411428911,
    -16.64792376637));
#4961 = CARTESIAN_POINT('',(33.751090105295,1.635052827968,
    -16.62102897018));
#4962 = CARTESIAN_POINT('',(33.838846216025,1.644567371035,
    -16.60349448917));
#4963 = CARTESIAN_POINT('',(33.984125345974,1.650859138827,
    -16.59188815698));
#4964 = CARTESIAN_POINT('',(34.040248931542,1.651104366056,
    -16.59142934786));
#4965 = CARTESIAN_POINT('',(34.096246493289,1.649085961806,
    -16.59516111113));
#4966 = CARTESIAN_POINT('',(34.151520942176,1.644860695112,
    -16.60297051962));
#4967 = CARTESIAN_POINT('',(34.205594867955,1.638591552057,
    -16.61451812863));
#4968 = CARTESIAN_POINT('',(34.258096090434,1.630504453675,
    -16.62933038508));
#4969 = CARTESIAN_POINT('',(34.388643211915,1.605637518972,
    -16.67457460277));
#4970 = CARTESIAN_POINT('',(34.463986382337,1.586524189991,
    -16.70910552503));
#4971 = CARTESIAN_POINT('',(34.5347840436,1.564305417302,-16.74881921854
    ));
#4972 = CARTESIAN_POINT('',(34.601278177096,1.539629839263,
    -16.79231111052));
#4973 = CARTESIAN_POINT('',(34.663803373766,1.512969800232,
    -16.83857194334));
#4974 = CARTESIAN_POINT('',(34.722797901346,1.484619165349,
    -16.88695426163));
#4975 = CARTESIAN_POINT('',(34.84134718638,1.421152033584,
    -16.99334756532));
#4976 = CARTESIAN_POINT('',(34.899979066588,1.385721966651,
    -17.05167006346));
#4977 = CARTESIAN_POINT('',(34.955208393577,1.348598046386,
    -17.11156986067));
#4978 = CARTESIAN_POINT('',(35.007362641714,1.309926193289,
    -17.17265078915));
#4979 = CARTESIAN_POINT('',(35.056708212528,1.269806768023,
    -17.23461599918));
#4980 = CARTESIAN_POINT('',(35.103453628191,1.22828983422,
    -17.29726412144));
#4981 = CARTESIAN_POINT('',(35.187944090629,1.146479595933,
    -17.41775804678));
#4982 = CARTESIAN_POINT('',(35.226104498855,1.106452510533,
    -17.47547945709));
#4983 = CARTESIAN_POINT('',(35.26236971391,1.065313227741,
    -17.53351585103));
#4984 = CARTESIAN_POINT('',(35.296813607483,1.023070132612,
    -17.59176973013));
#4985 = CARTESIAN_POINT('',(35.329482880306,0.979724098514,
    -17.65015793666));
#4986 = CARTESIAN_POINT('',(35.360404254438,0.935269449952,
    -17.70860818296));
#4987 = CARTESIAN_POINT('',(35.406229481806,0.863696435503,
    -17.80039846608));
#4988 = CARTESIAN_POINT('',(35.422307396221,0.837335434965,
    -17.83373763818));
#4989 = CARTESIAN_POINT('',(35.437819355502,0.810608502642,
    -17.86706351532));
#4990 = CARTESIAN_POINT('',(35.452764242936,0.783513655913,
    -17.90036419391));
#4991 = CARTESIAN_POINT('',(35.467138940594,0.756048790667,
    -17.93362803686));
#4992 = CARTESIAN_POINT('',(35.480938329329,0.728211681306,
    -17.96684367358));
#4993 = CARTESIAN_POINT('',(35.494155288772,0.69999998074,-18.));
#4994 = PCURVE('',#723,#4995);
#4995 = DEFINITIONAL_REPRESENTATION('',(#4996),#5053);
#4996 = B_SPLINE_CURVE_WITH_KNOTS('',7,(#4997,#4998,#4999,#5000,#5001,
    #5002,#5003,#5004,#5005,#5006,#5007,#5008,#5009,#5010,#5011,#5012,
    #5013,#5014,#5015,#5016,#5017,#5018,#5019,#5020,#5021,#5022,#5023,
    #5024,#5025,#5026,#5027,#5028,#5029,#5030,#5031,#5032,#5033,#5034,
    #5035,#5036,#5037,#5038,#5039,#5040,#5041,#5042,#5043,#5044,#5045,
    #5046,#5047,#5048,#5049,#5050,#5051,#5052),.UNSPECIFIED.,.F.,.F.,(8,
    6,6,6,6,6,6,6,6,8),(0.,6.815481531289E-02,0.206699102717,
    0.365905197586,0.486972104943,0.561850465467,0.67997134438,
    0.812029262268,0.931724797024,1.),.UNSPECIFIED.);
#4997 = CARTESIAN_POINT('',(6.367814642255,1.));
#4998 = CARTESIAN_POINT('',(6.367761138081,0.997686308026));
#4999 = CARTESIAN_POINT('',(6.367705286801,0.995381305875));
#5000 = CARTESIAN_POINT('',(6.367647116973,0.993085359863));
#5001 = CARTESIAN_POINT('',(6.367586649168,0.990798854191));
#5002 = CARTESIAN_POINT('',(6.367523895969,0.988522190948));
#5003 = CARTESIAN_POINT('',(6.367458861966,0.986255790109));
#5004 = CARTESIAN_POINT('',(6.367254700136,0.97941472859));
#5005 = CARTESIAN_POINT('',(6.367108429735,0.974874058687));
#5006 = CARTESIAN_POINT('',(6.366952686634,0.970381174198));
#5007 = CARTESIAN_POINT('',(6.366787279782,0.965940547471));
#5008 = CARTESIAN_POINT('',(6.366611880579,0.961558011387));
#5009 = CARTESIAN_POINT('',(6.366425955921,0.957241194536));
#5010 = CARTESIAN_POINT('',(6.366001868806,0.948127173831));
#5011 = CARTESIAN_POINT('',(6.365760442793,0.943362686873));
#5012 = CARTESIAN_POINT('',(6.365502619655,0.938712371544));
#5013 = CARTESIAN_POINT('',(6.365226497002,0.934197731328));
#5014 = CARTESIAN_POINT('',(6.364929609576,0.929861237518));
#5015 = CARTESIAN_POINT('',(6.364609314541,0.925761802617));
#5016 = CARTESIAN_POINT('',(6.363994553887,0.919142922194));
#5017 = CARTESIAN_POINT('',(6.363712571622,0.916483473086));
#5018 = CARTESIAN_POINT('',(6.363411779061,0.914067667376));
#5019 = CARTESIAN_POINT('',(6.363091002155,0.911980300425));
#5020 = CARTESIAN_POINT('',(6.362750838826,0.910332275112));
#5021 = CARTESIAN_POINT('',(6.362393977683,0.909258643126));
#5022 = CARTESIAN_POINT('',(6.361803198581,0.908548149557));
#5023 = CARTESIAN_POINT('',(6.361574971433,0.908520155138));
#5024 = CARTESIAN_POINT('',(6.361347256762,0.908748478328));
#5025 = CARTESIAN_POINT('',(6.361122482637,0.909226323082));
#5026 = CARTESIAN_POINT('',(6.360902590452,0.909933463981));
#5027 = CARTESIAN_POINT('',(6.360689093681,0.910841726295));
#5028 = CARTESIAN_POINT('',(6.360158222445,0.913620400195));
#5029 = CARTESIAN_POINT('',(6.359851838654,0.915744690281));
#5030 = CARTESIAN_POINT('',(6.359563939223,0.918194118125));
#5031 = CARTESIAN_POINT('',(6.359293540133,0.920885751659));
#5032 = CARTESIAN_POINT('',(6.359039280767,0.923759913652));
#5033 = CARTESIAN_POINT('',(6.358799378903,0.926778621934));
#5034 = CARTESIAN_POINT('',(6.358317296995,0.933447667468));
#5035 = CARTESIAN_POINT('',(6.35807886984,0.937121040325));
#5036 = CARTESIAN_POINT('',(6.357854279204,0.940914121349));
#5037 = CARTESIAN_POINT('',(6.357642193408,0.944804782277));
#5038 = CARTESIAN_POINT('',(6.357441529128,0.948776792443));
#5039 = CARTESIAN_POINT('',(6.357251438406,0.952819759984));
#5040 = CARTESIAN_POINT('',(6.356907857056,0.960652043159));
#5041 = CARTESIAN_POINT('',(6.356752677356,0.964428052446));
#5042 = CARTESIAN_POINT('',(6.35660520448,0.968250528603));
#5043 = CARTESIAN_POINT('',(6.356465138026,0.97211501556));
#5044 = CARTESIAN_POINT('',(6.356332288086,0.976017953044));
#5045 = CARTESIAN_POINT('',(6.356206545994,0.979956489657));
#5046 = CARTESIAN_POINT('',(6.356020197228,0.98619410165));
#5047 = CARTESIAN_POINT('',(6.35595481622,0.988470550527));
#5048 = CARTESIAN_POINT('',(6.355891736676,0.99075736288));
#5049 = CARTESIAN_POINT('',(6.355830963135,0.993054112653));
#5050 = CARTESIAN_POINT('',(6.355772508276,0.995360392063));
#5051 = CARTESIAN_POINT('',(6.355716392917,0.997675811594));
#5052 = CARTESIAN_POINT('',(6.355662646013,1.));
#5053 = ( GEOMETRIC_REPRESENTATION_CONTEXT(2) 
PARAMETRIC_REPRESENTATION_CONTEXT() REPRESENTATION_CONTEXT('2D SPACE',''
  ) );
#5054 = PCURVE('',#2751,#5055);
#5055 = DEFINITIONAL_REPRESENTATION('',(#5056),#5113);
#5056 = B_SPLINE_CURVE_WITH_KNOTS('',7,(#5057,#5058,#5059,#5060,#5061,
    #5062,#5063,#5064,#5065,#5066,#5067,#5068,#5069,#5070,#5071,#5072,
    #5073,#5074,#5075,#5076,#5077,#5078,#5079,#5080,#5081,#5082,#5083,
    #5084,#5085,#5086,#5087,#5088,#5089,#5090,#5091,#5092,#5093,#5094,
    #5095,#5096,#5097,#5098,#5099,#5100,#5101,#5102,#5103,#5104,#5105,
    #5106,#5107,#5108,#5109,#5110,#5111,#5112),.UNSPECIFIED.,.F.,.F.,(8,
    6,6,6,6,6,6,6,6,8),(0.,6.815481531289E-02,0.206699102717,
    0.365905197586,0.486972104943,0.561850465467,0.67997134438,
    0.812029262268,0.931724797024,1.),.UNSPECIFIED.);
#5057 = CARTESIAN_POINT('',(2.70346753808,3.));
#5058 = CARTESIAN_POINT('',(2.684671438425,3.033006586787));
#5059 = CARTESIAN_POINT('',(2.665930593717,3.066071949797));
#5060 = CARTESIAN_POINT('',(2.647234864653,3.099185133564));
#5061 = CARTESIAN_POINT('',(2.628573747623,3.132334921718));
#5062 = CARTESIAN_POINT('',(2.609936374706,3.165509836995));
#5063 = CARTESIAN_POINT('',(2.591311513674,3.19869814123));
#5064 = CARTESIAN_POINT('',(2.534829035586,3.299355445699));
#5065 = CARTESIAN_POINT('',(2.496977678679,3.366821794676));
#5066 = CARTESIAN_POINT('',(2.459030020331,3.434194455675));
#5067 = CARTESIAN_POINT('',(2.420877540691,3.501361069609));
#5068 = CARTESIAN_POINT('',(2.382403219835,3.568188361744));
#5069 = CARTESIAN_POINT('',(2.343468762644,3.634514048459));
#5070 = CARTESIAN_POINT('',(2.258414042246,3.775535100471));
#5071 = CARTESIAN_POINT('',(2.212166541571,3.849874359194));
#5072 = CARTESIAN_POINT('',(2.164782969563,3.922990205159));
#5073 = CARTESIAN_POINT('',(2.115930237022,3.994479105835));
#5074 = CARTESIAN_POINT('',(2.065211632446,4.063593304622));
#5075 = CARTESIAN_POINT('',(2.012208079895,4.129302711027));
#5076 = CARTESIAN_POINT('',(1.913339335135,4.235886279714));
#5077 = CARTESIAN_POINT('',(1.868852365782,4.278886904686));
#5078 = CARTESIAN_POINT('',(1.822206167129,4.318090807674));
#5079 = CARTESIAN_POINT('',(1.773213414746,4.352076233627));
#5080 = CARTESIAN_POINT('',(1.721914691437,4.378971029812));
#5081 = CARTESIAN_POINT('',(1.668529791813,4.396505510829));
#5082 = CARTESIAN_POINT('',(1.580399301824,4.408111843014));
#5083 = CARTESIAN_POINT('',(1.546410450287,4.408570652138));
#5084 = CARTESIAN_POINT('',(1.512494791181,4.404838888865));
#5085 = CARTESIAN_POINT('',(1.478945001988,4.397029480373));
#5086 = CARTESIAN_POINT('',(1.445990878333,4.385481871363));
#5087 = CARTESIAN_POINT('',(1.413816871051,4.370669614915));
#5088 = CARTESIAN_POINT('',(1.333274824543,4.325425397228));
#5089 = CARTESIAN_POINT('',(1.286251290875,4.290894474967));
#5090 = CARTESIAN_POINT('',(1.241385996983,4.25118078146));
#5091 = CARTESIAN_POINT('',(1.198494577425,4.207688889477));
#5092 = CARTESIAN_POINT('',(1.157367868452,4.161428056659));
#5093 = CARTESIAN_POINT('',(1.11773690186,4.113045738362));
#5094 = CARTESIAN_POINT('',(1.036240317748,4.006652434677));
#5095 = CARTESIAN_POINT('',(0.994778047982,3.948329936536));
#5096 = CARTESIAN_POINT('',(0.954519423857,3.888430139322));
#5097 = CARTESIAN_POINT('',(0.915242639364,3.82734921085));
#5098 = CARTESIAN_POINT('',(0.876758170232,3.765384000816));
#5099 = CARTESIAN_POINT('',(0.838902217532,3.702735878551));
#5100 = CARTESIAN_POINT('',(0.767624869373,3.582241953219));
#5101 = CARTESIAN_POINT('',(0.734134877916,3.524520542908));
#5102 = CARTESIAN_POINT('',(0.700937677076,3.466484148967));
#5103 = CARTESIAN_POINT('',(0.667947551024,3.408230269864));
#5104 = CARTESIAN_POINT('',(0.635089762083,3.349842063332));
#5105 = CARTESIAN_POINT('',(0.602294868999,3.291391817037));
#5106 = CARTESIAN_POINT('',(0.550788103691,3.199601533915));
#5107 = CARTESIAN_POINT('',(0.532079031473,3.166262361818));
#5108 = CARTESIAN_POINT('',(0.513357539716,3.132936484673));
#5109 = CARTESIAN_POINT('',(0.494612236434,3.099635806083));
#5110 = CARTESIAN_POINT('',(0.475832101503,3.066371963138));
#5111 = CARTESIAN_POINT('',(0.457006486662,3.03315632642));
#5112 = CARTESIAN_POINT('',(0.43812511551,3.));
#5113 = ( GEOMETRIC_REPRESENTATION_CONTEXT(2) 
PARAMETRIC_REPRESENTATION_CONTEXT() REPRESENTATION_CONTEXT('2D SPACE',''
  ) );
#5114 = ORIENTED_EDGE('',*,*,#5115,.F.);
#5115 = EDGE_CURVE('',#5116,#4934,#5118,.T.);
#5116 = VERTEX_POINT('',#5117);
#5117 = CARTESIAN_POINT('',(99.464402208286,0.69999998074,-18.));
#5118 = SURFACE_CURVE('',#5119,(#5129,#5136),.PCURVE_S1.);
#5119 = B_SPLINE_CURVE_WITH_KNOTS('',8,(#5120,#5121,#5122,#5123,#5124,
    #5125,#5126,#5127,#5128),.UNSPECIFIED.,.F.,.F.,(9,9),(6.,7.),
  .PIECEWISE_BEZIER_KNOTS.);
#5120 = CARTESIAN_POINT('',(122.95554237496,0.69999998074,-18.));
#5121 = CARTESIAN_POINT('',(92.216656781224,0.69999998074,-18.));
#5122 = CARTESIAN_POINT('',(61.477771187482,0.69999998074,-18.));
#5123 = CARTESIAN_POINT('',(30.738885593741,0.69999998074,-18.));
#5124 = CARTESIAN_POINT('',(0.,0.69999998074,-18.));
#5125 = CARTESIAN_POINT('',(-30.73888559374,0.69999998074,-18.));
#5126 = CARTESIAN_POINT('',(-61.47777118748,0.69999998074,-18.));
#5127 = CARTESIAN_POINT('',(-92.21665678122,0.69999998074,-18.));
#5128 = CARTESIAN_POINT('',(-122.9555423749,0.69999998074,-18.));
#5129 = PCURVE('',#723,#5130);
#5130 = DEFINITIONAL_REPRESENTATION('',(#5131),#5135);
#5131 = LINE('',#5132,#5133);
#5132 = CARTESIAN_POINT('',(0.,1.));
#5133 = VECTOR('',#5134,1.);
#5134 = DIRECTION('',(1.,0.));
#5135 = ( GEOMETRIC_REPRESENTATION_CONTEXT(2) 
PARAMETRIC_REPRESENTATION_CONTEXT() REPRESENTATION_CONTEXT('2D SPACE',''
  ) );
#5136 = PCURVE('',#3441,#5137);
#5137 = DEFINITIONAL_REPRESENTATION('',(#5138),#5148);
#5138 = B_SPLINE_CURVE_WITH_KNOTS('',8,(#5139,#5140,#5141,#5142,#5143,
    #5144,#5145,#5146,#5147),.UNSPECIFIED.,.F.,.F.,(9,9),(6.,7.),
  .PIECEWISE_BEZIER_KNOTS.);
#5139 = CARTESIAN_POINT('',(246.60102813879,0.709944173815));
#5140 = CARTESIAN_POINT('',(215.86214264558,0.707458127385));
#5141 = CARTESIAN_POINT('',(185.12325715237,0.704972080954));
#5142 = CARTESIAN_POINT('',(154.38437165916,0.702486034523));
#5143 = CARTESIAN_POINT('',(123.64548616595,0.699999988093));
#5144 = CARTESIAN_POINT('',(92.906600672747,0.697513941662));
#5145 = CARTESIAN_POINT('',(62.167715179537,0.695027895231));
#5146 = CARTESIAN_POINT('',(31.428829686327,0.692541848801));
#5147 = CARTESIAN_POINT('',(0.689944193117,0.69005580237));
#5148 = ( GEOMETRIC_REPRESENTATION_CONTEXT(2) 
PARAMETRIC_REPRESENTATION_CONTEXT() REPRESENTATION_CONTEXT('2D SPACE',''
  ) );
#5149 = ORIENTED_EDGE('',*,*,#5150,.F.);
#5150 = EDGE_CURVE('',#4313,#5116,#5151,.T.);
#5151 = SURFACE_CURVE('',#5152,(#5183,#5217),.PCURVE_S1.);
#5152 = B_SPLINE_CURVE_WITH_KNOTS('',8,(#5153,#5154,#5155,#5156,#5157,
    #5158,#5159,#5160,#5161,#5162,#5163,#5164,#5165,#5166,#5167,#5168,
    #5169,#5170,#5171,#5172,#5173,#5174,#5175,#5176,#5177,#5178,#5179,
    #5180,#5181,#5182),.UNSPECIFIED.,.F.,.F.,(9,7,7,7,9),(0.,
    0.260217847082,0.518506356642,0.811541725834,1.),.UNSPECIFIED.);
#5153 = CARTESIAN_POINT('',(100.19104638654,4.339046907986,-2.9999994));
#5154 = CARTESIAN_POINT('',(100.18053908799,4.309371808672,
    -3.498734617703));
#5155 = CARTESIAN_POINT('',(100.16930256532,4.277376221226,
    -3.997394109813));
#5156 = CARTESIAN_POINT('',(100.15714756281,4.242454875662,
    -4.495947701284));
#5157 = CARTESIAN_POINT('',(100.14395376391,4.204160985819,
    -4.994366921271));
#5158 = CARTESIAN_POINT('',(100.12964986263,4.162150037709,
    -5.492622454213));
#5159 = CARTESIAN_POINT('',(100.11420164219,4.116147110713,
    -5.990682581772));
#5160 = CARTESIAN_POINT('',(100.09760179731,4.065915823865,
    -6.488511684946));
#5161 = CARTESIAN_POINT('',(100.06224025421,3.956903803593,
    -7.479935027304));
#5162 = CARTESIAN_POINT('',(100.04349596682,3.898189950396,
    -7.973526102288));
#5163 = CARTESIAN_POINT('',(100.02362614429,3.834821418423,
    -8.466814444571));
#5164 = CARTESIAN_POINT('',(100.0026493808,3.766541999316,
    -8.959761754637));
#5165 = CARTESIAN_POINT('',(99.98058325662,3.693040706974,
    -9.452314570253));
#5166 = CARTESIAN_POINT('',(99.957435147624,3.613898205603,
    -9.94440005691));
#5167 = CARTESIAN_POINT('',(99.933199682428,3.528522256637,
    -10.43592110798));
#5168 = CARTESIAN_POINT('',(99.879117515419,3.331185052494,
    -11.4836103956));
#5169 = CARTESIAN_POINT('',(99.84896656785,3.217234278624,
    -12.03935434856));
#5170 = CARTESIAN_POINT('',(99.817379896495,3.092962830923,
    -12.59402858548));
#5171 = CARTESIAN_POINT('',(99.784328815632,2.956703477496,
    -13.14742505865));
#5172 = CARTESIAN_POINT('',(99.749789540645,2.806289935522,
    -13.6990713856));
#5173 = CARTESIAN_POINT('',(99.713834300619,2.638758424697,
    -14.24818803616));
#5174 = CARTESIAN_POINT('',(99.67666532877,2.450237789204,
    -14.79367604143));
#5175 = CARTESIAN_POINT('',(99.614857264637,2.096026191976,
    -15.68140189338));
#5176 = CARTESIAN_POINT('',(99.590508466259,1.946360997979,
    -16.0262936277));
#5177 = CARTESIAN_POINT('',(99.566190604648,1.783985963334,
    -16.36848542068));
#5178 = CARTESIAN_POINT('',(99.542204488579,1.606967836799,
    -16.70737519812));
#5179 = CARTESIAN_POINT('',(99.519043484207,1.413031744022,
    -17.0418633896));
#5180 = CARTESIAN_POINT('',(99.497454637131,1.199512943689,
    -17.3703420034));
#5181 = CARTESIAN_POINT('',(99.478595670638,0.963210451186,
    -17.69065699337));
#5182 = CARTESIAN_POINT('',(99.464402208286,0.69999998074,-18.));
#5183 = PCURVE('',#723,#5184);
#5184 = DEFINITIONAL_REPRESENTATION('',(#5185),#5216);
#5185 = B_SPLINE_CURVE_WITH_KNOTS('',8,(#5186,#5187,#5188,#5189,#5190,
    #5191,#5192,#5193,#5194,#5195,#5196,#5197,#5198,#5199,#5200,#5201,
    #5202,#5203,#5204,#5205,#5206,#5207,#5208,#5209,#5210,#5211,#5212,
    #5213,#5214,#5215),.UNSPECIFIED.,.F.,.F.,(9,7,7,7,9),(0.,
    0.260217847082,0.518506356642,0.811541725834,1.),.UNSPECIFIED.);
#5186 = CARTESIAN_POINT('',(6.092572061219,0.161992047653));
#5187 = CARTESIAN_POINT('',(6.092614789259,0.188531031716));
#5188 = CARTESIAN_POINT('',(6.092660482625,0.215032601825));
#5189 = CARTESIAN_POINT('',(6.09270991117,0.24154786468));
#5190 = CARTESIAN_POINT('',(6.092763563865,0.268108366224));
#5191 = CARTESIAN_POINT('',(6.092821730769,0.29473163286));
#5192 = CARTESIAN_POINT('',(6.092884551182,0.321423951501));
#5193 = CARTESIAN_POINT('',(6.092952054605,0.348182632407));
#5194 = CARTESIAN_POINT('',(6.09309585269,0.40161853268));
#5195 = CARTESIAN_POINT('',(6.093172076531,0.428294476763));
#5196 = CARTESIAN_POINT('',(6.093252877372,0.455021101277));
#5197 = CARTESIAN_POINT('',(6.093338179601,0.481786212169));
#5198 = CARTESIAN_POINT('',(6.093427911726,0.508575737325));
#5199 = CARTESIAN_POINT('',(6.093522043753,0.535377412088));
#5200 = CARTESIAN_POINT('',(6.093620597526,0.562184564013));
#5201 = CARTESIAN_POINT('',(6.093840523224,0.619422837936));
#5202 = CARTESIAN_POINT('',(6.093963132368,0.649844006813));
#5203 = CARTESIAN_POINT('',(6.094091579898,0.680280004438));
#5204 = CARTESIAN_POINT('',(6.094225982464,0.710752306356));
#5205 = CARTESIAN_POINT('',(6.094366436787,0.741292637918));
#5206 = CARTESIAN_POINT('',(6.094512649147,0.77195312309));
#5207 = CARTESIAN_POINT('',(6.09466379716,0.802809868267));
#5208 = CARTESIAN_POINT('',(6.0949151403,0.854059134138));
#5209 = CARTESIAN_POINT('',(6.095014154943,0.874232608285));
#5210 = CARTESIAN_POINT('',(6.095113043782,0.894572793174));
#5211 = CARTESIAN_POINT('',(6.095210583574,0.915120512903));
#5212 = CARTESIAN_POINT('',(6.095304768041,0.935908569553));
#5213 = CARTESIAN_POINT('',(6.095392559313,0.956964504584));
#5214 = CARTESIAN_POINT('',(6.095469249498,0.978315709034));
#5215 = CARTESIAN_POINT('',(6.095526967361,1.));
#5216 = ( GEOMETRIC_REPRESENTATION_CONTEXT(2) 
PARAMETRIC_REPRESENTATION_CONTEXT() REPRESENTATION_CONTEXT('2D SPACE',''
  ) );
#5217 = PCURVE('',#3380,#5218);
#5218 = DEFINITIONAL_REPRESENTATION('',(#5219),#5250);
#5219 = B_SPLINE_CURVE_WITH_KNOTS('',8,(#5220,#5221,#5222,#5223,#5224,
    #5225,#5226,#5227,#5228,#5229,#5230,#5231,#5232,#5233,#5234,#5235,
    #5236,#5237,#5238,#5239,#5240,#5241,#5242,#5243,#5244,#5245,#5246,
    #5247,#5248,#5249),.UNSPECIFIED.,.F.,.F.,(9,7,7,7,9),(0.,
    0.260217847082,0.518506356642,0.811541725834,1.),.UNSPECIFIED.);
#5220 = CARTESIAN_POINT('',(2.801289539461,16.0000006));
#5221 = CARTESIAN_POINT('',(2.803711107785,15.501265382297));
#5222 = CARTESIAN_POINT('',(2.806319661588,15.002605890187));
#5223 = CARTESIAN_POINT('',(2.809163970983,14.504052298716));
#5224 = CARTESIAN_POINT('',(2.812279557691,14.005633078729));
#5225 = CARTESIAN_POINT('',(2.815693297729,13.507377545787));
#5226 = CARTESIAN_POINT('',(2.819426114893,13.009317418228));
#5227 = CARTESIAN_POINT('',(2.82349552196,12.511488315054));
#5228 = CARTESIAN_POINT('',(2.832311208387,11.520064972696));
#5229 = CARTESIAN_POINT('',(2.837052183667,11.026473897712));
#5230 = CARTESIAN_POINT('',(2.842160574777,10.533185555429));
#5231 = CARTESIAN_POINT('',(2.847654921023,10.040238245363));
#5232 = CARTESIAN_POINT('',(2.853557897584,9.547685429747));
#5233 = CARTESIAN_POINT('',(2.859900523836,9.05559994309));
#5234 = CARTESIAN_POINT('',(2.866727101071,8.564078892019));
#5235 = CARTESIAN_POINT('',(2.882466632752,7.5163896044));
#5236 = CARTESIAN_POINT('',(2.891533377701,6.96064565144));
#5237 = CARTESIAN_POINT('',(2.901395839319,6.405971414515));
#5238 = CARTESIAN_POINT('',(2.912179939715,5.852574941346));
#5239 = CARTESIAN_POINT('',(2.924049146804,5.300928614396));
#5240 = CARTESIAN_POINT('',(2.937227031295,4.751811963835));
#5241 = CARTESIAN_POINT('',(2.952004245687,4.206323958567));
#5242 = CARTESIAN_POINT('',(2.97966299591,3.318598106611));
#5243 = CARTESIAN_POINT('',(2.991326279438,2.973706372296));
#5244 = CARTESIAN_POINT('',(3.003954296475,2.631514579311));
#5245 = CARTESIAN_POINT('',(3.017692505445,2.292624801873));
#5246 = CARTESIAN_POINT('',(3.032712451633,1.958136610398));
#5247 = CARTESIAN_POINT('',(3.049215196992,1.629657996596));
#5248 = CARTESIAN_POINT('',(3.067444071542,1.309343006629));
#5249 = CARTESIAN_POINT('',(3.087720446888,1.));
#5250 = ( GEOMETRIC_REPRESENTATION_CONTEXT(2) 
PARAMETRIC_REPRESENTATION_CONTEXT() REPRESENTATION_CONTEXT('2D SPACE',''
  ) );
#5251 = ADVANCED_FACE('',(#5252,#5255,#5281,#5307,#5333,#5359),#611,.F.
  );
#5252 = FACE_BOUND('',#5253,.F.);
#5253 = EDGE_LOOP('',(#5254));
#5254 = ORIENTED_EDGE('',*,*,#596,.T.);
#5255 = FACE_BOUND('',#5256,.F.);
#5256 = EDGE_LOOP('',(#5257));
#5257 = ORIENTED_EDGE('',*,*,#5258,.F.);
#5258 = EDGE_CURVE('',#5259,#5259,#5261,.T.);
#5259 = VERTEX_POINT('',#5260);
#5260 = CARTESIAN_POINT('',(-118.7955423749,-8.,-3.));
#5261 = SURFACE_CURVE('',#5262,(#5267,#5274),.PCURVE_S1.);
#5262 = CIRCLE('',#5263,1.65);
#5263 = AXIS2_PLACEMENT_3D('',#5264,#5265,#5266);
#5264 = CARTESIAN_POINT('',(-120.4455423749,-8.,-3.));
#5265 = DIRECTION('',(0.,0.,1.));
#5266 = DIRECTION('',(1.,0.,-0.));
#5267 = PCURVE('',#611,#5268);
#5268 = DEFINITIONAL_REPRESENTATION('',(#5269),#5273);
#5269 = CIRCLE('',#5270,1.65);
#5270 = AXIS2_PLACEMENT_2D('',#5271,#5272);
#5271 = CARTESIAN_POINT('',(-8.,-8.));
#5272 = DIRECTION('',(1.,0.));
#5273 = ( GEOMETRIC_REPRESENTATION_CONTEXT(2) 
PARAMETRIC_REPRESENTATION_CONTEXT() REPRESENTATION_CONTEXT('2D SPACE',''
  ) );
#5274 = PCURVE('',#2503,#5275);
#5275 = DEFINITIONAL_REPRESENTATION('',(#5276),#5280);
#5276 = LINE('',#5277,#5278);
#5277 = CARTESIAN_POINT('',(0.,4.));
#5278 = VECTOR('',#5279,1.);
#5279 = DIRECTION('',(1.,0.));
#5280 = ( GEOMETRIC_REPRESENTATION_CONTEXT(2) 
PARAMETRIC_REPRESENTATION_CONTEXT() REPRESENTATION_CONTEXT('2D SPACE',''
  ) );
#5281 = FACE_BOUND('',#5282,.F.);
#5282 = EDGE_LOOP('',(#5283));
#5283 = ORIENTED_EDGE('',*,*,#5284,.F.);
#5284 = EDGE_CURVE('',#5285,#5285,#5287,.T.);
#5285 = VERTEX_POINT('',#5286);
#5286 = CARTESIAN_POINT('',(-102.7955423749,-8.,-3.));
#5287 = SURFACE_CURVE('',#5288,(#5293,#5300),.PCURVE_S1.);
#5288 = CIRCLE('',#5289,1.65);
#5289 = AXIS2_PLACEMENT_3D('',#5290,#5291,#5292);
#5290 = CARTESIAN_POINT('',(-104.4455423749,-8.,-3.));
#5291 = DIRECTION('',(0.,0.,1.));
#5292 = DIRECTION('',(1.,0.,-0.));
#5293 = PCURVE('',#611,#5294);
#5294 = DEFINITIONAL_REPRESENTATION('',(#5295),#5299);
#5295 = CIRCLE('',#5296,1.65);
#5296 = AXIS2_PLACEMENT_2D('',#5297,#5298);
#5297 = CARTESIAN_POINT('',(8.,-8.));
#5298 = DIRECTION('',(1.,0.));
#5299 = ( GEOMETRIC_REPRESENTATION_CONTEXT(2) 
PARAMETRIC_REPRESENTATION_CONTEXT() REPRESENTATION_CONTEXT('2D SPACE',''
  ) );
#5300 = PCURVE('',#2534,#5301);
#5301 = DEFINITIONAL_REPRESENTATION('',(#5302),#5306);
#5302 = LINE('',#5303,#5304);
#5303 = CARTESIAN_POINT('',(0.,4.));
#5304 = VECTOR('',#5305,1.);
#5305 = DIRECTION('',(1.,0.));
#5306 = ( GEOMETRIC_REPRESENTATION_CONTEXT(2) 
PARAMETRIC_REPRESENTATION_CONTEXT() REPRESENTATION_CONTEXT('2D SPACE',''
  ) );
#5307 = FACE_BOUND('',#5308,.F.);
#5308 = EDGE_LOOP('',(#5309));
#5309 = ORIENTED_EDGE('',*,*,#5310,.F.);
#5310 = EDGE_CURVE('',#5311,#5311,#5313,.T.);
#5311 = VERTEX_POINT('',#5312);
#5312 = CARTESIAN_POINT('',(-118.7955423749,8.,-3.));
#5313 = SURFACE_CURVE('',#5314,(#5319,#5326),.PCURVE_S1.);
#5314 = CIRCLE('',#5315,1.65);
#5315 = AXIS2_PLACEMENT_3D('',#5316,#5317,#5318);
#5316 = CARTESIAN_POINT('',(-120.4455423749,8.,-3.));
#5317 = DIRECTION('',(0.,0.,1.));
#5318 = DIRECTION('',(1.,0.,-0.));
#5319 = PCURVE('',#611,#5320);
#5320 = DEFINITIONAL_REPRESENTATION('',(#5321),#5325);
#5321 = CIRCLE('',#5322,1.65);
#5322 = AXIS2_PLACEMENT_2D('',#5323,#5324);
#5323 = CARTESIAN_POINT('',(-8.,8.));
#5324 = DIRECTION('',(1.,0.));
#5325 = ( GEOMETRIC_REPRESENTATION_CONTEXT(2) 
PARAMETRIC_REPRESENTATION_CONTEXT() REPRESENTATION_CONTEXT('2D SPACE',''
  ) );
#5326 = PCURVE('',#2689,#5327);
#5327 = DEFINITIONAL_REPRESENTATION('',(#5328),#5332);
#5328 = LINE('',#5329,#5330);
#5329 = CARTESIAN_POINT('',(0.,4.));
#5330 = VECTOR('',#5331,1.);
#5331 = DIRECTION('',(1.,0.));
#5332 = ( GEOMETRIC_REPRESENTATION_CONTEXT(2) 
PARAMETRIC_REPRESENTATION_CONTEXT() REPRESENTATION_CONTEXT('2D SPACE',''
  ) );
#5333 = FACE_BOUND('',#5334,.F.);
#5334 = EDGE_LOOP('',(#5335));
#5335 = ORIENTED_EDGE('',*,*,#5336,.F.);
#5336 = EDGE_CURVE('',#5337,#5337,#5339,.T.);
#5337 = VERTEX_POINT('',#5338);
#5338 = CARTESIAN_POINT('',(-107.9455423749,-1.102182119233E-15,-3.));
#5339 = SURFACE_CURVE('',#5340,(#5345,#5352),.PCURVE_S1.);
#5340 = CIRCLE('',#5341,4.5);
#5341 = AXIS2_PLACEMENT_3D('',#5342,#5343,#5344);
#5342 = CARTESIAN_POINT('',(-112.4455423749,0.,-3.));
#5343 = DIRECTION('',(0.,0.,1.));
#5344 = DIRECTION('',(1.,0.,-0.));
#5345 = PCURVE('',#611,#5346);
#5346 = DEFINITIONAL_REPRESENTATION('',(#5347),#5351);
#5347 = CIRCLE('',#5348,4.5);
#5348 = AXIS2_PLACEMENT_2D('',#5349,#5350);
#5349 = CARTESIAN_POINT('',(0.,0.));
#5350 = DIRECTION('',(1.,0.));
#5351 = ( GEOMETRIC_REPRESENTATION_CONTEXT(2) 
PARAMETRIC_REPRESENTATION_CONTEXT() REPRESENTATION_CONTEXT('2D SPACE',''
  ) );
#5352 = PCURVE('',#2565,#5353);
#5353 = DEFINITIONAL_REPRESENTATION('',(#5354),#5358);
#5354 = LINE('',#5355,#5356);
#5355 = CARTESIAN_POINT('',(0.,4.));
#5356 = VECTOR('',#5357,1.);
#5357 = DIRECTION('',(1.,0.));
#5358 = ( GEOMETRIC_REPRESENTATION_CONTEXT(2) 
PARAMETRIC_REPRESENTATION_CONTEXT() REPRESENTATION_CONTEXT('2D SPACE',''
  ) );
#5359 = FACE_BOUND('',#5360,.F.);
#5360 = EDGE_LOOP('',(#5361));
#5361 = ORIENTED_EDGE('',*,*,#5362,.F.);
#5362 = EDGE_CURVE('',#5363,#5363,#5365,.T.);
#5363 = VERTEX_POINT('',#5364);
#5364 = CARTESIAN_POINT('',(-102.7955423749,8.,-3.));
#5365 = SURFACE_CURVE('',#5366,(#5371,#5378),.PCURVE_S1.);
#5366 = CIRCLE('',#5367,1.65);
#5367 = AXIS2_PLACEMENT_3D('',#5368,#5369,#5370);
#5368 = CARTESIAN_POINT('',(-104.4455423749,8.,-3.));
#5369 = DIRECTION('',(0.,0.,1.));
#5370 = DIRECTION('',(1.,0.,-0.));
#5371 = PCURVE('',#611,#5372);
#5372 = DEFINITIONAL_REPRESENTATION('',(#5373),#5377);
#5373 = CIRCLE('',#5374,1.65);
#5374 = AXIS2_PLACEMENT_2D('',#5375,#5376);
#5375 = CARTESIAN_POINT('',(8.,8.));
#5376 = DIRECTION('',(1.,0.));
#5377 = ( GEOMETRIC_REPRESENTATION_CONTEXT(2) 
PARAMETRIC_REPRESENTATION_CONTEXT() REPRESENTATION_CONTEXT('2D SPACE',''
  ) );
#5378 = PCURVE('',#2720,#5379);
#5379 = DEFINITIONAL_REPRESENTATION('',(#5380),#5384);
#5380 = LINE('',#5381,#5382);
#5381 = CARTESIAN_POINT('',(0.,4.));
#5382 = VECTOR('',#5383,1.);
#5383 = DIRECTION('',(1.,0.));
#5384 = ( GEOMETRIC_REPRESENTATION_CONTEXT(2) 
PARAMETRIC_REPRESENTATION_CONTEXT() REPRESENTATION_CONTEXT('2D SPACE',''
  ) );
#5385 = ADVANCED_FACE('',(#5386),#2319,.F.);
#5386 = FACE_BOUND('',#5387,.F.);
#5387 = EDGE_LOOP('',(#5388,#5414,#5415,#5416));
#5388 = ORIENTED_EDGE('',*,*,#5389,.F.);
#5389 = EDGE_CURVE('',#2202,#5390,#5392,.T.);
#5390 = VERTEX_POINT('',#5391);
#5391 = CARTESIAN_POINT('',(112.43554237496,12.999996153846,
    -14.61725341247));
#5392 = SURFACE_CURVE('',#5393,(#5400,#5407),.PCURVE_S1.);
#5393 = ( BOUNDED_CURVE() B_SPLINE_CURVE(5,(#5394,#5395,#5396,#5397,
#5398,#5399),.UNSPECIFIED.,.F.,.F.) B_SPLINE_CURVE_WITH_KNOTS((6,6),(0.,
1.),.PIECEWISE_BEZIER_KNOTS.) CURVE() GEOMETRIC_REPRESENTATION_ITEM() 
RATIONAL_B_SPLINE_CURVE((1.,1.,1.,1.,1.,1.)) REPRESENTATION_ITEM('') );
#5394 = CARTESIAN_POINT('',(112.43554237496,14.999999991083,0.));
#5395 = CARTESIAN_POINT('',(112.43554237496,14.797353833957,
    -3.594413273843));
#5396 = CARTESIAN_POINT('',(112.43554237496,14.717561176333,
    -7.739430263657));
#5397 = CARTESIAN_POINT('',(112.43554237496,13.927831641208,
    -10.83065080678));
#5398 = CARTESIAN_POINT('',(112.43554237496,13.627660375443,
    -15.14684692625));
#5399 = CARTESIAN_POINT('',(112.43554237496,11.199999991083,-18.));
#5400 = PCURVE('',#2319,#5401);
#5401 = DEFINITIONAL_REPRESENTATION('',(#5402),#5406);
#5402 = LINE('',#5403,#5404);
#5403 = CARTESIAN_POINT('',(7.,0.));
#5404 = VECTOR('',#5405,1.);
#5405 = DIRECTION('',(0.,1.));
#5406 = ( GEOMETRIC_REPRESENTATION_CONTEXT(2) 
PARAMETRIC_REPRESENTATION_CONTEXT() REPRESENTATION_CONTEXT('2D SPACE',''
  ) );
#5407 = PCURVE('',#2229,#5408);
#5408 = DEFINITIONAL_REPRESENTATION('',(#5409),#5413);
#5409 = LINE('',#5410,#5411);
#5410 = CARTESIAN_POINT('',(7.,0.));
#5411 = VECTOR('',#5412,1.);
#5412 = DIRECTION('',(0.,1.));
#5413 = ( GEOMETRIC_REPRESENTATION_CONTEXT(2) 
PARAMETRIC_REPRESENTATION_CONTEXT() REPRESENTATION_CONTEXT('2D SPACE',''
  ) );
#5414 = ORIENTED_EDGE('',*,*,#2291,.T.);
#5415 = ORIENTED_EDGE('',*,*,#4312,.T.);
#5416 = ORIENTED_EDGE('',*,*,#5417,.T.);
#5417 = EDGE_CURVE('',#4313,#5390,#5418,.T.);
#5418 = SURFACE_CURVE('',#5419,(#5462,#5508),.PCURVE_S1.);
#5419 = B_SPLINE_CURVE_WITH_KNOTS('',6,(#5420,#5421,#5422,#5423,#5424,
    #5425,#5426,#5427,#5428,#5429,#5430,#5431,#5432,#5433,#5434,#5435,
    #5436,#5437,#5438,#5439,#5440,#5441,#5442,#5443,#5444,#5445,#5446,
    #5447,#5448,#5449,#5450,#5451,#5452,#5453,#5454,#5455,#5456,#5457,
    #5458,#5459,#5460,#5461),.UNSPECIFIED.,.F.,.F.,(7,5,5,5,5,5,5,5,7),(
    0.,0.102012617417,0.211015838506,0.281013641345,0.480188444045,
    0.680318498478,0.750316390399,0.860319874095,1.),.UNSPECIFIED.);
#5420 = CARTESIAN_POINT('',(99.470860413578,0.81094266189,
    -14.61899032792));
#5421 = CARTESIAN_POINT('',(99.49164678332,1.14351430869,-14.61968841039
    ));
#5422 = CARTESIAN_POINT('',(99.522662718528,1.47544713807,
    -14.62036206611));
#5423 = CARTESIAN_POINT('',(99.563883550268,1.806346833891,
    -14.62101048458));
#5424 = CARTESIAN_POINT('',(99.615264592959,2.135821885215,
    -14.62163290194));
#5425 = CARTESIAN_POINT('',(99.676741144366,2.463483586306,
    -14.62222860096));
#5426 = CARTESIAN_POINT('',(99.824614629406,3.136711404557,
    -14.62340416558));
#5427 = CARTESIAN_POINT('',(99.912430847696,3.481966928678,
    -14.62398015244));
#5428 = CARTESIAN_POINT('',(100.01157365868,3.824241662665,
    -14.62452405928));
#5429 = CARTESIAN_POINT('',(100.12191439332,4.163072404898,
    -14.62503514919));
#5430 = CARTESIAN_POINT('',(100.24329919537,4.498003698466,
    -14.62551276066));
#5431 = CARTESIAN_POINT('',(100.46047492673,5.04087663063,
    -14.62624113689));
#5432 = CARTESIAN_POINT('',(100.54988139079,5.251373095731,
    -14.62651191914));
#5433 = CARTESIAN_POINT('',(100.64372106671,5.459958876918,
    -14.6267684993));
#5434 = CARTESIAN_POINT('',(100.74194254195,5.666517505328,
    -14.6270107353));
#5435 = CARTESIAN_POINT('',(100.84449033817,5.870934392794,
    -14.62723849815));
#5436 = CARTESIAN_POINT('',(101.25523975876,6.6483386577,-14.62805824566
    ));
#5437 = CARTESIAN_POINT('',(101.59372710137,7.205339221945,
    -14.62854671002));
#5438 = CARTESIAN_POINT('',(101.96538596661,7.741478589475,
    -14.62891436048));
#5439 = CARTESIAN_POINT('',(102.36858685749,8.254318631029,
    -14.62915942249));
#5440 = CARTESIAN_POINT('',(102.80147839683,8.741585106135,
    -14.62928095864));
#5441 = CARTESIAN_POINT('',(103.72465483318,9.662994905582,
    -14.62927700807));
#5442 = CARTESIAN_POINT('',(104.2152237294,10.096890900042,
    -14.62915033374));
#5443 = CARTESIAN_POINT('',(104.73154444393,10.500751131409,
    -14.62889896348));
#5444 = CARTESIAN_POINT('',(105.27130528619,10.872703090634,
    -14.62852387089));
#5445 = CARTESIAN_POINT('',(105.8320282115,11.211100741012,
    -14.62802688127));
#5446 = CARTESIAN_POINT('',(106.61357044706,11.620687697769,
    -14.62719527511));
#5447 = CARTESIAN_POINT('',(106.81833056019,11.722549086804,
    -14.62696520777));
#5448 = CARTESIAN_POINT('',(107.02521788959,11.820076981147,
    -14.62672068333));
#5449 = CARTESIAN_POINT('',(107.23411766112,11.913216287125,
    -14.62646183202));
#5450 = CARTESIAN_POINT('',(107.44491323364,12.00191598314,
    -14.62618879714));
#5451 = CARTESIAN_POINT('',(107.9915498125,12.218472225111,
    -14.62545060944));
#5452 = CARTESIAN_POINT('',(108.330003695,12.339735198147,
    -14.62496484017));
#5453 = CARTESIAN_POINT('',(108.67238695535,12.449735557759,
    -14.62444503443));
#5454 = CARTESIAN_POINT('',(109.01823087692,12.54831698052,
    -14.62389187759));
#5455 = CARTESIAN_POINT('',(109.36705881755,12.635349300602,
    -14.62330613316));
#5456 = CARTESIAN_POINT('',(110.16449439343,12.806443455093,
    -14.62190456627));
#5457 = CARTESIAN_POINT('',(110.61463581271,12.883370261716,
    -14.62106928699));
#5458 = CARTESIAN_POINT('',(111.0678165335,12.941295924953,
    -14.62018456474));
#5459 = CARTESIAN_POINT('',(111.52303510254,12.980078116541,
    -14.61925229765));
#5460 = CARTESIAN_POINT('',(111.9792825471,12.999645184643,
    -14.61827452204));
#5461 = CARTESIAN_POINT('',(112.43554237496,12.999996153846,
    -14.61725341247));
#5462 = PCURVE('',#2319,#5463);
#5463 = DEFINITIONAL_REPRESENTATION('',(#5464),#5507);
#5464 = B_SPLINE_CURVE_WITH_KNOTS('',6,(#5465,#5466,#5467,#5468,#5469,
    #5470,#5471,#5472,#5473,#5474,#5475,#5476,#5477,#5478,#5479,#5480,
    #5481,#5482,#5483,#5484,#5485,#5486,#5487,#5488,#5489,#5490,#5491,
    #5492,#5493,#5494,#5495,#5496,#5497,#5498,#5499,#5500,#5501,#5502,
    #5503,#5504,#5505,#5506),.UNSPECIFIED.,.F.,.F.,(7,5,5,5,5,5,5,5,7),(
    0.,0.102012617417,0.211015838506,0.281013641345,0.480188444045,
    0.680318498478,0.750316390399,0.860319874095,1.),.UNSPECIFIED.);
#5465 = CARTESIAN_POINT('',(7.960720307776,0.793153694252));
#5466 = CARTESIAN_POINT('',(7.944388931292,0.793193209516));
#5467 = CARTESIAN_POINT('',(7.928057180553,0.793231342846));
#5468 = CARTESIAN_POINT('',(7.911725074998,0.793268048262));
#5469 = CARTESIAN_POINT('',(7.89539263487,0.793303282429));
#5470 = CARTESIAN_POINT('',(7.879059881221,0.793337004651));
#5471 = CARTESIAN_POINT('',(7.845274538396,0.793403553758));
#5472 = CARTESIAN_POINT('',(7.827821888631,0.793436161137));
#5473 = CARTESIAN_POINT('',(7.810368913874,0.793466952915));
#5474 = CARTESIAN_POINT('',(7.79291564203,0.79349588727));
#5475 = CARTESIAN_POINT('',(7.77546210165,0.793522926656));
#5476 = CARTESIAN_POINT('',(7.746800155603,0.793564163244));
#5477 = CARTESIAN_POINT('',(7.735591885076,0.793579493546));
#5478 = CARTESIAN_POINT('',(7.724383517243,0.793594019907));
#5479 = CARTESIAN_POINT('',(7.713175059088,0.793607734263));
#5480 = CARTESIAN_POINT('',(7.701966517678,0.793620629291));
#5481 = CARTESIAN_POINT('',(7.65886441078,0.793667040392));
#5482 = CARTESIAN_POINT('',(7.626969662829,0.793694696024));
#5483 = CARTESIAN_POINT('',(7.595075179452,0.79371551177));
#5484 = CARTESIAN_POINT('',(7.563180378472,0.793729386863));
#5485 = CARTESIAN_POINT('',(7.53128468097,0.793736268082));
#5486 = CARTESIAN_POINT('',(7.467341586095,0.793736044405));
#5487 = CARTESIAN_POINT('',(7.435292906993,0.79372887227));
#5488 = CARTESIAN_POINT('',(7.403245148563,0.793714640015));
#5489 = CARTESIAN_POINT('',(7.371197716505,0.793693402916));
#5490 = CARTESIAN_POINT('',(7.339150012938,0.793665264623));
#5491 = CARTESIAN_POINT('',(7.295894976464,0.793618182173));
#5492 = CARTESIAN_POINT('',(7.284686433899,0.793605156688));
#5493 = CARTESIAN_POINT('',(7.273477975417,0.793591312784));
#5494 = CARTESIAN_POINT('',(7.262269608079,0.793576657858));
#5495 = CARTESIAN_POINT('',(7.251061338858,0.793561200042));
#5496 = CARTESIAN_POINT('',(7.222239256918,0.793519408035));
#5497 = CARTESIAN_POINT('',(7.204625584631,0.793491906845));
#5498 = CARTESIAN_POINT('',(7.187012187858,0.793462479109));
#5499 = CARTESIAN_POINT('',(7.169399095997,0.793431163728));
#5500 = CARTESIAN_POINT('',(7.151786337772,0.793398004031));
#5501 = CARTESIAN_POINT('',(7.111810087982,0.793318661056));
#5502 = CARTESIAN_POINT('',(7.089446763437,0.79327137668));
#5503 = CARTESIAN_POINT('',(7.06708403236,0.793221294515));
#5504 = CARTESIAN_POINT('',(7.044721956343,0.79316852225));
#5505 = CARTESIAN_POINT('',(7.022360593807,0.793113175406));
#5506 = CARTESIAN_POINT('',(7.,0.793055377329));
#5507 = ( GEOMETRIC_REPRESENTATION_CONTEXT(2) 
PARAMETRIC_REPRESENTATION_CONTEXT() REPRESENTATION_CONTEXT('2D SPACE',''
  ) );
#5508 = PCURVE('',#3380,#5509);
#5509 = DEFINITIONAL_REPRESENTATION('',(#5510),#5553);
#5510 = B_SPLINE_CURVE_WITH_KNOTS('',6,(#5511,#5512,#5513,#5514,#5515,
    #5516,#5517,#5518,#5519,#5520,#5521,#5522,#5523,#5524,#5525,#5526,
    #5527,#5528,#5529,#5530,#5531,#5532,#5533,#5534,#5535,#5536,#5537,
    #5538,#5539,#5540,#5541,#5542,#5543,#5544,#5545,#5546,#5547,#5548,
    #5549,#5550,#5551,#5552),.UNSPECIFIED.,.F.,.F.,(7,5,5,5,5,5,5,5,7),(
    0.,0.102012617417,0.211015838506,0.281013641345,0.480188444045,
    0.680318498478,0.750316390399,0.860319874095,1.),.UNSPECIFIED.);
#5511 = CARTESIAN_POINT('',(3.079171921244,4.38100967208));
#5512 = CARTESIAN_POINT('',(3.053539566803,4.380311589606));
#5513 = CARTESIAN_POINT('',(3.027907194025,4.379637933889));
#5514 = CARTESIAN_POINT('',(3.002274808875,4.378989515419));
#5515 = CARTESIAN_POINT('',(2.976642417368,4.378367098057));
#5516 = CARTESIAN_POINT('',(2.951010025572,4.37777139904));
#5517 = CARTESIAN_POINT('',(2.897988746889,4.376595834412));
#5518 = CARTESIAN_POINT('',(2.870599830742,4.376019847553));
#5519 = CARTESIAN_POINT('',(2.843210899674,4.375475940714));
#5520 = CARTESIAN_POINT('',(2.815821962255,4.374964850804));
#5521 = CARTESIAN_POINT('',(2.788433027114,4.374487239332));
#5522 = CARTESIAN_POINT('',(2.743455957429,4.37375886311));
#5523 = CARTESIAN_POINT('',(2.725867807816,4.373488080851));
#5524 = CARTESIAN_POINT('',(2.708279655119,4.373231500698));
#5525 = CARTESIAN_POINT('',(2.690691500361,4.372989264691));
#5526 = CARTESIAN_POINT('',(2.673103344574,4.372761501841));
#5527 = CARTESIAN_POINT('',(2.605469082853,4.371941754332));
#5528 = CARTESIAN_POINT('',(2.555421968995,4.371453289977));
#5529 = CARTESIAN_POINT('',(2.505376002889,4.371085639512));
#5530 = CARTESIAN_POINT('',(2.455330029066,4.370840577506));
#5531 = CARTESIAN_POINT('',(2.40528289225,4.370719041353));
#5532 = CARTESIAN_POINT('',(2.304950581941,4.370722991926));
#5533 = CARTESIAN_POINT('',(2.254663397278,4.370849666255));
#5534 = CARTESIAN_POINT('',(2.204377403599,4.371101036516));
#5535 = CARTESIAN_POINT('',(2.154091417989,4.371476129106));
#5536 = CARTESIAN_POINT('',(2.103804257007,4.371973118721));
#5537 = CARTESIAN_POINT('',(2.035929950048,4.372804724888));
#5538 = CARTESIAN_POINT('',(2.018341772058,4.373034792221));
#5539 = CARTESIAN_POINT('',(2.000753595113,4.373279316668));
#5540 = CARTESIAN_POINT('',(1.983165420246,4.373538167974));
#5541 = CARTESIAN_POINT('',(1.965577248477,4.373811202857));
#5542 = CARTESIAN_POINT('',(1.920348823938,4.374549390552));
#5543 = CARTESIAN_POINT('',(1.892708555449,4.375035159826));
#5544 = CARTESIAN_POINT('',(1.865068284441,4.37555496557));
#5545 = CARTESIAN_POINT('',(1.837428019936,4.376108122404));
#5546 = CARTESIAN_POINT('',(1.809787770892,4.376693866839));
#5547 = CARTESIAN_POINT('',(1.747050566233,4.378095433721));
#5548 = CARTESIAN_POINT('',(1.711953540516,4.378930713008));
#5549 = CARTESIAN_POINT('',(1.676856497998,4.379815435251));
#5550 = CARTESIAN_POINT('',(1.64175946753,4.380747702344));
#5551 = CARTESIAN_POINT('',(1.606662477859,4.381725477955));
#5552 = CARTESIAN_POINT('',(1.57156555764,4.382746587527));
#5553 = ( GEOMETRIC_REPRESENTATION_CONTEXT(2) 
PARAMETRIC_REPRESENTATION_CONTEXT() REPRESENTATION_CONTEXT('2D SPACE',''
  ) );
#5554 = ADVANCED_FACE('',(#5555),#2229,.F.);
#5555 = FACE_BOUND('',#5556,.F.);
#5556 = EDGE_LOOP('',(#5557,#5583,#5584,#5585));
#5557 = ORIENTED_EDGE('',*,*,#5558,.F.);
#5558 = EDGE_CURVE('',#2112,#5559,#5561,.T.);
#5559 = VERTEX_POINT('',#5560);
#5560 = CARTESIAN_POINT('',(112.45554237496,12.999996153846,
    -14.61725343862));
#5561 = SURFACE_CURVE('',#5562,(#5569,#5576),.PCURVE_S1.);
#5562 = ( BOUNDED_CURVE() B_SPLINE_CURVE(5,(#5563,#5564,#5565,#5566,
#5567,#5568),.UNSPECIFIED.,.F.,.F.) B_SPLINE_CURVE_WITH_KNOTS((6,6),(0.,
1.),.PIECEWISE_BEZIER_KNOTS.) CURVE() GEOMETRIC_REPRESENTATION_ITEM() 
RATIONAL_B_SPLINE_CURVE((1.,1.,1.,1.,1.,1.)) REPRESENTATION_ITEM('') );
#5563 = CARTESIAN_POINT('',(112.45554237496,15.000000000072,0.));
#5564 = CARTESIAN_POINT('',(112.45554237496,14.797353842946,
    -3.594413273843));
#5565 = CARTESIAN_POINT('',(112.45554237496,14.717561185322,
    -7.739430263657));
#5566 = CARTESIAN_POINT('',(112.45554237496,13.927831650198,
    -10.83065080678));
#5567 = CARTESIAN_POINT('',(112.45554237496,13.627660384432,
    -15.14684692625));
#5568 = CARTESIAN_POINT('',(112.45554237496,11.200000000072,-18.));
#5569 = PCURVE('',#2229,#5570);
#5570 = DEFINITIONAL_REPRESENTATION('',(#5571),#5575);
#5571 = LINE('',#5572,#5573);
#5572 = CARTESIAN_POINT('',(6.,0.));
#5573 = VECTOR('',#5574,1.);
#5574 = DIRECTION('',(0.,1.));
#5575 = ( GEOMETRIC_REPRESENTATION_CONTEXT(2) 
PARAMETRIC_REPRESENTATION_CONTEXT() REPRESENTATION_CONTEXT('2D SPACE',''
  ) );
#5576 = PCURVE('',#2139,#5577);
#5577 = DEFINITIONAL_REPRESENTATION('',(#5578),#5582);
#5578 = LINE('',#5579,#5580);
#5579 = CARTESIAN_POINT('',(6.,0.));
#5580 = VECTOR('',#5581,1.);
#5581 = DIRECTION('',(0.,1.));
#5582 = ( GEOMETRIC_REPRESENTATION_CONTEXT(2) 
PARAMETRIC_REPRESENTATION_CONTEXT() REPRESENTATION_CONTEXT('2D SPACE',''
  ) );
#5583 = ORIENTED_EDGE('',*,*,#2201,.T.);
#5584 = ORIENTED_EDGE('',*,*,#5389,.T.);
#5585 = ORIENTED_EDGE('',*,*,#5586,.T.);
#5586 = EDGE_CURVE('',#5390,#5559,#5587,.T.);
#5587 = SURFACE_CURVE('',#5588,(#5594,#5603),.PCURVE_S1.);
#5588 = B_SPLINE_CURVE_WITH_KNOTS('',4,(#5589,#5590,#5591,#5592,#5593),
  .UNSPECIFIED.,.F.,.F.,(5,5),(0.,1.),.PIECEWISE_BEZIER_KNOTS.);
#5589 = CARTESIAN_POINT('',(112.43554237496,12.999996153846,
    -14.61725341247));
#5590 = CARTESIAN_POINT('',(112.44054237495,13.000000000001,
    -14.61724227477));
#5591 = CARTESIAN_POINT('',(112.44554237496,13.000001282051,
    -14.61723850466));
#5592 = CARTESIAN_POINT('',(112.45054237497,13.000000000001,
    -14.61724224862));
#5593 = CARTESIAN_POINT('',(112.45554237496,12.999996153846,
    -14.61725343862));
#5594 = PCURVE('',#2229,#5595);
#5595 = DEFINITIONAL_REPRESENTATION('',(#5596),#5602);
#5596 = B_SPLINE_CURVE_WITH_KNOTS('',4,(#5597,#5598,#5599,#5600,#5601),
  .UNSPECIFIED.,.F.,.F.,(5,5),(0.,1.),.PIECEWISE_BEZIER_KNOTS.);
#5597 = CARTESIAN_POINT('',(7.,0.793055377329));
#5598 = CARTESIAN_POINT('',(6.750000000348,0.793054746899));
#5599 = CARTESIAN_POINT('',(6.500000000006,0.793054533499));
#5600 = CARTESIAN_POINT('',(6.249999999642,0.793054745419));
#5601 = CARTESIAN_POINT('',(6.,0.793055378809));
#5602 = ( GEOMETRIC_REPRESENTATION_CONTEXT(2) 
PARAMETRIC_REPRESENTATION_CONTEXT() REPRESENTATION_CONTEXT('2D SPACE',''
  ) );
#5603 = PCURVE('',#3380,#5604);
#5604 = DEFINITIONAL_REPRESENTATION('',(#5605),#5611);
#5605 = B_SPLINE_CURVE_WITH_KNOTS('',4,(#5606,#5607,#5608,#5609,#5610),
  .UNSPECIFIED.,.F.,.F.,(5,5),(0.,1.),.PIECEWISE_BEZIER_KNOTS.);
#5606 = CARTESIAN_POINT('',(1.57156555764,4.382746587527));
#5607 = CARTESIAN_POINT('',(1.571180942142,4.382757725222));
#5608 = CARTESIAN_POINT('',(1.570796326795,4.382761495332));
#5609 = CARTESIAN_POINT('',(1.570411711448,4.382757751375));
#5610 = CARTESIAN_POINT('',(1.57002709595,4.382746561374));
#5611 = ( GEOMETRIC_REPRESENTATION_CONTEXT(2) 
PARAMETRIC_REPRESENTATION_CONTEXT() REPRESENTATION_CONTEXT('2D SPACE',''
  ) );
#5612 = ADVANCED_FACE('',(#5613),#2139,.F.);
#5613 = FACE_BOUND('',#5614,.F.);
#5614 = EDGE_LOOP('',(#5615,#5640,#5641,#5642));
#5615 = ORIENTED_EDGE('',*,*,#5616,.F.);
#5616 = EDGE_CURVE('',#2022,#5617,#5619,.T.);
#5617 = VERTEX_POINT('',#5618);
#5618 = CARTESIAN_POINT('',(125.44553852882,9.999980739958E-03,
    -14.61725343828));
#5619 = SURFACE_CURVE('',#5620,(#5627,#5633),.PCURVE_S1.);
#5620 = ( BOUNDED_CURVE() B_SPLINE_CURVE(5,(#5621,#5622,#5623,#5624,
#5625,#5626),.UNSPECIFIED.,.F.,.F.) B_SPLINE_CURVE_WITH_KNOTS((6,6),(0.,
1.),.PIECEWISE_BEZIER_KNOTS.) CURVE() GEOMETRIC_REPRESENTATION_ITEM() 
RATIONAL_B_SPLINE_CURVE((1.,1.,1.,1.,1.,1.)) REPRESENTATION_ITEM('') );
#5621 = CARTESIAN_POINT('',(127.44554237496,9.999980739959E-03,0.));
#5622 = CARTESIAN_POINT('',(127.24289622019,9.99998073996E-03,
    -3.594413271103));
#5623 = CARTESIAN_POINT('',(127.16310355548,9.999980739958E-03,
    -7.739430269868));
#5624 = CARTESIAN_POINT('',(126.37337402951,9.999980739956E-03,
    -10.830650802));
#5625 = CARTESIAN_POINT('',(126.0732027566,9.999980739959E-03,
    -15.14684693069));
#5626 = CARTESIAN_POINT('',(123.64554237496,9.999980739958E-03,-18.));
#5627 = PCURVE('',#2139,#5628);
#5628 = DEFINITIONAL_REPRESENTATION('',(#5629),#5632);
#5629 = B_SPLINE_CURVE_WITH_KNOTS('',1,(#5630,#5631),.UNSPECIFIED.,.F.,
  .F.,(2,2),(0.,1.),.PIECEWISE_BEZIER_KNOTS.);
#5630 = CARTESIAN_POINT('',(5.,0.));
#5631 = CARTESIAN_POINT('',(5.,1.));
#5632 = ( GEOMETRIC_REPRESENTATION_CONTEXT(2) 
PARAMETRIC_REPRESENTATION_CONTEXT() REPRESENTATION_CONTEXT('2D SPACE',''
  ) );
#5633 = PCURVE('',#2049,#5634);
#5634 = DEFINITIONAL_REPRESENTATION('',(#5635),#5639);
#5635 = LINE('',#5636,#5637);
#5636 = CARTESIAN_POINT('',(5.,0.));
#5637 = VECTOR('',#5638,1.);
#5638 = DIRECTION('',(0.,1.));
#5639 = ( GEOMETRIC_REPRESENTATION_CONTEXT(2) 
PARAMETRIC_REPRESENTATION_CONTEXT() REPRESENTATION_CONTEXT('2D SPACE',''
  ) );
#5640 = ORIENTED_EDGE('',*,*,#2111,.T.);
#5641 = ORIENTED_EDGE('',*,*,#5558,.T.);
#5642 = ORIENTED_EDGE('',*,*,#5643,.T.);
#5643 = EDGE_CURVE('',#5559,#5617,#5644,.T.);
#5644 = SURFACE_CURVE('',#5645,(#5688,#5734),.PCURVE_S1.);
#5645 = B_SPLINE_CURVE_WITH_KNOTS('',6,(#5646,#5647,#5648,#5649,#5650,
    #5651,#5652,#5653,#5654,#5655,#5656,#5657,#5658,#5659,#5660,#5661,
    #5662,#5663,#5664,#5665,#5666,#5667,#5668,#5669,#5670,#5671,#5672,
    #5673,#5674,#5675,#5676,#5677,#5678,#5679,#5680,#5681,#5682,#5683,
    #5684,#5685,#5686,#5687),.UNSPECIFIED.,.F.,.F.,(7,5,5,5,5,5,5,5,7),(
    0.,0.117017262927,0.235021123736,0.311018248738,0.501749492003,
    0.675616248456,0.745612926791,0.851614209307,1.),.UNSPECIFIED.);
#5646 = CARTESIAN_POINT('',(112.45554237496,12.999996153846,
    -14.61725343862));
#5647 = CARTESIAN_POINT('',(112.85340587012,12.999690104913,
    -14.61814385311));
#5648 = CARTESIAN_POINT('',(113.25125937382,12.984772118862,
    -14.61900131236));
#5649 = CARTESIAN_POINT('',(113.64842964428,12.955242793009,
    -14.61982438231));
#5650 = CARTESIAN_POINT('',(114.04424723508,12.911143636588,
    -14.6206117028));
#5651 = CARTESIAN_POINT('',(114.4380464952,12.85255707075,
    -14.62136198757));
#5652 = CARTESIAN_POINT('',(115.22358225234,12.706040723716,
    -14.62279206436));
#5653 = CARTESIAN_POINT('',(115.61527564944,12.617867280462,
    -14.62347122009));
#5654 = CARTESIAN_POINT('',(116.00356701655,12.51521278276,
    -14.62411026824));
#5655 = CARTESIAN_POINT('',(116.387789227,12.398244788441,-14.6247081062
    ));
#5656 = CARTESIAN_POINT('',(116.76728677117,12.26717172921,
    -14.62526375195));
#5657 = CARTESIAN_POINT('',(117.38236318879,12.02890551079,
    -14.62610646486));
#5658 = CARTESIAN_POINT('',(117.62108451552,11.929821024023,
    -14.62641872911));
#5659 = CARTESIAN_POINT('',(117.8574081264,11.825055932143,
    -14.62671290714));
#5660 = CARTESIAN_POINT('',(118.09116545163,11.714683361528,
    -14.62698879051));
#5661 = CARTESIAN_POINT('',(118.32219096192,11.598783083131,
    -14.62724619205));
#5662 = CARTESIAN_POINT('',(119.1228668359,11.172908562986,
    -14.62808415012));
#5663 = CARTESIAN_POINT('',(119.67719323275,10.834096301614,
    -14.6285659102));
#5664 = CARTESIAN_POINT('',(120.21071070311,10.462379443563,
    -14.62892757161));
#5665 = CARTESIAN_POINT('',(120.72100856998,10.059377544037,
    -14.6291673977));
#5666 = CARTESIAN_POINT('',(121.20583849981,9.626928904613,
    -14.62928447949));
#5667 = CARTESIAN_POINT('',(122.07999607641,8.74795794475,
    -14.62927372243));
#5668 = CARTESIAN_POINT('',(122.47399016508,8.306047572689,
    -14.62916662224));
#5669 = CARTESIAN_POINT('',(122.84355385276,7.842956631422,
    -14.62895757314));
#5670 = CARTESIAN_POINT('',(123.18728342018,7.360379766461,
    -14.6286472187));
#5671 = CARTESIAN_POINT('',(123.50393514734,6.860132300194,
    -14.62823681548));
#5672 = CARTESIAN_POINT('',(123.90856931162,6.136420282193,
    -14.6275234713));
#5673 = CARTESIAN_POINT('',(124.02014891179,5.926140020163,
    -14.62730280359));
#5674 = CARTESIAN_POINT('',(124.12709489162,5.713433693941,
    -14.62706634177));
#5675 = CARTESIAN_POINT('',(124.22934182219,5.498429098967,
    -14.62681422198));
#5676 = CARTESIAN_POINT('',(124.32682899839,5.28125634077,
    -14.62654659571));
#5677 = CARTESIAN_POINT('',(124.55983983467,4.730083757452,
    -14.62583511296));
#5678 = CARTESIAN_POINT('',(124.68913546176,4.393450204252,
    -14.62537141658));
#5679 = CARTESIAN_POINT('',(124.807192634,4.052607853895,-14.62487312023
    ));
#5680 = CARTESIAN_POINT('',(124.91384295339,3.708026001116,
    -14.62434088304));
#5681 = CARTESIAN_POINT('',(125.00894431013,3.360182556862,
    -14.62377544363));
#5682 = CARTESIAN_POINT('',(125.20917948629,2.518751075174,
    -14.62234075745));
#5683 = CARTESIAN_POINT('',(125.30312105501,2.022495199071,
    -14.62144041049));
#5684 = CARTESIAN_POINT('',(125.37388750003,1.52213497118,
    -14.62047887869));
#5685 = CARTESIAN_POINT('',(125.4212662875,1.019021362852,
    -14.61945867947));
#5686 = CARTESIAN_POINT('',(125.44515043845,0.514517765598,
    -14.61838254824));
#5687 = CARTESIAN_POINT('',(125.44553852881,9.999991082777E-03,
    -14.61725343839));
#5688 = PCURVE('',#2139,#5689);
#5689 = DEFINITIONAL_REPRESENTATION('',(#5690),#5733);
#5690 = B_SPLINE_CURVE_WITH_KNOTS('',6,(#5691,#5692,#5693,#5694,#5695,
    #5696,#5697,#5698,#5699,#5700,#5701,#5702,#5703,#5704,#5705,#5706,
    #5707,#5708,#5709,#5710,#5711,#5712,#5713,#5714,#5715,#5716,#5717,
    #5718,#5719,#5720,#5721,#5722,#5723,#5724,#5725,#5726,#5727,#5728,
    #5729,#5730,#5731,#5732),.UNSPECIFIED.,.F.,.F.,(7,5,5,5,5,5,5,5,7),(
    0.,0.117017262927,0.235021123736,0.311018248738,0.501749492003,
    0.675616248456,0.745612926791,0.851614209307,1.),.UNSPECIFIED.);
#5691 = CARTESIAN_POINT('',(6.,0.793055378809));
#5692 = CARTESIAN_POINT('',(5.980501320807,0.793105779125));
#5693 = CARTESIAN_POINT('',(5.96100206655,0.793154315292));
#5694 = CARTESIAN_POINT('',(5.941502270793,0.793200905965));
#5695 = CARTESIAN_POINT('',(5.922001969047,0.793245473984));
#5696 = CARTESIAN_POINT('',(5.902501198777,0.793287946376));
#5697 = CARTESIAN_POINT('',(5.863334381185,0.793368902171));
#5698 = CARTESIAN_POINT('',(5.843668288591,0.793407349569));
#5699 = CARTESIAN_POINT('',(5.824001762017,0.793443527135));
#5700 = CARTESIAN_POINT('',(5.80433484296,0.793477372296));
#5701 = CARTESIAN_POINT('',(5.784667574016,0.793508829315));
#5702 = CARTESIAN_POINT('',(5.752333640706,0.793556538811));
#5703 = CARTESIAN_POINT('',(5.739667145452,0.793574217563));
#5704 = CARTESIAN_POINT('',(5.727000523262,0.793590872512));
#5705 = CARTESIAN_POINT('',(5.71433378442,0.793606491827));
#5706 = CARTESIAN_POINT('',(5.701666939351,0.793621064882));
#5707 = CARTESIAN_POINT('',(5.657209567669,0.793668507034));
#5708 = CARTESIAN_POINT('',(5.625417897842,0.793695783101));
#5709 = CARTESIAN_POINT('',(5.593626489026,0.793716259765));
#5710 = CARTESIAN_POINT('',(5.561834769411,0.793729838409));
#5711 = CARTESIAN_POINT('',(5.530042170381,0.793736467428));
#5712 = CARTESIAN_POINT('',(5.469269281122,0.793735858377));
#5713 = CARTESIAN_POINT('',(5.440287985556,0.793729794504));
#5714 = CARTESIAN_POINT('',(5.411307260159,0.793717958419));
#5715 = CARTESIAN_POINT('',(5.382326779272,0.793700386666));
#5716 = CARTESIAN_POINT('',(5.353346215352,0.793677150592));
#5717 = CARTESIAN_POINT('',(5.312699626068,0.793636763403));
#5718 = CARTESIAN_POINT('',(5.301032818628,0.793624269992));
#5719 = CARTESIAN_POINT('',(5.289366095227,0.793610882454));
#5720 = CARTESIAN_POINT('',(5.277699463947,0.793596608519));
#5721 = CARTESIAN_POINT('',(5.266032932773,0.793581456787));
#5722 = CARTESIAN_POINT('',(5.236699159538,0.793541176331));
#5723 = CARTESIAN_POINT('',(5.219032042709,0.793514924535));
#5724 = CARTESIAN_POINT('',(5.201365189714,0.793486714242));
#5725 = CARTESIAN_POINT('',(5.183698630508,0.793456582864));
#5726 = CARTESIAN_POINT('',(5.166032394398,0.793424572319));
#5727 = CARTESIAN_POINT('',(5.123636939267,0.793343353551));
#5728 = CARTESIAN_POINT('',(5.098907975205,0.793292385246));
#5729 = CARTESIAN_POINT('',(5.07417971199,0.793237954612));
#5730 = CARTESIAN_POINT('',(5.049452239171,0.793180204482));
#5731 = CARTESIAN_POINT('',(5.024725641714,0.793119290036));
#5732 = CARTESIAN_POINT('',(5.,0.793055378796));
#5733 = ( GEOMETRIC_REPRESENTATION_CONTEXT(2) 
PARAMETRIC_REPRESENTATION_CONTEXT() REPRESENTATION_CONTEXT('2D SPACE',''
  ) );
#5734 = PCURVE('',#3380,#5735);
#5735 = DEFINITIONAL_REPRESENTATION('',(#5736),#5779);
#5736 = B_SPLINE_CURVE_WITH_KNOTS('',6,(#5737,#5738,#5739,#5740,#5741,
    #5742,#5743,#5744,#5745,#5746,#5747,#5748,#5749,#5750,#5751,#5752,
    #5753,#5754,#5755,#5756,#5757,#5758,#5759,#5760,#5761,#5762,#5763,
    #5764,#5765,#5766,#5767,#5768,#5769,#5770,#5771,#5772,#5773,#5774,
    #5775,#5776,#5777,#5778),.UNSPECIFIED.,.F.,.F.,(7,5,5,5,5,5,5,5,7),(
    0.,0.117017262927,0.235021123736,0.311018248738,0.501749492003,
    0.675616248456,0.745612926791,0.851614209307,1.),.UNSPECIFIED.);
#5737 = CARTESIAN_POINT('',(1.57002709595,4.382746561374));
#5738 = CARTESIAN_POINT('',(1.539422202652,4.381856146889));
#5739 = CARTESIAN_POINT('',(1.508817271317,4.380998687635));
#5740 = CARTESIAN_POINT('',(1.478212316306,4.380175617683));
#5741 = CARTESIAN_POINT('',(1.447607352079,4.379388297196));
#5742 = CARTESIAN_POINT('',(1.417002393193,4.378638012422));
#5743 = CARTESIAN_POINT('',(1.355534478549,4.377207935632));
#5744 = CARTESIAN_POINT('',(1.324671463773,4.376528779907));
#5745 = CARTESIAN_POINT('',(1.293808425295,4.375889731752));
#5746 = CARTESIAN_POINT('',(1.262945378531,4.375291893792));
#5747 = CARTESIAN_POINT('',(1.232082338995,4.374736248045));
#5748 = CARTESIAN_POINT('',(1.181342849434,4.373893535131));
#5749 = CARTESIAN_POINT('',(1.161466370251,4.373581270882));
#5750 = CARTESIAN_POINT('',(1.141589886575,4.373287092855));
#5751 = CARTESIAN_POINT('',(1.12171340024,4.373011209481));
#5752 = CARTESIAN_POINT('',(1.101836913096,4.372753807942));
#5753 = CARTESIAN_POINT('',(1.032076080675,4.371915849874));
#5754 = CARTESIAN_POINT('',(0.982190742525,4.371434089797));
#5755 = CARTESIAN_POINT('',(0.9323065338,4.371072428385));
#5756 = CARTESIAN_POINT('',(0.882422317499,4.370832602296));
#5757 = CARTESIAN_POINT('',(0.832536956843,4.370715520501));
#5758 = CARTESIAN_POINT('',(0.737178976163,4.370726277561));
#5759 = CARTESIAN_POINT('',(0.691704780217,4.370833377757));
#5760 = CARTESIAN_POINT('',(0.646231286193,4.371042426854));
#5761 = CARTESIAN_POINT('',(0.600757798137,4.371352781298));
#5762 = CARTESIAN_POINT('',(0.555283619908,4.371763184514));
#5763 = CARTESIAN_POINT('',(0.491502935592,4.372476528696));
#5764 = CARTESIAN_POINT('',(0.473195819789,4.372697196409));
#5765 = CARTESIAN_POINT('',(0.454888704852,4.372933658228));
#5766 = CARTESIAN_POINT('',(0.436581592035,4.373185778014));
#5767 = CARTESIAN_POINT('',(0.418274482581,4.373453404289));
#5768 = CARTESIAN_POINT('',(0.372243539398,4.374164887034));
#5769 = CARTESIAN_POINT('',(0.34451968899,4.374628583417));
#5770 = CARTESIAN_POINT('',(0.316795835748,4.375126879762));
#5771 = CARTESIAN_POINT('',(0.289071988856,4.375659116951));
#5772 = CARTESIAN_POINT('',(0.261348157434,4.376224556363));
#5773 = CARTESIAN_POINT('',(0.194815206834,4.377659242541));
#5774 = CARTESIAN_POINT('',(0.156005982259,4.378559589502));
#5775 = CARTESIAN_POINT('',(0.117196724696,4.379521121307));
#5776 = CARTESIAN_POINT('',(7.838748184395E-02,4.380541320526));
#5777 = CARTESIAN_POINT('',(3.957830121917E-02,4.381617451752));
#5778 = CARTESIAN_POINT('',(7.692301591514E-04,4.382746561603));
#5779 = ( GEOMETRIC_REPRESENTATION_CONTEXT(2) 
PARAMETRIC_REPRESENTATION_CONTEXT() REPRESENTATION_CONTEXT('2D SPACE',''
  ) );
#5780 = ADVANCED_FACE('',(#5781),#1779,.F.);
#5781 = FACE_BOUND('',#5782,.F.);
#5782 = EDGE_LOOP('',(#5783,#5923,#5924,#5925));
#5783 = ORIENTED_EDGE('',*,*,#5784,.T.);
#5784 = EDGE_CURVE('',#5785,#3156,#5787,.T.);
#5785 = VERTEX_POINT('',#5786);
#5786 = CARTESIAN_POINT('',(112.43554237496,-12.99999615384,
    -14.6172534382));
#5787 = SURFACE_CURVE('',#5788,(#5831,#5877),.PCURVE_S1.);
#5788 = B_SPLINE_CURVE_WITH_KNOTS('',6,(#5789,#5790,#5791,#5792,#5793,
    #5794,#5795,#5796,#5797,#5798,#5799,#5800,#5801,#5802,#5803,#5804,
    #5805,#5806,#5807,#5808,#5809,#5810,#5811,#5812,#5813,#5814,#5815,
    #5816,#5817,#5818,#5819,#5820,#5821,#5822,#5823,#5824,#5825,#5826,
    #5827,#5828,#5829,#5830),.UNSPECIFIED.,.F.,.F.,(7,5,5,5,5,5,5,5,7),(
    0.,0.12101890668,0.238024058094,0.312022270023,0.521363589367,
    0.719945735991,0.789943589915,0.899946985345,1.),.UNSPECIFIED.);
#5789 = CARTESIAN_POINT('',(112.43554237496,-12.99999615384,
    -14.6172534382));
#5790 = CARTESIAN_POINT('',(112.04023878782,-12.99969207407,
    -14.61813812776));
#5791 = CARTESIAN_POINT('',(111.64494508536,-12.984963484,
    -14.61899028394));
#5792 = CARTESIAN_POINT('',(111.25032156678,-12.95581096767,
    -14.61980850062));
#5793 = CARTESIAN_POINT('',(110.85702485621,-12.91227498003,
    -14.6205914434));
#5794 = CARTESIAN_POINT('',(110.46570790278,-12.85443584697,
    -14.62133784962));
#5795 = CARTESIAN_POINT('',(109.70122341749,-12.71278039309,
    -14.62273170286));
#5796 = CARTESIAN_POINT('',(109.32788247367,-12.62988891604,
    -14.62338162099));
#5797 = CARTESIAN_POINT('',(108.95758377382,-12.53384809546,
    -14.62399522382));
#5798 = CARTESIAN_POINT('',(108.59090456558,-12.42480039858,
    -14.62457155147));
#5799 = CARTESIAN_POINT('',(108.22841271947,-12.3029219986,
    -14.62510974315));
#5800 = CARTESIAN_POINT('',(107.64441546295,-12.08336069015,
    -14.62592480841));
#5801 = CARTESIAN_POINT('',(107.42006198109,-11.99325044603,
    -14.62622502205));
#5802 = CARTESIAN_POINT('',(107.19774726557,-11.89814504847,
    -14.62650948575));
#5803 = CARTESIAN_POINT('',(106.97761004112,-11.798102623,
    -14.62677802344));
#5804 = CARTESIAN_POINT('',(106.75978677487,-11.69318641451,
    -14.62703047531));
#5805 = CARTESIAN_POINT('',(105.93511442304,-11.2730617436,
    -14.62793497231));
#5806 = CARTESIAN_POINT('',(105.34539501949,-10.92419175616,
    -14.62847337485));
#5807 = CARTESIAN_POINT('',(104.77832230235,-10.53841383521,
    -14.62887861066));
#5808 = CARTESIAN_POINT('',(104.23674457155,-10.1175934521,
    -14.62914852506));
#5809 = CARTESIAN_POINT('',(103.72331339793,-9.663866494903,
    -14.62928197395));
#5810 = CARTESIAN_POINT('',(102.78241649794,-8.720364846994,
    -14.62927615188));
#5811 = CARTESIAN_POINT('',(102.35186915383,-8.233621690939,
    -14.62915054477));
#5812 = CARTESIAN_POINT('',(101.95088917649,-7.721519858324,
    -14.62890216737));
#5813 = CARTESIAN_POINT('',(101.58130692052,-7.186317046871,
    -14.62853196691));
#5814 = CARTESIAN_POINT('',(101.24473309864,-6.630432542942,
    -14.62804171747));
#5815 = CARTESIAN_POINT('',(100.83601047412,-5.854147940097,
    -14.6272199378));
#5816 = CARTESIAN_POINT('',(100.73375840881,-5.649582826175,
    -14.62699118116));
#5817 = CARTESIAN_POINT('',(100.63583576259,-5.442882229153,
    -14.62674795826));
#5818 = CARTESIAN_POINT('',(100.54229784806,-5.234160817508,
    -14.62649039863));
#5819 = CARTESIAN_POINT('',(100.45319590932,-5.023535134535,
    -14.62621864486));
#5820 = CARTESIAN_POINT('',(100.23559656042,-4.477313504174,
    -14.62548372272));
#5821 = CARTESIAN_POINT('',(100.11368770707,-4.139092102224,
    -14.62499992136));
#5822 = CARTESIAN_POINT('',(100.00303392191,-3.796919832959,
    -14.62448205295));
#5823 = CARTESIAN_POINT('',(99.903792422609,-3.451265112309,
    -14.62393080017));
#5824 = CARTESIAN_POINT('',(99.816094284499,-3.102604331666,
    -14.62334692383));
#5825 = CARTESIAN_POINT('',(99.670873701689,-2.432005670239,
    -14.62217129173));
#5826 = CARTESIAN_POINT('',(99.611339051922,-2.110502397851,
    -14.62158502307));
#5827 = CARTESIAN_POINT('',(99.561519339216,-1.787276325694,
    -14.62097309252));
#5828 = CARTESIAN_POINT('',(99.521474885634,-1.462694306901,
    -14.62033617861));
#5829 = CARTESIAN_POINT('',(99.491247487398,-1.137125762773,
    -14.61967500282));
#5830 = CARTESIAN_POINT('',(99.470860414883,-0.810942682768,
    -14.61899032957));
#5831 = PCURVE('',#1779,#5832);
#5832 = DEFINITIONAL_REPRESENTATION('',(#5833),#5876);
#5833 = B_SPLINE_CURVE_WITH_KNOTS('',6,(#5834,#5835,#5836,#5837,#5838,
    #5839,#5840,#5841,#5842,#5843,#5844,#5845,#5846,#5847,#5848,#5849,
    #5850,#5851,#5852,#5853,#5854,#5855,#5856,#5857,#5858,#5859,#5860,
    #5861,#5862,#5863,#5864,#5865,#5866,#5867,#5868,#5869,#5870,#5871,
    #5872,#5873,#5874,#5875),.UNSPECIFIED.,.F.,.F.,(7,5,5,5,5,5,5,5,7),(
    0.,0.12101890668,0.238024058094,0.312022270023,0.521363589367,
    0.719945735991,0.789943589915,0.899946985345,1.),.UNSPECIFIED.);
#5834 = CARTESIAN_POINT('',(2.,0.793055378785));
#5835 = CARTESIAN_POINT('',(1.98062677797,0.793105455052));
#5836 = CARTESIAN_POINT('',(1.961252988598,0.793153691032));
#5837 = CARTESIAN_POINT('',(1.941878664684,0.793200006966));
#5838 = CARTESIAN_POINT('',(1.922503840932,0.793244327156));
#5839 = CARTESIAN_POINT('',(1.903128553951,0.793286579967));
#5840 = CARTESIAN_POINT('',(1.865019752172,0.793365485119));
#5841 = CARTESIAN_POINT('',(1.846286233285,0.7934022773));
#5842 = CARTESIAN_POINT('',(1.827552319715,0.793437014278));
#5843 = CARTESIAN_POINT('',(1.808818046496,0.793469641583));
#5844 = CARTESIAN_POINT('',(1.790083449579,0.79350011036));
#5845 = CARTESIAN_POINT('',(1.759499960183,0.793546254431));
#5846 = CARTESIAN_POINT('',(1.747651232268,0.793563250868));
#5847 = CARTESIAN_POINT('',(1.73580239025,0.793579355764));
#5848 = CARTESIAN_POINT('',(1.723953442403,0.793594559125));
#5849 = CARTESIAN_POINT('',(1.712104397109,0.793608851878));
#5850 = CARTESIAN_POINT('',(1.666734001572,0.793660060968));
#5851 = CARTESIAN_POINT('',(1.633211205426,0.793690543911));
#5852 = CARTESIAN_POINT('',(1.599688806093,0.793713487661));
#5853 = CARTESIAN_POINT('',(1.566166038867,0.793728769865));
#5854 = CARTESIAN_POINT('',(1.532642143213,0.793736325567));
#5855 = CARTESIAN_POINT('',(1.467318911023,0.793735995929));
#5856 = CARTESIAN_POINT('',(1.435518139237,0.793728884218));
#5857 = CARTESIAN_POINT('',(1.40371825662,0.793714821416));
#5858 = CARTESIAN_POINT('',(1.37191869376,0.7936938613));
#5859 = CARTESIAN_POINT('',(1.340118877817,0.793666104612));
#5860 = CARTESIAN_POINT('',(1.297111691929,0.793619578477));
#5861 = CARTESIAN_POINT('',(1.285903150069,0.79360662719));
#5862 = CARTESIAN_POINT('',(1.274694691822,0.793592856966));
#5863 = CARTESIAN_POINT('',(1.263486324251,0.793578275159));
#5864 = CARTESIAN_POINT('',(1.252278054335,0.793562889863));
#5865 = CARTESIAN_POINT('',(1.223455974005,0.793521282704));
#5866 = CARTESIAN_POINT('',(1.205842303351,0.793493892903));
#5867 = CARTESIAN_POINT('',(1.188228907102,0.793464574822));
#5868 = CARTESIAN_POINT('',(1.170615814676,0.793433367206));
#5869 = CARTESIAN_POINT('',(1.153003054823,0.793400313234));
#5870 = CARTESIAN_POINT('',(1.119371389771,0.793333760407));
#5871 = CARTESIAN_POINT('',(1.103352406219,0.793300572075));
#5872 = CARTESIAN_POINT('',(1.087333725425,0.793265931588));
#5873 = CARTESIAN_POINT('',(1.071315367092,0.793229877444));
#5874 = CARTESIAN_POINT('',(1.055297350161,0.793192450575));
#5875 = CARTESIAN_POINT('',(1.03927969281,0.793153694346));
#5876 = ( GEOMETRIC_REPRESENTATION_CONTEXT(2) 
PARAMETRIC_REPRESENTATION_CONTEXT() REPRESENTATION_CONTEXT('2D SPACE',''
  ) );
#5877 = PCURVE('',#3380,#5878);
#5878 = DEFINITIONAL_REPRESENTATION('',(#5879),#5922);
#5879 = B_SPLINE_CURVE_WITH_KNOTS('',6,(#5880,#5881,#5882,#5883,#5884,
    #5885,#5886,#5887,#5888,#5889,#5890,#5891,#5892,#5893,#5894,#5895,
    #5896,#5897,#5898,#5899,#5900,#5901,#5902,#5903,#5904,#5905,#5906,
    #5907,#5908,#5909,#5910,#5911,#5912,#5913,#5914,#5915,#5916,#5917,
    #5918,#5919,#5920,#5921),.UNSPECIFIED.,.F.,.F.,(7,5,5,5,5,5,5,5,7),(
    0.,0.12101890668,0.238024058094,0.312022270023,0.521363589367,
    0.719945735991,0.789943589915,0.899946985345,1.),.UNSPECIFIED.);
#5880 = CARTESIAN_POINT('',(4.71161974954,4.382746561792));
#5881 = CARTESIAN_POINT('',(4.681211772302,4.381861872237));
#5882 = CARTESIAN_POINT('',(4.650803758061,4.381009716055));
#5883 = CARTESIAN_POINT('',(4.620395720721,4.380191499378));
#5884 = CARTESIAN_POINT('',(4.589987674282,4.3794085566));
#5885 = CARTESIAN_POINT('',(4.559579632841,4.378662150373));
#5886 = CARTESIAN_POINT('',(4.499772111403,4.377268297131));
#5887 = CARTESIAN_POINT('',(4.470372580511,4.376618379003));
#5888 = CARTESIAN_POINT('',(4.440973029941,4.376004776178));
#5889 = CARTESIAN_POINT('',(4.411573471808,4.375428448528));
#5890 = CARTESIAN_POINT('',(4.382173918308,4.374890256845));
#5891 = CARTESIAN_POINT('',(4.334181070974,4.374075191586));
#5892 = CARTESIAN_POINT('',(4.315587755185,4.37377497795));
#5893 = CARTESIAN_POINT('',(4.296994435671,4.373490514249));
#5894 = CARTESIAN_POINT('',(4.278401113759,4.373221976552));
#5895 = CARTESIAN_POINT('',(4.259807790789,4.372969524686));
#5896 = CARTESIAN_POINT('',(4.188613863326,4.37206502769));
#5897 = CARTESIAN_POINT('',(4.136011969605,4.371526625142));
#5898 = CARTESIAN_POINT('',(4.083411547221,4.371121389337));
#5899 = CARTESIAN_POINT('',(4.030811115892,4.37085147494));
#5900 = CARTESIAN_POINT('',(3.978209195591,4.370718026045));
#5901 = CARTESIAN_POINT('',(3.875711329081,4.370723848116));
#5902 = CARTESIAN_POINT('',(3.825813131347,4.370849455221));
#5903 = CARTESIAN_POINT('',(3.775916079594,4.371097832622));
#5904 = CARTESIAN_POINT('',(3.72601903574,4.371468033085));
#5905 = CARTESIAN_POINT('',(3.676120861231,4.371958282529));
#5906 = CARTESIAN_POINT('',(3.608635514655,4.3727800622));
#5907 = CARTESIAN_POINT('',(3.591047349406,4.373008818836));
#5908 = CARTESIAN_POINT('',(3.573459185193,4.37325204174));
#5909 = CARTESIAN_POINT('',(3.555871023047,4.373509601364));
#5910 = CARTESIAN_POINT('',(3.538282863992,4.373781355132));
#5911 = CARTESIAN_POINT('',(3.493054479301,4.374516277271));
#5912 = CARTESIAN_POINT('',(3.465414237936,4.37500007864));
#5913 = CARTESIAN_POINT('',(3.437773994032,4.375517947044));
#5914 = CARTESIAN_POINT('',(3.410133756616,4.376069199823));
#5915 = CARTESIAN_POINT('',(3.382493534648,4.376653076161));
#5916 = CARTESIAN_POINT('',(3.329713339421,4.377828708264));
#5917 = CARTESIAN_POINT('',(3.304573336853,4.378414976926));
#5918 = CARTESIAN_POINT('',(3.2794333349,4.379026907479));
#5919 = CARTESIAN_POINT('',(3.254293339076,4.379663821388));
#5920 = CARTESIAN_POINT('',(3.229153354829,4.380324997177));
#5921 = CARTESIAN_POINT('',(3.204013387544,4.381009670424));
#5922 = ( GEOMETRIC_REPRESENTATION_CONTEXT(2) 
PARAMETRIC_REPRESENTATION_CONTEXT() REPRESENTATION_CONTEXT('2D SPACE',''
  ) );
#5923 = ORIENTED_EDGE('',*,*,#3155,.T.);
#5924 = ORIENTED_EDGE('',*,*,#1751,.T.);
#5925 = ORIENTED_EDGE('',*,*,#5926,.T.);
#5926 = EDGE_CURVE('',#1752,#5785,#5927,.T.);
#5927 = SURFACE_CURVE('',#5928,(#5935,#5942),.PCURVE_S1.);
#5928 = ( BOUNDED_CURVE() B_SPLINE_CURVE(5,(#5929,#5930,#5931,#5932,
#5933,#5934),.UNSPECIFIED.,.F.,.F.) B_SPLINE_CURVE_WITH_KNOTS((6,6),(0.,
1.),.PIECEWISE_BEZIER_KNOTS.) CURVE() GEOMETRIC_REPRESENTATION_ITEM() 
RATIONAL_B_SPLINE_CURVE((1.,1.,1.,1.,1.,1.)) REPRESENTATION_ITEM('') );
#5929 = CARTESIAN_POINT('',(112.43554237496,-14.99999999992,0.));
#5930 = CARTESIAN_POINT('',(112.43554237496,-14.7973538428,
    -3.594413273843));
#5931 = CARTESIAN_POINT('',(112.43554237496,-14.71756118517,
    -7.739430263657));
#5932 = CARTESIAN_POINT('',(112.43554237496,-13.92783165005,
    -10.83065080678));
#5933 = CARTESIAN_POINT('',(112.43554237496,-13.62766038428,
    -15.14684692625));
#5934 = CARTESIAN_POINT('',(112.43554237496,-11.19999999992,-18.));
#5935 = PCURVE('',#1779,#5936);
#5936 = DEFINITIONAL_REPRESENTATION('',(#5937),#5941);
#5937 = LINE('',#5938,#5939);
#5938 = CARTESIAN_POINT('',(2.,0.));
#5939 = VECTOR('',#5940,1.);
#5940 = DIRECTION('',(0.,1.));
#5941 = ( GEOMETRIC_REPRESENTATION_CONTEXT(2) 
PARAMETRIC_REPRESENTATION_CONTEXT() REPRESENTATION_CONTEXT('2D SPACE',''
  ) );
#5942 = PCURVE('',#1869,#5943);
#5943 = DEFINITIONAL_REPRESENTATION('',(#5944),#5948);
#5944 = LINE('',#5945,#5946);
#5945 = CARTESIAN_POINT('',(2.,0.));
#5946 = VECTOR('',#5947,1.);
#5947 = DIRECTION('',(0.,1.));
#5948 = ( GEOMETRIC_REPRESENTATION_CONTEXT(2) 
PARAMETRIC_REPRESENTATION_CONTEXT() REPRESENTATION_CONTEXT('2D SPACE',''
  ) );
#5949 = ADVANCED_FACE('',(#5950),#2049,.F.);
#5950 = FACE_BOUND('',#5951,.F.);
#5951 = EDGE_LOOP('',(#5952,#5977,#5978,#5979,#6008));
#5952 = ORIENTED_EDGE('',*,*,#5953,.F.);
#5953 = EDGE_CURVE('',#1932,#5954,#5956,.T.);
#5954 = VERTEX_POINT('',#5955);
#5955 = CARTESIAN_POINT('',(125.44553852881,-1.000000002416E-02,
    -14.61725343833));
#5956 = SURFACE_CURVE('',#5957,(#5964,#5971),.PCURVE_S1.);
#5957 = ( BOUNDED_CURVE() B_SPLINE_CURVE(5,(#5958,#5959,#5960,#5961,
#5962,#5963),.UNSPECIFIED.,.F.,.F.) B_SPLINE_CURVE_WITH_KNOTS((6,6),(0.,
1.),.PIECEWISE_BEZIER_KNOTS.) CURVE() GEOMETRIC_REPRESENTATION_ITEM() 
RATIONAL_B_SPLINE_CURVE((1.,1.,1.,1.,1.,1.)) REPRESENTATION_ITEM('') );
#5958 = CARTESIAN_POINT('',(127.44554237496,-1.000000002416E-02,0.));
#5959 = CARTESIAN_POINT('',(127.24289622019,-1.000000002416E-02,
    -3.594413271103));
#5960 = CARTESIAN_POINT('',(127.16310355547,-1.000000002416E-02,
    -7.739430269868));
#5961 = CARTESIAN_POINT('',(126.37337402952,-1.000000002416E-02,
    -10.830650802));
#5962 = CARTESIAN_POINT('',(126.0732027566,-1.000000002416E-02,
    -15.14684693069));
#5963 = CARTESIAN_POINT('',(123.64554237496,-1.000000002416E-02,-18.));
#5964 = PCURVE('',#2049,#5965);
#5965 = DEFINITIONAL_REPRESENTATION('',(#5966),#5970);
#5966 = LINE('',#5967,#5968);
#5967 = CARTESIAN_POINT('',(4.,0.));
#5968 = VECTOR('',#5969,1.);
#5969 = DIRECTION('',(0.,1.));
#5970 = ( GEOMETRIC_REPRESENTATION_CONTEXT(2) 
PARAMETRIC_REPRESENTATION_CONTEXT() REPRESENTATION_CONTEXT('2D SPACE',''
  ) );
#5971 = PCURVE('',#1959,#5972);
#5972 = DEFINITIONAL_REPRESENTATION('',(#5973),#5976);
#5973 = B_SPLINE_CURVE_WITH_KNOTS('',1,(#5974,#5975),.UNSPECIFIED.,.F.,
  .F.,(2,2),(0.,1.),.PIECEWISE_BEZIER_KNOTS.);
#5974 = CARTESIAN_POINT('',(4.,0.));
#5975 = CARTESIAN_POINT('',(4.,1.));
#5976 = ( GEOMETRIC_REPRESENTATION_CONTEXT(2) 
PARAMETRIC_REPRESENTATION_CONTEXT() REPRESENTATION_CONTEXT('2D SPACE',''
  ) );
#5977 = ORIENTED_EDGE('',*,*,#2021,.T.);
#5978 = ORIENTED_EDGE('',*,*,#5616,.T.);
#5979 = ORIENTED_EDGE('',*,*,#5980,.T.);
#5980 = EDGE_CURVE('',#5617,#5981,#5983,.T.);
#5981 = VERTEX_POINT('',#5982);
#5982 = CARTESIAN_POINT('',(125.44554237496,-3.184081677783E-15,
    -14.61724224832));
#5983 = SURFACE_CURVE('',#5984,(#5990,#5999),.PCURVE_S1.);
#5984 = B_SPLINE_CURVE_WITH_KNOTS('',4,(#5985,#5986,#5987,#5988,#5989),
  .UNSPECIFIED.,.F.,.F.,(5,5),(0.,1.),.PIECEWISE_BEZIER_KNOTS.);
#5985 = CARTESIAN_POINT('',(125.44553852882,9.999980739958E-03,
    -14.61725343828));
#5986 = CARTESIAN_POINT('',(125.44554045189,7.499985558511E-03,
    -14.61724784331));
#5987 = CARTESIAN_POINT('',(125.44554173394,4.999990373534E-03,
    -14.61724411331));
#5988 = CARTESIAN_POINT('',(125.44554237496,2.499995186756E-03,
    -14.61724224832));
#5989 = CARTESIAN_POINT('',(125.44554237496,-3.181347133733E-15,
    -14.61724224832));
#5990 = PCURVE('',#2049,#5991);
#5991 = DEFINITIONAL_REPRESENTATION('',(#5992),#5998);
#5992 = B_SPLINE_CURVE_WITH_KNOTS('',4,(#5993,#5994,#5995,#5996,#5997),
  .UNSPECIFIED.,.F.,.F.,(5,5),(0.,1.),.PIECEWISE_BEZIER_KNOTS.);
#5993 = CARTESIAN_POINT('',(5.,0.793055378726));
#5994 = CARTESIAN_POINT('',(4.875000120704,0.793055062033));
#5995 = CARTESIAN_POINT('',(4.75000024123,0.793054850903));
#5996 = CARTESIAN_POINT('',(4.625000361668,0.793054745338));
#5997 = CARTESIAN_POINT('',(4.500000482106,0.793054745338));
#5998 = ( GEOMETRIC_REPRESENTATION_CONTEXT(2) 
PARAMETRIC_REPRESENTATION_CONTEXT() REPRESENTATION_CONTEXT('2D SPACE',''
  ) );
#5999 = PCURVE('',#3380,#6000);
#6000 = DEFINITIONAL_REPRESENTATION('',(#6001),#6007);
#6001 = B_SPLINE_CURVE_WITH_KNOTS('',4,(#6002,#6003,#6004,#6005,#6006),
  .UNSPECIFIED.,.F.,.F.,(5,5),(0.,1.),.PIECEWISE_BEZIER_KNOTS.);
#6002 = CARTESIAN_POINT('',(7.692293635497E-04,4.382746561711));
#6003 = CARTESIAN_POINT('',(5.769219850045E-04,4.382752156689));
#6004 = CARTESIAN_POINT('',(3.846146441177E-04,4.382755886682));
#6005 = CARTESIAN_POINT('',(1.923073220584E-04,4.382757751679));
#6006 = CARTESIAN_POINT('',(0.,4.382757751679));
#6007 = ( GEOMETRIC_REPRESENTATION_CONTEXT(2) 
PARAMETRIC_REPRESENTATION_CONTEXT() REPRESENTATION_CONTEXT('2D SPACE',''
  ) );
#6008 = ORIENTED_EDGE('',*,*,#6009,.T.);
#6009 = EDGE_CURVE('',#5981,#5954,#6010,.T.);
#6010 = SURFACE_CURVE('',#6011,(#6017,#6026),.PCURVE_S1.);
#6011 = B_SPLINE_CURVE_WITH_KNOTS('',4,(#6012,#6013,#6014,#6015,#6016),
  .UNSPECIFIED.,.F.,.F.,(5,5),(0.,1.),.PIECEWISE_BEZIER_KNOTS.);
#6012 = CARTESIAN_POINT('',(125.44554237496,-3.181482854941E-15,
    -14.61724224832));
#6013 = CARTESIAN_POINT('',(125.44554237496,-2.500000007817E-03,
    -14.61724224832));
#6014 = CARTESIAN_POINT('',(125.44554173393,-5.00000001561E-03,
    -14.61724411332));
#6015 = CARTESIAN_POINT('',(125.44554045188,-7.500000021663E-03,
    -14.61724784333));
#6016 = CARTESIAN_POINT('',(125.44553852881,-1.000000002416E-02,
    -14.61725343833));
#6017 = PCURVE('',#2049,#6018);
#6018 = DEFINITIONAL_REPRESENTATION('',(#6019),#6025);
#6019 = B_SPLINE_CURVE_WITH_KNOTS('',4,(#6020,#6021,#6022,#6023,#6024),
  .UNSPECIFIED.,.F.,.F.,(5,5),(0.,1.),.PIECEWISE_BEZIER_KNOTS.);
#6020 = CARTESIAN_POINT('',(4.500000482106,0.793054745338));
#6021 = CARTESIAN_POINT('',(4.375000361491,0.793054745338));
#6022 = CARTESIAN_POINT('',(4.250000240876,0.793054850904));
#6023 = CARTESIAN_POINT('',(4.125000120349,0.793055062034));
#6024 = CARTESIAN_POINT('',(4.,0.793055378729));
#6025 = ( GEOMETRIC_REPRESENTATION_CONTEXT(2) 
PARAMETRIC_REPRESENTATION_CONTEXT() REPRESENTATION_CONTEXT('2D SPACE',''
  ) );
#6026 = PCURVE('',#3380,#6027);
#6027 = DEFINITIONAL_REPRESENTATION('',(#6028),#6034);
#6028 = B_SPLINE_CURVE_WITH_KNOTS('',4,(#6029,#6030,#6031,#6032,#6033),
  .UNSPECIFIED.,.F.,.F.,(5,5),(0.,1.),.PIECEWISE_BEZIER_KNOTS.);
#6029 = CARTESIAN_POINT('',(6.28318530718,4.382757751679));
#6030 = CARTESIAN_POINT('',(6.282992999487,4.382757751679));
#6031 = CARTESIAN_POINT('',(6.282800691794,4.382755886675));
#6032 = CARTESIAN_POINT('',(6.282608384082,4.382752156668));
#6033 = CARTESIAN_POINT('',(6.282416076333,4.382746561667));
#6034 = ( GEOMETRIC_REPRESENTATION_CONTEXT(2) 
PARAMETRIC_REPRESENTATION_CONTEXT() REPRESENTATION_CONTEXT('2D SPACE',''
  ) );
#6035 = ADVANCED_FACE('',(#6036),#1869,.F.);
#6036 = FACE_BOUND('',#6037,.F.);
#6037 = EDGE_LOOP('',(#6038,#6039,#6040,#6066));
#6038 = ORIENTED_EDGE('',*,*,#5926,.F.);
#6039 = ORIENTED_EDGE('',*,*,#1841,.T.);
#6040 = ORIENTED_EDGE('',*,*,#6041,.T.);
#6041 = EDGE_CURVE('',#1842,#6042,#6044,.T.);
#6042 = VERTEX_POINT('',#6043);
#6043 = CARTESIAN_POINT('',(112.45554236597,-12.99999615385,
    -14.61725343818));
#6044 = SURFACE_CURVE('',#6045,(#6052,#6059),.PCURVE_S1.);
#6045 = ( BOUNDED_CURVE() B_SPLINE_CURVE(5,(#6046,#6047,#6048,#6049,
#6050,#6051),.UNSPECIFIED.,.F.,.F.) B_SPLINE_CURVE_WITH_KNOTS((6,6),(0.,
1.),.PIECEWISE_BEZIER_KNOTS.) CURVE() GEOMETRIC_REPRESENTATION_ITEM() 
RATIONAL_B_SPLINE_CURVE((1.,1.,1.,1.,1.,1.)) REPRESENTATION_ITEM('') );
#6046 = CARTESIAN_POINT('',(112.45554236597,-14.99999999992,0.));
#6047 = CARTESIAN_POINT('',(112.45554236597,-14.7973538428,
    -3.594413273843));
#6048 = CARTESIAN_POINT('',(112.45554236597,-14.71756118517,
    -7.739430263657));
#6049 = CARTESIAN_POINT('',(112.45554236597,-13.92783165005,
    -10.83065080678));
#6050 = CARTESIAN_POINT('',(112.45554236597,-13.62766038428,
    -15.14684692625));
#6051 = CARTESIAN_POINT('',(112.45554236597,-11.19999999992,-18.));
#6052 = PCURVE('',#1869,#6053);
#6053 = DEFINITIONAL_REPRESENTATION('',(#6054),#6058);
#6054 = LINE('',#6055,#6056);
#6055 = CARTESIAN_POINT('',(3.,0.));
#6056 = VECTOR('',#6057,1.);
#6057 = DIRECTION('',(0.,1.));
#6058 = ( GEOMETRIC_REPRESENTATION_CONTEXT(2) 
PARAMETRIC_REPRESENTATION_CONTEXT() REPRESENTATION_CONTEXT('2D SPACE',''
  ) );
#6059 = PCURVE('',#1959,#6060);
#6060 = DEFINITIONAL_REPRESENTATION('',(#6061),#6065);
#6061 = LINE('',#6062,#6063);
#6062 = CARTESIAN_POINT('',(3.,0.));
#6063 = VECTOR('',#6064,1.);
#6064 = DIRECTION('',(0.,1.));
#6065 = ( GEOMETRIC_REPRESENTATION_CONTEXT(2) 
PARAMETRIC_REPRESENTATION_CONTEXT() REPRESENTATION_CONTEXT('2D SPACE',''
  ) );
#6066 = ORIENTED_EDGE('',*,*,#6067,.T.);
#6067 = EDGE_CURVE('',#6042,#5785,#6068,.T.);
#6068 = SURFACE_CURVE('',#6069,(#6075,#6084),.PCURVE_S1.);
#6069 = B_SPLINE_CURVE_WITH_KNOTS('',4,(#6070,#6071,#6072,#6073,#6074),
  .UNSPECIFIED.,.F.,.F.,(5,5),(0.,1.),.PIECEWISE_BEZIER_KNOTS.);
#6070 = CARTESIAN_POINT('',(112.45554236597,-12.99999615385,
    -14.61725343818));
#6071 = CARTESIAN_POINT('',(112.45054236823,-13.,-14.6172422482));
#6072 = CARTESIAN_POINT('',(112.44554237047,-13.00000128205,
    -14.61723851818));
#6073 = CARTESIAN_POINT('',(112.44054237271,-12.99999999999,
    -14.61724224821));
#6074 = CARTESIAN_POINT('',(112.43554237496,-12.99999615384,
    -14.6172534382));
#6075 = PCURVE('',#1869,#6076);
#6076 = DEFINITIONAL_REPRESENTATION('',(#6077),#6083);
#6077 = B_SPLINE_CURVE_WITH_KNOTS('',4,(#6078,#6079,#6080,#6081,#6082),
  .UNSPECIFIED.,.F.,.F.,(5,5),(0.,1.),.PIECEWISE_BEZIER_KNOTS.);
#6078 = CARTESIAN_POINT('',(3.,0.793055378784));
#6079 = CARTESIAN_POINT('',(2.750000000354,0.793054745395));
#6080 = CARTESIAN_POINT('',(2.5,0.793054534264));
#6081 = CARTESIAN_POINT('',(2.249999999646,0.793054745396));
#6082 = CARTESIAN_POINT('',(2.,0.793055378785));
#6083 = ( GEOMETRIC_REPRESENTATION_CONTEXT(2) 
PARAMETRIC_REPRESENTATION_CONTEXT() REPRESENTATION_CONTEXT('2D SPACE',''
  ) );
#6084 = PCURVE('',#3380,#6085);
#6085 = DEFINITIONAL_REPRESENTATION('',(#6086),#6092);
#6086 = B_SPLINE_CURVE_WITH_KNOTS('',4,(#6087,#6088,#6089,#6090,#6091),
  .UNSPECIFIED.,.F.,.F.,(5,5),(0.,1.),.PIECEWISE_BEZIER_KNOTS.);
#6087 = CARTESIAN_POINT('',(4.713158210538,4.382746561812));
#6088 = CARTESIAN_POINT('',(4.712773595213,4.382757751797));
#6089 = CARTESIAN_POINT('',(4.712388980039,4.382761481818));
#6090 = CARTESIAN_POINT('',(4.712004364865,4.382757751787));
#6091 = CARTESIAN_POINT('',(4.71161974954,4.382746561792));
#6092 = ( GEOMETRIC_REPRESENTATION_CONTEXT(2) 
PARAMETRIC_REPRESENTATION_CONTEXT() REPRESENTATION_CONTEXT('2D SPACE',''
  ) );
#6093 = ADVANCED_FACE('',(#6094),#1959,.F.);
#6094 = FACE_BOUND('',#6095,.F.);
#6095 = EDGE_LOOP('',(#6096,#6097,#6098,#6099));
#6096 = ORIENTED_EDGE('',*,*,#6041,.F.);
#6097 = ORIENTED_EDGE('',*,*,#1931,.T.);
#6098 = ORIENTED_EDGE('',*,*,#5953,.T.);
#6099 = ORIENTED_EDGE('',*,*,#6100,.T.);
#6100 = EDGE_CURVE('',#5954,#6042,#6101,.T.);
#6101 = SURFACE_CURVE('',#6102,(#6145,#6191),.PCURVE_S1.);
#6102 = B_SPLINE_CURVE_WITH_KNOTS('',6,(#6103,#6104,#6105,#6106,#6107,
    #6108,#6109,#6110,#6111,#6112,#6113,#6114,#6115,#6116,#6117,#6118,
    #6119,#6120,#6121,#6122,#6123,#6124,#6125,#6126,#6127,#6128,#6129,
    #6130,#6131,#6132,#6133,#6134,#6135,#6136,#6137,#6138,#6139,#6140,
    #6141,#6142,#6143,#6144),.UNSPECIFIED.,.F.,.F.,(7,5,5,5,5,5,5,5,7),(
    0.,0.117017262927,0.235021123736,0.311018248738,0.501749491631,
    0.675616247697,0.745612926032,0.851614208547,1.),.UNSPECIFIED.);
#6103 = CARTESIAN_POINT('',(125.44553852881,-9.999999928235E-03,
    -14.61725343841));
#6104 = CARTESIAN_POINT('',(125.44523247988,-0.407863495091,
    -14.61814385289));
#6105 = CARTESIAN_POINT('',(125.43031449383,-0.805716998794,
    -14.61900131214));
#6106 = CARTESIAN_POINT('',(125.40078516798,-1.202887269254,
    -14.61982438209));
#6107 = CARTESIAN_POINT('',(125.35668601156,-1.598704860061,
    -14.62061170257));
#6108 = CARTESIAN_POINT('',(125.29809944572,-1.992504120181,
    -14.62136198734));
#6109 = CARTESIAN_POINT('',(125.15158309869,-2.778039877328,
    -14.62279206412));
#6110 = CARTESIAN_POINT('',(125.06340965544,-3.169733274432,
    -14.62347121984));
#6111 = CARTESIAN_POINT('',(124.96075515773,-3.558024641546,
    -14.62411026799));
#6112 = CARTESIAN_POINT('',(124.84378716342,-3.942246851998,
    -14.62470810594));
#6113 = CARTESIAN_POINT('',(124.71271410419,-4.321744396168,
    -14.62526375168));
#6114 = CARTESIAN_POINT('',(124.47444788577,-4.936820813788,
    -14.62610646459));
#6115 = CARTESIAN_POINT('',(124.375363399,-5.175542140525,
    -14.62641872884));
#6116 = CARTESIAN_POINT('',(124.27059830712,-5.411865751404,
    -14.62671290686));
#6117 = CARTESIAN_POINT('',(124.1602257365,-5.645623076636,
    -14.62698879024));
#6118 = CARTESIAN_POINT('',(124.04432545811,-5.876648586932,
    -14.62724619177));
#6119 = CARTESIAN_POINT('',(123.61845093856,-6.677324459797,
    -14.62808414983));
#6120 = CARTESIAN_POINT('',(123.27963867791,-7.231650855609,
    -14.62856590991));
#6121 = CARTESIAN_POINT('',(122.90792182071,-7.765168325007,
    -14.62892757132));
#6122 = CARTESIAN_POINT('',(122.50491992215,-8.275466191025,
    -14.6291673974));
#6123 = CARTESIAN_POINT('',(122.0724712838,-8.760296120109,
    -14.6292844792));
#6124 = CARTESIAN_POINT('',(121.19350032627,-9.634453695413,
    -14.62927372214));
#6125 = CARTESIAN_POINT('',(120.75158995547,-10.02844778351,
    -14.62916662195));
#6126 = CARTESIAN_POINT('',(120.28849901554,-10.39801147075,
    -14.62895757285));
#6127 = CARTESIAN_POINT('',(119.80592215198,-10.74174103787,
    -14.62864721841));
#6128 = CARTESIAN_POINT('',(119.30567468717,-11.05839276485,
    -14.6282368152));
#6129 = CARTESIAN_POINT('',(118.58196267079,-11.46302692935,
    -14.62752347103));
#6130 = CARTESIAN_POINT('',(118.3716824089,-11.57460652978,
    -14.62730280332));
#6131 = CARTESIAN_POINT('',(118.1589760828,-11.68155250986,
    -14.6270663415));
#6132 = CARTESIAN_POINT('',(117.94397148794,-11.78379944069,
    -14.62681422172));
#6133 = CARTESIAN_POINT('',(117.72679872986,-11.88128661714,
    -14.62654659545));
#6134 = CARTESIAN_POINT('',(117.17562614682,-12.11429745408,
    -14.62583511271));
#6135 = CARTESIAN_POINT('',(116.83899259377,-12.24359308157,
    -14.62537141633));
#6136 = CARTESIAN_POINT('',(116.49815024355,-12.36165025421,
    -14.62487311999));
#6137 = CARTESIAN_POINT('',(116.1535683909,-12.46830057401,
    -14.62434088281));
#6138 = CARTESIAN_POINT('',(115.80572494675,-12.56340193118,
    -14.6237754434));
#6139 = CARTESIAN_POINT('',(114.96429346279,-12.76363710893,
    -14.62234075723));
#6140 = CARTESIAN_POINT('',(114.46803758422,-12.8575786786,
    -14.62144041027));
#6141 = CARTESIAN_POINT('',(113.96767735381,-12.92834512435,
    -14.62047887847));
#6142 = CARTESIAN_POINT('',(113.46456374291,-12.97572391229,
    -14.61945867926));
#6143 = CARTESIAN_POINT('',(112.96006014307,-12.99960806348,
    -14.61838254803));
#6144 = CARTESIAN_POINT('',(112.45554236597,-12.99999615385,
    -14.61725343818));
#6145 = PCURVE('',#1959,#6146);
#6146 = DEFINITIONAL_REPRESENTATION('',(#6147),#6190);
#6147 = B_SPLINE_CURVE_WITH_KNOTS('',6,(#6148,#6149,#6150,#6151,#6152,
    #6153,#6154,#6155,#6156,#6157,#6158,#6159,#6160,#6161,#6162,#6163,
    #6164,#6165,#6166,#6167,#6168,#6169,#6170,#6171,#6172,#6173,#6174,
    #6175,#6176,#6177,#6178,#6179,#6180,#6181,#6182,#6183,#6184,#6185,
    #6186,#6187,#6188,#6189),.UNSPECIFIED.,.F.,.F.,(7,5,5,5,5,5,5,5,7),(
    0.,0.117017262927,0.235021123736,0.311018248738,0.501749491631,
    0.675616247697,0.745612926032,0.851614208547,1.),.UNSPECIFIED.);
#6148 = CARTESIAN_POINT('',(4.,0.793055378797));
#6149 = CARTESIAN_POINT('',(3.980501320807,0.793105779113));
#6150 = CARTESIAN_POINT('',(3.96100206655,0.793154315279));
#6151 = CARTESIAN_POINT('',(3.941502270793,0.793200905952));
#6152 = CARTESIAN_POINT('',(3.922001969047,0.793245473971));
#6153 = CARTESIAN_POINT('',(3.902501198777,0.793287946363));
#6154 = CARTESIAN_POINT('',(3.863334381185,0.793368902157));
#6155 = CARTESIAN_POINT('',(3.843668288591,0.793407349555));
#6156 = CARTESIAN_POINT('',(3.824001762017,0.793443527121));
#6157 = CARTESIAN_POINT('',(3.80433484296,0.793477372281));
#6158 = CARTESIAN_POINT('',(3.784667574016,0.7935088293));
#6159 = CARTESIAN_POINT('',(3.752333640706,0.793556538796));
#6160 = CARTESIAN_POINT('',(3.739667145452,0.793574217547));
#6161 = CARTESIAN_POINT('',(3.727000523262,0.793590872496));
#6162 = CARTESIAN_POINT('',(3.71433378442,0.793606491811));
#6163 = CARTESIAN_POINT('',(3.701666939351,0.793621064866));
#6164 = CARTESIAN_POINT('',(3.657209567731,0.793668507017));
#6165 = CARTESIAN_POINT('',(3.625417897966,0.793695783085));
#6166 = CARTESIAN_POINT('',(3.593626489212,0.793716259748));
#6167 = CARTESIAN_POINT('',(3.561834769659,0.793729838392));
#6168 = CARTESIAN_POINT('',(3.530042170692,0.793736467411));
#6169 = CARTESIAN_POINT('',(3.469269281559,0.79373585836));
#6170 = CARTESIAN_POINT('',(3.440287986058,0.793729794487));
#6171 = CARTESIAN_POINT('',(3.411307260725,0.793717958403));
#6172 = CARTESIAN_POINT('',(3.382326779903,0.79370038665));
#6173 = CARTESIAN_POINT('',(3.353346216048,0.793677150576));
#6174 = CARTESIAN_POINT('',(3.312699626828,0.793636763388));
#6175 = CARTESIAN_POINT('',(3.301032819388,0.793624269976));
#6176 = CARTESIAN_POINT('',(3.289366095987,0.793610882439));
#6177 = CARTESIAN_POINT('',(3.277699464707,0.793596608505));
#6178 = CARTESIAN_POINT('',(3.266032933533,0.793581456772));
#6179 = CARTESIAN_POINT('',(3.236699160298,0.793541176317));
#6180 = CARTESIAN_POINT('',(3.219032043469,0.793514924522));
#6181 = CARTESIAN_POINT('',(3.201365190473,0.793486714229));
#6182 = CARTESIAN_POINT('',(3.183698631268,0.79345658285));
#6183 = CARTESIAN_POINT('',(3.166032395158,0.793424572306));
#6184 = CARTESIAN_POINT('',(3.1236369399,0.793343353538));
#6185 = CARTESIAN_POINT('',(3.098907975711,0.793292385234));
#6186 = CARTESIAN_POINT('',(3.07417971237,0.793237954599));
#6187 = CARTESIAN_POINT('',(3.049452239424,0.79318020447));
#6188 = CARTESIAN_POINT('',(3.024725641841,0.793119290024));
#6189 = CARTESIAN_POINT('',(3.,0.793055378784));
#6190 = ( GEOMETRIC_REPRESENTATION_CONTEXT(2) 
PARAMETRIC_REPRESENTATION_CONTEXT() REPRESENTATION_CONTEXT('2D SPACE',''
  ) );
#6191 = PCURVE('',#3380,#6192);
#6192 = DEFINITIONAL_REPRESENTATION('',(#6193),#6236);
#6193 = B_SPLINE_CURVE_WITH_KNOTS('',6,(#6194,#6195,#6196,#6197,#6198,
    #6199,#6200,#6201,#6202,#6203,#6204,#6205,#6206,#6207,#6208,#6209,
    #6210,#6211,#6212,#6213,#6214,#6215,#6216,#6217,#6218,#6219,#6220,
    #6221,#6222,#6223,#6224,#6225,#6226,#6227,#6228,#6229,#6230,#6231,
    #6232,#6233,#6234,#6235),.UNSPECIFIED.,.F.,.F.,(7,5,5,5,5,5,5,5,7),(
    0.,0.117017262927,0.235021123736,0.311018248738,0.501749491631,
    0.675616247697,0.745612926032,0.851614208547,1.),.UNSPECIFIED.);
#6194 = CARTESIAN_POINT('',(6.28241607634,4.382746561583));
#6195 = CARTESIAN_POINT('',(6.251811183042,4.381856147105));
#6196 = CARTESIAN_POINT('',(6.221206251706,4.380998687856));
#6197 = CARTESIAN_POINT('',(6.190601296695,4.38017561791));
#6198 = CARTESIAN_POINT('',(6.159996332468,4.379388297429));
#6199 = CARTESIAN_POINT('',(6.129391373582,4.37863801266));
#6200 = CARTESIAN_POINT('',(6.067923458938,4.37720793588));
#6201 = CARTESIAN_POINT('',(6.037060444162,4.37652878016));
#6202 = CARTESIAN_POINT('',(6.006197405684,4.37588973201));
#6203 = CARTESIAN_POINT('',(5.975334358919,4.375291894054));
#6204 = CARTESIAN_POINT('',(5.944471319383,4.374736248311));
#6205 = CARTESIAN_POINT('',(5.893731829822,4.373893535403));
#6206 = CARTESIAN_POINT('',(5.873855350639,4.373581271156));
#6207 = CARTESIAN_POINT('',(5.853978866962,4.373287093131));
#6208 = CARTESIAN_POINT('',(5.834102380627,4.373011209759));
#6209 = CARTESIAN_POINT('',(5.814225893484,4.372753808223));
#6210 = CARTESIAN_POINT('',(5.744465061159,4.371915850162));
#6211 = CARTESIAN_POINT('',(5.694579723106,4.371434090089));
#6212 = CARTESIAN_POINT('',(5.644695514478,4.371072428679));
#6213 = CARTESIAN_POINT('',(5.594811298274,4.370832602592));
#6214 = CARTESIAN_POINT('',(5.544925937716,4.370715520797));
#6215 = CARTESIAN_POINT('',(5.449567957233,4.370726277854));
#6216 = CARTESIAN_POINT('',(5.404093761388,4.370833378048));
#6217 = CARTESIAN_POINT('',(5.358620267465,4.371042427142));
#6218 = CARTESIAN_POINT('',(5.31314677951,4.371352781581));
#6219 = CARTESIAN_POINT('',(5.267672601381,4.371763184791));
#6220 = CARTESIAN_POINT('',(5.203891917167,4.372476528964));
#6221 = CARTESIAN_POINT('',(5.185584801364,4.372697196675));
#6222 = CARTESIAN_POINT('',(5.167277686427,4.372933658491));
#6223 = CARTESIAN_POINT('',(5.148970573609,4.373185778275));
#6224 = CARTESIAN_POINT('',(5.130663464155,4.373453404546));
#6225 = CARTESIAN_POINT('',(5.084632520972,4.374164887284));
#6226 = CARTESIAN_POINT('',(5.056908670564,4.374628583663));
#6227 = CARTESIAN_POINT('',(5.029184817322,4.375126880004));
#6228 = CARTESIAN_POINT('',(5.001460970429,4.375659117187));
#6229 = CARTESIAN_POINT('',(4.973737139008,4.376224556594));
#6230 = CARTESIAN_POINT('',(4.907204188208,4.377659242763));
#6231 = CARTESIAN_POINT('',(4.868394963434,4.378559589721));
#6232 = CARTESIAN_POINT('',(4.829585705672,4.379521121524));
#6233 = CARTESIAN_POINT('',(4.790776462621,4.38054132074));
#6234 = CARTESIAN_POINT('',(4.751967281797,4.381617451963));
#6235 = CARTESIAN_POINT('',(4.713158210538,4.382746561812));
#6236 = ( GEOMETRIC_REPRESENTATION_CONTEXT(2) 
PARAMETRIC_REPRESENTATION_CONTEXT() REPRESENTATION_CONTEXT('2D SPACE',''
  ) );
#6237 = ADVANCED_FACE('',(#6238),#2503,.F.);
#6238 = FACE_BOUND('',#6239,.F.);
#6239 = EDGE_LOOP('',(#6240,#6241,#6262,#6263));
#6240 = ORIENTED_EDGE('',*,*,#2486,.F.);
#6241 = ORIENTED_EDGE('',*,*,#6242,.F.);
#6242 = EDGE_CURVE('',#5259,#2487,#6243,.T.);
#6243 = SEAM_CURVE('',#6244,(#6248,#6255),.PCURVE_S1.);
#6244 = LINE('',#6245,#6246);
#6245 = CARTESIAN_POINT('',(-118.7955423749,-8.,-7.));
#6246 = VECTOR('',#6247,1.);
#6247 = DIRECTION('',(0.,0.,1.));
#6248 = PCURVE('',#2503,#6249);
#6249 = DEFINITIONAL_REPRESENTATION('',(#6250),#6254);
#6250 = LINE('',#6251,#6252);
#6251 = CARTESIAN_POINT('',(6.28318530718,-0.));
#6252 = VECTOR('',#6253,1.);
#6253 = DIRECTION('',(0.,1.));
#6254 = ( GEOMETRIC_REPRESENTATION_CONTEXT(2) 
PARAMETRIC_REPRESENTATION_CONTEXT() REPRESENTATION_CONTEXT('2D SPACE',''
  ) );
#6255 = PCURVE('',#2503,#6256);
#6256 = DEFINITIONAL_REPRESENTATION('',(#6257),#6261);
#6257 = LINE('',#6258,#6259);
#6258 = CARTESIAN_POINT('',(0.,-0.));
#6259 = VECTOR('',#6260,1.);
#6260 = DIRECTION('',(0.,1.));
#6261 = ( GEOMETRIC_REPRESENTATION_CONTEXT(2) 
PARAMETRIC_REPRESENTATION_CONTEXT() REPRESENTATION_CONTEXT('2D SPACE',''
  ) );
#6262 = ORIENTED_EDGE('',*,*,#5258,.T.);
#6263 = ORIENTED_EDGE('',*,*,#6242,.T.);
#6264 = ADVANCED_FACE('',(#6265),#2534,.F.);
#6265 = FACE_BOUND('',#6266,.F.);
#6266 = EDGE_LOOP('',(#6267,#6268,#6289,#6290));
#6267 = ORIENTED_EDGE('',*,*,#2517,.F.);
#6268 = ORIENTED_EDGE('',*,*,#6269,.F.);
#6269 = EDGE_CURVE('',#5285,#2518,#6270,.T.);
#6270 = SEAM_CURVE('',#6271,(#6275,#6282),.PCURVE_S1.);
#6271 = LINE('',#6272,#6273);
#6272 = CARTESIAN_POINT('',(-102.7955423749,-8.,-7.));
#6273 = VECTOR('',#6274,1.);
#6274 = DIRECTION('',(0.,0.,1.));
#6275 = PCURVE('',#2534,#6276);
#6276 = DEFINITIONAL_REPRESENTATION('',(#6277),#6281);
#6277 = LINE('',#6278,#6279);
#6278 = CARTESIAN_POINT('',(6.28318530718,-0.));
#6279 = VECTOR('',#6280,1.);
#6280 = DIRECTION('',(0.,1.));
#6281 = ( GEOMETRIC_REPRESENTATION_CONTEXT(2) 
PARAMETRIC_REPRESENTATION_CONTEXT() REPRESENTATION_CONTEXT('2D SPACE',''
  ) );
#6282 = PCURVE('',#2534,#6283);
#6283 = DEFINITIONAL_REPRESENTATION('',(#6284),#6288);
#6284 = LINE('',#6285,#6286);
#6285 = CARTESIAN_POINT('',(0.,-0.));
#6286 = VECTOR('',#6287,1.);
#6287 = DIRECTION('',(0.,1.));
#6288 = ( GEOMETRIC_REPRESENTATION_CONTEXT(2) 
PARAMETRIC_REPRESENTATION_CONTEXT() REPRESENTATION_CONTEXT('2D SPACE',''
  ) );
#6289 = ORIENTED_EDGE('',*,*,#5284,.T.);
#6290 = ORIENTED_EDGE('',*,*,#6269,.T.);
#6291 = ADVANCED_FACE('',(#6292),#2565,.F.);
#6292 = FACE_BOUND('',#6293,.F.);
#6293 = EDGE_LOOP('',(#6294,#6295,#6316,#6317));
#6294 = ORIENTED_EDGE('',*,*,#2548,.F.);
#6295 = ORIENTED_EDGE('',*,*,#6296,.F.);
#6296 = EDGE_CURVE('',#5337,#2549,#6297,.T.);
#6297 = SEAM_CURVE('',#6298,(#6302,#6309),.PCURVE_S1.);
#6298 = LINE('',#6299,#6300);
#6299 = CARTESIAN_POINT('',(-107.9455423749,-1.102182119233E-15,-7.));
#6300 = VECTOR('',#6301,1.);
#6301 = DIRECTION('',(0.,0.,1.));
#6302 = PCURVE('',#2565,#6303);
#6303 = DEFINITIONAL_REPRESENTATION('',(#6304),#6308);
#6304 = LINE('',#6305,#6306);
#6305 = CARTESIAN_POINT('',(6.28318530718,-0.));
#6306 = VECTOR('',#6307,1.);
#6307 = DIRECTION('',(0.,1.));
#6308 = ( GEOMETRIC_REPRESENTATION_CONTEXT(2) 
PARAMETRIC_REPRESENTATION_CONTEXT() REPRESENTATION_CONTEXT('2D SPACE',''
  ) );
#6309 = PCURVE('',#2565,#6310);
#6310 = DEFINITIONAL_REPRESENTATION('',(#6311),#6315);
#6311 = LINE('',#6312,#6313);
#6312 = CARTESIAN_POINT('',(0.,-0.));
#6313 = VECTOR('',#6314,1.);
#6314 = DIRECTION('',(0.,1.));
#6315 = ( GEOMETRIC_REPRESENTATION_CONTEXT(2) 
PARAMETRIC_REPRESENTATION_CONTEXT() REPRESENTATION_CONTEXT('2D SPACE',''
  ) );
#6316 = ORIENTED_EDGE('',*,*,#5336,.T.);
#6317 = ORIENTED_EDGE('',*,*,#6296,.T.);
#6318 = ADVANCED_FACE('',(#6319),#2596,.F.);
#6319 = FACE_BOUND('',#6320,.F.);
#6320 = EDGE_LOOP('',(#6321,#6322,#6345,#6367,#6368,#6369,#6370,#6392));
#6321 = ORIENTED_EDGE('',*,*,#2579,.F.);
#6322 = ORIENTED_EDGE('',*,*,#6323,.F.);
#6323 = EDGE_CURVE('',#6324,#2580,#6326,.T.);
#6324 = VERTEX_POINT('',#6325);
#6325 = CARTESIAN_POINT('',(-32.35,-4.041334437186E-16,-18.));
#6326 = SEAM_CURVE('',#6327,(#6331,#6338),.PCURVE_S1.);
#6327 = LINE('',#6328,#6329);
#6328 = CARTESIAN_POINT('',(-32.35,-4.041334437186E-16,-21.));
#6329 = VECTOR('',#6330,1.);
#6330 = DIRECTION('',(0.,0.,1.));
#6331 = PCURVE('',#2596,#6332);
#6332 = DEFINITIONAL_REPRESENTATION('',(#6333),#6337);
#6333 = LINE('',#6334,#6335);
#6334 = CARTESIAN_POINT('',(6.28318530718,-0.));
#6335 = VECTOR('',#6336,1.);
#6336 = DIRECTION('',(0.,1.));
#6337 = ( GEOMETRIC_REPRESENTATION_CONTEXT(2) 
PARAMETRIC_REPRESENTATION_CONTEXT() REPRESENTATION_CONTEXT('2D SPACE',''
  ) );
#6338 = PCURVE('',#2596,#6339);
#6339 = DEFINITIONAL_REPRESENTATION('',(#6340),#6344);
#6340 = LINE('',#6341,#6342);
#6341 = CARTESIAN_POINT('',(0.,-0.));
#6342 = VECTOR('',#6343,1.);
#6343 = DIRECTION('',(0.,1.));
#6344 = ( GEOMETRIC_REPRESENTATION_CONTEXT(2) 
PARAMETRIC_REPRESENTATION_CONTEXT() REPRESENTATION_CONTEXT('2D SPACE',''
  ) );
#6345 = ORIENTED_EDGE('',*,*,#6346,.T.);
#6346 = EDGE_CURVE('',#6324,#4487,#6347,.T.);
#6347 = SURFACE_CURVE('',#6348,(#6353,#6360),.PCURVE_S1.);
#6348 = CIRCLE('',#6349,1.65);
#6349 = AXIS2_PLACEMENT_3D('',#6350,#6351,#6352);
#6350 = CARTESIAN_POINT('',(-34.,0.,-18.));
#6351 = DIRECTION('',(0.,0.,1.));
#6352 = DIRECTION('',(1.,0.,-0.));
#6353 = PCURVE('',#2596,#6354);
#6354 = DEFINITIONAL_REPRESENTATION('',(#6355),#6359);
#6355 = LINE('',#6356,#6357);
#6356 = CARTESIAN_POINT('',(0.,3.));
#6357 = VECTOR('',#6358,1.);
#6358 = DIRECTION('',(1.,0.));
#6359 = ( GEOMETRIC_REPRESENTATION_CONTEXT(2) 
PARAMETRIC_REPRESENTATION_CONTEXT() REPRESENTATION_CONTEXT('2D SPACE',''
  ) );
#6360 = PCURVE('',#3913,#6361);
#6361 = DEFINITIONAL_REPRESENTATION('',(#6362),#6366);
#6362 = CIRCLE('',#6363,1.65);
#6363 = AXIS2_PLACEMENT_2D('',#6364,#6365);
#6364 = CARTESIAN_POINT('',(89.645542890541,-2.749783559879E-03));
#6365 = DIRECTION('',(0.99999999673,8.087627064654E-05));
#6366 = ( GEOMETRIC_REPRESENTATION_CONTEXT(2) 
PARAMETRIC_REPRESENTATION_CONTEXT() REPRESENTATION_CONTEXT('2D SPACE',''
  ) );
#6367 = ORIENTED_EDGE('',*,*,#4486,.F.);
#6368 = ORIENTED_EDGE('',*,*,#2924,.T.);
#6369 = ORIENTED_EDGE('',*,*,#3931,.F.);
#6370 = ORIENTED_EDGE('',*,*,#6371,.T.);
#6371 = EDGE_CURVE('',#3892,#6324,#6372,.T.);
#6372 = SURFACE_CURVE('',#6373,(#6378,#6385),.PCURVE_S1.);
#6373 = CIRCLE('',#6374,1.65);
#6374 = AXIS2_PLACEMENT_3D('',#6375,#6376,#6377);
#6375 = CARTESIAN_POINT('',(-34.,0.,-18.));
#6376 = DIRECTION('',(0.,0.,1.));
#6377 = DIRECTION('',(1.,0.,-0.));
#6378 = PCURVE('',#2596,#6379);
#6379 = DEFINITIONAL_REPRESENTATION('',(#6380),#6384);
#6380 = LINE('',#6381,#6382);
#6381 = CARTESIAN_POINT('',(0.,3.));
#6382 = VECTOR('',#6383,1.);
#6383 = DIRECTION('',(1.,0.));
#6384 = ( GEOMETRIC_REPRESENTATION_CONTEXT(2) 
PARAMETRIC_REPRESENTATION_CONTEXT() REPRESENTATION_CONTEXT('2D SPACE',''
  ) );
#6385 = PCURVE('',#3913,#6386);
#6386 = DEFINITIONAL_REPRESENTATION('',(#6387),#6391);
#6387 = CIRCLE('',#6388,1.65);
#6388 = AXIS2_PLACEMENT_2D('',#6389,#6390);
#6389 = CARTESIAN_POINT('',(89.645542890541,-2.749783559879E-03));
#6390 = DIRECTION('',(0.99999999673,8.087627064654E-05));
#6391 = ( GEOMETRIC_REPRESENTATION_CONTEXT(2) 
PARAMETRIC_REPRESENTATION_CONTEXT() REPRESENTATION_CONTEXT('2D SPACE',''
  ) );
#6392 = ORIENTED_EDGE('',*,*,#6323,.T.);
#6393 = ADVANCED_FACE('',(#6394),#2627,.F.);
#6394 = FACE_BOUND('',#6395,.F.);
#6395 = EDGE_LOOP('',(#6396,#6397,#6420,#6447));
#6396 = ORIENTED_EDGE('',*,*,#2610,.F.);
#6397 = ORIENTED_EDGE('',*,*,#6398,.F.);
#6398 = EDGE_CURVE('',#6399,#2611,#6401,.T.);
#6399 = VERTEX_POINT('',#6400);
#6400 = CARTESIAN_POINT('',(106.09554237496,-8.,-3.));
#6401 = SEAM_CURVE('',#6402,(#6406,#6413),.PCURVE_S1.);
#6402 = LINE('',#6403,#6404);
#6403 = CARTESIAN_POINT('',(106.09554237496,-8.,-7.));
#6404 = VECTOR('',#6405,1.);
#6405 = DIRECTION('',(0.,0.,1.));
#6406 = PCURVE('',#2627,#6407);
#6407 = DEFINITIONAL_REPRESENTATION('',(#6408),#6412);
#6408 = LINE('',#6409,#6410);
#6409 = CARTESIAN_POINT('',(6.28318530718,-0.));
#6410 = VECTOR('',#6411,1.);
#6411 = DIRECTION('',(0.,1.));
#6412 = ( GEOMETRIC_REPRESENTATION_CONTEXT(2) 
PARAMETRIC_REPRESENTATION_CONTEXT() REPRESENTATION_CONTEXT('2D SPACE',''
  ) );
#6413 = PCURVE('',#2627,#6414);
#6414 = DEFINITIONAL_REPRESENTATION('',(#6415),#6419);
#6415 = LINE('',#6416,#6417);
#6416 = CARTESIAN_POINT('',(0.,-0.));
#6417 = VECTOR('',#6418,1.);
#6418 = DIRECTION('',(0.,1.));
#6419 = ( GEOMETRIC_REPRESENTATION_CONTEXT(2) 
PARAMETRIC_REPRESENTATION_CONTEXT() REPRESENTATION_CONTEXT('2D SPACE',''
  ) );
#6420 = ORIENTED_EDGE('',*,*,#6421,.T.);
#6421 = EDGE_CURVE('',#6399,#6399,#6422,.T.);
#6422 = SURFACE_CURVE('',#6423,(#6428,#6435),.PCURVE_S1.);
#6423 = CIRCLE('',#6424,1.65);
#6424 = AXIS2_PLACEMENT_3D('',#6425,#6426,#6427);
#6425 = CARTESIAN_POINT('',(104.44554237496,-8.,-3.));
#6426 = DIRECTION('',(0.,0.,1.));
#6427 = DIRECTION('',(1.,0.,-0.));
#6428 = PCURVE('',#2627,#6429);
#6429 = DEFINITIONAL_REPRESENTATION('',(#6430),#6434);
#6430 = LINE('',#6431,#6432);
#6431 = CARTESIAN_POINT('',(0.,4.));
#6432 = VECTOR('',#6433,1.);
#6433 = DIRECTION('',(1.,0.));
#6434 = ( GEOMETRIC_REPRESENTATION_CONTEXT(2) 
PARAMETRIC_REPRESENTATION_CONTEXT() REPRESENTATION_CONTEXT('2D SPACE',''
  ) );
#6435 = PCURVE('',#6436,#6441);
#6436 = PLANE('',#6437);
#6437 = AXIS2_PLACEMENT_3D('',#6438,#6439,#6440);
#6438 = CARTESIAN_POINT('',(112.44554237496,0.,-3.));
#6439 = DIRECTION('',(0.,0.,1.));
#6440 = DIRECTION('',(1.,0.,-0.));
#6441 = DEFINITIONAL_REPRESENTATION('',(#6442),#6446);
#6442 = CIRCLE('',#6443,1.65);
#6443 = AXIS2_PLACEMENT_2D('',#6444,#6445);
#6444 = CARTESIAN_POINT('',(-8.,-8.));
#6445 = DIRECTION('',(1.,0.));
#6446 = ( GEOMETRIC_REPRESENTATION_CONTEXT(2) 
PARAMETRIC_REPRESENTATION_CONTEXT() REPRESENTATION_CONTEXT('2D SPACE',''
  ) );
#6447 = ORIENTED_EDGE('',*,*,#6398,.T.);
#6448 = ADVANCED_FACE('',(#6449),#2658,.F.);
#6449 = FACE_BOUND('',#6450,.F.);
#6450 = EDGE_LOOP('',(#6451,#6452,#6475,#6497));
#6451 = ORIENTED_EDGE('',*,*,#2641,.F.);
#6452 = ORIENTED_EDGE('',*,*,#6453,.F.);
#6453 = EDGE_CURVE('',#6454,#2642,#6456,.T.);
#6454 = VERTEX_POINT('',#6455);
#6455 = CARTESIAN_POINT('',(122.09554237496,-8.,-3.));
#6456 = SEAM_CURVE('',#6457,(#6461,#6468),.PCURVE_S1.);
#6457 = LINE('',#6458,#6459);
#6458 = CARTESIAN_POINT('',(122.09554237496,-8.,-7.));
#6459 = VECTOR('',#6460,1.);
#6460 = DIRECTION('',(0.,0.,1.));
#6461 = PCURVE('',#2658,#6462);
#6462 = DEFINITIONAL_REPRESENTATION('',(#6463),#6467);
#6463 = LINE('',#6464,#6465);
#6464 = CARTESIAN_POINT('',(6.28318530718,-0.));
#6465 = VECTOR('',#6466,1.);
#6466 = DIRECTION('',(0.,1.));
#6467 = ( GEOMETRIC_REPRESENTATION_CONTEXT(2) 
PARAMETRIC_REPRESENTATION_CONTEXT() REPRESENTATION_CONTEXT('2D SPACE',''
  ) );
#6468 = PCURVE('',#2658,#6469);
#6469 = DEFINITIONAL_REPRESENTATION('',(#6470),#6474);
#6470 = LINE('',#6471,#6472);
#6471 = CARTESIAN_POINT('',(0.,-0.));
#6472 = VECTOR('',#6473,1.);
#6473 = DIRECTION('',(0.,1.));
#6474 = ( GEOMETRIC_REPRESENTATION_CONTEXT(2) 
PARAMETRIC_REPRESENTATION_CONTEXT() REPRESENTATION_CONTEXT('2D SPACE',''
  ) );
#6475 = ORIENTED_EDGE('',*,*,#6476,.T.);
#6476 = EDGE_CURVE('',#6454,#6454,#6477,.T.);
#6477 = SURFACE_CURVE('',#6478,(#6483,#6490),.PCURVE_S1.);
#6478 = CIRCLE('',#6479,1.65);
#6479 = AXIS2_PLACEMENT_3D('',#6480,#6481,#6482);
#6480 = CARTESIAN_POINT('',(120.44554237496,-8.,-3.));
#6481 = DIRECTION('',(0.,0.,1.));
#6482 = DIRECTION('',(1.,0.,-0.));
#6483 = PCURVE('',#2658,#6484);
#6484 = DEFINITIONAL_REPRESENTATION('',(#6485),#6489);
#6485 = LINE('',#6486,#6487);
#6486 = CARTESIAN_POINT('',(0.,4.));
#6487 = VECTOR('',#6488,1.);
#6488 = DIRECTION('',(1.,0.));
#6489 = ( GEOMETRIC_REPRESENTATION_CONTEXT(2) 
PARAMETRIC_REPRESENTATION_CONTEXT() REPRESENTATION_CONTEXT('2D SPACE',''
  ) );
#6490 = PCURVE('',#6436,#6491);
#6491 = DEFINITIONAL_REPRESENTATION('',(#6492),#6496);
#6492 = CIRCLE('',#6493,1.65);
#6493 = AXIS2_PLACEMENT_2D('',#6494,#6495);
#6494 = CARTESIAN_POINT('',(8.,-8.));
#6495 = DIRECTION('',(1.,0.));
#6496 = ( GEOMETRIC_REPRESENTATION_CONTEXT(2) 
PARAMETRIC_REPRESENTATION_CONTEXT() REPRESENTATION_CONTEXT('2D SPACE',''
  ) );
#6497 = ORIENTED_EDGE('',*,*,#6453,.T.);
#6498 = ADVANCED_FACE('',(#6499),#2689,.F.);
#6499 = FACE_BOUND('',#6500,.F.);
#6500 = EDGE_LOOP('',(#6501,#6502,#6523,#6524));
#6501 = ORIENTED_EDGE('',*,*,#2672,.F.);
#6502 = ORIENTED_EDGE('',*,*,#6503,.F.);
#6503 = EDGE_CURVE('',#5311,#2673,#6504,.T.);
#6504 = SEAM_CURVE('',#6505,(#6509,#6516),.PCURVE_S1.);
#6505 = LINE('',#6506,#6507);
#6506 = CARTESIAN_POINT('',(-118.7955423749,8.,-7.));
#6507 = VECTOR('',#6508,1.);
#6508 = DIRECTION('',(0.,0.,1.));
#6509 = PCURVE('',#2689,#6510);
#6510 = DEFINITIONAL_REPRESENTATION('',(#6511),#6515);
#6511 = LINE('',#6512,#6513);
#6512 = CARTESIAN_POINT('',(6.28318530718,-0.));
#6513 = VECTOR('',#6514,1.);
#6514 = DIRECTION('',(0.,1.));
#6515 = ( GEOMETRIC_REPRESENTATION_CONTEXT(2) 
PARAMETRIC_REPRESENTATION_CONTEXT() REPRESENTATION_CONTEXT('2D SPACE',''
  ) );
#6516 = PCURVE('',#2689,#6517);
#6517 = DEFINITIONAL_REPRESENTATION('',(#6518),#6522);
#6518 = LINE('',#6519,#6520);
#6519 = CARTESIAN_POINT('',(0.,-0.));
#6520 = VECTOR('',#6521,1.);
#6521 = DIRECTION('',(0.,1.));
#6522 = ( GEOMETRIC_REPRESENTATION_CONTEXT(2) 
PARAMETRIC_REPRESENTATION_CONTEXT() REPRESENTATION_CONTEXT('2D SPACE',''
  ) );
#6523 = ORIENTED_EDGE('',*,*,#5310,.T.);
#6524 = ORIENTED_EDGE('',*,*,#6503,.T.);
#6525 = ADVANCED_FACE('',(#6526),#2720,.F.);
#6526 = FACE_BOUND('',#6527,.F.);
#6527 = EDGE_LOOP('',(#6528,#6529,#6550,#6551));
#6528 = ORIENTED_EDGE('',*,*,#2703,.F.);
#6529 = ORIENTED_EDGE('',*,*,#6530,.F.);
#6530 = EDGE_CURVE('',#5363,#2704,#6531,.T.);
#6531 = SEAM_CURVE('',#6532,(#6536,#6543),.PCURVE_S1.);
#6532 = LINE('',#6533,#6534);
#6533 = CARTESIAN_POINT('',(-102.7955423749,8.,-7.));
#6534 = VECTOR('',#6535,1.);
#6535 = DIRECTION('',(0.,0.,1.));
#6536 = PCURVE('',#2720,#6537);
#6537 = DEFINITIONAL_REPRESENTATION('',(#6538),#6542);
#6538 = LINE('',#6539,#6540);
#6539 = CARTESIAN_POINT('',(6.28318530718,-0.));
#6540 = VECTOR('',#6541,1.);
#6541 = DIRECTION('',(0.,1.));
#6542 = ( GEOMETRIC_REPRESENTATION_CONTEXT(2) 
PARAMETRIC_REPRESENTATION_CONTEXT() REPRESENTATION_CONTEXT('2D SPACE',''
  ) );
#6543 = PCURVE('',#2720,#6544);
#6544 = DEFINITIONAL_REPRESENTATION('',(#6545),#6549);
#6545 = LINE('',#6546,#6547);
#6546 = CARTESIAN_POINT('',(0.,-0.));
#6547 = VECTOR('',#6548,1.);
#6548 = DIRECTION('',(0.,1.));
#6549 = ( GEOMETRIC_REPRESENTATION_CONTEXT(2) 
PARAMETRIC_REPRESENTATION_CONTEXT() REPRESENTATION_CONTEXT('2D SPACE',''
  ) );
#6550 = ORIENTED_EDGE('',*,*,#5362,.T.);
#6551 = ORIENTED_EDGE('',*,*,#6530,.T.);
#6552 = ADVANCED_FACE('',(#6553),#2751,.F.);
#6553 = FACE_BOUND('',#6554,.F.);
#6554 = EDGE_LOOP('',(#6555,#6556,#6579,#6601,#6602,#6624,#6625,#6647));
#6555 = ORIENTED_EDGE('',*,*,#2734,.F.);
#6556 = ORIENTED_EDGE('',*,*,#6557,.F.);
#6557 = EDGE_CURVE('',#6558,#2735,#6560,.T.);
#6558 = VERTEX_POINT('',#6559);
#6559 = CARTESIAN_POINT('',(35.65,-4.041334437186E-16,-18.));
#6560 = SEAM_CURVE('',#6561,(#6565,#6572),.PCURVE_S1.);
#6561 = LINE('',#6562,#6563);
#6562 = CARTESIAN_POINT('',(35.65,-4.041334437186E-16,-21.));
#6563 = VECTOR('',#6564,1.);
#6564 = DIRECTION('',(0.,0.,1.));
#6565 = PCURVE('',#2751,#6566);
#6566 = DEFINITIONAL_REPRESENTATION('',(#6567),#6571);
#6567 = LINE('',#6568,#6569);
#6568 = CARTESIAN_POINT('',(6.28318530718,-0.));
#6569 = VECTOR('',#6570,1.);
#6570 = DIRECTION('',(0.,1.));
#6571 = ( GEOMETRIC_REPRESENTATION_CONTEXT(2) 
PARAMETRIC_REPRESENTATION_CONTEXT() REPRESENTATION_CONTEXT('2D SPACE',''
  ) );
#6572 = PCURVE('',#2751,#6573);
#6573 = DEFINITIONAL_REPRESENTATION('',(#6574),#6578);
#6574 = LINE('',#6575,#6576);
#6575 = CARTESIAN_POINT('',(0.,-0.));
#6576 = VECTOR('',#6577,1.);
#6577 = DIRECTION('',(0.,1.));
#6578 = ( GEOMETRIC_REPRESENTATION_CONTEXT(2) 
PARAMETRIC_REPRESENTATION_CONTEXT() REPRESENTATION_CONTEXT('2D SPACE',''
  ) );
#6579 = ORIENTED_EDGE('',*,*,#6580,.T.);
#6580 = EDGE_CURVE('',#6558,#4934,#6581,.T.);
#6581 = SURFACE_CURVE('',#6582,(#6587,#6594),.PCURVE_S1.);
#6582 = CIRCLE('',#6583,1.65);
#6583 = AXIS2_PLACEMENT_3D('',#6584,#6585,#6586);
#6584 = CARTESIAN_POINT('',(34.,0.,-18.));
#6585 = DIRECTION('',(0.,0.,1.));
#6586 = DIRECTION('',(1.,0.,-0.));
#6587 = PCURVE('',#2751,#6588);
#6588 = DEFINITIONAL_REPRESENTATION('',(#6589),#6593);
#6589 = LINE('',#6590,#6591);
#6590 = CARTESIAN_POINT('',(0.,3.));
#6591 = VECTOR('',#6592,1.);
#6592 = DIRECTION('',(1.,0.));
#6593 = ( GEOMETRIC_REPRESENTATION_CONTEXT(2) 
PARAMETRIC_REPRESENTATION_CONTEXT() REPRESENTATION_CONTEXT('2D SPACE',''
  ) );
#6594 = PCURVE('',#3441,#6595);
#6595 = DEFINITIONAL_REPRESENTATION('',(#6596),#6600);
#6596 = CIRCLE('',#6597,1.65);
#6597 = AXIS2_PLACEMENT_2D('',#6598,#6599);
#6598 = CARTESIAN_POINT('',(157.64554266814,2.749802844085E-03));
#6599 = DIRECTION('',(0.99999999673,8.087627064654E-05));
#6600 = ( GEOMETRIC_REPRESENTATION_CONTEXT(2) 
PARAMETRIC_REPRESENTATION_CONTEXT() REPRESENTATION_CONTEXT('2D SPACE',''
  ) );
#6601 = ORIENTED_EDGE('',*,*,#4933,.F.);
#6602 = ORIENTED_EDGE('',*,*,#6603,.T.);
#6603 = EDGE_CURVE('',#4899,#3460,#6604,.T.);
#6604 = SURFACE_CURVE('',#6605,(#6610,#6617),.PCURVE_S1.);
#6605 = CIRCLE('',#6606,1.65);
#6606 = AXIS2_PLACEMENT_3D('',#6607,#6608,#6609);
#6607 = CARTESIAN_POINT('',(34.,0.,-18.));
#6608 = DIRECTION('',(0.,0.,1.));
#6609 = DIRECTION('',(1.,0.,-0.));
#6610 = PCURVE('',#2751,#6611);
#6611 = DEFINITIONAL_REPRESENTATION('',(#6612),#6616);
#6612 = LINE('',#6613,#6614);
#6613 = CARTESIAN_POINT('',(0.,3.));
#6614 = VECTOR('',#6615,1.);
#6615 = DIRECTION('',(1.,0.));
#6616 = ( GEOMETRIC_REPRESENTATION_CONTEXT(2) 
PARAMETRIC_REPRESENTATION_CONTEXT() REPRESENTATION_CONTEXT('2D SPACE',''
  ) );
#6617 = PCURVE('',#3663,#6618);
#6618 = DEFINITIONAL_REPRESENTATION('',(#6619),#6623);
#6619 = CIRCLE('',#6620,1.65);
#6620 = AXIS2_PLACEMENT_2D('',#6621,#6622);
#6621 = CARTESIAN_POINT('',(157.64554266814,2.749802844085E-03));
#6622 = DIRECTION('',(0.99999999673,8.087627064654E-05));
#6623 = ( GEOMETRIC_REPRESENTATION_CONTEXT(2) 
PARAMETRIC_REPRESENTATION_CONTEXT() REPRESENTATION_CONTEXT('2D SPACE',''
  ) );
#6624 = ORIENTED_EDGE('',*,*,#3459,.F.);
#6625 = ORIENTED_EDGE('',*,*,#6626,.T.);
#6626 = EDGE_CURVE('',#3420,#6558,#6627,.T.);
#6627 = SURFACE_CURVE('',#6628,(#6633,#6640),.PCURVE_S1.);
#6628 = CIRCLE('',#6629,1.65);
#6629 = AXIS2_PLACEMENT_3D('',#6630,#6631,#6632);
#6630 = CARTESIAN_POINT('',(34.,0.,-18.));
#6631 = DIRECTION('',(0.,0.,1.));
#6632 = DIRECTION('',(1.,0.,-0.));
#6633 = PCURVE('',#2751,#6634);
#6634 = DEFINITIONAL_REPRESENTATION('',(#6635),#6639);
#6635 = LINE('',#6636,#6637);
#6636 = CARTESIAN_POINT('',(0.,3.));
#6637 = VECTOR('',#6638,1.);
#6638 = DIRECTION('',(1.,0.));
#6639 = ( GEOMETRIC_REPRESENTATION_CONTEXT(2) 
PARAMETRIC_REPRESENTATION_CONTEXT() REPRESENTATION_CONTEXT('2D SPACE',''
  ) );
#6640 = PCURVE('',#3441,#6641);
#6641 = DEFINITIONAL_REPRESENTATION('',(#6642),#6646);
#6642 = CIRCLE('',#6643,1.65);
#6643 = AXIS2_PLACEMENT_2D('',#6644,#6645);
#6644 = CARTESIAN_POINT('',(157.64554266814,2.749802844085E-03));
#6645 = DIRECTION('',(0.99999999673,8.087627064654E-05));
#6646 = ( GEOMETRIC_REPRESENTATION_CONTEXT(2) 
PARAMETRIC_REPRESENTATION_CONTEXT() REPRESENTATION_CONTEXT('2D SPACE',''
  ) );
#6647 = ORIENTED_EDGE('',*,*,#6557,.T.);
#6648 = ADVANCED_FACE('',(#6649),#2782,.F.);
#6649 = FACE_BOUND('',#6650,.F.);
#6650 = EDGE_LOOP('',(#6651,#6652,#6675,#6697));
#6651 = ORIENTED_EDGE('',*,*,#2765,.F.);
#6652 = ORIENTED_EDGE('',*,*,#6653,.F.);
#6653 = EDGE_CURVE('',#6654,#2766,#6656,.T.);
#6654 = VERTEX_POINT('',#6655);
#6655 = CARTESIAN_POINT('',(116.94554237496,-1.102182119233E-15,-3.));
#6656 = SEAM_CURVE('',#6657,(#6661,#6668),.PCURVE_S1.);
#6657 = LINE('',#6658,#6659);
#6658 = CARTESIAN_POINT('',(116.94554237496,-1.102182119233E-15,-7.));
#6659 = VECTOR('',#6660,1.);
#6660 = DIRECTION('',(0.,0.,1.));
#6661 = PCURVE('',#2782,#6662);
#6662 = DEFINITIONAL_REPRESENTATION('',(#6663),#6667);
#6663 = LINE('',#6664,#6665);
#6664 = CARTESIAN_POINT('',(6.28318530718,-0.));
#6665 = VECTOR('',#6666,1.);
#6666 = DIRECTION('',(0.,1.));
#6667 = ( GEOMETRIC_REPRESENTATION_CONTEXT(2) 
PARAMETRIC_REPRESENTATION_CONTEXT() REPRESENTATION_CONTEXT('2D SPACE',''
  ) );
#6668 = PCURVE('',#2782,#6669);
#6669 = DEFINITIONAL_REPRESENTATION('',(#6670),#6674);
#6670 = LINE('',#6671,#6672);
#6671 = CARTESIAN_POINT('',(0.,-0.));
#6672 = VECTOR('',#6673,1.);
#6673 = DIRECTION('',(0.,1.));
#6674 = ( GEOMETRIC_REPRESENTATION_CONTEXT(2) 
PARAMETRIC_REPRESENTATION_CONTEXT() REPRESENTATION_CONTEXT('2D SPACE',''
  ) );
#6675 = ORIENTED_EDGE('',*,*,#6676,.T.);
#6676 = EDGE_CURVE('',#6654,#6654,#6677,.T.);
#6677 = SURFACE_CURVE('',#6678,(#6683,#6690),.PCURVE_S1.);
#6678 = CIRCLE('',#6679,4.5);
#6679 = AXIS2_PLACEMENT_3D('',#6680,#6681,#6682);
#6680 = CARTESIAN_POINT('',(112.44554237496,0.,-3.));
#6681 = DIRECTION('',(0.,0.,1.));
#6682 = DIRECTION('',(1.,0.,-0.));
#6683 = PCURVE('',#2782,#6684);
#6684 = DEFINITIONAL_REPRESENTATION('',(#6685),#6689);
#6685 = LINE('',#6686,#6687);
#6686 = CARTESIAN_POINT('',(0.,4.));
#6687 = VECTOR('',#6688,1.);
#6688 = DIRECTION('',(1.,0.));
#6689 = ( GEOMETRIC_REPRESENTATION_CONTEXT(2) 
PARAMETRIC_REPRESENTATION_CONTEXT() REPRESENTATION_CONTEXT('2D SPACE',''
  ) );
#6690 = PCURVE('',#6436,#6691);
#6691 = DEFINITIONAL_REPRESENTATION('',(#6692),#6696);
#6692 = CIRCLE('',#6693,4.5);
#6693 = AXIS2_PLACEMENT_2D('',#6694,#6695);
#6694 = CARTESIAN_POINT('',(0.,0.));
#6695 = DIRECTION('',(1.,0.));
#6696 = ( GEOMETRIC_REPRESENTATION_CONTEXT(2) 
PARAMETRIC_REPRESENTATION_CONTEXT() REPRESENTATION_CONTEXT('2D SPACE',''
  ) );
#6697 = ORIENTED_EDGE('',*,*,#6653,.T.);
#6698 = ADVANCED_FACE('',(#6699),#2813,.F.);
#6699 = FACE_BOUND('',#6700,.F.);
#6700 = EDGE_LOOP('',(#6701,#6702,#6725,#6747));
#6701 = ORIENTED_EDGE('',*,*,#2796,.F.);
#6702 = ORIENTED_EDGE('',*,*,#6703,.F.);
#6703 = EDGE_CURVE('',#6704,#2797,#6706,.T.);
#6704 = VERTEX_POINT('',#6705);
#6705 = CARTESIAN_POINT('',(106.09554237496,8.,-3.));
#6706 = SEAM_CURVE('',#6707,(#6711,#6718),.PCURVE_S1.);
#6707 = LINE('',#6708,#6709);
#6708 = CARTESIAN_POINT('',(106.09554237496,8.,-7.));
#6709 = VECTOR('',#6710,1.);
#6710 = DIRECTION('',(0.,0.,1.));
#6711 = PCURVE('',#2813,#6712);
#6712 = DEFINITIONAL_REPRESENTATION('',(#6713),#6717);
#6713 = LINE('',#6714,#6715);
#6714 = CARTESIAN_POINT('',(6.28318530718,-0.));
#6715 = VECTOR('',#6716,1.);
#6716 = DIRECTION('',(0.,1.));
#6717 = ( GEOMETRIC_REPRESENTATION_CONTEXT(2) 
PARAMETRIC_REPRESENTATION_CONTEXT() REPRESENTATION_CONTEXT('2D SPACE',''
  ) );
#6718 = PCURVE('',#2813,#6719);
#6719 = DEFINITIONAL_REPRESENTATION('',(#6720),#6724);
#6720 = LINE('',#6721,#6722);
#6721 = CARTESIAN_POINT('',(0.,-0.));
#6722 = VECTOR('',#6723,1.);
#6723 = DIRECTION('',(0.,1.));
#6724 = ( GEOMETRIC_REPRESENTATION_CONTEXT(2) 
PARAMETRIC_REPRESENTATION_CONTEXT() REPRESENTATION_CONTEXT('2D SPACE',''
  ) );
#6725 = ORIENTED_EDGE('',*,*,#6726,.T.);
#6726 = EDGE_CURVE('',#6704,#6704,#6727,.T.);
#6727 = SURFACE_CURVE('',#6728,(#6733,#6740),.PCURVE_S1.);
#6728 = CIRCLE('',#6729,1.65);
#6729 = AXIS2_PLACEMENT_3D('',#6730,#6731,#6732);
#6730 = CARTESIAN_POINT('',(104.44554237496,8.,-3.));
#6731 = DIRECTION('',(0.,0.,1.));
#6732 = DIRECTION('',(1.,0.,-0.));
#6733 = PCURVE('',#2813,#6734);
#6734 = DEFINITIONAL_REPRESENTATION('',(#6735),#6739);
#6735 = LINE('',#6736,#6737);
#6736 = CARTESIAN_POINT('',(0.,4.));
#6737 = VECTOR('',#6738,1.);
#6738 = DIRECTION('',(1.,0.));
#6739 = ( GEOMETRIC_REPRESENTATION_CONTEXT(2) 
PARAMETRIC_REPRESENTATION_CONTEXT() REPRESENTATION_CONTEXT('2D SPACE',''
  ) );
#6740 = PCURVE('',#6436,#6741);
#6741 = DEFINITIONAL_REPRESENTATION('',(#6742),#6746);
#6742 = CIRCLE('',#6743,1.65);
#6743 = AXIS2_PLACEMENT_2D('',#6744,#6745);
#6744 = CARTESIAN_POINT('',(-8.,8.));
#6745 = DIRECTION('',(1.,0.));
#6746 = ( GEOMETRIC_REPRESENTATION_CONTEXT(2) 
PARAMETRIC_REPRESENTATION_CONTEXT() REPRESENTATION_CONTEXT('2D SPACE',''
  ) );
#6747 = ORIENTED_EDGE('',*,*,#6703,.T.);
#6748 = ADVANCED_FACE('',(#6749),#2844,.F.);
#6749 = FACE_BOUND('',#6750,.F.);
#6750 = EDGE_LOOP('',(#6751,#6752,#6775,#6797));
#6751 = ORIENTED_EDGE('',*,*,#2827,.F.);
#6752 = ORIENTED_EDGE('',*,*,#6753,.F.);
#6753 = EDGE_CURVE('',#6754,#2828,#6756,.T.);
#6754 = VERTEX_POINT('',#6755);
#6755 = CARTESIAN_POINT('',(122.09554237496,8.,-3.));
#6756 = SEAM_CURVE('',#6757,(#6761,#6768),.PCURVE_S1.);
#6757 = LINE('',#6758,#6759);
#6758 = CARTESIAN_POINT('',(122.09554237496,8.,-7.));
#6759 = VECTOR('',#6760,1.);
#6760 = DIRECTION('',(0.,0.,1.));
#6761 = PCURVE('',#2844,#6762);
#6762 = DEFINITIONAL_REPRESENTATION('',(#6763),#6767);
#6763 = LINE('',#6764,#6765);
#6764 = CARTESIAN_POINT('',(6.28318530718,-0.));
#6765 = VECTOR('',#6766,1.);
#6766 = DIRECTION('',(0.,1.));
#6767 = ( GEOMETRIC_REPRESENTATION_CONTEXT(2) 
PARAMETRIC_REPRESENTATION_CONTEXT() REPRESENTATION_CONTEXT('2D SPACE',''
  ) );
#6768 = PCURVE('',#2844,#6769);
#6769 = DEFINITIONAL_REPRESENTATION('',(#6770),#6774);
#6770 = LINE('',#6771,#6772);
#6771 = CARTESIAN_POINT('',(0.,-0.));
#6772 = VECTOR('',#6773,1.);
#6773 = DIRECTION('',(0.,1.));
#6774 = ( GEOMETRIC_REPRESENTATION_CONTEXT(2) 
PARAMETRIC_REPRESENTATION_CONTEXT() REPRESENTATION_CONTEXT('2D SPACE',''
  ) );
#6775 = ORIENTED_EDGE('',*,*,#6776,.T.);
#6776 = EDGE_CURVE('',#6754,#6754,#6777,.T.);
#6777 = SURFACE_CURVE('',#6778,(#6783,#6790),.PCURVE_S1.);
#6778 = CIRCLE('',#6779,1.65);
#6779 = AXIS2_PLACEMENT_3D('',#6780,#6781,#6782);
#6780 = CARTESIAN_POINT('',(120.44554237496,8.,-3.));
#6781 = DIRECTION('',(0.,0.,1.));
#6782 = DIRECTION('',(1.,0.,-0.));
#6783 = PCURVE('',#2844,#6784);
#6784 = DEFINITIONAL_REPRESENTATION('',(#6785),#6789);
#6785 = LINE('',#6786,#6787);
#6786 = CARTESIAN_POINT('',(0.,4.));
#6787 = VECTOR('',#6788,1.);
#6788 = DIRECTION('',(1.,0.));
#6789 = ( GEOMETRIC_REPRESENTATION_CONTEXT(2) 
PARAMETRIC_REPRESENTATION_CONTEXT() REPRESENTATION_CONTEXT('2D SPACE',''
  ) );
#6790 = PCURVE('',#6436,#6791);
#6791 = DEFINITIONAL_REPRESENTATION('',(#6792),#6796);
#6792 = CIRCLE('',#6793,1.65);
#6793 = AXIS2_PLACEMENT_2D('',#6794,#6795);
#6794 = CARTESIAN_POINT('',(8.,8.));
#6795 = DIRECTION('',(1.,0.));
#6796 = ( GEOMETRIC_REPRESENTATION_CONTEXT(2) 
PARAMETRIC_REPRESENTATION_CONTEXT() REPRESENTATION_CONTEXT('2D SPACE',''
  ) );
#6797 = ORIENTED_EDGE('',*,*,#6753,.T.);
#6798 = ADVANCED_FACE('',(#6799),#3913,.F.);
#6799 = FACE_BOUND('',#6800,.F.);
#6800 = EDGE_LOOP('',(#6801,#6802,#6821,#6822,#6823));
#6801 = ORIENTED_EDGE('',*,*,#3891,.T.);
#6802 = ORIENTED_EDGE('',*,*,#6803,.T.);
#6803 = EDGE_CURVE('',#3804,#4669,#6804,.T.);
#6804 = SURFACE_CURVE('',#6805,(#6809,#6815),.PCURVE_S1.);
#6805 = LINE('',#6806,#6807);
#6806 = CARTESIAN_POINT('',(-157.3951247985,-30.56764540751,-18.));
#6807 = VECTOR('',#6808,1.);
#6808 = DIRECTION('',(0.974375197722,0.224928819994,0.));
#6809 = PCURVE('',#3913,#6810);
#6810 = DEFINITIONAL_REPRESENTATION('',(#6811),#6814);
#6811 = B_SPLINE_CURVE_WITH_KNOTS('',1,(#6812,#6813),.UNSPECIFIED.,.F.,
  .F.,(2,2),(132.76141545958,139.05492932597),.PIECEWISE_BEZIER_KNOTS.);
#6812 = CARTESIAN_POINT('',(95.609905591397,-0.708044297957));
#6813 = CARTESIAN_POINT('',(101.74203490142,0.708044298005));
#6814 = ( GEOMETRIC_REPRESENTATION_CONTEXT(2) 
PARAMETRIC_REPRESENTATION_CONTEXT() REPRESENTATION_CONTEXT('2D SPACE',''
  ) );
#6815 = PCURVE('',#3859,#6816);
#6816 = DEFINITIONAL_REPRESENTATION('',(#6817),#6820);
#6817 = B_SPLINE_CURVE_WITH_KNOTS('',1,(#6818,#6819),.UNSPECIFIED.,.F.,
  .F.,(2,2),(132.76141545958,139.05492932597),.PIECEWISE_BEZIER_KNOTS.);
#6818 = CARTESIAN_POINT('',(0.5,-172.5239652019));
#6819 = CARTESIAN_POINT('',(0.5,-178.8174790683));
#6820 = ( GEOMETRIC_REPRESENTATION_CONTEXT(2) 
PARAMETRIC_REPRESENTATION_CONTEXT() REPRESENTATION_CONTEXT('2D SPACE',''
  ) );
#6821 = ORIENTED_EDGE('',*,*,#4668,.T.);
#6822 = ORIENTED_EDGE('',*,*,#6346,.F.);
#6823 = ORIENTED_EDGE('',*,*,#6371,.F.);
#6824 = ADVANCED_FACE('',(#6825),#3859,.T.);
#6825 = FACE_BOUND('',#6826,.T.);
#6826 = EDGE_LOOP('',(#6827,#6848,#6849,#6850));
#6827 = ORIENTED_EDGE('',*,*,#6828,.F.);
#6828 = EDGE_CURVE('',#3770,#4704,#6829,.T.);
#6829 = SURFACE_CURVE('',#6830,(#6834,#6841),.PCURVE_S1.);
#6830 = LINE('',#6831,#6832);
#6831 = CARTESIAN_POINT('',(-196.1387670657,-39.51138880101,-8.5));
#6832 = VECTOR('',#6833,1.);
#6833 = DIRECTION('',(0.974375197722,0.224928819994,0.));
#6834 = PCURVE('',#3859,#6835);
#6835 = DEFINITIONAL_REPRESENTATION('',(#6836),#6840);
#6836 = LINE('',#6837,#6838);
#6837 = CARTESIAN_POINT('',(10.,0.));
#6838 = VECTOR('',#6839,1.);
#6839 = DIRECTION('',(0.,-1.));
#6840 = ( GEOMETRIC_REPRESENTATION_CONTEXT(2) 
PARAMETRIC_REPRESENTATION_CONTEXT() REPRESENTATION_CONTEXT('2D SPACE',''
  ) );
#6841 = PCURVE('',#3789,#6842);
#6842 = DEFINITIONAL_REPRESENTATION('',(#6843),#6847);
#6843 = LINE('',#6844,#6845);
#6844 = CARTESIAN_POINT('',(0.,0.));
#6845 = VECTOR('',#6846,1.);
#6846 = DIRECTION('',(0.,1.));
#6847 = ( GEOMETRIC_REPRESENTATION_CONTEXT(2) 
PARAMETRIC_REPRESENTATION_CONTEXT() REPRESENTATION_CONTEXT('2D SPACE',''
  ) );
#6848 = ORIENTED_EDGE('',*,*,#3803,.T.);
#6849 = ORIENTED_EDGE('',*,*,#6803,.T.);
#6850 = ORIENTED_EDGE('',*,*,#4703,.F.);
#6851 = ADVANCED_FACE('',(#6852),#3789,.F.);
#6852 = FACE_BOUND('',#6853,.F.);
#6853 = EDGE_LOOP('',(#6854,#6855,#6856,#6877));
#6854 = ORIENTED_EDGE('',*,*,#6828,.F.);
#6855 = ORIENTED_EDGE('',*,*,#3769,.F.);
#6856 = ORIENTED_EDGE('',*,*,#6857,.T.);
#6857 = EDGE_CURVE('',#3682,#4787,#6858,.T.);
#6858 = SURFACE_CURVE('',#6859,(#6863,#6870),.PCURVE_S1.);
#6859 = LINE('',#6860,#6861);
#6860 = CARTESIAN_POINT('',(-193.6113120231,-50.46013919645,-8.5));
#6861 = VECTOR('',#6862,1.);
#6862 = DIRECTION('',(0.974375197722,0.224928819994,0.));
#6863 = PCURVE('',#3789,#6864);
#6864 = DEFINITIONAL_REPRESENTATION('',(#6865),#6869);
#6865 = LINE('',#6866,#6867);
#6866 = CARTESIAN_POINT('',(11.236688311688,0.));
#6867 = VECTOR('',#6868,1.);
#6868 = DIRECTION('',(0.,1.));
#6869 = ( GEOMETRIC_REPRESENTATION_CONTEXT(2) 
PARAMETRIC_REPRESENTATION_CONTEXT() REPRESENTATION_CONTEXT('2D SPACE',''
  ) );
#6870 = PCURVE('',#3737,#6871);
#6871 = DEFINITIONAL_REPRESENTATION('',(#6872),#6876);
#6872 = LINE('',#6873,#6874);
#6873 = CARTESIAN_POINT('',(10.,0.));
#6874 = VECTOR('',#6875,1.);
#6875 = DIRECTION('',(0.,-1.));
#6876 = ( GEOMETRIC_REPRESENTATION_CONTEXT(2) 
PARAMETRIC_REPRESENTATION_CONTEXT() REPRESENTATION_CONTEXT('2D SPACE',''
  ) );
#6877 = ORIENTED_EDGE('',*,*,#4786,.F.);
#6878 = ADVANCED_FACE('',(#6879),#3737,.F.);
#6879 = FACE_BOUND('',#6880,.F.);
#6880 = EDGE_LOOP('',(#6881,#6882,#6883,#6902));
#6881 = ORIENTED_EDGE('',*,*,#6857,.F.);
#6882 = ORIENTED_EDGE('',*,*,#3681,.T.);
#6883 = ORIENTED_EDGE('',*,*,#6884,.T.);
#6884 = EDGE_CURVE('',#3642,#4816,#6885,.T.);
#6885 = SURFACE_CURVE('',#6886,(#6890,#6896),.PCURVE_S1.);
#6886 = LINE('',#6887,#6888);
#6887 = CARTESIAN_POINT('',(-154.8676697559,-41.51639580296,-18.));
#6888 = VECTOR('',#6889,1.);
#6889 = DIRECTION('',(0.974375197722,0.224928819994,0.));
#6890 = PCURVE('',#3737,#6891);
#6891 = DEFINITIONAL_REPRESENTATION('',(#6892),#6895);
#6892 = B_SPLINE_CURVE_WITH_KNOTS('',1,(#6893,#6894),.UNSPECIFIED.,.F.,
  .F.,(2,2),(181.41997110374,187.71348497014),.PIECEWISE_BEZIER_KNOTS.);
#6893 = CARTESIAN_POINT('',(0.5,-221.1825208461));
#6894 = CARTESIAN_POINT('',(0.5,-227.4760347125));
#6895 = ( GEOMETRIC_REPRESENTATION_CONTEXT(2) 
PARAMETRIC_REPRESENTATION_CONTEXT() REPRESENTATION_CONTEXT('2D SPACE',''
  ) );
#6896 = PCURVE('',#3663,#6897);
#6897 = DEFINITIONAL_REPRESENTATION('',(#6898),#6901);
#6898 = B_SPLINE_CURVE_WITH_KNOTS('',1,(#6899,#6900),.UNSPECIFIED.,.F.,
  .F.,(2,2),(181.41997110374,187.71348497014),.PIECEWISE_BEZIER_KNOTS.);
#6899 = CARTESIAN_POINT('',(145.54905057397,-0.708044297957));
#6900 = CARTESIAN_POINT('',(151.68117988399,0.708044298005));
#6901 = ( GEOMETRIC_REPRESENTATION_CONTEXT(2) 
PARAMETRIC_REPRESENTATION_CONTEXT() REPRESENTATION_CONTEXT('2D SPACE',''
  ) );
#6902 = ORIENTED_EDGE('',*,*,#4815,.F.);
#6903 = ADVANCED_FACE('',(#6904),#3663,.F.);
#6904 = FACE_BOUND('',#6905,.F.);
#6905 = EDGE_LOOP('',(#6906,#6907,#6908,#6909));
#6906 = ORIENTED_EDGE('',*,*,#6603,.F.);
#6907 = ORIENTED_EDGE('',*,*,#4898,.T.);
#6908 = ORIENTED_EDGE('',*,*,#6884,.F.);
#6909 = ORIENTED_EDGE('',*,*,#3641,.T.);
#6910 = ADVANCED_FACE('',(#6911),#3441,.F.);
#6911 = FACE_BOUND('',#6912,.F.);
#6912 = EDGE_LOOP('',(#6913,#6935,#6936,#6937,#6938));
#6913 = ORIENTED_EDGE('',*,*,#6914,.F.);
#6914 = EDGE_CURVE('',#5116,#3311,#6915,.T.);
#6915 = SURFACE_CURVE('',#6916,(#6921,#6928),.PCURVE_S1.);
#6916 = CIRCLE('',#6917,13.);
#6917 = AXIS2_PLACEMENT_3D('',#6918,#6919,#6920);
#6918 = CARTESIAN_POINT('',(112.44554237496,0.,-18.));
#6919 = DIRECTION('',(0.,0.,1.));
#6920 = DIRECTION('',(1.,0.,-0.));
#6921 = PCURVE('',#3441,#6922);
#6922 = DEFINITIONAL_REPRESENTATION('',(#6923),#6927);
#6923 = CIRCLE('',#6924,13.);
#6924 = AXIS2_PLACEMENT_2D('',#6925,#6926);
#6925 = CARTESIAN_POINT('',(236.09108478655,9.094185760218E-03));
#6926 = DIRECTION('',(0.99999999673,8.087627064654E-05));
#6927 = ( GEOMETRIC_REPRESENTATION_CONTEXT(2) 
PARAMETRIC_REPRESENTATION_CONTEXT() REPRESENTATION_CONTEXT('2D SPACE',''
  ) );
#6928 = PCURVE('',#3380,#6929);
#6929 = DEFINITIONAL_REPRESENTATION('',(#6930),#6934);
#6930 = LINE('',#6931,#6932);
#6931 = CARTESIAN_POINT('',(0.,1.));
#6932 = VECTOR('',#6933,1.);
#6933 = DIRECTION('',(1.,0.));
#6934 = ( GEOMETRIC_REPRESENTATION_CONTEXT(2) 
PARAMETRIC_REPRESENTATION_CONTEXT() REPRESENTATION_CONTEXT('2D SPACE',''
  ) );
#6935 = ORIENTED_EDGE('',*,*,#5115,.T.);
#6936 = ORIENTED_EDGE('',*,*,#6580,.F.);
#6937 = ORIENTED_EDGE('',*,*,#6626,.F.);
#6938 = ORIENTED_EDGE('',*,*,#3419,.T.);
#6939 = ADVANCED_FACE('',(#6940),#3380,.F.);
#6940 = FACE_BOUND('',#6941,.F.);
#6941 = EDGE_LOOP('',(#6942,#6965,#6987,#6988,#6989,#6990,#6991,#6992,
    #6993,#6994,#6995,#6996,#6997,#6998));
#6942 = ORIENTED_EDGE('',*,*,#6943,.T.);
#6943 = EDGE_CURVE('',#5981,#6944,#6946,.T.);
#6944 = VERTEX_POINT('',#6945);
#6945 = CARTESIAN_POINT('',(125.44554237496,-3.184081677783E-15,-3.));
#6946 = SEAM_CURVE('',#6947,(#6951,#6958),.PCURVE_S1.);
#6947 = LINE('',#6948,#6949);
#6948 = CARTESIAN_POINT('',(125.44554237496,-3.184081677783E-15,-19.));
#6949 = VECTOR('',#6950,1.);
#6950 = DIRECTION('',(0.,0.,1.));
#6951 = PCURVE('',#3380,#6952);
#6952 = DEFINITIONAL_REPRESENTATION('',(#6953),#6957);
#6953 = LINE('',#6954,#6955);
#6954 = CARTESIAN_POINT('',(6.28318530718,-0.));
#6955 = VECTOR('',#6956,1.);
#6956 = DIRECTION('',(0.,1.));
#6957 = ( GEOMETRIC_REPRESENTATION_CONTEXT(2) 
PARAMETRIC_REPRESENTATION_CONTEXT() REPRESENTATION_CONTEXT('2D SPACE',''
  ) );
#6958 = PCURVE('',#3380,#6959);
#6959 = DEFINITIONAL_REPRESENTATION('',(#6960),#6964);
#6960 = LINE('',#6961,#6962);
#6961 = CARTESIAN_POINT('',(0.,-0.));
#6962 = VECTOR('',#6963,1.);
#6963 = DIRECTION('',(0.,1.));
#6964 = ( GEOMETRIC_REPRESENTATION_CONTEXT(2) 
PARAMETRIC_REPRESENTATION_CONTEXT() REPRESENTATION_CONTEXT('2D SPACE',''
  ) );
#6965 = ORIENTED_EDGE('',*,*,#6966,.F.);
#6966 = EDGE_CURVE('',#6944,#6944,#6967,.T.);
#6967 = SURFACE_CURVE('',#6968,(#6973,#6980),.PCURVE_S1.);
#6968 = CIRCLE('',#6969,13.);
#6969 = AXIS2_PLACEMENT_3D('',#6970,#6971,#6972);
#6970 = CARTESIAN_POINT('',(112.44554237496,0.,-3.));
#6971 = DIRECTION('',(0.,0.,1.));
#6972 = DIRECTION('',(1.,0.,-0.));
#6973 = PCURVE('',#3380,#6974);
#6974 = DEFINITIONAL_REPRESENTATION('',(#6975),#6979);
#6975 = LINE('',#6976,#6977);
#6976 = CARTESIAN_POINT('',(0.,16.));
#6977 = VECTOR('',#6978,1.);
#6978 = DIRECTION('',(1.,0.));
#6979 = ( GEOMETRIC_REPRESENTATION_CONTEXT(2) 
PARAMETRIC_REPRESENTATION_CONTEXT() REPRESENTATION_CONTEXT('2D SPACE',''
  ) );
#6980 = PCURVE('',#6436,#6981);
#6981 = DEFINITIONAL_REPRESENTATION('',(#6982),#6986);
#6982 = CIRCLE('',#6983,13.);
#6983 = AXIS2_PLACEMENT_2D('',#6984,#6985);
#6984 = CARTESIAN_POINT('',(0.,0.));
#6985 = DIRECTION('',(1.,0.));
#6986 = ( GEOMETRIC_REPRESENTATION_CONTEXT(2) 
PARAMETRIC_REPRESENTATION_CONTEXT() REPRESENTATION_CONTEXT('2D SPACE',''
  ) );
#6987 = ORIENTED_EDGE('',*,*,#6943,.F.);
#6988 = ORIENTED_EDGE('',*,*,#5980,.F.);
#6989 = ORIENTED_EDGE('',*,*,#5643,.F.);
#6990 = ORIENTED_EDGE('',*,*,#5586,.F.);
#6991 = ORIENTED_EDGE('',*,*,#5417,.F.);
#6992 = ORIENTED_EDGE('',*,*,#5150,.T.);
#6993 = ORIENTED_EDGE('',*,*,#6914,.T.);
#6994 = ORIENTED_EDGE('',*,*,#3310,.F.);
#6995 = ORIENTED_EDGE('',*,*,#5784,.F.);
#6996 = ORIENTED_EDGE('',*,*,#6067,.F.);
#6997 = ORIENTED_EDGE('',*,*,#6100,.F.);
#6998 = ORIENTED_EDGE('',*,*,#6009,.F.);
#6999 = ADVANCED_FACE('',(#7000,#7003,#7006,#7009,#7012,#7015),#6436,.F.
  );
#7000 = FACE_BOUND('',#7001,.F.);
#7001 = EDGE_LOOP('',(#7002));
#7002 = ORIENTED_EDGE('',*,*,#6966,.T.);
#7003 = FACE_BOUND('',#7004,.F.);
#7004 = EDGE_LOOP('',(#7005));
#7005 = ORIENTED_EDGE('',*,*,#6421,.F.);
#7006 = FACE_BOUND('',#7007,.F.);
#7007 = EDGE_LOOP('',(#7008));
#7008 = ORIENTED_EDGE('',*,*,#6476,.F.);
#7009 = FACE_BOUND('',#7010,.F.);
#7010 = EDGE_LOOP('',(#7011));
#7011 = ORIENTED_EDGE('',*,*,#6726,.F.);
#7012 = FACE_BOUND('',#7013,.F.);
#7013 = EDGE_LOOP('',(#7014));
#7014 = ORIENTED_EDGE('',*,*,#6676,.F.);
#7015 = FACE_BOUND('',#7016,.F.);
#7016 = EDGE_LOOP('',(#7017));
#7017 = ORIENTED_EDGE('',*,*,#6776,.F.);
#7018 = ( GEOMETRIC_REPRESENTATION_CONTEXT(3) 
GLOBAL_UNCERTAINTY_ASSIGNED_CONTEXT((#7022)) 
GLOBAL_UNIT_ASSIGNED_CONTEXT((#7019,#7020,#7021)) REPRESENTATION_CONTEXT
('Context #1','3D Context with UNIT and UNCERTAINTY') );
#7019 = ( LENGTH_UNIT() NAMED_UNIT(*) SI_UNIT(.MILLI.,.METRE.) );
#7020 = ( NAMED_UNIT(*) PLANE_ANGLE_UNIT() SI_UNIT($,.RADIAN.) );
#7021 = ( NAMED_UNIT(*) SI_UNIT($,.STERADIAN.) SOLID_ANGLE_UNIT() );
#7022 = UNCERTAINTY_MEASURE_WITH_UNIT(LENGTH_MEASURE(2.E-06),#7019,
  'distance_accuracy_value','confusion accuracy');
#7023 = PRODUCT_RELATED_PRODUCT_CATEGORY('part',$,(#7));

#7024=DESCRIPTIVE_REPRESENTATION_ITEM('cadpy:generator','cadpy');
#7025=REPRESENTATION('cadpy:generator',(#7024),#7018);
#7026=PROPERTY_DEFINITION('cadpy metadata','cadpy:generator',#5);
#7027=PROPERTY_DEFINITION_REPRESENTATION(#7026,#7025);
#7028=DESCRIPTIVE_REPRESENTATION_ITEM('cadpy:entryKind','part');
#7029=REPRESENTATION('cadpy:entryKind',(#7028),#7018);
#7030=PROPERTY_DEFINITION('cadpy metadata','cadpy:entryKind',#5);
#7031=PROPERTY_DEFINITION_REPRESENTATION(#7030,#7029);
#7032=DESCRIPTIVE_REPRESENTATION_ITEM('cadpy:sourcePath','arm_bottom.py');
#7033=REPRESENTATION('cadpy:sourcePath',(#7032),#7018);
#7034=PROPERTY_DEFINITION('cadpy metadata','cadpy:sourcePath',#5);
#7035=PROPERTY_DEFINITION_REPRESENTATION(#7034,#7033);
#7036=DESCRIPTIVE_REPRESENTATION_ITEM('cadpy:sourceHash','3b5563c59ff592cc02a5278330f72adca81bfa49b4ed37b8419e4961ecdfde6f');
#7037=REPRESENTATION('cadpy:sourceHash',(#7036),#7018);
#7038=PROPERTY_DEFINITION('cadpy metadata','cadpy:sourceHash',#5);
#7039=PROPERTY_DEFINITION_REPRESENTATION(#7038,#7037);
ENDSEC;
END-ISO-10303-21;
