ISO-10303-21;
HEADER;
FILE_DESCRIPTION(('Open CASCADE Model'),'2;1');
FILE_NAME('Open CASCADE Shape Model','2026-07-30T12:19:12',('Author'),(
    'Open CASCADE'),'Open CASCADE STEP processor 7.9','Open CASCADE 7.9'
  ,'Unknown');
FILE_SCHEMA(('AUTOMOTIVE_DESIGN { 1 0 10303 214 1 1 1 1 }'));
ENDSEC;
DATA;
#1 = APPLICATION_PROTOCOL_DEFINITION('international standard',
  'automotive_design',2000,#2);
#2 = APPLICATION_CONTEXT(
  'core data for automotive mechanical design processes');
#3 = SHAPE_DEFINITION_REPRESENTATION(#4,#10);
#4 = PRODUCT_DEFINITION_SHAPE('','',#5);
#5 = PRODUCT_DEFINITION('design','',#6,#9);
#6 = PRODUCT_DEFINITION_FORMATION('','',#7);
#7 = PRODUCT('SOLID','SOLID','',(#8));
#8 = PRODUCT_CONTEXT('',#2,'mechanical');
#9 = PRODUCT_DEFINITION_CONTEXT('part definition',#2,'design');
#10 = ADVANCED_BREP_SHAPE_REPRESENTATION('',(#11,#15),#7724);
#11 = AXIS2_PLACEMENT_3D('',#12,#13,#14);
#12 = CARTESIAN_POINT('',(0.,0.,0.));
#13 = DIRECTION('',(0.,0.,1.));
#14 = DIRECTION('',(1.,0.,-0.));
#15 = MANIFOLD_SOLID_BREP('',#16);
#16 = CLOSED_SHELL('',(#17,#2830,#3104,#7416,#7467,#7540,#7613,#7661,
    #7687,#7717));
#17 = ADVANCED_FACE('',(#18,#1525,#1851,#2184,#2504),#101,.F.);
#18 = FACE_BOUND('',#19,.F.);
#19 = EDGE_LOOP('',(#20,#319,#785,#1061));
#20 = ORIENTED_EDGE('',*,*,#21,.F.);
#21 = EDGE_CURVE('',#22,#24,#26,.T.);
#22 = VERTEX_POINT('',#23);
#23 = CARTESIAN_POINT('',(68.,-23.08600573825,13.));
#24 = VERTEX_POINT('',#25);
#25 = CARTESIAN_POINT('',(68.,23.086005735015,13.));
#26 = SURFACE_CURVE('',#27,(#100,#238),.PCURVE_S1.);
#27 = B_SPLINE_CURVE_WITH_KNOTS('',8,(#28,#29,#30,#31,#32,#33,#34,#35,
    #36,#37,#38,#39,#40,#41,#42,#43,#44,#45,#46,#47,#48,#49,#50,#51,#52,
    #53,#54,#55,#56,#57,#58,#59,#60,#61,#62,#63,#64,#65,#66,#67,#68,#69,
    #70,#71,#72,#73,#74,#75,#76,#77,#78,#79,#80,#81,#82,#83,#84,#85,#86,
    #87,#88,#89,#90,#91,#92,#93,#94,#95,#96,#97,#98,#99),.UNSPECIFIED.,
  .F.,.F.,(9,7,7,7,7,7,7,7,7,7,9),(0.831635005464,0.83501180221,
    0.864012211538,0.893012620866,1.,1.029000409328,1.058000818656,
    1.087001227984,1.116001637312,1.14500204664,1.168379124871),
  .UNSPECIFIED.);
#28 = CARTESIAN_POINT('',(68.,-23.08600573825,13.));
#29 = CARTESIAN_POINT('',(68.,-23.05152853062,13.061226234093));
#30 = CARTESIAN_POINT('',(68.,-23.0168657506,13.122347965744));
#31 = CARTESIAN_POINT('',(68.,-22.98201776839,13.183364537489));
#32 = CARTESIAN_POINT('',(68.,-22.94698495709,13.244275293234));
#33 = CARTESIAN_POINT('',(68.,-22.91176769268,13.305079578256));
#34 = CARTESIAN_POINT('',(68.,-22.87636635402,13.365776739203));
#35 = CARTESIAN_POINT('',(68.,-22.84078132287,13.426366124093));
#36 = CARTESIAN_POINT('',(68.,-22.49782941625,14.006266128574));
#37 = CARTESIAN_POINT('',(68.,-22.17712455313,14.517690083319));
#38 = CARTESIAN_POINT('',(68.,-21.8431421564,15.020706898854));
#39 = CARTESIAN_POINT('',(68.,-21.4961400938,15.514914708437));
#40 = CARTESIAN_POINT('',(68.,-21.13639033891,15.999921826284));
#41 = CARTESIAN_POINT('',(68.,-20.7641789712,16.475346747564));
#42 = CARTESIAN_POINT('',(68.,-20.37980617596,16.940818148403));
#43 = CARTESIAN_POINT('',(68.,-19.58736631282,17.85113162336));
#44 = CARTESIAN_POINT('',(68.,-19.17929768471,18.295975489753));
#45 = CARTESIAN_POINT('',(68.,-18.75969475192,18.730145429786));
#46 = CARTESIAN_POINT('',(68.,-18.3288839338,19.153292956658));
#47 = CARTESIAN_POINT('',(68.,-17.88720367721,19.565082152044));
#48 = CARTESIAN_POINT('',(68.,-17.43500445647,19.965189666094));
#49 = CARTESIAN_POINT('',(68.,-16.97264877343,20.353304717434));
#50 = CARTESIAN_POINT('',(68.,-14.75871622078,22.115608315557));
#51 = CARTESIAN_POINT('',(68.,-12.88316550736,23.335309537502));
#52 = CARTESIAN_POINT('',(68.,-10.89337144203,24.372365903002));
#53 = CARTESIAN_POINT('',(68.,-8.810299874293,25.214684723038));
#54 = CARTESIAN_POINT('',(68.,-6.655937953534,25.852973736933));
#55 = CARTESIAN_POINT('',(68.,-4.453275329771,26.280809796094));
#56 = CARTESIAN_POINT('',(68.,-2.226246669941,26.494596834399));
#57 = CARTESIAN_POINT('',(68.,0.60345496091,26.494596834399));
#58 = CARTESIAN_POINT('',(68.,1.206911109935,26.478888654421));
#59 = CARTESIAN_POINT('',(68.,1.80988969542,26.447472361205));
#60 = CARTESIAN_POINT('',(68.,2.411913548418,26.400365345532));
#61 = CARTESIAN_POINT('',(68.,3.012507082688,26.337602322213));
#62 = CARTESIAN_POINT('',(68.,3.611196294701,26.259235330101));
#63 = CARTESIAN_POINT('',(68.,4.207508763633,26.165333732081));
#64 = CARTESIAN_POINT('',(68.,5.394438539108,25.946634698068));
#65 = CARTESIAN_POINT('',(68.,5.985058182543,25.821836831489));
#66 = CARTESIAN_POINT('',(68.,6.572361767751,25.681677433534));
#67 = CARTESIAN_POINT('',(68.,7.155883176527,25.526260072844));
#68 = CARTESIAN_POINT('',(68.,7.735160986388,25.355705068504));
#69 = CARTESIAN_POINT('',(68.,8.309738470575,25.170149490043));
#70 = CARTESIAN_POINT('',(68.,8.879163598051,24.969747157435));
#71 = CARTESIAN_POINT('',(68.,10.006814468945,24.539590124762));
#72 = CARTESIAN_POINT('',(68.,10.565042432545,24.309834577779));
#73 = CARTESIAN_POINT('',(68.,11.117225636558,24.065572695287));
#74 = CARTESIAN_POINT('',(68.,11.662924446506,23.806990794673));
#75 = CARTESIAN_POINT('',(68.,12.201706881173,23.534290815579));
#76 = CARTESIAN_POINT('',(68.,12.733148612605,23.247690319896));
#77 = CARTESIAN_POINT('',(68.,13.256832966111,22.947422491771));
#78 = CARTESIAN_POINT('',(68.,14.287868874416,22.320049783428));
#79 = CARTESIAN_POINT('',(68.,14.795222459175,21.992943668005));
#80 = CARTESIAN_POINT('',(68.,15.294002722498,21.652666711759));
#81 = CARTESIAN_POINT('',(68.,15.783811069752,21.299481811935));
#82 = CARTESIAN_POINT('',(68.,16.264259263708,20.933665842589));
#83 = CARTESIAN_POINT('',(68.,16.734969424543,20.555509654594));
#84 = CARTESIAN_POINT('',(68.,17.195574029842,20.165318075632));
#85 = CARTESIAN_POINT('',(68.,18.095857799348,19.361501744776));
#86 = CARTESIAN_POINT('',(68.,18.535538736084,18.947875410284));
#87 = CARTESIAN_POINT('',(68.,18.964401648695,18.522849810796));
#88 = CARTESIAN_POINT('',(68.,19.382102179694,18.086755718992));
#89 = CARTESIAN_POINT('',(68.,19.788308690216,17.639935776159));
#90 = CARTESIAN_POINT('',(68.,20.182702260016,17.182744492194));
#91 = CARTESIAN_POINT('',(68.,20.564976687469,16.715548245602));
#92 = CARTESIAN_POINT('',(68.,21.232982153162,15.854360788441));
#93 = CARTESIAN_POINT('',(68.,21.523061178487,15.463739741666));
#94 = CARTESIAN_POINT('',(68.,21.804921896941,15.067060308585));
#95 = CARTESIAN_POINT('',(68.,22.078416829203,14.66452460978));
#96 = CARTESIAN_POINT('',(68.,22.343404685243,14.256338721008));
#97 = CARTESIAN_POINT('',(68.,22.599750364314,13.842712673193));
#98 = CARTESIAN_POINT('',(68.,22.847324954962,13.423860452435));
#99 = CARTESIAN_POINT('',(68.,23.086005735015,13.));
#100 = PCURVE('',#101,#122);
#101 = SURFACE_OF_REVOLUTION('',#102,#119);
#102 = B_SPLINE_CURVE_WITH_KNOTS('',3,(#103,#104,#105,#106,#107,#108,
    #109,#110,#111,#112,#113,#114,#115,#116,#117,#118),.UNSPECIFIED.,.F.
  ,.F.,(4,1,1,1,1,1,1,1,1,1,1,1,1,4),(0.,6.963476143421,16.963476143421,
    30.855920132871,47.943927623506,70.304607398504,85.379420830186,
    120.37942083018,165.37942083018,190.62323195291,216.22108342525,
    240.26271398559,258.64749029644,267.24981556349),.UNSPECIFIED.);
#103 = CARTESIAN_POINT('',(112.,0.,0.8));
#104 = CARTESIAN_POINT('',(110.97604353031,0.,2.98698272731));
#105 = CARTESIAN_POINT('',(107.66100484501,0.,7.562132002324));
#106 = CARTESIAN_POINT('',(98.884867800264,0.,13.259333205884));
#107 = CARTESIAN_POINT('',(87.307714717428,0.,20.428031052681));
#108 = CARTESIAN_POINT('',(70.436456555889,0.,26.599199110806));
#109 = CARTESIAN_POINT('',(52.424060470956,0.,29.30376656099));
#110 = CARTESIAN_POINT('',(28.401515699417,0.,32.001052342027));
#111 = CARTESIAN_POINT('',(-3.328482288749,0.,30.113322871162));
#112 = CARTESIAN_POINT('',(-38.51334930809,0.,32.753214775513));
#113 = CARTESIAN_POINT('',(-70.1619705803,0.,27.681038571521));
#114 = CARTESIAN_POINT('',(-94.62055781468,0.,22.52449198573));
#115 = CARTESIAN_POINT('',(-116.1748020466,0.,15.689652106979));
#116 = CARTESIAN_POINT('',(-132.4665332279,0.,10.108228238275));
#117 = CARTESIAN_POINT('',(-139.8118631734,0.,4.919283580735));
#118 = CARTESIAN_POINT('',(-142.,0.,3.));
#119 = AXIS1_PLACEMENT('',#120,#121);
#120 = CARTESIAN_POINT('',(0.,0.,0.));
#121 = DIRECTION('',(1.,0.,0.));
#122 = DEFINITIONAL_REPRESENTATION('',(#123),#237);
#123 = B_SPLINE_CURVE_WITH_KNOTS('',3,(#124,#125,#126,#127,#128,#129,
    #130,#131,#132,#133,#134,#135,#136,#137,#138,#139,#140,#141,#142,
    #143,#144,#145,#146,#147,#148,#149,#150,#151,#152,#153,#154,#155,
    #156,#157,#158,#159,#160,#161,#162,#163,#164,#165,#166,#167,#168,
    #169,#170,#171,#172,#173,#174,#175,#176,#177,#178,#179,#180,#181,
    #182,#183,#184,#185,#186,#187,#188,#189,#190,#191,#192,#193,#194,
    #195,#196,#197,#198,#199,#200,#201,#202,#203,#204,#205,#206,#207,
    #208,#209,#210,#211,#212,#213,#214,#215,#216,#217,#218,#219,#220,
    #221,#222,#223,#224,#225,#226,#227,#228,#229,#230,#231,#232,#233,
    #234,#235,#236),.UNSPECIFIED.,.F.,.F.,(4,1,1,1,1,1,1,1,1,1,1,1,1,1,1
    ,1,1,1,1,1,1,1,1,1,1,1,1,1,1,1,1,1,1,1,1,1,1,1,1,1,1,1,1,1,1,1,1,1,1
    ,1,1,1,1,1,1,1,1,1,1,1,1,1,1,1,1,1,1,1,1,1,1,1,1,1,1,1,1,1,1,1,1,1,1
    ,1,1,1,1,1,1,1,1,1,1,1,1,1,1,1,1,1,1,1,1,1,1,1,1,1,1,1,4),(
    0.831635005464,0.834696315641,0.837757625817,0.840818935994,
    0.84388024617,0.846941556347,0.850002866523,0.853064176699,
    0.856125486876,0.859186797052,0.862248107229,0.865309417405,
    0.868370727582,0.871432037758,0.874493347934,0.877554658111,
    0.880615968287,0.883677278464,0.88673858864,0.889799898817,
    0.892861208993,0.895922519169,0.898983829346,0.902045139522,
    0.905106449699,0.908167759875,0.911229070051,0.914290380228,
    0.917351690404,0.920413000581,0.923474310757,0.926535620934,
    0.92959693111,0.932658241286,0.935719551463,0.938780861639,
    0.941842171816,0.944903481992,0.947964792169,0.951026102345,
    0.954087412521,0.957148722698,0.960210032874,0.963271343051,
    0.966332653227,0.969393963404,0.97245527358,0.975516583756,
    0.978577893933,0.981639204109,0.984700514286,0.987761824462,
    0.990823134639,0.993884444815,0.996945754991,1.000007065168,
    1.003068375344,1.006129685521,1.009190995697,1.012252305874,
    1.01531361605,1.018374926226,1.021436236403,1.024497546579,
    1.027558856756,1.030620166932,1.033681477109,1.036742787285,
    1.039804097461,1.042865407638,1.045926717814,1.048988027991,
    1.052049338167,1.055110648343,1.05817195852,1.061233268696,
    1.064294578873,1.067355889049,1.070417199226,1.073478509402,
    1.076539819578,1.079601129755,1.082662439931,1.085723750108,
    1.088785060284,1.091846370461,1.094907680637,1.097968990813,
    1.10103030099,1.104091611166,1.107152921343,1.110214231519,
    1.113275541696,1.116336851872,1.119398162048,1.122459472225,
    1.125520782401,1.128582092578,1.131643402754,1.134704712931,
    1.137766023107,1.140827333283,1.14388864346,1.146949953636,
    1.150011263813,1.153072573989,1.156133884166,1.159195194342,
    1.162256504518,1.165317814695,1.168379124871),
  .QUASI_UNIFORM_KNOTS.);
#124 = CARTESIAN_POINT('',(7.341127618881,52.062051527816));
#125 = CARTESIAN_POINT('',(7.334716115239,52.062051529481));
#126 = CARTESIAN_POINT('',(7.321893113188,52.062051530347));
#127 = CARTESIAN_POINT('',(7.302658615507,52.062051528107));
#128 = CARTESIAN_POINT('',(7.283424100015,52.062051526618));
#129 = CARTESIAN_POINT('',(7.264189588672,52.06205152866));
#130 = CARTESIAN_POINT('',(7.244955081636,52.062051531401));
#131 = CARTESIAN_POINT('',(7.225720578012,52.062051532335));
#132 = CARTESIAN_POINT('',(7.206486073712,52.062051530611));
#133 = CARTESIAN_POINT('',(7.187251565115,52.062051527805));
#134 = CARTESIAN_POINT('',(7.168017052478,52.062051526571));
#135 = CARTESIAN_POINT('',(7.148782538532,52.062051529315));
#136 = CARTESIAN_POINT('',(7.129548046482,52.062051529933));
#137 = CARTESIAN_POINT('',(7.110313534685,52.062051526684));
#138 = CARTESIAN_POINT('',(7.091079021337,52.062051527457));
#139 = CARTESIAN_POINT('',(7.071844512077,52.062051530186));
#140 = CARTESIAN_POINT('',(7.052610007141,52.062051532232));
#141 = CARTESIAN_POINT('',(7.03337550429,52.06205153171));
#142 = CARTESIAN_POINT('',(7.014140995718,52.062051529098));
#143 = CARTESIAN_POINT('',(6.994906493382,52.062051526781));
#144 = CARTESIAN_POINT('',(6.975671946683,52.062051527573));
#145 = CARTESIAN_POINT('',(6.956437562286,52.062051530429));
#146 = CARTESIAN_POINT('',(6.937202622855,52.062051529423));
#147 = CARTESIAN_POINT('',(6.917966433585,52.062051529318));
#148 = CARTESIAN_POINT('',(6.898729548048,52.062051529318));
#149 = CARTESIAN_POINT('',(6.879492129597,52.062051529596));
#150 = CARTESIAN_POINT('',(6.860254393261,52.062051529901));
#151 = CARTESIAN_POINT('',(6.841016492502,52.062051530111));
#152 = CARTESIAN_POINT('',(6.821778554346,52.062051530159));
#153 = CARTESIAN_POINT('',(6.802540674438,52.062051530058));
#154 = CARTESIAN_POINT('',(6.783302922541,52.062051529868));
#155 = CARTESIAN_POINT('',(6.764065344981,52.062051529666));
#156 = CARTESIAN_POINT('',(6.744827967685,52.062051529521));
#157 = CARTESIAN_POINT('',(6.725590798867,52.062051529474));
#158 = CARTESIAN_POINT('',(6.706353831635,52.062051529532));
#159 = CARTESIAN_POINT('',(6.687117046485,52.06205152967));
#160 = CARTESIAN_POINT('',(6.667880413699,52.062051529843));
#161 = CARTESIAN_POINT('',(6.648643895677,52.062051529998));
#162 = CARTESIAN_POINT('',(6.629407449215,52.06205153009));
#163 = CARTESIAN_POINT('',(6.610171027737,52.062051530092));
#164 = CARTESIAN_POINT('',(6.590934583517,52.062051530004));
#165 = CARTESIAN_POINT('',(6.571698069875,52.062051529851));
#166 = CARTESIAN_POINT('',(6.552461443397,52.062051529678));
#167 = CARTESIAN_POINT('',(6.533224666169,52.062051529537));
#168 = CARTESIAN_POINT('',(6.513987708051,52.062051529475));
#169 = CARTESIAN_POINT('',(6.494750549001,52.062051529517));
#170 = CARTESIAN_POINT('',(6.475513181479,52.062051529657));
#171 = CARTESIAN_POINT('',(6.456275612928,52.062051529858));
#172 = CARTESIAN_POINT('',(6.437037868381,52.06205153005));
#173 = CARTESIAN_POINT('',(6.417799993139,52.062051530157));
#174 = CARTESIAN_POINT('',(6.398562055787,52.062051530117));
#175 = CARTESIAN_POINT('',(6.379324150705,52.062051529914));
#176 = CARTESIAN_POINT('',(6.360086403259,52.062051529611));
#177 = CARTESIAN_POINT('',(6.340848965973,52.062051529328));
#178 = CARTESIAN_POINT('',(6.321612049433,52.062051529312));
#179 = CARTESIAN_POINT('',(6.302375824755,52.062051529407));
#180 = CARTESIAN_POINT('',(6.283140806776,52.062051530407));
#181 = CARTESIAN_POINT('',(6.263906444628,52.062051527734));
#182 = CARTESIAN_POINT('',(6.244671892194,52.062051526722));
#183 = CARTESIAN_POINT('',(6.225437391183,52.062051528961));
#184 = CARTESIAN_POINT('',(6.206202881988,52.06205153162));
#185 = CARTESIAN_POINT('',(6.186968379204,52.062051532271));
#186 = CARTESIAN_POINT('',(6.167733874396,52.06205153032));
#187 = CARTESIAN_POINT('',(6.148499365358,52.06205152756));
#188 = CARTESIAN_POINT('',(6.129264852227,52.062051526637));
#189 = CARTESIAN_POINT('',(6.110030339669,52.062051529749));
#190 = CARTESIAN_POINT('',(6.090795847792,52.062051529513));
#191 = CARTESIAN_POINT('',(6.071561334412,52.062051526594));
#192 = CARTESIAN_POINT('',(6.052326821561,52.062051527693));
#193 = CARTESIAN_POINT('',(6.033092312742,52.062051530482));
#194 = CARTESIAN_POINT('',(6.013857808306,52.06205153231));
#195 = CARTESIAN_POINT('',(5.994623304745,52.062051531505));
#196 = CARTESIAN_POINT('',(5.975388797934,52.062051528784));
#197 = CARTESIAN_POINT('',(5.956154286777,52.062051526694));
#198 = CARTESIAN_POINT('',(5.936919771286,52.062051527807));
#199 = CARTESIAN_POINT('',(5.917685272478,52.062051530864));
#200 = CARTESIAN_POINT('',(5.898450769856,52.062051527436));
#201 = CARTESIAN_POINT('',(5.879216254807,52.062051526821));
#202 = CARTESIAN_POINT('',(5.85998174402,52.062051529108));
#203 = CARTESIAN_POINT('',(5.840747237748,52.062051531724));
#204 = CARTESIAN_POINT('',(5.821512734294,52.062051532225));
#205 = CARTESIAN_POINT('',(5.802278229499,52.062051530167));
#206 = CARTESIAN_POINT('',(5.783043720167,52.062051527443));
#207 = CARTESIAN_POINT('',(5.7638092068,52.062051526691));
#208 = CARTESIAN_POINT('',(5.744574695112,52.062051529958));
#209 = CARTESIAN_POINT('',(5.725340203026,52.062051529288));
#210 = CARTESIAN_POINT('',(5.70610568901,52.062051526568));
#211 = CARTESIAN_POINT('',(5.686871176401,52.062051527821));
#212 = CARTESIAN_POINT('',(5.667636667835,52.062051530629));
#213 = CARTESIAN_POINT('',(5.648402163553,52.062051532337));
#214 = CARTESIAN_POINT('',(5.629167659921,52.06205153139));
#215 = CARTESIAN_POINT('',(5.609933152848,52.062051528632));
#216 = CARTESIAN_POINT('',(5.590698641502,52.062051526646));
#217 = CARTESIAN_POINT('',(5.57146412593,52.062051528006));
#218 = CARTESIAN_POINT('',(5.552229628712,52.062051530806));
#219 = CARTESIAN_POINT('',(5.53299512438,52.062051527282));
#220 = CARTESIAN_POINT('',(5.513760609574,52.062051526894));
#221 = CARTESIAN_POINT('',(5.494526098977,52.062051529265));
#222 = CARTESIAN_POINT('',(5.475291592952,52.062051531819));
#223 = CARTESIAN_POINT('',(5.456057089531,52.062051532173));
#224 = CARTESIAN_POINT('',(5.436822584547,52.062051530013));
#225 = CARTESIAN_POINT('',(5.417588074977,52.062051527333));
#226 = CARTESIAN_POINT('',(5.398353561359,52.062051526759));
#227 = CARTESIAN_POINT('',(5.379119050661,52.062051530153));
#228 = CARTESIAN_POINT('',(5.359884558165,52.062051529059));
#229 = CARTESIAN_POINT('',(5.340650043624,52.062051526555));
#230 = CARTESIAN_POINT('',(5.321415531252,52.062051527953));
#231 = CARTESIAN_POINT('',(5.302181022943,52.062051530772));
#232 = CARTESIAN_POINT('',(5.282946518798,52.062051532356));
#233 = CARTESIAN_POINT('',(5.263712015101,52.062051531272));
#234 = CARTESIAN_POINT('',(5.244477507697,52.06205152847));
#235 = CARTESIAN_POINT('',(5.231654500169,52.062051527261));
#236 = CARTESIAN_POINT('',(5.225242995538,52.062051527188));
#237 = ( GEOMETRIC_REPRESENTATION_CONTEXT(2) 
PARAMETRIC_REPRESENTATION_CONTEXT() REPRESENTATION_CONTEXT('2D SPACE',''
  ) );
#238 = PCURVE('',#239,#244);
#239 = PLANE('',#240);
#240 = AXIS2_PLACEMENT_3D('',#241,#242,#243);
#241 = CARTESIAN_POINT('',(68.,-250.,-250.));
#242 = DIRECTION('',(1.,0.,-0.));
#243 = DIRECTION('',(0.,0.,1.));
#244 = DEFINITIONAL_REPRESENTATION('',(#245),#318);
#245 = B_SPLINE_CURVE_WITH_KNOTS('',8,(#246,#247,#248,#249,#250,#251,
    #252,#253,#254,#255,#256,#257,#258,#259,#260,#261,#262,#263,#264,
    #265,#266,#267,#268,#269,#270,#271,#272,#273,#274,#275,#276,#277,
    #278,#279,#280,#281,#282,#283,#284,#285,#286,#287,#288,#289,#290,
    #291,#292,#293,#294,#295,#296,#297,#298,#299,#300,#301,#302,#303,
    #304,#305,#306,#307,#308,#309,#310,#311,#312,#313,#314,#315,#316,
    #317),.UNSPECIFIED.,.F.,.F.,(9,7,7,7,7,7,7,7,7,7,9),(0.831635005464,
    0.83501180221,0.864012211538,0.893012620866,1.,1.029000409328,
    1.058000818656,1.087001227984,1.116001637312,1.14500204664,
    1.168379124871),.UNSPECIFIED.);
#246 = CARTESIAN_POINT('',(263.,-226.9139942617));
#247 = CARTESIAN_POINT('',(263.06122623409,-226.9484714693));
#248 = CARTESIAN_POINT('',(263.12234796574,-226.9831342493));
#249 = CARTESIAN_POINT('',(263.18336453748,-227.0179822316));
#250 = CARTESIAN_POINT('',(263.24427529323,-227.0530150429));
#251 = CARTESIAN_POINT('',(263.30507957825,-227.0882323073));
#252 = CARTESIAN_POINT('',(263.3657767392,-227.1236336459));
#253 = CARTESIAN_POINT('',(263.42636612409,-227.1592186771));
#254 = CARTESIAN_POINT('',(264.00626612857,-227.5021705837));
#255 = CARTESIAN_POINT('',(264.51769008331,-227.8228754468));
#256 = CARTESIAN_POINT('',(265.02070689885,-228.1568578435));
#257 = CARTESIAN_POINT('',(265.51491470843,-228.5038599061));
#258 = CARTESIAN_POINT('',(265.99992182628,-228.863609661));
#259 = CARTESIAN_POINT('',(266.47534674756,-229.2358210288));
#260 = CARTESIAN_POINT('',(266.9408181484,-229.620193824));
#261 = CARTESIAN_POINT('',(267.85113162336,-230.4126336871));
#262 = CARTESIAN_POINT('',(268.29597548975,-230.8207023152));
#263 = CARTESIAN_POINT('',(268.73014542978,-231.240305248));
#264 = CARTESIAN_POINT('',(269.15329295665,-231.6711160661));
#265 = CARTESIAN_POINT('',(269.56508215204,-232.1127963227));
#266 = CARTESIAN_POINT('',(269.96518966609,-232.5649955435));
#267 = CARTESIAN_POINT('',(270.35330471743,-233.0273512265));
#268 = CARTESIAN_POINT('',(272.11560831555,-235.2412837792));
#269 = CARTESIAN_POINT('',(273.3353095375,-237.1168344926));
#270 = CARTESIAN_POINT('',(274.372365903,-239.1066285579));
#271 = CARTESIAN_POINT('',(275.21468472303,-241.1897001257));
#272 = CARTESIAN_POINT('',(275.85297373693,-243.3440620464));
#273 = CARTESIAN_POINT('',(276.28080979609,-245.5467246702));
#274 = CARTESIAN_POINT('',(276.49459683439,-247.77375333));
#275 = CARTESIAN_POINT('',(276.49459683439,-250.6034549609));
#276 = CARTESIAN_POINT('',(276.47888865442,-251.2069111099));
#277 = CARTESIAN_POINT('',(276.4474723612,-251.8098896954));
#278 = CARTESIAN_POINT('',(276.40036534553,-252.4119135484));
#279 = CARTESIAN_POINT('',(276.33760232221,-253.0125070826));
#280 = CARTESIAN_POINT('',(276.2592353301,-253.6111962947));
#281 = CARTESIAN_POINT('',(276.16533373208,-254.2075087636));
#282 = CARTESIAN_POINT('',(275.94663469806,-255.3944385391));
#283 = CARTESIAN_POINT('',(275.82183683148,-255.9850581825));
#284 = CARTESIAN_POINT('',(275.68167743353,-256.5723617677));
#285 = CARTESIAN_POINT('',(275.52626007284,-257.1558831765));
#286 = CARTESIAN_POINT('',(275.3557050685,-257.7351609863));
#287 = CARTESIAN_POINT('',(275.17014949004,-258.3097384705));
#288 = CARTESIAN_POINT('',(274.96974715743,-258.879163598));
#289 = CARTESIAN_POINT('',(274.53959012476,-260.0068144689));
#290 = CARTESIAN_POINT('',(274.30983457777,-260.5650424325));
#291 = CARTESIAN_POINT('',(274.06557269528,-261.1172256365));
#292 = CARTESIAN_POINT('',(273.80699079467,-261.6629244465));
#293 = CARTESIAN_POINT('',(273.53429081557,-262.2017068811));
#294 = CARTESIAN_POINT('',(273.24769031989,-262.7331486126));
#295 = CARTESIAN_POINT('',(272.94742249177,-263.2568329661));
#296 = CARTESIAN_POINT('',(272.32004978342,-264.2878688744));
#297 = CARTESIAN_POINT('',(271.992943668,-264.7952224591));
#298 = CARTESIAN_POINT('',(271.65266671175,-265.2940027224));
#299 = CARTESIAN_POINT('',(271.29948181193,-265.7838110697));
#300 = CARTESIAN_POINT('',(270.93366584258,-266.2642592637));
#301 = CARTESIAN_POINT('',(270.55550965459,-266.7349694245));
#302 = CARTESIAN_POINT('',(270.16531807563,-267.1955740298));
#303 = CARTESIAN_POINT('',(269.36150174477,-268.0958577993));
#304 = CARTESIAN_POINT('',(268.94787541028,-268.535538736));
#305 = CARTESIAN_POINT('',(268.52284981079,-268.9644016486));
#306 = CARTESIAN_POINT('',(268.08675571899,-269.3821021796));
#307 = CARTESIAN_POINT('',(267.63993577615,-269.7883086902));
#308 = CARTESIAN_POINT('',(267.18274449219,-270.18270226));
#309 = CARTESIAN_POINT('',(266.7155482456,-270.5649766874));
#310 = CARTESIAN_POINT('',(265.85436078844,-271.2329821531));
#311 = CARTESIAN_POINT('',(265.46373974166,-271.5230611784));
#312 = CARTESIAN_POINT('',(265.06706030858,-271.8049218969));
#313 = CARTESIAN_POINT('',(264.66452460978,-272.0784168292));
#314 = CARTESIAN_POINT('',(264.256338721,-272.3434046852));
#315 = CARTESIAN_POINT('',(263.84271267319,-272.5997503643));
#316 = CARTESIAN_POINT('',(263.42386045243,-272.8473249549));
#317 = CARTESIAN_POINT('',(263.,-273.086005735));
#318 = ( GEOMETRIC_REPRESENTATION_CONTEXT(2) 
PARAMETRIC_REPRESENTATION_CONTEXT() REPRESENTATION_CONTEXT('2D SPACE',''
  ) );
#319 = ORIENTED_EDGE('',*,*,#320,.T.);
#320 = EDGE_CURVE('',#22,#321,#323,.T.);
#321 = VERTEX_POINT('',#322);
#322 = CARTESIAN_POINT('',(-92.,-18.70025455441,13.));
#323 = SURFACE_CURVE('',#324,(#474,#627),.PCURVE_S1.);
#324 = B_SPLINE_CURVE_WITH_KNOTS('',8,(#325,#326,#327,#328,#329,#330,
    #331,#332,#333,#334,#335,#336,#337,#338,#339,#340,#341,#342,#343,
    #344,#345,#346,#347,#348,#349,#350,#351,#352,#353,#354,#355,#356,
    #357,#358,#359,#360,#361,#362,#363,#364,#365,#366,#367,#368,#369,
    #370,#371,#372,#373,#374,#375,#376,#377,#378,#379,#380,#381,#382,
    #383,#384,#385,#386,#387,#388,#389,#390,#391,#392,#393,#394,#395,
    #396,#397,#398,#399,#400,#401,#402,#403,#404,#405,#406,#407,#408,
    #409,#410,#411,#412,#413,#414,#415,#416,#417,#418,#419,#420,#421,
    #422,#423,#424,#425,#426,#427,#428,#429,#430,#431,#432,#433,#434,
    #435,#436,#437,#438,#439,#440,#441,#442,#443,#444,#445,#446,#447,
    #448,#449,#450,#451,#452,#453,#454,#455,#456,#457,#458,#459,#460,
    #461,#462,#463,#464,#465,#466,#467,#468,#469,#470,#471,#472,#473),
  .UNSPECIFIED.,.F.,.F.,(9,7,7,7,7,7,7,7,7,7,7,7,7,7,7,7,7,7,7,7,7,9),(
    0.,9.708883901552E-02,0.113092176739,0.134092060425,0.200025478821,
    0.206014201308,0.217991648561,0.304118448917,0.337087718918,
    0.357075482752,0.400058771216,0.424052382995,0.486692077985,
    0.515688269897,0.53368336322,0.566664976998,0.6642880835,
    0.703202411793,0.781134974879,0.820173762363,0.860250662018,1.),
  .UNSPECIFIED.);
#325 = CARTESIAN_POINT('',(68.00000058514,-23.08600559498,13.));
#326 = CARTESIAN_POINT('',(66.098728446345,-23.58463254224,13.));
#327 = CARTESIAN_POINT('',(64.187788891089,-24.03809936363,13.));
#328 = CARTESIAN_POINT('',(62.268884116457,-24.45186666977,13.));
#329 = CARTESIAN_POINT('',(60.343534534285,-24.83112144639,13.));
#330 = CARTESIAN_POINT('',(58.413083164113,-25.18089755101,13.));
#331 = CARTESIAN_POINT('',(56.478694986277,-25.50611748259,13.));
#332 = CARTESIAN_POINT('',(54.541356069655,-25.81160593222,13.));
#333 = CARTESIAN_POINT('',(52.282189317678,-26.15001253532,13.));
#334 = CARTESIAN_POINT('',(51.962445292312,-26.19749243969,13.));
#335 = CARTESIAN_POINT('',(51.642649306757,-26.24458659476,13.));
#336 = CARTESIAN_POINT('',(51.322805403329,-26.29131620808,13.));
#337 = CARTESIAN_POINT('',(51.002917572372,-26.33770243605,13.));
#338 = CARTESIAN_POINT('',(50.682989752256,-26.38376638395,13.));
#339 = CARTESIAN_POINT('',(50.363025829381,-26.4295291059,13.));
#340 = CARTESIAN_POINT('',(49.6231245589,-26.53469460382,13.));
#341 = CARTESIAN_POINT('',(49.203164703196,-26.59390094968,13.));
#342 = CARTESIAN_POINT('',(48.783147568436,-26.65259219152,13.));
#343 = CARTESIAN_POINT('',(48.36307049703,-26.71072788184,13.));
#344 = CARTESIAN_POINT('',(47.942930944345,-26.76826754672,13.));
#345 = CARTESIAN_POINT('',(47.522726587697,-26.82517148883,13.));
#346 = CARTESIAN_POINT('',(47.102455276417,-26.88140042329,13.));
#347 = CARTESIAN_POINT('',(45.362370228206,-27.1112099754,13.));
#348 = CARTESIAN_POINT('',(44.041949942444,-27.27845411168,13.));
#349 = CARTESIAN_POINT('',(42.720781556839,-27.4374141879,13.));
#350 = CARTESIAN_POINT('',(41.398813634442,-27.58685617289,13.));
#351 = CARTESIAN_POINT('',(40.076015678912,-27.72554320018,13.));
#352 = CARTESIAN_POINT('',(38.752378103208,-27.85223459678,13.));
#353 = CARTESIAN_POINT('',(37.427912198284,-27.96568491192,13.));
#354 = CARTESIAN_POINT('',(35.982276744671,-28.07363128907,13.));
#355 = CARTESIAN_POINT('',(35.861899254804,-28.08249988983,13.));
#356 = CARTESIAN_POINT('',(35.741517623983,-28.09124782181,13.));
#357 = CARTESIAN_POINT('',(35.62113184401,-28.09987415854,13.));
#358 = CARTESIAN_POINT('',(35.500741906687,-28.10837797328,13.));
#359 = CARTESIAN_POINT('',(35.380347803815,-28.11675833899,13.));
#360 = CARTESIAN_POINT('',(35.259949527195,-28.1250143284,13.));
#361 = CARTESIAN_POINT('',(34.898742105669,-28.14940638809,13.));
#362 = CARTESIAN_POINT('',(34.657920600018,-28.16516609961,13.));
#363 = CARTESIAN_POINT('',(34.417081879726,-28.18041395434,13.));
#364 = CARTESIAN_POINT('',(34.176227302642,-28.19518348591,13.));
#365 = CARTESIAN_POINT('',(33.935355642344,-28.20945345828,13.));
#366 = CARTESIAN_POINT('',(33.694468092542,-28.22325209208,13.));
#367 = CARTESIAN_POINT('',(33.453564203868,-28.23657586627,13.));
#368 = CARTESIAN_POINT('',(31.480250158038,-28.34190215433,13.));
#369 = CARTESIAN_POINT('',(29.746818959661,-28.41033409534,13.));
#370 = CARTESIAN_POINT('',(28.012610713523,-28.45733120487,13.));
#371 = CARTESIAN_POINT('',(26.277834868503,-28.48548380482,13.));
#372 = CARTESIAN_POINT('',(24.542650199574,-28.49737278549,13.));
#373 = CARTESIAN_POINT('',(22.807164683419,-28.49557018894,13.));
#374 = CARTESIAN_POINT('',(21.07143537406,-28.48263979228,13.));
#375 = CARTESIAN_POINT('',(18.670941468565,-28.45290670383,13.));
#376 = CARTESIAN_POINT('',(18.00638268406,-28.44341976117,13.));
#377 = CARTESIAN_POINT('',(17.341793549973,-28.43282027722,13.));
#378 = CARTESIAN_POINT('',(16.677175315922,-28.42125160901,13.));
#379 = CARTESIAN_POINT('',(16.012528856125,-28.40885705639,13.));
#380 = CARTESIAN_POINT('',(15.347854669401,-28.39577986199,13.));
#381 = CARTESIAN_POINT('',(14.683152879167,-28.38216321125,13.));
#382 = CARTESIAN_POINT('',(13.615427984478,-28.35965480282,13.));
#383 = CARTESIAN_POINT('',(13.212422563098,-28.35101371695,13.));
#384 = CARTESIAN_POINT('',(12.809406942906,-28.34225887595,13.));
#385 = CARTESIAN_POINT('',(12.406381088964,-28.33342218367,13.));
#386 = CARTESIAN_POINT('',(12.003344957786,-28.32453554663,13.));
#387 = CARTESIAN_POINT('',(11.600298497343,-28.31563087407,13.));
#388 = CARTESIAN_POINT('',(11.197241647063,-28.3067400779,13.));
#389 = CARTESIAN_POINT('',(9.927386108442,-28.27887406506,13.));
#390 = CARTESIAN_POINT('',(9.060550118279,-28.26006481651,13.));
#391 = CARTESIAN_POINT('',(8.193665053693,-28.24178476241,13.));
#392 = CARTESIAN_POINT('',(7.326730495189,-28.22435146567,13.));
#393 = CARTESIAN_POINT('',(6.459746917423,-28.20808261677,13.));
#394 = CARTESIAN_POINT('',(5.592715689201,-28.19329603375,13.));
#395 = CARTESIAN_POINT('',(4.725639073476,-28.18030966221,13.));
#396 = CARTESIAN_POINT('',(3.374487625283,-28.16337492326,13.));
#397 = CARTESIAN_POINT('',(2.89044206621,-28.15796828758,13.));
#398 = CARTESIAN_POINT('',(2.40638419586,-28.15327700778,13.));
#399 = CARTESIAN_POINT('',(1.922314858224,-28.14935639595,13.));
#400 = CARTESIAN_POINT('',(1.438235095562,-28.14626173672,13.));
#401 = CARTESIAN_POINT('',(0.954146148404,-28.14404828732,13.));
#402 = CARTESIAN_POINT('',(0.470049455547,-28.14277127757,13.));
#403 = CARTESIAN_POINT('',(-1.277891908787,-28.14174090545,13.));
#404 = CARTESIAN_POINT('',(-2.54176972647,-28.14774036745,13.));
#405 = CARTESIAN_POINT('',(-3.805655245817,-28.15973235169,13.));
#406 = CARTESIAN_POINT('',(-5.069522546154,-28.17696383719,13.));
#407 = CARTESIAN_POINT('',(-6.333351334091,-28.19868137943,13.));
#408 = CARTESIAN_POINT('',(-7.597126938306,-28.22413176349,13.));
#409 = CARTESIAN_POINT('',(-8.860840304324,-28.2525626573,13.));
#410 = CARTESIAN_POINT('',(-10.70943609272,-28.29741619567,13.));
#411 = CARTESIAN_POINT('',(-11.29436962166,-28.31208687766,13.));
#412 = CARTESIAN_POINT('',(-11.87928799483,-28.32716080711,13.));
#413 = CARTESIAN_POINT('',(-12.46419069799,-28.34256352049,13.));
#414 = CARTESIAN_POINT('',(-13.04907728393,-28.35822059444,13.));
#415 = CARTESIAN_POINT('',(-13.63394737244,-28.37405764571,13.));
#416 = CARTESIAN_POINT('',(-14.21880065036,-28.39000033121,13.));
#417 = CARTESIAN_POINT('',(-15.16658737244,-28.41588785402,13.));
#418 = CARTESIAN_POINT('',(-15.52953128256,-28.42581342461,13.));
#419 = CARTESIAN_POINT('',(-15.89246853347,-28.43573329904,13.));
#420 = CARTESIAN_POINT('',(-16.25539905233,-28.44562971954,13.));
#421 = CARTESIAN_POINT('',(-16.61832276187,-28.4554849313,13.));
#422 = CARTESIAN_POINT('',(-16.98123958036,-28.46528118246,13.));
#423 = CARTESIAN_POINT('',(-17.34414942166,-28.47500072415,13.));
#424 = CARTESIAN_POINT('',(-18.37218456777,-28.50226677918,13.));
#425 = CARTESIAN_POINT('',(-19.03729309937,-28.5195904286,13.));
#426 = CARTESIAN_POINT('',(-19.70237731861,-28.53648753329,13.));
#427 = CARTESIAN_POINT('',(-20.36743652909,-28.55284884081,13.));
#428 = CARTESIAN_POINT('',(-21.03246980947,-28.56856507173,13.));
#429 = CARTESIAN_POINT('',(-21.69747601341,-28.5835269196,13.));
#430 = CARTESIAN_POINT('',(-22.36245376959,-28.59762505096,13.));
#431 = CARTESIAN_POINT('',(-24.99559690592,-28.64959928326,13.));
#432 = CARTESIAN_POINT('',(-26.9635080161,-28.6799223922,13.));
#433 = CARTESIAN_POINT('',(-28.93111944441,-28.69888385892,13.));
#434 = CARTESIAN_POINT('',(-30.89836315835,-28.70364040556,13.));
#435 = CARTESIAN_POINT('',(-32.86511860842,-28.69133806723,13.));
#436 = CARTESIAN_POINT('',(-34.83121287579,-28.65910920956,13.));
#437 = CARTESIAN_POINT('',(-36.7964208199,-28.60406954626,13.));
#438 = CARTESIAN_POINT('',(-39.54336869593,-28.49112500276,13.));
#439 = CARTESIAN_POINT('',(-40.32608381675,-28.45484907698,13.));
#440 = CARTESIAN_POINT('',(-41.10859145339,-28.41430352195,13.));
#441 = CARTESIAN_POINT('',(-41.89087016735,-28.36930414588,13.));
#442 = CARTESIAN_POINT('',(-42.67289621695,-28.31966642264,13.));
#443 = CARTESIAN_POINT('',(-43.45464355729,-28.26520549178,13.));
#444 = CARTESIAN_POINT('',(-44.23608384023,-28.20573615845,13.));
#445 = CARTESIAN_POINT('',(-46.58147721202,-28.01157370392,13.));
#446 = CARTESIAN_POINT('',(-48.14440901474,-27.86126549572,13.));
#447 = CARTESIAN_POINT('',(-49.70586792563,-27.69134017643,13.));
#448 = CARTESIAN_POINT('',(-51.26576642767,-27.50297985643,13.));
#449 = CARTESIAN_POINT('',(-52.82404326911,-27.2973559701,13.));
#450 = CARTESIAN_POINT('',(-54.38066334889,-27.07562839685,13.));
#451 = CARTESIAN_POINT('',(-55.93561760197,-26.83894458228,13.));
#452 = CARTESIAN_POINT('',(-58.26702067118,-26.46295263516,13.));
#453 = CARTESIAN_POINT('',(-59.04470344524,-26.33399851222,13.));
#454 = CARTESIAN_POINT('',(-59.82197270494,-26.2017189474,13.));
#455 = CARTESIAN_POINT('',(-60.59883105047,-26.06625602455,13.));
#456 = CARTESIAN_POINT('',(-61.37528218416,-25.92775125447,13.));
#457 = CARTESIAN_POINT('',(-62.15133091051,-25.78634557484,13.));
#458 = CARTESIAN_POINT('',(-62.92698313614,-25.64217935029,13.));
#459 = CARTESIAN_POINT('',(-64.49812424586,-25.34470206241,13.));
#460 = CARTESIAN_POINT('',(-65.29359182787,-25.19124963054,13.));
#461 = CARTESIAN_POINT('',(-66.08865649878,-25.03518819159,13.));
#462 = CARTESIAN_POINT('',(-66.88332581118,-24.87666310759,13.));
#463 = CARTESIAN_POINT('',(-67.67761081257,-24.71583584743,13.));
#464 = CARTESIAN_POINT('',(-68.47151955554,-24.55284294959,13.));
#465 = CARTESIAN_POINT('',(-69.26506504044,-24.38784688171,13.));
#466 = CARTESIAN_POINT('',(-72.82414627064,-23.63915979002,13.));
#467 = CARTESIAN_POINT('',(-75.58563767741,-23.03460129259,13.));
#468 = CARTESIAN_POINT('',(-78.34185007444,-22.40365326188,13.));
#469 = CARTESIAN_POINT('',(-81.09173010203,-21.74240971239,13.));
#470 = CARTESIAN_POINT('',(-83.83404679823,-21.04666178103,13.));
#471 = CARTESIAN_POINT('',(-86.56736183871,-20.31165025561,13.));
#472 = CARTESIAN_POINT('',(-89.29001755474,-19.53193786379,13.));
#473 = CARTESIAN_POINT('',(-92.00000058097,-18.70025437655,13.));
#474 = PCURVE('',#101,#475);
#475 = DEFINITIONAL_REPRESENTATION('',(#476),#626);
#476 = B_SPLINE_CURVE_WITH_KNOTS('',8,(#477,#478,#479,#480,#481,#482,
    #483,#484,#485,#486,#487,#488,#489,#490,#491,#492,#493,#494,#495,
    #496,#497,#498,#499,#500,#501,#502,#503,#504,#505,#506,#507,#508,
    #509,#510,#511,#512,#513,#514,#515,#516,#517,#518,#519,#520,#521,
    #522,#523,#524,#525,#526,#527,#528,#529,#530,#531,#532,#533,#534,
    #535,#536,#537,#538,#539,#540,#541,#542,#543,#544,#545,#546,#547,
    #548,#549,#550,#551,#552,#553,#554,#555,#556,#557,#558,#559,#560,
    #561,#562,#563,#564,#565,#566,#567,#568,#569,#570,#571,#572,#573,
    #574,#575,#576,#577,#578,#579,#580,#581,#582,#583,#584,#585,#586,
    #587,#588,#589,#590,#591,#592,#593,#594,#595,#596,#597,#598,#599,
    #600,#601,#602,#603,#604,#605,#606,#607,#608,#609,#610,#611,#612,
    #613,#614,#615,#616,#617,#618,#619,#620,#621,#622,#623,#624,#625),
  .UNSPECIFIED.,.F.,.F.,(9,7,7,7,7,7,7,7,7,7,7,7,7,7,7,7,7,7,7,7,7,9),(
    0.,9.708883901552E-02,0.113092176739,0.134092060425,0.200025478821,
    0.206014201308,0.217991648561,0.304118448917,0.337087718918,
    0.357075482752,0.400058771216,0.424052382995,0.486692077985,
    0.515688269897,0.53368336322,0.566664976998,0.6642880835,
    0.703202411793,0.781134974879,0.820173762363,0.860250662018,1.),
  .UNSPECIFIED.);
#477 = CARTESIAN_POINT('',(7.341127616228,52.062050929795));
#478 = CARTESIAN_POINT('',(7.350361926686,54.011606862168));
#479 = CARTESIAN_POINT('',(7.358413789184,55.96313096693));
#480 = CARTESIAN_POINT('',(7.365514216283,57.915851591394));
#481 = CARTESIAN_POINT('',(7.371837488037,59.869209477374));
#482 = CARTESIAN_POINT('',(7.377525259264,61.822837691386));
#483 = CARTESIAN_POINT('',(7.382697768038,63.776552793644));
#484 = CARTESIAN_POINT('',(7.387458700296,65.730351509887));
#485 = CARTESIAN_POINT('',(7.392632377104,68.006497875636));
#486 = CARTESIAN_POINT('',(7.393355806767,68.328593462025));
#487 = CARTESIAN_POINT('',(7.394070965171,68.650694240281));
#488 = CARTESIAN_POINT('',(7.394778254975,68.972800574183));
#489 = CARTESIAN_POINT('',(7.395478070798,69.294912880257));
#490 = CARTESIAN_POINT('',(7.396170799216,69.617031627775));
#491 = CARTESIAN_POINT('',(7.396856818764,69.939157338757));
#492 = CARTESIAN_POINT('',(7.39842839048,70.683999955338));
#493 = CARTESIAN_POINT('',(7.399309455188,71.106722206997));
#494 = CARTESIAN_POINT('',(7.400179247519,71.529459686841));
#495 = CARTESIAN_POINT('',(7.401037301938,71.952214651002));
#496 = CARTESIAN_POINT('',(7.401883162599,72.374989233399));
#497 = CARTESIAN_POINT('',(7.402716394558,72.797785432577));
#498 = CARTESIAN_POINT('',(7.403536577525,73.220605119847));
#499 = CARTESIAN_POINT('',(7.40687609584,74.971058037746));
#500 = CARTESIAN_POINT('',(7.409276056933,76.298909263165));
#501 = CARTESIAN_POINT('',(7.411530130681,77.627065361654));
#502 = CARTESIAN_POINT('',(7.413626032713,78.955566711342));
#503 = CARTESIAN_POINT('',(7.415551926365,80.284432546768));
#504 = CARTESIAN_POINT('',(7.417296120016,81.613661053857));
#505 = CARTESIAN_POINT('',(7.418846764416,82.943229464884));
#506 = CARTESIAN_POINT('',(7.420313696705,84.393885563311));
#507 = CARTESIAN_POINT('',(7.420434142521,84.51467697316));
#508 = CARTESIAN_POINT('',(7.4205528784,84.635468382998));
#509 = CARTESIAN_POINT('',(7.420669895227,84.756259792826));
#510 = CARTESIAN_POINT('',(7.420785183849,84.877051202645));
#511 = CARTESIAN_POINT('',(7.420898735077,84.997842612453));
#512 = CARTESIAN_POINT('',(7.42101053968,85.118634022251));
#513 = CARTESIAN_POINT('',(7.421340685864,85.481008297592));
#514 = CARTESIAN_POINT('',(7.421553753689,85.72259097164));
#515 = CARTESIAN_POINT('',(7.421759680422,85.964174024936));
#516 = CARTESIAN_POINT('',(7.421958944824,86.205756576397));
#517 = CARTESIAN_POINT('',(7.422151282341,86.447339605662));
#518 = CARTESIAN_POINT('',(7.422337096421,86.688922325902));
#519 = CARTESIAN_POINT('',(7.422516359168,86.930505174209));
#520 = CARTESIAN_POINT('',(7.423932283103,88.909249019906));
#521 = CARTESIAN_POINT('',(7.424844641114,90.646617922005));
#522 = CARTESIAN_POINT('',(7.425468031004,92.383981215053));
#523 = CARTESIAN_POINT('',(7.425840661346,94.121176634621));
#524 = CARTESIAN_POINT('',(7.425998169328,95.858093028162));
#525 = CARTESIAN_POINT('',(7.425974569894,97.594670253532));
#526 = CARTESIAN_POINT('',(7.425803204886,99.330899077511));
#527 = CARTESIAN_POINT('',(7.425408398149,101.73133062046));
#528 = CARTESIAN_POINT('',(7.425282370075,102.39579233845));
#529 = CARTESIAN_POINT('',(7.425141474518,103.06020727696));
#530 = CARTESIAN_POINT('',(7.424987582479,103.72457685723));
#531 = CARTESIAN_POINT('',(7.424822569396,104.38890287312));
#532 = CARTESIAN_POINT('',(7.424648315146,105.05318749109));
#533 = CARTESIAN_POINT('',(7.424466704048,105.71743325022));
#534 = CARTESIAN_POINT('',(7.424166207284,106.78432315966));
#535 = CARTESIAN_POINT('',(7.424050781025,107.18698997925));
#536 = CARTESIAN_POINT('',(7.423933767955,107.58964413993));
#537 = CARTESIAN_POINT('',(7.423815591367,107.99228626889));
#538 = CARTESIAN_POINT('',(7.423696675976,108.39491700151));
#539 = CARTESIAN_POINT('',(7.423577447915,108.79753698138));
#540 = CARTESIAN_POINT('',(7.423458334739,109.20014686028));
#541 = CARTESIAN_POINT('',(7.423084784471,110.46853153019));
#542 = CARTESIAN_POINT('',(7.422832311716,111.3342714967));
#543 = CARTESIAN_POINT('',(7.422586627142,112.19997438453));
#544 = CARTESIAN_POINT('',(7.422352032353,113.06564648371));
#545 = CARTESIAN_POINT('',(7.422132850582,113.93129318753));
#546 = CARTESIAN_POINT('',(7.421933426684,114.79691899255));
#547 = CARTESIAN_POINT('',(7.42175812714,115.66252749859));
#548 = CARTESIAN_POINT('',(7.421529402343,117.01130277943));
#549 = CARTESIAN_POINT('',(7.421456344734,117.49447940116));
#550 = CARTESIAN_POINT('',(7.42139292924,117.97765164792));
#551 = CARTESIAN_POINT('',(7.421339915425,118.46081969581));
#552 = CARTESIAN_POINT('',(7.421298060411,118.94398352302));
#553 = CARTESIAN_POINT('',(7.421268118872,119.42714290979));
#554 = CARTESIAN_POINT('',(7.421250843042,119.91029743846));
#555 = CARTESIAN_POINT('',(7.421236904598,121.65479512724));
#556 = CARTESIAN_POINT('',(7.421318068197,122.91610414879));
#557 = CARTESIAN_POINT('',(7.421480298721,124.17736878424));
#558 = CARTESIAN_POINT('',(7.421713234997,125.43858986777));
#559 = CARTESIAN_POINT('',(7.422006413601,126.69977384048));
#560 = CARTESIAN_POINT('',(7.422349352996,127.96093274936));
#561 = CARTESIAN_POINT('',(7.422731637665,129.22208424625));
#562 = CARTESIAN_POINT('',(7.423333424738,131.06705152783));
#563 = CARTESIAN_POINT('',(7.423530077188,131.65085436503));
#564 = CARTESIAN_POINT('',(7.423731938105,132.23466216581));
#565 = CARTESIAN_POINT('',(7.423937991987,132.81847706536));
#566 = CARTESIAN_POINT('',(7.424147229327,133.40230126668));
#567 = CARTESIAN_POINT('',(7.42435864661,133.98613704059));
#568 = CARTESIAN_POINT('',(7.424571246316,134.56998672571));
#569 = CARTESIAN_POINT('',(7.424916095184,135.5162011099));
#570 = CARTESIAN_POINT('',(7.425048227045,135.87855575474));
#571 = CARTESIAN_POINT('',(7.425180195662,136.24091722867));
#572 = CARTESIAN_POINT('',(7.425311765087,136.60328609322));
#573 = CARTESIAN_POINT('',(7.425442700264,136.96566290571));
#574 = CARTESIAN_POINT('',(7.42557276703,137.32804821931));
#575 = CARTESIAN_POINT('',(7.425701732113,137.69044258298));
#576 = CARTESIAN_POINT('',(7.426063286732,138.71706468022));
#577 = CARTESIAN_POINT('',(7.426292727115,139.3813149514));
#578 = CARTESIAN_POINT('',(7.426516256428,140.04560079519));
#579 = CARTESIAN_POINT('',(7.426732452997,140.70992543064));
#580 = CARTESIAN_POINT('',(7.426939901324,141.37429185578));
#581 = CARTESIAN_POINT('',(7.42713719209,142.03870284758));
#582 = CARTESIAN_POINT('',(7.427322922155,142.70316096195));
#583 = CARTESIAN_POINT('',(7.42800708792,145.33456117551));
#584 = CARTESIAN_POINT('',(7.428405023043,147.30186607599));
#585 = CARTESIAN_POINT('',(7.428652904616,149.26966967108));
#586 = CARTESIAN_POINT('',(7.428714745169,151.23800630149));
#587 = CARTESIAN_POINT('',(7.428554068553,153.20685807883));
#588 = CARTESIAN_POINT('',(7.428132813433,155.17615475184));
#589 = CARTESIAN_POINT('',(7.427410236769,157.14577357246));
#590 = CARTESIAN_POINT('',(7.425915926076,159.90072319845));
#591 = CARTESIAN_POINT('',(7.425435045811,160.6859270644));
#592 = CARTESIAN_POINT('',(7.424896381075,161.47113807824));
#593 = CARTESIAN_POINT('',(7.424296985244,162.25634121371));
#594 = CARTESIAN_POINT('',(7.423633760515,163.04151909991));
#595 = CARTESIAN_POINT('',(7.422903457906,163.82665202132));
#596 = CARTESIAN_POINT('',(7.422102677255,164.61171791777));
#597 = CARTESIAN_POINT('',(7.419475911289,166.96873730548));
#598 = CARTESIAN_POINT('',(7.417427258202,168.54041063411));
#599 = CARTESIAN_POINT('',(7.415089248566,170.11161455213));
#600 = CARTESIAN_POINT('',(7.412467715142,171.68227735148));
#601 = CARTESIAN_POINT('',(7.409567259162,173.25235346415));
#602 = CARTESIAN_POINT('',(7.406391526646,174.821823492));
#603 = CARTESIAN_POINT('',(7.402943484723,176.39069423662));
#604 = CARTESIAN_POINT('',(7.39736334565,178.74461007529));
#605 = CARTESIAN_POINT('',(7.395433317497,179.53007808965));
#606 = CARTESIAN_POINT('',(7.393435917428,180.31540628964));
#607 = CARTESIAN_POINT('',(7.391371443417,181.10059931662));
#608 = CARTESIAN_POINT('',(7.38924018748,181.88566293594));
#609 = CARTESIAN_POINT('',(7.387042435667,182.67060403691));
#610 = CARTESIAN_POINT('',(7.384778468065,183.45543063284));
#611 = CARTESIAN_POINT('',(7.380056693017,185.04574024999));
#612 = CARTESIAN_POINT('',(7.377595338843,185.85121730365));
#613 = CARTESIAN_POINT('',(7.375064844321,186.65659306194));
#614 = CARTESIAN_POINT('',(7.37246544833,187.46187791319));
#615 = CARTESIAN_POINT('',(7.369797702107,188.26708431702));
#616 = CARTESIAN_POINT('',(7.367061774709,189.07222396533));
#617 = CARTESIAN_POINT('',(7.364258341136,189.87731123514));
#618 = CARTESIAN_POINT('',(7.351378238354,193.48958971632));
#619 = CARTESIAN_POINT('',(7.340550959579,196.2962509819));
#620 = CARTESIAN_POINT('',(7.328756064137,199.10245570044));
#621 = CARTESIAN_POINT('',(7.315808160794,201.90814105483));
#622 = CARTESIAN_POINT('',(7.301477049467,204.71306219285));
#623 = CARTESIAN_POINT('',(7.285456817598,207.51675622827));
#624 = CARTESIAN_POINT('',(7.267343660979,210.31852272678));
#625 = CARTESIAN_POINT('',(7.246499443764,213.11726274768));
#626 = ( GEOMETRIC_REPRESENTATION_CONTEXT(2) 
PARAMETRIC_REPRESENTATION_CONTEXT() REPRESENTATION_CONTEXT('2D SPACE',''
  ) );
#627 = PCURVE('',#628,#633);
#628 = PLANE('',#629);
#629 = AXIS2_PLACEMENT_3D('',#630,#631,#632);
#630 = CARTESIAN_POINT('',(-250.,-250.,13.));
#631 = DIRECTION('',(0.,0.,1.));
#632 = DIRECTION('',(1.,0.,-0.));
#633 = DEFINITIONAL_REPRESENTATION('',(#634),#784);
#634 = B_SPLINE_CURVE_WITH_KNOTS('',8,(#635,#636,#637,#638,#639,#640,
    #641,#642,#643,#644,#645,#646,#647,#648,#649,#650,#651,#652,#653,
    #654,#655,#656,#657,#658,#659,#660,#661,#662,#663,#664,#665,#666,
    #667,#668,#669,#670,#671,#672,#673,#674,#675,#676,#677,#678,#679,
    #680,#681,#682,#683,#684,#685,#686,#687,#688,#689,#690,#691,#692,
    #693,#694,#695,#696,#697,#698,#699,#700,#701,#702,#703,#704,#705,
    #706,#707,#708,#709,#710,#711,#712,#713,#714,#715,#716,#717,#718,
    #719,#720,#721,#722,#723,#724,#725,#726,#727,#728,#729,#730,#731,
    #732,#733,#734,#735,#736,#737,#738,#739,#740,#741,#742,#743,#744,
    #745,#746,#747,#748,#749,#750,#751,#752,#753,#754,#755,#756,#757,
    #758,#759,#760,#761,#762,#763,#764,#765,#766,#767,#768,#769,#770,
    #771,#772,#773,#774,#775,#776,#777,#778,#779,#780,#781,#782,#783),
  .UNSPECIFIED.,.F.,.F.,(9,7,7,7,7,7,7,7,7,7,7,7,7,7,7,7,7,7,7,7,7,9),(
    0.,9.708883901552E-02,0.113092176739,0.134092060425,0.200025478821,
    0.206014201308,0.217991648561,0.304118448917,0.337087718918,
    0.357075482752,0.400058771216,0.424052382995,0.486692077985,
    0.515688269897,0.53368336322,0.566664976998,0.6642880835,
    0.703202411793,0.781134974879,0.820173762363,0.860250662018,1.),
  .UNSPECIFIED.);
#635 = CARTESIAN_POINT('',(318.00000058514,226.91399440501));
#636 = CARTESIAN_POINT('',(316.09872844634,226.41536745775));
#637 = CARTESIAN_POINT('',(314.18778889108,225.96190063636));
#638 = CARTESIAN_POINT('',(312.26888411645,225.54813333022));
#639 = CARTESIAN_POINT('',(310.34353453428,225.1688785536));
#640 = CARTESIAN_POINT('',(308.41308316411,224.81910244898));
#641 = CARTESIAN_POINT('',(306.47869498627,224.4938825174));
#642 = CARTESIAN_POINT('',(304.54135606965,224.18839406777));
#643 = CARTESIAN_POINT('',(302.28218931767,223.84998746468));
#644 = CARTESIAN_POINT('',(301.96244529231,223.8025075603));
#645 = CARTESIAN_POINT('',(301.64264930675,223.75541340523));
#646 = CARTESIAN_POINT('',(301.32280540332,223.70868379192));
#647 = CARTESIAN_POINT('',(301.00291757237,223.66229756394));
#648 = CARTESIAN_POINT('',(300.68298975225,223.61623361604));
#649 = CARTESIAN_POINT('',(300.36302582938,223.5704708941));
#650 = CARTESIAN_POINT('',(299.6231245589,223.46530539617));
#651 = CARTESIAN_POINT('',(299.20316470319,223.40609905031));
#652 = CARTESIAN_POINT('',(298.78314756843,223.34740780847));
#653 = CARTESIAN_POINT('',(298.36307049703,223.28927211815));
#654 = CARTESIAN_POINT('',(297.94293094434,223.23173245327));
#655 = CARTESIAN_POINT('',(297.52272658769,223.17482851116));
#656 = CARTESIAN_POINT('',(297.10245527641,223.1185995767));
#657 = CARTESIAN_POINT('',(295.3623702282,222.88879002459));
#658 = CARTESIAN_POINT('',(294.04194994244,222.72154588832));
#659 = CARTESIAN_POINT('',(292.72078155683,222.56258581209));
#660 = CARTESIAN_POINT('',(291.39881363444,222.4131438271));
#661 = CARTESIAN_POINT('',(290.07601567891,222.27445679981));
#662 = CARTESIAN_POINT('',(288.7523781032,222.14776540321));
#663 = CARTESIAN_POINT('',(287.42791219828,222.03431508807));
#664 = CARTESIAN_POINT('',(285.98227674467,221.92636871093));
#665 = CARTESIAN_POINT('',(285.8618992548,221.91750011016));
#666 = CARTESIAN_POINT('',(285.74151762398,221.90875217818));
#667 = CARTESIAN_POINT('',(285.62113184401,221.90012584145));
#668 = CARTESIAN_POINT('',(285.50074190668,221.89162202672));
#669 = CARTESIAN_POINT('',(285.38034780381,221.883241661));
#670 = CARTESIAN_POINT('',(285.25994952719,221.87498567159));
#671 = CARTESIAN_POINT('',(284.89874210566,221.8505936119));
#672 = CARTESIAN_POINT('',(284.65792060001,221.83483390038));
#673 = CARTESIAN_POINT('',(284.41708187972,221.81958604565));
#674 = CARTESIAN_POINT('',(284.17622730264,221.80481651408));
#675 = CARTESIAN_POINT('',(283.93535564234,221.79054654171));
#676 = CARTESIAN_POINT('',(283.69446809254,221.77674790791));
#677 = CARTESIAN_POINT('',(283.45356420386,221.76342413372));
#678 = CARTESIAN_POINT('',(281.48025015803,221.65809784567));
#679 = CARTESIAN_POINT('',(279.74681895966,221.58966590465));
#680 = CARTESIAN_POINT('',(278.01261071352,221.54266879512));
#681 = CARTESIAN_POINT('',(276.2778348685,221.51451619517));
#682 = CARTESIAN_POINT('',(274.54265019957,221.5026272145));
#683 = CARTESIAN_POINT('',(272.80716468341,221.50442981105));
#684 = CARTESIAN_POINT('',(271.07143537406,221.51736020771));
#685 = CARTESIAN_POINT('',(268.67094146856,221.54709329616));
#686 = CARTESIAN_POINT('',(268.00638268406,221.55658023882));
#687 = CARTESIAN_POINT('',(267.34179354997,221.56717972277));
#688 = CARTESIAN_POINT('',(266.67717531592,221.57874839098));
#689 = CARTESIAN_POINT('',(266.01252885612,221.5911429436));
#690 = CARTESIAN_POINT('',(265.3478546694,221.604220138));
#691 = CARTESIAN_POINT('',(264.68315287916,221.61783678874));
#692 = CARTESIAN_POINT('',(263.61542798447,221.64034519717));
#693 = CARTESIAN_POINT('',(263.21242256309,221.64898628304));
#694 = CARTESIAN_POINT('',(262.8094069429,221.65774112404));
#695 = CARTESIAN_POINT('',(262.40638108896,221.66657781633));
#696 = CARTESIAN_POINT('',(262.00334495778,221.67546445336));
#697 = CARTESIAN_POINT('',(261.60029849734,221.68436912592));
#698 = CARTESIAN_POINT('',(261.19724164706,221.69325992209));
#699 = CARTESIAN_POINT('',(259.92738610844,221.72112593494));
#700 = CARTESIAN_POINT('',(259.06055011827,221.73993518348));
#701 = CARTESIAN_POINT('',(258.19366505369,221.75821523758));
#702 = CARTESIAN_POINT('',(257.32673049518,221.77564853432));
#703 = CARTESIAN_POINT('',(256.45974691742,221.79191738322));
#704 = CARTESIAN_POINT('',(255.5927156892,221.80670396624));
#705 = CARTESIAN_POINT('',(254.72563907347,221.81969033778));
#706 = CARTESIAN_POINT('',(253.37448762528,221.83662507673));
#707 = CARTESIAN_POINT('',(252.89044206621,221.84203171241));
#708 = CARTESIAN_POINT('',(252.40638419586,221.84672299221));
#709 = CARTESIAN_POINT('',(251.92231485822,221.85064360404));
#710 = CARTESIAN_POINT('',(251.43823509556,221.85373826327));
#711 = CARTESIAN_POINT('',(250.9541461484,221.85595171267));
#712 = CARTESIAN_POINT('',(250.47004945554,221.85722872242));
#713 = CARTESIAN_POINT('',(248.72210809121,221.85825909454));
#714 = CARTESIAN_POINT('',(247.45823027353,221.85225963254));
#715 = CARTESIAN_POINT('',(246.19434475418,221.8402676483));
#716 = CARTESIAN_POINT('',(244.93047745384,221.8230361628));
#717 = CARTESIAN_POINT('',(243.6666486659,221.80131862056));
#718 = CARTESIAN_POINT('',(242.40287306169,221.7758682365));
#719 = CARTESIAN_POINT('',(241.13915969567,221.74743734269));
#720 = CARTESIAN_POINT('',(239.29056390727,221.70258380432));
#721 = CARTESIAN_POINT('',(238.70563037834,221.68791312233));
#722 = CARTESIAN_POINT('',(238.12071200516,221.67283919288));
#723 = CARTESIAN_POINT('',(237.535809302,221.6574364795));
#724 = CARTESIAN_POINT('',(236.95092271606,221.64177940555));
#725 = CARTESIAN_POINT('',(236.36605262755,221.62594235428));
#726 = CARTESIAN_POINT('',(235.78119934963,221.60999966878));
#727 = CARTESIAN_POINT('',(234.83341262755,221.58411214597));
#728 = CARTESIAN_POINT('',(234.47046871744,221.57418657538));
#729 = CARTESIAN_POINT('',(234.10753146652,221.56426670095));
#730 = CARTESIAN_POINT('',(233.74460094766,221.55437028045));
#731 = CARTESIAN_POINT('',(233.38167723812,221.54451506869));
#732 = CARTESIAN_POINT('',(233.01876041963,221.53471881753));
#733 = CARTESIAN_POINT('',(232.65585057833,221.52499927584));
#734 = CARTESIAN_POINT('',(231.62781543223,221.49773322081));
#735 = CARTESIAN_POINT('',(230.96270690062,221.48040957139));
#736 = CARTESIAN_POINT('',(230.29762268138,221.4635124667));
#737 = CARTESIAN_POINT('',(229.6325634709,221.44715115918));
#738 = CARTESIAN_POINT('',(228.96753019052,221.43143492826));
#739 = CARTESIAN_POINT('',(228.30252398658,221.41647308039));
#740 = CARTESIAN_POINT('',(227.6375462304,221.40237494903));
#741 = CARTESIAN_POINT('',(225.00440309407,221.35040071673));
#742 = CARTESIAN_POINT('',(223.03649198389,221.32007760779));
#743 = CARTESIAN_POINT('',(221.06888055558,221.30111614107));
#744 = CARTESIAN_POINT('',(219.10163684164,221.29635959443));
#745 = CARTESIAN_POINT('',(217.13488139157,221.30866193276));
#746 = CARTESIAN_POINT('',(215.16878712421,221.34089079043));
#747 = CARTESIAN_POINT('',(213.20357918009,221.39593045373));
#748 = CARTESIAN_POINT('',(210.45663130406,221.50887499723));
#749 = CARTESIAN_POINT('',(209.67391618324,221.54515092301));
#750 = CARTESIAN_POINT('',(208.8914085466,221.58569647805));
#751 = CARTESIAN_POINT('',(208.10912983264,221.63069585412));
#752 = CARTESIAN_POINT('',(207.32710378304,221.68033357735));
#753 = CARTESIAN_POINT('',(206.5453564427,221.73479450821));
#754 = CARTESIAN_POINT('',(205.76391615976,221.79426384154));
#755 = CARTESIAN_POINT('',(203.41852278797,221.98842629607));
#756 = CARTESIAN_POINT('',(201.85559098525,222.13873450427));
#757 = CARTESIAN_POINT('',(200.29413207436,222.30865982356));
#758 = CARTESIAN_POINT('',(198.73423357232,222.49702014356));
#759 = CARTESIAN_POINT('',(197.17595673088,222.70264402989));
#760 = CARTESIAN_POINT('',(195.6193366511,222.92437160314));
#761 = CARTESIAN_POINT('',(194.06438239802,223.16105541771));
#762 = CARTESIAN_POINT('',(191.73297932881,223.53704736483));
#763 = CARTESIAN_POINT('',(190.95529655475,223.66600148777));
#764 = CARTESIAN_POINT('',(190.17802729505,223.7982810526));
#765 = CARTESIAN_POINT('',(189.40116894952,223.93374397544));
#766 = CARTESIAN_POINT('',(188.62471781583,224.07224874553));
#767 = CARTESIAN_POINT('',(187.84866908948,224.21365442515));
#768 = CARTESIAN_POINT('',(187.07301686385,224.35782064971));
#769 = CARTESIAN_POINT('',(185.50187575413,224.65529793758));
#770 = CARTESIAN_POINT('',(184.70640817212,224.80875036945));
#771 = CARTESIAN_POINT('',(183.91134350121,224.96481180841));
#772 = CARTESIAN_POINT('',(183.11667418881,225.1233368924));
#773 = CARTESIAN_POINT('',(182.32238918742,225.28416415256));
#774 = CARTESIAN_POINT('',(181.52848044445,225.4471570504));
#775 = CARTESIAN_POINT('',(180.73493495955,225.61215311828));
#776 = CARTESIAN_POINT('',(177.17585372935,226.36084020997));
#777 = CARTESIAN_POINT('',(174.41436232258,226.9653987074));
#778 = CARTESIAN_POINT('',(171.65814992555,227.59634673811));
#779 = CARTESIAN_POINT('',(168.90826989796,228.2575902876));
#780 = CARTESIAN_POINT('',(166.16595320177,228.95333821896));
#781 = CARTESIAN_POINT('',(163.43263816128,229.68834974438));
#782 = CARTESIAN_POINT('',(160.70998244525,230.4680621362));
#783 = CARTESIAN_POINT('',(157.99999941902,231.29974562344));
#784 = ( GEOMETRIC_REPRESENTATION_CONTEXT(2) 
PARAMETRIC_REPRESENTATION_CONTEXT() REPRESENTATION_CONTEXT('2D SPACE',''
  ) );
#785 = ORIENTED_EDGE('',*,*,#786,.F.);
#786 = EDGE_CURVE('',#787,#321,#789,.T.);
#787 = VERTEX_POINT('',#788);
#788 = CARTESIAN_POINT('',(-92.,18.700254553663,13.));
#789 = SURFACE_CURVE('',#790,(#863,#980),.PCURVE_S1.);
#790 = B_SPLINE_CURVE_WITH_KNOTS('',8,(#791,#792,#793,#794,#795,#796,
    #797,#798,#799,#800,#801,#802,#803,#804,#805,#806,#807,#808,#809,
    #810,#811,#812,#813,#814,#815,#816,#817,#818,#819,#820,#821,#822,
    #823,#824,#825,#826,#827,#828,#829,#830,#831,#832,#833,#834,#835,
    #836,#837,#838,#839,#840,#841,#842,#843,#844,#845,#846,#847,#848,
    #849,#850,#851,#852,#853,#854,#855,#856,#857,#858,#859,#860,#861,
    #862),.UNSPECIFIED.,.F.,.F.,(9,7,7,7,7,7,7,7,7,7,9),(0.,
    1.531635680584E-02,4.231661039105E-02,6.731684900391E-02,
    9.531710945762E-02,0.124317376303,0.153317643149,0.251309390656,
    0.278309644241,0.304309890531,0.306626120744),.UNSPECIFIED.);
#791 = CARTESIAN_POINT('',(-92.,18.700254553663,13.));
#792 = CARTESIAN_POINT('',(-92.,18.543873372561,13.224951378123));
#793 = CARTESIAN_POINT('',(-92.,18.384399615378,13.447752847177));
#794 = CARTESIAN_POINT('',(-92.,18.221867769777,13.668354796219));
#795 = CARTESIAN_POINT('',(-92.,18.056313257927,13.886708306809));
#796 = CARTESIAN_POINT('',(-92.,17.887772436504,14.10276515302));
#797 = CARTESIAN_POINT('',(-92.,17.716282596687,14.316477801428));
#798 = CARTESIAN_POINT('',(-92.,17.541881964157,14.527799411118));
#799 = CARTESIAN_POINT('',(-92.,17.052107439547,15.104913201195));
#800 = CARTESIAN_POINT('',(-92.,16.730680608072,15.465569560798));
#801 = CARTESIAN_POINT('',(-92.,16.400544037389,15.81839982741));
#802 = CARTESIAN_POINT('',(-92.,16.061920479647,16.163158885304));
#803 = CARTESIAN_POINT('',(-92.,15.715040606438,16.499609588112));
#804 = CARTESIAN_POINT('',(-92.,15.360143008792,16.827522758822));
#805 = CARTESIAN_POINT('',(-92.,14.997474197179,17.146677189777));
#806 = CARTESIAN_POINT('',(-92.,14.284524108819,17.74406566138));
#807 = CARTESIAN_POINT('',(-92.,13.935314345868,18.023580363505));
#808 = CARTESIAN_POINT('',(-92.,13.579861232001,18.295234589418));
#809 = CARTESIAN_POINT('',(-92.,13.218371477001,18.558865905358));
#810 = CARTESIAN_POINT('',(-92.,12.851056581093,18.81431860344));
#811 = CARTESIAN_POINT('',(-92.,12.47813283494,19.061443701657));
#812 = CARTESIAN_POINT('',(-92.,12.099821319644,19.300098943878));
#813 = CARTESIAN_POINT('',(-92.,11.286857788499,19.787804576027));
#814 = CARTESIAN_POINT('',(-92.,10.850891324292,20.034666503463));
#815 = CARTESIAN_POINT('',(-92.,10.408766103417,20.270544111118));
#816 = CARTESIAN_POINT('',(-92.,9.960805395453,20.49525861568));
#817 = CARTESIAN_POINT('',(-92.,9.507338150281,20.708642921558));
#818 = CARTESIAN_POINT('',(-92.,9.048698998074,20.910541620887));
#819 = CARTESIAN_POINT('',(-92.,8.585228249302,21.10081099352));
#820 = CARTESIAN_POINT('',(-92.,7.632602861839,21.464202288199));
#821 = CARTESIAN_POINT('',(-92.,7.143120287275,21.636469799717));
#822 = CARTESIAN_POINT('',(-92.,6.649208704147,21.795974917878));
#823 = CARTESIAN_POINT('',(-92.,6.151256682042,21.942585417784));
#824 = CARTESIAN_POINT('',(-92.,5.649656827027,22.076183473348));
#825 = CARTESIAN_POINT('',(-92.,5.144805781649,22.196665657293));
#826 = CARTESIAN_POINT('',(-92.,4.637104224932,22.303942941157));
#827 = CARTESIAN_POINT('',(-92.,3.616809519829,22.491938449421));
#828 = CARTESIAN_POINT('',(-92.,3.104214362972,22.572657043894));
#829 = CARTESIAN_POINT('',(-92.,2.589576138114,22.640021961937));
#830 = CARTESIAN_POINT('',(-92.,2.073300942066,22.693973578656));
#831 = CARTESIAN_POINT('',(-92.,1.555796232149,22.734467161033));
#832 = CARTESIAN_POINT('',(-92.,1.037470826189,22.761472867926));
#833 = CARTESIAN_POINT('',(-92.,0.518734902524,22.774975750068));
#834 = CARTESIAN_POINT('',(-92.,-1.752802478033,22.774975750068));
#835 = CARTESIAN_POINT('',(-92.,-3.506039517816,22.620805680583));
#836 = CARTESIAN_POINT('',(-92.,-5.243231936108,22.312332071451));
#837 = CARTESIAN_POINT('',(-92.,-6.948559244827,21.851692120625));
#838 = CARTESIAN_POINT('',(-92.,-8.60673792422,21.242780088921));
#839 = CARTESIAN_POINT('',(-92.,-10.20304221751,20.491244282542));
#840 = CARTESIAN_POINT('',(-92.,-11.72332285278,19.604477504707));
#841 = CARTESIAN_POINT('',(-92.,-13.54846366062,18.313162025773));
#842 = CARTESIAN_POINT('',(-92.,-13.93596331352,18.024662048794));
#843 = CARTESIAN_POINT('',(-92.,-14.31643229318,17.726798476231));
#844 = CARTESIAN_POINT('',(-92.,-14.68960686253,17.419771665274));
#845 = CARTESIAN_POINT('',(-92.,-15.05523052734,17.103790562058));
#846 = CARTESIAN_POINT('',(-92.,-15.41305403617,16.779072701649));
#847 = CARTESIAN_POINT('',(-92.,-15.7628353804,16.445844208058));
#848 = CARTESIAN_POINT('',(-92.,-16.43319592295,15.775483665508));
#849 = CARTESIAN_POINT('',(-92.,-16.75437776156,15.438952410254));
#850 = CARTESIAN_POINT('',(-92.,-17.06767576717,15.094955613511));
#851 = CARTESIAN_POINT('',(-92.,-17.37288776242,14.743709111185));
#852 = CARTESIAN_POINT('',(-92.,-17.66981893553,14.385434990039));
#853 = CARTESIAN_POINT('',(-92.,-17.95828184024,14.0203615877));
#854 = CARTESIAN_POINT('',(-92.,-18.23809639584,13.648723492654));
#855 = CARTESIAN_POINT('',(-92.,-18.53323132434,13.237090829196));
#856 = CARTESIAN_POINT('',(-92.,-18.55730276006,13.203369922465));
#857 = CARTESIAN_POINT('',(-92.,-18.58130407245,13.169598994058));
#858 = CARTESIAN_POINT('',(-92.,-18.60523514014,13.135778214308));
#859 = CARTESIAN_POINT('',(-92.,-18.62909584228,13.101907753876));
#860 = CARTESIAN_POINT('',(-92.,-18.6528860585,13.067987783749));
#861 = CARTESIAN_POINT('',(-92.,-18.67660566899,13.034018475242));
#862 = CARTESIAN_POINT('',(-92.,-18.70025455441,13.));
#863 = PCURVE('',#101,#864);
#864 = DEFINITIONAL_REPRESENTATION('',(#865),#979);
#865 = B_SPLINE_CURVE_WITH_KNOTS('',3,(#866,#867,#868,#869,#870,#871,
    #872,#873,#874,#875,#876,#877,#878,#879,#880,#881,#882,#883,#884,
    #885,#886,#887,#888,#889,#890,#891,#892,#893,#894,#895,#896,#897,
    #898,#899,#900,#901,#902,#903,#904,#905,#906,#907,#908,#909,#910,
    #911,#912,#913,#914,#915,#916,#917,#918,#919,#920,#921,#922,#923,
    #924,#925,#926,#927,#928,#929,#930,#931,#932,#933,#934,#935,#936,
    #937,#938,#939,#940,#941,#942,#943,#944,#945,#946,#947,#948,#949,
    #950,#951,#952,#953,#954,#955,#956,#957,#958,#959,#960,#961,#962,
    #963,#964,#965,#966,#967,#968,#969,#970,#971,#972,#973,#974,#975,
    #976,#977,#978),.UNSPECIFIED.,.F.,.F.,(4,1,1,1,1,1,1,1,1,1,1,1,1,1,1
    ,1,1,1,1,1,1,1,1,1,1,1,1,1,1,1,1,1,1,1,1,1,1,1,1,1,1,1,1,1,1,1,1,1,1
    ,1,1,1,1,1,1,1,1,1,1,1,1,1,1,1,1,1,1,1,1,1,1,1,1,1,1,1,1,1,1,1,1,1,1
    ,1,1,1,1,1,1,1,1,1,1,1,1,1,1,1,1,1,1,1,1,1,1,1,1,1,1,1,4),(0.,
    2.787510188579E-03,5.575020377157E-03,8.362530565736E-03,
    1.115004075431E-02,1.393755094289E-02,1.672506113147E-02,
    1.951257132005E-02,2.230008150863E-02,2.508759169721E-02,
    2.787510188579E-02,3.066261207436E-02,3.345012226294E-02,
    3.623763245152E-02,3.90251426401E-02,4.181265282868E-02,
    4.460016301726E-02,4.738767320584E-02,5.017518339441E-02,
    5.296269358299E-02,5.575020377157E-02,5.853771396015E-02,
    6.132522414873E-02,6.411273433731E-02,6.690024452588E-02,
    6.968775471446E-02,7.247526490304E-02,7.526277509162E-02,
    7.80502852802E-02,8.083779546878E-02,8.362530565736E-02,
    8.641281584593E-02,8.920032603451E-02,9.198783622309E-02,
    9.477534641167E-02,9.756285660025E-02,0.100350366789,0.103137876977,
    0.105925387166,0.108712897355,0.111500407543,0.114287917732,
    0.11707542792,0.119862938109,0.122650448297,0.125437958486,
    0.128225468675,0.131012978863,0.133800489052,0.13658799924,
    0.139375509429,0.142163019618,0.144950529806,0.147738039995,
    0.150525550183,0.153313060372,0.15610057056,0.158888080749,
    0.161675590938,0.164463101126,0.167250611315,0.170038121503,
    0.172825631692,0.17561314188,0.178400652069,0.181188162258,
    0.183975672446,0.186763182635,0.189550692823,0.192338203012,
    0.1951257132,0.197913223389,0.200700733578,0.203488243766,
    0.206275753955,0.209063264143,0.211850774332,0.214638284521,
    0.217425794709,0.220213304898,0.223000815086,0.225788325275,
    0.228575835463,0.231363345652,0.234150855841,0.236938366029,
    0.239725876218,0.242513386406,0.245300896595,0.248088406783,
    0.250875916972,0.253663427161,0.256450937349,0.259238447538,
    0.262025957726,0.264813467915,0.267600978104,0.270388488292,
    0.273175998481,0.275963508669,0.278751018858,0.281538529046,
    0.284326039235,0.287113549424,0.289901059612,0.292688569801,
    0.295476079989,0.298263590178,0.301051100366,0.303838610555,
    0.306626120744),.QUASI_UNIFORM_KNOTS.);
#866 = CARTESIAN_POINT('',(5.319871166157,213.11726214792));
#867 = CARTESIAN_POINT('',(5.32570925722,213.11726214776));
#868 = CARTESIAN_POINT('',(5.3373854386,213.11726214749));
#869 = CARTESIAN_POINT('',(5.354899709721,213.11726214732));
#870 = CARTESIAN_POINT('',(5.372413981287,213.11726214774));
#871 = CARTESIAN_POINT('',(5.389928254318,213.11726214819));
#872 = CARTESIAN_POINT('',(5.407442528527,213.11726214772));
#873 = CARTESIAN_POINT('',(5.424956796623,213.1172621478));
#874 = CARTESIAN_POINT('',(5.442471078635,213.1172621496));
#875 = CARTESIAN_POINT('',(5.459985360929,213.11726214908));
#876 = CARTESIAN_POINT('',(5.477499640607,213.11726214744));
#877 = CARTESIAN_POINT('',(5.495013917234,213.11726214621));
#878 = CARTESIAN_POINT('',(5.512528192957,213.11726214647));
#879 = CARTESIAN_POINT('',(5.530042470439,213.11726214801));
#880 = CARTESIAN_POINT('',(5.547556751059,213.11726214944));
#881 = CARTESIAN_POINT('',(5.56507103422,213.11726214927));
#882 = CARTESIAN_POINT('',(5.582585312002,213.11726214722));
#883 = CARTESIAN_POINT('',(5.600099581384,213.11726214836));
#884 = CARTESIAN_POINT('',(5.617613861606,213.11726214893));
#885 = CARTESIAN_POINT('',(5.635128139183,213.11726214804));
#886 = CARTESIAN_POINT('',(5.652642414537,213.11726214694));
#887 = CARTESIAN_POINT('',(5.670156688276,213.11726214673));
#888 = CARTESIAN_POINT('',(5.687670962872,213.11726214764));
#889 = CARTESIAN_POINT('',(5.705185239777,213.11726214872));
#890 = CARTESIAN_POINT('',(5.72269951933,213.11726214881));
#891 = CARTESIAN_POINT('',(5.740213794072,213.11726214718));
#892 = CARTESIAN_POINT('',(5.757728065733,213.11726214876));
#893 = CARTESIAN_POINT('',(5.77524235155,213.11726215009));
#894 = CARTESIAN_POINT('',(5.792756635206,213.11726214898));
#895 = CARTESIAN_POINT('',(5.810270915794,213.11726214696));
#896 = CARTESIAN_POINT('',(5.827785193279,213.11726214578));
#897 = CARTESIAN_POINT('',(5.845299470282,213.11726214639));
#898 = CARTESIAN_POINT('',(5.862813749588,213.11726214831));
#899 = CARTESIAN_POINT('',(5.880328032391,213.11726214989));
#900 = CARTESIAN_POINT('',(5.897842317831,213.11726214961));
#901 = CARTESIAN_POINT('',(5.915356596697,213.11726214705));
#902 = CARTESIAN_POINT('',(5.932870867227,213.11726214881));
#903 = CARTESIAN_POINT('',(5.950385155398,213.1172621506));
#904 = CARTESIAN_POINT('',(5.967899441634,213.11726214958));
#905 = CARTESIAN_POINT('',(5.985413724747,213.11726214722));
#906 = CARTESIAN_POINT('',(6.002928004086,213.1172621455));
#907 = CARTESIAN_POINT('',(6.020442282253,213.11726214572));
#908 = CARTESIAN_POINT('',(6.037956562203,213.11726214773));
#909 = CARTESIAN_POINT('',(6.055470846165,213.11726214995));
#910 = CARTESIAN_POINT('',(6.072985132913,213.11726215051));
#911 = CARTESIAN_POINT('',(6.090499419799,213.11726214811));
#912 = CARTESIAN_POINT('',(6.108013687502,213.11726214748));
#913 = CARTESIAN_POINT('',(6.125527971843,213.1172621503));
#914 = CARTESIAN_POINT('',(6.143042259128,213.11726215024));
#915 = CARTESIAN_POINT('',(6.160556543815,213.11726214822));
#916 = CARTESIAN_POINT('',(6.178070824415,213.117262146));
#917 = CARTESIAN_POINT('',(6.195585102822,213.11726214537));
#918 = CARTESIAN_POINT('',(6.213099381243,213.11726214678));
#919 = CARTESIAN_POINT('',(6.230613665212,213.11726214916));
#920 = CARTESIAN_POINT('',(6.248127944659,213.1172621506));
#921 = CARTESIAN_POINT('',(6.265642256641,213.11726214933));
#922 = CARTESIAN_POINT('',(6.283156443464,213.11726214722));
#923 = CARTESIAN_POINT('',(6.300671047658,213.1172621479));
#924 = CARTESIAN_POINT('',(6.318186425909,213.11726214786));
#925 = CARTESIAN_POINT('',(6.33570225023,213.11726214788));
#926 = CARTESIAN_POINT('',(6.353218412083,213.11726214776));
#927 = CARTESIAN_POINT('',(6.370734776878,213.11726214764));
#928 = CARTESIAN_POINT('',(6.38825124672,213.11726214756));
#929 = CARTESIAN_POINT('',(6.405767740751,213.11726214754));
#930 = CARTESIAN_POINT('',(6.423284197738,213.11726214758));
#931 = CARTESIAN_POINT('',(6.440800572854,213.11726214766));
#932 = CARTESIAN_POINT('',(6.458316836144,213.11726214774));
#933 = CARTESIAN_POINT('',(6.475832970665,213.11726214779));
#934 = CARTESIAN_POINT('',(6.493348970809,213.11726214781));
#935 = CARTESIAN_POINT('',(6.510864840671,213.11726214779));
#936 = CARTESIAN_POINT('',(6.528380592476,213.11726214774));
#937 = CARTESIAN_POINT('',(6.545896245063,213.11726214767));
#938 = CARTESIAN_POINT('',(6.563411822395,213.11726214761));
#939 = CARTESIAN_POINT('',(6.580927352104,213.11726214757));
#940 = CARTESIAN_POINT('',(6.598442864065,213.11726214756));
#941 = CARTESIAN_POINT('',(6.615958388969,213.1172621476));
#942 = CARTESIAN_POINT('',(6.633473956913,213.11726214766));
#943 = CARTESIAN_POINT('',(6.650989595976,213.11726214773));
#944 = CARTESIAN_POINT('',(6.668505330793,213.11726214778));
#945 = CARTESIAN_POINT('',(6.686021181106,213.11726214781));
#946 = CARTESIAN_POINT('',(6.703537160279,213.1172621478));
#947 = CARTESIAN_POINT('',(6.721053273787,213.11726214775));
#948 = CARTESIAN_POINT('',(6.738569517654,213.11726214767));
#949 = CARTESIAN_POINT('',(6.756085876829,213.11726214759));
#950 = CARTESIAN_POINT('',(6.773602323512,213.11726214754));
#951 = CARTESIAN_POINT('',(6.791118815354,213.11726214755));
#952 = CARTESIAN_POINT('',(6.808635293759,213.11726214762));
#953 = CARTESIAN_POINT('',(6.826151681338,213.11726214774));
#954 = CARTESIAN_POINT('',(6.843667882086,213.11726214786));
#955 = CARTESIAN_POINT('',(6.861183770809,213.11726214788));
#956 = CARTESIAN_POINT('',(6.878699222058,213.11726214787));
#957 = CARTESIAN_POINT('',(6.896213990942,213.11726214743));
#958 = CARTESIAN_POINT('',(6.913728145968,213.11726214855));
#959 = CARTESIAN_POINT('',(6.931242460788,213.11726214965));
#960 = CARTESIAN_POINT('',(6.948756733854,213.11726214858));
#961 = CARTESIAN_POINT('',(6.96627101466,213.1172621469));
#962 = CARTESIAN_POINT('',(6.983785290078,213.11726214611));
#963 = CARTESIAN_POINT('',(7.001299566257,213.1172621469));
#964 = CARTESIAN_POINT('',(7.018813844802,213.11726214859));
#965 = CARTESIAN_POINT('',(7.0363281262,213.11726214964));
#966 = CARTESIAN_POINT('',(7.053842409986,213.11726214861));
#967 = CARTESIAN_POINT('',(7.071356680764,213.11726214718));
#968 = CARTESIAN_POINT('',(7.088870956802,213.11726214902));
#969 = CARTESIAN_POINT('',(7.106385238092,213.11726214905));
#970 = CARTESIAN_POINT('',(7.123899516751,213.1172621478));
#971 = CARTESIAN_POINT('',(7.141413792694,213.1172621466));
#972 = CARTESIAN_POINT('',(7.158928067335,213.11726214659));
#973 = CARTESIAN_POINT('',(7.176442343249,213.11726214778));
#974 = CARTESIAN_POINT('',(7.19395662189,213.11726214907));
#975 = CARTESIAN_POINT('',(7.211470903124,213.11726214894));
#976 = CARTESIAN_POINT('',(7.228985179434,213.11726214754));
#977 = CARTESIAN_POINT('',(7.240661359621,213.11726214737));
#978 = CARTESIAN_POINT('',(7.246499448221,213.11726214777));
#979 = ( GEOMETRIC_REPRESENTATION_CONTEXT(2) 
PARAMETRIC_REPRESENTATION_CONTEXT() REPRESENTATION_CONTEXT('2D SPACE',''
  ) );
#980 = PCURVE('',#981,#986);
#981 = PLANE('',#982);
#982 = AXIS2_PLACEMENT_3D('',#983,#984,#985);
#983 = CARTESIAN_POINT('',(-92.,-250.,-250.));
#984 = DIRECTION('',(1.,0.,-0.));
#985 = DIRECTION('',(0.,0.,1.));
#986 = DEFINITIONAL_REPRESENTATION('',(#987),#1060);
#987 = B_SPLINE_CURVE_WITH_KNOTS('',8,(#988,#989,#990,#991,#992,#993,
    #994,#995,#996,#997,#998,#999,#1000,#1001,#1002,#1003,#1004,#1005,
    #1006,#1007,#1008,#1009,#1010,#1011,#1012,#1013,#1014,#1015,#1016,
    #1017,#1018,#1019,#1020,#1021,#1022,#1023,#1024,#1025,#1026,#1027,
    #1028,#1029,#1030,#1031,#1032,#1033,#1034,#1035,#1036,#1037,#1038,
    #1039,#1040,#1041,#1042,#1043,#1044,#1045,#1046,#1047,#1048,#1049,
    #1050,#1051,#1052,#1053,#1054,#1055,#1056,#1057,#1058,#1059),
  .UNSPECIFIED.,.F.,.F.,(9,7,7,7,7,7,7,7,7,7,9),(0.,1.531635680584E-02,
    4.231661039105E-02,6.731684900391E-02,9.531710945762E-02,
    0.124317376303,0.153317643149,0.251309390656,0.278309644241,
    0.304309890531,0.306626120744),.UNSPECIFIED.);
#988 = CARTESIAN_POINT('',(263.,-268.7002545536));
#989 = CARTESIAN_POINT('',(263.22495137812,-268.5438733725));
#990 = CARTESIAN_POINT('',(263.44775284717,-268.3843996153));
#991 = CARTESIAN_POINT('',(263.66835479621,-268.2218677697));
#992 = CARTESIAN_POINT('',(263.8867083068,-268.0563132579));
#993 = CARTESIAN_POINT('',(264.10276515302,-267.8877724365));
#994 = CARTESIAN_POINT('',(264.31647780142,-267.7162825966));
#995 = CARTESIAN_POINT('',(264.52779941111,-267.5418819641));
#996 = CARTESIAN_POINT('',(265.10491320119,-267.0521074395));
#997 = CARTESIAN_POINT('',(265.46556956079,-266.730680608));
#998 = CARTESIAN_POINT('',(265.81839982741,-266.4005440373));
#999 = CARTESIAN_POINT('',(266.1631588853,-266.0619204796));
#1000 = CARTESIAN_POINT('',(266.49960958811,-265.7150406064));
#1001 = CARTESIAN_POINT('',(266.82752275882,-265.3601430087));
#1002 = CARTESIAN_POINT('',(267.14667718977,-264.9974741971));
#1003 = CARTESIAN_POINT('',(267.74406566138,-264.2845241088));
#1004 = CARTESIAN_POINT('',(268.0235803635,-263.9353143458));
#1005 = CARTESIAN_POINT('',(268.29523458941,-263.579861232));
#1006 = CARTESIAN_POINT('',(268.55886590535,-263.218371477));
#1007 = CARTESIAN_POINT('',(268.81431860344,-262.851056581));
#1008 = CARTESIAN_POINT('',(269.06144370165,-262.4781328349));
#1009 = CARTESIAN_POINT('',(269.30009894387,-262.0998213196));
#1010 = CARTESIAN_POINT('',(269.78780457602,-261.2868577884));
#1011 = CARTESIAN_POINT('',(270.03466650346,-260.8508913242));
#1012 = CARTESIAN_POINT('',(270.27054411111,-260.4087661034));
#1013 = CARTESIAN_POINT('',(270.49525861568,-259.9608053954));
#1014 = CARTESIAN_POINT('',(270.70864292155,-259.5073381502));
#1015 = CARTESIAN_POINT('',(270.91054162088,-259.048698998));
#1016 = CARTESIAN_POINT('',(271.10081099352,-258.5852282493));
#1017 = CARTESIAN_POINT('',(271.46420228819,-257.6326028618));
#1018 = CARTESIAN_POINT('',(271.63646979971,-257.1431202872));
#1019 = CARTESIAN_POINT('',(271.79597491787,-256.6492087041));
#1020 = CARTESIAN_POINT('',(271.94258541778,-256.151256682));
#1021 = CARTESIAN_POINT('',(272.07618347334,-255.649656827));
#1022 = CARTESIAN_POINT('',(272.19666565729,-255.1448057816));
#1023 = CARTESIAN_POINT('',(272.30394294115,-254.6371042249));
#1024 = CARTESIAN_POINT('',(272.49193844942,-253.6168095198));
#1025 = CARTESIAN_POINT('',(272.57265704389,-253.1042143629));
#1026 = CARTESIAN_POINT('',(272.64002196193,-252.5895761381));
#1027 = CARTESIAN_POINT('',(272.69397357865,-252.073300942));
#1028 = CARTESIAN_POINT('',(272.73446716103,-251.5557962321));
#1029 = CARTESIAN_POINT('',(272.76147286792,-251.0374708261));
#1030 = CARTESIAN_POINT('',(272.77497575006,-250.5187349025));
#1031 = CARTESIAN_POINT('',(272.77497575006,-248.2471975219));
#1032 = CARTESIAN_POINT('',(272.62080568058,-246.4939604821));
#1033 = CARTESIAN_POINT('',(272.31233207145,-244.7567680638));
#1034 = CARTESIAN_POINT('',(271.85169212062,-243.0514407551));
#1035 = CARTESIAN_POINT('',(271.24278008892,-241.3932620757));
#1036 = CARTESIAN_POINT('',(270.49124428254,-239.7969577824));
#1037 = CARTESIAN_POINT('',(269.6044775047,-238.2766771472));
#1038 = CARTESIAN_POINT('',(268.31316202577,-236.4515363393));
#1039 = CARTESIAN_POINT('',(268.02466204879,-236.0640366864));
#1040 = CARTESIAN_POINT('',(267.72679847623,-235.6835677068));
#1041 = CARTESIAN_POINT('',(267.41977166527,-235.3103931374));
#1042 = CARTESIAN_POINT('',(267.10379056205,-234.9447694726));
#1043 = CARTESIAN_POINT('',(266.77907270164,-234.5869459638));
#1044 = CARTESIAN_POINT('',(266.44584420805,-234.2371646195));
#1045 = CARTESIAN_POINT('',(265.7754836655,-233.566804077));
#1046 = CARTESIAN_POINT('',(265.43895241025,-233.2456222384));
#1047 = CARTESIAN_POINT('',(265.09495561351,-232.9323242328));
#1048 = CARTESIAN_POINT('',(264.74370911118,-232.6271122375));
#1049 = CARTESIAN_POINT('',(264.38543499003,-232.3301810644));
#1050 = CARTESIAN_POINT('',(264.0203615877,-232.0417181597));
#1051 = CARTESIAN_POINT('',(263.64872349265,-231.7619036041));
#1052 = CARTESIAN_POINT('',(263.23709082919,-231.4667686756));
#1053 = CARTESIAN_POINT('',(263.20336992246,-231.4426972399));
#1054 = CARTESIAN_POINT('',(263.16959899405,-231.4186959275));
#1055 = CARTESIAN_POINT('',(263.1357782143,-231.3947648598));
#1056 = CARTESIAN_POINT('',(263.10190775387,-231.3709041577));
#1057 = CARTESIAN_POINT('',(263.06798778374,-231.3471139414));
#1058 = CARTESIAN_POINT('',(263.03401847524,-231.323394331));
#1059 = CARTESIAN_POINT('',(263.,-231.2997454455));
#1060 = ( GEOMETRIC_REPRESENTATION_CONTEXT(2) 
PARAMETRIC_REPRESENTATION_CONTEXT() REPRESENTATION_CONTEXT('2D SPACE',''
  ) );
#1061 = ORIENTED_EDGE('',*,*,#1062,.F.);
#1062 = EDGE_CURVE('',#24,#787,#1063,.T.);
#1063 = SURFACE_CURVE('',#1064,(#1214,#1367),.PCURVE_S1.);
#1064 = B_SPLINE_CURVE_WITH_KNOTS('',8,(#1065,#1066,#1067,#1068,#1069,
    #1070,#1071,#1072,#1073,#1074,#1075,#1076,#1077,#1078,#1079,#1080,
    #1081,#1082,#1083,#1084,#1085,#1086,#1087,#1088,#1089,#1090,#1091,
    #1092,#1093,#1094,#1095,#1096,#1097,#1098,#1099,#1100,#1101,#1102,
    #1103,#1104,#1105,#1106,#1107,#1108,#1109,#1110,#1111,#1112,#1113,
    #1114,#1115,#1116,#1117,#1118,#1119,#1120,#1121,#1122,#1123,#1124,
    #1125,#1126,#1127,#1128,#1129,#1130,#1131,#1132,#1133,#1134,#1135,
    #1136,#1137,#1138,#1139,#1140,#1141,#1142,#1143,#1144,#1145,#1146,
    #1147,#1148,#1149,#1150,#1151,#1152,#1153,#1154,#1155,#1156,#1157,
    #1158,#1159,#1160,#1161,#1162,#1163,#1164,#1165,#1166,#1167,#1168,
    #1169,#1170,#1171,#1172,#1173,#1174,#1175,#1176,#1177,#1178,#1179,
    #1180,#1181,#1182,#1183,#1184,#1185,#1186,#1187,#1188,#1189,#1190,
    #1191,#1192,#1193,#1194,#1195,#1196,#1197,#1198,#1199,#1200,#1201,
    #1202,#1203,#1204,#1205,#1206,#1207,#1208,#1209,#1210,#1211,#1212,
    #1213),.UNSPECIFIED.,.F.,.F.,(9,7,7,7,7,7,7,7,7,7,7,7,7,7,7,7,7,7,7,
    7,7,9),(0.,9.70888390132E-02,0.113092176736,0.134092060421,
    0.200025478817,0.206014201304,0.217991648557,0.304118448911,
    0.337087718913,0.357075482747,0.40005877121,0.42405238299,
    0.486692077978,0.51568826989,0.533683363213,0.566664976991,
    0.664288083488,0.703202411781,0.781134974867,0.820173762351,
    0.860250662007,1.),.UNSPECIFIED.);
#1065 = CARTESIAN_POINT('',(68.00000058514,23.086005594989,13.));
#1066 = CARTESIAN_POINT('',(66.098728446338,23.584632542248,13.));
#1067 = CARTESIAN_POINT('',(64.187788891106,24.038099363627,13.));
#1068 = CARTESIAN_POINT('',(62.268884116445,24.451866669777,13.));
#1069 = CARTESIAN_POINT('',(60.343534534283,24.831121446394,13.));
#1070 = CARTESIAN_POINT('',(58.413083164126,25.180897551008,13.));
#1071 = CARTESIAN_POINT('',(56.478694986266,25.506117482596,13.));
#1072 = CARTESIAN_POINT('',(54.541356069659,25.811605932228,13.));
#1073 = CARTESIAN_POINT('',(52.282189317678,26.15001253532,13.));
#1074 = CARTESIAN_POINT('',(51.962445292312,26.197492439693,13.));
#1075 = CARTESIAN_POINT('',(51.642649306757,26.244586594763,13.));
#1076 = CARTESIAN_POINT('',(51.322805403329,26.29131620808,13.));
#1077 = CARTESIAN_POINT('',(51.002917572372,26.337702436054,13.));
#1078 = CARTESIAN_POINT('',(50.682989752256,26.383766383952,13.));
#1079 = CARTESIAN_POINT('',(50.363025829381,26.4295291059,13.));
#1080 = CARTESIAN_POINT('',(49.623124558896,26.534694603824,13.));
#1081 = CARTESIAN_POINT('',(49.203164703202,26.593900949682,13.));
#1082 = CARTESIAN_POINT('',(48.783147568437,26.652592191527,13.));
#1083 = CARTESIAN_POINT('',(48.363070497025,26.710727881847,13.));
#1084 = CARTESIAN_POINT('',(47.942930944344,26.768267546724,13.));
#1085 = CARTESIAN_POINT('',(47.522726587702,26.825171488837,13.));
#1086 = CARTESIAN_POINT('',(47.102455276414,26.881400423295,13.));
#1087 = CARTESIAN_POINT('',(45.362370228206,27.111209975402,13.));
#1088 = CARTESIAN_POINT('',(44.041949942445,27.27845411168,13.));
#1089 = CARTESIAN_POINT('',(42.720781556839,27.437414187909,13.));
#1090 = CARTESIAN_POINT('',(41.398813634441,27.586856172894,13.));
#1091 = CARTESIAN_POINT('',(40.076015678912,27.725543200182,13.));
#1092 = CARTESIAN_POINT('',(38.752378103208,27.852234596788,13.));
#1093 = CARTESIAN_POINT('',(37.427912198285,27.965684911925,13.));
#1094 = CARTESIAN_POINT('',(35.982276744671,28.07363128907,13.));
#1095 = CARTESIAN_POINT('',(35.861899254804,28.082499889833,13.));
#1096 = CARTESIAN_POINT('',(35.741517623983,28.091247821816,13.));
#1097 = CARTESIAN_POINT('',(35.62113184401,28.099874158547,13.));
#1098 = CARTESIAN_POINT('',(35.500741906687,28.10837797328,13.));
#1099 = CARTESIAN_POINT('',(35.380347803815,28.116758338997,13.));
#1100 = CARTESIAN_POINT('',(35.259949527195,28.125014328404,13.));
#1101 = CARTESIAN_POINT('',(34.898742105669,28.149406388099,13.));
#1102 = CARTESIAN_POINT('',(34.65792060001,28.165166099616,13.));
#1103 = CARTESIAN_POINT('',(34.417081879749,28.18041395435,13.));
#1104 = CARTESIAN_POINT('',(34.176227302615,28.195183485916,13.));
#1105 = CARTESIAN_POINT('',(33.935355642357,28.209453458287,13.));
#1106 = CARTESIAN_POINT('',(33.694468092543,28.223252092087,13.));
#1107 = CARTESIAN_POINT('',(33.453564203865,28.236575866272,13.));
#1108 = CARTESIAN_POINT('',(31.480250158064,28.341902154329,13.));
#1109 = CARTESIAN_POINT('',(29.746818959712,28.410334095343,13.));
#1110 = CARTESIAN_POINT('',(28.0126107136,28.457331204875,13.));
#1111 = CARTESIAN_POINT('',(26.277834868606,28.485483804819,13.));
#1112 = CARTESIAN_POINT('',(24.542650199702,28.497372785492,13.));
#1113 = CARTESIAN_POINT('',(22.807164683573,28.495570188949,13.));
#1114 = CARTESIAN_POINT('',(21.071435374239,28.482639792287,13.));
#1115 = CARTESIAN_POINT('',(18.670941468771,28.452906703841,13.));
#1116 = CARTESIAN_POINT('',(18.006382684265,28.443419761182,13.));
#1117 = CARTESIAN_POINT('',(17.341793550178,28.432820277226,13.));
#1118 = CARTESIAN_POINT('',(16.677175316127,28.421251609017,13.));
#1119 = CARTESIAN_POINT('',(16.01252885633,28.408857056395,13.));
#1120 = CARTESIAN_POINT('',(15.347854669606,28.395779861997,13.));
#1121 = CARTESIAN_POINT('',(14.683152879372,28.382163211259,13.));
#1122 = CARTESIAN_POINT('',(13.615427984683,28.359654802827,13.));
#1123 = CARTESIAN_POINT('',(13.212422563303,28.351013716957,13.));
#1124 = CARTESIAN_POINT('',(12.809406943112,28.342258875958,13.));
#1125 = CARTESIAN_POINT('',(12.406381089169,28.333422183674,13.));
#1126 = CARTESIAN_POINT('',(12.003344957991,28.32453554664,13.));
#1127 = CARTESIAN_POINT('',(11.600298497549,28.31563087408,13.));
#1128 = CARTESIAN_POINT('',(11.197241647268,28.306740077908,13.));
#1129 = CARTESIAN_POINT('',(9.927386108648,28.278874065065,13.));
#1130 = CARTESIAN_POINT('',(9.060550118485,28.260064816516,13.));
#1131 = CARTESIAN_POINT('',(8.193665053898,28.24178476242,13.));
#1132 = CARTESIAN_POINT('',(7.326730495395,28.224351465682,13.));
#1133 = CARTESIAN_POINT('',(6.459746917629,28.208082616779,13.));
#1134 = CARTESIAN_POINT('',(5.592715689406,28.193296033754,13.));
#1135 = CARTESIAN_POINT('',(4.725639073682,28.180309662221,13.));
#1136 = CARTESIAN_POINT('',(3.374487625488,28.163374923268,13.));
#1137 = CARTESIAN_POINT('',(2.890442066416,28.157968287583,13.));
#1138 = CARTESIAN_POINT('',(2.406384196066,28.15327700779,13.));
#1139 = CARTESIAN_POINT('',(1.922314858429,28.149356395954,13.));
#1140 = CARTESIAN_POINT('',(1.438235095768,28.146261736723,13.));
#1141 = CARTESIAN_POINT('',(0.95414614861,28.144048287326,13.));
#1142 = CARTESIAN_POINT('',(0.470049455753,28.142771277574,13.));
#1143 = CARTESIAN_POINT('',(-1.277891908538,28.141740905451,13.));
#1144 = CARTESIAN_POINT('',(-2.541769726178,28.147740367455,13.));
#1145 = CARTESIAN_POINT('',(-3.805655245482,28.159732351688,13.));
#1146 = CARTESIAN_POINT('',(-5.069522545776,28.17696383719,13.));
#1147 = CARTESIAN_POINT('',(-6.33335133367,28.198681379425,13.));
#1148 = CARTESIAN_POINT('',(-7.597126937841,28.224131763485,13.));
#1149 = CARTESIAN_POINT('',(-8.860840303816,28.252562657294,13.));
#1150 = CARTESIAN_POINT('',(-10.70943609217,28.297416195664,13.));
#1151 = CARTESIAN_POINT('',(-11.2943696211,28.312086877649,13.));
#1152 = CARTESIAN_POINT('',(-11.87928799428,28.327160807097,13.));
#1153 = CARTESIAN_POINT('',(-12.46419069744,28.342563520483,13.));
#1154 = CARTESIAN_POINT('',(-13.04907728338,28.358220594428,13.));
#1155 = CARTESIAN_POINT('',(-13.63394737189,28.374057645698,13.));
#1156 = CARTESIAN_POINT('',(-14.21880064981,28.390000331202,13.));
#1157 = CARTESIAN_POINT('',(-15.16658737189,28.415887854009,13.));
#1158 = CARTESIAN_POINT('',(-15.529531282,28.425813424601,13.));
#1159 = CARTESIAN_POINT('',(-15.89246853292,28.435733299033,13.));
#1160 = CARTESIAN_POINT('',(-16.25539905178,28.445629719532,13.));
#1161 = CARTESIAN_POINT('',(-16.61832276132,28.455484931288,13.));
#1162 = CARTESIAN_POINT('',(-16.98123957981,28.465281182452,13.));
#1163 = CARTESIAN_POINT('',(-17.34414942111,28.475000724141,13.));
#1164 = CARTESIAN_POINT('',(-18.37218456722,28.502266779166,13.));
#1165 = CARTESIAN_POINT('',(-19.03729309882,28.519590428588,13.));
#1166 = CARTESIAN_POINT('',(-19.70237731806,28.536487533277,13.));
#1167 = CARTESIAN_POINT('',(-20.36743652854,28.552848840801,13.));
#1168 = CARTESIAN_POINT('',(-21.03246980892,28.568565071722,13.));
#1169 = CARTESIAN_POINT('',(-21.69747601286,28.583526919591,13.));
#1170 = CARTESIAN_POINT('',(-22.36245376904,28.59762505095,13.));
#1171 = CARTESIAN_POINT('',(-24.99559690526,28.649599283256,13.));
#1172 = CARTESIAN_POINT('',(-26.96350801533,28.679922392197,13.));
#1173 = CARTESIAN_POINT('',(-28.93111944354,28.698883858917,13.));
#1174 = CARTESIAN_POINT('',(-30.89836315737,28.703640405564,13.));
#1175 = CARTESIAN_POINT('',(-32.86511860734,28.691338067244,13.));
#1176 = CARTESIAN_POINT('',(-34.83121287459,28.659109209584,13.));
#1177 = CARTESIAN_POINT('',(-36.7964208186,28.6040695463,13.));
#1178 = CARTESIAN_POINT('',(-39.54336869453,28.491125002826,13.));
#1179 = CARTESIAN_POINT('',(-40.32608381535,28.454849077057,13.));
#1180 = CARTESIAN_POINT('',(-41.10859145198,28.414303522028,13.));
#1181 = CARTESIAN_POINT('',(-41.89087016595,28.369304145964,13.));
#1182 = CARTESIAN_POINT('',(-42.67289621555,28.319666422741,13.));
#1183 = CARTESIAN_POINT('',(-43.45464355589,28.265205491883,13.));
#1184 = CARTESIAN_POINT('',(-44.23608383883,28.205736158563,13.));
#1185 = CARTESIAN_POINT('',(-46.58147721062,28.011573704057,13.));
#1186 = CARTESIAN_POINT('',(-48.14440901334,27.861265495875,13.));
#1187 = CARTESIAN_POINT('',(-49.70586792423,27.691340176596,13.));
#1188 = CARTESIAN_POINT('',(-51.26576642627,27.502979856615,13.));
#1189 = CARTESIAN_POINT('',(-52.82404326772,27.297355970291,13.));
#1190 = CARTESIAN_POINT('',(-54.3806633475,27.075628397053,13.));
#1191 = CARTESIAN_POINT('',(-55.93561760057,26.838944582501,13.));
#1192 = CARTESIAN_POINT('',(-58.26702066979,26.462952635398,13.));
#1193 = CARTESIAN_POINT('',(-59.04470344385,26.333998512459,13.));
#1194 = CARTESIAN_POINT('',(-59.82197270355,26.201718947641,13.));
#1195 = CARTESIAN_POINT('',(-60.59883104908,26.066256024801,13.));
#1196 = CARTESIAN_POINT('',(-61.37528218277,25.92775125472,13.));
#1197 = CARTESIAN_POINT('',(-62.15133090912,25.786345575097,13.));
#1198 = CARTESIAN_POINT('',(-62.92698313475,25.642179350549,13.));
#1199 = CARTESIAN_POINT('',(-64.49812424448,25.344702062682,13.));
#1200 = CARTESIAN_POINT('',(-65.29359182644,25.191249630828,13.));
#1201 = CARTESIAN_POINT('',(-66.08865649747,25.035188191845,13.));
#1202 = CARTESIAN_POINT('',(-66.8833258097,24.876663107903,13.));
#1203 = CARTESIAN_POINT('',(-67.67761081125,24.715835847702,13.));
#1204 = CARTESIAN_POINT('',(-68.47151955412,24.552842949887,13.));
#1205 = CARTESIAN_POINT('',(-69.26506503906,24.387846882002,13.));
#1206 = CARTESIAN_POINT('',(-72.82414626939,23.639159790296,13.));
#1207 = CARTESIAN_POINT('',(-75.58563767654,23.034601292789,13.));
#1208 = CARTESIAN_POINT('',(-78.34185007318,22.403653262195,13.));
#1209 = CARTESIAN_POINT('',(-81.09173010189,21.742409712422,13.));
#1210 = CARTESIAN_POINT('',(-83.83404679725,21.046661781306,13.));
#1211 = CARTESIAN_POINT('',(-86.5673618386,20.31165025564,13.));
#1212 = CARTESIAN_POINT('',(-89.29001755451,19.531937863866,13.));
#1213 = CARTESIAN_POINT('',(-92.00000058097,18.700254376551,13.));
#1214 = PCURVE('',#101,#1215);
#1215 = DEFINITIONAL_REPRESENTATION('',(#1216),#1366);
#1216 = B_SPLINE_CURVE_WITH_KNOTS('',8,(#1217,#1218,#1219,#1220,#1221,
    #1222,#1223,#1224,#1225,#1226,#1227,#1228,#1229,#1230,#1231,#1232,
    #1233,#1234,#1235,#1236,#1237,#1238,#1239,#1240,#1241,#1242,#1243,
    #1244,#1245,#1246,#1247,#1248,#1249,#1250,#1251,#1252,#1253,#1254,
    #1255,#1256,#1257,#1258,#1259,#1260,#1261,#1262,#1263,#1264,#1265,
    #1266,#1267,#1268,#1269,#1270,#1271,#1272,#1273,#1274,#1275,#1276,
    #1277,#1278,#1279,#1280,#1281,#1282,#1283,#1284,#1285,#1286,#1287,
    #1288,#1289,#1290,#1291,#1292,#1293,#1294,#1295,#1296,#1297,#1298,
    #1299,#1300,#1301,#1302,#1303,#1304,#1305,#1306,#1307,#1308,#1309,
    #1310,#1311,#1312,#1313,#1314,#1315,#1316,#1317,#1318,#1319,#1320,
    #1321,#1322,#1323,#1324,#1325,#1326,#1327,#1328,#1329,#1330,#1331,
    #1332,#1333,#1334,#1335,#1336,#1337,#1338,#1339,#1340,#1341,#1342,
    #1343,#1344,#1345,#1346,#1347,#1348,#1349,#1350,#1351,#1352,#1353,
    #1354,#1355,#1356,#1357,#1358,#1359,#1360,#1361,#1362,#1363,#1364,
    #1365),.UNSPECIFIED.,.F.,.F.,(9,7,7,7,7,7,7,7,7,7,7,7,7,7,7,7,7,7,7,
    7,7,9),(0.,9.70888390132E-02,0.113092176736,0.134092060421,
    0.200025478817,0.206014201304,0.217991648557,0.304118448911,
    0.337087718913,0.357075482747,0.40005877121,0.42405238299,
    0.486692077978,0.51568826989,0.533683363213,0.566664976991,
    0.664288083488,0.703202411781,0.781134974867,0.820173762351,
    0.860250662007,1.),.UNSPECIFIED.);
#1217 = CARTESIAN_POINT('',(5.225242998131,52.062050929795));
#1218 = CARTESIAN_POINT('',(5.216008687673,54.011606862176));
#1219 = CARTESIAN_POINT('',(5.207956825175,55.963130966911));
#1220 = CARTESIAN_POINT('',(5.200856398076,57.915851591412));
#1221 = CARTESIAN_POINT('',(5.194533126322,59.869209477376));
#1222 = CARTESIAN_POINT('',(5.188845355095,61.822837691368));
#1223 = CARTESIAN_POINT('',(5.183672846321,63.776552793659));
#1224 = CARTESIAN_POINT('',(5.178911914063,65.730351509883));
#1225 = CARTESIAN_POINT('',(5.173738237255,68.006497875636));
#1226 = CARTESIAN_POINT('',(5.173014807592,68.328593462025));
#1227 = CARTESIAN_POINT('',(5.172299649188,68.650694240281));
#1228 = CARTESIAN_POINT('',(5.171592359384,68.972800574183));
#1229 = CARTESIAN_POINT('',(5.170892543562,69.294912880257));
#1230 = CARTESIAN_POINT('',(5.170199815144,69.617031627775));
#1231 = CARTESIAN_POINT('',(5.169513795595,69.939157338757));
#1232 = CARTESIAN_POINT('',(5.167942223879,70.683999955341));
#1233 = CARTESIAN_POINT('',(5.167061159171,71.106722206992));
#1234 = CARTESIAN_POINT('',(5.16619136684,71.52945968684));
#1235 = CARTESIAN_POINT('',(5.165333312421,71.952214651006));
#1236 = CARTESIAN_POINT('',(5.16448745176,72.3749892334));
#1237 = CARTESIAN_POINT('',(5.163654219801,72.797785432573));
#1238 = CARTESIAN_POINT('',(5.162834036834,73.220605119849));
#1239 = CARTESIAN_POINT('',(5.15949451852,74.971058037745));
#1240 = CARTESIAN_POINT('',(5.157094557426,76.298909263165));
#1241 = CARTESIAN_POINT('',(5.154840483678,77.627065361654));
#1242 = CARTESIAN_POINT('',(5.152744581646,78.955566711342));
#1243 = CARTESIAN_POINT('',(5.150818687994,80.284432546769));
#1244 = CARTESIAN_POINT('',(5.149074494344,81.613661053857));
#1245 = CARTESIAN_POINT('',(5.147523849943,82.943229464884));
#1246 = CARTESIAN_POINT('',(5.146056917654,84.393885563311));
#1247 = CARTESIAN_POINT('',(5.145936471838,84.51467697316));
#1248 = CARTESIAN_POINT('',(5.145817735959,84.635468382998));
#1249 = CARTESIAN_POINT('',(5.145700719132,84.756259792826));
#1250 = CARTESIAN_POINT('',(5.14558543051,84.877051202645));
#1251 = CARTESIAN_POINT('',(5.145471879283,84.997842612453));
#1252 = CARTESIAN_POINT('',(5.145360074679,85.118634022251));
#1253 = CARTESIAN_POINT('',(5.145029928495,85.481008297592));
#1254 = CARTESIAN_POINT('',(5.14481686067,85.72259097163));
#1255 = CARTESIAN_POINT('',(5.144610933937,85.964174024968));
#1256 = CARTESIAN_POINT('',(5.144411669535,86.20575657635));
#1257 = CARTESIAN_POINT('',(5.144219332018,86.4473396057));
#1258 = CARTESIAN_POINT('',(5.144033517938,86.688922325885));
#1259 = CARTESIAN_POINT('',(5.143854255191,86.930505174212));
#1260 = CARTESIAN_POINT('',(5.142438331256,88.90924901988));
#1261 = CARTESIAN_POINT('',(5.141525973245,90.646617921954));
#1262 = CARTESIAN_POINT('',(5.140902583355,92.383981214976));
#1263 = CARTESIAN_POINT('',(5.140529953013,94.121176634518));
#1264 = CARTESIAN_POINT('',(5.140372445031,95.858093028033));
#1265 = CARTESIAN_POINT('',(5.140396044465,97.594670253378));
#1266 = CARTESIAN_POINT('',(5.140567409473,99.330899077332));
#1267 = CARTESIAN_POINT('',(5.14096221621,101.73133062025));
#1268 = CARTESIAN_POINT('',(5.141088244284,102.39579233825));
#1269 = CARTESIAN_POINT('',(5.141229139841,103.06020727676));
#1270 = CARTESIAN_POINT('',(5.14138303188,103.72457685703));
#1271 = CARTESIAN_POINT('',(5.141548044963,104.38890287291));
#1272 = CARTESIAN_POINT('',(5.141722299213,105.05318749089));
#1273 = CARTESIAN_POINT('',(5.141903910311,105.71743325001));
#1274 = CARTESIAN_POINT('',(5.142204407075,106.78432315945));
#1275 = CARTESIAN_POINT('',(5.142319833334,107.18698997904));
#1276 = CARTESIAN_POINT('',(5.142436846404,107.58964413972));
#1277 = CARTESIAN_POINT('',(5.142555022992,107.99228626868));
#1278 = CARTESIAN_POINT('',(5.142673938383,108.3949170013));
#1279 = CARTESIAN_POINT('',(5.142793166444,108.79753698117));
#1280 = CARTESIAN_POINT('',(5.14291227962,109.20014686008));
#1281 = CARTESIAN_POINT('',(5.143285829888,110.46853152999));
#1282 = CARTESIAN_POINT('',(5.143538302643,111.3342714965));
#1283 = CARTESIAN_POINT('',(5.143783987217,112.19997438432));
#1284 = CARTESIAN_POINT('',(5.144018582006,113.0656464835));
#1285 = CARTESIAN_POINT('',(5.144237763777,113.93129318733));
#1286 = CARTESIAN_POINT('',(5.144437187675,114.79691899235));
#1287 = CARTESIAN_POINT('',(5.144612487219,115.66252749838));
#1288 = CARTESIAN_POINT('',(5.144841212017,117.01130277922));
#1289 = CARTESIAN_POINT('',(5.144914269625,117.49447940095));
#1290 = CARTESIAN_POINT('',(5.144977685119,117.97765164771));
#1291 = CARTESIAN_POINT('',(5.145030698934,118.46081969561));
#1292 = CARTESIAN_POINT('',(5.145072553949,118.94398352281));
#1293 = CARTESIAN_POINT('',(5.145102495487,119.42714290959));
#1294 = CARTESIAN_POINT('',(5.145119771318,119.91029743826));
#1295 = CARTESIAN_POINT('',(5.145133709761,121.654795127));
#1296 = CARTESIAN_POINT('',(5.145052546162,122.91610414849));
#1297 = CARTESIAN_POINT('',(5.144890315638,124.17736878391));
#1298 = CARTESIAN_POINT('',(5.144657379363,125.43858986739));
#1299 = CARTESIAN_POINT('',(5.144364200758,126.69977384005));
#1300 = CARTESIAN_POINT('',(5.144021261364,127.96093274889));
#1301 = CARTESIAN_POINT('',(5.143638976695,129.22208424575));
#1302 = CARTESIAN_POINT('',(5.143037189622,131.06705152728));
#1303 = CARTESIAN_POINT('',(5.142840537172,131.65085436448));
#1304 = CARTESIAN_POINT('',(5.142638676254,132.23466216526));
#1305 = CARTESIAN_POINT('',(5.142432622372,132.81847706481));
#1306 = CARTESIAN_POINT('',(5.142223385033,133.40230126613));
#1307 = CARTESIAN_POINT('',(5.14201196775,133.98613704004));
#1308 = CARTESIAN_POINT('',(5.141799368043,134.56998672516));
#1309 = CARTESIAN_POINT('',(5.141454519175,135.51620110935));
#1310 = CARTESIAN_POINT('',(5.141322387314,135.87855575419));
#1311 = CARTESIAN_POINT('',(5.141190418698,136.24091722812));
#1312 = CARTESIAN_POINT('',(5.141058849273,136.60328609267));
#1313 = CARTESIAN_POINT('',(5.140927914095,136.96566290516));
#1314 = CARTESIAN_POINT('',(5.14079784733,137.32804821876));
#1315 = CARTESIAN_POINT('',(5.140668882247,137.69044258243));
#1316 = CARTESIAN_POINT('',(5.140307327627,138.71706467967));
#1317 = CARTESIAN_POINT('',(5.140077887244,139.38131495085));
#1318 = CARTESIAN_POINT('',(5.139854357931,140.04560079464));
#1319 = CARTESIAN_POINT('',(5.139638161363,140.70992543009));
#1320 = CARTESIAN_POINT('',(5.139430713036,141.37429185523));
#1321 = CARTESIAN_POINT('',(5.139233422269,142.03870284703));
#1322 = CARTESIAN_POINT('',(5.139047692204,142.7031609614));
#1323 = CARTESIAN_POINT('',(5.138363526439,145.33456117486));
#1324 = CARTESIAN_POINT('',(5.137965591317,147.30186607523));
#1325 = CARTESIAN_POINT('',(5.137717709743,149.26966967021));
#1326 = CARTESIAN_POINT('',(5.13765586919,151.23800630051));
#1327 = CARTESIAN_POINT('',(5.137816545806,153.20685807775));
#1328 = CARTESIAN_POINT('',(5.138237800926,155.17615475064));
#1329 = CARTESIAN_POINT('',(5.138960377589,157.14577357116));
#1330 = CARTESIAN_POINT('',(5.140454688283,159.90072319705));
#1331 = CARTESIAN_POINT('',(5.140935568547,160.68592706299));
#1332 = CARTESIAN_POINT('',(5.141474233283,161.47113807683));
#1333 = CARTESIAN_POINT('',(5.142073629114,162.2563412123));
#1334 = CARTESIAN_POINT('',(5.142736853843,163.0415190985));
#1335 = CARTESIAN_POINT('',(5.143467156452,163.82665201991));
#1336 = CARTESIAN_POINT('',(5.144267937102,164.61171791636));
#1337 = CARTESIAN_POINT('',(5.146894703068,166.96873730407));
#1338 = CARTESIAN_POINT('',(5.148943356155,168.54041063271));
#1339 = CARTESIAN_POINT('',(5.151281365791,170.11161455072));
#1340 = CARTESIAN_POINT('',(5.153902899215,171.68227735007));
#1341 = CARTESIAN_POINT('',(5.156803355195,173.25235346274));
#1342 = CARTESIAN_POINT('',(5.15997908771,174.82182349059));
#1343 = CARTESIAN_POINT('',(5.163427129633,176.39069423522));
#1344 = CARTESIAN_POINT('',(5.169007268705,178.74461007388));
#1345 = CARTESIAN_POINT('',(5.170937296858,179.53007808825));
#1346 = CARTESIAN_POINT('',(5.172934696928,180.31540628823));
#1347 = CARTESIAN_POINT('',(5.174999170938,181.10059931521));
#1348 = CARTESIAN_POINT('',(5.177130426875,181.88566293453));
#1349 = CARTESIAN_POINT('',(5.179328178688,182.6706040355));
#1350 = CARTESIAN_POINT('',(5.181592146291,183.45543063143));
#1351 = CARTESIAN_POINT('',(5.186313921337,185.0457402486));
#1352 = CARTESIAN_POINT('',(5.188775275511,185.85121730217));
#1353 = CARTESIAN_POINT('',(5.191305770035,186.65659306069));
#1354 = CARTESIAN_POINT('',(5.193905166024,187.46187791158));
#1355 = CARTESIAN_POINT('',(5.196572912248,188.26708431576));
#1356 = CARTESIAN_POINT('',(5.199308839646,189.07222396386));
#1357 = CARTESIAN_POINT('',(5.202112273219,189.87731123374));
#1358 = CARTESIAN_POINT('',(5.214992376,193.48958971505));
#1359 = CARTESIAN_POINT('',(5.225819654776,196.29625098103));
#1360 = CARTESIAN_POINT('',(5.237614550216,199.10245569911));
#1361 = CARTESIAN_POINT('',(5.250562453564,201.90814105478));
#1362 = CARTESIAN_POINT('',(5.264893564887,204.71306219178));
#1363 = CARTESIAN_POINT('',(5.28091379676,207.51675622818));
#1364 = CARTESIAN_POINT('',(5.299026953378,210.31852272655));
#1365 = CARTESIAN_POINT('',(5.319871170596,213.11726274768));
#1366 = ( GEOMETRIC_REPRESENTATION_CONTEXT(2) 
PARAMETRIC_REPRESENTATION_CONTEXT() REPRESENTATION_CONTEXT('2D SPACE',''
  ) );
#1367 = PCURVE('',#1368,#1373);
#1368 = PLANE('',#1369);
#1369 = AXIS2_PLACEMENT_3D('',#1370,#1371,#1372);
#1370 = CARTESIAN_POINT('',(-250.,-250.,13.));
#1371 = DIRECTION('',(0.,0.,1.));
#1372 = DIRECTION('',(1.,0.,-0.));
#1373 = DEFINITIONAL_REPRESENTATION('',(#1374),#1524);
#1374 = B_SPLINE_CURVE_WITH_KNOTS('',8,(#1375,#1376,#1377,#1378,#1379,
    #1380,#1381,#1382,#1383,#1384,#1385,#1386,#1387,#1388,#1389,#1390,
    #1391,#1392,#1393,#1394,#1395,#1396,#1397,#1398,#1399,#1400,#1401,
    #1402,#1403,#1404,#1405,#1406,#1407,#1408,#1409,#1410,#1411,#1412,
    #1413,#1414,#1415,#1416,#1417,#1418,#1419,#1420,#1421,#1422,#1423,
    #1424,#1425,#1426,#1427,#1428,#1429,#1430,#1431,#1432,#1433,#1434,
    #1435,#1436,#1437,#1438,#1439,#1440,#1441,#1442,#1443,#1444,#1445,
    #1446,#1447,#1448,#1449,#1450,#1451,#1452,#1453,#1454,#1455,#1456,
    #1457,#1458,#1459,#1460,#1461,#1462,#1463,#1464,#1465,#1466,#1467,
    #1468,#1469,#1470,#1471,#1472,#1473,#1474,#1475,#1476,#1477,#1478,
    #1479,#1480,#1481,#1482,#1483,#1484,#1485,#1486,#1487,#1488,#1489,
    #1490,#1491,#1492,#1493,#1494,#1495,#1496,#1497,#1498,#1499,#1500,
    #1501,#1502,#1503,#1504,#1505,#1506,#1507,#1508,#1509,#1510,#1511,
    #1512,#1513,#1514,#1515,#1516,#1517,#1518,#1519,#1520,#1521,#1522,
    #1523),.UNSPECIFIED.,.F.,.F.,(9,7,7,7,7,7,7,7,7,7,7,7,7,7,7,7,7,7,7,
    7,7,9),(0.,9.70888390132E-02,0.113092176736,0.134092060421,
    0.200025478817,0.206014201304,0.217991648557,0.304118448911,
    0.337087718913,0.357075482747,0.40005877121,0.42405238299,
    0.486692077978,0.51568826989,0.533683363213,0.566664976991,
    0.664288083488,0.703202411781,0.781134974867,0.820173762351,
    0.860250662007,1.),.UNSPECIFIED.);
#1375 = CARTESIAN_POINT('',(318.00000058514,273.08600559498));
#1376 = CARTESIAN_POINT('',(316.09872844633,273.58463254224));
#1377 = CARTESIAN_POINT('',(314.1877888911,274.03809936362));
#1378 = CARTESIAN_POINT('',(312.26888411644,274.45186666977));
#1379 = CARTESIAN_POINT('',(310.34353453428,274.83112144639));
#1380 = CARTESIAN_POINT('',(308.41308316412,275.180897551));
#1381 = CARTESIAN_POINT('',(306.47869498626,275.50611748259));
#1382 = CARTESIAN_POINT('',(304.54135606965,275.81160593222));
#1383 = CARTESIAN_POINT('',(302.28218931767,276.15001253532));
#1384 = CARTESIAN_POINT('',(301.96244529231,276.19749243969));
#1385 = CARTESIAN_POINT('',(301.64264930675,276.24458659476));
#1386 = CARTESIAN_POINT('',(301.32280540332,276.29131620808));
#1387 = CARTESIAN_POINT('',(301.00291757237,276.33770243605));
#1388 = CARTESIAN_POINT('',(300.68298975225,276.38376638395));
#1389 = CARTESIAN_POINT('',(300.36302582938,276.4295291059));
#1390 = CARTESIAN_POINT('',(299.62312455889,276.53469460382));
#1391 = CARTESIAN_POINT('',(299.2031647032,276.59390094968));
#1392 = CARTESIAN_POINT('',(298.78314756843,276.65259219152));
#1393 = CARTESIAN_POINT('',(298.36307049702,276.71072788184));
#1394 = CARTESIAN_POINT('',(297.94293094434,276.76826754672));
#1395 = CARTESIAN_POINT('',(297.5227265877,276.82517148883));
#1396 = CARTESIAN_POINT('',(297.10245527641,276.88140042329));
#1397 = CARTESIAN_POINT('',(295.3623702282,277.1112099754));
#1398 = CARTESIAN_POINT('',(294.04194994244,277.27845411168));
#1399 = CARTESIAN_POINT('',(292.72078155683,277.4374141879));
#1400 = CARTESIAN_POINT('',(291.39881363444,277.58685617289));
#1401 = CARTESIAN_POINT('',(290.07601567891,277.72554320018));
#1402 = CARTESIAN_POINT('',(288.7523781032,277.85223459678));
#1403 = CARTESIAN_POINT('',(287.42791219828,277.96568491192));
#1404 = CARTESIAN_POINT('',(285.98227674467,278.07363128907));
#1405 = CARTESIAN_POINT('',(285.8618992548,278.08249988983));
#1406 = CARTESIAN_POINT('',(285.74151762398,278.09124782181));
#1407 = CARTESIAN_POINT('',(285.62113184401,278.09987415854));
#1408 = CARTESIAN_POINT('',(285.50074190668,278.10837797328));
#1409 = CARTESIAN_POINT('',(285.38034780381,278.11675833899));
#1410 = CARTESIAN_POINT('',(285.25994952719,278.1250143284));
#1411 = CARTESIAN_POINT('',(284.89874210566,278.14940638809));
#1412 = CARTESIAN_POINT('',(284.65792060001,278.16516609961));
#1413 = CARTESIAN_POINT('',(284.41708187974,278.18041395435));
#1414 = CARTESIAN_POINT('',(284.17622730261,278.19518348591));
#1415 = CARTESIAN_POINT('',(283.93535564235,278.20945345828));
#1416 = CARTESIAN_POINT('',(283.69446809254,278.22325209208));
#1417 = CARTESIAN_POINT('',(283.45356420386,278.23657586627));
#1418 = CARTESIAN_POINT('',(281.48025015806,278.34190215432));
#1419 = CARTESIAN_POINT('',(279.74681895971,278.41033409534));
#1420 = CARTESIAN_POINT('',(278.0126107136,278.45733120487));
#1421 = CARTESIAN_POINT('',(276.2778348686,278.48548380481));
#1422 = CARTESIAN_POINT('',(274.5426501997,278.49737278549));
#1423 = CARTESIAN_POINT('',(272.80716468357,278.49557018894));
#1424 = CARTESIAN_POINT('',(271.07143537423,278.48263979228));
#1425 = CARTESIAN_POINT('',(268.67094146877,278.45290670384));
#1426 = CARTESIAN_POINT('',(268.00638268426,278.44341976118));
#1427 = CARTESIAN_POINT('',(267.34179355017,278.43282027722));
#1428 = CARTESIAN_POINT('',(266.67717531612,278.42125160901));
#1429 = CARTESIAN_POINT('',(266.01252885633,278.40885705639));
#1430 = CARTESIAN_POINT('',(265.3478546696,278.39577986199));
#1431 = CARTESIAN_POINT('',(264.68315287937,278.38216321125));
#1432 = CARTESIAN_POINT('',(263.61542798468,278.35965480282));
#1433 = CARTESIAN_POINT('',(263.2124225633,278.35101371695));
#1434 = CARTESIAN_POINT('',(262.80940694311,278.34225887595));
#1435 = CARTESIAN_POINT('',(262.40638108916,278.33342218367));
#1436 = CARTESIAN_POINT('',(262.00334495799,278.32453554664));
#1437 = CARTESIAN_POINT('',(261.60029849754,278.31563087408));
#1438 = CARTESIAN_POINT('',(261.19724164726,278.3067400779));
#1439 = CARTESIAN_POINT('',(259.92738610864,278.27887406506));
#1440 = CARTESIAN_POINT('',(259.06055011848,278.26006481651));
#1441 = CARTESIAN_POINT('',(258.19366505389,278.24178476242));
#1442 = CARTESIAN_POINT('',(257.32673049539,278.22435146568));
#1443 = CARTESIAN_POINT('',(256.45974691762,278.20808261677));
#1444 = CARTESIAN_POINT('',(255.5927156894,278.19329603375));
#1445 = CARTESIAN_POINT('',(254.72563907368,278.18030966222));
#1446 = CARTESIAN_POINT('',(253.37448762548,278.16337492326));
#1447 = CARTESIAN_POINT('',(252.89044206641,278.15796828758));
#1448 = CARTESIAN_POINT('',(252.40638419606,278.15327700779));
#1449 = CARTESIAN_POINT('',(251.92231485842,278.14935639595));
#1450 = CARTESIAN_POINT('',(251.43823509576,278.14626173672));
#1451 = CARTESIAN_POINT('',(250.95414614861,278.14404828732));
#1452 = CARTESIAN_POINT('',(250.47004945575,278.14277127757));
#1453 = CARTESIAN_POINT('',(248.72210809146,278.14174090545));
#1454 = CARTESIAN_POINT('',(247.45823027382,278.14774036745));
#1455 = CARTESIAN_POINT('',(246.19434475451,278.15973235168));
#1456 = CARTESIAN_POINT('',(244.93047745422,278.17696383719));
#1457 = CARTESIAN_POINT('',(243.66664866633,278.19868137942));
#1458 = CARTESIAN_POINT('',(242.40287306215,278.22413176348));
#1459 = CARTESIAN_POINT('',(241.13915969618,278.25256265729));
#1460 = CARTESIAN_POINT('',(239.29056390782,278.29741619566));
#1461 = CARTESIAN_POINT('',(238.70563037889,278.31208687764));
#1462 = CARTESIAN_POINT('',(238.12071200571,278.32716080709));
#1463 = CARTESIAN_POINT('',(237.53580930255,278.34256352048));
#1464 = CARTESIAN_POINT('',(236.95092271661,278.35822059442));
#1465 = CARTESIAN_POINT('',(236.3660526281,278.37405764569));
#1466 = CARTESIAN_POINT('',(235.78119935018,278.3900003312));
#1467 = CARTESIAN_POINT('',(234.8334126281,278.415887854));
#1468 = CARTESIAN_POINT('',(234.47046871799,278.4258134246));
#1469 = CARTESIAN_POINT('',(234.10753146707,278.43573329903));
#1470 = CARTESIAN_POINT('',(233.74460094821,278.44562971953));
#1471 = CARTESIAN_POINT('',(233.38167723867,278.45548493128));
#1472 = CARTESIAN_POINT('',(233.01876042019,278.46528118245));
#1473 = CARTESIAN_POINT('',(232.65585057888,278.47500072414));
#1474 = CARTESIAN_POINT('',(231.62781543278,278.50226677916));
#1475 = CARTESIAN_POINT('',(230.96270690117,278.51959042858));
#1476 = CARTESIAN_POINT('',(230.29762268194,278.53648753327));
#1477 = CARTESIAN_POINT('',(229.63256347145,278.5528488408));
#1478 = CARTESIAN_POINT('',(228.96753019107,278.56856507172));
#1479 = CARTESIAN_POINT('',(228.30252398713,278.58352691959));
#1480 = CARTESIAN_POINT('',(227.63754623095,278.59762505095));
#1481 = CARTESIAN_POINT('',(225.00440309473,278.64959928325));
#1482 = CARTESIAN_POINT('',(223.03649198466,278.67992239219));
#1483 = CARTESIAN_POINT('',(221.06888055646,278.69888385891));
#1484 = CARTESIAN_POINT('',(219.10163684262,278.70364040556));
#1485 = CARTESIAN_POINT('',(217.13488139266,278.69133806724));
#1486 = CARTESIAN_POINT('',(215.1687871254,278.65910920958));
#1487 = CARTESIAN_POINT('',(213.20357918139,278.6040695463));
#1488 = CARTESIAN_POINT('',(210.45663130546,278.49112500282));
#1489 = CARTESIAN_POINT('',(209.67391618464,278.45484907705));
#1490 = CARTESIAN_POINT('',(208.89140854801,278.41430352202));
#1491 = CARTESIAN_POINT('',(208.10912983404,278.36930414596));
#1492 = CARTESIAN_POINT('',(207.32710378444,278.31966642274));
#1493 = CARTESIAN_POINT('',(206.54535644411,278.26520549188));
#1494 = CARTESIAN_POINT('',(205.76391616116,278.20573615856));
#1495 = CARTESIAN_POINT('',(203.41852278937,278.01157370405));
#1496 = CARTESIAN_POINT('',(201.85559098665,277.86126549587));
#1497 = CARTESIAN_POINT('',(200.29413207576,277.69134017659));
#1498 = CARTESIAN_POINT('',(198.73423357372,277.50297985661));
#1499 = CARTESIAN_POINT('',(197.17595673227,277.29735597029));
#1500 = CARTESIAN_POINT('',(195.6193366525,277.07562839705));
#1501 = CARTESIAN_POINT('',(194.06438239942,276.8389445825));
#1502 = CARTESIAN_POINT('',(191.7329793302,276.46295263539));
#1503 = CARTESIAN_POINT('',(190.95529655614,276.33399851245));
#1504 = CARTESIAN_POINT('',(190.17802729644,276.20171894764));
#1505 = CARTESIAN_POINT('',(189.40116895091,276.0662560248));
#1506 = CARTESIAN_POINT('',(188.62471781722,275.92775125472));
#1507 = CARTESIAN_POINT('',(187.84866909087,275.78634557509));
#1508 = CARTESIAN_POINT('',(187.07301686524,275.64217935054));
#1509 = CARTESIAN_POINT('',(185.50187575551,275.34470206268));
#1510 = CARTESIAN_POINT('',(184.70640817355,275.19124963082));
#1511 = CARTESIAN_POINT('',(183.91134350252,275.03518819184));
#1512 = CARTESIAN_POINT('',(183.11667419029,274.8766631079));
#1513 = CARTESIAN_POINT('',(182.32238918874,274.7158358477));
#1514 = CARTESIAN_POINT('',(181.52848044588,274.55284294988));
#1515 = CARTESIAN_POINT('',(180.73493496093,274.387846882));
#1516 = CARTESIAN_POINT('',(177.1758537306,273.63915979029));
#1517 = CARTESIAN_POINT('',(174.41436232345,273.03460129278));
#1518 = CARTESIAN_POINT('',(171.65814992681,272.40365326219));
#1519 = CARTESIAN_POINT('',(168.9082698981,271.74240971242));
#1520 = CARTESIAN_POINT('',(166.16595320274,271.0466617813));
#1521 = CARTESIAN_POINT('',(163.43263816139,270.31165025564));
#1522 = CARTESIAN_POINT('',(160.70998244548,269.53193786386));
#1523 = CARTESIAN_POINT('',(157.99999941902,268.70025437655));
#1524 = ( GEOMETRIC_REPRESENTATION_CONTEXT(2) 
PARAMETRIC_REPRESENTATION_CONTEXT() REPRESENTATION_CONTEXT('2D SPACE',''
  ) );
#1525 = FACE_BOUND('',#1526,.F.);
#1526 = EDGE_LOOP('',(#1527));
#1527 = ORIENTED_EDGE('',*,*,#1528,.F.);
#1528 = EDGE_CURVE('',#1529,#1529,#1531,.T.);
#1529 = VERTEX_POINT('',#1530);
#1530 = CARTESIAN_POINT('',(53.65,24.,16.310845486643));
#1531 = SURFACE_CURVE('',#1532,(#1612,#1729),.PCURVE_S1.);
#1532 = B_SPLINE_CURVE_WITH_KNOTS('',8,(#1533,#1534,#1535,#1536,#1537,
    #1538,#1539,#1540,#1541,#1542,#1543,#1544,#1545,#1546,#1547,#1548,
    #1549,#1550,#1551,#1552,#1553,#1554,#1555,#1556,#1557,#1558,#1559,
    #1560,#1561,#1562,#1563,#1564,#1565,#1566,#1567,#1568,#1569,#1570,
    #1571,#1572,#1573,#1574,#1575,#1576,#1577,#1578,#1579,#1580,#1581,
    #1582,#1583,#1584,#1585,#1586,#1587,#1588,#1589,#1590,#1591,#1592,
    #1593,#1594,#1595,#1596,#1597,#1598,#1599,#1600,#1601,#1602,#1603,
    #1604,#1605,#1606,#1607,#1608,#1609,#1610,#1611),.UNSPECIFIED.,.T.,
  .F.,(9,7,7,7,7,7,7,7,7,7,7,9),(0.,0.183971646066,0.280415840484,
    0.40920959522,0.586794326393,0.720128175061,0.801748817236,
    0.896663832199,1.,1.101685733663,1.173169687621,1.309424702569),
  .UNSPECIFIED.);
#1533 = CARTESIAN_POINT('',(53.65,24.,16.310845486643));
#1534 = CARTESIAN_POINT('',(53.65,23.845693653645,16.537893944404));
#1535 = CARTESIAN_POINT('',(53.633507489905,23.6910024591,
    16.764261958788));
#1536 = CARTESIAN_POINT('',(53.600381507089,23.536443156473,
    16.989246368874));
#1537 = CARTESIAN_POINT('',(53.549854502349,23.38304628895,
    17.211630542303));
#1538 = CARTESIAN_POINT('',(53.481010473329,23.232299071818,
    17.429758078038));
#1539 = CARTESIAN_POINT('',(53.39269526601,23.086288690791,
    17.641465979276));
#1540 = CARTESIAN_POINT('',(53.283912194332,22.947594001463,
    17.844204887305));
#1541 = CARTESIAN_POINT('',(53.084383642056,22.752676632846,
    18.134542097317));
#1542 = CARTESIAN_POINT('',(53.009791826051,22.688720149226,
    18.230866543182));
#1543 = CARTESIAN_POINT('',(52.92905785597,22.628363170949,
    18.323160164423));
#1544 = CARTESIAN_POINT('',(52.842069830713,22.572273923359,
    18.410740982678));
#1545 = CARTESIAN_POINT('',(52.748817112866,22.521252426395,
    18.492771931965));
#1546 = CARTESIAN_POINT('',(52.649425949762,22.476205165926,
    18.568285506263));
#1547 = CARTESIAN_POINT('',(52.544192294902,22.43811334708,
    18.636204955975));
#1548 = CARTESIAN_POINT('',(52.285940179833,22.367773647694,
    18.774361729996));
#1549 = CARTESIAN_POINT('',(52.127072490572,22.341314094197,
    18.838636062172));
#1550 = CARTESIAN_POINT('',(51.960323638594,22.33230282194,
    18.88339202789));
#1551 = CARTESIAN_POINT('',(51.78953197889,22.343067107411,
    18.905498547739));
#1552 = CARTESIAN_POINT('',(51.619081600834,22.374735127113,
    18.902886285835));
#1553 = CARTESIAN_POINT('',(51.453755933894,22.427019584902,
    18.87468638087));
#1554 = CARTESIAN_POINT('',(51.298422703001,22.497624590264,
    18.822108087176));
#1555 = CARTESIAN_POINT('',(50.963311004649,22.696616592739,
    18.650706795489));
#1556 = CARTESIAN_POINT('',(50.79718219744,22.836375880297,
    18.51468428457));
#1557 = CARTESIAN_POINT('',(50.661325940008,22.991804398803,
    18.350778809986));
#1558 = CARTESIAN_POINT('',(50.554606713879,23.155197350793,
    18.167237756679));
#1559 = CARTESIAN_POINT('',(50.47438872557,23.320916537037,
    17.970888047991));
#1560 = CARTESIAN_POINT('',(50.417359452155,23.485288603591,
    17.766906635636));
#1561 = CARTESIAN_POINT('',(50.380428905659,23.646599997281,
    17.558205438486));
#1562 = CARTESIAN_POINT('',(50.347427370955,23.92368764636,
    17.185110874643));
#1563 = CARTESIAN_POINT('',(50.343509057213,24.040450753496,
    17.023097966179));
#1564 = CARTESIAN_POINT('',(50.348918387821,24.154784187552,
    16.859754201541));
#1565 = CARTESIAN_POINT('',(50.362985651656,24.266387117522,
    16.695673998821));
#1566 = CARTESIAN_POINT('',(50.385184570428,24.37502271994,
    16.531373743451));
#1567 = CARTESIAN_POINT('',(50.415112112981,24.480510272831,
    16.367295076988));
#1568 = CARTESIAN_POINT('',(50.452512920728,24.582711042773,
    16.203808571733));
#1569 = CARTESIAN_POINT('',(50.524748626948,24.74198610069,
    15.941702594198));
#1570 = CARTESIAN_POINT('',(50.55494213791,24.801165308883,
    15.842556059466));
#1571 = CARTESIAN_POINT('',(50.587877499794,24.859011507736,
    15.74387281614));
#1572 = CARTESIAN_POINT('',(50.623551502685,24.915480908118,
    15.645752516371));
#1573 = CARTESIAN_POINT('',(50.661978741049,24.970520554298,
    15.548309154784));
#1574 = CARTESIAN_POINT('',(50.703193782851,25.024067687744,
    15.451672602364));
#1575 = CARTESIAN_POINT('',(50.747257441979,25.076047535583,
    15.355991750705));
#1576 = CARTESIAN_POINT('',(50.848933809318,25.184887958894,
    15.151486070971));
#1577 = CARTESIAN_POINT('',(50.907531579291,25.241108287257,
    15.04316441732));
#1578 = CARTESIAN_POINT('',(50.970251366959,25.294946182641,
    14.936644910054));
#1579 = CARTESIAN_POINT('',(51.037311554643,25.346223457422,
    14.832251741211));
#1580 = CARTESIAN_POINT('',(51.108969561445,25.39466256226,
    14.730484091587));
#1581 = CARTESIAN_POINT('',(51.185512863869,25.439896698433,
    14.632012922469));
#1582 = CARTESIAN_POINT('',(51.26729551101,25.481452217377,
    14.537711694779));
#1583 = CARTESIAN_POINT('',(51.450248133646,25.55916893426,
    14.351957076073));
#1584 = CARTESIAN_POINT('',(51.552701720523,25.595191685884,
    14.260151883646));
#1585 = CARTESIAN_POINT('',(51.663374793401,25.624801421345,
    14.176858259101));
#1586 = CARTESIAN_POINT('',(51.782408490073,25.646233000095,
    14.10551544213));
#1587 = CARTESIAN_POINT('',(51.908957219172,25.657882956574,
    14.049507628135));
#1588 = CARTESIAN_POINT('',(52.041188660176,25.658309500209,
    14.012163968221));
#1589 = CARTESIAN_POINT('',(52.176283763405,25.646232515414,
    13.9967585692));
#1590 = CARTESIAN_POINT('',(52.442447111512,25.59524505874,
    14.016106665072));
#1591 = CARTESIAN_POINT('',(52.570337959532,25.558003738951,
    14.048554761028));
#1592 = CARTESIAN_POINT('',(52.690132048484,25.510175347887,
    14.102323506588));
#1593 = CARTESIAN_POINT('',(52.800488044449,25.454242696404,
    14.172862495706));
#1594 = CARTESIAN_POINT('',(52.90094521525,25.392299162799,
    14.256039687306));
#1595 = CARTESIAN_POINT('',(52.991801385496,25.326169534021,
    14.348219513842));
#1596 = CARTESIAN_POINT('',(53.073769111369,25.257034844056,
    14.44691599726));
#1597 = CARTESIAN_POINT('',(53.199827745147,25.134971404289,
    14.623970695675));
#1598 = CARTESIAN_POINT('',(53.246407017371,25.084810366323,
    14.6975127822));
#1599 = CARTESIAN_POINT('',(53.288565615488,25.034864963777,
    14.771246437945));
#1600 = CARTESIAN_POINT('',(53.32694686714,24.985085051326,
    14.845088759357));
#1601 = CARTESIAN_POINT('',(53.362008841763,24.935422037291,
    14.919002672584));
#1602 = CARTESIAN_POINT('',(53.394095412658,24.885841868181,
    14.992955217642));
#1603 = CARTESIAN_POINT('',(53.423452881573,24.836328284987,
    15.066910493624));
#1604 = CARTESIAN_POINT('',(53.501399791909,24.692669347149,
    15.281638862998));
#1605 = CARTESIAN_POINT('',(53.544370798115,24.596782245858,
    15.42515563609));
#1606 = CARTESIAN_POINT('',(53.579763464816,24.499490304087,
    15.570645629357));
#1607 = CARTESIAN_POINT('',(53.607882036068,24.401035553293,
    15.717545872375));
#1608 = CARTESIAN_POINT('',(53.628908524731,24.301648473498,
    15.865382073931));
#1609 = CARTESIAN_POINT('',(53.642943932099,24.201546770154,
    16.013753242207));
#1610 = CARTESIAN_POINT('',(53.65,24.10093367841,16.162330298768));
#1611 = CARTESIAN_POINT('',(53.65,24.,16.310845486643));
#1612 = PCURVE('',#101,#1613);
#1613 = DEFINITIONAL_REPRESENTATION('',(#1614),#1728);
#1614 = B_SPLINE_CURVE_WITH_KNOTS('',3,(#1615,#1616,#1617,#1618,#1619,
    #1620,#1621,#1622,#1623,#1624,#1625,#1626,#1627,#1628,#1629,#1630,
    #1631,#1632,#1633,#1634,#1635,#1636,#1637,#1638,#1639,#1640,#1641,
    #1642,#1643,#1644,#1645,#1646,#1647,#1648,#1649,#1650,#1651,#1652,
    #1653,#1654,#1655,#1656,#1657,#1658,#1659,#1660,#1661,#1662,#1663,
    #1664,#1665,#1666,#1667,#1668,#1669,#1670,#1671,#1672,#1673,#1674,
    #1675,#1676,#1677,#1678,#1679,#1680,#1681,#1682,#1683,#1684,#1685,
    #1686,#1687,#1688,#1689,#1690,#1691,#1692,#1693,#1694,#1695,#1696,
    #1697,#1698,#1699,#1700,#1701,#1702,#1703,#1704,#1705,#1706,#1707,
    #1708,#1709,#1710,#1711,#1712,#1713,#1714,#1715,#1716,#1717,#1718,
    #1719,#1720,#1721,#1722,#1723,#1724,#1725,#1726,#1727),
  .UNSPECIFIED.,.F.,.F.,(4,1,1,1,1,1,1,1,1,1,1,1,1,1,1,1,1,1,1,1,1,1,1,1
    ,1,1,1,1,1,1,1,1,1,1,1,1,1,1,1,1,1,1,1,1,1,1,1,1,1,1,1,1,1,1,1,1,1,1
    ,1,1,1,1,1,1,1,1,1,1,1,1,1,1,1,1,1,1,1,1,1,1,1,1,1,1,1,1,1,1,1,1,1,1
    ,1,1,1,1,1,1,1,1,1,1,1,1,1,1,1,1,1,1,4),(0.,1.190386093244E-02,
    2.380772186489E-02,3.571158279733E-02,4.761544372977E-02,
    5.951930466222E-02,7.142316559466E-02,8.33270265271E-02,
    9.523088745954E-02,0.107134748392,0.119038609324,0.130942470257,
    0.142846331189,0.154750192122,0.166654053054,0.178557913987,
    0.190461774919,0.202365635852,0.214269496784,0.226173357716,
    0.238077218649,0.249981079581,0.261884940514,0.273788801446,
    0.285692662379,0.297596523311,0.309500384244,0.321404245176,
    0.333308106108,0.345211967041,0.357115827973,0.369019688906,
    0.380923549838,0.392827410771,0.404731271703,0.416635132636,
    0.428538993568,0.4404428545,0.452346715433,0.464250576365,
    0.476154437298,0.48805829823,0.499962159163,0.511866020095,
    0.523769881027,0.53567374196,0.547577602892,0.559481463825,
    0.571385324757,0.58328918569,0.595193046622,0.607096907555,
    0.619000768487,0.630904629419,0.642808490352,0.654712351284,
    0.666616212217,0.678520073149,0.690423934082,0.702327795014,
    0.714231655947,0.726135516879,0.738039377811,0.749943238744,
    0.761847099676,0.773750960609,0.785654821541,0.797558682474,
    0.809462543406,0.821366404339,0.833270265271,0.845174126203,
    0.857077987136,0.868981848068,0.880885709001,0.892789569933,
    0.904693430866,0.916597291798,0.928501152731,0.940405013663,
    0.952308874595,0.964212735528,0.97611659646,0.988020457393,
    0.999924318325,1.011828179258,1.02373204019,1.035635901123,
    1.047539762055,1.059443622987,1.07134748392,1.083251344852,
    1.095155205785,1.107059066717,1.11896292765,1.130866788582,
    1.142770649515,1.154674510447,1.166578371379,1.178482232312,
    1.190386093244,1.202289954177,1.214193815109,1.226097676042,
    1.238001536974,1.249905397907,1.261809258839,1.273713119771,
    1.285616980704,1.297520841636,1.309424702569),
  .QUASI_UNIFORM_KNOTS.);
#1615 = CARTESIAN_POINT('',(5.309304762032,66.62814702038));
#1616 = CARTESIAN_POINT('',(5.310937052071,66.628148253163));
#1617 = CARTESIAN_POINT('',(5.314200923045,66.629445228918));
#1618 = CARTESIAN_POINT('',(5.319090578966,66.635312292893));
#1619 = CARTESIAN_POINT('',(5.323970336141,66.645133837944));
#1620 = CARTESIAN_POINT('',(5.328835483801,66.65896090645));
#1621 = CARTESIAN_POINT('',(5.333680685832,66.676853634616));
#1622 = CARTESIAN_POINT('',(5.338499890492,66.698881403514));
#1623 = CARTESIAN_POINT('',(5.343286350787,66.725120936708));
#1624 = CARTESIAN_POINT('',(5.348032612202,66.755655294225));
#1625 = CARTESIAN_POINT('',(5.35273050612,66.79057294195));
#1626 = CARTESIAN_POINT('',(5.357371138367,66.829967143394));
#1627 = CARTESIAN_POINT('',(5.361944872348,66.873935626575));
#1628 = CARTESIAN_POINT('',(5.36644131115,66.922580793689));
#1629 = CARTESIAN_POINT('',(5.370849249312,66.97600998117));
#1630 = CARTESIAN_POINT('',(5.375156690931,67.034338208188));
#1631 = CARTESIAN_POINT('',(5.379350556465,67.097685094649));
#1632 = CARTESIAN_POINT('',(5.383417468107,67.166197931895));
#1633 = CARTESIAN_POINT('',(5.387335137591,67.239889269384));
#1634 = CARTESIAN_POINT('',(5.391085642285,67.318851279788));
#1635 = CARTESIAN_POINT('',(5.394647230895,67.403126312138));
#1636 = CARTESIAN_POINT('',(5.397995873666,67.492716946367));
#1637 = CARTESIAN_POINT('',(5.401105176182,67.58757667996));
#1638 = CARTESIAN_POINT('',(5.403946651659,67.687596152737));
#1639 = CARTESIAN_POINT('',(5.406490218596,67.792627802595));
#1640 = CARTESIAN_POINT('',(5.408703459522,67.902362496638));
#1641 = CARTESIAN_POINT('',(5.410563377965,68.01718346768));
#1642 = CARTESIAN_POINT('',(5.412020247238,68.136029550032));
#1643 = CARTESIAN_POINT('',(5.41303705804,68.257919937354));
#1644 = CARTESIAN_POINT('',(5.413583647214,68.3817747428));
#1645 = CARTESIAN_POINT('',(5.413638324252,68.506469007638));
#1646 = CARTESIAN_POINT('',(5.413187913062,68.630827261374));
#1647 = CARTESIAN_POINT('',(5.412228677734,68.753635738183));
#1648 = CARTESIAN_POINT('',(5.410767337115,68.873656492832));
#1649 = CARTESIAN_POINT('',(5.408822883333,68.989629051277));
#1650 = CARTESIAN_POINT('',(5.406427148198,69.100332486399));
#1651 = CARTESIAN_POINT('',(5.403631641634,69.204430388897));
#1652 = CARTESIAN_POINT('',(5.400491654574,69.301191870059));
#1653 = CARTESIAN_POINT('',(5.397045587005,69.390623812191));
#1654 = CARTESIAN_POINT('',(5.393333157612,69.472682511248));
#1655 = CARTESIAN_POINT('',(5.389390974234,69.547436192773));
#1656 = CARTESIAN_POINT('',(5.385253444125,69.615005892755));
#1657 = CARTESIAN_POINT('',(5.380952301922,69.675567029205));
#1658 = CARTESIAN_POINT('',(5.376516545095,69.729335783087));
#1659 = CARTESIAN_POINT('',(5.371972287613,69.776560413496));
#1660 = CARTESIAN_POINT('',(5.367342655448,69.817511927415));
#1661 = CARTESIAN_POINT('',(5.362647683902,69.852475452065));
#1662 = CARTESIAN_POINT('',(5.357904226849,69.881741769072));
#1663 = CARTESIAN_POINT('',(5.353125859846,69.905599215288));
#1664 = CARTESIAN_POINT('',(5.34832282983,69.924325179945));
#1665 = CARTESIAN_POINT('',(5.343501857613,69.938179701284));
#1666 = CARTESIAN_POINT('',(5.33866652286,69.947391665305));
#1667 = CARTESIAN_POINT('',(5.333830644762,69.952150629309));
#1668 = CARTESIAN_POINT('',(5.328998024762,69.952651290535));
#1669 = CARTESIAN_POINT('',(5.324174106568,69.949061754487));
#1670 = CARTESIAN_POINT('',(5.31936344157,69.941533450589));
#1671 = CARTESIAN_POINT('',(5.314570383764,69.930200466517));
#1672 = CARTESIAN_POINT('',(5.309798920313,69.915181002562));
#1673 = CARTESIAN_POINT('',(5.305052731915,69.896577580868));
#1674 = CARTESIAN_POINT('',(5.30033520277,69.874477082241));
#1675 = CARTESIAN_POINT('',(5.295649409484,69.848949998183));
#1676 = CARTESIAN_POINT('',(5.290998254494,69.82005058779));
#1677 = CARTESIAN_POINT('',(5.286384055127,69.787812106109));
#1678 = CARTESIAN_POINT('',(5.281811666602,69.752269811665));
#1679 = CARTESIAN_POINT('',(5.277284278529,69.713432016975));
#1680 = CARTESIAN_POINT('',(5.272805774023,69.671293343331));
#1681 = CARTESIAN_POINT('',(5.268380458252,69.625832580251));
#1682 = CARTESIAN_POINT('',(5.264013209598,69.577011922809));
#1683 = CARTESIAN_POINT('',(5.259709358337,69.524772886329));
#1684 = CARTESIAN_POINT('',(5.255475320328,69.469039321195));
#1685 = CARTESIAN_POINT('',(5.251320447346,69.409743424797));
#1686 = CARTESIAN_POINT('',(5.247250876152,69.346731681591));
#1687 = CARTESIAN_POINT('',(5.243276672484,69.279850834249));
#1688 = CARTESIAN_POINT('',(5.2394103861,69.208927395245));
#1689 = CARTESIAN_POINT('',(5.235667805972,69.133768771351));
#1690 = CARTESIAN_POINT('',(5.232067364319,69.054154764804));
#1691 = CARTESIAN_POINT('',(5.228633348535,68.96982704505));
#1692 = CARTESIAN_POINT('',(5.22538612764,68.880469591165));
#1693 = CARTESIAN_POINT('',(5.222341343274,68.785433102467));
#1694 = CARTESIAN_POINT('',(5.219578307951,68.684503308167));
#1695 = CARTESIAN_POINT('',(5.21716145235,68.577730806612));
#1696 = CARTESIAN_POINT('',(5.215157865262,68.465462847582));
#1697 = CARTESIAN_POINT('',(5.21363239543,68.348348268754));
#1698 = CARTESIAN_POINT('',(5.212649823734,68.227291955289));
#1699 = CARTESIAN_POINT('',(5.212271142255,68.103638954499));
#1700 = CARTESIAN_POINT('',(5.212566259986,67.978491325979));
#1701 = CARTESIAN_POINT('',(5.213566787809,67.85526524536));
#1702 = CARTESIAN_POINT('',(5.215191122976,67.737392929958));
#1703 = CARTESIAN_POINT('',(5.21737719618,67.625579437302));
#1704 = CARTESIAN_POINT('',(5.220044758252,67.520637105446));
#1705 = CARTESIAN_POINT('',(5.223116096825,67.422877583903));
#1706 = CARTESIAN_POINT('',(5.226517107833,67.332391316155));
#1707 = CARTESIAN_POINT('',(5.230184236139,67.249024175432));
#1708 = CARTESIAN_POINT('',(5.23405840192,67.172551883626));
#1709 = CARTESIAN_POINT('',(5.23811936192,67.102289711879));
#1710 = CARTESIAN_POINT('',(5.242183406202,67.040085684222));
#1711 = CARTESIAN_POINT('',(5.246255910418,66.984436996054));
#1712 = CARTESIAN_POINT('',(5.250330938999,66.934528579701));
#1713 = CARTESIAN_POINT('',(5.254407206145,66.889666628318));
#1714 = CARTESIAN_POINT('',(5.258485179694,66.84932717961));
#1715 = CARTESIAN_POINT('',(5.262555002726,66.813170636333));
#1716 = CARTESIAN_POINT('',(5.266673009026,66.780429381535));
#1717 = CARTESIAN_POINT('',(5.270829998687,66.751047002858));
#1718 = CARTESIAN_POINT('',(5.275021976971,66.724923883672));
#1719 = CARTESIAN_POINT('',(5.279243981538,66.701994288097));
#1720 = CARTESIAN_POINT('',(5.283491696249,66.682202119183));
#1721 = CARTESIAN_POINT('',(5.287760987098,66.665504678067));
#1722 = CARTESIAN_POINT('',(5.292048002638,66.651869685848));
#1723 = CARTESIAN_POINT('',(5.296349126502,66.641274641015));
#1724 = CARTESIAN_POINT('',(5.300660981848,66.633706406163));
#1725 = CARTESIAN_POINT('',(5.304980393558,66.629159822305));
#1726 = CARTESIAN_POINT('',(5.307863116379,66.628147746821));
#1727 = CARTESIAN_POINT('',(5.309304762032,66.62814702038));
#1728 = ( GEOMETRIC_REPRESENTATION_CONTEXT(2) 
PARAMETRIC_REPRESENTATION_CONTEXT() REPRESENTATION_CONTEXT('2D SPACE',''
  ) );
#1729 = PCURVE('',#1730,#1735);
#1730 = CYLINDRICAL_SURFACE('',#1731,1.65);
#1731 = AXIS2_PLACEMENT_3D('',#1732,#1733,#1734);
#1732 = CARTESIAN_POINT('',(52.,24.,6.));
#1733 = DIRECTION('',(0.,0.,1.));
#1734 = DIRECTION('',(1.,0.,-0.));
#1735 = DEFINITIONAL_REPRESENTATION('',(#1736),#1850);
#1736 = B_SPLINE_CURVE_WITH_KNOTS('',3,(#1737,#1738,#1739,#1740,#1741,
    #1742,#1743,#1744,#1745,#1746,#1747,#1748,#1749,#1750,#1751,#1752,
    #1753,#1754,#1755,#1756,#1757,#1758,#1759,#1760,#1761,#1762,#1763,
    #1764,#1765,#1766,#1767,#1768,#1769,#1770,#1771,#1772,#1773,#1774,
    #1775,#1776,#1777,#1778,#1779,#1780,#1781,#1782,#1783,#1784,#1785,
    #1786,#1787,#1788,#1789,#1790,#1791,#1792,#1793,#1794,#1795,#1796,
    #1797,#1798,#1799,#1800,#1801,#1802,#1803,#1804,#1805,#1806,#1807,
    #1808,#1809,#1810,#1811,#1812,#1813,#1814,#1815,#1816,#1817,#1818,
    #1819,#1820,#1821,#1822,#1823,#1824,#1825,#1826,#1827,#1828,#1829,
    #1830,#1831,#1832,#1833,#1834,#1835,#1836,#1837,#1838,#1839,#1840,
    #1841,#1842,#1843,#1844,#1845,#1846,#1847,#1848,#1849),
  .UNSPECIFIED.,.F.,.F.,(4,1,1,1,1,1,1,1,1,1,1,1,1,1,1,1,1,1,1,1,1,1,1,1
    ,1,1,1,1,1,1,1,1,1,1,1,1,1,1,1,1,1,1,1,1,1,1,1,1,1,1,1,1,1,1,1,1,1,1
    ,1,1,1,1,1,1,1,1,1,1,1,1,1,1,1,1,1,1,1,1,1,1,1,1,1,1,1,1,1,1,1,1,1,1
    ,1,1,1,1,1,1,1,1,1,1,1,1,1,1,1,1,1,1,4),(0.,1.190386093244E-02,
    2.380772186489E-02,3.571158279733E-02,4.761544372977E-02,
    5.951930466222E-02,7.142316559466E-02,8.33270265271E-02,
    9.523088745954E-02,0.107134748392,0.119038609324,0.130942470257,
    0.142846331189,0.154750192122,0.166654053054,0.178557913987,
    0.190461774919,0.202365635852,0.214269496784,0.226173357716,
    0.238077218649,0.249981079581,0.261884940514,0.273788801446,
    0.285692662379,0.297596523311,0.309500384244,0.321404245176,
    0.333308106108,0.345211967041,0.357115827973,0.369019688906,
    0.380923549838,0.392827410771,0.404731271703,0.416635132636,
    0.428538993568,0.4404428545,0.452346715433,0.464250576365,
    0.476154437298,0.48805829823,0.499962159163,0.511866020095,
    0.523769881027,0.53567374196,0.547577602892,0.559481463825,
    0.571385324757,0.58328918569,0.595193046622,0.607096907555,
    0.619000768487,0.630904629419,0.642808490352,0.654712351284,
    0.666616212217,0.678520073149,0.690423934082,0.702327795014,
    0.714231655947,0.726135516879,0.738039377811,0.749943238744,
    0.761847099676,0.773750960609,0.785654821541,0.797558682474,
    0.809462543406,0.821366404339,0.833270265271,0.845174126203,
    0.857077987136,0.868981848068,0.880885709001,0.892789569933,
    0.904693430866,0.916597291798,0.928501152731,0.940405013663,
    0.952308874595,0.964212735528,0.97611659646,0.988020457393,
    0.999924318325,1.011828179258,1.02373204019,1.035635901123,
    1.047539762055,1.059443622987,1.07134748392,1.083251344852,
    1.095155205785,1.107059066717,1.11896292765,1.130866788582,
    1.142770649515,1.154674510447,1.166578371379,1.178482232312,
    1.190386093244,1.202289954177,1.214193815109,1.226097676042,
    1.238001536974,1.249905397907,1.261809258839,1.273713119771,
    1.285616980704,1.297520841636,1.309424702569),
  .QUASI_UNIFORM_KNOTS.);
#1737 = CARTESIAN_POINT('',(6.28318530718,10.310845486643));
#1738 = CARTESIAN_POINT('',(6.267049477298,10.350020644543));
#1739 = CARTESIAN_POINT('',(6.234757538192,10.428322411816));
#1740 = CARTESIAN_POINT('',(6.18618480452,10.545541886588));
#1741 = CARTESIAN_POINT('',(6.137401112453,10.662446305535));
#1742 = CARTESIAN_POINT('',(6.088337841008,10.778934010957));
#1743 = CARTESIAN_POINT('',(6.038929687078,10.894890672704));
#1744 = CARTESIAN_POINT('',(5.989114391029,11.010187571411));
#1745 = CARTESIAN_POINT('',(5.938831525438,11.124682169154));
#1746 = CARTESIAN_POINT('',(5.888021576457,11.238218004471));
#1747 = CARTESIAN_POINT('',(5.836624933214,11.350624699979));
#1748 = CARTESIAN_POINT('',(5.784580826761,11.461717865001));
#1749 = CARTESIAN_POINT('',(5.731826176062,11.571298874073));
#1750 = CARTESIAN_POINT('',(5.678294161666,11.679154640843));
#1751 = CARTESIAN_POINT('',(5.623912878583,11.785056680275));
#1752 = CARTESIAN_POINT('',(5.568602281284,11.888761846403));
#1753 = CARTESIAN_POINT('',(5.512275459738,11.99000550872));
#1754 = CARTESIAN_POINT('',(5.454820888865,12.08852125908));
#1755 = CARTESIAN_POINT('',(5.396228176263,12.18383166896));
#1756 = CARTESIAN_POINT('',(5.336401836962,12.275569300598));
#1757 = CARTESIAN_POINT('',(5.27527053925,12.363278458094));
#1758 = CARTESIAN_POINT('',(5.212769057855,12.446451540567));
#1759 = CARTESIAN_POINT('',(5.148839910698,12.524525851236));
#1760 = CARTESIAN_POINT('',(5.083435801423,12.596887967131));
#1761 = CARTESIAN_POINT('',(5.016500127276,12.662885934432));
#1762 = CARTESIAN_POINT('',(4.94803543658,12.721801124717));
#1763 = CARTESIAN_POINT('',(4.877581632638,12.773182068431));
#1764 = CARTESIAN_POINT('',(4.805521195682,12.81585047535));
#1765 = CARTESIAN_POINT('',(4.73211461062,12.848914959695));
#1766 = CARTESIAN_POINT('',(4.657632414941,12.871618919567));
#1767 = CARTESIAN_POINT('',(4.582334549739,12.88337900417));
#1768 = CARTESIAN_POINT('',(4.506490067643,12.883784140599));
#1769 = CARTESIAN_POINT('',(4.430387691318,12.872617452116));
#1770 = CARTESIAN_POINT('',(4.354348341542,12.849881768357));
#1771 = CARTESIAN_POINT('',(4.278750937215,12.815843593867));
#1772 = CARTESIAN_POINT('',(4.204020896105,12.771055368858));
#1773 = CARTESIAN_POINT('',(4.130776966132,12.716501820249));
#1774 = CARTESIAN_POINT('',(4.059370522962,12.653312223358));
#1775 = CARTESIAN_POINT('',(3.989708052949,12.582301558295));
#1776 = CARTESIAN_POINT('',(3.92178355301,12.504317532693));
#1777 = CARTESIAN_POINT('',(3.855559537509,12.420155052262));
#1778 = CARTESIAN_POINT('',(3.790999745804,12.330572156271));
#1779 = CARTESIAN_POINT('',(3.728060479423,12.236279384305));
#1780 = CARTESIAN_POINT('',(3.666692497694,12.137936699523));
#1781 = CARTESIAN_POINT('',(3.606839698421,12.036148677137));
#1782 = CARTESIAN_POINT('',(3.548438368477,11.931460342763));
#1783 = CARTESIAN_POINT('',(3.491416027038,11.824352926625));
#1784 = CARTESIAN_POINT('',(3.435690186033,11.71523976706));
#1785 = CARTESIAN_POINT('',(3.381166773309,11.604462014242));
#1786 = CARTESIAN_POINT('',(3.327738901888,11.492285316286));
#1787 = CARTESIAN_POINT('',(3.275283473863,11.378893296175));
#1788 = CARTESIAN_POINT('',(3.223664973966,11.26439376023));
#1789 = CARTESIAN_POINT('',(3.172871810398,11.149137806264));
#1790 = CARTESIAN_POINT('',(3.122797127729,11.033240629401));
#1791 = CARTESIAN_POINT('',(3.073363297746,10.916855638493));
#1792 = CARTESIAN_POINT('',(3.024492107787,10.800114949468));
#1793 = CARTESIAN_POINT('',(2.976110550591,10.68314567156));
#1794 = CARTESIAN_POINT('',(2.928147404338,10.566065862007));
#1795 = CARTESIAN_POINT('',(2.88053246707,10.448985842901));
#1796 = CARTESIAN_POINT('',(2.833195297738,10.332008332642));
#1797 = CARTESIAN_POINT('',(2.786063746837,10.215227991231));
#1798 = CARTESIAN_POINT('',(2.739063918707,10.098734632839));
#1799 = CARTESIAN_POINT('',(2.692114418586,9.98260259537));
#1800 = CARTESIAN_POINT('',(2.645156758619,9.866969619971));
#1801 = CARTESIAN_POINT('',(2.598111202343,9.751931229206));
#1802 = CARTESIAN_POINT('',(2.550898795276,9.63759977));
#1803 = CARTESIAN_POINT('',(2.50343680117,9.524097749295));
#1804 = CARTESIAN_POINT('',(2.455638007597,9.411561649712));
#1805 = CARTESIAN_POINT('',(2.407406673995,9.300138760095));
#1806 = CARTESIAN_POINT('',(2.358642000674,9.190003341064));
#1807 = CARTESIAN_POINT('',(2.309257444395,9.081405380569));
#1808 = CARTESIAN_POINT('',(2.259102759318,8.974509510657));
#1809 = CARTESIAN_POINT('',(2.208039544169,8.86958062428));
#1810 = CARTESIAN_POINT('',(2.155919675611,8.766946782715));
#1811 = CARTESIAN_POINT('',(2.102585023093,8.667018932911));
#1812 = CARTESIAN_POINT('',(2.04785639338,8.570275124587));
#1813 = CARTESIAN_POINT('',(1.991533810953,8.477343547477));
#1814 = CARTESIAN_POINT('',(1.933345765338,8.388746328766));
#1815 = CARTESIAN_POINT('',(1.872813526679,8.304861651001));
#1816 = CARTESIAN_POINT('',(1.809806448338,8.2277494373));
#1817 = CARTESIAN_POINT('',(1.744215906288,8.159092621142));
#1818 = CARTESIAN_POINT('',(1.676051646401,8.100655583089));
#1819 = CARTESIAN_POINT('',(1.605446222249,8.054156200451));
#1820 = CARTESIAN_POINT('',(1.532638098446,8.021319211912));
#1821 = CARTESIAN_POINT('',(1.458081946624,8.003790709363));
#1822 = CARTESIAN_POINT('',(1.382002942634,8.003426805928));
#1823 = CARTESIAN_POINT('',(1.305965164597,8.02122447205));
#1824 = CARTESIAN_POINT('',(1.23173420849,8.055244388094));
#1825 = CARTESIAN_POINT('',(1.159472167597,8.103888615238));
#1826 = CARTESIAN_POINT('',(1.089510112079,8.165097835398));
#1827 = CARTESIAN_POINT('',(1.021950769805,8.236854481297));
#1828 = CARTESIAN_POINT('',(0.956827454078,8.317229104548));
#1829 = CARTESIAN_POINT('',(0.89405783965,8.404555941841));
#1830 = CARTESIAN_POINT('',(0.833566520876,8.497291920907));
#1831 = CARTESIAN_POINT('',(0.77487629024,8.594848468418));
#1832 = CARTESIAN_POINT('',(0.71979181165,8.692714819573));
#1833 = CARTESIAN_POINT('',(0.667416466419,8.790937216595));
#1834 = CARTESIAN_POINT('',(0.617289498773,8.889317501567));
#1835 = CARTESIAN_POINT('',(0.569004121801,8.987783126889));
#1836 = CARTESIAN_POINT('',(0.522236344234,9.086314613276));
#1837 = CARTESIAN_POINT('',(0.476835527898,9.184650310596));
#1838 = CARTESIAN_POINT('',(0.431981795736,9.284132974846));
#1839 = CARTESIAN_POINT('',(0.387634926985,9.384525009506));
#1840 = CARTESIAN_POINT('',(0.343704807065,9.485717277734));
#1841 = CARTESIAN_POINT('',(0.300125487609,9.587579652463));
#1842 = CARTESIAN_POINT('',(0.25683288048,9.689999760637));
#1843 = CARTESIAN_POINT('',(0.213768743222,9.792871569744));
#1844 = CARTESIAN_POINT('',(0.17087797638,9.896097660037));
#1845 = CARTESIAN_POINT('',(0.128107980758,9.999587942777));
#1846 = CARTESIAN_POINT('',(8.540761131543E-02,10.103259721682));
#1847 = CARTESIAN_POINT('',(4.272645942636E-02,10.207036530505));
#1848 = CARTESIAN_POINT('',(1.425129629603E-02,10.276246110082));
#1849 = CARTESIAN_POINT('',(-8.881784197001E-16,10.310845486643));
#1850 = ( GEOMETRIC_REPRESENTATION_CONTEXT(2) 
PARAMETRIC_REPRESENTATION_CONTEXT() REPRESENTATION_CONTEXT('2D SPACE',''
  ) );
#1851 = FACE_BOUND('',#1852,.F.);
#1852 = EDGE_LOOP('',(#1853));
#1853 = ORIENTED_EDGE('',*,*,#1854,.F.);
#1854 = EDGE_CURVE('',#1855,#1855,#1857,.T.);
#1855 = VERTEX_POINT('',#1856);
#1856 = CARTESIAN_POINT('',(53.65,-24.,16.310845486643));
#1857 = SURFACE_CURVE('',#1858,(#1945,#2062),.PCURVE_S1.);
#1858 = B_SPLINE_CURVE_WITH_KNOTS('',8,(#1859,#1860,#1861,#1862,#1863,
    #1864,#1865,#1866,#1867,#1868,#1869,#1870,#1871,#1872,#1873,#1874,
    #1875,#1876,#1877,#1878,#1879,#1880,#1881,#1882,#1883,#1884,#1885,
    #1886,#1887,#1888,#1889,#1890,#1891,#1892,#1893,#1894,#1895,#1896,
    #1897,#1898,#1899,#1900,#1901,#1902,#1903,#1904,#1905,#1906,#1907,
    #1908,#1909,#1910,#1911,#1912,#1913,#1914,#1915,#1916,#1917,#1918,
    #1919,#1920,#1921,#1922,#1923,#1924,#1925,#1926,#1927,#1928,#1929,
    #1930,#1931,#1932,#1933,#1934,#1935,#1936,#1937,#1938,#1939,#1940,
    #1941,#1942,#1943,#1944),.UNSPECIFIED.,.T.,.F.,(9,7,7,7,7,7,7,7,7,7,
    7,7,9),(0.,8.894128035226E-02,0.180931459703,0.279554003685,
    0.392013361944,0.478570695924,0.554768649026,0.68538834755,
    0.787893701832,0.893403292239,1.,1.157856900329,1.261764444493),
  .UNSPECIFIED.);
#1859 = CARTESIAN_POINT('',(53.65,-24.,16.310845486643));
#1860 = CARTESIAN_POINT('',(53.65,-24.0766892228,16.198003920656));
#1861 = CARTESIAN_POINT('',(53.64592627902,-24.15321007478,
    16.085102151157));
#1862 = CARTESIAN_POINT('',(53.637810731994,-24.22946599476,
    15.972275931959));
#1863 = CARTESIAN_POINT('',(53.625656109563,-24.30536089353,
    15.859675971155));
#1864 = CARTESIAN_POINT('',(53.609440093962,-24.38079907592,
    15.747467910232));
#1865 = CARTESIAN_POINT('',(53.58911194747,-24.45568523839,
    15.635834135184));
#1866 = CARTESIAN_POINT('',(53.564581733419,-24.52992454223,
    15.52497741962));
#1867 = CARTESIAN_POINT('',(53.505832495277,-24.67944049457,
    15.301509697157));
#1868 = CARTESIAN_POINT('',(53.471336855168,-24.75459785937,
    15.189069818971));
#1869 = CARTESIAN_POINT('',(53.432041400585,-24.82884966655,
    15.077972709918));
#1870 = CARTESIAN_POINT('',(53.387719033687,-24.90208041372,
    14.968517589341));
#1871 = CARTESIAN_POINT('',(53.338079310981,-24.97410419568,
    14.861153707304));
#1872 = CARTESIAN_POINT('',(53.282778852363,-25.04467100493,
    14.756478881593));
#1873 = CARTESIAN_POINT('',(53.221384516929,-25.11346448261,
    14.655264207441));
#1874 = CARTESIAN_POINT('',(53.080144369095,-25.25149048602,
    14.454861447273));
#1875 = CARTESIAN_POINT('',(52.999363562324,-25.32032287115,
    14.356453467633));
#1876 = CARTESIAN_POINT('',(52.909877448901,-25.38626215051,
    14.264323662707));
#1877 = CARTESIAN_POINT('',(52.810909801719,-25.44822052333,
    14.18079745099));
#1878 = CARTESIAN_POINT('',(52.702105842506,-25.50442352953,
    14.109415074376));
#1879 = CARTESIAN_POINT('',(52.583879241351,-25.55279925018,
    14.054265951681));
#1880 = CARTESIAN_POINT('',(52.457550500409,-25.59086687128,
    14.019901775949));
#1881 = CARTESIAN_POINT('',(52.178376132317,-25.64733416075,
    13.994181610044));
#1882 = CARTESIAN_POINT('',(52.027546357334,-25.66155588587,
    14.009851507214));
#1883 = CARTESIAN_POINT('',(51.881305253695,-25.65905200645,
    14.054905166624));
#1884 = CARTESIAN_POINT('',(51.742949672624,-25.64250791173,
    14.123245604936));
#1885 = CARTESIAN_POINT('',(51.614080196047,-25.61483659158,
    14.20856901969));
#1886 = CARTESIAN_POINT('',(51.495179831504,-25.5784736601,
    14.305868981406));
#1887 = CARTESIAN_POINT('',(51.38574536523,-25.53550691723,
    14.411321573232));
#1888 = CARTESIAN_POINT('',(51.206809670756,-25.44941629314,
    14.609538806723));
#1889 = CARTESIAN_POINT('',(51.133781049284,-25.4085476809,
    14.699774552514));
#1890 = CARTESIAN_POINT('',(51.065131705688,-25.36471069632,
    14.793218927348));
#1891 = CARTESIAN_POINT('',(51.000588083651,-25.31824073637,
    14.889257068587));
#1892 = CARTESIAN_POINT('',(50.93993063911,-25.26940075306,
    14.98740822791));
#1893 = CARTESIAN_POINT('',(50.882968587681,-25.2183930944,
    15.087305594756));
#1894 = CARTESIAN_POINT('',(50.829541616309,-25.16535575949,
    15.188695080281));
#1895 = CARTESIAN_POINT('',(50.735471242491,-25.06195580118,
    15.381857500568));
#1896 = CARTESIAN_POINT('',(50.694087774316,-25.01205972184,
    15.473278692332));
#1897 = CARTESIAN_POINT('',(50.655283436287,-24.96075216095,
    15.565542658822));
#1898 = CARTESIAN_POINT('',(50.61900856574,-24.90809605531,
    15.658523420422));
#1899 = CARTESIAN_POINT('',(50.585234866255,-24.85414476103,
    15.752110101559));
#1900 = CARTESIAN_POINT('',(50.553950658908,-24.79894371464,
    15.846204571708));
#1901 = CARTESIAN_POINT('',(50.525159152828,-24.74253094797,
    15.940720248693));
#1902 = CARTESIAN_POINT('',(50.453831154523,-24.58620709834,
    16.198195641891));
#1903 = CARTESIAN_POINT('',(50.416190869519,-24.48406417459,
    16.361729320389));
#1904 = CARTESIAN_POINT('',(50.386024433788,-24.37862820766,
    16.525864895283));
#1905 = CARTESIAN_POINT('',(50.363584730761,-24.27003931484,
    16.690229749694));
#1906 = CARTESIAN_POINT('',(50.349271562868,-24.15847802203,
    16.854382816817));
#1907 = CARTESIAN_POINT('',(50.343607886127,-24.0441790947,
    17.017810833426));
#1908 = CARTESIAN_POINT('',(50.347260988501,-23.9274388184,
    17.179925341329));
#1909 = CARTESIAN_POINT('',(50.372026204552,-23.71536867376,
    17.465711315936));
#1910 = CARTESIAN_POINT('',(50.389199323384,-23.6209415006,
    17.590008356151));
#1911 = CARTESIAN_POINT('',(50.413076461622,-23.52547222576,
    17.712674937972));
#1912 = CARTESIAN_POINT('',(50.444166061209,-23.42923953487,
    17.833246472471));
#1913 = CARTESIAN_POINT('',(50.48303824669,-23.33267819302,
    17.95106722123));
#1914 = CARTESIAN_POINT('',(50.530290071014,-23.23639045277,
    18.065303445878));
#1915 = CARTESIAN_POINT('',(50.58652493442,-23.14115757234,
    18.174949126283));
#1916 = CARTESIAN_POINT('',(50.720141893683,-22.9520210908,
    18.385714897503));
#1917 = CARTESIAN_POINT('',(50.798207726751,-22.85807936729,
    18.486667991566));
#1918 = CARTESIAN_POINT('',(50.887066522531,-22.76755145534,
    18.579946109287));
#1919 = CARTESIAN_POINT('',(50.98693163225,-22.68221260415,
    18.663537414274));
#1920 = CARTESIAN_POINT('',(51.097572155327,-22.60412637056,
    18.735271326695));
#1921 = CARTESIAN_POINT('',(51.218101814641,-22.53543287568,
    18.793101866646));
#1922 = CARTESIAN_POINT('',(51.346851910361,-22.47822589515,
    18.835174841616));
#1923 = CARTESIAN_POINT('',(51.616023752904,-22.38898377948,
    18.886559168371));
#1924 = CARTESIAN_POINT('',(51.756701330256,-22.35716556245,
    18.895555503389));
#1925 = CARTESIAN_POINT('',(51.899366546708,-22.33987670818,
    18.886844687643));
#1926 = CARTESIAN_POINT('',(52.041086913121,-22.33703450987,
    18.861223701209));
#1927 = CARTESIAN_POINT('',(52.179413755151,-22.34777872055,
    18.820128196143));
#1928 = CARTESIAN_POINT('',(52.31239067355,-22.37078373271,
    18.765328304817));
#1929 = CARTESIAN_POINT('',(52.438557224183,-22.40438627934,
    18.698883902484));
#1930 = CARTESIAN_POINT('',(52.732242370624,-22.50969641974,
    18.510339819484));
#1931 = CARTESIAN_POINT('',(52.890901029123,-22.5921085072,
    18.376570007699));
#1932 = CARTESIAN_POINT('',(53.032387218902,-22.6895413392,
    18.22640837799));
#1933 = CARTESIAN_POINT('',(53.156448683661,-22.79833886676,
    18.063611203075));
#1934 = CARTESIAN_POINT('',(53.263576904983,-22.91532123271,
    17.891426349912));
#1935 = CARTESIAN_POINT('',(53.354562521429,-23.03810836069,
    17.712292846741));
#1936 = CARTESIAN_POINT('',(53.430399925344,-23.16502183851,
    17.527880555487));
#1937 = CARTESIAN_POINT('',(53.532387311805,-23.38091029688,
    17.214438900054));
#1938 = CARTESIAN_POINT('',(53.566595235836,-23.46788829718,
    17.088223418535));
#1939 = CARTESIAN_POINT('',(53.594746961299,-23.55579494047,
    16.960563956009));
#1940 = CARTESIAN_POINT('',(53.617024121227,-23.64432547287,
    16.831780570948));
#1941 = CARTESIAN_POINT('',(53.633580028242,-23.73321720598,
    16.702165100314));
#1942 = CARTESIAN_POINT('',(53.644541123513,-23.82224586852,
    16.571982620722));
#1943 = CARTESIAN_POINT('',(53.65,-23.91122380193,16.441471992504));
#1944 = CARTESIAN_POINT('',(53.65,-24.,16.310845486643));
#1945 = PCURVE('',#101,#1946);
#1946 = DEFINITIONAL_REPRESENTATION('',(#1947),#2061);
#1947 = B_SPLINE_CURVE_WITH_KNOTS('',3,(#1948,#1949,#1950,#1951,#1952,
    #1953,#1954,#1955,#1956,#1957,#1958,#1959,#1960,#1961,#1962,#1963,
    #1964,#1965,#1966,#1967,#1968,#1969,#1970,#1971,#1972,#1973,#1974,
    #1975,#1976,#1977,#1978,#1979,#1980,#1981,#1982,#1983,#1984,#1985,
    #1986,#1987,#1988,#1989,#1990,#1991,#1992,#1993,#1994,#1995,#1996,
    #1997,#1998,#1999,#2000,#2001,#2002,#2003,#2004,#2005,#2006,#2007,
    #2008,#2009,#2010,#2011,#2012,#2013,#2014,#2015,#2016,#2017,#2018,
    #2019,#2020,#2021,#2022,#2023,#2024,#2025,#2026,#2027,#2028,#2029,
    #2030,#2031,#2032,#2033,#2034,#2035,#2036,#2037,#2038,#2039,#2040,
    #2041,#2042,#2043,#2044,#2045,#2046,#2047,#2048,#2049,#2050,#2051,
    #2052,#2053,#2054,#2055,#2056,#2057,#2058,#2059,#2060),
  .UNSPECIFIED.,.T.,.F.,(4,1,1,1,1,1,1,1,1,1,1,1,1,1,1,1,1,1,1,1,1,1,1,1
    ,1,1,1,1,1,1,1,1,1,1,1,1,1,1,1,1,1,1,1,1,1,1,1,1,1,1,1,1,1,1,1,1,1,1
    ,1,1,1,1,1,1,1,1,1,1,1,1,1,1,1,1,1,1,1,1,1,1,1,1,1,1,1,1,1,1,1,1,1,1
    ,1,1,1,1,1,1,1,1,1,1,1,1,1,1,1,1,1,1,4),(0.,1.147058585903E-02,
    2.294117171805E-02,3.441175757708E-02,4.588234343611E-02,
    5.735292929514E-02,6.882351515416E-02,8.029410101319E-02,
    9.176468687222E-02,0.103235272731,0.11470585859,0.126176444449,
    0.137647030308,0.149117616167,0.160588202026,0.172058787885,
    0.183529373744,0.194999959603,0.206470545462,0.217941131322,
    0.229411717181,0.24088230304,0.252352888899,0.263823474758,
    0.275294060617,0.286764646476,0.298235232335,0.309705818194,
    0.321176404053,0.332646989912,0.344117575771,0.35558816163,
    0.367058747489,0.378529333348,0.389999919207,0.401470505066,
    0.412941090925,0.424411676784,0.435882262643,0.447352848502,
    0.458823434361,0.47029402022,0.481764606079,0.493235191938,
    0.504705777797,0.516176363656,0.527646949515,0.539117535374,
    0.550588121233,0.562058707092,0.573529292951,0.58499987881,
    0.596470464669,0.607941050528,0.619411636387,0.630882222247,
    0.642352808106,0.653823393965,0.665293979824,0.676764565683,
    0.688235151542,0.699705737401,0.71117632326,0.722646909119,
    0.734117494978,0.745588080837,0.757058666696,0.768529252555,
    0.779999838414,0.791470424273,0.802941010132,0.814411595991,
    0.82588218185,0.837352767709,0.848823353568,0.860293939427,
    0.871764525286,0.883235111145,0.894705697004,0.906176282863,
    0.917646868722,0.929117454581,0.94058804044,0.952058626299,
    0.963529212158,0.974999798017,0.986470383876,0.997940969735,
    1.009411555594,1.020882141453,1.032352727312,1.043823313171,
    1.055293899031,1.06676448489,1.078235070749,1.089705656608,
    1.101176242467,1.112646828326,1.124117414185,1.135588000044,
    1.147058585903,1.158529171762,1.169999757621,1.18147034348,
    1.192940929339,1.204411515198,1.215882101057,1.227352686916,
    1.238823272775,1.250293858634,1.261764444493),
  .QUASI_UNIFORM_KNOTS.);
#1948 = CARTESIAN_POINT('',(7.257065852327,66.62814702038));
#1949 = CARTESIAN_POINT('',(7.25868283136,66.628148106087));
#1950 = CARTESIAN_POINT('',(7.261916372008,66.62942110065));
#1951 = CARTESIAN_POINT('',(7.266760833291,66.635140906582));
#1952 = CARTESIAN_POINT('',(7.271594925762,66.644663746969));
#1953 = CARTESIAN_POINT('',(7.276413856203,66.658000277123));
#1954 = CARTESIAN_POINT('',(7.281212615571,66.675173531866));
#1955 = CARTESIAN_POINT('',(7.285986016228,66.696222592664));
#1956 = CARTESIAN_POINT('',(7.290728373431,66.721202145885));
#1957 = CARTESIAN_POINT('',(7.295434601079,66.750193417921));
#1958 = CARTESIAN_POINT('',(7.300095347413,66.78327371613));
#1959 = CARTESIAN_POINT('',(7.304704827176,66.820570363146));
#1960 = CARTESIAN_POINT('',(7.309255494538,66.862238391118));
#1961 = CARTESIAN_POINT('',(7.313737420407,66.908456643397));
#1962 = CARTESIAN_POINT('',(7.318138354288,66.959431639281));
#1963 = CARTESIAN_POINT('',(7.322443603662,67.015403318792));
#1964 = CARTESIAN_POINT('',(7.326635676447,67.076651237242));
#1965 = CARTESIAN_POINT('',(7.330694592464,67.143520545324));
#1966 = CARTESIAN_POINT('',(7.334594656718,67.216391553913));
#1967 = CARTESIAN_POINT('',(7.338305987319,67.295743076105));
#1968 = CARTESIAN_POINT('',(7.341783545615,67.381940771385));
#1969 = CARTESIAN_POINT('',(7.344969768346,67.475204388288));
#1970 = CARTESIAN_POINT('',(7.347796945342,67.575562719523));
#1971 = CARTESIAN_POINT('',(7.350190697599,67.682801435957));
#1972 = CARTESIAN_POINT('',(7.352074020221,67.796389808348));
#1973 = CARTESIAN_POINT('',(7.353375413599,67.915395618632));
#1974 = CARTESIAN_POINT('',(7.354031877905,68.038305694906));
#1975 = CARTESIAN_POINT('',(7.354020024137,68.160724034436));
#1976 = CARTESIAN_POINT('',(7.353380980236,68.281232217246));
#1977 = CARTESIAN_POINT('',(7.352170086408,68.398412121149));
#1978 = CARTESIAN_POINT('',(7.350455097839,68.511331950793));
#1979 = CARTESIAN_POINT('',(7.348306636292,68.619332421381));
#1980 = CARTESIAN_POINT('',(7.3457935172,68.722019806021));
#1981 = CARTESIAN_POINT('',(7.342978994562,68.819216588839));
#1982 = CARTESIAN_POINT('',(7.33991792644,68.910941859423));
#1983 = CARTESIAN_POINT('',(7.336655624082,68.997363322154));
#1984 = CARTESIAN_POINT('',(7.333222161257,69.078862171604));
#1985 = CARTESIAN_POINT('',(7.329635415989,69.155890580702));
#1986 = CARTESIAN_POINT('',(7.325916674162,69.228659885296));
#1987 = CARTESIAN_POINT('',(7.322082347985,69.297387277385));
#1988 = CARTESIAN_POINT('',(7.318146592878,69.362248422262));
#1989 = CARTESIAN_POINT('',(7.314120877308,69.423401238258));
#1990 = CARTESIAN_POINT('',(7.310014578852,69.480982552104));
#1991 = CARTESIAN_POINT('',(7.305833986477,69.535124618079));
#1992 = CARTESIAN_POINT('',(7.301586945367,69.585900411167));
#1993 = CARTESIAN_POINT('',(7.297279536274,69.633376986249));
#1994 = CARTESIAN_POINT('',(7.292916688761,69.677607477538));
#1995 = CARTESIAN_POINT('',(7.288502964921,69.718625304792));
#1996 = CARTESIAN_POINT('',(7.284042416105,69.756448465312));
#1997 = CARTESIAN_POINT('',(7.279538635898,69.791080658875));
#1998 = CARTESIAN_POINT('',(7.274994878323,69.822510713103));
#1999 = CARTESIAN_POINT('',(7.270415551203,69.850705472139));
#2000 = CARTESIAN_POINT('',(7.265802803606,69.875632275569));
#2001 = CARTESIAN_POINT('',(7.261159476963,69.897238084795));
#2002 = CARTESIAN_POINT('',(7.256488525107,69.915455064952));
#2003 = CARTESIAN_POINT('',(7.251793191328,69.930200065985));
#2004 = CARTESIAN_POINT('',(7.247076982156,69.941375346864));
#2005 = CARTESIAN_POINT('',(7.242343684911,69.948868487641));
#2006 = CARTESIAN_POINT('',(7.237597403615,69.952552089202));
#2007 = CARTESIAN_POINT('',(7.232842470382,69.952282639062));
#2008 = CARTESIAN_POINT('',(7.228083831594,69.947900152111));
#2009 = CARTESIAN_POINT('',(7.22332565692,69.939222494395));
#2010 = CARTESIAN_POINT('',(7.218577325329,69.92605855328));
#2011 = CARTESIAN_POINT('',(7.213845360242,69.908194627456));
#2012 = CARTESIAN_POINT('',(7.209137770256,69.88539485374));
#2013 = CARTESIAN_POINT('',(7.204464923495,69.857408226794));
#2014 = CARTESIAN_POINT('',(7.199839327294,69.823971003428));
#2015 = CARTESIAN_POINT('',(7.195275684023,69.784809574042));
#2016 = CARTESIAN_POINT('',(7.190790967477,69.73964414829));
#2017 = CARTESIAN_POINT('',(7.186404195553,69.688185585941));
#2018 = CARTESIAN_POINT('',(7.18213747593,69.630154504891));
#2019 = CARTESIAN_POINT('',(7.178011055461,69.565193365404));
#2020 = CARTESIAN_POINT('',(7.174060501083,69.493143631438));
#2021 = CARTESIAN_POINT('',(7.170323751377,69.413937500688));
#2022 = CARTESIAN_POINT('',(7.166840929704,69.32761555676));
#2023 = CARTESIAN_POINT('',(7.163653306297,69.234346453603));
#2024 = CARTESIAN_POINT('',(7.160802311829,69.134447519284));
#2025 = CARTESIAN_POINT('',(7.158328312716,69.02841014019));
#2026 = CARTESIAN_POINT('',(7.156268998242,68.91692258565));
#2027 = CARTESIAN_POINT('',(7.154657589579,68.800926190085));
#2028 = CARTESIAN_POINT('',(7.153519185498,68.681578752732));
#2029 = CARTESIAN_POINT('',(7.152867747485,68.560240364892));
#2030 = CARTESIAN_POINT('',(7.152703806689,68.438176792058));
#2031 = CARTESIAN_POINT('',(7.153017512694,68.31653991359));
#2032 = CARTESIAN_POINT('',(7.153790890043,68.19637239885));
#2033 = CARTESIAN_POINT('',(7.154999607457,68.078605765313));
#2034 = CARTESIAN_POINT('',(7.156614342206,67.964060803537));
#2035 = CARTESIAN_POINT('',(7.158601870974,67.853445840179));
#2036 = CARTESIAN_POINT('',(7.160926044471,67.747362414283));
#2037 = CARTESIAN_POINT('',(7.163548651305,67.646284963355));
#2038 = CARTESIAN_POINT('',(7.166442793565,67.550201133155));
#2039 = CARTESIAN_POINT('',(7.169581813953,67.459176044479));
#2040 = CARTESIAN_POINT('',(7.172941181509,67.373231560682));
#2041 = CARTESIAN_POINT('',(7.176497895404,67.292373484784));
#2042 = CARTESIAN_POINT('',(7.180230564698,67.216583821381));
#2043 = CARTESIAN_POINT('',(7.184119362383,67.145823865898));
#2044 = CARTESIAN_POINT('',(7.188146052692,67.080035468275));
#2045 = CARTESIAN_POINT('',(7.192294021102,67.019143584268));
#2046 = CARTESIAN_POINT('',(7.196548330342,66.963058936748));
#2047 = CARTESIAN_POINT('',(7.200895736154,66.911681364706));
#2048 = CARTESIAN_POINT('',(7.205324877392,66.864902066046));
#2049 = CARTESIAN_POINT('',(7.209825837648,66.822611032121));
#2050 = CARTESIAN_POINT('',(7.214392080859,66.784686339088));
#2051 = CARTESIAN_POINT('',(7.219013515905,66.751053231365));
#2052 = CARTESIAN_POINT('',(7.223679632881,66.721640039545));
#2053 = CARTESIAN_POINT('',(7.228384110392,66.696354485434));
#2054 = CARTESIAN_POINT('',(7.233120043293,66.675120083923));
#2055 = CARTESIAN_POINT('',(7.23788120374,66.657865946776));
#2056 = CARTESIAN_POINT('',(7.242661684453,66.644529352396));
#2057 = CARTESIAN_POINT('',(7.247455993025,66.635055708616));
#2058 = CARTESIAN_POINT('',(7.252258972929,66.629398035791));
#2059 = CARTESIAN_POINT('',(7.25546364408,66.628147901136));
#2060 = CARTESIAN_POINT('',(7.257065852327,66.62814702038));
#2061 = ( GEOMETRIC_REPRESENTATION_CONTEXT(2) 
PARAMETRIC_REPRESENTATION_CONTEXT() REPRESENTATION_CONTEXT('2D SPACE',''
  ) );
#2062 = PCURVE('',#2063,#2068);
#2063 = CYLINDRICAL_SURFACE('',#2064,1.65);
#2064 = AXIS2_PLACEMENT_3D('',#2065,#2066,#2067);
#2065 = CARTESIAN_POINT('',(52.,-24.,6.));
#2066 = DIRECTION('',(0.,0.,1.));
#2067 = DIRECTION('',(1.,0.,-0.));
#2068 = DEFINITIONAL_REPRESENTATION('',(#2069),#2183);
#2069 = B_SPLINE_CURVE_WITH_KNOTS('',3,(#2070,#2071,#2072,#2073,#2074,
    #2075,#2076,#2077,#2078,#2079,#2080,#2081,#2082,#2083,#2084,#2085,
    #2086,#2087,#2088,#2089,#2090,#2091,#2092,#2093,#2094,#2095,#2096,
    #2097,#2098,#2099,#2100,#2101,#2102,#2103,#2104,#2105,#2106,#2107,
    #2108,#2109,#2110,#2111,#2112,#2113,#2114,#2115,#2116,#2117,#2118,
    #2119,#2120,#2121,#2122,#2123,#2124,#2125,#2126,#2127,#2128,#2129,
    #2130,#2131,#2132,#2133,#2134,#2135,#2136,#2137,#2138,#2139,#2140,
    #2141,#2142,#2143,#2144,#2145,#2146,#2147,#2148,#2149,#2150,#2151,
    #2152,#2153,#2154,#2155,#2156,#2157,#2158,#2159,#2160,#2161,#2162,
    #2163,#2164,#2165,#2166,#2167,#2168,#2169,#2170,#2171,#2172,#2173,
    #2174,#2175,#2176,#2177,#2178,#2179,#2180,#2181,#2182),
  .UNSPECIFIED.,.F.,.F.,(4,1,1,1,1,1,1,1,1,1,1,1,1,1,1,1,1,1,1,1,1,1,1,1
    ,1,1,1,1,1,1,1,1,1,1,1,1,1,1,1,1,1,1,1,1,1,1,1,1,1,1,1,1,1,1,1,1,1,1
    ,1,1,1,1,1,1,1,1,1,1,1,1,1,1,1,1,1,1,1,1,1,1,1,1,1,1,1,1,1,1,1,1,1,1
    ,1,1,1,1,1,1,1,1,1,1,1,1,1,1,1,1,1,1,4),(0.,1.147058585903E-02,
    2.294117171805E-02,3.441175757708E-02,4.588234343611E-02,
    5.735292929514E-02,6.882351515416E-02,8.029410101319E-02,
    9.176468687222E-02,0.103235272731,0.11470585859,0.126176444449,
    0.137647030308,0.149117616167,0.160588202026,0.172058787885,
    0.183529373744,0.194999959603,0.206470545462,0.217941131322,
    0.229411717181,0.24088230304,0.252352888899,0.263823474758,
    0.275294060617,0.286764646476,0.298235232335,0.309705818194,
    0.321176404053,0.332646989912,0.344117575771,0.35558816163,
    0.367058747489,0.378529333348,0.389999919207,0.401470505066,
    0.412941090925,0.424411676784,0.435882262643,0.447352848502,
    0.458823434361,0.47029402022,0.481764606079,0.493235191938,
    0.504705777797,0.516176363656,0.527646949515,0.539117535374,
    0.550588121233,0.562058707092,0.573529292951,0.58499987881,
    0.596470464669,0.607941050528,0.619411636387,0.630882222247,
    0.642352808106,0.653823393965,0.665293979824,0.676764565683,
    0.688235151542,0.699705737401,0.71117632326,0.722646909119,
    0.734117494978,0.745588080837,0.757058666696,0.768529252555,
    0.779999838414,0.791470424273,0.802941010132,0.814411595991,
    0.82588218185,0.837352767709,0.848823353568,0.860293939427,
    0.871764525286,0.883235111145,0.894705697004,0.906176282863,
    0.917646868722,0.929117454581,0.94058804044,0.952058626299,
    0.963529212158,0.974999798017,0.986470383876,0.997940969735,
    1.009411555594,1.020882141453,1.032352727312,1.043823313171,
    1.055293899031,1.06676448489,1.078235070749,1.089705656608,
    1.101176242467,1.112646828326,1.124117414185,1.135588000044,
    1.147058585903,1.158529171762,1.169999757621,1.18147034348,
    1.192940929339,1.204411515198,1.215882101057,1.227352686916,
    1.238823272775,1.250293858634,1.261764444493),
  .QUASI_UNIFORM_KNOTS.);
#2070 = CARTESIAN_POINT('',(6.28318530718,10.310845486643));
#2071 = CARTESIAN_POINT('',(6.267200690927,10.272038184527));
#2072 = CARTESIAN_POINT('',(6.235263226414,10.194402650896));
#2073 = CARTESIAN_POINT('',(6.187384268943,10.077995654639));
#2074 = CARTESIAN_POINT('',(6.13946495435,9.961741251403));
#2075 = CARTESIAN_POINT('',(6.091436047312,9.8457555425));
#2076 = CARTESIAN_POINT('',(6.043225713358,9.73016203389));
#2077 = CARTESIAN_POINT('',(5.994757036941,9.615091170599));
#2078 = CARTESIAN_POINT('',(5.945949405421,9.500688145691));
#2079 = CARTESIAN_POINT('',(5.896704284969,9.387086688413));
#2080 = CARTESIAN_POINT('',(5.846954009172,9.274526857946));
#2081 = CARTESIAN_POINT('',(5.796576058976,9.163166425953));
#2082 = CARTESIAN_POINT('',(5.745443111125,9.05320991918));
#2083 = CARTESIAN_POINT('',(5.693425397796,8.944924558066));
#2084 = CARTESIAN_POINT('',(5.640384698055,8.838639669596));
#2085 = CARTESIAN_POINT('',(5.586168433882,8.734750743766));
#2086 = CARTESIAN_POINT('',(5.530604470589,8.633729497465));
#2087 = CARTESIAN_POINT('',(5.473481257609,8.536118354859));
#2088 = CARTESIAN_POINT('',(5.414575034862,8.442610409558));
#2089 = CARTESIAN_POINT('',(5.35359994767,8.354016179536));
#2090 = CARTESIAN_POINT('',(5.290364623969,8.271528744194));
#2091 = CARTESIAN_POINT('',(5.224762447832,8.196658867234));
#2092 = CARTESIAN_POINT('',(5.156775348134,8.131173862203));
#2093 = CARTESIAN_POINT('',(5.086483128364,8.077006134866));
#2094 = CARTESIAN_POINT('',(5.014089413162,8.03614369644));
#2095 = CARTESIAN_POINT('',(4.939955651886,8.010413158518));
#2096 = CARTESIAN_POINT('',(4.864710220667,8.001385374174));
#2097 = CARTESIAN_POINT('',(4.790621881296,8.009426701579));
#2098 = CARTESIAN_POINT('',(4.718100668739,8.033421556703));
#2099 = CARTESIAN_POINT('',(4.647605192729,8.071870392683));
#2100 = CARTESIAN_POINT('',(4.579359026632,8.122971294731));
#2101 = CARTESIAN_POINT('',(4.513491124799,8.184855310612));
#2102 = CARTESIAN_POINT('',(4.450036150979,8.255710358716));
#2103 = CARTESIAN_POINT('',(4.388956089209,8.333878291635));
#2104 = CARTESIAN_POINT('',(4.330139999813,8.417929138389));
#2105 = CARTESIAN_POINT('',(4.273420495059,8.506689031642));
#2106 = CARTESIAN_POINT('',(4.21851040466,8.599388948276));
#2107 = CARTESIAN_POINT('',(4.165075440303,8.695577485371));
#2108 = CARTESIAN_POINT('',(4.112943469871,8.794702676587));
#2109 = CARTESIAN_POINT('',(4.061940408911,8.896339053567));
#2110 = CARTESIAN_POINT('',(4.011919641293,9.000117621371));
#2111 = CARTESIAN_POINT('',(3.962744220035,9.105738058574));
#2112 = CARTESIAN_POINT('',(3.914287730509,9.21295306671));
#2113 = CARTESIAN_POINT('',(3.86641759367,9.321594056975));
#2114 = CARTESIAN_POINT('',(3.819042981721,9.431450475388));
#2115 = CARTESIAN_POINT('',(3.77207084756,9.542356898313));
#2116 = CARTESIAN_POINT('',(3.725410681413,9.654176704632));
#2117 = CARTESIAN_POINT('',(3.678980185087,9.766781944612));
#2118 = CARTESIAN_POINT('',(3.632701188717,9.880057104958));
#2119 = CARTESIAN_POINT('',(3.586498200753,9.993897749798));
#2120 = CARTESIAN_POINT('',(3.540297956162,10.108207397909));
#2121 = CARTESIAN_POINT('',(3.494042785414,10.222860305644));
#2122 = CARTESIAN_POINT('',(3.447654711346,10.337787042986));
#2123 = CARTESIAN_POINT('',(3.40106412908,10.452900099145));
#2124 = CARTESIAN_POINT('',(3.354202489,10.56810871246));
#2125 = CARTESIAN_POINT('',(3.30700281346,10.683314549743));
#2126 = CARTESIAN_POINT('',(3.259398182024,10.798412516703));
#2127 = CARTESIAN_POINT('',(3.211320657302,10.913290427458));
#2128 = CARTESIAN_POINT('',(3.162700356178,11.027828246494));
#2129 = CARTESIAN_POINT('',(3.113463036094,11.141900228657));
#2130 = CARTESIAN_POINT('',(3.063532613828,11.255365848489));
#2131 = CARTESIAN_POINT('',(3.012814128823,11.368102535068));
#2132 = CARTESIAN_POINT('',(2.961256197247,11.479864605526));
#2133 = CARTESIAN_POINT('',(2.908763482217,11.590474986947));
#2134 = CARTESIAN_POINT('',(2.855239173659,11.69972163701));
#2135 = CARTESIAN_POINT('',(2.800592989222,11.807338355793));
#2136 = CARTESIAN_POINT('',(2.744736953347,11.913011106921));
#2137 = CARTESIAN_POINT('',(2.687583915537,12.016377841206));
#2138 = CARTESIAN_POINT('',(2.629046411484,12.117027957975));
#2139 = CARTESIAN_POINT('',(2.569029748303,12.214508114437));
#2140 = CARTESIAN_POINT('',(2.507445154958,12.308300650692));
#2141 = CARTESIAN_POINT('',(2.444124960823,12.397930726779));
#2142 = CARTESIAN_POINT('',(2.379083313837,12.48259487158));
#2143 = CARTESIAN_POINT('',(2.312355726545,12.561453687876));
#2144 = CARTESIAN_POINT('',(2.244005114369,12.633637244614));
#2145 = CARTESIAN_POINT('',(2.1741233661,12.698269981532));
#2146 = CARTESIAN_POINT('',(2.102836628463,12.754493503429));
#2147 = CARTESIAN_POINT('',(2.030314676232,12.801494398715));
#2148 = CARTESIAN_POINT('',(1.956780668709,12.838539778578));
#2149 = CARTESIAN_POINT('',(1.882544474048,12.865018961116));
#2150 = CARTESIAN_POINT('',(1.807981066943,12.880518603344));
#2151 = CARTESIAN_POINT('',(1.733532957741,12.884885153879));
#2152 = CARTESIAN_POINT('',(1.659551019111,12.878247404185));
#2153 = CARTESIAN_POINT('',(1.586311773374,12.860944518433));
#2154 = CARTESIAN_POINT('',(1.514040616448,12.83347547432));
#2155 = CARTESIAN_POINT('',(1.442925303337,12.796460130453));
#2156 = CARTESIAN_POINT('',(1.373126361034,12.750610488873));
#2157 = CARTESIAN_POINT('',(1.304783153724,12.696708492796));
#2158 = CARTESIAN_POINT('',(1.238021334086,12.635587260831));
#2159 = CARTESIAN_POINT('',(1.172944272108,12.568112642584));
#2160 = CARTESIAN_POINT('',(1.109388534177,12.494854241475));
#2161 = CARTESIAN_POINT('',(1.047268675941,12.416382432487));
#2162 = CARTESIAN_POINT('',(0.986499077412,12.333216932304));
#2163 = CARTESIAN_POINT('',(0.927007096888,12.245843221731));
#2164 = CARTESIAN_POINT('',(0.868725074046,12.154710677554));
#2165 = CARTESIAN_POINT('',(0.811589080729,12.060234245028));
#2166 = CARTESIAN_POINT('',(0.755536569857,11.962794140661));
#2167 = CARTESIAN_POINT('',(0.700504810038,11.862735445457));
#2168 = CARTESIAN_POINT('',(0.646429269336,11.760366966314));
#2169 = CARTESIAN_POINT('',(0.593242650746,11.655960960628));
#2170 = CARTESIAN_POINT('',(0.540872108556,11.5497485902));
#2171 = CARTESIAN_POINT('',(0.489243457498,11.441930326959));
#2172 = CARTESIAN_POINT('',(0.438259228446,11.332629494336));
#2173 = CARTESIAN_POINT('',(0.387874514805,11.222058020461));
#2174 = CARTESIAN_POINT('',(0.338055901925,11.110440947583));
#2175 = CARTESIAN_POINT('',(0.28873270442,10.997906203969));
#2176 = CARTESIAN_POINT('',(0.239848097211,10.884598600259));
#2177 = CARTESIAN_POINT('',(0.191343939012,10.770649501893));
#2178 = CARTESIAN_POINT('',(0.143163554107,10.656185201422));
#2179 = CARTESIAN_POINT('',(9.524967805343E-02,10.541324614493));
#2180 = CARTESIAN_POINT('',(4.75441792327E-02,10.426180780448));
#2181 = CARTESIAN_POINT('',(1.583845868677E-02,10.349298673502));
#2182 = CARTESIAN_POINT('',(0.,10.310845486643));
#2183 = ( GEOMETRIC_REPRESENTATION_CONTEXT(2) 
PARAMETRIC_REPRESENTATION_CONTEXT() REPRESENTATION_CONTEXT('2D SPACE',''
  ) );
#2184 = FACE_BOUND('',#2185,.F.);
#2185 = EDGE_LOOP('',(#2186,#2486));
#2186 = ORIENTED_EDGE('',*,*,#2187,.T.);
#2187 = EDGE_CURVE('',#2188,#2190,#2192,.T.);
#2188 = VERTEX_POINT('',#2189);
#2189 = CARTESIAN_POINT('',(-54.35,24.,18.047283030985));
#2190 = VERTEX_POINT('',#2191);
#2191 = CARTESIAN_POINT('',(-54.35011489273,23.980528667029,
    18.073122920675));
#2192 = SURFACE_CURVE('',#2193,(#2287,#2384),.PCURVE_S1.);
#2193 = B_SPLINE_CURVE_WITH_KNOTS('',8,(#2194,#2195,#2196,#2197,#2198,
    #2199,#2200,#2201,#2202,#2203,#2204,#2205,#2206,#2207,#2208,#2209,
    #2210,#2211,#2212,#2213,#2214,#2215,#2216,#2217,#2218,#2219,#2220,
    #2221,#2222,#2223,#2224,#2225,#2226,#2227,#2228,#2229,#2230,#2231,
    #2232,#2233,#2234,#2235,#2236,#2237,#2238,#2239,#2240,#2241,#2242,
    #2243,#2244,#2245,#2246,#2247,#2248,#2249,#2250,#2251,#2252,#2253,
    #2254,#2255,#2256,#2257,#2258,#2259,#2260,#2261,#2262,#2263,#2264,
    #2265,#2266,#2267,#2268,#2269,#2270,#2271,#2272,#2273,#2274,#2275,
    #2276,#2277,#2278,#2279,#2280,#2281,#2282,#2283,#2284,#2285,#2286),
  .UNSPECIFIED.,.F.,.F.,(9,7,7,7,7,7,7,7,7,7,7,7,7,9),(0.,
    8.438585291891E-02,0.153542825573,0.239427142096,0.305117661558,
    0.381109119052,0.438506239284,0.516576860389,0.624533665496,
    0.699629059171,0.757916239116,0.81609262477,0.881394204673,1.),
  .UNSPECIFIED.);
#2194 = CARTESIAN_POINT('',(-54.35,24.,18.047283030985));
#2195 = CARTESIAN_POINT('',(-54.35,24.095397400281,17.920419746201));
#2196 = CARTESIAN_POINT('',(-54.35630337187,24.189172614318,
    17.792753985925));
#2197 = CARTESIAN_POINT('',(-54.3685356184,24.281157228962,
    17.664602432042));
#2198 = CARTESIAN_POINT('',(-54.38640148727,24.371201838204,
    17.536256818926));
#2199 = CARTESIAN_POINT('',(-54.40966633454,24.45917605742,
    17.407985223755));
#2200 = CARTESIAN_POINT('',(-54.43815005294,24.544966304431,
    17.280033817371));
#2201 = CARTESIAN_POINT('',(-54.47173356504,24.628471347408,
    17.152629075709));
#2202 = CARTESIAN_POINT('',(-54.54204816517,24.776079619951,
    16.922187752892));
#2203 = CARTESIAN_POINT('',(-54.57710702776,24.840942418167,
    16.818937529569));
#2204 = CARTESIAN_POINT('',(-54.61552755084,24.904131595863,
    16.716347236498));
#2205 = CARTESIAN_POINT('',(-54.65731014294,24.965576269795,
    16.614559491637));
#2206 = CARTESIAN_POINT('',(-54.70247822782,25.025189336698,
    16.513741417147));
#2207 = CARTESIAN_POINT('',(-54.75108107266,25.082866520583,
    16.414087117716));
#2208 = CARTESIAN_POINT('',(-54.80320375586,25.138482222518,
    16.315823296251));
#2209 = CARTESIAN_POINT('',(-54.92825670688,25.258198237137,
    16.099246311758));
#2210 = CARTESIAN_POINT('',(-55.00300972887,25.320942502574,
    15.982111936971));
#2211 = CARTESIAN_POINT('',(-55.08362791874,25.380006060693,
    15.868020193258));
#2212 = CARTESIAN_POINT('',(-55.17052770075,25.434995183104,
    15.757614341055));
#2213 = CARTESIAN_POINT('',(-55.26409693843,25.485291347049,
    15.651936588907));
#2214 = CARTESIAN_POINT('',(-55.36473253915,25.530015642874,
    15.552505312614));
#2215 = CARTESIAN_POINT('',(-55.47277843566,25.568087898398,
    15.461253226012));
#2216 = CARTESIAN_POINT('',(-55.67761327049,25.62079274611,
    15.319393343378));
#2217 = CARTESIAN_POINT('',(-55.77130726356,25.639144573857,
    15.263648470421));
#2218 = CARTESIAN_POINT('',(-55.86978845103,25.651655156308,
    15.216120746813));
#2219 = CARTESIAN_POINT('',(-55.97246222748,25.657290462715,
    15.178841759004));
#2220 = CARTESIAN_POINT('',(-56.07827348564,25.655333924082,
    15.153392845376));
#2221 = CARTESIAN_POINT('',(-56.18570661635,25.645386433168,
    15.140905096245));
#2222 = CARTESIAN_POINT('',(-56.29278550861,25.627366344484,
    15.142059353864));
#2223 = CARTESIAN_POINT('',(-56.51771501034,25.571597985271,
    15.174469434416));
#2224 = CARTESIAN_POINT('',(-56.63419436825,25.531678478104,
    15.209679497338));
#2225 = CARTESIAN_POINT('',(-56.74378425546,25.483005152184,
    15.261209356927));
#2226 = CARTESIAN_POINT('',(-56.84528750764,25.427310356101,
    15.326189065446));
#2227 = CARTESIAN_POINT('',(-56.93840161572,25.366312771286,
    15.401538955496));
#2228 = CARTESIAN_POINT('',(-57.02329541482,25.301400020112,
    15.484691984904));
#2229 = CARTESIAN_POINT('',(-57.10039801027,25.233485698471,
    15.573885242677));
#2230 = CARTESIAN_POINT('',(-57.22327311023,25.109833109804,
    15.73912202031));
#2231 = CARTESIAN_POINT('',(-57.2720809529,25.055187863916,
    15.813037381889));
#2232 = CARTESIAN_POINT('',(-57.31707172935,24.999329479451,
    15.889274593077));
#2233 = CARTESIAN_POINT('',(-57.3584417983,24.942444163776,
    15.967431291415));
#2234 = CARTESIAN_POINT('',(-57.39635686227,24.884684565585,
    16.047179555497));
#2235 = CARTESIAN_POINT('',(-57.43096397144,24.826171856664,
    16.128256466329));
#2236 = CARTESIAN_POINT('',(-57.46239428576,24.766995277186,
    16.210460534221));
#2237 = CARTESIAN_POINT('',(-57.52933454291,24.62588902792,
    16.406812366282));
#2238 = CARTESIAN_POINT('',(-57.56221146631,24.543495768218,
    16.521724969558));
#2239 = CARTESIAN_POINT('',(-57.58965787615,24.460204295988,
    16.637991201177));
#2240 = CARTESIAN_POINT('',(-57.61184567948,24.376180336202,
    16.755270490324));
#2241 = CARTESIAN_POINT('',(-57.62888490264,24.291581241741,
    16.873268990395));
#2242 = CARTESIAN_POINT('',(-57.64084461432,24.206556299943,
    16.991731113871));
#2243 = CARTESIAN_POINT('',(-57.64775804878,24.12124651223,
    17.110435906906));
#2244 = CARTESIAN_POINT('',(-57.65217549238,23.917605251743,
    17.39342399178));
#2245 = CARTESIAN_POINT('',(-57.64506335831,23.799222465482,
    17.557637054684));
#2246 = CARTESIAN_POINT('',(-57.6282681601,23.680979783029,
    17.721354533244));
#2247 = CARTESIAN_POINT('',(-57.60162569914,23.563336594407,
    17.884013211563));
#2248 = CARTESIAN_POINT('',(-57.56488364421,23.446869472576,
    18.044965713023));
#2249 = CARTESIAN_POINT('',(-57.51774157275,23.332272805521,
    18.203483424439));
#2250 = CARTESIAN_POINT('',(-57.45985029457,23.22036939232,
    18.358753244885));
#2251 = CARTESIAN_POINT('',(-57.3426976659,23.036859101428,
    18.614962608704));
#2252 = CARTESIAN_POINT('',(-57.28924846238,22.963404052758,
    18.717984474604));
#2253 = CARTESIAN_POINT('',(-57.2302721042,22.892105408127,
    18.818614074022));
#2254 = CARTESIAN_POINT('',(-57.16563610375,22.8233782427,
    18.916450525162));
#2255 = CARTESIAN_POINT('',(-57.09523478301,22.757717618454,
    19.011009987431));
#2256 = CARTESIAN_POINT('',(-57.01900344983,22.695694080914,
    19.101731504723));
#2257 = CARTESIAN_POINT('',(-56.93692613688,22.637951609792,
    19.187977488451));
#2258 = CARTESIAN_POINT('',(-56.78081946266,22.544269761515,
    19.331938887162));
#2259 = CARTESIAN_POINT('',(-56.7091327453,22.506338239918,
    19.391714532482));
#2260 = CARTESIAN_POINT('',(-56.63398956572,22.471790522624,
    19.447978427349));
#2261 = CARTESIAN_POINT('',(-56.55548112697,22.441013913987,
    19.500325122668));
#2262 = CARTESIAN_POINT('',(-56.47377702074,22.414405958837,
    19.548321069206));
#2263 = CARTESIAN_POINT('',(-56.38912522735,22.392374442476,
    19.591504617588));
#2264 = CARTESIAN_POINT('',(-56.30185211574,22.375337390684,
    19.6293860183));
#2265 = CARTESIAN_POINT('',(-56.12304287634,22.352130825647,
    19.693447881643));
#2266 = CARTESIAN_POINT('',(-56.03139391004,22.345875681421,
    19.71974081954));
#2267 = CARTESIAN_POINT('',(-55.93805892234,22.345442729575,
    19.739694231731));
#2268 = CARTESIAN_POINT('',(-55.84372969934,22.351162374098,
    19.752820739017));
#2269 = CARTESIAN_POINT('',(-55.74914643549,22.363210330428,
    19.758777586636));
#2270 = CARTESIAN_POINT('',(-55.65509773362,22.38160762545,
    19.757366644273));
#2271 = CARTESIAN_POINT('',(-55.56242060491,22.406220597497,
    19.748534406052));
#2272 = CARTESIAN_POINT('',(-55.37050606239,22.471041640048,
    19.714230071679));
#2273 = CARTESIAN_POINT('',(-55.27182493806,22.512869110488,
    19.68678461327));
#2274 = CARTESIAN_POINT('',(-55.17716708392,22.561549770112,
    19.650463304924));
#2275 = CARTESIAN_POINT('',(-55.08748899651,22.616332934721,
    19.605816049704));
#2276 = CARTESIAN_POINT('',(-55.00349368091,22.67641077348,
    19.553514964124));
#2277 = CARTESIAN_POINT('',(-54.92563065073,22.740918308915,
    19.494354378151));
#2278 = CARTESIAN_POINT('',(-54.85409592813,22.808933416913,
    19.429250835201));
#2279 = CARTESIAN_POINT('',(-54.67029471406,23.007603240172,
    19.232089598207));
#2280 = CARTESIAN_POINT('',(-54.57286803066,23.143985444707,
    19.088824937884));
#2281 = CARTESIAN_POINT('',(-54.49527785851,23.284848461293,
    18.933596015471));
#2282 = CARTESIAN_POINT('',(-54.43605673791,23.427269008797,
    18.769799976477));
#2283 = CARTESIAN_POINT('',(-54.39346080102,23.569103006177,
    18.600226243578));
#2284 = CARTESIAN_POINT('',(-54.36583009241,23.708968957562,
    18.426904076605));
#2285 = CARTESIAN_POINT('',(-54.35170078487,23.846149585802,
    18.251082584874));
#2286 = CARTESIAN_POINT('',(-54.35011489273,23.980528667029,
    18.073122920675));
#2287 = PCURVE('',#101,#2288);
#2288 = DEFINITIONAL_REPRESENTATION('',(#2289),#2383);
#2289 = B_SPLINE_CURVE_WITH_KNOTS('',8,(#2290,#2291,#2292,#2293,#2294,
    #2295,#2296,#2297,#2298,#2299,#2300,#2301,#2302,#2303,#2304,#2305,
    #2306,#2307,#2308,#2309,#2310,#2311,#2312,#2313,#2314,#2315,#2316,
    #2317,#2318,#2319,#2320,#2321,#2322,#2323,#2324,#2325,#2326,#2327,
    #2328,#2329,#2330,#2331,#2332,#2333,#2334,#2335,#2336,#2337,#2338,
    #2339,#2340,#2341,#2342,#2343,#2344,#2345,#2346,#2347,#2348,#2349,
    #2350,#2351,#2352,#2353,#2354,#2355,#2356,#2357,#2358,#2359,#2360,
    #2361,#2362,#2363,#2364,#2365,#2366,#2367,#2368,#2369,#2370,#2371,
    #2372,#2373,#2374,#2375,#2376,#2377,#2378,#2379,#2380,#2381,#2382),
  .UNSPECIFIED.,.F.,.F.,(9,7,7,7,7,7,7,7,7,7,7,7,7,9),(0.,
    8.438585291891E-02,0.153542825573,0.239427142096,0.305117661558,
    0.381109119052,0.438506239284,0.516576860389,0.624533665496,
    0.699629059171,0.757916239116,0.81609262477,0.881394204673,1.),
  .UNSPECIFIED.);
#2290 = CARTESIAN_POINT('',(5.357149778099,174.7917101435));
#2291 = CARTESIAN_POINT('',(5.3518638079,174.7917101435));
#2292 = CARTESIAN_POINT('',(5.346588946127,174.79806660837));
#2293 = CARTESIAN_POINT('',(5.341336190677,174.81040188669));
#2294 = CARTESIAN_POINT('',(5.336115555354,174.82841832492));
#2295 = CARTESIAN_POINT('',(5.330936105648,174.8518794505));
#2296 = CARTESIAN_POINT('',(5.325806046898,174.88060383641));
#2297 = CARTESIAN_POINT('',(5.320732864826,174.91447164706));
#2298 = CARTESIAN_POINT('',(5.31161819489,174.98538287621));
#2299 = CARTESIAN_POINT('',(5.307557115671,175.02073966296));
#2300 = CARTESIAN_POINT('',(5.303544168486,175.05948724537));
#2301 = CARTESIAN_POINT('',(5.299584301739,175.10162622609));
#2302 = CARTESIAN_POINT('',(5.295683464885,175.14718044246));
#2303 = CARTESIAN_POINT('',(5.291848696395,175.19619982347));
#2304 = CARTESIAN_POINT('',(5.288088359371,175.24877045204));
#2305 = CARTESIAN_POINT('',(5.279847597661,175.37490143557));
#2306 = CARTESIAN_POINT('',(5.275423629029,175.45030100877));
#2307 = CARTESIAN_POINT('',(5.271147916354,175.53161903754));
#2308 = CARTESIAN_POINT('',(5.267045230261,175.61927626614));
#2309 = CARTESIAN_POINT('',(5.263155685869,175.71366478164));
#2310 = CARTESIAN_POINT('',(5.259537692461,175.81518600672));
#2311 = CARTESIAN_POINT('',(5.25626529873,175.92418808683));
#2312 = CARTESIAN_POINT('',(5.251284543426,176.13084710064));
#2313 = CARTESIAN_POINT('',(5.249365899311,176.22537880893));
#2314 = CARTESIAN_POINT('',(5.247782094779,176.32474477197));
#2315 = CARTESIAN_POINT('',(5.246609838025,176.42834581902));
#2316 = CARTESIAN_POINT('',(5.245907654901,176.53511779204));
#2317 = CARTESIAN_POINT('',(5.245715888911,176.64353154574));
#2318 = CARTESIAN_POINT('',(5.246056701214,176.75159294753));
#2319 = CARTESIAN_POINT('',(5.247949020434,176.97859706144));
#2320 = CARTESIAN_POINT('',(5.249652239693,177.09615732732));
#2321 = CARTESIAN_POINT('',(5.251980230713,177.20677032318));
#2322 = CARTESIAN_POINT('',(5.254821249457,177.30922633602));
#2323 = CARTESIAN_POINT('',(5.258057108393,177.40321852448));
#2324 = CARTESIAN_POINT('',(5.261589651373,177.48891606324));
#2325 = CARTESIAN_POINT('',(5.265351900543,177.5667511991));
#2326 = CARTESIAN_POINT('',(5.272288841999,177.69079724808));
#2327 = CARTESIAN_POINT('',(5.275381773559,177.74007147854));
#2328 = CARTESIAN_POINT('',(5.278564497647,177.78549319704));
#2329 = CARTESIAN_POINT('',(5.281822073147,177.82726036058));
#2330 = CARTESIAN_POINT('',(5.285142279292,177.86554002865));
#2331 = CARTESIAN_POINT('',(5.288515315613,177.90048046964));
#2332 = CARTESIAN_POINT('',(5.29193371268,177.93221394155));
#2333 = CARTESIAN_POINT('',(5.300096976339,177.99980064403));
#2334 = CARTESIAN_POINT('',(5.304872973146,178.03299573886));
#2335 = CARTESIAN_POINT('',(5.309705583338,178.06070820604));
#2336 = CARTESIAN_POINT('',(5.314581824738,178.08311135848));
#2337 = CARTESIAN_POINT('',(5.319490193477,178.1003161026));
#2338 = CARTESIAN_POINT('',(5.324420411361,178.11239204974));
#2339 = CARTESIAN_POINT('',(5.329363320821,178.11937268365));
#2340 = CARTESIAN_POINT('',(5.341152525492,178.12383306652));
#2341 = CARTESIAN_POINT('',(5.347997995415,178.11665180257));
#2342 = CARTESIAN_POINT('',(5.354826467069,178.09969331569));
#2343 = CARTESIAN_POINT('',(5.361612592156,178.07279197773));
#2344 = CARTESIAN_POINT('',(5.368326346434,178.03569338725));
#2345 = CARTESIAN_POINT('',(5.374933081712,177.98809482598));
#2346 = CARTESIAN_POINT('',(5.381393231421,177.92964462284));
#2347 = CARTESIAN_POINT('',(5.392021021593,177.81136531117));
#2348 = CARTESIAN_POINT('',(5.396285061344,177.75740312557));
#2349 = CARTESIAN_POINT('',(5.400437945081,177.69786209219));
#2350 = CARTESIAN_POINT('',(5.404460120656,177.63260894183));
#2351 = CARTESIAN_POINT('',(5.408328191725,177.56153756152));
#2352 = CARTESIAN_POINT('',(5.412015195043,177.48458330544));
#2353 = CARTESIAN_POINT('',(5.415490694744,177.40173079684));
#2354 = CARTESIAN_POINT('',(5.421227738556,177.24415639383));
#2355 = CARTESIAN_POINT('',(5.42358687622,177.17179774902));
#2356 = CARTESIAN_POINT('',(5.425780222238,177.09595265315));
#2357 = CARTESIAN_POINT('',(5.427789035958,177.01671356706));
#2358 = CARTESIAN_POINT('',(5.429593720459,176.93425204588));
#2359 = CARTESIAN_POINT('',(5.431173822547,176.84881873899));
#2360 = CARTESIAN_POINT('',(5.43250803276,176.76074339005));
#2361 = CARTESIAN_POINT('',(5.434638311386,176.58029794553));
#2362 = CARTESIAN_POINT('',(5.435439064812,176.48781390851));
#2363 = CARTESIAN_POINT('',(5.435950271609,176.39363236207));
#2364 = CARTESIAN_POINT('',(5.436152841761,176.29845160823));
#2365 = CARTESIAN_POINT('',(5.436034769262,176.20301861488));
#2366 = CARTESIAN_POINT('',(5.435591132122,176.10812901581));
#2367 = CARTESIAN_POINT('',(5.434824092362,176.01462711067));
#2368 = CARTESIAN_POINT('',(5.43252927938,175.8210122323));
#2369 = CARTESIAN_POINT('',(5.430916334559,175.72146154341));
#2370 = CARTESIAN_POINT('',(5.428930803503,175.62597379525));
#2371 = CARTESIAN_POINT('',(5.426603536526,175.53551322401));
#2372 = CARTESIAN_POINT('',(5.423969492302,175.45078830508));
#2373 = CARTESIAN_POINT('',(5.421067737868,175.37225175308));
#2374 = CARTESIAN_POINT('',(5.417941448625,175.30010052189));
#2375 = CARTESIAN_POINT('',(5.408637762178,175.11471984652));
#2376 = CARTESIAN_POINT('',(5.402056489942,175.01646219116));
#2377 = CARTESIAN_POINT('',(5.395079665299,174.93821385431));
#2378 = CARTESIAN_POINT('',(5.387854170098,174.87849221402));
#2379 = CARTESIAN_POINT('',(5.380494321735,174.83553704827));
#2380 = CARTESIAN_POINT('',(5.373079025063,174.80767357407));
#2381 = CARTESIAN_POINT('',(5.365653435858,174.79342525409));
#2382 = CARTESIAN_POINT('',(5.358227251664,174.79182600397));
#2383 = ( GEOMETRIC_REPRESENTATION_CONTEXT(2) 
PARAMETRIC_REPRESENTATION_CONTEXT() REPRESENTATION_CONTEXT('2D SPACE',''
  ) );
#2384 = PCURVE('',#2385,#2390);
#2385 = CYLINDRICAL_SURFACE('',#2386,1.65);
#2386 = AXIS2_PLACEMENT_3D('',#2387,#2388,#2389);
#2387 = CARTESIAN_POINT('',(-56.,24.,6.));
#2388 = DIRECTION('',(0.,0.,1.));
#2389 = DIRECTION('',(1.,0.,-0.));
#2390 = DEFINITIONAL_REPRESENTATION('',(#2391),#2485);
#2391 = B_SPLINE_CURVE_WITH_KNOTS('',8,(#2392,#2393,#2394,#2395,#2396,
    #2397,#2398,#2399,#2400,#2401,#2402,#2403,#2404,#2405,#2406,#2407,
    #2408,#2409,#2410,#2411,#2412,#2413,#2414,#2415,#2416,#2417,#2418,
    #2419,#2420,#2421,#2422,#2423,#2424,#2425,#2426,#2427,#2428,#2429,
    #2430,#2431,#2432,#2433,#2434,#2435,#2436,#2437,#2438,#2439,#2440,
    #2441,#2442,#2443,#2444,#2445,#2446,#2447,#2448,#2449,#2450,#2451,
    #2452,#2453,#2454,#2455,#2456,#2457,#2458,#2459,#2460,#2461,#2462,
    #2463,#2464,#2465,#2466,#2467,#2468,#2469,#2470,#2471,#2472,#2473,
    #2474,#2475,#2476,#2477,#2478,#2479,#2480,#2481,#2482,#2483,#2484),
  .UNSPECIFIED.,.F.,.F.,(9,7,7,7,7,7,7,7,7,7,7,7,7,9),(0.,
    8.438585291891E-02,0.153542825573,0.239427142096,0.305117661558,
    0.381109119052,0.438506239284,0.516576860389,0.624533665496,
    0.699629059171,0.757916239116,0.81609262477,0.881394204673,1.),
  .UNSPECIFIED.);
#2392 = CARTESIAN_POINT('',(0.,12.047283030985));
#2393 = CARTESIAN_POINT('',(5.781660623063E-02,11.920419746201));
#2394 = CARTESIAN_POINT('',(0.114650284809,11.792753985925));
#2395 = CARTESIAN_POINT('',(0.170692415032,11.664602432042));
#2396 = CARTESIAN_POINT('',(0.226106845446,11.536256818926));
#2397 = CARTESIAN_POINT('',(0.2810440184,11.407985223755));
#2398 = CARTESIAN_POINT('',(0.33565384559,11.280033817371));
#2399 = CARTESIAN_POINT('',(0.390097334605,11.152629075709));
#2400 = CARTESIAN_POINT('',(0.48918841998,10.922187752892));
#2401 = CARTESIAN_POINT('',(0.53381614961,10.818937529569));
#2402 = CARTESIAN_POINT('',(0.578539405509,10.716347236498));
#2403 = CARTESIAN_POINT('',(0.623455723737,10.614559491637));
#2404 = CARTESIAN_POINT('',(0.668664002717,10.513741417147));
#2405 = CARTESIAN_POINT('',(0.714270581643,10.414087117716));
#2406 = CARTESIAN_POINT('',(0.760398320835,10.315823296251));
#2407 = CARTESIAN_POINT('',(0.865318885853,10.099246311758));
#2408 = CARTESIAN_POINT('',(0.924341587934,9.982111936971));
#2409 = CARTESIAN_POINT('',(0.984687769369,9.868020193258));
#2410 = CARTESIAN_POINT('',(1.046716288058,9.757614341055));
#2411 = CARTESIAN_POINT('',(1.110751685991,9.651936588907));
#2412 = CARTESIAN_POINT('',(1.177156643685,9.552505312614));
#2413 = CARTESIAN_POINT('',(1.246323252244,9.461253226012));
#2414 = CARTESIAN_POINT('',(1.374509168836,9.319393343378));
#2415 = CARTESIAN_POINT('',(1.432204688795,9.263648470421));
#2416 = CARTESIAN_POINT('',(1.492137047582,9.216120746813));
#2417 = CARTESIAN_POINT('',(1.5541893843,9.178841759004));
#2418 = CARTESIAN_POINT('',(1.618032585643,9.153392845376));
#2419 = CARTESIAN_POINT('',(1.683125285896,9.140905096245));
#2420 = CARTESIAN_POINT('',(1.748713866939,9.142059353864));
#2421 = CARTESIAN_POINT('',(1.889162303452,9.174469434416));
#2422 = CARTESIAN_POINT('',(1.963499233263,9.209679497338));
#2423 = CARTESIAN_POINT('',(2.035728485039,9.261209356927));
#2424 = CARTESIAN_POINT('',(2.105429274813,9.326189065446));
#2425 = CARTESIAN_POINT('',(2.172512668763,9.401538955496));
#2426 = CARTESIAN_POINT('',(2.237031099233,9.484691984904));
#2427 = CARTESIAN_POINT('',(2.299159525302,9.573885242677));
#2428 = CARTESIAN_POINT('',(2.404809384268,9.73912202031));
#2429 = CARTESIAN_POINT('',(2.449151944429,9.813037381889));
#2430 = CARTESIAN_POINT('',(2.492528126928,9.889274593077));
#2431 = CARTESIAN_POINT('',(2.53505639866,9.967431291415));
#2432 = CARTESIAN_POINT('',(2.576837298796,10.047179555497));
#2433 = CARTESIAN_POINT('',(2.617964710079,10.128256466329));
#2434 = CARTESIAN_POINT('',(2.65853258751,10.210460534221));
#2435 = CARTESIAN_POINT('',(2.753186704572,10.406812366282));
#2436 = CARTESIAN_POINT('',(2.806843195274,10.521724969558));
#2437 = CARTESIAN_POINT('',(2.859827314633,10.637991201177));
#2438 = CARTESIAN_POINT('',(2.912308434492,10.755270490324));
#2439 = CARTESIAN_POINT('',(2.964427593696,10.873268990395));
#2440 = CARTESIAN_POINT('',(3.016314141859,10.991731113871));
#2441 = CARTESIAN_POINT('',(3.068096033612,11.110435906906));
#2442 = CARTESIAN_POINT('',(3.191544013653,11.39342399178));
#2443 = CARTESIAN_POINT('',(3.263180729691,11.557637054684));
#2444 = CARTESIAN_POINT('',(3.335165892936,11.721354533244));
#2445 = CARTESIAN_POINT('',(3.407778162161,11.884013211563));
#2446 = CARTESIAN_POINT('',(3.481273710632,12.044965713023));
#2447 = CARTESIAN_POINT('',(3.555905906138,12.203483424439));
#2448 = CARTESIAN_POINT('',(3.631949955588,12.358753244885));
#2449 = CARTESIAN_POINT('',(3.763899754413,12.614962608704));
#2450 = CARTESIAN_POINT('',(3.818854366643,12.717984474604));
#2451 = CARTESIAN_POINT('',(3.874751066063,12.818614074022));
#2452 = CARTESIAN_POINT('',(3.93169470354,12.916450525162));
#2453 = CARTESIAN_POINT('',(3.989780881049,13.011009987431));
#2454 = CARTESIAN_POINT('',(4.049103273898,13.101731504723));
#2455 = CARTESIAN_POINT('',(4.109763771502,13.187977488451));
#2456 = CARTESIAN_POINT('',(4.22010273074,13.331938887162));
#2457 = CARTESIAN_POINT('',(4.269184815059,13.391714532482));
#2458 = CARTESIAN_POINT('',(4.319177985286,13.447978427349));
#2459 = CARTESIAN_POINT('',(4.37011276553,13.500325122668));
#2460 = CARTESIAN_POINT('',(4.422003908376,13.548321069206));
#2461 = CARTESIAN_POINT('',(4.474850394887,13.591504617588));
#2462 = CARTESIAN_POINT('',(4.528635434608,13.6293860183));
#2463 = CARTESIAN_POINT('',(4.637913537898,13.693447881643));
#2464 = CARTESIAN_POINT('',(4.693458688226,13.71974081954));
#2465 = CARTESIAN_POINT('',(4.749831425351,13.739694231731));
#2466 = CARTESIAN_POINT('',(4.806880921604,13.752820739017));
#2467 = CARTESIAN_POINT('',(4.864436012837,13.758777586636));
#2468 = CARTESIAN_POINT('',(4.922305198419,13.757366644273));
#2469 = CARTESIAN_POINT('',(4.980276641241,13.748534406052));
#2470 = CARTESIAN_POINT('',(5.103043876316,13.714230071679));
#2471 = CARTESIAN_POINT('',(5.167797891129,13.68678461327));
#2472 = CARTESIAN_POINT('',(5.232014909247,13.650463304924));
#2473 = CARTESIAN_POINT('',(5.295392245687,13.605816049704));
#2474 = CARTESIAN_POINT('',(5.357689833391,13.553514964124));
#2475 = CARTESIAN_POINT('',(5.418730223222,13.494354378151));
#2476 = CARTESIAN_POINT('',(5.478398583968,13.429250835201));
#2477 = CARTESIAN_POINT('',(5.642430188536,13.232089598207));
#2478 = CARTESIAN_POINT('',(5.743201945926,13.088824937884));
#2479 = CARTESIAN_POINT('',(5.839605441939,12.933596015471));
#2480 = CARTESIAN_POINT('',(5.9320363551,12.769799976477));
#2481 = CARTESIAN_POINT('',(6.020920458919,12.600226243578));
#2482 = CARTESIAN_POINT('',(6.106701418587,12.426904076605));
#2483 = CARTESIAN_POINT('',(6.189936686645,12.251082584874));
#2484 = CARTESIAN_POINT('',(6.271384225406,12.073122920675));
#2485 = ( GEOMETRIC_REPRESENTATION_CONTEXT(2) 
PARAMETRIC_REPRESENTATION_CONTEXT() REPRESENTATION_CONTEXT('2D SPACE',''
  ) );
#2486 = ORIENTED_EDGE('',*,*,#2487,.T.);
#2487 = EDGE_CURVE('',#2190,#2188,#2488,.T.);
#2488 = SURFACE_CURVE('',#2489,(#2492,#2498),.PCURVE_S1.);
#2489 = B_SPLINE_CURVE_WITH_KNOTS('',1,(#2490,#2491),.UNSPECIFIED.,.F.,
  .F.,(2,2),(0.,1.),.PIECEWISE_BEZIER_KNOTS.);
#2490 = CARTESIAN_POINT('',(-54.35011489273,23.980528667029,
    18.073122920675));
#2491 = CARTESIAN_POINT('',(-54.35,24.,18.047283030985));
#2492 = PCURVE('',#101,#2493);
#2493 = DEFINITIONAL_REPRESENTATION('',(#2494),#2497);
#2494 = B_SPLINE_CURVE_WITH_KNOTS('',1,(#2495,#2496),.UNSPECIFIED.,.F.,
  .F.,(2,2),(0.,1.),.PIECEWISE_BEZIER_KNOTS.);
#2495 = CARTESIAN_POINT('',(5.358227251664,174.79182600397));
#2496 = CARTESIAN_POINT('',(5.357149778099,174.7917101435));
#2497 = ( GEOMETRIC_REPRESENTATION_CONTEXT(2) 
PARAMETRIC_REPRESENTATION_CONTEXT() REPRESENTATION_CONTEXT('2D SPACE',''
  ) );
#2498 = PCURVE('',#2385,#2499);
#2499 = DEFINITIONAL_REPRESENTATION('',(#2500),#2503);
#2500 = B_SPLINE_CURVE_WITH_KNOTS('',1,(#2501,#2502),.UNSPECIFIED.,.F.,
  .F.,(2,2),(0.,1.),.PIECEWISE_BEZIER_KNOTS.);
#2501 = CARTESIAN_POINT('',(6.271384225406,12.073122920675));
#2502 = CARTESIAN_POINT('',(6.28318530718,12.047283030985));
#2503 = ( GEOMETRIC_REPRESENTATION_CONTEXT(2) 
PARAMETRIC_REPRESENTATION_CONTEXT() REPRESENTATION_CONTEXT('2D SPACE',''
  ) );
#2504 = FACE_BOUND('',#2505,.F.);
#2505 = EDGE_LOOP('',(#2506));
#2506 = ORIENTED_EDGE('',*,*,#2507,.F.);
#2507 = EDGE_CURVE('',#2508,#2508,#2510,.T.);
#2508 = VERTEX_POINT('',#2509);
#2509 = CARTESIAN_POINT('',(-54.35,-24.,18.047283030985));
#2510 = SURFACE_CURVE('',#2511,(#2591,#2708),.PCURVE_S1.);
#2511 = B_SPLINE_CURVE_WITH_KNOTS('',8,(#2512,#2513,#2514,#2515,#2516,
    #2517,#2518,#2519,#2520,#2521,#2522,#2523,#2524,#2525,#2526,#2527,
    #2528,#2529,#2530,#2531,#2532,#2533,#2534,#2535,#2536,#2537,#2538,
    #2539,#2540,#2541,#2542,#2543,#2544,#2545,#2546,#2547,#2548,#2549,
    #2550,#2551,#2552,#2553,#2554,#2555,#2556,#2557,#2558,#2559,#2560,
    #2561,#2562,#2563,#2564,#2565,#2566,#2567,#2568,#2569,#2570,#2571,
    #2572,#2573,#2574,#2575,#2576,#2577,#2578,#2579,#2580,#2581,#2582,
    #2583,#2584,#2585,#2586,#2587,#2588,#2589,#2590),.UNSPECIFIED.,.T.,
  .F.,(9,7,7,7,7,7,7,7,7,7,7,9),(0.,9.901505824377E-02,0.172238824355,
    0.246006112037,0.321800660269,0.402746496964,0.482916132636,
    0.597233738038,0.764638106032,0.882020148478,1.,1.150038322321),
  .UNSPECIFIED.);
#2512 = CARTESIAN_POINT('',(-54.35,-24.,18.047283030985));
#2513 = CARTESIAN_POINT('',(-54.35,-24.09078090402,17.926558947865));
#2514 = CARTESIAN_POINT('',(-54.35570806026,-24.18009169066,
    17.805109686649));
#2515 = CARTESIAN_POINT('',(-54.36680122101,-24.26778740745,
    17.683208028816));
#2516 = CARTESIAN_POINT('',(-54.38302157158,-24.35373887015,
    17.561106026252));
#2517 = CARTESIAN_POINT('',(-54.40416179028,-24.43783268168,
    17.439035955126));
#2518 = CARTESIAN_POINT('',(-54.43006000932,-24.51996954301,
    17.317211681384));
#2519 = CARTESIAN_POINT('',(-54.46060400458,-24.60006085568,
    17.195830437832));
#2520 = CARTESIAN_POINT('',(-54.52173201871,-24.73567875511,
    16.985773777719));
#2521 = CARTESIAN_POINT('',(-54.55040344856,-24.79254657464,
    16.896231171572));
#2522 = CARTESIAN_POINT('',(-54.58182862959,-24.84864186862,
    16.80641309799));
#2523 = CARTESIAN_POINT('',(-54.61612099346,-24.90397668138,
    16.716277665242));
#2524 = CARTESIAN_POINT('',(-54.65343908234,-24.95855940695,
    16.625775007107));
#2525 = CARTESIAN_POINT('',(-54.69400040519,-25.01238866591,
    16.534852854895));
#2526 = CARTESIAN_POINT('',(-54.73810784176,-25.06544195989,
    16.443467860662));
#2527 = CARTESIAN_POINT('',(-54.83462623881,-25.17026384231,
    16.259055590361));
#2528 = CARTESIAN_POINT('',(-54.88617366388,-25.22101726189,
    16.167785113082));
#2529 = CARTESIAN_POINT('',(-54.94092976754,-25.26983552959,
    16.077944066385));
#2530 = CARTESIAN_POINT('',(-54.99900914202,-25.31658653691,
    15.989760450561));
#2531 = CARTESIAN_POINT('',(-55.06054388411,-25.36108942363,
    15.903543071358));
#2532 = CARTESIAN_POINT('',(-55.12568326109,-25.40311625124,
    15.819683284372));
#2533 = CARTESIAN_POINT('',(-55.19460748672,-25.44238453498,
    15.738666862247));
#2534 = CARTESIAN_POINT('',(-55.34254143095,-25.51566747917,
    15.581421722459));
#2535 = CARTESIAN_POINT('',(-55.42158779349,-25.54951699583,
    15.505413580666));
#2536 = CARTESIAN_POINT('',(-55.50521087781,-25.57962276528,
    15.433802384147));
#2537 = CARTESIAN_POINT('',(-55.59365939419,-25.60541414682,
    15.367576076718));
#2538 = CARTESIAN_POINT('',(-55.68693083437,-25.6262049879,
    15.307993731418));
#2539 = CARTESIAN_POINT('',(-55.78477147155,-25.64119362416,
    15.256585550505));
#2540 = CARTESIAN_POINT('',(-55.88667636036,-25.64946287942,
    15.215152865462));
#2541 = CARTESIAN_POINT('',(-56.10425299118,-25.65053240189,
    15.154386309566));
#2542 = CARTESIAN_POINT('',(-56.22072074932,-25.64211021423,
    15.136903551792));
#2543 = CARTESIAN_POINT('',(-56.33800894583,-25.62409504819,
    15.135303499807));
#2544 = CARTESIAN_POINT('',(-56.45333168781,-25.59646420813,
    15.150366557137));
#2545 = CARTESIAN_POINT('',(-56.56440085492,-25.5597907573,
    15.181669894692));
#2546 = CARTESIAN_POINT('',(-56.66942609937,-25.51524351781,
    15.227587450765));
#2547 = CARTESIAN_POINT('',(-56.76711484593,-25.46458707066,
    15.285289931034));
#2548 = CARTESIAN_POINT('',(-56.94537095897,-25.35629814104,
    15.415572030057));
#2549 = CARTESIAN_POINT('',(-57.02691283924,-25.29803330182,
    15.489021441057));
#2550 = CARTESIAN_POINT('',(-57.10162398158,-25.23631899851,
    15.569273287508));
#2551 = CARTESIAN_POINT('',(-57.16983660272,-25.17190471947,
    15.654840538241));
#2552 = CARTESIAN_POINT('',(-57.2319138837,-25.10538253158,
    15.744535346313));
#2553 = CARTESIAN_POINT('',(-57.2882414872,-25.03718463086,
    15.837466262778));
#2554 = CARTESIAN_POINT('',(-57.33920057742,-24.96756817752,
    15.933048077108));
#2555 = CARTESIAN_POINT('',(-57.45064017969,-24.79540803259,
    16.170689134429));
#2556 = CARTESIAN_POINT('',(-57.50573836137,-24.69176813879,
    16.314791527359));
#2557 = CARTESIAN_POINT('',(-57.55136083994,-24.58617241077,
    16.462107697036));
#2558 = CARTESIAN_POINT('',(-57.58799265372,-24.47904594022,
    16.611721941416));
#2559 = CARTESIAN_POINT('',(-57.61595786167,-24.37076694652,
    16.762892092902));
#2560 = CARTESIAN_POINT('',(-57.63548196517,-24.26166533651,
    16.915021711351));
#2561 = CARTESIAN_POINT('',(-57.64666093563,-24.15201666473,
    17.067663318084));
#2562 = CARTESIAN_POINT('',(-57.65356920412,-23.88100834618,
    17.444298879288));
#2563 = CARTESIAN_POINT('',(-57.63970012657,-23.71972842326,
    17.667888879998));
#2564 = CARTESIAN_POINT('',(-57.60792658196,-23.5588708474,
    17.890323876496));
#2565 = CARTESIAN_POINT('',(-57.55761404061,-23.3996321733,
    18.110204581708));
#2566 = CARTESIAN_POINT('',(-57.48800098281,-23.24366530799,
    18.325734468704));
#2567 = CARTESIAN_POINT('',(-57.3981157874,-23.09320913089,
    18.534664461181));
#2568 = CARTESIAN_POINT('',(-57.28718051728,-22.95097529562,
    18.734394025606));
#2569 = CARTESIAN_POINT('',(-57.06037434408,-22.72909104176,
    19.052950848299));
#2570 = CARTESIAN_POINT('',(-56.95610303849,-22.64365494288,
    19.177810353496));
#2571 = CARTESIAN_POINT('',(-56.84069664324,-22.56545266697,
    19.295111883801));
#2572 = CARTESIAN_POINT('',(-56.71404126882,-22.49621759637,
    19.403119910551));
#2573 = CARTESIAN_POINT('',(-56.57644347166,-22.43808918537,
    19.499619931311));
#2574 = CARTESIAN_POINT('',(-56.42880104222,-22.39340892752,
    19.582116743005));
#2575 = CARTESIAN_POINT('',(-56.27269807279,-22.36460928705,
    19.64785166495));
#2576 = CARTESIAN_POINT('',(-55.94784596987,-22.34276850425,
    19.740756489429));
#2577 = CARTESIAN_POINT('',(-55.77761765778,-22.34981490819,
    19.768133744672));
#2578 = CARTESIAN_POINT('',(-55.60589033245,-22.3776951806,
    19.772051163374));
#2579 = CARTESIAN_POINT('',(-55.43786363314,-22.42664321161,
    19.751250793687));
#2580 = CARTESIAN_POINT('',(-55.27810727491,-22.49528589622,
    19.706080531041));
#2581 = CARTESIAN_POINT('',(-55.13049952815,-22.58096369193,
    19.638211251047));
#2582 = CARTESIAN_POINT('',(-54.99803615571,-22.67968666799,
    19.550999782744));
#2583 = CARTESIAN_POINT('',(-54.73557601612,-22.92129125418,
    19.321609180882));
#2584 = CARTESIAN_POINT('',(-54.61506939402,-23.06976586231,
    19.170094963798));
#2585 = CARTESIAN_POINT('',(-54.51983054738,-23.22563511624,
    19.001668177008));
#2586 = CARTESIAN_POINT('',(-54.44806941416,-23.38437431301,
    18.821404910344));
#2587 = CARTESIAN_POINT('',(-54.39736800072,-23.5427033381,
    18.633489417409));
#2588 = CARTESIAN_POINT('',(-54.36537318027,-23.69857969722,
    18.440905583675));
#2589 = CARTESIAN_POINT('',(-54.35,-23.85102162989,18.24540043605));
#2590 = CARTESIAN_POINT('',(-54.35,-24.,18.047283030985));
#2591 = PCURVE('',#101,#2592);
#2592 = DEFINITIONAL_REPRESENTATION('',(#2593),#2707);
#2593 = B_SPLINE_CURVE_WITH_KNOTS('',3,(#2594,#2595,#2596,#2597,#2598,
    #2599,#2600,#2601,#2602,#2603,#2604,#2605,#2606,#2607,#2608,#2609,
    #2610,#2611,#2612,#2613,#2614,#2615,#2616,#2617,#2618,#2619,#2620,
    #2621,#2622,#2623,#2624,#2625,#2626,#2627,#2628,#2629,#2630,#2631,
    #2632,#2633,#2634,#2635,#2636,#2637,#2638,#2639,#2640,#2641,#2642,
    #2643,#2644,#2645,#2646,#2647,#2648,#2649,#2650,#2651,#2652,#2653,
    #2654,#2655,#2656,#2657,#2658,#2659,#2660,#2661,#2662,#2663,#2664,
    #2665,#2666,#2667,#2668,#2669,#2670,#2671,#2672,#2673,#2674,#2675,
    #2676,#2677,#2678,#2679,#2680,#2681,#2682,#2683,#2684,#2685,#2686,
    #2687,#2688,#2689,#2690,#2691,#2692,#2693,#2694,#2695,#2696,#2697,
    #2698,#2699,#2700,#2701,#2702,#2703,#2704,#2705,#2706),
  .UNSPECIFIED.,.F.,.F.,(4,1,1,1,1,1,1,1,1,1,1,1,1,1,1,1,1,1,1,1,1,1,1,1
    ,1,1,1,1,1,1,1,1,1,1,1,1,1,1,1,1,1,1,1,1,1,1,1,1,1,1,1,1,1,1,1,1,1,1
    ,1,1,1,1,1,1,1,1,1,1,1,1,1,1,1,1,1,1,1,1,1,1,1,1,1,1,1,1,1,1,1,1,1,1
    ,1,1,1,1,1,1,1,1,1,1,1,1,1,1,1,1,1,1,4),(0.,1.045489383928E-02,
    2.090978767857E-02,3.136468151785E-02,4.181957535714E-02,
    5.227446919642E-02,6.27293630357E-02,7.318425687499E-02,
    8.363915071427E-02,9.409404455356E-02,0.104548938393,0.115003832232,
    0.125458726071,0.135913619911,0.14636851375,0.156823407589,
    0.167278301429,0.177733195268,0.188188089107,0.198642982946,
    0.209097876786,0.219552770625,0.230007664464,0.240462558304,
    0.250917452143,0.261372345982,0.271827239821,0.282282133661,
    0.2927370275,0.303191921339,0.313646815179,0.324101709018,
    0.334556602857,0.345011496696,0.355466390536,0.365921284375,
    0.376376178214,0.386831072054,0.397285965893,0.407740859732,
    0.418195753571,0.428650647411,0.43910554125,0.449560435089,
    0.460015328928,0.470470222768,0.480925116607,0.491380010446,
    0.501834904286,0.512289798125,0.522744691964,0.533199585803,
    0.543654479643,0.554109373482,0.564564267321,0.575019161161,
    0.585474055,0.595928948839,0.606383842678,0.616838736518,
    0.627293630357,0.637748524196,0.648203418036,0.658658311875,
    0.669113205714,0.679568099553,0.690022993393,0.700477887232,
    0.710932781071,0.721387674911,0.73184256875,0.742297462589,
    0.752752356428,0.763207250268,0.773662144107,0.784117037946,
    0.794571931786,0.805026825625,0.815481719464,0.825936613303,
    0.836391507143,0.846846400982,0.857301294821,0.867756188661,
    0.8782110825,0.888665976339,0.899120870178,0.909575764018,
    0.920030657857,0.930485551696,0.940940445536,0.951395339375,
    0.961850233214,0.972305127053,0.982760020893,0.993214914732,
    1.003669808571,1.014124702411,1.02457959625,1.035034490089,
    1.045489383928,1.055944277768,1.066399171607,1.076854065446,
    1.087308959286,1.097763853125,1.108218746964,1.118673640803,
    1.129128534643,1.139583428482,1.150038322321),
  .QUASI_UNIFORM_KNOTS.);
#2594 = CARTESIAN_POINT('',(7.20922083626,174.7917101435));
#2595 = CARTESIAN_POINT('',(7.210637197559,174.79171117568));
#2596 = CARTESIAN_POINT('',(7.213467760649,174.7929072313));
#2597 = CARTESIAN_POINT('',(7.217703649108,174.79817478631));
#2598 = CARTESIAN_POINT('',(7.221926039527,174.80680266478));
#2599 = CARTESIAN_POINT('',(7.226131614771,174.81869397928));
#2600 = CARTESIAN_POINT('',(7.230317204545,174.83376168821));
#2601 = CARTESIAN_POINT('',(7.234479776874,174.85192956828));
#2602 = CARTESIAN_POINT('',(7.238616511651,174.87313253455));
#2603 = CARTESIAN_POINT('',(7.242724469448,174.89731376004));
#2604 = CARTESIAN_POINT('',(7.246801790211,174.92443682724));
#2605 = CARTESIAN_POINT('',(7.250843170338,174.95444253168));
#2606 = CARTESIAN_POINT('',(7.254879456162,174.98759177004));
#2607 = CARTESIAN_POINT('',(7.258908878982,175.02396672316));
#2608 = CARTESIAN_POINT('',(7.262933952292,175.06370839226));
#2609 = CARTESIAN_POINT('',(7.266955858586,175.10698726397));
#2610 = CARTESIAN_POINT('',(7.2709766245,175.15403389144));
#2611 = CARTESIAN_POINT('',(7.274995235332,175.20508837489));
#2612 = CARTESIAN_POINT('',(7.279019945151,175.26062730938));
#2613 = CARTESIAN_POINT('',(7.282957870958,175.31965876151));
#2614 = CARTESIAN_POINT('',(7.286811380352,175.38240080289));
#2615 = CARTESIAN_POINT('',(7.290568258256,175.44894255764));
#2616 = CARTESIAN_POINT('',(7.294217418862,175.51942408057));
#2617 = CARTESIAN_POINT('',(7.297744585226,175.59399287632));
#2618 = CARTESIAN_POINT('',(7.301133083979,175.67281756516));
#2619 = CARTESIAN_POINT('',(7.304363766244,175.75611026932));
#2620 = CARTESIAN_POINT('',(7.307411996993,175.84395966026));
#2621 = CARTESIAN_POINT('',(7.310246854491,175.93670302735));
#2622 = CARTESIAN_POINT('',(7.312831566709,176.03447071628));
#2623 = CARTESIAN_POINT('',(7.315123248728,176.13725324743));
#2624 = CARTESIAN_POINT('',(7.31707302162,176.24488448016));
#2625 = CARTESIAN_POINT('',(7.318625607287,176.35704099126));
#2626 = CARTESIAN_POINT('',(7.319720643524,176.47325938878));
#2627 = CARTESIAN_POINT('',(7.320286949764,176.59289123603));
#2628 = CARTESIAN_POINT('',(7.320288892261,176.71360408565));
#2629 = CARTESIAN_POINT('',(7.319712687995,176.83343280959));
#2630 = CARTESIAN_POINT('',(7.318565410701,176.95060817882));
#2631 = CARTESIAN_POINT('',(7.316875052158,177.06360825528));
#2632 = CARTESIAN_POINT('',(7.314691872464,177.17112634149));
#2633 = CARTESIAN_POINT('',(7.312083452932,177.27215425061));
#2634 = CARTESIAN_POINT('',(7.309153521224,177.36569169698));
#2635 = CARTESIAN_POINT('',(7.305937490195,177.45246044178));
#2636 = CARTESIAN_POINT('',(7.30247835746,177.53272161687));
#2637 = CARTESIAN_POINT('',(7.298816184429,177.60673124531));
#2638 = CARTESIAN_POINT('',(7.29498465897,177.67475859262));
#2639 = CARTESIAN_POINT('',(7.291012021449,177.73708014145));
#2640 = CARTESIAN_POINT('',(7.286920949264,177.79397460327));
#2641 = CARTESIAN_POINT('',(7.282727870105,177.84572622726));
#2642 = CARTESIAN_POINT('',(7.27844534592,177.89258426355));
#2643 = CARTESIAN_POINT('',(7.274091256112,177.93468964407));
#2644 = CARTESIAN_POINT('',(7.269673891551,177.97224325438));
#2645 = CARTESIAN_POINT('',(7.265202741359,178.00538641315));
#2646 = CARTESIAN_POINT('',(7.260685950662,178.03423967897));
#2647 = CARTESIAN_POINT('',(7.256131094898,178.05889943588));
#2648 = CARTESIAN_POINT('',(7.251545035533,178.07944373072));
#2649 = CARTESIAN_POINT('',(7.246934023549,178.09593389826));
#2650 = CARTESIAN_POINT('',(7.242303645666,178.10841601774));
#2651 = CARTESIAN_POINT('',(7.237659092204,178.11692115259));
#2652 = CARTESIAN_POINT('',(7.23300426101,178.12146618835));
#2653 = CARTESIAN_POINT('',(7.228345185571,178.12205072491));
#2654 = CARTESIAN_POINT('',(7.223690355757,178.11867019438));
#2655 = CARTESIAN_POINT('',(7.21904268036,178.11130938393));
#2656 = CARTESIAN_POINT('',(7.214407214337,178.09993950652));
#2657 = CARTESIAN_POINT('',(7.209789152312,178.08452195007));
#2658 = CARTESIAN_POINT('',(7.205194363687,178.06500972935));
#2659 = CARTESIAN_POINT('',(7.2006292499,178.0413491171));
#2660 = CARTESIAN_POINT('',(7.196100785677,178.01348087101));
#2661 = CARTESIAN_POINT('',(7.191616513288,177.9813412623));
#2662 = CARTESIAN_POINT('',(7.187184551561,177.94486285721));
#2663 = CARTESIAN_POINT('',(7.182813605756,177.90397507297));
#2664 = CARTESIAN_POINT('',(7.178512977038,177.85860434483));
#2665 = CARTESIAN_POINT('',(7.174292597942,177.80867425307));
#2666 = CARTESIAN_POINT('',(7.170162999742,177.75410393737));
#2667 = CARTESIAN_POINT('',(7.166135574533,177.6948105427));
#2668 = CARTESIAN_POINT('',(7.16222179043,177.63069363793));
#2669 = CARTESIAN_POINT('',(7.158436381671,177.56168318679));
#2670 = CARTESIAN_POINT('',(7.154798488746,177.48778899818));
#2671 = CARTESIAN_POINT('',(7.151323712074,177.40894748529));
#2672 = CARTESIAN_POINT('',(7.148031597495,177.32515942012));
#2673 = CARTESIAN_POINT('',(7.144943359271,177.23646283996));
#2674 = CARTESIAN_POINT('',(7.142082124016,177.14294826571));
#2675 = CARTESIAN_POINT('',(7.139472494355,177.04476255912));
#2676 = CARTESIAN_POINT('',(7.137140269581,176.94211480936));
#2677 = CARTESIAN_POINT('',(7.135112142051,176.83528506116));
#2678 = CARTESIAN_POINT('',(7.133415191248,176.72462025227));
#2679 = CARTESIAN_POINT('',(7.132076970979,176.61058039441));
#2680 = CARTESIAN_POINT('',(7.131123055709,176.49360012307));
#2681 = CARTESIAN_POINT('',(7.130580001233,176.37407369737));
#2682 = CARTESIAN_POINT('',(7.130474539239,176.25349701065));
#2683 = CARTESIAN_POINT('',(7.130819748173,176.13305877201));
#2684 = CARTESIAN_POINT('',(7.131619787018,176.01394039935));
#2685 = CARTESIAN_POINT('',(7.132869979658,175.8972340671));
#2686 = CARTESIAN_POINT('',(7.134557757353,175.78396124371));
#2687 = CARTESIAN_POINT('',(7.136662970095,175.67506364359));
#2688 = CARTESIAN_POINT('',(7.139158208561,175.57139645704));
#2689 = CARTESIAN_POINT('',(7.14200825036,175.47373240246));
#2690 = CARTESIAN_POINT('',(7.145171724158,175.38271250032));
#2691 = CARTESIAN_POINT('',(7.148593692829,175.29899136703));
#2692 = CARTESIAN_POINT('',(7.15223677563,175.22252892324));
#2693 = CARTESIAN_POINT('',(7.156073946596,175.15309951902));
#2694 = CARTESIAN_POINT('',(7.160076476425,175.0905440148));
#2695 = CARTESIAN_POINT('',(7.16421888103,175.03465751914));
#2696 = CARTESIAN_POINT('',(7.16847755829,174.98522337923));
#2697 = CARTESIAN_POINT('',(7.172831134445,174.94200878062));
#2698 = CARTESIAN_POINT('',(7.177260364956,174.90477115826));
#2699 = CARTESIAN_POINT('',(7.181748163319,174.8732620294));
#2700 = CARTESIAN_POINT('',(7.186279598556,174.84723165603));
#2701 = CARTESIAN_POINT('',(7.190841909769,174.82643362331));
#2702 = CARTESIAN_POINT('',(7.195424493396,174.81062918364));
#2703 = CARTESIAN_POINT('',(7.200018987625,174.79959275961));
#2704 = CARTESIAN_POINT('',(7.204619001124,174.793113336));
#2705 = CARTESIAN_POINT('',(7.207687119849,174.79171234667));
#2706 = CARTESIAN_POINT('',(7.20922083626,174.7917101435));
#2707 = ( GEOMETRIC_REPRESENTATION_CONTEXT(2) 
PARAMETRIC_REPRESENTATION_CONTEXT() REPRESENTATION_CONTEXT('2D SPACE',''
  ) );
#2708 = PCURVE('',#2709,#2714);
#2709 = CYLINDRICAL_SURFACE('',#2710,1.65);
#2710 = AXIS2_PLACEMENT_3D('',#2711,#2712,#2713);
#2711 = CARTESIAN_POINT('',(-56.,-24.,6.));
#2712 = DIRECTION('',(0.,0.,1.));
#2713 = DIRECTION('',(1.,0.,-0.));
#2714 = DEFINITIONAL_REPRESENTATION('',(#2715),#2829);
#2715 = B_SPLINE_CURVE_WITH_KNOTS('',3,(#2716,#2717,#2718,#2719,#2720,
    #2721,#2722,#2723,#2724,#2725,#2726,#2727,#2728,#2729,#2730,#2731,
    #2732,#2733,#2734,#2735,#2736,#2737,#2738,#2739,#2740,#2741,#2742,
    #2743,#2744,#2745,#2746,#2747,#2748,#2749,#2750,#2751,#2752,#2753,
    #2754,#2755,#2756,#2757,#2758,#2759,#2760,#2761,#2762,#2763,#2764,
    #2765,#2766,#2767,#2768,#2769,#2770,#2771,#2772,#2773,#2774,#2775,
    #2776,#2777,#2778,#2779,#2780,#2781,#2782,#2783,#2784,#2785,#2786,
    #2787,#2788,#2789,#2790,#2791,#2792,#2793,#2794,#2795,#2796,#2797,
    #2798,#2799,#2800,#2801,#2802,#2803,#2804,#2805,#2806,#2807,#2808,
    #2809,#2810,#2811,#2812,#2813,#2814,#2815,#2816,#2817,#2818,#2819,
    #2820,#2821,#2822,#2823,#2824,#2825,#2826,#2827,#2828),
  .UNSPECIFIED.,.F.,.F.,(4,1,1,1,1,1,1,1,1,1,1,1,1,1,1,1,1,1,1,1,1,1,1,1
    ,1,1,1,1,1,1,1,1,1,1,1,1,1,1,1,1,1,1,1,1,1,1,1,1,1,1,1,1,1,1,1,1,1,1
    ,1,1,1,1,1,1,1,1,1,1,1,1,1,1,1,1,1,1,1,1,1,1,1,1,1,1,1,1,1,1,1,1,1,1
    ,1,1,1,1,1,1,1,1,1,1,1,1,1,1,1,1,1,1,4),(0.,1.045489383928E-02,
    2.090978767857E-02,3.136468151785E-02,4.181957535714E-02,
    5.227446919642E-02,6.27293630357E-02,7.318425687499E-02,
    8.363915071427E-02,9.409404455356E-02,0.104548938393,0.115003832232,
    0.125458726071,0.135913619911,0.14636851375,0.156823407589,
    0.167278301429,0.177733195268,0.188188089107,0.198642982946,
    0.209097876786,0.219552770625,0.230007664464,0.240462558304,
    0.250917452143,0.261372345982,0.271827239821,0.282282133661,
    0.2927370275,0.303191921339,0.313646815179,0.324101709018,
    0.334556602857,0.345011496696,0.355466390536,0.365921284375,
    0.376376178214,0.386831072054,0.397285965893,0.407740859732,
    0.418195753571,0.428650647411,0.43910554125,0.449560435089,
    0.460015328928,0.470470222768,0.480925116607,0.491380010446,
    0.501834904286,0.512289798125,0.522744691964,0.533199585803,
    0.543654479643,0.554109373482,0.564564267321,0.575019161161,
    0.585474055,0.595928948839,0.606383842678,0.616838736518,
    0.627293630357,0.637748524196,0.648203418036,0.658658311875,
    0.669113205714,0.679568099553,0.690022993393,0.700477887232,
    0.710932781071,0.721387674911,0.73184256875,0.742297462589,
    0.752752356428,0.763207250268,0.773662144107,0.784117037946,
    0.794571931786,0.805026825625,0.815481719464,0.825936613303,
    0.836391507143,0.846846400982,0.857301294821,0.867756188661,
    0.8782110825,0.888665976339,0.899120870178,0.909575764018,
    0.920030657857,0.930485551696,0.940940445536,0.951395339375,
    0.961850233214,0.972305127053,0.982760020893,0.993214914732,
    1.003669808571,1.014124702411,1.02457959625,1.035034490089,
    1.045489383928,1.055944277768,1.066399171607,1.076854065446,
    1.087308959286,1.097763853125,1.108218746964,1.118673640803,
    1.129128534643,1.139583428482,1.150038322321),
  .QUASI_UNIFORM_KNOTS.);
#2716 = CARTESIAN_POINT('',(6.28318530718,12.047283030985));
#2717 = CARTESIAN_POINT('',(6.267693965865,12.013290342124));
#2718 = CARTESIAN_POINT('',(6.236895505654,11.945155381084));
#2719 = CARTESIAN_POINT('',(6.191191368027,11.842605301565));
#2720 = CARTESIAN_POINT('',(6.145920469233,11.739810318013));
#2721 = CARTESIAN_POINT('',(6.101026692952,11.636867487604));
#2722 = CARTESIAN_POINT('',(6.056455344486,11.533870138484));
#2723 = CARTESIAN_POINT('',(6.012153003423,11.430908054852));
#2724 = CARTESIAN_POINT('',(5.968065625041,11.328065535176));
#2725 = CARTESIAN_POINT('',(5.924141383171,11.225429789527));
#2726 = CARTESIAN_POINT('',(5.880316433542,11.123060176291));
#2727 = CARTESIAN_POINT('',(5.836564161279,11.021103811267));
#2728 = CARTESIAN_POINT('',(5.792459602635,10.918789186971));
#2729 = CARTESIAN_POINT('',(5.747918167492,10.816159751318));
#2730 = CARTESIAN_POINT('',(5.702797122701,10.713149221915));
#2731 = CARTESIAN_POINT('',(5.656952144169,10.609721699829));
#2732 = CARTESIAN_POINT('',(5.610206532491,10.505815577488));
#2733 = CARTESIAN_POINT('',(5.562394688375,10.40144521917));
#2734 = CARTESIAN_POINT('',(5.513188563578,10.296373650939));
#2735 = CARTESIAN_POINT('',(5.463499955105,10.1930176427));
#2736 = CARTESIAN_POINT('',(5.413095916721,10.091323060244));
#2737 = CARTESIAN_POINT('',(5.361884339015,9.991611122351));
#2738 = CARTESIAN_POINT('',(5.309729312615,9.894173258549));
#2739 = CARTESIAN_POINT('',(5.256494296331,9.799382536925));
#2740 = CARTESIAN_POINT('',(5.202026572435,9.707673180002));
#2741 = CARTESIAN_POINT('',(5.146140882666,9.619541072938));
#2742 = CARTESIAN_POINT('',(5.088716365822,9.535630982493));
#2743 = CARTESIAN_POINT('',(5.029491250633,9.456735633427));
#2744 = CARTESIAN_POINT('',(4.968289297622,9.383811643763));
#2745 = CARTESIAN_POINT('',(4.904988914734,9.317981310402));
#2746 = CARTESIAN_POINT('',(4.839527956718,9.2605297023));
#2747 = CARTESIAN_POINT('',(4.771896131846,9.21291450215));
#2748 = CARTESIAN_POINT('',(4.702114023047,9.176729546476));
#2749 = CARTESIAN_POINT('',(4.63023005915,9.153857647578));
#2750 = CARTESIAN_POINT('',(4.557259848887,9.145355997551));
#2751 = CARTESIAN_POINT('',(4.484003972603,9.151686384397));
#2752 = CARTESIAN_POINT('',(4.411159036605,9.17275509844));
#2753 = CARTESIAN_POINT('',(4.339312671436,9.207910538861));
#2754 = CARTESIAN_POINT('',(4.269001778841,9.255912881144));
#2755 = CARTESIAN_POINT('',(4.200682551601,9.315057800761));
#2756 = CARTESIAN_POINT('',(4.135025038658,9.382711910985));
#2757 = CARTESIAN_POINT('',(4.071509279028,9.457890710659));
#2758 = CARTESIAN_POINT('',(4.009949742664,9.539448867972));
#2759 = CARTESIAN_POINT('',(3.950195132956,9.626322235134));
#2760 = CARTESIAN_POINT('',(3.892092357399,9.717614242057));
#2761 = CARTESIAN_POINT('',(3.835486875376,9.812571390988));
#2762 = CARTESIAN_POINT('',(3.78021731493,9.910585305994));
#2763 = CARTESIAN_POINT('',(3.726101760269,10.011207977017));
#2764 = CARTESIAN_POINT('',(3.672965662933,10.114093372986));
#2765 = CARTESIAN_POINT('',(3.620740124984,10.218775103059));
#2766 = CARTESIAN_POINT('',(3.569270826944,10.325023474762));
#2767 = CARTESIAN_POINT('',(3.518448360134,10.432585557721));
#2768 = CARTESIAN_POINT('',(3.468169756394,10.541245463967));
#2769 = CARTESIAN_POINT('',(3.418343851781,10.650805152293));
#2770 = CARTESIAN_POINT('',(3.368885945035,10.761087419648));
#2771 = CARTESIAN_POINT('',(3.319716322208,10.871933052313));
#2772 = CARTESIAN_POINT('',(3.270757454669,10.98320183784));
#2773 = CARTESIAN_POINT('',(3.221934877331,11.094765915983));
#2774 = CARTESIAN_POINT('',(3.173166021262,11.206531109635));
#2775 = CARTESIAN_POINT('',(3.124394340725,11.318354448432));
#2776 = CARTESIAN_POINT('',(3.075591339375,11.430036608857));
#2777 = CARTESIAN_POINT('',(3.026671357481,11.541514647767));
#2778 = CARTESIAN_POINT('',(2.977571039842,11.652676541364));
#2779 = CARTESIAN_POINT('',(2.928227119146,11.763409394925));
#2780 = CARTESIAN_POINT('',(2.878580955919,11.873586667957));
#2781 = CARTESIAN_POINT('',(2.828576070949,11.983071683665));
#2782 = CARTESIAN_POINT('',(2.77815764621,12.091716729094));
#2783 = CARTESIAN_POINT('',(2.727271535787,12.199363287345));
#2784 = CARTESIAN_POINT('',(2.675863391861,12.305841917813));
#2785 = CARTESIAN_POINT('',(2.623877720905,12.410972119589));
#2786 = CARTESIAN_POINT('',(2.571256772572,12.514562214126));
#2787 = CARTESIAN_POINT('',(2.517939555566,12.616408612551));
#2788 = CARTESIAN_POINT('',(2.463859531948,12.716296767224));
#2789 = CARTESIAN_POINT('',(2.40894599596,12.813994993316));
#2790 = CARTESIAN_POINT('',(2.353109912483,12.909273819615));
#2791 = CARTESIAN_POINT('',(2.296285283598,13.001828700079));
#2792 = CARTESIAN_POINT('',(2.238455650701,13.091250505714));
#2793 = CARTESIAN_POINT('',(2.179529452477,13.177220081251));
#2794 = CARTESIAN_POINT('',(2.119450478115,13.259324933017));
#2795 = CARTESIAN_POINT('',(2.05816761481,13.337113549024));
#2796 = CARTESIAN_POINT('',(1.995641380253,13.410088023019));
#2797 = CARTESIAN_POINT('',(1.931841170657,13.477712960827));
#2798 = CARTESIAN_POINT('',(1.866744967483,13.539420327895));
#2799 = CARTESIAN_POINT('',(1.800341011377,13.594614341348));
#2800 = CARTESIAN_POINT('',(1.732622358637,13.642681805043));
#2801 = CARTESIAN_POINT('',(1.663612310173,13.682984414217));
#2802 = CARTESIAN_POINT('',(1.59327961582,13.714924502147));
#2803 = CARTESIAN_POINT('',(1.521529699531,13.737878209567));
#2804 = CARTESIAN_POINT('',(1.448889028513,13.751108755354));
#2805 = CARTESIAN_POINT('',(1.37567690819,13.754202219202));
#2806 = CARTESIAN_POINT('',(1.302205067392,13.746934256396));
#2807 = CARTESIAN_POINT('',(1.228744718104,13.729276506029));
#2808 = CARTESIAN_POINT('',(1.155552704935,13.701375630402));
#2809 = CARTESIAN_POINT('',(1.082880532208,13.663549844544));
#2810 = CARTESIAN_POINT('',(1.010983794106,13.616285639646));
#2811 = CARTESIAN_POINT('',(0.940142020561,13.56025410363));
#2812 = CARTESIAN_POINT('',(0.870634582254,13.496281599449));
#2813 = CARTESIAN_POINT('',(0.802882399191,13.425511432873));
#2814 = CARTESIAN_POINT('',(0.736871229647,13.348759032709));
#2815 = CARTESIAN_POINT('',(0.672459319819,13.266626339738));
#2816 = CARTESIAN_POINT('',(0.6095884044,13.179755560094));
#2817 = CARTESIAN_POINT('',(0.548185628357,13.088725760401));
#2818 = CARTESIAN_POINT('',(0.488186532082,12.994080626812));
#2819 = CARTESIAN_POINT('',(0.429526303014,12.896320378432));
#2820 = CARTESIAN_POINT('',(0.372139992054,12.79590278731));
#2821 = CARTESIAN_POINT('',(0.315960604054,12.693241409055));
#2822 = CARTESIAN_POINT('',(0.260917916851,12.58870439275));
#2823 = CARTESIAN_POINT('',(0.206937134539,12.48261286211));
#2824 = CARTESIAN_POINT('',(0.153937711344,12.375239935906));
#2825 = CARTESIAN_POINT('',(0.101831616634,12.266807361849));
#2826 = CARTESIAN_POINT('',(5.052337731997E-02,12.157490870967));
#2827 = CARTESIAN_POINT('',(1.67764576156E-02,12.084092127559));
#2828 = CARTESIAN_POINT('',(0.,12.047283030985));
#2829 = ( GEOMETRIC_REPRESENTATION_CONTEXT(2) 
PARAMETRIC_REPRESENTATION_CONTEXT() REPRESENTATION_CONTEXT('2D SPACE',''
  ) );
#2830 = ADVANCED_FACE('',(#2831),#2709,.F.);
#2831 = FACE_BOUND('',#2832,.F.);
#2832 = EDGE_LOOP('',(#2833,#2834,#2857,#3043,#3067,#3103));
#2833 = ORIENTED_EDGE('',*,*,#2507,.T.);
#2834 = ORIENTED_EDGE('',*,*,#2835,.F.);
#2835 = EDGE_CURVE('',#2836,#2508,#2838,.T.);
#2836 = VERTEX_POINT('',#2837);
#2837 = CARTESIAN_POINT('',(-54.35,-24.,14.101522137984));
#2838 = SEAM_CURVE('',#2839,(#2843,#2850),.PCURVE_S1.);
#2839 = LINE('',#2840,#2841);
#2840 = CARTESIAN_POINT('',(-54.35,-24.,6.));
#2841 = VECTOR('',#2842,1.);
#2842 = DIRECTION('',(0.,0.,1.));
#2843 = PCURVE('',#2709,#2844);
#2844 = DEFINITIONAL_REPRESENTATION('',(#2845),#2849);
#2845 = LINE('',#2846,#2847);
#2846 = CARTESIAN_POINT('',(0.,-0.));
#2847 = VECTOR('',#2848,1.);
#2848 = DIRECTION('',(0.,1.));
#2849 = ( GEOMETRIC_REPRESENTATION_CONTEXT(2) 
PARAMETRIC_REPRESENTATION_CONTEXT() REPRESENTATION_CONTEXT('2D SPACE',''
  ) );
#2850 = PCURVE('',#2709,#2851);
#2851 = DEFINITIONAL_REPRESENTATION('',(#2852),#2856);
#2852 = LINE('',#2853,#2854);
#2853 = CARTESIAN_POINT('',(6.28318530718,-0.));
#2854 = VECTOR('',#2855,1.);
#2855 = DIRECTION('',(0.,1.));
#2856 = ( GEOMETRIC_REPRESENTATION_CONTEXT(2) 
PARAMETRIC_REPRESENTATION_CONTEXT() REPRESENTATION_CONTEXT('2D SPACE',''
  ) );
#2857 = ORIENTED_EDGE('',*,*,#2858,.T.);
#2858 = EDGE_CURVE('',#2836,#2859,#2861,.T.);
#2859 = VERTEX_POINT('',#2860);
#2860 = CARTESIAN_POINT('',(-57.64693891584,-24.10045997942,13.));
#2861 = SURFACE_CURVE('',#2862,(#2914,#2969),.PCURVE_S1.);
#2862 = B_SPLINE_CURVE_WITH_KNOTS('',8,(#2863,#2864,#2865,#2866,#2867,
    #2868,#2869,#2870,#2871,#2872,#2873,#2874,#2875,#2876,#2877,#2878,
    #2879,#2880,#2881,#2882,#2883,#2884,#2885,#2886,#2887,#2888,#2889,
    #2890,#2891,#2892,#2893,#2894,#2895,#2896,#2897,#2898,#2899,#2900,
    #2901,#2902,#2903,#2904,#2905,#2906,#2907,#2908,#2909,#2910,#2911,
    #2912,#2913),.UNSPECIFIED.,.F.,.F.,(9,7,7,7,7,7,7,9),(0.,
    0.105747137594,0.232076064729,0.349829108944,0.490879027559,
    0.675878426308,0.839050137333,1.),.UNSPECIFIED.);
#2863 = CARTESIAN_POINT('',(-54.35,-24.,14.101522137984));
#2864 = CARTESIAN_POINT('',(-54.35,-23.93881402563,14.205657235635));
#2865 = CARTESIAN_POINT('',(-54.35259313736,-23.87675743419,
    14.309429600564));
#2866 = CARTESIAN_POINT('',(-54.35790818043,-23.81385008944,
    14.412768146799));
#2867 = CARTESIAN_POINT('',(-54.36609552535,-23.75012580704,
    14.515575747255));
#2868 = CARTESIAN_POINT('',(-54.37732571767,-23.68563372679,
    14.617729691095));
#2869 = CARTESIAN_POINT('',(-54.39179153405,-23.62043967867,
    14.719081279208));
#2870 = CARTESIAN_POINT('',(-54.40971362405,-23.55462754261,
    14.819454557782));
#2871 = CARTESIAN_POINT('',(-54.45719687747,-23.40906430867,
    15.03713931054));
#2872 = CARTESIAN_POINT('',(-54.48831827202,-23.32917358589,
    15.153825152363));
#2873 = CARTESIAN_POINT('',(-54.52516049317,-23.24873350394,
    15.268467225059));
#2874 = CARTESIAN_POINT('',(-54.56823420683,-23.16799091346,
    15.380604553207));
#2875 = CARTESIAN_POINT('',(-54.61809883133,-23.08734925771,
    15.489554177977));
#2876 = CARTESIAN_POINT('',(-54.67533071993,-23.00737773275,
    15.594427329829));
#2877 = CARTESIAN_POINT('',(-54.74050792183,-22.92882136493,
    15.694134073247));
#2878 = CARTESIAN_POINT('',(-54.8829756413,-22.78158883725,
    15.874244161423));
#2879 = CARTESIAN_POINT('',(-54.95924618948,-22.71249913522,
    15.955626270045));
#2880 = CARTESIAN_POINT('',(-55.04333826482,-22.64637772666,
    16.030086903463));
#2881 = CARTESIAN_POINT('',(-55.13531667555,-22.58449740614,
    16.09597141605));
#2882 = CARTESIAN_POINT('',(-55.23488990403,-22.52827418151,
    16.151575710888));
#2883 = CARTESIAN_POINT('',(-55.34132827457,-22.47919538639,
    16.195232393409));
#2884 = CARTESIAN_POINT('',(-55.45329766005,-22.43863700487,
    16.22554444156));
#2885 = CARTESIAN_POINT('',(-55.70642200309,-22.37004880442,
    16.261755834088));
#2886 = CARTESIAN_POINT('',(-55.84862376885,-22.3461800125,
    16.261586903277));
#2887 = CARTESIAN_POINT('',(-55.99084245551,-22.3371546738,
    16.240865655648));
#2888 = CARTESIAN_POINT('',(-56.1299368464,-22.3422356795,
    16.201372850302));
#2889 = CARTESIAN_POINT('',(-56.26356490158,-22.35993959121,
    16.145499411259));
#2890 = CARTESIAN_POINT('',(-56.39007298916,-22.38847113648,
    16.075810589383));
#2891 = CARTESIAN_POINT('',(-56.50844630961,-22.42583479566,
    15.995059829158));
#2892 = CARTESIAN_POINT('',(-56.76215867208,-22.52836095344,
    15.788541633159));
#2893 = CARTESIAN_POINT('',(-56.89197089992,-22.59882724318,
    15.656042601813));
#2894 = CARTESIAN_POINT('',(-57.00835584036,-22.67842984964,
    15.511934817419));
#2895 = CARTESIAN_POINT('',(-57.11178325523,-22.76482200746,
    15.358945189794));
#2896 = CARTESIAN_POINT('',(-57.20305344508,-22.85604709594,
    15.199338700795));
#2897 = CARTESIAN_POINT('',(-57.28300500002,-22.95070968123,
    15.034712408542));
#2898 = CARTESIAN_POINT('',(-57.3525373329,-23.04786143917,
    14.866074540933));
#2899 = CARTESIAN_POINT('',(-57.46526295476,-23.23452730352,
    14.541704513322));
#2900 = CARTESIAN_POINT('',(-57.51048026541,-23.32339658574,
    14.387133174979));
#2901 = CARTESIAN_POINT('',(-57.54858023669,-23.41316164304,
    14.230522276222));
#2902 = CARTESIAN_POINT('',(-57.57996355691,-23.50342465621,
    14.072309517696));
#2903 = CARTESIAN_POINT('',(-57.60496920657,-23.59386541697,
    13.912864215379));
#2904 = CARTESIAN_POINT('',(-57.62388974773,-23.68422998216,
    13.752491788629));
#2905 = CARTESIAN_POINT('',(-57.63696965856,-23.77432439387,
    13.591434287278));
#2906 = CARTESIAN_POINT('',(-57.65170277248,-23.95248127428,
    13.270499630345));
#2907 = CARTESIAN_POINT('',(-57.65350648408,-24.04052067656,
    13.11069752148));
#2908 = CARTESIAN_POINT('',(-57.6499776175,-24.12799277543,
    12.950646035461));
#2909 = CARTESIAN_POINT('',(-57.6412337459,-24.21477609189,
    12.790536659428));
#2910 = CARTESIAN_POINT('',(-57.62734245235,-24.30076439239,
    12.630566654838));
#2911 = CARTESIAN_POINT('',(-57.6083179342,-24.3858658284,
    12.470941514466));
#2912 = CARTESIAN_POINT('',(-57.58410200566,-24.47000338793,
    12.311880184932));
#2913 = CARTESIAN_POINT('',(-57.55452949842,-24.55311665906,
    12.15362305477));
#2914 = PCURVE('',#2709,#2915);
#2915 = DEFINITIONAL_REPRESENTATION('',(#2916),#2968);
#2916 = B_SPLINE_CURVE_WITH_KNOTS('',8,(#2917,#2918,#2919,#2920,#2921,
    #2922,#2923,#2924,#2925,#2926,#2927,#2928,#2929,#2930,#2931,#2932,
    #2933,#2934,#2935,#2936,#2937,#2938,#2939,#2940,#2941,#2942,#2943,
    #2944,#2945,#2946,#2947,#2948,#2949,#2950,#2951,#2952,#2953,#2954,
    #2955,#2956,#2957,#2958,#2959,#2960,#2961,#2962,#2963,#2964,#2965,
    #2966,#2967),.UNSPECIFIED.,.F.,.F.,(9,7,7,7,7,7,7,9),(0.,
    0.105747137594,0.232076064729,0.349829108944,0.490879027559,
    0.675878426308,0.839050137333,1.),.UNSPECIFIED.);
#2917 = CARTESIAN_POINT('',(0.,8.101522137984));
#2918 = CARTESIAN_POINT('',(3.708240870872E-02,8.205657235635));
#2919 = CARTESIAN_POINT('',(7.469251712973E-02,8.309429600564));
#2920 = CARTESIAN_POINT('',(0.112895748734,8.412768146799));
#2921 = CARTESIAN_POINT('',(0.151758981591,8.515575747255));
#2922 = CARTESIAN_POINT('',(0.191351707113,8.617729691095));
#2923 = CARTESIAN_POINT('',(0.231749147965,8.719081279208));
#2924 = CARTESIAN_POINT('',(0.27303733512,8.819454557782));
#2925 = CARTESIAN_POINT('',(0.365832545782,9.03713931054));
#2926 = CARTESIAN_POINT('',(0.417713233983,9.153825152363));
#2927 = CARTESIAN_POINT('',(0.471182502463,9.268467225059));
#2928 = CARTESIAN_POINT('',(0.52643392079,9.380604553207));
#2929 = CARTESIAN_POINT('',(0.583649197126,9.489554177977));
#2930 = CARTESIAN_POINT('',(0.643004100687,9.594427329829));
#2931 = CARTESIAN_POINT('',(0.70468708744,9.694134073247));
#2932 = CARTESIAN_POINT('',(0.828854793425,9.874244161423));
#2933 = CARTESIAN_POINT('',(0.891090295463,9.955626270045));
#2934 = CARTESIAN_POINT('',(0.955654500135,10.030086903463));
#2935 = CARTESIAN_POINT('',(1.022462504917,10.09597141605));
#2936 = CARTESIAN_POINT('',(1.091320525018,10.151575710888));
#2937 = CARTESIAN_POINT('',(1.161940653694,10.195232393409));
#2938 = CARTESIAN_POINT('',(1.23386729766,10.22554444156));
#2939 = CARTESIAN_POINT('',(1.392808091805,10.261755834088));
#2940 = CARTESIAN_POINT('',(1.479773397619,10.261586903277));
#2941 = CARTESIAN_POINT('',(1.565393022218,10.240865655648));
#2942 = CARTESIAN_POINT('',(1.648946059864,10.201372850302));
#2943 = CARTESIAN_POINT('',(1.729967554877,10.145499411259));
#2944 = CARTESIAN_POINT('',(1.808088595502,10.075810589383));
#2945 = CARTESIAN_POINT('',(1.883090304209,9.995059829158));
#2946 = CARTESIAN_POINT('',(2.048935747539,9.788541633159));
#2947 = CARTESIAN_POINT('',(2.137880314324,9.656042601813));
#2948 = CARTESIAN_POINT('',(2.222622015735,9.511934817419));
#2949 = CARTESIAN_POINT('',(2.303588177644,9.358945189794));
#2950 = CARTESIAN_POINT('',(2.381223350249,9.199338700795));
#2951 = CARTESIAN_POINT('',(2.45590860195,9.034712408542));
#2952 = CARTESIAN_POINT('',(2.528095673272,8.866074540933));
#2953 = CARTESIAN_POINT('',(2.660254704194,8.541704513322));
#2954 = CARTESIAN_POINT('',(2.720526976807,8.387133174979));
#2955 = CARTESIAN_POINT('',(2.779394789784,8.230522276222));
#2956 = CARTESIAN_POINT('',(2.837060960942,8.072309517696));
#2957 = CARTESIAN_POINT('',(2.893698351794,7.912864215379));
#2958 = CARTESIAN_POINT('',(2.949469765574,7.752491788629));
#2959 = CARTESIAN_POINT('',(3.004540418609,7.591434287278));
#2960 = CARTESIAN_POINT('',(3.112882865664,7.270499630345));
#2961 = CARTESIAN_POINT('',(3.16614891698,7.11069752148));
#2962 = CARTESIAN_POINT('',(3.219042299952,6.950646035461));
#2963 = CARTESIAN_POINT('',(3.271715013341,6.790536659428));
#2964 = CARTESIAN_POINT('',(3.324316751516,6.630566654838));
#2965 = CARTESIAN_POINT('',(3.377006449132,6.470941514466));
#2966 = CARTESIAN_POINT('',(3.429968512661,6.311880184932));
#2967 = CARTESIAN_POINT('',(3.483433738774,6.15362305477));
#2968 = ( GEOMETRIC_REPRESENTATION_CONTEXT(2) 
PARAMETRIC_REPRESENTATION_CONTEXT() REPRESENTATION_CONTEXT('2D SPACE',''
  ) );
#2969 = PCURVE('',#2970,#2989);
#2970 = SURFACE_OF_REVOLUTION('',#2971,#2986);
#2971 = B_SPLINE_CURVE_WITH_KNOTS('',3,(#2972,#2973,#2974,#2975,#2976,
    #2977,#2978,#2979,#2980,#2981,#2982,#2983,#2984,#2985),
  .UNSPECIFIED.,.F.,.F.,(4,1,1,1,1,1,1,1,1,1,1,4),(0.,5.,18.89244398945,
    35.980451480085,58.341131255083,73.415944686764,108.41594468676,
    153.41594468676,178.65975580949,204.25760728183,228.29923784217,
    241.27672700277),.UNSPECIFIED.);
#2972 = CARTESIAN_POINT('',(104.,0.,7.3));
#2973 = CARTESIAN_POINT('',(102.69932389864,0.,8.343092216066));
#2974 = CARTESIAN_POINT('',(97.657437722892,0.,12.121888595652));
#2975 = CARTESIAN_POINT('',(87.223405088337,0.,18.142445616907));
#2976 = CARTESIAN_POINT('',(70.469779866727,0.,24.432993704813));
#2977 = CARTESIAN_POINT('',(52.417814420103,0.,27.097578212121));
#2978 = CARTESIAN_POINT('',(28.405251514796,0.,29.80428319806));
#2979 = CARTESIAN_POINT('',(-3.332386321859,0.,27.915511691025));
#2980 = CARTESIAN_POINT('',(-38.5044005897,0.,30.538452903923));
#2981 = CARTESIAN_POINT('',(-70.17908931887,0.,25.510496097283));
#2982 = CARTESIAN_POINT('',(-94.55634463445,0.,20.213483784073));
#2983 = CARTESIAN_POINT('',(-114.6418428807,0.,14.344923642922));
#2984 = CARTESIAN_POINT('',(-126.0638537048,0.,9.671045177142));
#2985 = CARTESIAN_POINT('',(-130.,0.,7.858823529412));
#2986 = AXIS1_PLACEMENT('',#2987,#2988);
#2987 = CARTESIAN_POINT('',(0.,0.,0.));
#2988 = DIRECTION('',(1.,0.,0.));
#2989 = DEFINITIONAL_REPRESENTATION('',(#2990),#3042);
#2990 = B_SPLINE_CURVE_WITH_KNOTS('',8,(#2991,#2992,#2993,#2994,#2995,
    #2996,#2997,#2998,#2999,#3000,#3001,#3002,#3003,#3004,#3005,#3006,
    #3007,#3008,#3009,#3010,#3011,#3012,#3013,#3014,#3015,#3016,#3017,
    #3018,#3019,#3020,#3021,#3022,#3023,#3024,#3025,#3026,#3027,#3028,
    #3029,#3030,#3031,#3032,#3033,#3034,#3035,#3036,#3037,#3038,#3039,
    #3040,#3041),.UNSPECIFIED.,.F.,.F.,(9,7,7,7,7,7,7,9),(0.,
    0.105747137594,0.232076064729,0.349829108944,0.490879027559,
    0.675878426308,0.839050137333,1.),.UNSPECIFIED.);
#2991 = CARTESIAN_POINT('',(7.322756867319,162.82409676548));
#2992 = CARTESIAN_POINT('',(7.318417904917,162.82409676548));
#2993 = CARTESIAN_POINT('',(7.314074333296,162.82671077122));
#2994 = CARTESIAN_POINT('',(7.309728382266,162.83206858708));
#2995 = CARTESIAN_POINT('',(7.305383323344,162.84032183596));
#2996 = CARTESIAN_POINT('',(7.301043478855,162.85164247188));
#2997 = CARTESIAN_POINT('',(7.296714259165,162.86622488471));
#2998 = CARTESIAN_POINT('',(7.292402228044,162.88429159706));
#2999 = CARTESIAN_POINT('',(7.282993770187,162.93215862247));
#3000 = CARTESIAN_POINT('',(7.277913210124,162.96353187452));
#3001 = CARTESIAN_POINT('',(7.272881961822,163.00067275061));
#3002 = CARTESIAN_POINT('',(7.267918035526,163.04409637478));
#3003 = CARTESIAN_POINT('',(7.263049158957,163.09436715505));
#3004 = CARTESIAN_POINT('',(7.258312523886,163.15206675224));
#3005 = CARTESIAN_POINT('',(7.253754944903,163.217778773));
#3006 = CARTESIAN_POINT('',(7.245406865176,163.36142139338));
#3007 = CARTESIAN_POINT('',(7.241579362529,163.43832326052));
#3008 = CARTESIAN_POINT('',(7.238014194666,163.52311438849));
#3009 = CARTESIAN_POINT('',(7.234786208225,163.61586122222));
#3010 = CARTESIAN_POINT('',(7.231975012346,163.7162710895));
#3011 = CARTESIAN_POINT('',(7.229661198784,163.8236095749));
#3012 = CARTESIAN_POINT('',(7.227915744025,163.93653250994));
#3013 = CARTESIAN_POINT('',(7.225401806323,164.19182760071));
#3014 = CARTESIAN_POINT('',(7.224898458524,164.33525844541));
#3015 = CARTESIAN_POINT('',(7.225311269335,164.47871702129));
#3016 = CARTESIAN_POINT('',(7.226575354384,164.61903465166));
#3017 = CARTESIAN_POINT('',(7.228591444532,164.75384754874));
#3018 = CARTESIAN_POINT('',(7.231247561913,164.88148570792));
#3019 = CARTESIAN_POINT('',(7.234421207282,165.00092344825));
#3020 = CARTESIAN_POINT('',(7.242695708643,165.25693056677));
#3021 = CARTESIAN_POINT('',(7.248110752785,165.38792763187));
#3022 = CARTESIAN_POINT('',(7.254070585719,165.50538305681));
#3023 = CARTESIAN_POINT('',(7.260445007718,165.60976795882));
#3024 = CARTESIAN_POINT('',(7.267125242792,165.70188756368));
#3025 = CARTESIAN_POINT('',(7.274033951767,165.78258645341));
#3026 = CARTESIAN_POINT('',(7.281120730761,165.85277105078));
#3027 = CARTESIAN_POINT('',(7.294758012089,165.96655719383));
#3028 = CARTESIAN_POINT('',(7.301259006078,166.01220138155));
#3029 = CARTESIAN_POINT('',(7.307843882768,166.05066200488));
#3030 = CARTESIAN_POINT('',(7.314490954755,166.08234300115));
#3031 = CARTESIAN_POINT('',(7.321182207144,166.10758618187));
#3032 = CARTESIAN_POINT('',(7.327902928404,166.12668662503));
#3033 = CARTESIAN_POINT('',(7.334641559823,166.13989096775));
#3034 = CARTESIAN_POINT('',(7.348046079569,166.15476427412));
#3035 = CARTESIAN_POINT('',(7.354709149462,166.15658517744));
#3036 = CARTESIAN_POINT('',(7.361370259375,166.15302271364));
#3037 = CARTESIAN_POINT('',(7.368020848141,166.14419558335));
#3038 = CARTESIAN_POINT('',(7.374652462386,166.13017208921));
#3039 = CARTESIAN_POINT('',(7.381256639208,166.11096670322));
#3040 = CARTESIAN_POINT('',(7.387824716454,166.08652089575));
#3041 = CARTESIAN_POINT('',(7.394347570611,166.05666822583));
#3042 = ( GEOMETRIC_REPRESENTATION_CONTEXT(2) 
PARAMETRIC_REPRESENTATION_CONTEXT() REPRESENTATION_CONTEXT('2D SPACE',''
  ) );
#3043 = ORIENTED_EDGE('',*,*,#3044,.T.);
#3044 = EDGE_CURVE('',#2859,#3045,#3047,.T.);
#3045 = VERTEX_POINT('',#3046);
#3046 = CARTESIAN_POINT('',(-54.46204237079,-24.59765067621,13.));
#3047 = SURFACE_CURVE('',#3048,(#3053,#3060),.PCURVE_S1.);
#3048 = CIRCLE('',#3049,1.65);
#3049 = AXIS2_PLACEMENT_3D('',#3050,#3051,#3052);
#3050 = CARTESIAN_POINT('',(-56.,-24.,13.));
#3051 = DIRECTION('',(0.,0.,1.));
#3052 = DIRECTION('',(1.,0.,-0.));
#3053 = PCURVE('',#2709,#3054);
#3054 = DEFINITIONAL_REPRESENTATION('',(#3055),#3059);
#3055 = LINE('',#3056,#3057);
#3056 = CARTESIAN_POINT('',(0.,7.));
#3057 = VECTOR('',#3058,1.);
#3058 = DIRECTION('',(1.,0.));
#3059 = ( GEOMETRIC_REPRESENTATION_CONTEXT(2) 
PARAMETRIC_REPRESENTATION_CONTEXT() REPRESENTATION_CONTEXT('2D SPACE',''
  ) );
#3060 = PCURVE('',#628,#3061);
#3061 = DEFINITIONAL_REPRESENTATION('',(#3062),#3066);
#3062 = CIRCLE('',#3063,1.65);
#3063 = AXIS2_PLACEMENT_2D('',#3064,#3065);
#3064 = CARTESIAN_POINT('',(194.,226.));
#3065 = DIRECTION('',(1.,0.));
#3066 = ( GEOMETRIC_REPRESENTATION_CONTEXT(2) 
PARAMETRIC_REPRESENTATION_CONTEXT() REPRESENTATION_CONTEXT('2D SPACE',''
  ) );
#3067 = ORIENTED_EDGE('',*,*,#3068,.T.);
#3068 = EDGE_CURVE('',#3045,#2836,#3069,.T.);
#3069 = SURFACE_CURVE('',#3070,(#3079,#3091),.PCURVE_S1.);
#3070 = B_SPLINE_CURVE_WITH_KNOTS('',7,(#3071,#3072,#3073,#3074,#3075,
    #3076,#3077,#3078),.UNSPECIFIED.,.F.,.F.,(8,8),(0.,1.),
  .PIECEWISE_BEZIER_KNOTS.);
#3071 = CARTESIAN_POINT('',(-54.62689477063,-24.91492187048,
    12.332714133916));
#3072 = CARTESIAN_POINT('',(-54.55168835102,-24.80205285796,
    12.582904464941));
#3073 = CARTESIAN_POINT('',(-54.48795985285,-24.68295444293,
    12.835103827533));
#3074 = CARTESIAN_POINT('',(-54.43535600863,-24.55781923903,
    13.088652483382));
#3075 = CARTESIAN_POINT('',(-54.39424780944,-24.42677199268,
    13.342888265555));
#3076 = CARTESIAN_POINT('',(-54.36541110843,-24.28997308268,
    13.597041721187));
#3077 = CARTESIAN_POINT('',(-54.35,-24.14763867421,13.850249392648));
#3078 = CARTESIAN_POINT('',(-54.35,-24.,14.101522137984));
#3079 = PCURVE('',#2709,#3080);
#3080 = DEFINITIONAL_REPRESENTATION('',(#3081),#3090);
#3081 = B_SPLINE_CURVE_WITH_KNOTS('',7,(#3082,#3083,#3084,#3085,#3086,
    #3087,#3088,#3089),.UNSPECIFIED.,.F.,.F.,(8,8),(0.,1.),
  .PIECEWISE_BEZIER_KNOTS.);
#3082 = CARTESIAN_POINT('',(5.695425569412,6.332714133916));
#3083 = CARTESIAN_POINT('',(5.777625396568,6.582904464941));
#3084 = CARTESIAN_POINT('',(5.859109567895,6.835103827533));
#3085 = CARTESIAN_POINT('',(5.940808237413,7.088652483382));
#3086 = CARTESIAN_POINT('',(6.023366117756,7.342888265555));
#3087 = CARTESIAN_POINT('',(6.107443962934,7.597041721187));
#3088 = CARTESIAN_POINT('',(6.19370732281,7.850249392648));
#3089 = CARTESIAN_POINT('',(6.28318530718,8.101522137984));
#3090 = ( GEOMETRIC_REPRESENTATION_CONTEXT(2) 
PARAMETRIC_REPRESENTATION_CONTEXT() REPRESENTATION_CONTEXT('2D SPACE',''
  ) );
#3091 = PCURVE('',#2970,#3092);
#3092 = DEFINITIONAL_REPRESENTATION('',(#3093),#3102);
#3093 = B_SPLINE_CURVE_WITH_KNOTS('',7,(#3094,#3095,#3096,#3097,#3098,
    #3099,#3100,#3101),.UNSPECIFIED.,.F.,.F.,(8,8),(0.,1.),
  .PIECEWISE_BEZIER_KNOTS.);
#3094 = CARTESIAN_POINT('',(7.394347570611,163.10323624554));
#3095 = CARTESIAN_POINT('',(7.38448089272,163.02741568481));
#3096 = CARTESIAN_POINT('',(7.374458187345,162.96316961018));
#3097 = CARTESIAN_POINT('',(7.364300170399,162.91014030785));
#3098 = CARTESIAN_POINT('',(7.354026336314,162.86870066341));
#3099 = CARTESIAN_POINT('',(7.343659662513,162.83963189442));
#3100 = CARTESIAN_POINT('',(7.333226565042,162.82409676548));
#3101 = CARTESIAN_POINT('',(7.322756867319,162.82409676548));
#3102 = ( GEOMETRIC_REPRESENTATION_CONTEXT(2) 
PARAMETRIC_REPRESENTATION_CONTEXT() REPRESENTATION_CONTEXT('2D SPACE',''
  ) );
#3103 = ORIENTED_EDGE('',*,*,#2835,.T.);
#3104 = ADVANCED_FACE('',(#3105),#2970,.T.);
#3105 = FACE_BOUND('',#3106,.T.);
#3106 = EDGE_LOOP('',(#3107,#3344,#3784,#3948,#4386,#4387,#4388,#4828,
    #5268,#5729,#6169,#6336,#6374,#6814,#6978));
#3107 = ORIENTED_EDGE('',*,*,#3108,.F.);
#3108 = EDGE_CURVE('',#3109,#3111,#3113,.T.);
#3109 = VERTEX_POINT('',#3110);
#3110 = CARTESIAN_POINT('',(68.,-20.53576015588,13.));
#3111 = VERTEX_POINT('',#3112);
#3112 = CARTESIAN_POINT('',(68.,20.535760169189,13.));
#3113 = SURFACE_CURVE('',#3114,(#3180,#3275),.PCURVE_S1.);
#3114 = B_SPLINE_CURVE_WITH_KNOTS('',8,(#3115,#3116,#3117,#3118,#3119,
    #3120,#3121,#3122,#3123,#3124,#3125,#3126,#3127,#3128,#3129,#3130,
    #3131,#3132,#3133,#3134,#3135,#3136,#3137,#3138,#3139,#3140,#3141,
    #3142,#3143,#3144,#3145,#3146,#3147,#3148,#3149,#3150,#3151,#3152,
    #3153,#3154,#3155,#3156,#3157,#3158,#3159,#3160,#3161,#3162,#3163,
    #3164,#3165,#3166,#3167,#3168,#3169,#3170,#3171,#3172,#3173,#3174,
    #3175,#3176,#3177,#3178,#3179),.UNSPECIFIED.,.F.,.F.,(9,7,7,7,7,7,7,
    7,7,9),(0.839831732773,0.866011149203,0.895011522199,1.,
    1.029000372996,1.058000745992,1.087001118988,1.116001491984,
    1.14500186498,1.160181143838),.UNSPECIFIED.);
#3115 = CARTESIAN_POINT('',(68.,-20.53576015588,13.));
#3116 = CARTESIAN_POINT('',(68.,-20.26846710892,13.422235821091));
#3117 = CARTESIAN_POINT('',(68.,-19.99125208982,13.838190967657));
#3118 = CARTESIAN_POINT('',(68.,-19.70428766786,14.247592861459));
#3119 = CARTESIAN_POINT('',(68.,-19.40775492693,14.650175233961));
#3120 = CARTESIAN_POINT('',(68.,-19.10184346558,15.045678126331));
#3121 = CARTESIAN_POINT('',(68.,-18.78675139698,15.433847889442));
#3122 = CARTESIAN_POINT('',(68.,-18.46268534895,15.814437183869));
#3123 = CARTESIAN_POINT('',(68.,-17.76117211547,16.600140277915));
#3124 = CARTESIAN_POINT('',(68.,-17.3817341661,17.003479280042));
#3125 = CARTESIAN_POINT('',(68.,-16.9918391608,17.396894424409));
#3126 = CARTESIAN_POINT('',(68.,-16.59179053213,17.780069816509));
#3127 = CARTESIAN_POINT('',(68.,-16.18190260026,18.152701229192));
#3128 = CARTESIAN_POINT('',(68.,-15.76250057295,18.514496102663));
#3129 = CARTESIAN_POINT('',(68.,-15.33392054559,18.865173544485));
#3130 = CARTESIAN_POINT('',(68.,-13.31297401569,20.432780360649));
#3131 = CARTESIAN_POINT('',(68.,-11.61317066687,21.512270334126));
#3132 = CARTESIAN_POINT('',(68.,-9.814161962479,22.429427416614));
#3133 = CARTESIAN_POINT('',(68.,-7.934212907005,23.1739395399));
#3134 = CARTESIAN_POINT('',(68.,-5.992445006286,23.737893590413));
#3135 = CARTESIAN_POINT('',(68.,-4.008817215795,24.115822449104));
#3136 = CARTESIAN_POINT('',(68.,-2.004082060672,24.304679498058));
#3137 = CARTESIAN_POINT('',(68.,0.553576244664,24.304679498058));
#3138 = CARTESIAN_POINT('',(68.,1.10715357914,24.290269681504));
#3139 = CARTESIAN_POINT('',(68.,1.660292823141,24.26145010963));
#3140 = CARTESIAN_POINT('',(68.,2.212556248268,24.218236735781));
#3141 = CARTESIAN_POINT('',(68.,2.763507578011,24.160661405411));
#3142 = CARTESIAN_POINT('',(68.,3.312711987747,24.088771856078));
#3143 = CARTESIAN_POINT('',(68.,3.859736104744,24.002631717454));
#3144 = CARTESIAN_POINT('',(68.,4.948559911572,23.802009305174));
#3145 = CARTESIAN_POINT('',(68.,5.490361744944,23.687526636557));
#3146 = CARTESIAN_POINT('',(68.,6.029121609623,23.558952147687));
#3147 = CARTESIAN_POINT('',(68.,6.564411914551,23.41638084671));
#3148 = CARTESIAN_POINT('',(68.,7.095809376267,23.259923107704));
#3149 = CARTESIAN_POINT('',(68.,7.622895018901,23.089704670671));
#3150 = CARTESIAN_POINT('',(68.,8.14525417418,22.905866641539));
#3151 = CARTESIAN_POINT('',(68.,9.179698788672,22.511264342796));
#3152 = CARTESIAN_POINT('',(68.,9.69178628437,22.30049929634));
#3153 = CARTESIAN_POINT('',(68.,10.198328651494,22.076426939085));
#3154 = CARTESIAN_POINT('',(68.,10.698922593692,21.839218188303));
#3155 = CARTESIAN_POINT('',(68.,11.19317183529,21.589058292253));
#3156 = CARTESIAN_POINT('',(68.,11.680687121294,21.32614683018));
#3157 = CARTESIAN_POINT('',(68.,12.161086217387,21.050697712315));
#3158 = CARTESIAN_POINT('',(68.,13.106901602469,20.475180647437));
#3159 = CARTESIAN_POINT('',(68.,13.572319753463,20.175111567417));
#3160 = CARTESIAN_POINT('',(68.,14.029873212934,19.862960285658));
#3161 = CARTESIAN_POINT('',(68.,14.479196332213,19.538967969556));
#3162 = CARTESIAN_POINT('',(68.,14.919932963943,19.203388608057));
#3163 = CARTESIAN_POINT('',(68.,15.351736462075,18.856489011663));
#3164 = CARTESIAN_POINT('',(68.,15.774269681868,18.498548812426));
#3165 = CARTESIAN_POINT('',(68.,16.600140277916,17.761172115474));
#3166 = CARTESIAN_POINT('',(68.,17.003479280043,17.381734166104));
#3167 = CARTESIAN_POINT('',(68.,17.39689442441,16.991839160802));
#3168 = CARTESIAN_POINT('',(68.,17.78006981651,16.591790532131));
#3169 = CARTESIAN_POINT('',(68.,18.152701229193,16.181902600259));
#3170 = CARTESIAN_POINT('',(68.,18.514496102664,15.762500572955));
#3171 = CARTESIAN_POINT('',(68.,18.865173544485,15.333920545589));
#3172 = CARTESIAN_POINT('',(68.,19.382054784755,14.667561265878));
#3173 = CARTESIAN_POINT('',(68.,19.556526027698,14.436193216669));
#3174 = CARTESIAN_POINT('',(68.,19.727839483073,14.202455096087));
#3175 = CARTESIAN_POINT('',(68.,19.895957580684,13.966397297956));
#3176 = CARTESIAN_POINT('',(68.,20.060843755465,13.728070867345));
#3177 = CARTESIAN_POINT('',(68.,20.222462447487,13.487527500567));
#3178 = CARTESIAN_POINT('',(68.,20.38077910195,13.244819545184));
#3179 = CARTESIAN_POINT('',(68.,20.535760169189,13.));
#3180 = PCURVE('',#2970,#3181);
#3181 = DEFINITIONAL_REPRESENTATION('',(#3182),#3274);
#3182 = B_SPLINE_CURVE_WITH_KNOTS('',3,(#3183,#3184,#3185,#3186,#3187,
    #3188,#3189,#3190,#3191,#3192,#3193,#3194,#3195,#3196,#3197,#3198,
    #3199,#3200,#3201,#3202,#3203,#3204,#3205,#3206,#3207,#3208,#3209,
    #3210,#3211,#3212,#3213,#3214,#3215,#3216,#3217,#3218,#3219,#3220,
    #3221,#3222,#3223,#3224,#3225,#3226,#3227,#3228,#3229,#3230,#3231,
    #3232,#3233,#3234,#3235,#3236,#3237,#3238,#3239,#3240,#3241,#3242,
    #3243,#3244,#3245,#3246,#3247,#3248,#3249,#3250,#3251,#3252,#3253,
    #3254,#3255,#3256,#3257,#3258,#3259,#3260,#3261,#3262,#3263,#3264,
    #3265,#3266,#3267,#3268,#3269,#3270,#3271,#3272,#3273),
  .UNSPECIFIED.,.F.,.F.,(4,1,1,1,1,1,1,1,1,1,1,1,1,1,1,1,1,1,1,1,1,1,1,1
    ,1,1,1,1,1,1,1,1,1,1,1,1,1,1,1,1,1,1,1,1,1,1,1,1,1,1,1,1,1,1,1,1,1,1
    ,1,1,1,1,1,1,1,1,1,1,1,1,1,1,1,1,1,1,1,1,1,1,1,1,1,1,1,1,1,1,4),(
    0.839831732773,0.843472066989,0.847112401206,0.850752735423,
    0.854393069639,0.858033403856,0.861673738073,0.865314072289,
    0.868954406506,0.872594740723,0.876235074939,0.879875409156,
    0.883515743373,0.887156077589,0.890796411806,0.894436746022,
    0.898077080239,0.901717414456,0.905357748672,0.908998082889,
    0.912638417106,0.916278751322,0.919919085539,0.923559419756,
    0.927199753972,0.930840088189,0.934480422406,0.938120756622,
    0.941761090839,0.945401425056,0.949041759272,0.952682093489,
    0.956322427705,0.959962761922,0.963603096139,0.967243430355,
    0.970883764572,0.974524098789,0.978164433005,0.981804767222,
    0.985445101439,0.989085435655,0.992725769872,0.996366104089,
    1.000006438305,1.003646772522,1.007287106739,1.010927440955,
    1.014567775172,1.018208109389,1.021848443605,1.025488777822,
    1.029129112038,1.032769446255,1.036409780472,1.040050114688,
    1.043690448905,1.047330783122,1.050971117338,1.054611451555,
    1.058251785772,1.061892119988,1.065532454205,1.069172788422,
    1.072813122638,1.076453456855,1.080093791072,1.083734125288,
    1.087374459505,1.091014793721,1.094655127938,1.098295462155,
    1.101935796371,1.105576130588,1.109216464805,1.112856799021,
    1.116497133238,1.120137467455,1.123777801671,1.127418135888,
    1.131058470105,1.134698804321,1.138339138538,1.141979472755,
    1.145619806971,1.149260141188,1.152900475404,1.156540809621,
    1.160181143838),.QUASI_UNIFORM_KNOTS.);
#3183 = CARTESIAN_POINT('',(7.289620152035,40.106874224187));
#3184 = CARTESIAN_POINT('',(7.281995950199,40.106874223067));
#3185 = CARTESIAN_POINT('',(7.26674754627,40.106874222926));
#3186 = CARTESIAN_POINT('',(7.243874942035,40.106874225707));
#3187 = CARTESIAN_POINT('',(7.221002345429,40.106874228172));
#3188 = CARTESIAN_POINT('',(7.198129750026,40.106874227057));
#3189 = CARTESIAN_POINT('',(7.175257149794,40.106874223814));
#3190 = CARTESIAN_POINT('',(7.152384541648,40.106874222517));
#3191 = CARTESIAN_POINT('',(7.129511940251,40.106874226708));
#3192 = CARTESIAN_POINT('',(7.106639353862,40.106874223792));
#3193 = CARTESIAN_POINT('',(7.083766742742,40.106874222777));
#3194 = CARTESIAN_POINT('',(7.060894140026,40.106874225879));
#3195 = CARTESIAN_POINT('',(7.038021543728,40.10687422818));
#3196 = CARTESIAN_POINT('',(7.015148946394,40.106874226976));
#3197 = CARTESIAN_POINT('',(6.992276353185,40.106874223677));
#3198 = CARTESIAN_POINT('',(6.969403717664,40.106874222701));
#3199 = CARTESIAN_POINT('',(6.946531218373,40.106874226348));
#3200 = CARTESIAN_POINT('',(6.923658254313,40.106874225329));
#3201 = CARTESIAN_POINT('',(6.900783591658,40.106874225287));
#3202 = CARTESIAN_POINT('',(6.877908109646,40.106874225391));
#3203 = CARTESIAN_POINT('',(6.855032047353,40.106874225702));
#3204 = CARTESIAN_POINT('',(6.832155716503,40.106874225922));
#3205 = CARTESIAN_POINT('',(6.809279322101,40.106874225964));
#3206 = CARTESIAN_POINT('',(6.78640302118,40.10687422584));
#3207 = CARTESIAN_POINT('',(6.76352691693,40.106874225645));
#3208 = CARTESIAN_POINT('',(6.740651069439,40.106874225484));
#3209 = CARTESIAN_POINT('',(6.717775501377,40.106874225426));
#3210 = CARTESIAN_POINT('',(6.694900204533,40.106874225489));
#3211 = CARTESIAN_POINT('',(6.672025145709,40.106874225635));
#3212 = CARTESIAN_POINT('',(6.649150272452,40.106874225796));
#3213 = CARTESIAN_POINT('',(6.626275518565,40.106874225903));
#3214 = CARTESIAN_POINT('',(6.603400809502,40.106874225911));
#3215 = CARTESIAN_POINT('',(6.580526067663,40.106874225818));
#3216 = CARTESIAN_POINT('',(6.557651217677,40.106874225661));
#3217 = CARTESIAN_POINT('',(6.534776191692,40.106874225508));
#3218 = CARTESIAN_POINT('',(6.51190093475,40.106874225429));
#3219 = CARTESIAN_POINT('',(6.489025410275,40.106874225467));
#3220 = CARTESIAN_POINT('',(6.466149605769,40.106874225615));
#3221 = CARTESIAN_POINT('',(6.443273538681,40.106874225811));
#3222 = CARTESIAN_POINT('',(6.420397262813,40.106874225953));
#3223 = CARTESIAN_POINT('',(6.397520874222,40.106874225941));
#3224 = CARTESIAN_POINT('',(6.374644520856,40.106874225747));
#3225 = CARTESIAN_POINT('',(6.351768400405,40.106874225433));
#3226 = CARTESIAN_POINT('',(6.328892804741,40.106874225298));
#3227 = CARTESIAN_POINT('',(6.306017993426,40.106874225242));
#3228 = CARTESIAN_POINT('',(6.28314470861,40.106874226418));
#3229 = CARTESIAN_POINT('',(6.260272300127,40.106874223158));
#3230 = CARTESIAN_POINT('',(6.237399640426,40.106874223212));
#3231 = CARTESIAN_POINT('',(6.214527052382,40.106874226515));
#3232 = CARTESIAN_POINT('',(6.19165445288,40.106874228241));
#3233 = CARTESIAN_POINT('',(6.168781857739,40.106874226387));
#3234 = CARTESIAN_POINT('',(6.14590925593,40.106874223155));
#3235 = CARTESIAN_POINT('',(6.12303664558,40.106874223129));
#3236 = CARTESIAN_POINT('',(6.100164053546,40.106874227005));
#3237 = CARTESIAN_POINT('',(6.077291458297,40.10687422289));
#3238 = CARTESIAN_POINT('',(6.054418848568,40.106874223349));
#3239 = CARTESIAN_POINT('',(6.031546247413,40.106874226607));
#3240 = CARTESIAN_POINT('',(6.008673651609,40.10687422824));
#3241 = CARTESIAN_POINT('',(5.985801055364,40.10687422628));
#3242 = CARTESIAN_POINT('',(5.96292845361,40.106874223067));
#3243 = CARTESIAN_POINT('',(5.940055842932,40.106874223257));
#3244 = CARTESIAN_POINT('',(5.917183252331,40.106874226973));
#3245 = CARTESIAN_POINT('',(5.894310655612,40.106874222792));
#3246 = CARTESIAN_POINT('',(5.871438046227,40.106874223445));
#3247 = CARTESIAN_POINT('',(5.848565445261,40.106874226708));
#3248 = CARTESIAN_POINT('',(5.825692849583,40.10687422823));
#3249 = CARTESIAN_POINT('',(5.802820253187,40.106874226171));
#3250 = CARTESIAN_POINT('',(5.77994765122,40.106874222983));
#3251 = CARTESIAN_POINT('',(5.757075040337,40.106874223394));
#3252 = CARTESIAN_POINT('',(5.734202451039,40.106874226922));
#3253 = CARTESIAN_POINT('',(5.711329852935,40.106874222704));
#3254 = CARTESIAN_POINT('',(5.688457243893,40.106874223543));
#3255 = CARTESIAN_POINT('',(5.665584643118,40.106874226808));
#3256 = CARTESIAN_POINT('',(5.642712047556,40.106874228216));
#3257 = CARTESIAN_POINT('',(5.619839451003,40.106874226062));
#3258 = CARTESIAN_POINT('',(5.596966848814,40.106874222902));
#3259 = CARTESIAN_POINT('',(5.574094237782,40.106874223539));
#3260 = CARTESIAN_POINT('',(5.551221649676,40.106874226854));
#3261 = CARTESIAN_POINT('',(5.528349050263,40.106874222625));
#3262 = CARTESIAN_POINT('',(5.505476441563,40.106874223643));
#3263 = CARTESIAN_POINT('',(5.482603840983,40.106874226906));
#3264 = CARTESIAN_POINT('',(5.459731245523,40.106874228196));
#3265 = CARTESIAN_POINT('',(5.436858648829,40.106874225954));
#3266 = CARTESIAN_POINT('',(5.413986046338,40.106874222812));
#3267 = CARTESIAN_POINT('',(5.391113435469,40.106874223738));
#3268 = CARTESIAN_POINT('',(5.368240847487,40.10687422659));
#3269 = CARTESIAN_POINT('',(5.345368251056,40.106874223422));
#3270 = CARTESIAN_POINT('',(5.322495649173,40.106874224759));
#3271 = CARTESIAN_POINT('',(5.299623054579,40.106874226883));
#3272 = CARTESIAN_POINT('',(5.284374659379,40.106874227247));
#3273 = CARTESIAN_POINT('',(5.276750462031,40.106874226708));
#3274 = ( GEOMETRIC_REPRESENTATION_CONTEXT(2) 
PARAMETRIC_REPRESENTATION_CONTEXT() REPRESENTATION_CONTEXT('2D SPACE',''
  ) );
#3275 = PCURVE('',#239,#3276);
#3276 = DEFINITIONAL_REPRESENTATION('',(#3277),#3343);
#3277 = B_SPLINE_CURVE_WITH_KNOTS('',8,(#3278,#3279,#3280,#3281,#3282,
    #3283,#3284,#3285,#3286,#3287,#3288,#3289,#3290,#3291,#3292,#3293,
    #3294,#3295,#3296,#3297,#3298,#3299,#3300,#3301,#3302,#3303,#3304,
    #3305,#3306,#3307,#3308,#3309,#3310,#3311,#3312,#3313,#3314,#3315,
    #3316,#3317,#3318,#3319,#3320,#3321,#3322,#3323,#3324,#3325,#3326,
    #3327,#3328,#3329,#3330,#3331,#3332,#3333,#3334,#3335,#3336,#3337,
    #3338,#3339,#3340,#3341,#3342),.UNSPECIFIED.,.F.,.F.,(9,7,7,7,7,7,7,
    7,7,9),(0.839831732773,0.866011149203,0.895011522199,1.,
    1.029000372996,1.058000745992,1.087001118988,1.116001491984,
    1.14500186498,1.160181143838),.UNSPECIFIED.);
#3278 = CARTESIAN_POINT('',(263.,-229.4642398441));
#3279 = CARTESIAN_POINT('',(263.42223582109,-229.731532891));
#3280 = CARTESIAN_POINT('',(263.83819096765,-230.0087479101));
#3281 = CARTESIAN_POINT('',(264.24759286145,-230.2957123321));
#3282 = CARTESIAN_POINT('',(264.65017523396,-230.592245073));
#3283 = CARTESIAN_POINT('',(265.04567812633,-230.8981565344));
#3284 = CARTESIAN_POINT('',(265.43384788944,-231.213248603));
#3285 = CARTESIAN_POINT('',(265.81443718386,-231.537314651));
#3286 = CARTESIAN_POINT('',(266.60014027791,-232.2388278845));
#3287 = CARTESIAN_POINT('',(267.00347928004,-232.6182658338));
#3288 = CARTESIAN_POINT('',(267.3968944244,-233.0081608391));
#3289 = CARTESIAN_POINT('',(267.7800698165,-233.4082094678));
#3290 = CARTESIAN_POINT('',(268.15270122919,-233.8180973997));
#3291 = CARTESIAN_POINT('',(268.51449610266,-234.237499427));
#3292 = CARTESIAN_POINT('',(268.86517354448,-234.6660794544));
#3293 = CARTESIAN_POINT('',(270.43278036064,-236.6870259843));
#3294 = CARTESIAN_POINT('',(271.51227033412,-238.3868293331));
#3295 = CARTESIAN_POINT('',(272.42942741661,-240.1858380375));
#3296 = CARTESIAN_POINT('',(273.1739395399,-242.0657870929));
#3297 = CARTESIAN_POINT('',(273.73789359041,-244.0075549937));
#3298 = CARTESIAN_POINT('',(274.1158224491,-245.9911827842));
#3299 = CARTESIAN_POINT('',(274.30467949805,-247.9959179393));
#3300 = CARTESIAN_POINT('',(274.30467949805,-250.5535762446));
#3301 = CARTESIAN_POINT('',(274.2902696815,-251.1071535791));
#3302 = CARTESIAN_POINT('',(274.26145010963,-251.6602928231));
#3303 = CARTESIAN_POINT('',(274.21823673578,-252.2125562482));
#3304 = CARTESIAN_POINT('',(274.16066140541,-252.763507578));
#3305 = CARTESIAN_POINT('',(274.08877185607,-253.3127119877));
#3306 = CARTESIAN_POINT('',(274.00263171745,-253.8597361047));
#3307 = CARTESIAN_POINT('',(273.80200930517,-254.9485599115));
#3308 = CARTESIAN_POINT('',(273.68752663655,-255.4903617449));
#3309 = CARTESIAN_POINT('',(273.55895214768,-256.0291216096));
#3310 = CARTESIAN_POINT('',(273.41638084671,-256.5644119145));
#3311 = CARTESIAN_POINT('',(273.2599231077,-257.0958093762));
#3312 = CARTESIAN_POINT('',(273.08970467067,-257.6228950189));
#3313 = CARTESIAN_POINT('',(272.90586664153,-258.1452541741));
#3314 = CARTESIAN_POINT('',(272.51126434279,-259.1796987886));
#3315 = CARTESIAN_POINT('',(272.30049929634,-259.6917862843));
#3316 = CARTESIAN_POINT('',(272.07642693908,-260.1983286514));
#3317 = CARTESIAN_POINT('',(271.8392181883,-260.6989225936));
#3318 = CARTESIAN_POINT('',(271.58905829225,-261.1931718352));
#3319 = CARTESIAN_POINT('',(271.32614683018,-261.6806871212));
#3320 = CARTESIAN_POINT('',(271.05069771231,-262.1610862173));
#3321 = CARTESIAN_POINT('',(270.47518064743,-263.1069016024));
#3322 = CARTESIAN_POINT('',(270.17511156741,-263.5723197534));
#3323 = CARTESIAN_POINT('',(269.86296028565,-264.0298732129));
#3324 = CARTESIAN_POINT('',(269.53896796955,-264.4791963322));
#3325 = CARTESIAN_POINT('',(269.20338860805,-264.9199329639));
#3326 = CARTESIAN_POINT('',(268.85648901166,-265.351736462));
#3327 = CARTESIAN_POINT('',(268.49854881242,-265.7742696818));
#3328 = CARTESIAN_POINT('',(267.76117211547,-266.6001402779));
#3329 = CARTESIAN_POINT('',(267.3817341661,-267.00347928));
#3330 = CARTESIAN_POINT('',(266.9918391608,-267.3968944244));
#3331 = CARTESIAN_POINT('',(266.59179053213,-267.7800698165));
#3332 = CARTESIAN_POINT('',(266.18190260025,-268.1527012291));
#3333 = CARTESIAN_POINT('',(265.76250057295,-268.5144961026));
#3334 = CARTESIAN_POINT('',(265.33392054558,-268.8651735444));
#3335 = CARTESIAN_POINT('',(264.66756126587,-269.3820547847));
#3336 = CARTESIAN_POINT('',(264.43619321666,-269.5565260276));
#3337 = CARTESIAN_POINT('',(264.20245509608,-269.727839483));
#3338 = CARTESIAN_POINT('',(263.96639729795,-269.8959575806));
#3339 = CARTESIAN_POINT('',(263.72807086734,-270.0608437554));
#3340 = CARTESIAN_POINT('',(263.48752750056,-270.2224624474));
#3341 = CARTESIAN_POINT('',(263.24481954518,-270.3807791019));
#3342 = CARTESIAN_POINT('',(263.,-270.5357601691));
#3343 = ( GEOMETRIC_REPRESENTATION_CONTEXT(2) 
PARAMETRIC_REPRESENTATION_CONTEXT() REPRESENTATION_CONTEXT('2D SPACE',''
  ) );
#3344 = ORIENTED_EDGE('',*,*,#3345,.T.);
#3345 = EDGE_CURVE('',#3109,#3346,#3348,.T.);
#3346 = VERTEX_POINT('',#3347);
#3347 = CARTESIAN_POINT('',(53.563874240012,-23.47388465007,13.));
#3348 = SURFACE_CURVE('',#3349,(#3492,#3638),.PCURVE_S1.);
#3349 = B_SPLINE_CURVE_WITH_KNOTS('',8,(#3350,#3351,#3352,#3353,#3354,
    #3355,#3356,#3357,#3358,#3359,#3360,#3361,#3362,#3363,#3364,#3365,
    #3366,#3367,#3368,#3369,#3370,#3371,#3372,#3373,#3374,#3375,#3376,
    #3377,#3378,#3379,#3380,#3381,#3382,#3383,#3384,#3385,#3386,#3387,
    #3388,#3389,#3390,#3391,#3392,#3393,#3394,#3395,#3396,#3397,#3398,
    #3399,#3400,#3401,#3402,#3403,#3404,#3405,#3406,#3407,#3408,#3409,
    #3410,#3411,#3412,#3413,#3414,#3415,#3416,#3417,#3418,#3419,#3420,
    #3421,#3422,#3423,#3424,#3425,#3426,#3427,#3428,#3429,#3430,#3431,
    #3432,#3433,#3434,#3435,#3436,#3437,#3438,#3439,#3440,#3441,#3442,
    #3443,#3444,#3445,#3446,#3447,#3448,#3449,#3450,#3451,#3452,#3453,
    #3454,#3455,#3456,#3457,#3458,#3459,#3460,#3461,#3462,#3463,#3464,
    #3465,#3466,#3467,#3468,#3469,#3470,#3471,#3472,#3473,#3474,#3475,
    #3476,#3477,#3478,#3479,#3480,#3481,#3482,#3483,#3484,#3485,#3486,
    #3487,#3488,#3489,#3490,#3491),.UNSPECIFIED.,.F.,.F.,(9,7,7,7,7,7,7,
    7,7,7,7,7,7,7,7,7,7,7,7,7,9),(0.,9.313312037494E-02,0.113145034169,
    0.153141192457,0.193087751148,0.206060313622,0.218033209717,
    0.303765208837,0.336724735656,0.357705952534,0.401676095567,
    0.423663149459,0.487540266367,0.51552569547,0.533513838525,
    0.565484189682,0.66077090681,0.70267126051,0.741611202125,
    0.859714897295,1.),.UNSPECIFIED.);
#3350 = CARTESIAN_POINT('',(68.000000584435,-20.53576000468,13.));
#3351 = CARTESIAN_POINT('',(66.179184091286,-21.03133673829,13.));
#3352 = CARTESIAN_POINT('',(64.348077424817,-21.48140685435,13.));
#3353 = CARTESIAN_POINT('',(62.508538689899,-21.8917007696,13.));
#3354 = CARTESIAN_POINT('',(60.662218523553,-22.26751049577,13.));
#3355 = CARTESIAN_POINT('',(58.810571434396,-22.61389195078,13.));
#3356 = CARTESIAN_POINT('',(56.954857729652,-22.93573866555,13.));
#3357 = CARTESIAN_POINT('',(55.096143809498,-23.23780617122,13.));
#3358 = CARTESIAN_POINT('',(52.835462952338,-23.58642671862,13.));
#3359 = CARTESIAN_POINT('',(52.435523406418,-23.64738894588,13.));
#3360 = CARTESIAN_POINT('',(52.035499819899,-23.70769918312,13.));
#3361 = CARTESIAN_POINT('',(51.635401892966,-23.76740339384,13.));
#3362 = CARTESIAN_POINT('',(51.235239176828,-23.82654735518,13.));
#3363 = CARTESIAN_POINT('',(50.835021073719,-23.88517665798,13.));
#3364 = CARTESIAN_POINT('',(50.434756836898,-23.94333670672,13.));
#3365 = CARTESIAN_POINT('',(49.234406511226,-24.1164649171,13.));
#3366 = CARTESIAN_POINT('',(48.434212952772,-24.23018230755,13.));
#3367 = CARTESIAN_POINT('',(47.633850954324,-24.34194196663,13.));
#3368 = CARTESIAN_POINT('',(46.83329563192,-24.45144319128,13.));
#3369 = CARTESIAN_POINT('',(46.032528027127,-24.55841114032,13.));
#3370 = CARTESIAN_POINT('',(45.231527294824,-24.66254711157,13.));
#3371 = CARTESIAN_POINT('',(44.430277090705,-24.76356849852,13.));
#3372 = CARTESIAN_POINT('',(42.828240449762,-24.9586811635,13.));
#3373 = CARTESIAN_POINT('',(42.027455685372,-25.05278091289,13.));
#3374 = CARTESIAN_POINT('',(41.22639220309,-25.14319764814,13.));
#3375 = CARTESIAN_POINT('',(40.425037886398,-25.22964386935,13.));
#3376 = CARTESIAN_POINT('',(39.623383793048,-25.31183153546,13.));
#3377 = CARTESIAN_POINT('',(38.821424155065,-25.38947206428,13.));
#3378 = CARTESIAN_POINT('',(38.019156378742,-25.46227633249,13.));
#3379 = CARTESIAN_POINT('',(36.955946361647,-25.5519330779,13.));
#3380 = CARTESIAN_POINT('',(36.695279296645,-25.57337088223,13.));
#3381 = CARTESIAN_POINT('',(36.434579891229,-25.59425816195,13.));
#3382 = CARTESIAN_POINT('',(36.173848232188,-25.61458498305,13.));
#3383 = CARTESIAN_POINT('',(35.913084451514,-25.63434140419,13.));
#3384 = CARTESIAN_POINT('',(35.652288726396,-25.65351747676,13.));
#3385 = CARTESIAN_POINT('',(35.391461279225,-25.67210324485,13.));
#3386 = CARTESIAN_POINT('',(34.889845277281,-25.70668828195,13.));
#3387 = CARTESIAN_POINT('',(34.649069921028,-25.72277526825,13.));
#3388 = CARTESIAN_POINT('',(34.408275547383,-25.73834066728,13.));
#3389 = CARTESIAN_POINT('',(34.167463728747,-25.75341706551,13.));
#3390 = CARTESIAN_POINT('',(33.926633046739,-25.76798439928,13.));
#3391 = CARTESIAN_POINT('',(33.68578488843,-25.78207044186,13.));
#3392 = CARTESIAN_POINT('',(33.444918743684,-25.7956721206,13.));
#3393 = CARTESIAN_POINT('',(31.479185416189,-25.90280059833,13.));
#3394 = CARTESIAN_POINT('',(29.753240576727,-25.97248568999,13.));
#3395 = CARTESIAN_POINT('',(28.026471699726,-26.02048482795,13.));
#3396 = CARTESIAN_POINT('',(26.299098142108,-26.04940998227,13.));
#3397 = CARTESIAN_POINT('',(24.571287284561,-26.06185793186,13.));
#3398 = CARTESIAN_POINT('',(22.843154415941,-26.06041286037,13.));
#3399 = CARTESIAN_POINT('',(21.114762617658,-26.04764895209,13.));
#3400 = CARTESIAN_POINT('',(18.721549839541,-26.01786121061,13.));
#3401 = CARTESIAN_POINT('',(18.05694332166,-26.0082959618,13.));
#3402 = CARTESIAN_POINT('',(17.392305042164,-25.99758308119,13.));
#3403 = CARTESIAN_POINT('',(16.727636552667,-25.98586835534,13.));
#3404 = CARTESIAN_POINT('',(16.062939008665,-25.97329751758,13.));
#3405 = CARTESIAN_POINT('',(15.398213169537,-25.960016248,13.));
#3406 = CARTESIAN_POINT('',(14.733459398546,-25.94617017346,13.));
#3407 = CARTESIAN_POINT('',(13.645494106536,-25.9228239279,13.));
#3408 = CARTESIAN_POINT('',(13.222299295321,-25.9135731207,13.));
#3409 = CARTESIAN_POINT('',(12.799093254136,-25.9041900104,13.));
#3410 = CARTESIAN_POINT('',(12.375875996929,-25.89471216859,13.));
#3411 = CARTESIAN_POINT('',(11.952647526648,-25.88517717404,13.));
#3412 = CARTESIAN_POINT('',(11.529407835245,-25.87562261272,13.));
#3413 = CARTESIAN_POINT('',(11.106156903674,-25.86608607779,13.));
#3414 = CARTESIAN_POINT('',(9.795868002645,-25.83673611768,13.));
#3415 = CARTESIAN_POINT('',(8.908792516746,-25.81711135458,13.));
#3416 = CARTESIAN_POINT('',(8.02166724771,-25.79807704325,13.));
#3417 = CARTESIAN_POINT('',(7.134492249386,-25.77997955444,13.));
#3418 = CARTESIAN_POINT('',(6.247268625955,-25.76316546676,13.));
#3419 = CARTESIAN_POINT('',(5.359998531938,-25.74798156667,13.));
#3420 = CARTESIAN_POINT('',(4.472685172186,-25.73477484849,13.));
#3421 = CARTESIAN_POINT('',(3.141616610843,-25.7184508567,13.));
#3422 = CARTESIAN_POINT('',(2.697890846732,-25.71359037362,13.));
#3423 = CARTESIAN_POINT('',(2.254156129468,-25.70935447194,13.));
#3424 = CARTESIAN_POINT('',(1.810413225214,-25.70578654168,13.));
#3425 = CARTESIAN_POINT('',(1.366663046372,-25.70292995613,13.));
#3426 = CARTESIAN_POINT('',(0.922906651591,-25.70082807179,13.));
#3427 = CARTESIAN_POINT('',(0.479145245764,-25.69952422841,13.));
#3428 = CARTESIAN_POINT('',(-1.253852707813,-25.6977181469,13.));
#3429 = CARTESIAN_POINT('',(-2.543113909553,-25.70351188001,13.));
#3430 = CARTESIAN_POINT('',(-3.8323710144,-25.71564488952,13.));
#3431 = CARTESIAN_POINT('',(-5.12159763703,-25.73329464317,13.));
#3432 = CARTESIAN_POINT('',(-6.410773897332,-25.75566793953,13.));
#3433 = CARTESIAN_POINT('',(-7.699885822459,-25.78194334427,13.));
#3434 = CARTESIAN_POINT('',(-8.988925901902,-25.81131971801,13.));
#3435 = CARTESIAN_POINT('',(-10.84260644614,-25.8568633158,13.));
#3436 = CARTESIAN_POINT('',(-11.40730565876,-25.87117802193,13.));
#3437 = CARTESIAN_POINT('',(-11.97198995147,-25.88586501053,13.));
#3438 = CARTESIAN_POINT('',(-12.53665902889,-25.9008565144,13.));
#3439 = CARTESIAN_POINT('',(-13.10131265431,-25.91608481145,13.));
#3440 = CARTESIAN_POINT('',(-13.66595064974,-25.93148222466,13.));
#3441 = CARTESIAN_POINT('',(-14.23057289592,-25.94698112212,13.));
#3442 = CARTESIAN_POINT('',(-15.15809037818,-25.97249790314,13.));
#3443 = CARTESIAN_POINT('',(-15.52099487213,-25.98249589197,13.));
#3444 = CARTESIAN_POINT('',(-15.88389278929,-25.99248993502,13.));
#3445 = CARTESIAN_POINT('',(-16.2467841005,-26.00246208884,13.));
#3446 = CARTESIAN_POINT('',(-16.60966877226,-26.01239441495,13.));
#3447 = CARTESIAN_POINT('',(-16.97254676674,-26.02226897985,13.));
#3448 = CARTESIAN_POINT('',(-17.33541804175,-26.03206785507,13.));
#3449 = CARTESIAN_POINT('',(-18.343202137,-26.05902229248,13.));
#3450 = CARTESIAN_POINT('',(-18.9881002633,-26.07597573868,13.));
#3451 = CARTESIAN_POINT('',(-19.63297674165,-26.0925328614,13.));
#3452 = CARTESIAN_POINT('',(-20.27783118625,-26.10859305962,13.));
#3453 = CARTESIAN_POINT('',(-20.92266301359,-26.12405572559,13.));
#3454 = CARTESIAN_POINT('',(-21.56747144238,-26.13882024481,13.));
#3455 = CARTESIAN_POINT('',(-22.21225549359,-26.15278599605,13.));
#3456 = CARTESIAN_POINT('',(-24.77869824737,-26.2047962495,13.));
#3457 = CARTESIAN_POINT('',(-26.70013637515,-26.23575006091,13.));
#3458 = CARTESIAN_POINT('',(-28.62132082499,-26.25604925266,13.));
#3459 = CARTESIAN_POINT('',(-30.54219654892,-26.26302425999,13.));
#3460 = CARTESIAN_POINT('',(-32.46266111033,-26.25399596564,13.));
#3461 = CARTESIAN_POINT('',(-34.38256479444,-26.22627117921,13.));
#3462 = CARTESIAN_POINT('',(-36.30171071882,-26.1771381166,13.));
#3463 = CARTESIAN_POINT('',(-39.06331900582,-26.07164017671,13.));
#3464 = CARTESIAN_POINT('',(-39.90658545287,-26.03475020343,13.));
#3465 = CARTESIAN_POINT('',(-40.74963173482,-25.99295960191,13.));
#3466 = CARTESIAN_POINT('',(-41.59243214439,-25.94603517288,13.));
#3467 = CARTESIAN_POINT('',(-42.43495781709,-25.89374287541,13.));
#3468 = CARTESIAN_POINT('',(-43.27717673135,-25.83584782684,13.));
#3469 = CARTESIAN_POINT('',(-44.11905370842,-25.77211430283,13.));
#3470 = CARTESIAN_POINT('',(-45.7425923197,-25.63742940046,13.));
#3471 = CARTESIAN_POINT('',(-46.52430488811,-25.56729451544,13.));
#3472 = CARTESIAN_POINT('',(-47.30566949336,-25.49203796382,13.));
#3473 = CARTESIAN_POINT('',(-48.08666925269,-25.41179764951,13.));
#3474 = CARTESIAN_POINT('',(-48.86728899544,-25.32671059292,13.));
#3475 = CARTESIAN_POINT('',(-49.64751524653,-25.23691212572,13.));
#3476 = CARTESIAN_POINT('',(-50.42733622264,-25.14253618639,13.));
#3477 = CARTESIAN_POINT('',(-53.57065610998,-24.74400017731,13.));
#3478 = CARTESIAN_POINT('',(-55.93071967714,-24.40341074885,13.));
#3479 = CARTESIAN_POINT('',(-58.28668881134,-24.02566744166,13.));
#3480 = CARTESIAN_POINT('',(-60.63840701123,-23.61440535732,13.));
#3481 = CARTESIAN_POINT('',(-62.98580438387,-23.17317283208,13.));
#3482 = CARTESIAN_POINT('',(-65.32889764656,-22.70543744138,13.));
#3483 = CARTESIAN_POINT('',(-67.66779075209,-22.21460086553,13.));
#3484 = CARTESIAN_POINT('',(-72.77608331675,-21.09755114228,13.));
#3485 = CARTESIAN_POINT('',(-75.54369127362,-20.46325171416,13.));
#3486 = CARTESIAN_POINT('',(-78.30523114043,-19.79899852668,13.));
#3487 = CARTESIAN_POINT('',(-81.06027491225,-19.10232554936,13.));
#3488 = CARTESIAN_POINT('',(-83.80823094677,-18.37037551782,13.));
#3489 = CARTESIAN_POINT('',(-86.54828540327,-17.59946740737,13.));
#3490 = CARTESIAN_POINT('',(-89.2793918902,-16.784999893,13.));
#3491 = CARTESIAN_POINT('',(-92.00000058261,-15.91939511451,13.));
#3492 = PCURVE('',#2970,#3493);
#3493 = DEFINITIONAL_REPRESENTATION('',(#3494),#3637);
#3494 = B_SPLINE_CURVE_WITH_KNOTS('',8,(#3495,#3496,#3497,#3498,#3499,
    #3500,#3501,#3502,#3503,#3504,#3505,#3506,#3507,#3508,#3509,#3510,
    #3511,#3512,#3513,#3514,#3515,#3516,#3517,#3518,#3519,#3520,#3521,
    #3522,#3523,#3524,#3525,#3526,#3527,#3528,#3529,#3530,#3531,#3532,
    #3533,#3534,#3535,#3536,#3537,#3538,#3539,#3540,#3541,#3542,#3543,
    #3544,#3545,#3546,#3547,#3548,#3549,#3550,#3551,#3552,#3553,#3554,
    #3555,#3556,#3557,#3558,#3559,#3560,#3561,#3562,#3563,#3564,#3565,
    #3566,#3567,#3568,#3569,#3570,#3571,#3572,#3573,#3574,#3575,#3576,
    #3577,#3578,#3579,#3580,#3581,#3582,#3583,#3584,#3585,#3586,#3587,
    #3588,#3589,#3590,#3591,#3592,#3593,#3594,#3595,#3596,#3597,#3598,
    #3599,#3600,#3601,#3602,#3603,#3604,#3605,#3606,#3607,#3608,#3609,
    #3610,#3611,#3612,#3613,#3614,#3615,#3616,#3617,#3618,#3619,#3620,
    #3621,#3622,#3623,#3624,#3625,#3626,#3627,#3628,#3629,#3630,#3631,
    #3632,#3633,#3634,#3635,#3636),.UNSPECIFIED.,.F.,.F.,(9,7,7,7,7,7,7,
    7,7,7,7,7,7,7,7,7,7,7,7,7,9),(0.,9.313312037494E-02,0.113145034169,
    0.153141192457,0.193087751148,0.206060313622,0.218033209717,
    0.303765208837,0.336724735656,0.357705952534,0.401676095567,
    0.423663149459,0.487540266367,0.51552569547,0.533513838525,
    0.565484189682,0.66077090681,0.70267126051,0.741611202125,
    0.859714897295,1.),.UNSPECIFIED.);
#3495 = CARTESIAN_POINT('',(7.289620148708,40.106873625679));
#3496 = CARTESIAN_POINT('',(7.300526374108,41.97618303988));
#3497 = CARTESIAN_POINT('',(7.31000168673,43.847360918209));
#3498 = CARTESIAN_POINT('',(7.318335656132,45.71962046274));
#3499 = CARTESIAN_POINT('',(7.325741753753,47.592417841762));
#3500 = CARTESIAN_POINT('',(7.332391113143,49.465421057191));
#3501 = CARTESIAN_POINT('',(7.338427537159,51.338496918032));
#3502 = CARTESIAN_POINT('',(7.343973573652,53.211706672806));
#3503 = CARTESIAN_POINT('',(7.350247072161,55.48788808696));
#3504 = CARTESIAN_POINT('',(7.35133900919,55.890488990791));
#3505 = CARTESIAN_POINT('',(7.352414357828,56.293104915511));
#3506 = CARTESIAN_POINT('',(7.353474155484,56.695737364355));
#3507 = CARTESIAN_POINT('',(7.354519411395,57.098387993687));
#3508 = CARTESIAN_POINT('',(7.355551106633,57.501058613004));
#3509 = CARTESIAN_POINT('',(7.356570194098,57.903751184933));
#3510 = CARTESIAN_POINT('',(7.359591014484,59.111344293166));
#3511 = CARTESIAN_POINT('',(7.361558100666,59.91631642592));
#3512 = CARTESIAN_POINT('',(7.363475017949,60.721398185896));
#3513 = CARTESIAN_POINT('',(7.365337807686,61.526601572273));
#3514 = CARTESIAN_POINT('',(7.36714312777,62.331936545391));
#3515 = CARTESIAN_POINT('',(7.36888735791,63.137411186954));
#3516 = CARTESIAN_POINT('',(7.37056726897,63.943031530089));
#3517 = CARTESIAN_POINT('',(7.373789901178,65.55357272762));
#3518 = CARTESIAN_POINT('',(7.375332759449,66.35849223333));
#3519 = CARTESIAN_POINT('',(7.37680499064,67.163564400646));
#3520 = CARTESIAN_POINT('',(7.378203436361,67.968790160639));
#3521 = CARTESIAN_POINT('',(7.379524948803,68.774167242256));
#3522 = CARTESIAN_POINT('',(7.380766390735,69.579690172321));
#3523 = CARTESIAN_POINT('',(7.38192463551,70.385350275533));
#3524 = CARTESIAN_POINT('',(7.383344674618,71.452812819393));
#3525 = CARTESIAN_POINT('',(7.383683675774,71.714503125302));
#3526 = CARTESIAN_POINT('',(7.384013461751,71.976206164031));
#3527 = CARTESIAN_POINT('',(7.384333922875,72.237921462142));
#3528 = CARTESIAN_POINT('',(7.384644948572,72.499648500923));
#3529 = CARTESIAN_POINT('',(7.384946427371,72.761386716387));
#3530 = CARTESIAN_POINT('',(7.385238246902,73.023135499273));
#3531 = CARTESIAN_POINT('',(7.385780606338,73.526481751307));
#3532 = CARTESIAN_POINT('',(7.386032574896,73.768069165213));
#3533 = CARTESIAN_POINT('',(7.386276091794,74.009656859354));
#3534 = CARTESIAN_POINT('',(7.386511699823,74.251244175306));
#3535 = CARTESIAN_POINT('',(7.386739113603,74.492831862018));
#3536 = CARTESIAN_POINT('',(7.386958796087,74.734419302567));
#3537 = CARTESIAN_POINT('',(7.387170724335,74.976006849913));
#3538 = CARTESIAN_POINT('',(7.388838404819,76.947483298708));
#3539 = CARTESIAN_POINT('',(7.389913594604,78.677563284811));
#3540 = CARTESIAN_POINT('',(7.390650125612,80.407618312012));
#3541 = CARTESIAN_POINT('',(7.39109294193,82.137484952965));
#3542 = CARTESIAN_POINT('',(7.391283679071,83.867052225225));
#3543 = CARTESIAN_POINT('',(7.391261883304,85.596261453952));
#3544 = CARTESIAN_POINT('',(7.391066230987,87.325106134616));
#3545 = CARTESIAN_POINT('',(7.390608694214,89.718160658527));
#3546 = CARTESIAN_POINT('',(7.390461702631,90.382639402612));
#3547 = CARTESIAN_POINT('',(7.39029696531,91.047069284043));
#3548 = CARTESIAN_POINT('',(7.390116679983,91.71145195165));
#3549 = CARTESIAN_POINT('',(7.389923049957,92.375789447003));
#3550 = CARTESIAN_POINT('',(7.389718284109,93.040084204412));
#3551 = CARTESIAN_POINT('',(7.389504596891,93.704339050931));
#3552 = CARTESIAN_POINT('',(7.389143914433,94.791382001435));
#3553 = CARTESIAN_POINT('',(7.389000906553,95.214191851123));
#3554 = CARTESIAN_POINT('',(7.388855758875,95.636987552498));
#3555 = CARTESIAN_POINT('',(7.388709047838,96.059769913165));
#3556 = CARTESIAN_POINT('',(7.38856135213,96.482539751249));
#3557 = CARTESIAN_POINT('',(7.38841325269,96.905297895402));
#3558 = CARTESIAN_POINT('',(7.388265332708,97.328045184797));
#3559 = CARTESIAN_POINT('',(7.387809786066,98.636709103716));
#3560 = CARTESIAN_POINT('',(7.387504743471,99.52259108857));
#3561 = CARTESIAN_POINT('',(7.387208459159,100.40843696034));
#3562 = CARTESIAN_POINT('',(7.386926372577,101.2942542026));
#3563 = CARTESIAN_POINT('',(7.386663953292,102.18004924587));
#3564 = CARTESIAN_POINT('',(7.386426700998,103.06582746758));
#3565 = CARTESIAN_POINT('',(7.386220145508,103.95159319208));
#3566 = CARTESIAN_POINT('',(7.385964689712,105.28026787392));
#3567 = CARTESIAN_POINT('',(7.385888593901,105.72318356971));
#3568 = CARTESIAN_POINT('',(7.385822252462,106.16609709973));
#3569 = CARTESIAN_POINT('',(7.385766356359,106.60900863963));
#3570 = CARTESIAN_POINT('',(7.385721594385,107.05191821908));
#3571 = CARTESIAN_POINT('',(7.385688653162,107.49482572172));
#3572 = CARTESIAN_POINT('',(7.385668217145,107.93773088521));
#3573 = CARTESIAN_POINT('',(7.385639910083,109.66736000611));
#3574 = CARTESIAN_POINT('',(7.385730714367,110.95406091538));
#3575 = CARTESIAN_POINT('',(7.385920910627,112.24072850941));
#3576 = CARTESIAN_POINT('',(7.386197360439,113.52736130083));
#3577 = CARTESIAN_POINT('',(7.386547257391,114.81396425877));
#3578 = CARTESIAN_POINT('',(7.386957350758,116.10054826821));
#3579 = CARTESIAN_POINT('',(7.387414790651,117.3871306465));
#3580 = CARTESIAN_POINT('',(7.388122276641,119.23741343367));
#3581 = CARTESIAN_POINT('',(7.388344434342,119.80109578364));
#3582 = CARTESIAN_POINT('',(7.38857214048,120.364783548));
#3583 = CARTESIAN_POINT('',(7.388804324209,120.92847852057));
#3584 = CARTESIAN_POINT('',(7.38903992131,121.49218255451));
#3585 = CARTESIAN_POINT('',(7.389277874197,122.05589756235));
#3586 = CARTESIAN_POINT('',(7.389517131908,122.61962551596));
#3587 = CARTESIAN_POINT('',(7.389910604793,123.54572445847));
#3588 = CARTESIAN_POINT('',(7.39006466718,123.90808663814));
#3589 = CARTESIAN_POINT('',(7.390218560132,124.2704555163));
#3590 = CARTESIAN_POINT('',(7.390372007649,124.6328316196));
#3591 = CARTESIAN_POINT('',(7.39052473487,124.99521547055));
#3592 = CARTESIAN_POINT('',(7.390676468074,125.35760758754));
#3593 = CARTESIAN_POINT('',(7.390826934681,125.72000848485));
#3594 = CARTESIAN_POINT('',(7.391240554207,126.7265307931));
#3595 = CARTESIAN_POINT('',(7.391500384861,127.37067217304));
#3596 = CARTESIAN_POINT('',(7.391753834318,128.01484574953));
#3597 = CARTESIAN_POINT('',(7.391999388924,128.65905426486));
#3598 = CARTESIAN_POINT('',(7.392235542266,129.30330026654));
#3599 = CARTESIAN_POINT('',(7.392460795172,129.94758610733));
#3600 = CARTESIAN_POINT('',(7.392673655713,130.5919139452));
#3601 = CARTESIAN_POINT('',(7.393465703796,133.15681745586));
#3602 = CARTESIAN_POINT('',(7.393935568811,135.07772058912));
#3603 = CARTESIAN_POINT('',(7.394242520958,136.99907061866));
#3604 = CARTESIAN_POINT('',(7.394347570611,138.92089595887));
#3605 = CARTESIAN_POINT('',(7.394211246964,140.84317784811));
#3606 = CARTESIAN_POINT('',(7.393792393174,142.76585023388));
#3607 = CARTESIAN_POINT('',(7.39304696152,144.68879965797));
#3608 = CARTESIAN_POINT('',(7.39143424456,147.45749322478));
#3609 = CARTESIAN_POINT('',(7.390869163807,148.30313979833));
#3610 = CARTESIAN_POINT('',(7.390227525111,149.14878937412));
#3611 = CARTESIAN_POINT('',(7.389505034234,149.99442325561));
#3612 = CARTESIAN_POINT('',(7.388697143881,150.84001953786));
#3613 = CARTESIAN_POINT('',(7.3877990537,151.68555310754));
#3614 = CARTESIAN_POINT('',(7.386805710281,152.53099564293));
#3615 = CARTESIAN_POINT('',(7.384695192262,154.16191066046));
#3616 = CARTESIAN_POINT('',(7.383591505246,154.94739885477));
#3617 = CARTESIAN_POINT('',(7.382401531469,155.73276925082));
#3618 = CARTESIAN_POINT('',(7.38112595407,156.51801263826));
#3619 = CARTESIAN_POINT('',(7.379765335753,157.30312150257));
#3620 = CARTESIAN_POINT('',(7.378320116629,158.08809000614));
#3621 = CARTESIAN_POINT('',(7.376790628113,158.87291399049));
#3622 = CARTESIAN_POINT('',(7.370283409009,162.03749323899));
#3623 = CARTESIAN_POINT('',(7.364616901496,164.41601338983));
#3624 = CARTESIAN_POINT('',(7.35818426675,166.79312053504));
#3625 = CARTESIAN_POINT('',(7.35098448033,169.16887034678));
#3626 = CARTESIAN_POINT('',(7.343010379296,171.54340516601));
#3627 = CARTESIAN_POINT('',(7.33425059781,173.91695516886));
#3628 = CARTESIAN_POINT('',(7.324691885989,176.28984061976));
#3629 = CARTESIAN_POINT('',(7.302004103454,181.48072138752));
#3630 = CARTESIAN_POINT('',(7.288542149465,184.29846628057));
#3631 = CARTESIAN_POINT('',(7.273758219914,187.11542237508));
#3632 = CARTESIAN_POINT('',(7.257428420392,189.93113726232));
#3633 = CARTESIAN_POINT('',(7.239273088869,192.74498680665));
#3634 = CARTESIAN_POINT('',(7.218909303202,195.55611155069));
#3635 = CARTESIAN_POINT('',(7.195830605279,198.36340360697));
#3636 = CARTESIAN_POINT('',(7.169192018329,201.16521949404));
#3637 = ( GEOMETRIC_REPRESENTATION_CONTEXT(2) 
PARAMETRIC_REPRESENTATION_CONTEXT() REPRESENTATION_CONTEXT('2D SPACE',''
  ) );
#3638 = PCURVE('',#628,#3639);
#3639 = DEFINITIONAL_REPRESENTATION('',(#3640),#3783);
#3640 = B_SPLINE_CURVE_WITH_KNOTS('',8,(#3641,#3642,#3643,#3644,#3645,
    #3646,#3647,#3648,#3649,#3650,#3651,#3652,#3653,#3654,#3655,#3656,
    #3657,#3658,#3659,#3660,#3661,#3662,#3663,#3664,#3665,#3666,#3667,
    #3668,#3669,#3670,#3671,#3672,#3673,#3674,#3675,#3676,#3677,#3678,
    #3679,#3680,#3681,#3682,#3683,#3684,#3685,#3686,#3687,#3688,#3689,
    #3690,#3691,#3692,#3693,#3694,#3695,#3696,#3697,#3698,#3699,#3700,
    #3701,#3702,#3703,#3704,#3705,#3706,#3707,#3708,#3709,#3710,#3711,
    #3712,#3713,#3714,#3715,#3716,#3717,#3718,#3719,#3720,#3721,#3722,
    #3723,#3724,#3725,#3726,#3727,#3728,#3729,#3730,#3731,#3732,#3733,
    #3734,#3735,#3736,#3737,#3738,#3739,#3740,#3741,#3742,#3743,#3744,
    #3745,#3746,#3747,#3748,#3749,#3750,#3751,#3752,#3753,#3754,#3755,
    #3756,#3757,#3758,#3759,#3760,#3761,#3762,#3763,#3764,#3765,#3766,
    #3767,#3768,#3769,#3770,#3771,#3772,#3773,#3774,#3775,#3776,#3777,
    #3778,#3779,#3780,#3781,#3782),.UNSPECIFIED.,.F.,.F.,(9,7,7,7,7,7,7,
    7,7,7,7,7,7,7,7,7,7,7,7,7,9),(0.,9.313312037494E-02,0.113145034169,
    0.153141192457,0.193087751148,0.206060313622,0.218033209717,
    0.303765208837,0.336724735656,0.357705952534,0.401676095567,
    0.423663149459,0.487540266367,0.51552569547,0.533513838525,
    0.565484189682,0.66077090681,0.70267126051,0.741611202125,
    0.859714897295,1.),.UNSPECIFIED.);
#3641 = CARTESIAN_POINT('',(318.00000058443,229.46423999531));
#3642 = CARTESIAN_POINT('',(316.17918409128,228.9686632617));
#3643 = CARTESIAN_POINT('',(314.34807742481,228.51859314564));
#3644 = CARTESIAN_POINT('',(312.50853868989,228.10829923039));
#3645 = CARTESIAN_POINT('',(310.66221852355,227.73248950422));
#3646 = CARTESIAN_POINT('',(308.81057143439,227.38610804921));
#3647 = CARTESIAN_POINT('',(306.95485772965,227.06426133444));
#3648 = CARTESIAN_POINT('',(305.09614380949,226.76219382877));
#3649 = CARTESIAN_POINT('',(302.83546295233,226.41357328137));
#3650 = CARTESIAN_POINT('',(302.43552340641,226.35261105411));
#3651 = CARTESIAN_POINT('',(302.03549981989,226.29230081687));
#3652 = CARTESIAN_POINT('',(301.63540189296,226.23259660615));
#3653 = CARTESIAN_POINT('',(301.23523917682,226.17345264481));
#3654 = CARTESIAN_POINT('',(300.83502107371,226.11482334201));
#3655 = CARTESIAN_POINT('',(300.43475683689,226.05666329327));
#3656 = CARTESIAN_POINT('',(299.23440651122,225.88353508289));
#3657 = CARTESIAN_POINT('',(298.43421295277,225.76981769244));
#3658 = CARTESIAN_POINT('',(297.63385095432,225.65805803336));
#3659 = CARTESIAN_POINT('',(296.83329563192,225.54855680871));
#3660 = CARTESIAN_POINT('',(296.03252802712,225.44158885967));
#3661 = CARTESIAN_POINT('',(295.23152729482,225.33745288842));
#3662 = CARTESIAN_POINT('',(294.4302770907,225.23643150147));
#3663 = CARTESIAN_POINT('',(292.82824044976,225.04131883649));
#3664 = CARTESIAN_POINT('',(292.02745568537,224.9472190871));
#3665 = CARTESIAN_POINT('',(291.22639220309,224.85680235185));
#3666 = CARTESIAN_POINT('',(290.42503788639,224.77035613064));
#3667 = CARTESIAN_POINT('',(289.62338379304,224.68816846453));
#3668 = CARTESIAN_POINT('',(288.82142415506,224.61052793572));
#3669 = CARTESIAN_POINT('',(288.01915637874,224.5377236675));
#3670 = CARTESIAN_POINT('',(286.95594636164,224.4480669221));
#3671 = CARTESIAN_POINT('',(286.69527929664,224.42662911776));
#3672 = CARTESIAN_POINT('',(286.43457989122,224.40574183804));
#3673 = CARTESIAN_POINT('',(286.17384823218,224.38541501695));
#3674 = CARTESIAN_POINT('',(285.91308445151,224.3656585958));
#3675 = CARTESIAN_POINT('',(285.65228872639,224.34648252323));
#3676 = CARTESIAN_POINT('',(285.39146127922,224.32789675514));
#3677 = CARTESIAN_POINT('',(284.88984527728,224.29331171804));
#3678 = CARTESIAN_POINT('',(284.64906992102,224.27722473174));
#3679 = CARTESIAN_POINT('',(284.40827554738,224.26165933271));
#3680 = CARTESIAN_POINT('',(284.16746372874,224.24658293449));
#3681 = CARTESIAN_POINT('',(283.92663304673,224.23201560071));
#3682 = CARTESIAN_POINT('',(283.68578488843,224.21792955813));
#3683 = CARTESIAN_POINT('',(283.44491874368,224.20432787939));
#3684 = CARTESIAN_POINT('',(281.47918541618,224.09719940166));
#3685 = CARTESIAN_POINT('',(279.75324057672,224.02751431));
#3686 = CARTESIAN_POINT('',(278.02647169972,223.97951517204));
#3687 = CARTESIAN_POINT('',(276.2990981421,223.95059001773));
#3688 = CARTESIAN_POINT('',(274.57128728456,223.93814206813));
#3689 = CARTESIAN_POINT('',(272.84315441594,223.93958713962));
#3690 = CARTESIAN_POINT('',(271.11476261765,223.9523510479));
#3691 = CARTESIAN_POINT('',(268.72154983954,223.98213878938));
#3692 = CARTESIAN_POINT('',(268.05694332166,223.99170403819));
#3693 = CARTESIAN_POINT('',(267.39230504216,224.0024169188));
#3694 = CARTESIAN_POINT('',(266.72763655266,224.01413164465));
#3695 = CARTESIAN_POINT('',(266.06293900866,224.02670248241));
#3696 = CARTESIAN_POINT('',(265.39821316953,224.03998375199));
#3697 = CARTESIAN_POINT('',(264.73345939854,224.05382982653));
#3698 = CARTESIAN_POINT('',(263.64549410653,224.07717607209));
#3699 = CARTESIAN_POINT('',(263.22229929532,224.08642687929));
#3700 = CARTESIAN_POINT('',(262.79909325413,224.09580998959));
#3701 = CARTESIAN_POINT('',(262.37587599692,224.1052878314));
#3702 = CARTESIAN_POINT('',(261.95264752664,224.11482282595));
#3703 = CARTESIAN_POINT('',(261.52940783524,224.12437738727));
#3704 = CARTESIAN_POINT('',(261.10615690367,224.1339139222));
#3705 = CARTESIAN_POINT('',(259.79586800264,224.16326388232));
#3706 = CARTESIAN_POINT('',(258.90879251674,224.18288864541));
#3707 = CARTESIAN_POINT('',(258.02166724771,224.20192295674));
#3708 = CARTESIAN_POINT('',(257.13449224938,224.22002044555));
#3709 = CARTESIAN_POINT('',(256.24726862595,224.23683453323));
#3710 = CARTESIAN_POINT('',(255.35999853193,224.25201843332));
#3711 = CARTESIAN_POINT('',(254.47268517218,224.2652251515));
#3712 = CARTESIAN_POINT('',(253.14161661084,224.28154914329));
#3713 = CARTESIAN_POINT('',(252.69789084673,224.28640962637));
#3714 = CARTESIAN_POINT('',(252.25415612946,224.29064552805));
#3715 = CARTESIAN_POINT('',(251.81041322521,224.29421345831));
#3716 = CARTESIAN_POINT('',(251.36666304637,224.29707004386));
#3717 = CARTESIAN_POINT('',(250.92290665159,224.2991719282));
#3718 = CARTESIAN_POINT('',(250.47914524576,224.30047577158));
#3719 = CARTESIAN_POINT('',(248.74614729218,224.30228185309));
#3720 = CARTESIAN_POINT('',(247.45688609044,224.29648811998));
#3721 = CARTESIAN_POINT('',(246.1676289856,224.28435511047));
#3722 = CARTESIAN_POINT('',(244.87840236297,224.26670535682));
#3723 = CARTESIAN_POINT('',(243.58922610266,224.24433206047));
#3724 = CARTESIAN_POINT('',(242.30011417754,224.21805665573));
#3725 = CARTESIAN_POINT('',(241.01107409809,224.18868028198));
#3726 = CARTESIAN_POINT('',(239.15739355385,224.14313668419));
#3727 = CARTESIAN_POINT('',(238.59269434123,224.12882197806));
#3728 = CARTESIAN_POINT('',(238.02801004852,224.11413498946));
#3729 = CARTESIAN_POINT('',(237.4633409711,224.09914348559));
#3730 = CARTESIAN_POINT('',(236.89868734568,224.08391518854));
#3731 = CARTESIAN_POINT('',(236.33404935025,224.06851777533));
#3732 = CARTESIAN_POINT('',(235.76942710407,224.05301887787));
#3733 = CARTESIAN_POINT('',(234.84190962181,224.02750209685));
#3734 = CARTESIAN_POINT('',(234.47900512786,224.01750410802));
#3735 = CARTESIAN_POINT('',(234.1161072107,224.00751006497));
#3736 = CARTESIAN_POINT('',(233.7532158995,223.99753791115));
#3737 = CARTESIAN_POINT('',(233.39033122773,223.98760558505));
#3738 = CARTESIAN_POINT('',(233.02745323326,223.97773102014));
#3739 = CARTESIAN_POINT('',(232.66458195824,223.96793214492));
#3740 = CARTESIAN_POINT('',(231.65679786299,223.94097770751));
#3741 = CARTESIAN_POINT('',(231.01189973669,223.92402426131));
#3742 = CARTESIAN_POINT('',(230.36702325834,223.90746713859));
#3743 = CARTESIAN_POINT('',(229.72216881374,223.89140694037));
#3744 = CARTESIAN_POINT('',(229.0773369864,223.87594427441));
#3745 = CARTESIAN_POINT('',(228.43252855761,223.86117975518));
#3746 = CARTESIAN_POINT('',(227.7877445064,223.84721400395));
#3747 = CARTESIAN_POINT('',(225.22130175262,223.79520375049));
#3748 = CARTESIAN_POINT('',(223.29986362484,223.76424993908));
#3749 = CARTESIAN_POINT('',(221.378679175,223.74395074733));
#3750 = CARTESIAN_POINT('',(219.45780345107,223.73697574));
#3751 = CARTESIAN_POINT('',(217.53733888966,223.74600403435));
#3752 = CARTESIAN_POINT('',(215.61743520555,223.77372882078));
#3753 = CARTESIAN_POINT('',(213.69828928117,223.82286188339));
#3754 = CARTESIAN_POINT('',(210.93668099417,223.92835982328));
#3755 = CARTESIAN_POINT('',(210.09341454713,223.96524979656));
#3756 = CARTESIAN_POINT('',(209.25036826517,224.00704039808));
#3757 = CARTESIAN_POINT('',(208.40756785561,224.05396482711));
#3758 = CARTESIAN_POINT('',(207.5650421829,224.10625712458));
#3759 = CARTESIAN_POINT('',(206.72282326864,224.16415217315));
#3760 = CARTESIAN_POINT('',(205.88094629157,224.22788569716));
#3761 = CARTESIAN_POINT('',(204.25740768029,224.36257059953));
#3762 = CARTESIAN_POINT('',(203.47569511188,224.43270548455));
#3763 = CARTESIAN_POINT('',(202.69433050663,224.50796203617));
#3764 = CARTESIAN_POINT('',(201.9133307473,224.58820235048));
#3765 = CARTESIAN_POINT('',(201.13271100455,224.67328940707));
#3766 = CARTESIAN_POINT('',(200.35248475347,224.76308787427));
#3767 = CARTESIAN_POINT('',(199.57266377735,224.8574638136));
#3768 = CARTESIAN_POINT('',(196.42934389002,225.25599982268));
#3769 = CARTESIAN_POINT('',(194.06928032286,225.59658925114));
#3770 = CARTESIAN_POINT('',(191.71331118865,225.97433255834));
#3771 = CARTESIAN_POINT('',(189.36159298876,226.38559464267));
#3772 = CARTESIAN_POINT('',(187.01419561612,226.82682716791));
#3773 = CARTESIAN_POINT('',(184.67110235343,227.29456255861));
#3774 = CARTESIAN_POINT('',(182.3322092479,227.78539913446));
#3775 = CARTESIAN_POINT('',(177.22391668324,228.90244885771));
#3776 = CARTESIAN_POINT('',(174.45630872637,229.53674828584));
#3777 = CARTESIAN_POINT('',(171.69476885956,230.20100147331));
#3778 = CARTESIAN_POINT('',(168.93972508774,230.89767445063));
#3779 = CARTESIAN_POINT('',(166.19176905322,231.62962448217));
#3780 = CARTESIAN_POINT('',(163.45171459673,232.40053259262));
#3781 = CARTESIAN_POINT('',(160.72060810979,233.21500010699));
#3782 = CARTESIAN_POINT('',(157.99999941739,234.08060488548));
#3783 = ( GEOMETRIC_REPRESENTATION_CONTEXT(2) 
PARAMETRIC_REPRESENTATION_CONTEXT() REPRESENTATION_CONTEXT('2D SPACE',''
  ) );
#3784 = ORIENTED_EDGE('',*,*,#3785,.T.);
#3785 = EDGE_CURVE('',#3346,#3786,#3788,.T.);
#3786 = VERTEX_POINT('',#3787);
#3787 = CARTESIAN_POINT('',(50.35060411733,-23.95535448253,13.));
#3788 = SURFACE_CURVE('',#3789,(#3840,#3894),.PCURVE_S1.);
#3789 = B_SPLINE_CURVE_WITH_KNOTS('',7,(#3790,#3791,#3792,#3793,#3794,
    #3795,#3796,#3797,#3798,#3799,#3800,#3801,#3802,#3803,#3804,#3805,
    #3806,#3807,#3808,#3809,#3810,#3811,#3812,#3813,#3814,#3815,#3816,
    #3817,#3818,#3819,#3820,#3821,#3822,#3823,#3824,#3825,#3826,#3827,
    #3828,#3829,#3830,#3831,#3832,#3833,#3834,#3835,#3836,#3837,#3838,
    #3839),.UNSPECIFIED.,.F.,.F.,(8,6,6,6,6,6,6,6,8),(0.,0.120377204162,
    0.27453726221,0.386335752235,0.478449340217,0.598912657555,
    0.73556620437,0.875213711058,1.),.UNSPECIFIED.);
#3790 = CARTESIAN_POINT('',(53.65,-24.,11.974719368923));
#3791 = CARTESIAN_POINT('',(53.65,-23.929981216,12.115052579586));
#3792 = CARTESIAN_POINT('',(53.646533468664,-23.85939465858,
    12.255186002218));
#3793 = CARTESIAN_POINT('',(53.639499345561,-23.78830016546,
    12.395026454337));
#3794 = CARTESIAN_POINT('',(53.6287668212,-23.71677636841,
    12.534461639202));
#3795 = CARTESIAN_POINT('',(53.614178811344,-23.64492205516,
    12.673360160268));
#3796 = CARTESIAN_POINT('',(53.595548970262,-23.57285890794,
    12.811570983126));
#3797 = CARTESIAN_POINT('',(53.543329740874,-23.40837153164,
    13.124820215748));
#3798 = CARTESIAN_POINT('',(53.507024179845,-23.31595497281,
    13.299220557104));
#3799 = CARTESIAN_POINT('',(53.463258165008,-23.22375066931,
    13.471856824285));
#3800 = CARTESIAN_POINT('',(53.411460746994,-23.13217449697,
    13.642249230532));
#3801 = CARTESIAN_POINT('',(53.350960868401,-23.04182421316,
    13.809697873818));
#3802 = CARTESIAN_POINT('',(53.281028317411,-22.95348597854,
    13.973299550106));
#3803 = CARTESIAN_POINT('',(53.142393338457,-22.80641048504,
    14.246863273942));
#3804 = CARTESIAN_POINT('',(53.078688830189,-22.74626836821,
    14.359102087879));
#3805 = CARTESIAN_POINT('',(53.009167433718,-22.68818510926,
    14.468194325327));
#3806 = CARTESIAN_POINT('',(52.933447586354,-22.63271573546,
    14.573486213645));
#3807 = CARTESIAN_POINT('',(52.851178480514,-22.58060423352,
    14.674068247006));
#3808 = CARTESIAN_POINT('',(52.762087475043,-22.53276733964,
    14.768806799531));
#3809 = CARTESIAN_POINT('',(52.586674271765,-22.45539197809,
    14.928338646194));
#3810 = CARTESIAN_POINT('',(52.502692903549,-22.42407291169,
    14.995502874919));
#3811 = CARTESIAN_POINT('',(52.413811080023,-22.39717819395,
    15.056764013921));
#3812 = CARTESIAN_POINT('',(52.320169496073,-22.37551062509,
    15.111030248515));
#3813 = CARTESIAN_POINT('',(52.22220836606,-22.35988530863,
    15.157119645486));
#3814 = CARTESIAN_POINT('',(52.120667423816,-22.35112965141,
    15.193760153093));
#3815 = CARTESIAN_POINT('',(51.880471336529,-22.3487150605,
    15.253368558726));
#3816 = CARTESIAN_POINT('',(51.739403326187,-22.36063444186,
    15.26867640193));
#3817 = CARTESIAN_POINT('',(51.5984056678,-22.38695440213,15.26278868513
    ));
#3818 = CARTESIAN_POINT('',(51.461675187493,-22.42748111594,
    15.234943467748));
#3819 = CARTESIAN_POINT('',(51.33258176133,-22.48071403802,
    15.186341314175));
#3820 = CARTESIAN_POINT('',(51.213668315325,-22.54384590328,
    15.120145293776));
#3821 = CARTESIAN_POINT('',(50.985250220761,-22.69094194818,
    14.952244210701));
#3822 = CARTESIAN_POINT('',(50.878239038414,-22.7773900422,
    14.846078995425));
#3823 = CARTESIAN_POINT('',(50.785293238799,-22.86898180913,
    14.727174200721));
#3824 = CARTESIAN_POINT('',(50.705425546457,-22.96324336308,
    14.599050979874));
#3825 = CARTESIAN_POINT('',(50.637317926176,-23.05845159714,
    14.464408057034));
#3826 = CARTESIAN_POINT('',(50.579596602024,-23.15364486688,
    14.324964917251));
#3827 = CARTESIAN_POINT('',(50.481439014565,-23.34552409422,
    14.034493380067));
#3828 = CARTESIAN_POINT('',(50.441534451735,-23.44195201513,
    13.883650316624));
#3829 = CARTESIAN_POINT('',(50.410092661672,-23.53727346164,
    13.729835462176));
#3830 = CARTESIAN_POINT('',(50.386214972594,-23.63110228661,
    13.573841662294));
#3831 = CARTESIAN_POINT('',(50.369125006278,-23.72319263374,
    13.416261057932));
#3832 = CARTESIAN_POINT('',(50.358195915256,-23.81342108869,
    13.257473025083));
#3833 = CARTESIAN_POINT('',(50.348218602553,-23.98070668481,
    12.954841374397));
#3834 = CARTESIAN_POINT('',(50.348032327567,-24.05810241761,
    12.811280278194));
#3835 = CARTESIAN_POINT('',(50.352006105564,-24.1339009688,
    12.667163823056));
#3836 = CARTESIAN_POINT('',(50.359852648112,-24.20806514659,
    12.522656299711));
#3837 = CARTESIAN_POINT('',(50.371337374433,-24.28057128487,
    12.377894012615));
#3838 = CARTESIAN_POINT('',(50.386268697991,-24.35140786575,
    12.232986134685));
#3839 = CARTESIAN_POINT('',(50.404500568768,-24.42057290086,
    12.088014810496));
#3840 = PCURVE('',#2970,#3841);
#3841 = DEFINITIONAL_REPRESENTATION('',(#3842),#3893);
#3842 = B_SPLINE_CURVE_WITH_KNOTS('',7,(#3843,#3844,#3845,#3846,#3847,
    #3848,#3849,#3850,#3851,#3852,#3853,#3854,#3855,#3856,#3857,#3858,
    #3859,#3860,#3861,#3862,#3863,#3864,#3865,#3866,#3867,#3868,#3869,
    #3870,#3871,#3872,#3873,#3874,#3875,#3876,#3877,#3878,#3879,#3880,
    #3881,#3882,#3883,#3884,#3885,#3886,#3887,#3888,#3889,#3890,#3891,
    #3892),.UNSPECIFIED.,.F.,.F.,(8,6,6,6,6,6,6,6,8),(0.,0.120377204162,
    0.27453726221,0.386335752235,0.478449340217,0.598912657555,
    0.73556620437,0.875213711058,1.),.UNSPECIFIED.);
#3843 = CARTESIAN_POINT('',(7.391177067687,54.667726657136));
#3844 = CARTESIAN_POINT('',(7.385329850577,54.667726657136));
#3845 = CARTESIAN_POINT('',(7.379479847794,54.671217627943));
#3846 = CARTESIAN_POINT('',(7.373631270127,54.678301342554));
#3847 = CARTESIAN_POINT('',(7.367789299668,54.689109495362));
#3848 = CARTESIAN_POINT('',(7.361960123364,54.70380019784));
#3849 = CARTESIAN_POINT('',(7.356151010969,54.722560975532));
#3850 = CARTESIAN_POINT('',(7.342967594285,54.775146392703));
#3851 = CARTESIAN_POINT('',(7.335615258051,54.81170606359));
#3852 = CARTESIAN_POINT('',(7.32832729395,54.855777610889));
#3853 = CARTESIAN_POINT('',(7.321127367263,54.907935397083));
#3854 = CARTESIAN_POINT('',(7.314049756592,54.968854339264));
#3855 = CARTESIAN_POINT('',(7.307138941685,55.039268625371));
#3856 = CARTESIAN_POINT('',(7.295606127764,55.178852051674));
#3857 = CARTESIAN_POINT('',(7.290881628884,55.242990645892));
#3858 = CARTESIAN_POINT('',(7.286300476719,55.312983640507));
#3859 = CARTESIAN_POINT('',(7.281894441439,55.389214546175));
#3860 = CARTESIAN_POINT('',(7.277707043908,55.47203577213));
#3861 = CARTESIAN_POINT('',(7.273792156643,55.561720928172));
#3862 = CARTESIAN_POINT('',(7.267271473584,55.738295970612));
#3863 = CARTESIAN_POINT('',(7.264554562195,55.822830889614));
#3864 = CARTESIAN_POINT('',(7.262113469844,55.912295375959));
#3865 = CARTESIAN_POINT('',(7.259998085775,56.006547304024));
#3866 = CARTESIAN_POINT('',(7.258261058527,56.105143196922));
#3867 = CARTESIAN_POINT('',(7.256957795925,56.207338226506));
#3868 = CARTESIAN_POINT('',(7.255085431569,56.449072408974));
#3869 = CARTESIAN_POINT('',(7.254867800195,56.591036881115));
#3870 = CARTESIAN_POINT('',(7.255596385564,56.732924178323));
#3871 = CARTESIAN_POINT('',(7.257287777341,56.870511574206));
#3872 = CARTESIAN_POINT('',(7.259872340258,57.000409067436));
#3873 = CARTESIAN_POINT('',(7.263194214112,57.120059381756));
#3874 = CARTESIAN_POINT('',(7.271341430332,57.349888515823));
#3875 = CARTESIAN_POINT('',(7.276353337953,57.457557384605));
#3876 = CARTESIAN_POINT('',(7.281854612895,57.551072400072));
#3877 = CARTESIAN_POINT('',(7.287688158393,57.631428008883));
#3878 = CARTESIAN_POINT('',(7.293737845123,57.699950965985));
#3879 = CARTESIAN_POINT('',(7.299932939834,57.758023813631));
#3880 = CARTESIAN_POINT('',(7.312708134639,57.856778579387));
#3881 = CARTESIAN_POINT('',(7.31927734486,57.896925545289));
#3882 = CARTESIAN_POINT('',(7.32591662192,57.928558164545));
#3883 = CARTESIAN_POINT('',(7.332595232285,57.952580690889));
#3884 = CARTESIAN_POINT('',(7.339291282013,57.969774289133));
#3885 = CARTESIAN_POINT('',(7.345991731656,57.980769643078));
#3886 = CARTESIAN_POINT('',(7.358678774317,57.990807444941));
#3887 = CARTESIAN_POINT('',(7.364662324466,57.990994846465));
#3888 = CARTESIAN_POINT('',(7.370636157456,57.986996980778));
#3889 = CARTESIAN_POINT('',(7.376595141736,57.979102872726));
#3890 = CARTESIAN_POINT('',(7.3825352209,57.967548510885));
#3891 = CARTESIAN_POINT('',(7.388453372334,57.952526622097));
#3892 = CARTESIAN_POINT('',(7.394347570611,57.934184112439));
#3893 = ( GEOMETRIC_REPRESENTATION_CONTEXT(2) 
PARAMETRIC_REPRESENTATION_CONTEXT() REPRESENTATION_CONTEXT('2D SPACE',''
  ) );
#3894 = PCURVE('',#2063,#3895);
#3895 = DEFINITIONAL_REPRESENTATION('',(#3896),#3947);
#3896 = B_SPLINE_CURVE_WITH_KNOTS('',7,(#3897,#3898,#3899,#3900,#3901,
    #3902,#3903,#3904,#3905,#3906,#3907,#3908,#3909,#3910,#3911,#3912,
    #3913,#3914,#3915,#3916,#3917,#3918,#3919,#3920,#3921,#3922,#3923,
    #3924,#3925,#3926,#3927,#3928,#3929,#3930,#3931,#3932,#3933,#3934,
    #3935,#3936,#3937,#3938,#3939,#3940,#3941,#3942,#3943,#3944,#3945,
    #3946),.UNSPECIFIED.,.F.,.F.,(8,6,6,6,6,6,6,6,8),(0.,0.120377204162,
    0.27453726221,0.386335752235,0.478449340217,0.598912657555,
    0.73556620437,0.875213711058,1.),.UNSPECIFIED.);
#3897 = CARTESIAN_POINT('',(0.,5.974719368923));
#3898 = CARTESIAN_POINT('',(4.243562666229E-02,6.115052579586));
#3899 = CARTESIAN_POINT('',(8.52153887195E-02,6.255186002218));
#3900 = CARTESIAN_POINT('',(0.12842766785,6.395026454337));
#3901 = CARTESIAN_POINT('',(0.172159122799,6.534461639202));
#3902 = CARTESIAN_POINT('',(0.216498413043,6.673360160268));
#3903 = CARTESIAN_POINT('',(0.261542150195,6.811570983126));
#3904 = CARTESIAN_POINT('',(0.36613448905,7.124820215748));
#3905 = CARTESIAN_POINT('',(0.426176660637,7.299220557104));
#3906 = CARTESIAN_POINT('',(0.487796081098,7.471856824285));
#3907 = CARTESIAN_POINT('',(0.551251257463,7.642249230531));
#3908 = CARTESIAN_POINT('',(0.616831576908,7.809697873818));
#3909 = CARTESIAN_POINT('',(0.684861907642,7.973299550106));
#3910 = CARTESIAN_POINT('',(0.807356424193,8.246863273942));
#3911 = CARTESIAN_POINT('',(0.860362558861,8.359102087879));
#3912 = CARTESIAN_POINT('',(0.915102168228,8.468194325327));
#3913 = CARTESIAN_POINT('',(0.971769717249,8.573486213645));
#3914 = CARTESIAN_POINT('',(1.030557113548,8.674068247006));
#3915 = CARTESIAN_POINT('',(1.091659804582,8.768806799531));
#3916 = CARTESIAN_POINT('',(1.207854028576,8.928338646194));
#3917 = CARTESIAN_POINT('',(1.262079601373,8.995502874919));
#3918 = CARTESIAN_POINT('',(1.318177021403,9.056764013921));
#3919 = CARTESIAN_POINT('',(1.376188647767,9.111030248515));
#3920 = CARTESIAN_POINT('',(1.436064288052,9.157119645486));
#3921 = CARTESIAN_POINT('',(1.497661198333,9.193760153093));
#3922 = CARTESIAN_POINT('',(1.643241939798,9.253368558726));
#3923 = CARTESIAN_POINT('',(1.728485198568,9.26867640193));
#3924 = CARTESIAN_POINT('',(1.814786865624,9.26278868513));
#3925 = CARTESIAN_POINT('',(1.900633895526,9.234943467748));
#3926 = CARTESIAN_POINT('',(1.984687191244,9.186341314175));
#3927 = CARTESIAN_POINT('',(2.065781604166,9.120145293776));
#3928 = CARTESIAN_POINT('',(2.230438436107,8.952244210701));
#3929 = CARTESIAN_POINT('',(2.313332002112,8.846078995425));
#3930 = CARTESIAN_POINT('',(2.39184195806,8.727174200721));
#3931 = CARTESIAN_POINT('',(2.466231782508,8.599050979874));
#3932 = CARTESIAN_POINT('',(2.536842282804,8.464408057034));
#3933 = CARTESIAN_POINT('',(2.604136521138,8.324964917251));
#3934 = CARTESIAN_POINT('',(2.734759876336,8.034493380067));
#3935 = CARTESIAN_POINT('',(2.797802882835,7.883650316624));
#3936 = CARTESIAN_POINT('',(2.858382331381,7.729835462176));
#3937 = CARTESIAN_POINT('',(2.916820380346,7.573841662294));
#3938 = CARTESIAN_POINT('',(2.973403010525,7.416261057932));
#3939 = CARTESIAN_POINT('',(3.028384152186,7.257473025083));
#3940 = CARTESIAN_POINT('',(3.129949526349,6.954841374397));
#3941 = CARTESIAN_POINT('',(3.176779604555,6.811280278194));
#3942 = CARTESIAN_POINT('',(3.22267285826,6.667163823056));
#3943 = CARTESIAN_POINT('',(3.267760742351,6.522656299711));
#3944 = CARTESIAN_POINT('',(3.312159396796,6.377894012615));
#3945 = CARTESIAN_POINT('',(3.355979271519,6.232986134685));
#3946 = CARTESIAN_POINT('',(3.399329355986,6.088014810496));
#3947 = ( GEOMETRIC_REPRESENTATION_CONTEXT(2) 
PARAMETRIC_REPRESENTATION_CONTEXT() REPRESENTATION_CONTEXT('2D SPACE',''
  ) );
#3948 = ORIENTED_EDGE('',*,*,#3949,.T.);
#3949 = EDGE_CURVE('',#3786,#3045,#3950,.T.);
#3950 = SURFACE_CURVE('',#3951,(#4094,#4240),.PCURVE_S1.);
#3951 = B_SPLINE_CURVE_WITH_KNOTS('',8,(#3952,#3953,#3954,#3955,#3956,
    #3957,#3958,#3959,#3960,#3961,#3962,#3963,#3964,#3965,#3966,#3967,
    #3968,#3969,#3970,#3971,#3972,#3973,#3974,#3975,#3976,#3977,#3978,
    #3979,#3980,#3981,#3982,#3983,#3984,#3985,#3986,#3987,#3988,#3989,
    #3990,#3991,#3992,#3993,#3994,#3995,#3996,#3997,#3998,#3999,#4000,
    #4001,#4002,#4003,#4004,#4005,#4006,#4007,#4008,#4009,#4010,#4011,
    #4012,#4013,#4014,#4015,#4016,#4017,#4018,#4019,#4020,#4021,#4022,
    #4023,#4024,#4025,#4026,#4027,#4028,#4029,#4030,#4031,#4032,#4033,
    #4034,#4035,#4036,#4037,#4038,#4039,#4040,#4041,#4042,#4043,#4044,
    #4045,#4046,#4047,#4048,#4049,#4050,#4051,#4052,#4053,#4054,#4055,
    #4056,#4057,#4058,#4059,#4060,#4061,#4062,#4063,#4064,#4065,#4066,
    #4067,#4068,#4069,#4070,#4071,#4072,#4073,#4074,#4075,#4076,#4077,
    #4078,#4079,#4080,#4081,#4082,#4083,#4084,#4085,#4086,#4087,#4088,
    #4089,#4090,#4091,#4092,#4093),.UNSPECIFIED.,.F.,.F.,(9,7,7,7,7,7,7,
    7,7,7,7,7,7,7,7,7,7,7,7,7,9),(0.,9.313312037494E-02,0.113145034169,
    0.153141192457,0.193087751148,0.206060313622,0.218033209717,
    0.303765208837,0.336724735656,0.357705952534,0.401676095567,
    0.423663149459,0.487540266367,0.51552569547,0.533513838525,
    0.565484189682,0.66077090681,0.70267126051,0.741611202125,
    0.859714897295,1.),.UNSPECIFIED.);
#3952 = CARTESIAN_POINT('',(68.000000584435,-20.53576000468,13.));
#3953 = CARTESIAN_POINT('',(66.179184091286,-21.03133673829,13.));
#3954 = CARTESIAN_POINT('',(64.348077424817,-21.48140685435,13.));
#3955 = CARTESIAN_POINT('',(62.508538689899,-21.8917007696,13.));
#3956 = CARTESIAN_POINT('',(60.662218523553,-22.26751049577,13.));
#3957 = CARTESIAN_POINT('',(58.810571434396,-22.61389195078,13.));
#3958 = CARTESIAN_POINT('',(56.954857729652,-22.93573866555,13.));
#3959 = CARTESIAN_POINT('',(55.096143809498,-23.23780617122,13.));
#3960 = CARTESIAN_POINT('',(52.835462952338,-23.58642671862,13.));
#3961 = CARTESIAN_POINT('',(52.435523406418,-23.64738894588,13.));
#3962 = CARTESIAN_POINT('',(52.035499819899,-23.70769918312,13.));
#3963 = CARTESIAN_POINT('',(51.635401892966,-23.76740339384,13.));
#3964 = CARTESIAN_POINT('',(51.235239176828,-23.82654735518,13.));
#3965 = CARTESIAN_POINT('',(50.835021073719,-23.88517665798,13.));
#3966 = CARTESIAN_POINT('',(50.434756836898,-23.94333670672,13.));
#3967 = CARTESIAN_POINT('',(49.234406511226,-24.1164649171,13.));
#3968 = CARTESIAN_POINT('',(48.434212952772,-24.23018230755,13.));
#3969 = CARTESIAN_POINT('',(47.633850954324,-24.34194196663,13.));
#3970 = CARTESIAN_POINT('',(46.83329563192,-24.45144319128,13.));
#3971 = CARTESIAN_POINT('',(46.032528027127,-24.55841114032,13.));
#3972 = CARTESIAN_POINT('',(45.231527294824,-24.66254711157,13.));
#3973 = CARTESIAN_POINT('',(44.430277090705,-24.76356849852,13.));
#3974 = CARTESIAN_POINT('',(42.828240449762,-24.9586811635,13.));
#3975 = CARTESIAN_POINT('',(42.027455685372,-25.05278091289,13.));
#3976 = CARTESIAN_POINT('',(41.22639220309,-25.14319764814,13.));
#3977 = CARTESIAN_POINT('',(40.425037886398,-25.22964386935,13.));
#3978 = CARTESIAN_POINT('',(39.623383793048,-25.31183153546,13.));
#3979 = CARTESIAN_POINT('',(38.821424155065,-25.38947206428,13.));
#3980 = CARTESIAN_POINT('',(38.019156378742,-25.46227633249,13.));
#3981 = CARTESIAN_POINT('',(36.955946361647,-25.5519330779,13.));
#3982 = CARTESIAN_POINT('',(36.695279296645,-25.57337088223,13.));
#3983 = CARTESIAN_POINT('',(36.434579891229,-25.59425816195,13.));
#3984 = CARTESIAN_POINT('',(36.173848232188,-25.61458498305,13.));
#3985 = CARTESIAN_POINT('',(35.913084451514,-25.63434140419,13.));
#3986 = CARTESIAN_POINT('',(35.652288726396,-25.65351747676,13.));
#3987 = CARTESIAN_POINT('',(35.391461279225,-25.67210324485,13.));
#3988 = CARTESIAN_POINT('',(34.889845277281,-25.70668828195,13.));
#3989 = CARTESIAN_POINT('',(34.649069921028,-25.72277526825,13.));
#3990 = CARTESIAN_POINT('',(34.408275547383,-25.73834066728,13.));
#3991 = CARTESIAN_POINT('',(34.167463728747,-25.75341706551,13.));
#3992 = CARTESIAN_POINT('',(33.926633046739,-25.76798439928,13.));
#3993 = CARTESIAN_POINT('',(33.68578488843,-25.78207044186,13.));
#3994 = CARTESIAN_POINT('',(33.444918743684,-25.7956721206,13.));
#3995 = CARTESIAN_POINT('',(31.479185416189,-25.90280059833,13.));
#3996 = CARTESIAN_POINT('',(29.753240576727,-25.97248568999,13.));
#3997 = CARTESIAN_POINT('',(28.026471699726,-26.02048482795,13.));
#3998 = CARTESIAN_POINT('',(26.299098142108,-26.04940998227,13.));
#3999 = CARTESIAN_POINT('',(24.571287284561,-26.06185793186,13.));
#4000 = CARTESIAN_POINT('',(22.843154415941,-26.06041286037,13.));
#4001 = CARTESIAN_POINT('',(21.114762617658,-26.04764895209,13.));
#4002 = CARTESIAN_POINT('',(18.721549839541,-26.01786121061,13.));
#4003 = CARTESIAN_POINT('',(18.05694332166,-26.0082959618,13.));
#4004 = CARTESIAN_POINT('',(17.392305042164,-25.99758308119,13.));
#4005 = CARTESIAN_POINT('',(16.727636552667,-25.98586835534,13.));
#4006 = CARTESIAN_POINT('',(16.062939008665,-25.97329751758,13.));
#4007 = CARTESIAN_POINT('',(15.398213169537,-25.960016248,13.));
#4008 = CARTESIAN_POINT('',(14.733459398546,-25.94617017346,13.));
#4009 = CARTESIAN_POINT('',(13.645494106536,-25.9228239279,13.));
#4010 = CARTESIAN_POINT('',(13.222299295321,-25.9135731207,13.));
#4011 = CARTESIAN_POINT('',(12.799093254136,-25.9041900104,13.));
#4012 = CARTESIAN_POINT('',(12.375875996929,-25.89471216859,13.));
#4013 = CARTESIAN_POINT('',(11.952647526648,-25.88517717404,13.));
#4014 = CARTESIAN_POINT('',(11.529407835245,-25.87562261272,13.));
#4015 = CARTESIAN_POINT('',(11.106156903674,-25.86608607779,13.));
#4016 = CARTESIAN_POINT('',(9.795868002645,-25.83673611768,13.));
#4017 = CARTESIAN_POINT('',(8.908792516746,-25.81711135458,13.));
#4018 = CARTESIAN_POINT('',(8.02166724771,-25.79807704325,13.));
#4019 = CARTESIAN_POINT('',(7.134492249386,-25.77997955444,13.));
#4020 = CARTESIAN_POINT('',(6.247268625955,-25.76316546676,13.));
#4021 = CARTESIAN_POINT('',(5.359998531938,-25.74798156667,13.));
#4022 = CARTESIAN_POINT('',(4.472685172186,-25.73477484849,13.));
#4023 = CARTESIAN_POINT('',(3.141616610843,-25.7184508567,13.));
#4024 = CARTESIAN_POINT('',(2.697890846732,-25.71359037362,13.));
#4025 = CARTESIAN_POINT('',(2.254156129468,-25.70935447194,13.));
#4026 = CARTESIAN_POINT('',(1.810413225214,-25.70578654168,13.));
#4027 = CARTESIAN_POINT('',(1.366663046372,-25.70292995613,13.));
#4028 = CARTESIAN_POINT('',(0.922906651591,-25.70082807179,13.));
#4029 = CARTESIAN_POINT('',(0.479145245764,-25.69952422841,13.));
#4030 = CARTESIAN_POINT('',(-1.253852707813,-25.6977181469,13.));
#4031 = CARTESIAN_POINT('',(-2.543113909553,-25.70351188001,13.));
#4032 = CARTESIAN_POINT('',(-3.8323710144,-25.71564488952,13.));
#4033 = CARTESIAN_POINT('',(-5.12159763703,-25.73329464317,13.));
#4034 = CARTESIAN_POINT('',(-6.410773897332,-25.75566793953,13.));
#4035 = CARTESIAN_POINT('',(-7.699885822459,-25.78194334427,13.));
#4036 = CARTESIAN_POINT('',(-8.988925901902,-25.81131971801,13.));
#4037 = CARTESIAN_POINT('',(-10.84260644614,-25.8568633158,13.));
#4038 = CARTESIAN_POINT('',(-11.40730565876,-25.87117802193,13.));
#4039 = CARTESIAN_POINT('',(-11.97198995147,-25.88586501053,13.));
#4040 = CARTESIAN_POINT('',(-12.53665902889,-25.9008565144,13.));
#4041 = CARTESIAN_POINT('',(-13.10131265431,-25.91608481145,13.));
#4042 = CARTESIAN_POINT('',(-13.66595064974,-25.93148222466,13.));
#4043 = CARTESIAN_POINT('',(-14.23057289592,-25.94698112212,13.));
#4044 = CARTESIAN_POINT('',(-15.15809037818,-25.97249790314,13.));
#4045 = CARTESIAN_POINT('',(-15.52099487213,-25.98249589197,13.));
#4046 = CARTESIAN_POINT('',(-15.88389278929,-25.99248993502,13.));
#4047 = CARTESIAN_POINT('',(-16.2467841005,-26.00246208884,13.));
#4048 = CARTESIAN_POINT('',(-16.60966877226,-26.01239441495,13.));
#4049 = CARTESIAN_POINT('',(-16.97254676674,-26.02226897985,13.));
#4050 = CARTESIAN_POINT('',(-17.33541804175,-26.03206785507,13.));
#4051 = CARTESIAN_POINT('',(-18.343202137,-26.05902229248,13.));
#4052 = CARTESIAN_POINT('',(-18.9881002633,-26.07597573868,13.));
#4053 = CARTESIAN_POINT('',(-19.63297674165,-26.0925328614,13.));
#4054 = CARTESIAN_POINT('',(-20.27783118625,-26.10859305962,13.));
#4055 = CARTESIAN_POINT('',(-20.92266301359,-26.12405572559,13.));
#4056 = CARTESIAN_POINT('',(-21.56747144238,-26.13882024481,13.));
#4057 = CARTESIAN_POINT('',(-22.21225549359,-26.15278599605,13.));
#4058 = CARTESIAN_POINT('',(-24.77869824737,-26.2047962495,13.));
#4059 = CARTESIAN_POINT('',(-26.70013637515,-26.23575006091,13.));
#4060 = CARTESIAN_POINT('',(-28.62132082499,-26.25604925266,13.));
#4061 = CARTESIAN_POINT('',(-30.54219654892,-26.26302425999,13.));
#4062 = CARTESIAN_POINT('',(-32.46266111033,-26.25399596564,13.));
#4063 = CARTESIAN_POINT('',(-34.38256479444,-26.22627117921,13.));
#4064 = CARTESIAN_POINT('',(-36.30171071882,-26.1771381166,13.));
#4065 = CARTESIAN_POINT('',(-39.06331900582,-26.07164017671,13.));
#4066 = CARTESIAN_POINT('',(-39.90658545287,-26.03475020343,13.));
#4067 = CARTESIAN_POINT('',(-40.74963173482,-25.99295960191,13.));
#4068 = CARTESIAN_POINT('',(-41.59243214439,-25.94603517288,13.));
#4069 = CARTESIAN_POINT('',(-42.43495781709,-25.89374287541,13.));
#4070 = CARTESIAN_POINT('',(-43.27717673135,-25.83584782684,13.));
#4071 = CARTESIAN_POINT('',(-44.11905370842,-25.77211430283,13.));
#4072 = CARTESIAN_POINT('',(-45.7425923197,-25.63742940046,13.));
#4073 = CARTESIAN_POINT('',(-46.52430488811,-25.56729451544,13.));
#4074 = CARTESIAN_POINT('',(-47.30566949336,-25.49203796382,13.));
#4075 = CARTESIAN_POINT('',(-48.08666925269,-25.41179764951,13.));
#4076 = CARTESIAN_POINT('',(-48.86728899544,-25.32671059292,13.));
#4077 = CARTESIAN_POINT('',(-49.64751524653,-25.23691212572,13.));
#4078 = CARTESIAN_POINT('',(-50.42733622264,-25.14253618639,13.));
#4079 = CARTESIAN_POINT('',(-53.57065610998,-24.74400017731,13.));
#4080 = CARTESIAN_POINT('',(-55.93071967714,-24.40341074885,13.));
#4081 = CARTESIAN_POINT('',(-58.28668881134,-24.02566744166,13.));
#4082 = CARTESIAN_POINT('',(-60.63840701123,-23.61440535732,13.));
#4083 = CARTESIAN_POINT('',(-62.98580438387,-23.17317283208,13.));
#4084 = CARTESIAN_POINT('',(-65.32889764656,-22.70543744138,13.));
#4085 = CARTESIAN_POINT('',(-67.66779075209,-22.21460086553,13.));
#4086 = CARTESIAN_POINT('',(-72.77608331675,-21.09755114228,13.));
#4087 = CARTESIAN_POINT('',(-75.54369127362,-20.46325171416,13.));
#4088 = CARTESIAN_POINT('',(-78.30523114043,-19.79899852668,13.));
#4089 = CARTESIAN_POINT('',(-81.06027491225,-19.10232554936,13.));
#4090 = CARTESIAN_POINT('',(-83.80823094677,-18.37037551782,13.));
#4091 = CARTESIAN_POINT('',(-86.54828540327,-17.59946740737,13.));
#4092 = CARTESIAN_POINT('',(-89.2793918902,-16.784999893,13.));
#4093 = CARTESIAN_POINT('',(-92.00000058261,-15.91939511451,13.));
#4094 = PCURVE('',#2970,#4095);
#4095 = DEFINITIONAL_REPRESENTATION('',(#4096),#4239);
#4096 = B_SPLINE_CURVE_WITH_KNOTS('',8,(#4097,#4098,#4099,#4100,#4101,
    #4102,#4103,#4104,#4105,#4106,#4107,#4108,#4109,#4110,#4111,#4112,
    #4113,#4114,#4115,#4116,#4117,#4118,#4119,#4120,#4121,#4122,#4123,
    #4124,#4125,#4126,#4127,#4128,#4129,#4130,#4131,#4132,#4133,#4134,
    #4135,#4136,#4137,#4138,#4139,#4140,#4141,#4142,#4143,#4144,#4145,
    #4146,#4147,#4148,#4149,#4150,#4151,#4152,#4153,#4154,#4155,#4156,
    #4157,#4158,#4159,#4160,#4161,#4162,#4163,#4164,#4165,#4166,#4167,
    #4168,#4169,#4170,#4171,#4172,#4173,#4174,#4175,#4176,#4177,#4178,
    #4179,#4180,#4181,#4182,#4183,#4184,#4185,#4186,#4187,#4188,#4189,
    #4190,#4191,#4192,#4193,#4194,#4195,#4196,#4197,#4198,#4199,#4200,
    #4201,#4202,#4203,#4204,#4205,#4206,#4207,#4208,#4209,#4210,#4211,
    #4212,#4213,#4214,#4215,#4216,#4217,#4218,#4219,#4220,#4221,#4222,
    #4223,#4224,#4225,#4226,#4227,#4228,#4229,#4230,#4231,#4232,#4233,
    #4234,#4235,#4236,#4237,#4238),.UNSPECIFIED.,.F.,.F.,(9,7,7,7,7,7,7,
    7,7,7,7,7,7,7,7,7,7,7,7,7,9),(0.,9.313312037494E-02,0.113145034169,
    0.153141192457,0.193087751148,0.206060313622,0.218033209717,
    0.303765208837,0.336724735656,0.357705952534,0.401676095567,
    0.423663149459,0.487540266367,0.51552569547,0.533513838525,
    0.565484189682,0.66077090681,0.70267126051,0.741611202125,
    0.859714897295,1.),.UNSPECIFIED.);
#4097 = CARTESIAN_POINT('',(7.289620148708,40.106873625679));
#4098 = CARTESIAN_POINT('',(7.300526374108,41.97618303988));
#4099 = CARTESIAN_POINT('',(7.31000168673,43.847360918209));
#4100 = CARTESIAN_POINT('',(7.318335656132,45.71962046274));
#4101 = CARTESIAN_POINT('',(7.325741753753,47.592417841762));
#4102 = CARTESIAN_POINT('',(7.332391113143,49.465421057191));
#4103 = CARTESIAN_POINT('',(7.338427537159,51.338496918032));
#4104 = CARTESIAN_POINT('',(7.343973573652,53.211706672806));
#4105 = CARTESIAN_POINT('',(7.350247072161,55.48788808696));
#4106 = CARTESIAN_POINT('',(7.35133900919,55.890488990791));
#4107 = CARTESIAN_POINT('',(7.352414357828,56.293104915511));
#4108 = CARTESIAN_POINT('',(7.353474155484,56.695737364355));
#4109 = CARTESIAN_POINT('',(7.354519411395,57.098387993687));
#4110 = CARTESIAN_POINT('',(7.355551106633,57.501058613004));
#4111 = CARTESIAN_POINT('',(7.356570194098,57.903751184933));
#4112 = CARTESIAN_POINT('',(7.359591014484,59.111344293166));
#4113 = CARTESIAN_POINT('',(7.361558100666,59.91631642592));
#4114 = CARTESIAN_POINT('',(7.363475017949,60.721398185896));
#4115 = CARTESIAN_POINT('',(7.365337807686,61.526601572273));
#4116 = CARTESIAN_POINT('',(7.36714312777,62.331936545391));
#4117 = CARTESIAN_POINT('',(7.36888735791,63.137411186954));
#4118 = CARTESIAN_POINT('',(7.37056726897,63.943031530089));
#4119 = CARTESIAN_POINT('',(7.373789901178,65.55357272762));
#4120 = CARTESIAN_POINT('',(7.375332759449,66.35849223333));
#4121 = CARTESIAN_POINT('',(7.37680499064,67.163564400646));
#4122 = CARTESIAN_POINT('',(7.378203436361,67.968790160639));
#4123 = CARTESIAN_POINT('',(7.379524948803,68.774167242256));
#4124 = CARTESIAN_POINT('',(7.380766390735,69.579690172321));
#4125 = CARTESIAN_POINT('',(7.38192463551,70.385350275533));
#4126 = CARTESIAN_POINT('',(7.383344674618,71.452812819393));
#4127 = CARTESIAN_POINT('',(7.383683675774,71.714503125302));
#4128 = CARTESIAN_POINT('',(7.384013461751,71.976206164031));
#4129 = CARTESIAN_POINT('',(7.384333922875,72.237921462142));
#4130 = CARTESIAN_POINT('',(7.384644948572,72.499648500923));
#4131 = CARTESIAN_POINT('',(7.384946427371,72.761386716387));
#4132 = CARTESIAN_POINT('',(7.385238246902,73.023135499273));
#4133 = CARTESIAN_POINT('',(7.385780606338,73.526481751307));
#4134 = CARTESIAN_POINT('',(7.386032574896,73.768069165213));
#4135 = CARTESIAN_POINT('',(7.386276091794,74.009656859354));
#4136 = CARTESIAN_POINT('',(7.386511699823,74.251244175306));
#4137 = CARTESIAN_POINT('',(7.386739113603,74.492831862018));
#4138 = CARTESIAN_POINT('',(7.386958796087,74.734419302567));
#4139 = CARTESIAN_POINT('',(7.387170724335,74.976006849913));
#4140 = CARTESIAN_POINT('',(7.388838404819,76.947483298708));
#4141 = CARTESIAN_POINT('',(7.389913594604,78.677563284811));
#4142 = CARTESIAN_POINT('',(7.390650125612,80.407618312012));
#4143 = CARTESIAN_POINT('',(7.39109294193,82.137484952965));
#4144 = CARTESIAN_POINT('',(7.391283679071,83.867052225225));
#4145 = CARTESIAN_POINT('',(7.391261883304,85.596261453952));
#4146 = CARTESIAN_POINT('',(7.391066230987,87.325106134616));
#4147 = CARTESIAN_POINT('',(7.390608694214,89.718160658527));
#4148 = CARTESIAN_POINT('',(7.390461702631,90.382639402612));
#4149 = CARTESIAN_POINT('',(7.39029696531,91.047069284043));
#4150 = CARTESIAN_POINT('',(7.390116679983,91.71145195165));
#4151 = CARTESIAN_POINT('',(7.389923049957,92.375789447003));
#4152 = CARTESIAN_POINT('',(7.389718284109,93.040084204412));
#4153 = CARTESIAN_POINT('',(7.389504596891,93.704339050931));
#4154 = CARTESIAN_POINT('',(7.389143914433,94.791382001435));
#4155 = CARTESIAN_POINT('',(7.389000906553,95.214191851123));
#4156 = CARTESIAN_POINT('',(7.388855758875,95.636987552498));
#4157 = CARTESIAN_POINT('',(7.388709047838,96.059769913165));
#4158 = CARTESIAN_POINT('',(7.38856135213,96.482539751249));
#4159 = CARTESIAN_POINT('',(7.38841325269,96.905297895402));
#4160 = CARTESIAN_POINT('',(7.388265332708,97.328045184797));
#4161 = CARTESIAN_POINT('',(7.387809786066,98.636709103716));
#4162 = CARTESIAN_POINT('',(7.387504743471,99.52259108857));
#4163 = CARTESIAN_POINT('',(7.387208459159,100.40843696034));
#4164 = CARTESIAN_POINT('',(7.386926372577,101.2942542026));
#4165 = CARTESIAN_POINT('',(7.386663953292,102.18004924587));
#4166 = CARTESIAN_POINT('',(7.386426700998,103.06582746758));
#4167 = CARTESIAN_POINT('',(7.386220145508,103.95159319208));
#4168 = CARTESIAN_POINT('',(7.385964689712,105.28026787392));
#4169 = CARTESIAN_POINT('',(7.385888593901,105.72318356971));
#4170 = CARTESIAN_POINT('',(7.385822252462,106.16609709973));
#4171 = CARTESIAN_POINT('',(7.385766356359,106.60900863963));
#4172 = CARTESIAN_POINT('',(7.385721594385,107.05191821908));
#4173 = CARTESIAN_POINT('',(7.385688653162,107.49482572172));
#4174 = CARTESIAN_POINT('',(7.385668217145,107.93773088521));
#4175 = CARTESIAN_POINT('',(7.385639910083,109.66736000611));
#4176 = CARTESIAN_POINT('',(7.385730714367,110.95406091538));
#4177 = CARTESIAN_POINT('',(7.385920910627,112.24072850941));
#4178 = CARTESIAN_POINT('',(7.386197360439,113.52736130083));
#4179 = CARTESIAN_POINT('',(7.386547257391,114.81396425877));
#4180 = CARTESIAN_POINT('',(7.386957350758,116.10054826821));
#4181 = CARTESIAN_POINT('',(7.387414790651,117.3871306465));
#4182 = CARTESIAN_POINT('',(7.388122276641,119.23741343367));
#4183 = CARTESIAN_POINT('',(7.388344434342,119.80109578364));
#4184 = CARTESIAN_POINT('',(7.38857214048,120.364783548));
#4185 = CARTESIAN_POINT('',(7.388804324209,120.92847852057));
#4186 = CARTESIAN_POINT('',(7.38903992131,121.49218255451));
#4187 = CARTESIAN_POINT('',(7.389277874197,122.05589756235));
#4188 = CARTESIAN_POINT('',(7.389517131908,122.61962551596));
#4189 = CARTESIAN_POINT('',(7.389910604793,123.54572445847));
#4190 = CARTESIAN_POINT('',(7.39006466718,123.90808663814));
#4191 = CARTESIAN_POINT('',(7.390218560132,124.2704555163));
#4192 = CARTESIAN_POINT('',(7.390372007649,124.6328316196));
#4193 = CARTESIAN_POINT('',(7.39052473487,124.99521547055));
#4194 = CARTESIAN_POINT('',(7.390676468074,125.35760758754));
#4195 = CARTESIAN_POINT('',(7.390826934681,125.72000848485));
#4196 = CARTESIAN_POINT('',(7.391240554207,126.7265307931));
#4197 = CARTESIAN_POINT('',(7.391500384861,127.37067217304));
#4198 = CARTESIAN_POINT('',(7.391753834318,128.01484574953));
#4199 = CARTESIAN_POINT('',(7.391999388924,128.65905426486));
#4200 = CARTESIAN_POINT('',(7.392235542266,129.30330026654));
#4201 = CARTESIAN_POINT('',(7.392460795172,129.94758610733));
#4202 = CARTESIAN_POINT('',(7.392673655713,130.5919139452));
#4203 = CARTESIAN_POINT('',(7.393465703796,133.15681745586));
#4204 = CARTESIAN_POINT('',(7.393935568811,135.07772058912));
#4205 = CARTESIAN_POINT('',(7.394242520958,136.99907061866));
#4206 = CARTESIAN_POINT('',(7.394347570611,138.92089595887));
#4207 = CARTESIAN_POINT('',(7.394211246964,140.84317784811));
#4208 = CARTESIAN_POINT('',(7.393792393174,142.76585023388));
#4209 = CARTESIAN_POINT('',(7.39304696152,144.68879965797));
#4210 = CARTESIAN_POINT('',(7.39143424456,147.45749322478));
#4211 = CARTESIAN_POINT('',(7.390869163807,148.30313979833));
#4212 = CARTESIAN_POINT('',(7.390227525111,149.14878937412));
#4213 = CARTESIAN_POINT('',(7.389505034234,149.99442325561));
#4214 = CARTESIAN_POINT('',(7.388697143881,150.84001953786));
#4215 = CARTESIAN_POINT('',(7.3877990537,151.68555310754));
#4216 = CARTESIAN_POINT('',(7.386805710281,152.53099564293));
#4217 = CARTESIAN_POINT('',(7.384695192262,154.16191066046));
#4218 = CARTESIAN_POINT('',(7.383591505246,154.94739885477));
#4219 = CARTESIAN_POINT('',(7.382401531469,155.73276925082));
#4220 = CARTESIAN_POINT('',(7.38112595407,156.51801263826));
#4221 = CARTESIAN_POINT('',(7.379765335753,157.30312150257));
#4222 = CARTESIAN_POINT('',(7.378320116629,158.08809000614));
#4223 = CARTESIAN_POINT('',(7.376790628113,158.87291399049));
#4224 = CARTESIAN_POINT('',(7.370283409009,162.03749323899));
#4225 = CARTESIAN_POINT('',(7.364616901496,164.41601338983));
#4226 = CARTESIAN_POINT('',(7.35818426675,166.79312053504));
#4227 = CARTESIAN_POINT('',(7.35098448033,169.16887034678));
#4228 = CARTESIAN_POINT('',(7.343010379296,171.54340516601));
#4229 = CARTESIAN_POINT('',(7.33425059781,173.91695516886));
#4230 = CARTESIAN_POINT('',(7.324691885989,176.28984061976));
#4231 = CARTESIAN_POINT('',(7.302004103454,181.48072138752));
#4232 = CARTESIAN_POINT('',(7.288542149465,184.29846628057));
#4233 = CARTESIAN_POINT('',(7.273758219914,187.11542237508));
#4234 = CARTESIAN_POINT('',(7.257428420392,189.93113726232));
#4235 = CARTESIAN_POINT('',(7.239273088869,192.74498680665));
#4236 = CARTESIAN_POINT('',(7.218909303202,195.55611155069));
#4237 = CARTESIAN_POINT('',(7.195830605279,198.36340360697));
#4238 = CARTESIAN_POINT('',(7.169192018329,201.16521949404));
#4239 = ( GEOMETRIC_REPRESENTATION_CONTEXT(2) 
PARAMETRIC_REPRESENTATION_CONTEXT() REPRESENTATION_CONTEXT('2D SPACE',''
  ) );
#4240 = PCURVE('',#628,#4241);
#4241 = DEFINITIONAL_REPRESENTATION('',(#4242),#4385);
#4242 = B_SPLINE_CURVE_WITH_KNOTS('',8,(#4243,#4244,#4245,#4246,#4247,
    #4248,#4249,#4250,#4251,#4252,#4253,#4254,#4255,#4256,#4257,#4258,
    #4259,#4260,#4261,#4262,#4263,#4264,#4265,#4266,#4267,#4268,#4269,
    #4270,#4271,#4272,#4273,#4274,#4275,#4276,#4277,#4278,#4279,#4280,
    #4281,#4282,#4283,#4284,#4285,#4286,#4287,#4288,#4289,#4290,#4291,
    #4292,#4293,#4294,#4295,#4296,#4297,#4298,#4299,#4300,#4301,#4302,
    #4303,#4304,#4305,#4306,#4307,#4308,#4309,#4310,#4311,#4312,#4313,
    #4314,#4315,#4316,#4317,#4318,#4319,#4320,#4321,#4322,#4323,#4324,
    #4325,#4326,#4327,#4328,#4329,#4330,#4331,#4332,#4333,#4334,#4335,
    #4336,#4337,#4338,#4339,#4340,#4341,#4342,#4343,#4344,#4345,#4346,
    #4347,#4348,#4349,#4350,#4351,#4352,#4353,#4354,#4355,#4356,#4357,
    #4358,#4359,#4360,#4361,#4362,#4363,#4364,#4365,#4366,#4367,#4368,
    #4369,#4370,#4371,#4372,#4373,#4374,#4375,#4376,#4377,#4378,#4379,
    #4380,#4381,#4382,#4383,#4384),.UNSPECIFIED.,.F.,.F.,(9,7,7,7,7,7,7,
    7,7,7,7,7,7,7,7,7,7,7,7,7,9),(0.,9.313312037494E-02,0.113145034169,
    0.153141192457,0.193087751148,0.206060313622,0.218033209717,
    0.303765208837,0.336724735656,0.357705952534,0.401676095567,
    0.423663149459,0.487540266367,0.51552569547,0.533513838525,
    0.565484189682,0.66077090681,0.70267126051,0.741611202125,
    0.859714897295,1.),.UNSPECIFIED.);
#4243 = CARTESIAN_POINT('',(318.00000058443,229.46423999531));
#4244 = CARTESIAN_POINT('',(316.17918409128,228.9686632617));
#4245 = CARTESIAN_POINT('',(314.34807742481,228.51859314564));
#4246 = CARTESIAN_POINT('',(312.50853868989,228.10829923039));
#4247 = CARTESIAN_POINT('',(310.66221852355,227.73248950422));
#4248 = CARTESIAN_POINT('',(308.81057143439,227.38610804921));
#4249 = CARTESIAN_POINT('',(306.95485772965,227.06426133444));
#4250 = CARTESIAN_POINT('',(305.09614380949,226.76219382877));
#4251 = CARTESIAN_POINT('',(302.83546295233,226.41357328137));
#4252 = CARTESIAN_POINT('',(302.43552340641,226.35261105411));
#4253 = CARTESIAN_POINT('',(302.03549981989,226.29230081687));
#4254 = CARTESIAN_POINT('',(301.63540189296,226.23259660615));
#4255 = CARTESIAN_POINT('',(301.23523917682,226.17345264481));
#4256 = CARTESIAN_POINT('',(300.83502107371,226.11482334201));
#4257 = CARTESIAN_POINT('',(300.43475683689,226.05666329327));
#4258 = CARTESIAN_POINT('',(299.23440651122,225.88353508289));
#4259 = CARTESIAN_POINT('',(298.43421295277,225.76981769244));
#4260 = CARTESIAN_POINT('',(297.63385095432,225.65805803336));
#4261 = CARTESIAN_POINT('',(296.83329563192,225.54855680871));
#4262 = CARTESIAN_POINT('',(296.03252802712,225.44158885967));
#4263 = CARTESIAN_POINT('',(295.23152729482,225.33745288842));
#4264 = CARTESIAN_POINT('',(294.4302770907,225.23643150147));
#4265 = CARTESIAN_POINT('',(292.82824044976,225.04131883649));
#4266 = CARTESIAN_POINT('',(292.02745568537,224.9472190871));
#4267 = CARTESIAN_POINT('',(291.22639220309,224.85680235185));
#4268 = CARTESIAN_POINT('',(290.42503788639,224.77035613064));
#4269 = CARTESIAN_POINT('',(289.62338379304,224.68816846453));
#4270 = CARTESIAN_POINT('',(288.82142415506,224.61052793572));
#4271 = CARTESIAN_POINT('',(288.01915637874,224.5377236675));
#4272 = CARTESIAN_POINT('',(286.95594636164,224.4480669221));
#4273 = CARTESIAN_POINT('',(286.69527929664,224.42662911776));
#4274 = CARTESIAN_POINT('',(286.43457989122,224.40574183804));
#4275 = CARTESIAN_POINT('',(286.17384823218,224.38541501695));
#4276 = CARTESIAN_POINT('',(285.91308445151,224.3656585958));
#4277 = CARTESIAN_POINT('',(285.65228872639,224.34648252323));
#4278 = CARTESIAN_POINT('',(285.39146127922,224.32789675514));
#4279 = CARTESIAN_POINT('',(284.88984527728,224.29331171804));
#4280 = CARTESIAN_POINT('',(284.64906992102,224.27722473174));
#4281 = CARTESIAN_POINT('',(284.40827554738,224.26165933271));
#4282 = CARTESIAN_POINT('',(284.16746372874,224.24658293449));
#4283 = CARTESIAN_POINT('',(283.92663304673,224.23201560071));
#4284 = CARTESIAN_POINT('',(283.68578488843,224.21792955813));
#4285 = CARTESIAN_POINT('',(283.44491874368,224.20432787939));
#4286 = CARTESIAN_POINT('',(281.47918541618,224.09719940166));
#4287 = CARTESIAN_POINT('',(279.75324057672,224.02751431));
#4288 = CARTESIAN_POINT('',(278.02647169972,223.97951517204));
#4289 = CARTESIAN_POINT('',(276.2990981421,223.95059001773));
#4290 = CARTESIAN_POINT('',(274.57128728456,223.93814206813));
#4291 = CARTESIAN_POINT('',(272.84315441594,223.93958713962));
#4292 = CARTESIAN_POINT('',(271.11476261765,223.9523510479));
#4293 = CARTESIAN_POINT('',(268.72154983954,223.98213878938));
#4294 = CARTESIAN_POINT('',(268.05694332166,223.99170403819));
#4295 = CARTESIAN_POINT('',(267.39230504216,224.0024169188));
#4296 = CARTESIAN_POINT('',(266.72763655266,224.01413164465));
#4297 = CARTESIAN_POINT('',(266.06293900866,224.02670248241));
#4298 = CARTESIAN_POINT('',(265.39821316953,224.03998375199));
#4299 = CARTESIAN_POINT('',(264.73345939854,224.05382982653));
#4300 = CARTESIAN_POINT('',(263.64549410653,224.07717607209));
#4301 = CARTESIAN_POINT('',(263.22229929532,224.08642687929));
#4302 = CARTESIAN_POINT('',(262.79909325413,224.09580998959));
#4303 = CARTESIAN_POINT('',(262.37587599692,224.1052878314));
#4304 = CARTESIAN_POINT('',(261.95264752664,224.11482282595));
#4305 = CARTESIAN_POINT('',(261.52940783524,224.12437738727));
#4306 = CARTESIAN_POINT('',(261.10615690367,224.1339139222));
#4307 = CARTESIAN_POINT('',(259.79586800264,224.16326388232));
#4308 = CARTESIAN_POINT('',(258.90879251674,224.18288864541));
#4309 = CARTESIAN_POINT('',(258.02166724771,224.20192295674));
#4310 = CARTESIAN_POINT('',(257.13449224938,224.22002044555));
#4311 = CARTESIAN_POINT('',(256.24726862595,224.23683453323));
#4312 = CARTESIAN_POINT('',(255.35999853193,224.25201843332));
#4313 = CARTESIAN_POINT('',(254.47268517218,224.2652251515));
#4314 = CARTESIAN_POINT('',(253.14161661084,224.28154914329));
#4315 = CARTESIAN_POINT('',(252.69789084673,224.28640962637));
#4316 = CARTESIAN_POINT('',(252.25415612946,224.29064552805));
#4317 = CARTESIAN_POINT('',(251.81041322521,224.29421345831));
#4318 = CARTESIAN_POINT('',(251.36666304637,224.29707004386));
#4319 = CARTESIAN_POINT('',(250.92290665159,224.2991719282));
#4320 = CARTESIAN_POINT('',(250.47914524576,224.30047577158));
#4321 = CARTESIAN_POINT('',(248.74614729218,224.30228185309));
#4322 = CARTESIAN_POINT('',(247.45688609044,224.29648811998));
#4323 = CARTESIAN_POINT('',(246.1676289856,224.28435511047));
#4324 = CARTESIAN_POINT('',(244.87840236297,224.26670535682));
#4325 = CARTESIAN_POINT('',(243.58922610266,224.24433206047));
#4326 = CARTESIAN_POINT('',(242.30011417754,224.21805665573));
#4327 = CARTESIAN_POINT('',(241.01107409809,224.18868028198));
#4328 = CARTESIAN_POINT('',(239.15739355385,224.14313668419));
#4329 = CARTESIAN_POINT('',(238.59269434123,224.12882197806));
#4330 = CARTESIAN_POINT('',(238.02801004852,224.11413498946));
#4331 = CARTESIAN_POINT('',(237.4633409711,224.09914348559));
#4332 = CARTESIAN_POINT('',(236.89868734568,224.08391518854));
#4333 = CARTESIAN_POINT('',(236.33404935025,224.06851777533));
#4334 = CARTESIAN_POINT('',(235.76942710407,224.05301887787));
#4335 = CARTESIAN_POINT('',(234.84190962181,224.02750209685));
#4336 = CARTESIAN_POINT('',(234.47900512786,224.01750410802));
#4337 = CARTESIAN_POINT('',(234.1161072107,224.00751006497));
#4338 = CARTESIAN_POINT('',(233.7532158995,223.99753791115));
#4339 = CARTESIAN_POINT('',(233.39033122773,223.98760558505));
#4340 = CARTESIAN_POINT('',(233.02745323326,223.97773102014));
#4341 = CARTESIAN_POINT('',(232.66458195824,223.96793214492));
#4342 = CARTESIAN_POINT('',(231.65679786299,223.94097770751));
#4343 = CARTESIAN_POINT('',(231.01189973669,223.92402426131));
#4344 = CARTESIAN_POINT('',(230.36702325834,223.90746713859));
#4345 = CARTESIAN_POINT('',(229.72216881374,223.89140694037));
#4346 = CARTESIAN_POINT('',(229.0773369864,223.87594427441));
#4347 = CARTESIAN_POINT('',(228.43252855761,223.86117975518));
#4348 = CARTESIAN_POINT('',(227.7877445064,223.84721400395));
#4349 = CARTESIAN_POINT('',(225.22130175262,223.79520375049));
#4350 = CARTESIAN_POINT('',(223.29986362484,223.76424993908));
#4351 = CARTESIAN_POINT('',(221.378679175,223.74395074733));
#4352 = CARTESIAN_POINT('',(219.45780345107,223.73697574));
#4353 = CARTESIAN_POINT('',(217.53733888966,223.74600403435));
#4354 = CARTESIAN_POINT('',(215.61743520555,223.77372882078));
#4355 = CARTESIAN_POINT('',(213.69828928117,223.82286188339));
#4356 = CARTESIAN_POINT('',(210.93668099417,223.92835982328));
#4357 = CARTESIAN_POINT('',(210.09341454713,223.96524979656));
#4358 = CARTESIAN_POINT('',(209.25036826517,224.00704039808));
#4359 = CARTESIAN_POINT('',(208.40756785561,224.05396482711));
#4360 = CARTESIAN_POINT('',(207.5650421829,224.10625712458));
#4361 = CARTESIAN_POINT('',(206.72282326864,224.16415217315));
#4362 = CARTESIAN_POINT('',(205.88094629157,224.22788569716));
#4363 = CARTESIAN_POINT('',(204.25740768029,224.36257059953));
#4364 = CARTESIAN_POINT('',(203.47569511188,224.43270548455));
#4365 = CARTESIAN_POINT('',(202.69433050663,224.50796203617));
#4366 = CARTESIAN_POINT('',(201.9133307473,224.58820235048));
#4367 = CARTESIAN_POINT('',(201.13271100455,224.67328940707));
#4368 = CARTESIAN_POINT('',(200.35248475347,224.76308787427));
#4369 = CARTESIAN_POINT('',(199.57266377735,224.8574638136));
#4370 = CARTESIAN_POINT('',(196.42934389002,225.25599982268));
#4371 = CARTESIAN_POINT('',(194.06928032286,225.59658925114));
#4372 = CARTESIAN_POINT('',(191.71331118865,225.97433255834));
#4373 = CARTESIAN_POINT('',(189.36159298876,226.38559464267));
#4374 = CARTESIAN_POINT('',(187.01419561612,226.82682716791));
#4375 = CARTESIAN_POINT('',(184.67110235343,227.29456255861));
#4376 = CARTESIAN_POINT('',(182.3322092479,227.78539913446));
#4377 = CARTESIAN_POINT('',(177.22391668324,228.90244885771));
#4378 = CARTESIAN_POINT('',(174.45630872637,229.53674828584));
#4379 = CARTESIAN_POINT('',(171.69476885956,230.20100147331));
#4380 = CARTESIAN_POINT('',(168.93972508774,230.89767445063));
#4381 = CARTESIAN_POINT('',(166.19176905322,231.62962448217));
#4382 = CARTESIAN_POINT('',(163.45171459673,232.40053259262));
#4383 = CARTESIAN_POINT('',(160.72060810979,233.21500010699));
#4384 = CARTESIAN_POINT('',(157.99999941739,234.08060488548));
#4385 = ( GEOMETRIC_REPRESENTATION_CONTEXT(2) 
PARAMETRIC_REPRESENTATION_CONTEXT() REPRESENTATION_CONTEXT('2D SPACE',''
  ) );
#4386 = ORIENTED_EDGE('',*,*,#3068,.T.);
#4387 = ORIENTED_EDGE('',*,*,#2858,.T.);
#4388 = ORIENTED_EDGE('',*,*,#4389,.T.);
#4389 = EDGE_CURVE('',#2859,#4390,#4392,.T.);
#4390 = VERTEX_POINT('',#4391);
#4391 = CARTESIAN_POINT('',(-92.,-15.91939531378,13.));
#4392 = SURFACE_CURVE('',#4393,(#4536,#4682),.PCURVE_S1.);
#4393 = B_SPLINE_CURVE_WITH_KNOTS('',8,(#4394,#4395,#4396,#4397,#4398,
    #4399,#4400,#4401,#4402,#4403,#4404,#4405,#4406,#4407,#4408,#4409,
    #4410,#4411,#4412,#4413,#4414,#4415,#4416,#4417,#4418,#4419,#4420,
    #4421,#4422,#4423,#4424,#4425,#4426,#4427,#4428,#4429,#4430,#4431,
    #4432,#4433,#4434,#4435,#4436,#4437,#4438,#4439,#4440,#4441,#4442,
    #4443,#4444,#4445,#4446,#4447,#4448,#4449,#4450,#4451,#4452,#4453,
    #4454,#4455,#4456,#4457,#4458,#4459,#4460,#4461,#4462,#4463,#4464,
    #4465,#4466,#4467,#4468,#4469,#4470,#4471,#4472,#4473,#4474,#4475,
    #4476,#4477,#4478,#4479,#4480,#4481,#4482,#4483,#4484,#4485,#4486,
    #4487,#4488,#4489,#4490,#4491,#4492,#4493,#4494,#4495,#4496,#4497,
    #4498,#4499,#4500,#4501,#4502,#4503,#4504,#4505,#4506,#4507,#4508,
    #4509,#4510,#4511,#4512,#4513,#4514,#4515,#4516,#4517,#4518,#4519,
    #4520,#4521,#4522,#4523,#4524,#4525,#4526,#4527,#4528,#4529,#4530,
    #4531,#4532,#4533,#4534,#4535),.UNSPECIFIED.,.F.,.F.,(9,7,7,7,7,7,7,
    7,7,7,7,7,7,7,7,7,7,7,7,7,9),(0.,9.313312037494E-02,0.113145034169,
    0.153141192457,0.193087751148,0.206060313622,0.218033209717,
    0.303765208837,0.336724735656,0.357705952534,0.401676095567,
    0.423663149459,0.487540266367,0.51552569547,0.533513838525,
    0.565484189682,0.66077090681,0.70267126051,0.741611202125,
    0.859714897295,1.),.UNSPECIFIED.);
#4394 = CARTESIAN_POINT('',(68.000000584435,-20.53576000468,13.));
#4395 = CARTESIAN_POINT('',(66.179184091286,-21.03133673829,13.));
#4396 = CARTESIAN_POINT('',(64.348077424817,-21.48140685435,13.));
#4397 = CARTESIAN_POINT('',(62.508538689899,-21.8917007696,13.));
#4398 = CARTESIAN_POINT('',(60.662218523553,-22.26751049577,13.));
#4399 = CARTESIAN_POINT('',(58.810571434396,-22.61389195078,13.));
#4400 = CARTESIAN_POINT('',(56.954857729652,-22.93573866555,13.));
#4401 = CARTESIAN_POINT('',(55.096143809498,-23.23780617122,13.));
#4402 = CARTESIAN_POINT('',(52.835462952338,-23.58642671862,13.));
#4403 = CARTESIAN_POINT('',(52.435523406418,-23.64738894588,13.));
#4404 = CARTESIAN_POINT('',(52.035499819899,-23.70769918312,13.));
#4405 = CARTESIAN_POINT('',(51.635401892966,-23.76740339384,13.));
#4406 = CARTESIAN_POINT('',(51.235239176828,-23.82654735518,13.));
#4407 = CARTESIAN_POINT('',(50.835021073719,-23.88517665798,13.));
#4408 = CARTESIAN_POINT('',(50.434756836898,-23.94333670672,13.));
#4409 = CARTESIAN_POINT('',(49.234406511226,-24.1164649171,13.));
#4410 = CARTESIAN_POINT('',(48.434212952772,-24.23018230755,13.));
#4411 = CARTESIAN_POINT('',(47.633850954324,-24.34194196663,13.));
#4412 = CARTESIAN_POINT('',(46.83329563192,-24.45144319128,13.));
#4413 = CARTESIAN_POINT('',(46.032528027127,-24.55841114032,13.));
#4414 = CARTESIAN_POINT('',(45.231527294824,-24.66254711157,13.));
#4415 = CARTESIAN_POINT('',(44.430277090705,-24.76356849852,13.));
#4416 = CARTESIAN_POINT('',(42.828240449762,-24.9586811635,13.));
#4417 = CARTESIAN_POINT('',(42.027455685372,-25.05278091289,13.));
#4418 = CARTESIAN_POINT('',(41.22639220309,-25.14319764814,13.));
#4419 = CARTESIAN_POINT('',(40.425037886398,-25.22964386935,13.));
#4420 = CARTESIAN_POINT('',(39.623383793048,-25.31183153546,13.));
#4421 = CARTESIAN_POINT('',(38.821424155065,-25.38947206428,13.));
#4422 = CARTESIAN_POINT('',(38.019156378742,-25.46227633249,13.));
#4423 = CARTESIAN_POINT('',(36.955946361647,-25.5519330779,13.));
#4424 = CARTESIAN_POINT('',(36.695279296645,-25.57337088223,13.));
#4425 = CARTESIAN_POINT('',(36.434579891229,-25.59425816195,13.));
#4426 = CARTESIAN_POINT('',(36.173848232188,-25.61458498305,13.));
#4427 = CARTESIAN_POINT('',(35.913084451514,-25.63434140419,13.));
#4428 = CARTESIAN_POINT('',(35.652288726396,-25.65351747676,13.));
#4429 = CARTESIAN_POINT('',(35.391461279225,-25.67210324485,13.));
#4430 = CARTESIAN_POINT('',(34.889845277281,-25.70668828195,13.));
#4431 = CARTESIAN_POINT('',(34.649069921028,-25.72277526825,13.));
#4432 = CARTESIAN_POINT('',(34.408275547383,-25.73834066728,13.));
#4433 = CARTESIAN_POINT('',(34.167463728747,-25.75341706551,13.));
#4434 = CARTESIAN_POINT('',(33.926633046739,-25.76798439928,13.));
#4435 = CARTESIAN_POINT('',(33.68578488843,-25.78207044186,13.));
#4436 = CARTESIAN_POINT('',(33.444918743684,-25.7956721206,13.));
#4437 = CARTESIAN_POINT('',(31.479185416189,-25.90280059833,13.));
#4438 = CARTESIAN_POINT('',(29.753240576727,-25.97248568999,13.));
#4439 = CARTESIAN_POINT('',(28.026471699726,-26.02048482795,13.));
#4440 = CARTESIAN_POINT('',(26.299098142108,-26.04940998227,13.));
#4441 = CARTESIAN_POINT('',(24.571287284561,-26.06185793186,13.));
#4442 = CARTESIAN_POINT('',(22.843154415941,-26.06041286037,13.));
#4443 = CARTESIAN_POINT('',(21.114762617658,-26.04764895209,13.));
#4444 = CARTESIAN_POINT('',(18.721549839541,-26.01786121061,13.));
#4445 = CARTESIAN_POINT('',(18.05694332166,-26.0082959618,13.));
#4446 = CARTESIAN_POINT('',(17.392305042164,-25.99758308119,13.));
#4447 = CARTESIAN_POINT('',(16.727636552667,-25.98586835534,13.));
#4448 = CARTESIAN_POINT('',(16.062939008665,-25.97329751758,13.));
#4449 = CARTESIAN_POINT('',(15.398213169537,-25.960016248,13.));
#4450 = CARTESIAN_POINT('',(14.733459398546,-25.94617017346,13.));
#4451 = CARTESIAN_POINT('',(13.645494106536,-25.9228239279,13.));
#4452 = CARTESIAN_POINT('',(13.222299295321,-25.9135731207,13.));
#4453 = CARTESIAN_POINT('',(12.799093254136,-25.9041900104,13.));
#4454 = CARTESIAN_POINT('',(12.375875996929,-25.89471216859,13.));
#4455 = CARTESIAN_POINT('',(11.952647526648,-25.88517717404,13.));
#4456 = CARTESIAN_POINT('',(11.529407835245,-25.87562261272,13.));
#4457 = CARTESIAN_POINT('',(11.106156903674,-25.86608607779,13.));
#4458 = CARTESIAN_POINT('',(9.795868002645,-25.83673611768,13.));
#4459 = CARTESIAN_POINT('',(8.908792516746,-25.81711135458,13.));
#4460 = CARTESIAN_POINT('',(8.02166724771,-25.79807704325,13.));
#4461 = CARTESIAN_POINT('',(7.134492249386,-25.77997955444,13.));
#4462 = CARTESIAN_POINT('',(6.247268625955,-25.76316546676,13.));
#4463 = CARTESIAN_POINT('',(5.359998531938,-25.74798156667,13.));
#4464 = CARTESIAN_POINT('',(4.472685172186,-25.73477484849,13.));
#4465 = CARTESIAN_POINT('',(3.141616610843,-25.7184508567,13.));
#4466 = CARTESIAN_POINT('',(2.697890846732,-25.71359037362,13.));
#4467 = CARTESIAN_POINT('',(2.254156129468,-25.70935447194,13.));
#4468 = CARTESIAN_POINT('',(1.810413225214,-25.70578654168,13.));
#4469 = CARTESIAN_POINT('',(1.366663046372,-25.70292995613,13.));
#4470 = CARTESIAN_POINT('',(0.922906651591,-25.70082807179,13.));
#4471 = CARTESIAN_POINT('',(0.479145245764,-25.69952422841,13.));
#4472 = CARTESIAN_POINT('',(-1.253852707813,-25.6977181469,13.));
#4473 = CARTESIAN_POINT('',(-2.543113909553,-25.70351188001,13.));
#4474 = CARTESIAN_POINT('',(-3.8323710144,-25.71564488952,13.));
#4475 = CARTESIAN_POINT('',(-5.12159763703,-25.73329464317,13.));
#4476 = CARTESIAN_POINT('',(-6.410773897332,-25.75566793953,13.));
#4477 = CARTESIAN_POINT('',(-7.699885822459,-25.78194334427,13.));
#4478 = CARTESIAN_POINT('',(-8.988925901902,-25.81131971801,13.));
#4479 = CARTESIAN_POINT('',(-10.84260644614,-25.8568633158,13.));
#4480 = CARTESIAN_POINT('',(-11.40730565876,-25.87117802193,13.));
#4481 = CARTESIAN_POINT('',(-11.97198995147,-25.88586501053,13.));
#4482 = CARTESIAN_POINT('',(-12.53665902889,-25.9008565144,13.));
#4483 = CARTESIAN_POINT('',(-13.10131265431,-25.91608481145,13.));
#4484 = CARTESIAN_POINT('',(-13.66595064974,-25.93148222466,13.));
#4485 = CARTESIAN_POINT('',(-14.23057289592,-25.94698112212,13.));
#4486 = CARTESIAN_POINT('',(-15.15809037818,-25.97249790314,13.));
#4487 = CARTESIAN_POINT('',(-15.52099487213,-25.98249589197,13.));
#4488 = CARTESIAN_POINT('',(-15.88389278929,-25.99248993502,13.));
#4489 = CARTESIAN_POINT('',(-16.2467841005,-26.00246208884,13.));
#4490 = CARTESIAN_POINT('',(-16.60966877226,-26.01239441495,13.));
#4491 = CARTESIAN_POINT('',(-16.97254676674,-26.02226897985,13.));
#4492 = CARTESIAN_POINT('',(-17.33541804175,-26.03206785507,13.));
#4493 = CARTESIAN_POINT('',(-18.343202137,-26.05902229248,13.));
#4494 = CARTESIAN_POINT('',(-18.9881002633,-26.07597573868,13.));
#4495 = CARTESIAN_POINT('',(-19.63297674165,-26.0925328614,13.));
#4496 = CARTESIAN_POINT('',(-20.27783118625,-26.10859305962,13.));
#4497 = CARTESIAN_POINT('',(-20.92266301359,-26.12405572559,13.));
#4498 = CARTESIAN_POINT('',(-21.56747144238,-26.13882024481,13.));
#4499 = CARTESIAN_POINT('',(-22.21225549359,-26.15278599605,13.));
#4500 = CARTESIAN_POINT('',(-24.77869824737,-26.2047962495,13.));
#4501 = CARTESIAN_POINT('',(-26.70013637515,-26.23575006091,13.));
#4502 = CARTESIAN_POINT('',(-28.62132082499,-26.25604925266,13.));
#4503 = CARTESIAN_POINT('',(-30.54219654892,-26.26302425999,13.));
#4504 = CARTESIAN_POINT('',(-32.46266111033,-26.25399596564,13.));
#4505 = CARTESIAN_POINT('',(-34.38256479444,-26.22627117921,13.));
#4506 = CARTESIAN_POINT('',(-36.30171071882,-26.1771381166,13.));
#4507 = CARTESIAN_POINT('',(-39.06331900582,-26.07164017671,13.));
#4508 = CARTESIAN_POINT('',(-39.90658545287,-26.03475020343,13.));
#4509 = CARTESIAN_POINT('',(-40.74963173482,-25.99295960191,13.));
#4510 = CARTESIAN_POINT('',(-41.59243214439,-25.94603517288,13.));
#4511 = CARTESIAN_POINT('',(-42.43495781709,-25.89374287541,13.));
#4512 = CARTESIAN_POINT('',(-43.27717673135,-25.83584782684,13.));
#4513 = CARTESIAN_POINT('',(-44.11905370842,-25.77211430283,13.));
#4514 = CARTESIAN_POINT('',(-45.7425923197,-25.63742940046,13.));
#4515 = CARTESIAN_POINT('',(-46.52430488811,-25.56729451544,13.));
#4516 = CARTESIAN_POINT('',(-47.30566949336,-25.49203796382,13.));
#4517 = CARTESIAN_POINT('',(-48.08666925269,-25.41179764951,13.));
#4518 = CARTESIAN_POINT('',(-48.86728899544,-25.32671059292,13.));
#4519 = CARTESIAN_POINT('',(-49.64751524653,-25.23691212572,13.));
#4520 = CARTESIAN_POINT('',(-50.42733622264,-25.14253618639,13.));
#4521 = CARTESIAN_POINT('',(-53.57065610998,-24.74400017731,13.));
#4522 = CARTESIAN_POINT('',(-55.93071967714,-24.40341074885,13.));
#4523 = CARTESIAN_POINT('',(-58.28668881134,-24.02566744166,13.));
#4524 = CARTESIAN_POINT('',(-60.63840701123,-23.61440535732,13.));
#4525 = CARTESIAN_POINT('',(-62.98580438387,-23.17317283208,13.));
#4526 = CARTESIAN_POINT('',(-65.32889764656,-22.70543744138,13.));
#4527 = CARTESIAN_POINT('',(-67.66779075209,-22.21460086553,13.));
#4528 = CARTESIAN_POINT('',(-72.77608331675,-21.09755114228,13.));
#4529 = CARTESIAN_POINT('',(-75.54369127362,-20.46325171416,13.));
#4530 = CARTESIAN_POINT('',(-78.30523114043,-19.79899852668,13.));
#4531 = CARTESIAN_POINT('',(-81.06027491225,-19.10232554936,13.));
#4532 = CARTESIAN_POINT('',(-83.80823094677,-18.37037551782,13.));
#4533 = CARTESIAN_POINT('',(-86.54828540327,-17.59946740737,13.));
#4534 = CARTESIAN_POINT('',(-89.2793918902,-16.784999893,13.));
#4535 = CARTESIAN_POINT('',(-92.00000058261,-15.91939511451,13.));
#4536 = PCURVE('',#2970,#4537);
#4537 = DEFINITIONAL_REPRESENTATION('',(#4538),#4681);
#4538 = B_SPLINE_CURVE_WITH_KNOTS('',8,(#4539,#4540,#4541,#4542,#4543,
    #4544,#4545,#4546,#4547,#4548,#4549,#4550,#4551,#4552,#4553,#4554,
    #4555,#4556,#4557,#4558,#4559,#4560,#4561,#4562,#4563,#4564,#4565,
    #4566,#4567,#4568,#4569,#4570,#4571,#4572,#4573,#4574,#4575,#4576,
    #4577,#4578,#4579,#4580,#4581,#4582,#4583,#4584,#4585,#4586,#4587,
    #4588,#4589,#4590,#4591,#4592,#4593,#4594,#4595,#4596,#4597,#4598,
    #4599,#4600,#4601,#4602,#4603,#4604,#4605,#4606,#4607,#4608,#4609,
    #4610,#4611,#4612,#4613,#4614,#4615,#4616,#4617,#4618,#4619,#4620,
    #4621,#4622,#4623,#4624,#4625,#4626,#4627,#4628,#4629,#4630,#4631,
    #4632,#4633,#4634,#4635,#4636,#4637,#4638,#4639,#4640,#4641,#4642,
    #4643,#4644,#4645,#4646,#4647,#4648,#4649,#4650,#4651,#4652,#4653,
    #4654,#4655,#4656,#4657,#4658,#4659,#4660,#4661,#4662,#4663,#4664,
    #4665,#4666,#4667,#4668,#4669,#4670,#4671,#4672,#4673,#4674,#4675,
    #4676,#4677,#4678,#4679,#4680),.UNSPECIFIED.,.F.,.F.,(9,7,7,7,7,7,7,
    7,7,7,7,7,7,7,7,7,7,7,7,7,9),(0.,9.313312037494E-02,0.113145034169,
    0.153141192457,0.193087751148,0.206060313622,0.218033209717,
    0.303765208837,0.336724735656,0.357705952534,0.401676095567,
    0.423663149459,0.487540266367,0.51552569547,0.533513838525,
    0.565484189682,0.66077090681,0.70267126051,0.741611202125,
    0.859714897295,1.),.UNSPECIFIED.);
#4539 = CARTESIAN_POINT('',(7.289620148708,40.106873625679));
#4540 = CARTESIAN_POINT('',(7.300526374108,41.97618303988));
#4541 = CARTESIAN_POINT('',(7.31000168673,43.847360918209));
#4542 = CARTESIAN_POINT('',(7.318335656132,45.71962046274));
#4543 = CARTESIAN_POINT('',(7.325741753753,47.592417841762));
#4544 = CARTESIAN_POINT('',(7.332391113143,49.465421057191));
#4545 = CARTESIAN_POINT('',(7.338427537159,51.338496918032));
#4546 = CARTESIAN_POINT('',(7.343973573652,53.211706672806));
#4547 = CARTESIAN_POINT('',(7.350247072161,55.48788808696));
#4548 = CARTESIAN_POINT('',(7.35133900919,55.890488990791));
#4549 = CARTESIAN_POINT('',(7.352414357828,56.293104915511));
#4550 = CARTESIAN_POINT('',(7.353474155484,56.695737364355));
#4551 = CARTESIAN_POINT('',(7.354519411395,57.098387993687));
#4552 = CARTESIAN_POINT('',(7.355551106633,57.501058613004));
#4553 = CARTESIAN_POINT('',(7.356570194098,57.903751184933));
#4554 = CARTESIAN_POINT('',(7.359591014484,59.111344293166));
#4555 = CARTESIAN_POINT('',(7.361558100666,59.91631642592));
#4556 = CARTESIAN_POINT('',(7.363475017949,60.721398185896));
#4557 = CARTESIAN_POINT('',(7.365337807686,61.526601572273));
#4558 = CARTESIAN_POINT('',(7.36714312777,62.331936545391));
#4559 = CARTESIAN_POINT('',(7.36888735791,63.137411186954));
#4560 = CARTESIAN_POINT('',(7.37056726897,63.943031530089));
#4561 = CARTESIAN_POINT('',(7.373789901178,65.55357272762));
#4562 = CARTESIAN_POINT('',(7.375332759449,66.35849223333));
#4563 = CARTESIAN_POINT('',(7.37680499064,67.163564400646));
#4564 = CARTESIAN_POINT('',(7.378203436361,67.968790160639));
#4565 = CARTESIAN_POINT('',(7.379524948803,68.774167242256));
#4566 = CARTESIAN_POINT('',(7.380766390735,69.579690172321));
#4567 = CARTESIAN_POINT('',(7.38192463551,70.385350275533));
#4568 = CARTESIAN_POINT('',(7.383344674618,71.452812819393));
#4569 = CARTESIAN_POINT('',(7.383683675774,71.714503125302));
#4570 = CARTESIAN_POINT('',(7.384013461751,71.976206164031));
#4571 = CARTESIAN_POINT('',(7.384333922875,72.237921462142));
#4572 = CARTESIAN_POINT('',(7.384644948572,72.499648500923));
#4573 = CARTESIAN_POINT('',(7.384946427371,72.761386716387));
#4574 = CARTESIAN_POINT('',(7.385238246902,73.023135499273));
#4575 = CARTESIAN_POINT('',(7.385780606338,73.526481751307));
#4576 = CARTESIAN_POINT('',(7.386032574896,73.768069165213));
#4577 = CARTESIAN_POINT('',(7.386276091794,74.009656859354));
#4578 = CARTESIAN_POINT('',(7.386511699823,74.251244175306));
#4579 = CARTESIAN_POINT('',(7.386739113603,74.492831862018));
#4580 = CARTESIAN_POINT('',(7.386958796087,74.734419302567));
#4581 = CARTESIAN_POINT('',(7.387170724335,74.976006849913));
#4582 = CARTESIAN_POINT('',(7.388838404819,76.947483298708));
#4583 = CARTESIAN_POINT('',(7.389913594604,78.677563284811));
#4584 = CARTESIAN_POINT('',(7.390650125612,80.407618312012));
#4585 = CARTESIAN_POINT('',(7.39109294193,82.137484952965));
#4586 = CARTESIAN_POINT('',(7.391283679071,83.867052225225));
#4587 = CARTESIAN_POINT('',(7.391261883304,85.596261453952));
#4588 = CARTESIAN_POINT('',(7.391066230987,87.325106134616));
#4589 = CARTESIAN_POINT('',(7.390608694214,89.718160658527));
#4590 = CARTESIAN_POINT('',(7.390461702631,90.382639402612));
#4591 = CARTESIAN_POINT('',(7.39029696531,91.047069284043));
#4592 = CARTESIAN_POINT('',(7.390116679983,91.71145195165));
#4593 = CARTESIAN_POINT('',(7.389923049957,92.375789447003));
#4594 = CARTESIAN_POINT('',(7.389718284109,93.040084204412));
#4595 = CARTESIAN_POINT('',(7.389504596891,93.704339050931));
#4596 = CARTESIAN_POINT('',(7.389143914433,94.791382001435));
#4597 = CARTESIAN_POINT('',(7.389000906553,95.214191851123));
#4598 = CARTESIAN_POINT('',(7.388855758875,95.636987552498));
#4599 = CARTESIAN_POINT('',(7.388709047838,96.059769913165));
#4600 = CARTESIAN_POINT('',(7.38856135213,96.482539751249));
#4601 = CARTESIAN_POINT('',(7.38841325269,96.905297895402));
#4602 = CARTESIAN_POINT('',(7.388265332708,97.328045184797));
#4603 = CARTESIAN_POINT('',(7.387809786066,98.636709103716));
#4604 = CARTESIAN_POINT('',(7.387504743471,99.52259108857));
#4605 = CARTESIAN_POINT('',(7.387208459159,100.40843696034));
#4606 = CARTESIAN_POINT('',(7.386926372577,101.2942542026));
#4607 = CARTESIAN_POINT('',(7.386663953292,102.18004924587));
#4608 = CARTESIAN_POINT('',(7.386426700998,103.06582746758));
#4609 = CARTESIAN_POINT('',(7.386220145508,103.95159319208));
#4610 = CARTESIAN_POINT('',(7.385964689712,105.28026787392));
#4611 = CARTESIAN_POINT('',(7.385888593901,105.72318356971));
#4612 = CARTESIAN_POINT('',(7.385822252462,106.16609709973));
#4613 = CARTESIAN_POINT('',(7.385766356359,106.60900863963));
#4614 = CARTESIAN_POINT('',(7.385721594385,107.05191821908));
#4615 = CARTESIAN_POINT('',(7.385688653162,107.49482572172));
#4616 = CARTESIAN_POINT('',(7.385668217145,107.93773088521));
#4617 = CARTESIAN_POINT('',(7.385639910083,109.66736000611));
#4618 = CARTESIAN_POINT('',(7.385730714367,110.95406091538));
#4619 = CARTESIAN_POINT('',(7.385920910627,112.24072850941));
#4620 = CARTESIAN_POINT('',(7.386197360439,113.52736130083));
#4621 = CARTESIAN_POINT('',(7.386547257391,114.81396425877));
#4622 = CARTESIAN_POINT('',(7.386957350758,116.10054826821));
#4623 = CARTESIAN_POINT('',(7.387414790651,117.3871306465));
#4624 = CARTESIAN_POINT('',(7.388122276641,119.23741343367));
#4625 = CARTESIAN_POINT('',(7.388344434342,119.80109578364));
#4626 = CARTESIAN_POINT('',(7.38857214048,120.364783548));
#4627 = CARTESIAN_POINT('',(7.388804324209,120.92847852057));
#4628 = CARTESIAN_POINT('',(7.38903992131,121.49218255451));
#4629 = CARTESIAN_POINT('',(7.389277874197,122.05589756235));
#4630 = CARTESIAN_POINT('',(7.389517131908,122.61962551596));
#4631 = CARTESIAN_POINT('',(7.389910604793,123.54572445847));
#4632 = CARTESIAN_POINT('',(7.39006466718,123.90808663814));
#4633 = CARTESIAN_POINT('',(7.390218560132,124.2704555163));
#4634 = CARTESIAN_POINT('',(7.390372007649,124.6328316196));
#4635 = CARTESIAN_POINT('',(7.39052473487,124.99521547055));
#4636 = CARTESIAN_POINT('',(7.390676468074,125.35760758754));
#4637 = CARTESIAN_POINT('',(7.390826934681,125.72000848485));
#4638 = CARTESIAN_POINT('',(7.391240554207,126.7265307931));
#4639 = CARTESIAN_POINT('',(7.391500384861,127.37067217304));
#4640 = CARTESIAN_POINT('',(7.391753834318,128.01484574953));
#4641 = CARTESIAN_POINT('',(7.391999388924,128.65905426486));
#4642 = CARTESIAN_POINT('',(7.392235542266,129.30330026654));
#4643 = CARTESIAN_POINT('',(7.392460795172,129.94758610733));
#4644 = CARTESIAN_POINT('',(7.392673655713,130.5919139452));
#4645 = CARTESIAN_POINT('',(7.393465703796,133.15681745586));
#4646 = CARTESIAN_POINT('',(7.393935568811,135.07772058912));
#4647 = CARTESIAN_POINT('',(7.394242520958,136.99907061866));
#4648 = CARTESIAN_POINT('',(7.394347570611,138.92089595887));
#4649 = CARTESIAN_POINT('',(7.394211246964,140.84317784811));
#4650 = CARTESIAN_POINT('',(7.393792393174,142.76585023388));
#4651 = CARTESIAN_POINT('',(7.39304696152,144.68879965797));
#4652 = CARTESIAN_POINT('',(7.39143424456,147.45749322478));
#4653 = CARTESIAN_POINT('',(7.390869163807,148.30313979833));
#4654 = CARTESIAN_POINT('',(7.390227525111,149.14878937412));
#4655 = CARTESIAN_POINT('',(7.389505034234,149.99442325561));
#4656 = CARTESIAN_POINT('',(7.388697143881,150.84001953786));
#4657 = CARTESIAN_POINT('',(7.3877990537,151.68555310754));
#4658 = CARTESIAN_POINT('',(7.386805710281,152.53099564293));
#4659 = CARTESIAN_POINT('',(7.384695192262,154.16191066046));
#4660 = CARTESIAN_POINT('',(7.383591505246,154.94739885477));
#4661 = CARTESIAN_POINT('',(7.382401531469,155.73276925082));
#4662 = CARTESIAN_POINT('',(7.38112595407,156.51801263826));
#4663 = CARTESIAN_POINT('',(7.379765335753,157.30312150257));
#4664 = CARTESIAN_POINT('',(7.378320116629,158.08809000614));
#4665 = CARTESIAN_POINT('',(7.376790628113,158.87291399049));
#4666 = CARTESIAN_POINT('',(7.370283409009,162.03749323899));
#4667 = CARTESIAN_POINT('',(7.364616901496,164.41601338983));
#4668 = CARTESIAN_POINT('',(7.35818426675,166.79312053504));
#4669 = CARTESIAN_POINT('',(7.35098448033,169.16887034678));
#4670 = CARTESIAN_POINT('',(7.343010379296,171.54340516601));
#4671 = CARTESIAN_POINT('',(7.33425059781,173.91695516886));
#4672 = CARTESIAN_POINT('',(7.324691885989,176.28984061976));
#4673 = CARTESIAN_POINT('',(7.302004103454,181.48072138752));
#4674 = CARTESIAN_POINT('',(7.288542149465,184.29846628057));
#4675 = CARTESIAN_POINT('',(7.273758219914,187.11542237508));
#4676 = CARTESIAN_POINT('',(7.257428420392,189.93113726232));
#4677 = CARTESIAN_POINT('',(7.239273088869,192.74498680665));
#4678 = CARTESIAN_POINT('',(7.218909303202,195.55611155069));
#4679 = CARTESIAN_POINT('',(7.195830605279,198.36340360697));
#4680 = CARTESIAN_POINT('',(7.169192018329,201.16521949404));
#4681 = ( GEOMETRIC_REPRESENTATION_CONTEXT(2) 
PARAMETRIC_REPRESENTATION_CONTEXT() REPRESENTATION_CONTEXT('2D SPACE',''
  ) );
#4682 = PCURVE('',#628,#4683);
#4683 = DEFINITIONAL_REPRESENTATION('',(#4684),#4827);
#4684 = B_SPLINE_CURVE_WITH_KNOTS('',8,(#4685,#4686,#4687,#4688,#4689,
    #4690,#4691,#4692,#4693,#4694,#4695,#4696,#4697,#4698,#4699,#4700,
    #4701,#4702,#4703,#4704,#4705,#4706,#4707,#4708,#4709,#4710,#4711,
    #4712,#4713,#4714,#4715,#4716,#4717,#4718,#4719,#4720,#4721,#4722,
    #4723,#4724,#4725,#4726,#4727,#4728,#4729,#4730,#4731,#4732,#4733,
    #4734,#4735,#4736,#4737,#4738,#4739,#4740,#4741,#4742,#4743,#4744,
    #4745,#4746,#4747,#4748,#4749,#4750,#4751,#4752,#4753,#4754,#4755,
    #4756,#4757,#4758,#4759,#4760,#4761,#4762,#4763,#4764,#4765,#4766,
    #4767,#4768,#4769,#4770,#4771,#4772,#4773,#4774,#4775,#4776,#4777,
    #4778,#4779,#4780,#4781,#4782,#4783,#4784,#4785,#4786,#4787,#4788,
    #4789,#4790,#4791,#4792,#4793,#4794,#4795,#4796,#4797,#4798,#4799,
    #4800,#4801,#4802,#4803,#4804,#4805,#4806,#4807,#4808,#4809,#4810,
    #4811,#4812,#4813,#4814,#4815,#4816,#4817,#4818,#4819,#4820,#4821,
    #4822,#4823,#4824,#4825,#4826),.UNSPECIFIED.,.F.,.F.,(9,7,7,7,7,7,7,
    7,7,7,7,7,7,7,7,7,7,7,7,7,9),(0.,9.313312037494E-02,0.113145034169,
    0.153141192457,0.193087751148,0.206060313622,0.218033209717,
    0.303765208837,0.336724735656,0.357705952534,0.401676095567,
    0.423663149459,0.487540266367,0.51552569547,0.533513838525,
    0.565484189682,0.66077090681,0.70267126051,0.741611202125,
    0.859714897295,1.),.UNSPECIFIED.);
#4685 = CARTESIAN_POINT('',(318.00000058443,229.46423999531));
#4686 = CARTESIAN_POINT('',(316.17918409128,228.9686632617));
#4687 = CARTESIAN_POINT('',(314.34807742481,228.51859314564));
#4688 = CARTESIAN_POINT('',(312.50853868989,228.10829923039));
#4689 = CARTESIAN_POINT('',(310.66221852355,227.73248950422));
#4690 = CARTESIAN_POINT('',(308.81057143439,227.38610804921));
#4691 = CARTESIAN_POINT('',(306.95485772965,227.06426133444));
#4692 = CARTESIAN_POINT('',(305.09614380949,226.76219382877));
#4693 = CARTESIAN_POINT('',(302.83546295233,226.41357328137));
#4694 = CARTESIAN_POINT('',(302.43552340641,226.35261105411));
#4695 = CARTESIAN_POINT('',(302.03549981989,226.29230081687));
#4696 = CARTESIAN_POINT('',(301.63540189296,226.23259660615));
#4697 = CARTESIAN_POINT('',(301.23523917682,226.17345264481));
#4698 = CARTESIAN_POINT('',(300.83502107371,226.11482334201));
#4699 = CARTESIAN_POINT('',(300.43475683689,226.05666329327));
#4700 = CARTESIAN_POINT('',(299.23440651122,225.88353508289));
#4701 = CARTESIAN_POINT('',(298.43421295277,225.76981769244));
#4702 = CARTESIAN_POINT('',(297.63385095432,225.65805803336));
#4703 = CARTESIAN_POINT('',(296.83329563192,225.54855680871));
#4704 = CARTESIAN_POINT('',(296.03252802712,225.44158885967));
#4705 = CARTESIAN_POINT('',(295.23152729482,225.33745288842));
#4706 = CARTESIAN_POINT('',(294.4302770907,225.23643150147));
#4707 = CARTESIAN_POINT('',(292.82824044976,225.04131883649));
#4708 = CARTESIAN_POINT('',(292.02745568537,224.9472190871));
#4709 = CARTESIAN_POINT('',(291.22639220309,224.85680235185));
#4710 = CARTESIAN_POINT('',(290.42503788639,224.77035613064));
#4711 = CARTESIAN_POINT('',(289.62338379304,224.68816846453));
#4712 = CARTESIAN_POINT('',(288.82142415506,224.61052793572));
#4713 = CARTESIAN_POINT('',(288.01915637874,224.5377236675));
#4714 = CARTESIAN_POINT('',(286.95594636164,224.4480669221));
#4715 = CARTESIAN_POINT('',(286.69527929664,224.42662911776));
#4716 = CARTESIAN_POINT('',(286.43457989122,224.40574183804));
#4717 = CARTESIAN_POINT('',(286.17384823218,224.38541501695));
#4718 = CARTESIAN_POINT('',(285.91308445151,224.3656585958));
#4719 = CARTESIAN_POINT('',(285.65228872639,224.34648252323));
#4720 = CARTESIAN_POINT('',(285.39146127922,224.32789675514));
#4721 = CARTESIAN_POINT('',(284.88984527728,224.29331171804));
#4722 = CARTESIAN_POINT('',(284.64906992102,224.27722473174));
#4723 = CARTESIAN_POINT('',(284.40827554738,224.26165933271));
#4724 = CARTESIAN_POINT('',(284.16746372874,224.24658293449));
#4725 = CARTESIAN_POINT('',(283.92663304673,224.23201560071));
#4726 = CARTESIAN_POINT('',(283.68578488843,224.21792955813));
#4727 = CARTESIAN_POINT('',(283.44491874368,224.20432787939));
#4728 = CARTESIAN_POINT('',(281.47918541618,224.09719940166));
#4729 = CARTESIAN_POINT('',(279.75324057672,224.02751431));
#4730 = CARTESIAN_POINT('',(278.02647169972,223.97951517204));
#4731 = CARTESIAN_POINT('',(276.2990981421,223.95059001773));
#4732 = CARTESIAN_POINT('',(274.57128728456,223.93814206813));
#4733 = CARTESIAN_POINT('',(272.84315441594,223.93958713962));
#4734 = CARTESIAN_POINT('',(271.11476261765,223.9523510479));
#4735 = CARTESIAN_POINT('',(268.72154983954,223.98213878938));
#4736 = CARTESIAN_POINT('',(268.05694332166,223.99170403819));
#4737 = CARTESIAN_POINT('',(267.39230504216,224.0024169188));
#4738 = CARTESIAN_POINT('',(266.72763655266,224.01413164465));
#4739 = CARTESIAN_POINT('',(266.06293900866,224.02670248241));
#4740 = CARTESIAN_POINT('',(265.39821316953,224.03998375199));
#4741 = CARTESIAN_POINT('',(264.73345939854,224.05382982653));
#4742 = CARTESIAN_POINT('',(263.64549410653,224.07717607209));
#4743 = CARTESIAN_POINT('',(263.22229929532,224.08642687929));
#4744 = CARTESIAN_POINT('',(262.79909325413,224.09580998959));
#4745 = CARTESIAN_POINT('',(262.37587599692,224.1052878314));
#4746 = CARTESIAN_POINT('',(261.95264752664,224.11482282595));
#4747 = CARTESIAN_POINT('',(261.52940783524,224.12437738727));
#4748 = CARTESIAN_POINT('',(261.10615690367,224.1339139222));
#4749 = CARTESIAN_POINT('',(259.79586800264,224.16326388232));
#4750 = CARTESIAN_POINT('',(258.90879251674,224.18288864541));
#4751 = CARTESIAN_POINT('',(258.02166724771,224.20192295674));
#4752 = CARTESIAN_POINT('',(257.13449224938,224.22002044555));
#4753 = CARTESIAN_POINT('',(256.24726862595,224.23683453323));
#4754 = CARTESIAN_POINT('',(255.35999853193,224.25201843332));
#4755 = CARTESIAN_POINT('',(254.47268517218,224.2652251515));
#4756 = CARTESIAN_POINT('',(253.14161661084,224.28154914329));
#4757 = CARTESIAN_POINT('',(252.69789084673,224.28640962637));
#4758 = CARTESIAN_POINT('',(252.25415612946,224.29064552805));
#4759 = CARTESIAN_POINT('',(251.81041322521,224.29421345831));
#4760 = CARTESIAN_POINT('',(251.36666304637,224.29707004386));
#4761 = CARTESIAN_POINT('',(250.92290665159,224.2991719282));
#4762 = CARTESIAN_POINT('',(250.47914524576,224.30047577158));
#4763 = CARTESIAN_POINT('',(248.74614729218,224.30228185309));
#4764 = CARTESIAN_POINT('',(247.45688609044,224.29648811998));
#4765 = CARTESIAN_POINT('',(246.1676289856,224.28435511047));
#4766 = CARTESIAN_POINT('',(244.87840236297,224.26670535682));
#4767 = CARTESIAN_POINT('',(243.58922610266,224.24433206047));
#4768 = CARTESIAN_POINT('',(242.30011417754,224.21805665573));
#4769 = CARTESIAN_POINT('',(241.01107409809,224.18868028198));
#4770 = CARTESIAN_POINT('',(239.15739355385,224.14313668419));
#4771 = CARTESIAN_POINT('',(238.59269434123,224.12882197806));
#4772 = CARTESIAN_POINT('',(238.02801004852,224.11413498946));
#4773 = CARTESIAN_POINT('',(237.4633409711,224.09914348559));
#4774 = CARTESIAN_POINT('',(236.89868734568,224.08391518854));
#4775 = CARTESIAN_POINT('',(236.33404935025,224.06851777533));
#4776 = CARTESIAN_POINT('',(235.76942710407,224.05301887787));
#4777 = CARTESIAN_POINT('',(234.84190962181,224.02750209685));
#4778 = CARTESIAN_POINT('',(234.47900512786,224.01750410802));
#4779 = CARTESIAN_POINT('',(234.1161072107,224.00751006497));
#4780 = CARTESIAN_POINT('',(233.7532158995,223.99753791115));
#4781 = CARTESIAN_POINT('',(233.39033122773,223.98760558505));
#4782 = CARTESIAN_POINT('',(233.02745323326,223.97773102014));
#4783 = CARTESIAN_POINT('',(232.66458195824,223.96793214492));
#4784 = CARTESIAN_POINT('',(231.65679786299,223.94097770751));
#4785 = CARTESIAN_POINT('',(231.01189973669,223.92402426131));
#4786 = CARTESIAN_POINT('',(230.36702325834,223.90746713859));
#4787 = CARTESIAN_POINT('',(229.72216881374,223.89140694037));
#4788 = CARTESIAN_POINT('',(229.0773369864,223.87594427441));
#4789 = CARTESIAN_POINT('',(228.43252855761,223.86117975518));
#4790 = CARTESIAN_POINT('',(227.7877445064,223.84721400395));
#4791 = CARTESIAN_POINT('',(225.22130175262,223.79520375049));
#4792 = CARTESIAN_POINT('',(223.29986362484,223.76424993908));
#4793 = CARTESIAN_POINT('',(221.378679175,223.74395074733));
#4794 = CARTESIAN_POINT('',(219.45780345107,223.73697574));
#4795 = CARTESIAN_POINT('',(217.53733888966,223.74600403435));
#4796 = CARTESIAN_POINT('',(215.61743520555,223.77372882078));
#4797 = CARTESIAN_POINT('',(213.69828928117,223.82286188339));
#4798 = CARTESIAN_POINT('',(210.93668099417,223.92835982328));
#4799 = CARTESIAN_POINT('',(210.09341454713,223.96524979656));
#4800 = CARTESIAN_POINT('',(209.25036826517,224.00704039808));
#4801 = CARTESIAN_POINT('',(208.40756785561,224.05396482711));
#4802 = CARTESIAN_POINT('',(207.5650421829,224.10625712458));
#4803 = CARTESIAN_POINT('',(206.72282326864,224.16415217315));
#4804 = CARTESIAN_POINT('',(205.88094629157,224.22788569716));
#4805 = CARTESIAN_POINT('',(204.25740768029,224.36257059953));
#4806 = CARTESIAN_POINT('',(203.47569511188,224.43270548455));
#4807 = CARTESIAN_POINT('',(202.69433050663,224.50796203617));
#4808 = CARTESIAN_POINT('',(201.9133307473,224.58820235048));
#4809 = CARTESIAN_POINT('',(201.13271100455,224.67328940707));
#4810 = CARTESIAN_POINT('',(200.35248475347,224.76308787427));
#4811 = CARTESIAN_POINT('',(199.57266377735,224.8574638136));
#4812 = CARTESIAN_POINT('',(196.42934389002,225.25599982268));
#4813 = CARTESIAN_POINT('',(194.06928032286,225.59658925114));
#4814 = CARTESIAN_POINT('',(191.71331118865,225.97433255834));
#4815 = CARTESIAN_POINT('',(189.36159298876,226.38559464267));
#4816 = CARTESIAN_POINT('',(187.01419561612,226.82682716791));
#4817 = CARTESIAN_POINT('',(184.67110235343,227.29456255861));
#4818 = CARTESIAN_POINT('',(182.3322092479,227.78539913446));
#4819 = CARTESIAN_POINT('',(177.22391668324,228.90244885771));
#4820 = CARTESIAN_POINT('',(174.45630872637,229.53674828584));
#4821 = CARTESIAN_POINT('',(171.69476885956,230.20100147331));
#4822 = CARTESIAN_POINT('',(168.93972508774,230.89767445063));
#4823 = CARTESIAN_POINT('',(166.19176905322,231.62962448217));
#4824 = CARTESIAN_POINT('',(163.45171459673,232.40053259262));
#4825 = CARTESIAN_POINT('',(160.72060810979,233.21500010699));
#4826 = CARTESIAN_POINT('',(157.99999941739,234.08060488548));
#4827 = ( GEOMETRIC_REPRESENTATION_CONTEXT(2) 
PARAMETRIC_REPRESENTATION_CONTEXT() REPRESENTATION_CONTEXT('2D SPACE',''
  ) );
#4828 = ORIENTED_EDGE('',*,*,#4829,.T.);
#4829 = EDGE_CURVE('',#4390,#4830,#4832,.T.);
#4830 = VERTEX_POINT('',#4831);
#4831 = CARTESIAN_POINT('',(-92.,0.,20.55303254301));
#4832 = SURFACE_CURVE('',#4833,(#5039,#5059),.PCURVE_S1.);
#4833 = B_SPLINE_CURVE_WITH_KNOTS('',8,(#4834,#4835,#4836,#4837,#4838,
    #4839,#4840,#4841,#4842,#4843,#4844,#4845,#4846,#4847,#4848,#4849,
    #4850,#4851,#4852,#4853,#4854,#4855,#4856,#4857,#4858,#4859,#4860,
    #4861,#4862,#4863,#4864,#4865,#4866,#4867,#4868,#4869,#4870,#4871,
    #4872,#4873,#4874,#4875,#4876,#4877,#4878,#4879,#4880,#4881,#4882,
    #4883,#4884,#4885,#4886,#4887,#4888,#4889,#4890,#4891,#4892,#4893,
    #4894,#4895,#4896,#4897,#4898,#4899,#4900,#4901,#4902,#4903,#4904,
    #4905,#4906,#4907,#4908,#4909,#4910,#4911,#4912,#4913,#4914,#4915,
    #4916,#4917,#4918,#4919,#4920,#4921,#4922,#4923,#4924,#4925,#4926,
    #4927,#4928,#4929,#4930,#4931,#4932,#4933,#4934,#4935,#4936,#4937,
    #4938,#4939,#4940,#4941,#4942,#4943,#4944,#4945,#4946,#4947,#4948,
    #4949,#4950,#4951,#4952,#4953,#4954,#4955,#4956,#4957,#4958,#4959,
    #4960,#4961,#4962,#4963,#4964,#4965,#4966,#4967,#4968,#4969,#4970,
    #4971,#4972,#4973,#4974,#4975,#4976,#4977,#4978,#4979,#4980,#4981,
    #4982,#4983,#4984,#4985,#4986,#4987,#4988,#4989,#4990,#4991,#4992,
    #4993,#4994,#4995,#4996,#4997,#4998,#4999,#5000,#5001,#5002,#5003,
    #5004,#5005,#5006,#5007,#5008,#5009,#5010,#5011,#5012,#5013,#5014,
    #5015,#5016,#5017,#5018,#5019,#5020,#5021,#5022,#5023,#5024,#5025,
    #5026,#5027,#5028,#5029,#5030,#5031,#5032,#5033,#5034,#5035,#5036,
    #5037,#5038),.UNSPECIFIED.,.T.,.F.,(9,7,7,7,7,7,7,7,7,7,7,7,7,7,7,7,
    7,7,7,7,7,7,7,7,7,7,7,7,7,9),(0.,2.900068484971E-02,
    5.800136969942E-02,8.50020073163E-02,0.113002668549,0.142003353399,
    0.170004014632,0.194004581401,0.223005266251,0.251005927484,
    0.280006612334,0.308007273567,0.337007958417,0.370008737736,
    0.399009422586,0.433010225523,0.461010886757,0.488011524373,
    0.520012280075,0.551013012158,0.583013767859,0.60001416932,
    0.618014594396,0.683014899253,0.740015604705,0.775016431262,
    0.832017136715,0.858017750716,0.885018388333,1.),.UNSPECIFIED.);
#4834 = CARTESIAN_POINT('',(-92.,0.,20.55303254301));
#4835 = CARTESIAN_POINT('',(-92.,0.468126748619,20.553032562836));
#4836 = CARTESIAN_POINT('',(-92.,0.936254416904,20.540847020445));
#4837 = CARTESIAN_POINT('',(-92.,1.40401161803,20.516475993017));
#4838 = CARTESIAN_POINT('',(-92.,1.871028192018,20.479932986602));
#4839 = CARTESIAN_POINT('',(-92.,2.336935205743,20.43124493612));
#4840 = CARTESIAN_POINT('',(-92.,2.801364952927,20.370452205363));
#4841 = CARTESIAN_POINT('',(-92.,3.263950954142,20.297608586992));
#4842 = CARTESIAN_POINT('',(-92.,4.184704966661,20.127954057076));
#4843 = CARTESIAN_POINT('',(-92.,4.642874786848,20.031142812235));
#4844 = CARTESIAN_POINT('',(-92.,5.098472192761,19.922414941348));
#4845 = CARTESIAN_POINT('',(-92.,5.551135599721,19.801850801997));
#4846 = CARTESIAN_POINT('',(-92.,6.000507062976,19.669543736009));
#4847 = CARTESIAN_POINT('',(-92.,6.446232277701,19.525600069458));
#4848 = CARTESIAN_POINT('',(-92.,6.887960579002,19.370139112662));
#4849 = CARTESIAN_POINT('',(-92.,7.732564954475,19.047953824949));
#4850 = CARTESIAN_POINT('',(-92.,8.136020882073,18.882745186016));
#4851 = CARTESIAN_POINT('',(-92.,8.535432833523,18.707774065312));
#4852 = CARTESIAN_POINT('',(-92.,8.930525318023,18.523156411753));
#4853 = CARTESIAN_POINT('',(-92.,9.321027245147,18.329017301251));
#4854 = CARTESIAN_POINT('',(-92.,9.706671924846,18.125490936715));
#4855 = CARTESIAN_POINT('',(-92.,10.087197067448,17.912720648049));
#4856 = CARTESIAN_POINT('',(-92.,10.851386839766,17.460780080201));
#4857 = CARTESIAN_POINT('',(-92.,11.234647022109,17.220923137505));
#4858 = CARTESIAN_POINT('',(-92.,11.611837705815,16.971458237578));
#4859 = CARTESIAN_POINT('',(-92.,11.982678094508,16.712565077821));
#4860 = CARTESIAN_POINT('',(-92.,12.346894220298,16.444432879513));
#4861 = CARTESIAN_POINT('',(-92.,12.704218943789,16.167260387818));
#4862 = CARTESIAN_POINT('',(-92.,13.054391954075,15.881255871775));
#4863 = CARTESIAN_POINT('',(-92.,13.752169279344,15.281496336879));
#4864 = CARTESIAN_POINT('',(-92.,14.099236526972,14.967113883678));
#4865 = CARTESIAN_POINT('',(-92.,14.43807991631,14.643731905694));
#4866 = CARTESIAN_POINT('',(-92.,14.768427535826,14.311601928158));
#4867 = CARTESIAN_POINT('',(-92.,15.090017157779,13.970984860543));
#4868 = CARTESIAN_POINT('',(-92.,15.40259623821,13.622150996564));
#4869 = CARTESIAN_POINT('',(-92.,15.705921916949,13.265380014175));
#4870 = CARTESIAN_POINT('',(-92.,16.283467791266,12.549108097638));
#4871 = CARTESIAN_POINT('',(-92.,16.558331981283,12.190124257646));
#4872 = CARTESIAN_POINT('',(-92.,16.824143864283,11.824269653977));
#4873 = CARTESIAN_POINT('',(-92.,17.080703450557,11.451811010976));
#4874 = CARTESIAN_POINT('',(-92.,17.327820484063,11.073021578962));
#4875 = CARTESIAN_POINT('',(-92.,17.565314442428,10.688181134217));
#4876 = CARTESIAN_POINT('',(-92.,17.793014536951,10.297575978999));
#4877 = CARTESIAN_POINT('',(-92.,18.197398509242,9.562004243976));
#4878 = CARTESIAN_POINT('',(-92.,18.376723946382,9.218488585329));
#4879 = CARTESIAN_POINT('',(-92.,18.548634747453,8.871136238452));
#4880 = CARTESIAN_POINT('',(-92.,18.713035392944,8.520134097422));
#4881 = CARTESIAN_POINT('',(-92.,18.869836120392,8.165671677527));
#4882 = CARTESIAN_POINT('',(-92.,19.018952924382,7.807941115269));
#4883 = CARTESIAN_POINT('',(-92.,19.160307556551,7.44713716836));
#4884 = CARTESIAN_POINT('',(-92.,19.455164115256,6.644010793956));
#4885 = CARTESIAN_POINT('',(-92.,19.605062022057,6.200363841082));
#4886 = CARTESIAN_POINT('',(-92.,19.743393322596,5.752865017091));
#4887 = CARTESIAN_POINT('',(-92.,19.870043122444,5.30186645845));
#4888 = CARTESIAN_POINT('',(-92.,19.984909556132,4.847723778106));
#4889 = CARTESIAN_POINT('',(-92.,20.08790378715,4.390796065487));
#4890 = CARTESIAN_POINT('',(-92.,20.178950007949,3.931445886499));
#4891 = CARTESIAN_POINT('',(-92.,20.334295554534,3.024543214481));
#4892 = CARTESIAN_POINT('',(-92.,20.399409210678,2.577128493989));
#4893 = CARTESIAN_POINT('',(-92.,20.45327004651,2.128124531273));
#4894 = CARTESIAN_POINT('',(-92.,20.495833379995,1.677861691704));
#4895 = CARTESIAN_POINT('',(-92.,20.527066208927,1.226671296802));
#4896 = CARTESIAN_POINT('',(-92.,20.546947210926,0.774885624242));
#4897 = CARTESIAN_POINT('',(-92.,20.55546674344,0.322837907851));
#4898 = CARTESIAN_POINT('',(-92.,20.549685555814,-0.597255170717));
#4899 = CARTESIAN_POINT('',(-92.,20.534558940421,-1.065297035046));
#4900 = CARTESIAN_POINT('',(-92.,20.50724940822,-1.53289187637));
#4901 = CARTESIAN_POINT('',(-92.,20.467772790764,-1.999669626881));
#4902 = CARTESIAN_POINT('',(-92.,20.416158340502,-2.46526152997));
#4903 = CARTESIAN_POINT('',(-92.,20.352448730778,-2.92930014023));
#4904 = CARTESIAN_POINT('',(-92.,20.276700055835,-3.391419323452));
#4905 = CARTESIAN_POINT('',(-92.,20.10428839828,-4.295232863789));
#4906 = CARTESIAN_POINT('',(-92.,20.008436370677,-4.737083640787));
#4907 = CARTESIAN_POINT('',(-92.,19.901488431541,-5.176478322691));
#4908 = CARTESIAN_POINT('',(-92.,19.78351853832,-5.613091843265));
#4909 = CARTESIAN_POINT('',(-92.,19.654611922366,-6.046602334969));
#4910 = CARTESIAN_POINT('',(-92.,19.514865088934,-6.47669112896));
#4911 = CARTESIAN_POINT('',(-92.,19.364385817185,-6.90304275509));
#4912 = CARTESIAN_POINT('',(-92.,19.03644724476,-7.762729318946));
#4913 = CARTESIAN_POINT('',(-92.,18.858215678094,-8.195771476132));
#4914 = CARTESIAN_POINT('',(-92.,18.668730898976,-8.624124443514));
#4915 = CARTESIAN_POINT('',(-92.,18.468137455912,-9.047447183629));
#4916 = CARTESIAN_POINT('',(-92.,18.256592007128,-9.465404591503));
#4917 = CARTESIAN_POINT('',(-92.,18.034263320567,-9.877667494654));
#4918 = CARTESIAN_POINT('',(-92.,17.80133227389,-10.28391265308));
#4919 = CARTESIAN_POINT('',(-92.,17.281087438319,-11.13889267927));
#4920 = CARTESIAN_POINT('',(-92.,16.990702488614,-11.5857619127));
#4921 = CARTESIAN_POINT('',(-92.,16.687121910336,-12.02396256379));
#4922 = CARTESIAN_POINT('',(-92.,16.370648603569,-12.45304042555));
#4923 = CARTESIAN_POINT('',(-92.,16.041603463509,-12.8725549797));
#4924 = CARTESIAN_POINT('',(-92.,15.700325380466,-13.28207939676));
#4925 = CARTESIAN_POINT('',(-92.,15.347171239861,-13.68120053597));
#4926 = CARTESIAN_POINT('',(-92.,14.662061125705,-14.41076867234));
#4927 = CARTESIAN_POINT('',(-92.,14.332722807064,-14.74367747837));
#4928 = CARTESIAN_POINT('',(-92.,13.994755254343,-15.06797468695));
#4929 = CARTESIAN_POINT('',(-92.,13.64842170497,-15.38339970859));
#4930 = CARTESIAN_POINT('',(-92.,13.293994345762,-15.68970204084));
#4931 = CARTESIAN_POINT('',(-92.,12.931754312923,-15.98664126828));
#4932 = CARTESIAN_POINT('',(-92.,12.561991692047,-16.2739870625));
#4933 = CARTESIAN_POINT('',(-92.,11.743022072226,-16.87690150665));
#4934 = CARTESIAN_POINT('',(-92.,11.29110676473,-17.18879630678));
#4935 = CARTESIAN_POINT('',(-92.,10.829742340894,-17.48684844085));
#4936 = CARTESIAN_POINT('',(-92.,10.359424376994,-17.77072477767));
#4937 = CARTESIAN_POINT('',(-92.,9.880661280319,-18.04011419661));
#4938 = CARTESIAN_POINT('',(-92.,9.393974289171,-18.29472758756));
#4939 = CARTESIAN_POINT('',(-92.,8.899897472865,-18.53429785092));
#4940 = CARTESIAN_POINT('',(-92.,7.986455294687,-18.9432829568));
#4941 = CARTESIAN_POINT('',(-92.,7.569290038177,-19.11761846405));
#4942 = CARTESIAN_POINT('',(-92.,7.147787005796,-19.28144990751));
#4943 = CARTESIAN_POINT('',(-92.,6.722255071909,-19.43465185037));
#4944 = CARTESIAN_POINT('',(-92.,6.293006941647,-19.57710993094));
#4945 = CARTESIAN_POINT('',(-92.,5.86035915091,-19.70872086264));
#4946 = CARTESIAN_POINT('',(-92.,5.424632066366,-19.82939243395));
#4947 = CARTESIAN_POINT('',(-92.,4.563327751327,-20.04477851028));
#4948 = CARTESIAN_POINT('',(-92.,4.137942480123,-20.14026647253));
#4949 = CARTESIAN_POINT('',(-92.,3.710284717499,-20.22543476539));
#4950 = CARTESIAN_POINT('',(-92.,3.280646725606,-20.30022076165));
#4951 = CARTESIAN_POINT('',(-92.,2.849322383079,-20.36457183668));
#4952 = CARTESIAN_POINT('',(-92.,2.416607185044,-20.4184453685));
#4953 = CARTESIAN_POINT('',(-92.,1.982798243111,-20.46180873773));
#4954 = CARTESIAN_POINT('',(-92.,1.03310840456,-20.53354968558));
#4955 = CARTESIAN_POINT('',(-92.,0.516903389101,-20.55766516103));
#4956 = CARTESIAN_POINT('',(-92.,7.719739633671E-05,-20.5669482772));
#4957 = CARTESIAN_POINT('',(-92.,-0.516872714548,-20.56138154244));
#4958 = CARTESIAN_POINT('',(-92.,-1.033449393114,-20.54096745031));
#4959 = CARTESIAN_POINT('',(-92.,-1.549156387069,-20.50572847951));
#4960 = CARTESIAN_POINT('',(-92.,-2.063497747571,-20.4557070939));
#4961 = CARTESIAN_POINT('',(-92.,-3.07244337502,-20.32824761364));
#4962 = CARTESIAN_POINT('',(-92.,-3.567164816734,-20.25171481516));
#4963 = CARTESIAN_POINT('',(-92.,-4.059692069158,-20.16142434726));
#4964 = CARTESIAN_POINT('',(-92.,-4.549578743034,-20.05745038128));
#4965 = CARTESIAN_POINT('',(-92.,-5.036382343995,-19.93988425974));
#4966 = CARTESIAN_POINT('',(-92.,-5.519664272565,-19.80883449632));
#4967 = CARTESIAN_POINT('',(-92.,-5.998989824159,-19.66442677588));
#4968 = CARTESIAN_POINT('',(-92.,-6.964187101174,-19.34409661073));
#4969 = CARTESIAN_POINT('',(-92.,-7.449773938425,-19.16730691185));
#4970 = CARTESIAN_POINT('',(-92.,-7.930214797752,-18.97659228377));
#4971 = CARTESIAN_POINT('',(-92.,-8.405043945571,-18.7721283985));
#4972 = CARTESIAN_POINT('',(-92.,-8.873803817793,-18.55410917415));
#4973 = CARTESIAN_POINT('',(-92.,-9.336045019831,-18.32274677483));
#4974 = CARTESIAN_POINT('',(-92.,-9.791326326591,-18.07827161074));
#4975 = CARTESIAN_POINT('',(-92.,-10.47715562936,-17.68422072427));
#4976 = CARTESIAN_POINT('',(-92.,-10.71301052523,-17.5438782964));
#4977 = CARTESIAN_POINT('',(-92.,-10.94671465535,-17.39994224068));
#4978 = CARTESIAN_POINT('',(-92.,-11.17820417093,-17.25245107977));
#4979 = CARTESIAN_POINT('',(-92.,-11.40741608906,-17.10144467277));
#4980 = CARTESIAN_POINT('',(-92.,-11.63428829277,-16.94696421525));
#4981 = CARTESIAN_POINT('',(-92.,-11.85875953102,-16.78905223924));
#4982 = CARTESIAN_POINT('',(-92.,-12.31583870718,-16.4569647795));
#4983 = CARTESIAN_POINT('',(-92.,-12.54814868374,-16.28237893434));
#4984 = CARTESIAN_POINT('',(-92.,-12.77762766196,-16.10404716641));
#4985 = CARTESIAN_POINT('',(-92.,-13.00420522158,-15.92202311457));
#4986 = CARTESIAN_POINT('',(-92.,-13.22781220845,-15.73636196787));
#4987 = CARTESIAN_POINT('',(-92.,-13.44838073452,-15.54712046554));
#4988 = CARTESIAN_POINT('',(-92.,-13.66584417787,-15.35435689702));
#4989 = CARTESIAN_POINT('',(-92.,-14.65395834569,-14.44955143238));
#4990 = CARTESIAN_POINT('',(-92.,-15.38647736844,-13.69578963806));
#4991 = CARTESIAN_POINT('',(-92.,-16.0745576813,-12.89970405951));
#4992 = CARTESIAN_POINT('',(-92.,-16.71536272452,-12.06437182954));
#4993 = CARTESIAN_POINT('',(-92.,-17.30632837343,-11.19306784146));
#4994 = CARTESIAN_POINT('',(-92.,-17.84515410412,-10.28925724335));
#4995 = CARTESIAN_POINT('',(-92.,-18.32981289979,-9.356601458483));
#4996 = CARTESIAN_POINT('',(-92.,-19.13457852126,-7.559208855267));
#4997 = CARTESIAN_POINT('',(-92.,-19.467623468,-6.700178282505));
#4998 = CARTESIAN_POINT('',(-92.,-19.75654601444,-5.82448485524));
#4999 = CARTESIAN_POINT('',(-92.,-20.00038640141,-4.934779748599));
#5000 = CARTESIAN_POINT('',(-92.,-20.19837854542,-4.03376231147));
#5001 = CARTESIAN_POINT('',(-92.,-20.34994500252,-3.124178436571));
#5002 = CARTESIAN_POINT('',(-92.,-20.45470218461,-2.208821460144));
#5003 = CARTESIAN_POINT('',(-92.,-20.54795128178,-0.726670379026));
#5004 = CARTESIAN_POINT('',(-92.,-20.56571233694,-0.161688313867));
#5005 = CARTESIAN_POINT('',(-92.,-20.56571816994,0.403757931421));
#5006 = CARTESIAN_POINT('',(-92.,-20.54795653465,0.96901703175));
#5007 = CARTESIAN_POINT('',(-92.,-20.51244376265,1.533439009723));
#5008 = CARTESIAN_POINT('',(-92.,-20.45922476313,2.096375235626));
#5009 = CARTESIAN_POINT('',(-92.,-20.38837302295,2.657178427437));
#5010 = CARTESIAN_POINT('',(-92.,-20.15605503024,4.123976154343));
#5011 = CARTESIAN_POINT('',(-92.,-19.9656200631,5.025412222386));
#5012 = CARTESIAN_POINT('',(-92.,-19.72912685902,5.916695668222));
#5013 = CARTESIAN_POINT('',(-92.,-19.44722017987,6.795081651353));
#5014 = CARTESIAN_POINT('',(-92.,-19.12073331823,7.657890807699));
#5015 = CARTESIAN_POINT('',(-92.,-18.75068298886,8.502507863008));
#5016 = CARTESIAN_POINT('',(-92.,-18.33827418909,9.326383729489));
#5017 = CARTESIAN_POINT('',(-92.,-17.67811739301,10.492257175167));
#5018 = CARTESIAN_POINT('',(-92.,-17.46279621934,10.852647562581));
#5019 = CARTESIAN_POINT('',(-92.,-17.23908332358,11.207979534055));
#5020 = CARTESIAN_POINT('',(-92.,-17.00711772833,11.558025272994));
#5021 = CARTESIAN_POINT('',(-92.,-16.76704566227,11.902561860062));
#5022 = CARTESIAN_POINT('',(-92.,-16.51902056019,12.241371273181));
#5023 = CARTESIAN_POINT('',(-92.,-16.26320306297,12.574240387537));
#5024 = CARTESIAN_POINT('',(-92.,-15.72618662626,13.240247727606));
#5025 = CARTESIAN_POINT('',(-92.,-15.44438913555,13.572904839539));
#5026 = CARTESIAN_POINT('',(-92.,-15.15455663028,13.898699128829));
#5027 = CARTESIAN_POINT('',(-92.,-14.85688451578,14.21740441834));
#5028 = CARTESIAN_POINT('',(-92.,-14.55157551786,14.528801536339));
#5029 = CARTESIAN_POINT('',(-92.,-14.23883968281,14.832678316497));
#5030 = CARTESIAN_POINT('',(-92.,-13.91889437745,15.128829597887));
#5031 = CARTESIAN_POINT('',(-92.,-12.19973923768,16.644468758189));
#5032 = CARTESIAN_POINT('',(-92.,-10.68016113226,17.728793538245));
#5033 = CARTESIAN_POINT('',(-92.,-9.051360400353,18.653614862918));
#5034 = CARTESIAN_POINT('',(-92.,-7.333126081748,19.406555066773));
#5035 = CARTESIAN_POINT('',(-92.,-5.546331208549,19.978055027353));
#5036 = CARTESIAN_POINT('',(-92.,-3.712954433948,20.361481564576));
#5037 = CARTESIAN_POINT('',(-92.,-1.856025233016,20.553032575366));
#5038 = CARTESIAN_POINT('',(-92.,0.,20.55303254301));
#5039 = PCURVE('',#2970,#5040);
#5040 = DEFINITIONAL_REPRESENTATION('',(#5041),#5058);
#5041 = B_SPLINE_CURVE_WITH_KNOTS('',8,(#5042,#5043,#5044,#5045,#5046,
    #5047,#5048,#5049,#5050,#5051,#5052,#5053,#5054,#5055,#5056,#5057),
  .UNSPECIFIED.,.F.,.F.,(9,7,9),(0.85900542587,0.885018388333,1.),
  .UNSPECIFIED.);
#5042 = CARTESIAN_POINT('',(7.169192021327,201.16521889404));
#5043 = CARTESIAN_POINT('',(7.148761970847,201.16521889404));
#5044 = CARTESIAN_POINT('',(7.128331920369,201.16521889404));
#5045 = CARTESIAN_POINT('',(7.107901869893,201.16521889404));
#5046 = CARTESIAN_POINT('',(7.087471819417,201.16521889404));
#5047 = CARTESIAN_POINT('',(7.067041768941,201.16521889404));
#5048 = CARTESIAN_POINT('',(7.046611718464,201.16521889404));
#5049 = CARTESIAN_POINT('',(7.026181667986,201.16521889404));
#5050 = CARTESIAN_POINT('',(6.91544740344,201.16521889404));
#5051 = CARTESIAN_POINT('',(6.825099294654,201.16521889404));
#5052 = CARTESIAN_POINT('',(6.73477459418,201.16521889404));
#5053 = CARTESIAN_POINT('',(6.644468462337,201.16521889404));
#5054 = CARTESIAN_POINT('',(6.554162330514,201.16521889404));
#5055 = CARTESIAN_POINT('',(6.463837630027,201.16521889404));
#5056 = CARTESIAN_POINT('',(6.373489521246,201.16521889404));
#5057 = CARTESIAN_POINT('',(6.28318530718,201.16521889404));
#5058 = ( GEOMETRIC_REPRESENTATION_CONTEXT(2) 
PARAMETRIC_REPRESENTATION_CONTEXT() REPRESENTATION_CONTEXT('2D SPACE',''
  ) );
#5059 = PCURVE('',#981,#5060);
#5060 = DEFINITIONAL_REPRESENTATION('',(#5061),#5267);
#5061 = B_SPLINE_CURVE_WITH_KNOTS('',8,(#5062,#5063,#5064,#5065,#5066,
    #5067,#5068,#5069,#5070,#5071,#5072,#5073,#5074,#5075,#5076,#5077,
    #5078,#5079,#5080,#5081,#5082,#5083,#5084,#5085,#5086,#5087,#5088,
    #5089,#5090,#5091,#5092,#5093,#5094,#5095,#5096,#5097,#5098,#5099,
    #5100,#5101,#5102,#5103,#5104,#5105,#5106,#5107,#5108,#5109,#5110,
    #5111,#5112,#5113,#5114,#5115,#5116,#5117,#5118,#5119,#5120,#5121,
    #5122,#5123,#5124,#5125,#5126,#5127,#5128,#5129,#5130,#5131,#5132,
    #5133,#5134,#5135,#5136,#5137,#5138,#5139,#5140,#5141,#5142,#5143,
    #5144,#5145,#5146,#5147,#5148,#5149,#5150,#5151,#5152,#5153,#5154,
    #5155,#5156,#5157,#5158,#5159,#5160,#5161,#5162,#5163,#5164,#5165,
    #5166,#5167,#5168,#5169,#5170,#5171,#5172,#5173,#5174,#5175,#5176,
    #5177,#5178,#5179,#5180,#5181,#5182,#5183,#5184,#5185,#5186,#5187,
    #5188,#5189,#5190,#5191,#5192,#5193,#5194,#5195,#5196,#5197,#5198,
    #5199,#5200,#5201,#5202,#5203,#5204,#5205,#5206,#5207,#5208,#5209,
    #5210,#5211,#5212,#5213,#5214,#5215,#5216,#5217,#5218,#5219,#5220,
    #5221,#5222,#5223,#5224,#5225,#5226,#5227,#5228,#5229,#5230,#5231,
    #5232,#5233,#5234,#5235,#5236,#5237,#5238,#5239,#5240,#5241,#5242,
    #5243,#5244,#5245,#5246,#5247,#5248,#5249,#5250,#5251,#5252,#5253,
    #5254,#5255,#5256,#5257,#5258,#5259,#5260,#5261,#5262,#5263,#5264,
    #5265,#5266),.UNSPECIFIED.,.F.,.F.,(9,7,7,7,7,7,7,7,7,7,7,7,7,7,7,7,
    7,7,7,7,7,7,7,7,7,7,7,7,7,9),(0.,2.900068484971E-02,
    5.800136969942E-02,8.50020073163E-02,0.113002668549,0.142003353399,
    0.170004014632,0.194004581401,0.223005266251,0.251005927484,
    0.280006612334,0.308007273567,0.337007958417,0.370008737736,
    0.399009422586,0.433010225523,0.461010886757,0.488011524373,
    0.520012280075,0.551013012158,0.583013767859,0.60001416932,
    0.618014594396,0.683014899253,0.740015604705,0.775016431262,
    0.832017136715,0.858017750716,0.885018388333,1.),.UNSPECIFIED.);
#5062 = CARTESIAN_POINT('',(270.55303254301,-250.));
#5063 = CARTESIAN_POINT('',(270.55303256283,-250.4681267486));
#5064 = CARTESIAN_POINT('',(270.54084702044,-250.9362544169));
#5065 = CARTESIAN_POINT('',(270.51647599301,-251.404011618));
#5066 = CARTESIAN_POINT('',(270.4799329866,-251.871028192));
#5067 = CARTESIAN_POINT('',(270.43124493612,-252.3369352057));
#5068 = CARTESIAN_POINT('',(270.37045220536,-252.8013649529));
#5069 = CARTESIAN_POINT('',(270.29760858699,-253.2639509541));
#5070 = CARTESIAN_POINT('',(270.12795405707,-254.1847049666));
#5071 = CARTESIAN_POINT('',(270.03114281223,-254.6428747868));
#5072 = CARTESIAN_POINT('',(269.92241494134,-255.0984721927));
#5073 = CARTESIAN_POINT('',(269.80185080199,-255.5511355997));
#5074 = CARTESIAN_POINT('',(269.669543736,-256.0005070629));
#5075 = CARTESIAN_POINT('',(269.52560006945,-256.4462322777));
#5076 = CARTESIAN_POINT('',(269.37013911266,-256.887960579));
#5077 = CARTESIAN_POINT('',(269.04795382494,-257.7325649544));
#5078 = CARTESIAN_POINT('',(268.88274518601,-258.136020882));
#5079 = CARTESIAN_POINT('',(268.70777406531,-258.5354328335));
#5080 = CARTESIAN_POINT('',(268.52315641175,-258.930525318));
#5081 = CARTESIAN_POINT('',(268.32901730125,-259.3210272451));
#5082 = CARTESIAN_POINT('',(268.12549093671,-259.7066719248));
#5083 = CARTESIAN_POINT('',(267.91272064804,-260.0871970674));
#5084 = CARTESIAN_POINT('',(267.4607800802,-260.8513868397));
#5085 = CARTESIAN_POINT('',(267.2209231375,-261.2346470221));
#5086 = CARTESIAN_POINT('',(266.97145823757,-261.6118377058));
#5087 = CARTESIAN_POINT('',(266.71256507782,-261.9826780945));
#5088 = CARTESIAN_POINT('',(266.44443287951,-262.3468942202));
#5089 = CARTESIAN_POINT('',(266.16726038781,-262.7042189437));
#5090 = CARTESIAN_POINT('',(265.88125587177,-263.054391954));
#5091 = CARTESIAN_POINT('',(265.28149633687,-263.7521692793));
#5092 = CARTESIAN_POINT('',(264.96711388367,-264.0992365269));
#5093 = CARTESIAN_POINT('',(264.64373190569,-264.4380799163));
#5094 = CARTESIAN_POINT('',(264.31160192815,-264.7684275358));
#5095 = CARTESIAN_POINT('',(263.97098486054,-265.0900171577));
#5096 = CARTESIAN_POINT('',(263.62215099656,-265.4025962382));
#5097 = CARTESIAN_POINT('',(263.26538001417,-265.7059219169));
#5098 = CARTESIAN_POINT('',(262.54910809763,-266.2834677912));
#5099 = CARTESIAN_POINT('',(262.19012425764,-266.5583319812));
#5100 = CARTESIAN_POINT('',(261.82426965397,-266.8241438642));
#5101 = CARTESIAN_POINT('',(261.45181101097,-267.0807034505));
#5102 = CARTESIAN_POINT('',(261.07302157896,-267.327820484));
#5103 = CARTESIAN_POINT('',(260.68818113421,-267.5653144424));
#5104 = CARTESIAN_POINT('',(260.29757597899,-267.7930145369));
#5105 = CARTESIAN_POINT('',(259.56200424397,-268.1973985092));
#5106 = CARTESIAN_POINT('',(259.21848858532,-268.3767239463));
#5107 = CARTESIAN_POINT('',(258.87113623845,-268.5486347474));
#5108 = CARTESIAN_POINT('',(258.52013409742,-268.7130353929));
#5109 = CARTESIAN_POINT('',(258.16567167752,-268.8698361203));
#5110 = CARTESIAN_POINT('',(257.80794111526,-269.0189529243));
#5111 = CARTESIAN_POINT('',(257.44713716836,-269.1603075565));
#5112 = CARTESIAN_POINT('',(256.64401079395,-269.4551641152));
#5113 = CARTESIAN_POINT('',(256.20036384108,-269.605062022));
#5114 = CARTESIAN_POINT('',(255.75286501709,-269.7433933225));
#5115 = CARTESIAN_POINT('',(255.30186645845,-269.8700431224));
#5116 = CARTESIAN_POINT('',(254.8477237781,-269.9849095561));
#5117 = CARTESIAN_POINT('',(254.39079606548,-270.0879037871));
#5118 = CARTESIAN_POINT('',(253.93144588649,-270.1789500079));
#5119 = CARTESIAN_POINT('',(253.02454321448,-270.3342955545));
#5120 = CARTESIAN_POINT('',(252.57712849398,-270.3994092106));
#5121 = CARTESIAN_POINT('',(252.12812453127,-270.4532700465));
#5122 = CARTESIAN_POINT('',(251.6778616917,-270.4958333799));
#5123 = CARTESIAN_POINT('',(251.2266712968,-270.5270662089));
#5124 = CARTESIAN_POINT('',(250.77488562424,-270.5469472109));
#5125 = CARTESIAN_POINT('',(250.32283790785,-270.5554667434));
#5126 = CARTESIAN_POINT('',(249.40274482928,-270.5496855558));
#5127 = CARTESIAN_POINT('',(248.93470296495,-270.5345589404));
#5128 = CARTESIAN_POINT('',(248.46710812363,-270.5072494082));
#5129 = CARTESIAN_POINT('',(248.00033037311,-270.4677727907));
#5130 = CARTESIAN_POINT('',(247.53473847003,-270.4161583405));
#5131 = CARTESIAN_POINT('',(247.07069985977,-270.3524487307));
#5132 = CARTESIAN_POINT('',(246.60858067654,-270.2767000558));
#5133 = CARTESIAN_POINT('',(245.70476713621,-270.1042883982));
#5134 = CARTESIAN_POINT('',(245.26291635921,-270.0084363706));
#5135 = CARTESIAN_POINT('',(244.8235216773,-269.9014884315));
#5136 = CARTESIAN_POINT('',(244.38690815673,-269.7835185383));
#5137 = CARTESIAN_POINT('',(243.95339766503,-269.6546119223));
#5138 = CARTESIAN_POINT('',(243.52330887104,-269.5148650889));
#5139 = CARTESIAN_POINT('',(243.09695724491,-269.3643858171));
#5140 = CARTESIAN_POINT('',(242.23727068105,-269.0364472447));
#5141 = CARTESIAN_POINT('',(241.80422852386,-268.858215678));
#5142 = CARTESIAN_POINT('',(241.37587555648,-268.6687308989));
#5143 = CARTESIAN_POINT('',(240.95255281637,-268.4681374559));
#5144 = CARTESIAN_POINT('',(240.53459540849,-268.2565920071));
#5145 = CARTESIAN_POINT('',(240.12233250534,-268.0342633205));
#5146 = CARTESIAN_POINT('',(239.71608734691,-267.8013322738));
#5147 = CARTESIAN_POINT('',(238.86110732072,-267.2810874383));
#5148 = CARTESIAN_POINT('',(238.41423808729,-266.9907024886));
#5149 = CARTESIAN_POINT('',(237.9760374362,-266.6871219103));
#5150 = CARTESIAN_POINT('',(237.54695957444,-266.3706486035));
#5151 = CARTESIAN_POINT('',(237.12744502029,-266.0416034635));
#5152 = CARTESIAN_POINT('',(236.71792060323,-265.7003253804));
#5153 = CARTESIAN_POINT('',(236.31879946402,-265.3471712398));
#5154 = CARTESIAN_POINT('',(235.58923132765,-264.6620611257));
#5155 = CARTESIAN_POINT('',(235.25632252162,-264.332722807));
#5156 = CARTESIAN_POINT('',(234.93202531304,-263.9947552543));
#5157 = CARTESIAN_POINT('',(234.6166002914,-263.6484217049));
#5158 = CARTESIAN_POINT('',(234.31029795915,-263.2939943457));
#5159 = CARTESIAN_POINT('',(234.01335873171,-262.9317543129));
#5160 = CARTESIAN_POINT('',(233.72601293749,-262.561991692));
#5161 = CARTESIAN_POINT('',(233.12309849334,-261.7430220722));
#5162 = CARTESIAN_POINT('',(232.81120369321,-261.2911067647));
#5163 = CARTESIAN_POINT('',(232.51315155915,-260.8297423408));
#5164 = CARTESIAN_POINT('',(232.22927522232,-260.3594243769));
#5165 = CARTESIAN_POINT('',(231.95988580338,-259.8806612803));
#5166 = CARTESIAN_POINT('',(231.70527241243,-259.3939742891));
#5167 = CARTESIAN_POINT('',(231.46570214907,-258.8998974728));
#5168 = CARTESIAN_POINT('',(231.0567170432,-257.9864552946));
#5169 = CARTESIAN_POINT('',(230.88238153594,-257.5692900381));
#5170 = CARTESIAN_POINT('',(230.71855009249,-257.1477870057));
#5171 = CARTESIAN_POINT('',(230.56534814962,-256.7222550719));
#5172 = CARTESIAN_POINT('',(230.42289006905,-256.2930069416));
#5173 = CARTESIAN_POINT('',(230.29127913735,-255.8603591509));
#5174 = CARTESIAN_POINT('',(230.17060756604,-255.4246320663));
#5175 = CARTESIAN_POINT('',(229.95522148971,-254.5633277513));
#5176 = CARTESIAN_POINT('',(229.85973352746,-254.1379424801));
#5177 = CARTESIAN_POINT('',(229.7745652346,-253.7102847174));
#5178 = CARTESIAN_POINT('',(229.69977923834,-253.2806467256));
#5179 = CARTESIAN_POINT('',(229.63542816331,-252.849322383));
#5180 = CARTESIAN_POINT('',(229.58155463149,-252.416607185));
#5181 = CARTESIAN_POINT('',(229.53819126226,-251.9827982431));
#5182 = CARTESIAN_POINT('',(229.46645031442,-251.0331084045));
#5183 = CARTESIAN_POINT('',(229.44233483896,-250.5169033891));
#5184 = CARTESIAN_POINT('',(229.4330517228,-250.0000771973));
#5185 = CARTESIAN_POINT('',(229.43861845755,-249.4831272854));
#5186 = CARTESIAN_POINT('',(229.45903254968,-248.9665506068));
#5187 = CARTESIAN_POINT('',(229.49427152048,-248.4508436129));
#5188 = CARTESIAN_POINT('',(229.54429290609,-247.9365022524));
#5189 = CARTESIAN_POINT('',(229.67175238635,-246.9275566249));
#5190 = CARTESIAN_POINT('',(229.74828518483,-246.4328351832));
#5191 = CARTESIAN_POINT('',(229.83857565273,-245.9403079308));
#5192 = CARTESIAN_POINT('',(229.94254961871,-245.4504212569));
#5193 = CARTESIAN_POINT('',(230.06011574025,-244.963617656));
#5194 = CARTESIAN_POINT('',(230.19116550367,-244.4803357274));
#5195 = CARTESIAN_POINT('',(230.33557322412,-244.0010101758));
#5196 = CARTESIAN_POINT('',(230.65590338926,-243.0358128988));
#5197 = CARTESIAN_POINT('',(230.83269308814,-242.5502260615));
#5198 = CARTESIAN_POINT('',(231.02340771622,-242.0697852022));
#5199 = CARTESIAN_POINT('',(231.22787160149,-241.5949560544));
#5200 = CARTESIAN_POINT('',(231.44589082584,-241.1261961822));
#5201 = CARTESIAN_POINT('',(231.67725322516,-240.6639549801));
#5202 = CARTESIAN_POINT('',(231.92172838925,-240.2086736734));
#5203 = CARTESIAN_POINT('',(232.31577927572,-239.5228443706));
#5204 = CARTESIAN_POINT('',(232.4561217036,-239.2869894747));
#5205 = CARTESIAN_POINT('',(232.60005775931,-239.0532853446));
#5206 = CARTESIAN_POINT('',(232.74754892022,-238.821795829));
#5207 = CARTESIAN_POINT('',(232.89855532722,-238.5925839109));
#5208 = CARTESIAN_POINT('',(233.05303578474,-238.3657117072));
#5209 = CARTESIAN_POINT('',(233.21094776075,-238.1412404689));
#5210 = CARTESIAN_POINT('',(233.54303522049,-237.6841612928));
#5211 = CARTESIAN_POINT('',(233.71762106565,-237.4518513162));
#5212 = CARTESIAN_POINT('',(233.89595283358,-237.222372338));
#5213 = CARTESIAN_POINT('',(234.07797688542,-236.9957947784));
#5214 = CARTESIAN_POINT('',(234.26363803212,-236.7721877915));
#5215 = CARTESIAN_POINT('',(234.45287953445,-236.5516192654));
#5216 = CARTESIAN_POINT('',(234.64564310297,-236.3341558221));
#5217 = CARTESIAN_POINT('',(235.55044856761,-235.3460416543));
#5218 = CARTESIAN_POINT('',(236.30421036193,-234.6135226315));
#5219 = CARTESIAN_POINT('',(237.10029594048,-233.9254423186));
#5220 = CARTESIAN_POINT('',(237.93562817045,-233.2846372754));
#5221 = CARTESIAN_POINT('',(238.80693215853,-232.6936716265));
#5222 = CARTESIAN_POINT('',(239.71074275664,-232.1548458958));
#5223 = CARTESIAN_POINT('',(240.64339854151,-231.6701871002));
#5224 = CARTESIAN_POINT('',(242.44079114473,-230.8654214787));
#5225 = CARTESIAN_POINT('',(243.29982171749,-230.5323765319));
#5226 = CARTESIAN_POINT('',(244.17551514476,-230.2434539855));
#5227 = CARTESIAN_POINT('',(245.0652202514,-229.9996135985));
#5228 = CARTESIAN_POINT('',(245.96623768853,-229.8016214545));
#5229 = CARTESIAN_POINT('',(246.87582156342,-229.6500549974));
#5230 = CARTESIAN_POINT('',(247.79117853985,-229.5452978153));
#5231 = CARTESIAN_POINT('',(249.27332962097,-229.4520487182));
#5232 = CARTESIAN_POINT('',(249.83831168613,-229.434287663));
#5233 = CARTESIAN_POINT('',(250.40375793142,-229.43428183));
#5234 = CARTESIAN_POINT('',(250.96901703175,-229.4520434653));
#5235 = CARTESIAN_POINT('',(251.53343900972,-229.4875562373));
#5236 = CARTESIAN_POINT('',(252.09637523562,-229.5407752368));
#5237 = CARTESIAN_POINT('',(252.65717842743,-229.611626977));
#5238 = CARTESIAN_POINT('',(254.12397615434,-229.8439449697));
#5239 = CARTESIAN_POINT('',(255.02541222238,-230.0343799368));
#5240 = CARTESIAN_POINT('',(255.91669566822,-230.2708731409));
#5241 = CARTESIAN_POINT('',(256.79508165135,-230.5527798201));
#5242 = CARTESIAN_POINT('',(257.65789080769,-230.8792666817));
#5243 = CARTESIAN_POINT('',(258.502507863,-231.2493170111));
#5244 = CARTESIAN_POINT('',(259.32638372948,-231.6617258109));
#5245 = CARTESIAN_POINT('',(260.49225717516,-232.3218826069));
#5246 = CARTESIAN_POINT('',(260.85264756258,-232.5372037806));
#5247 = CARTESIAN_POINT('',(261.20797953405,-232.7609166764));
#5248 = CARTESIAN_POINT('',(261.55802527299,-232.9928822716));
#5249 = CARTESIAN_POINT('',(261.90256186006,-233.2329543377));
#5250 = CARTESIAN_POINT('',(262.24137127318,-233.4809794398));
#5251 = CARTESIAN_POINT('',(262.57424038753,-233.736796937));
#5252 = CARTESIAN_POINT('',(263.2402477276,-234.2738133737));
#5253 = CARTESIAN_POINT('',(263.57290483953,-234.5556108644));
#5254 = CARTESIAN_POINT('',(263.89869912882,-234.8454433697));
#5255 = CARTESIAN_POINT('',(264.21740441834,-235.1431154842));
#5256 = CARTESIAN_POINT('',(264.52880153633,-235.4484244821));
#5257 = CARTESIAN_POINT('',(264.83267831649,-235.7611603171));
#5258 = CARTESIAN_POINT('',(265.12882959788,-236.0811056225));
#5259 = CARTESIAN_POINT('',(266.64446875818,-237.8002607623));
#5260 = CARTESIAN_POINT('',(267.72879353824,-239.3198388677));
#5261 = CARTESIAN_POINT('',(268.65361486291,-240.9486395996));
#5262 = CARTESIAN_POINT('',(269.40655506677,-242.6668739182));
#5263 = CARTESIAN_POINT('',(269.97805502735,-244.4536687914));
#5264 = CARTESIAN_POINT('',(270.36148156457,-246.287045566));
#5265 = CARTESIAN_POINT('',(270.55303257536,-248.1439747669));
#5266 = CARTESIAN_POINT('',(270.55303254301,-250.));
#5267 = ( GEOMETRIC_REPRESENTATION_CONTEXT(2) 
PARAMETRIC_REPRESENTATION_CONTEXT() REPRESENTATION_CONTEXT('2D SPACE',''
  ) );
#5268 = ORIENTED_EDGE('',*,*,#5269,.T.);
#5269 = EDGE_CURVE('',#4830,#5270,#5272,.T.);
#5270 = VERTEX_POINT('',#5271);
#5271 = CARTESIAN_POINT('',(-92.,15.919395321594,13.));
#5272 = SURFACE_CURVE('',#5273,(#5479,#5520),.PCURVE_S1.);
#5273 = B_SPLINE_CURVE_WITH_KNOTS('',8,(#5274,#5275,#5276,#5277,#5278,
    #5279,#5280,#5281,#5282,#5283,#5284,#5285,#5286,#5287,#5288,#5289,
    #5290,#5291,#5292,#5293,#5294,#5295,#5296,#5297,#5298,#5299,#5300,
    #5301,#5302,#5303,#5304,#5305,#5306,#5307,#5308,#5309,#5310,#5311,
    #5312,#5313,#5314,#5315,#5316,#5317,#5318,#5319,#5320,#5321,#5322,
    #5323,#5324,#5325,#5326,#5327,#5328,#5329,#5330,#5331,#5332,#5333,
    #5334,#5335,#5336,#5337,#5338,#5339,#5340,#5341,#5342,#5343,#5344,
    #5345,#5346,#5347,#5348,#5349,#5350,#5351,#5352,#5353,#5354,#5355,
    #5356,#5357,#5358,#5359,#5360,#5361,#5362,#5363,#5364,#5365,#5366,
    #5367,#5368,#5369,#5370,#5371,#5372,#5373,#5374,#5375,#5376,#5377,
    #5378,#5379,#5380,#5381,#5382,#5383,#5384,#5385,#5386,#5387,#5388,
    #5389,#5390,#5391,#5392,#5393,#5394,#5395,#5396,#5397,#5398,#5399,
    #5400,#5401,#5402,#5403,#5404,#5405,#5406,#5407,#5408,#5409,#5410,
    #5411,#5412,#5413,#5414,#5415,#5416,#5417,#5418,#5419,#5420,#5421,
    #5422,#5423,#5424,#5425,#5426,#5427,#5428,#5429,#5430,#5431,#5432,
    #5433,#5434,#5435,#5436,#5437,#5438,#5439,#5440,#5441,#5442,#5443,
    #5444,#5445,#5446,#5447,#5448,#5449,#5450,#5451,#5452,#5453,#5454,
    #5455,#5456,#5457,#5458,#5459,#5460,#5461,#5462,#5463,#5464,#5465,
    #5466,#5467,#5468,#5469,#5470,#5471,#5472,#5473,#5474,#5475,#5476,
    #5477,#5478),.UNSPECIFIED.,.T.,.F.,(9,7,7,7,7,7,7,7,7,7,7,7,7,7,7,7,
    7,7,7,7,7,7,7,7,7,7,7,7,7,9),(0.,2.900068484971E-02,
    5.800136969942E-02,8.50020073163E-02,0.113002668549,0.142003353399,
    0.170004014632,0.194004581401,0.223005266251,0.251005927484,
    0.280006612334,0.308007273567,0.337007958417,0.370008737736,
    0.399009422586,0.433010225523,0.461010886757,0.488011524373,
    0.520012280075,0.551013012158,0.583013767859,0.60001416932,
    0.618014594396,0.683014899253,0.740015604705,0.775016431262,
    0.832017136715,0.858017750716,0.885018388333,1.),.UNSPECIFIED.);
#5274 = CARTESIAN_POINT('',(-92.,0.,20.55303254301));
#5275 = CARTESIAN_POINT('',(-92.,0.468126748619,20.553032562836));
#5276 = CARTESIAN_POINT('',(-92.,0.936254416904,20.540847020445));
#5277 = CARTESIAN_POINT('',(-92.,1.40401161803,20.516475993017));
#5278 = CARTESIAN_POINT('',(-92.,1.871028192018,20.479932986602));
#5279 = CARTESIAN_POINT('',(-92.,2.336935205743,20.43124493612));
#5280 = CARTESIAN_POINT('',(-92.,2.801364952927,20.370452205363));
#5281 = CARTESIAN_POINT('',(-92.,3.263950954142,20.297608586992));
#5282 = CARTESIAN_POINT('',(-92.,4.184704966661,20.127954057076));
#5283 = CARTESIAN_POINT('',(-92.,4.642874786848,20.031142812235));
#5284 = CARTESIAN_POINT('',(-92.,5.098472192761,19.922414941348));
#5285 = CARTESIAN_POINT('',(-92.,5.551135599721,19.801850801997));
#5286 = CARTESIAN_POINT('',(-92.,6.000507062976,19.669543736009));
#5287 = CARTESIAN_POINT('',(-92.,6.446232277701,19.525600069458));
#5288 = CARTESIAN_POINT('',(-92.,6.887960579002,19.370139112662));
#5289 = CARTESIAN_POINT('',(-92.,7.732564954475,19.047953824949));
#5290 = CARTESIAN_POINT('',(-92.,8.136020882073,18.882745186016));
#5291 = CARTESIAN_POINT('',(-92.,8.535432833523,18.707774065312));
#5292 = CARTESIAN_POINT('',(-92.,8.930525318023,18.523156411753));
#5293 = CARTESIAN_POINT('',(-92.,9.321027245147,18.329017301251));
#5294 = CARTESIAN_POINT('',(-92.,9.706671924846,18.125490936715));
#5295 = CARTESIAN_POINT('',(-92.,10.087197067448,17.912720648049));
#5296 = CARTESIAN_POINT('',(-92.,10.851386839766,17.460780080201));
#5297 = CARTESIAN_POINT('',(-92.,11.234647022109,17.220923137505));
#5298 = CARTESIAN_POINT('',(-92.,11.611837705815,16.971458237578));
#5299 = CARTESIAN_POINT('',(-92.,11.982678094508,16.712565077821));
#5300 = CARTESIAN_POINT('',(-92.,12.346894220298,16.444432879513));
#5301 = CARTESIAN_POINT('',(-92.,12.704218943789,16.167260387818));
#5302 = CARTESIAN_POINT('',(-92.,13.054391954075,15.881255871775));
#5303 = CARTESIAN_POINT('',(-92.,13.752169279344,15.281496336879));
#5304 = CARTESIAN_POINT('',(-92.,14.099236526972,14.967113883678));
#5305 = CARTESIAN_POINT('',(-92.,14.43807991631,14.643731905694));
#5306 = CARTESIAN_POINT('',(-92.,14.768427535826,14.311601928158));
#5307 = CARTESIAN_POINT('',(-92.,15.090017157779,13.970984860543));
#5308 = CARTESIAN_POINT('',(-92.,15.40259623821,13.622150996564));
#5309 = CARTESIAN_POINT('',(-92.,15.705921916949,13.265380014175));
#5310 = CARTESIAN_POINT('',(-92.,16.283467791266,12.549108097638));
#5311 = CARTESIAN_POINT('',(-92.,16.558331981283,12.190124257646));
#5312 = CARTESIAN_POINT('',(-92.,16.824143864283,11.824269653977));
#5313 = CARTESIAN_POINT('',(-92.,17.080703450557,11.451811010976));
#5314 = CARTESIAN_POINT('',(-92.,17.327820484063,11.073021578962));
#5315 = CARTESIAN_POINT('',(-92.,17.565314442428,10.688181134217));
#5316 = CARTESIAN_POINT('',(-92.,17.793014536951,10.297575978999));
#5317 = CARTESIAN_POINT('',(-92.,18.197398509242,9.562004243976));
#5318 = CARTESIAN_POINT('',(-92.,18.376723946382,9.218488585329));
#5319 = CARTESIAN_POINT('',(-92.,18.548634747453,8.871136238452));
#5320 = CARTESIAN_POINT('',(-92.,18.713035392944,8.520134097422));
#5321 = CARTESIAN_POINT('',(-92.,18.869836120392,8.165671677527));
#5322 = CARTESIAN_POINT('',(-92.,19.018952924382,7.807941115269));
#5323 = CARTESIAN_POINT('',(-92.,19.160307556551,7.44713716836));
#5324 = CARTESIAN_POINT('',(-92.,19.455164115256,6.644010793956));
#5325 = CARTESIAN_POINT('',(-92.,19.605062022057,6.200363841082));
#5326 = CARTESIAN_POINT('',(-92.,19.743393322596,5.752865017091));
#5327 = CARTESIAN_POINT('',(-92.,19.870043122444,5.30186645845));
#5328 = CARTESIAN_POINT('',(-92.,19.984909556132,4.847723778106));
#5329 = CARTESIAN_POINT('',(-92.,20.08790378715,4.390796065487));
#5330 = CARTESIAN_POINT('',(-92.,20.178950007949,3.931445886499));
#5331 = CARTESIAN_POINT('',(-92.,20.334295554534,3.024543214481));
#5332 = CARTESIAN_POINT('',(-92.,20.399409210678,2.577128493989));
#5333 = CARTESIAN_POINT('',(-92.,20.45327004651,2.128124531273));
#5334 = CARTESIAN_POINT('',(-92.,20.495833379995,1.677861691704));
#5335 = CARTESIAN_POINT('',(-92.,20.527066208927,1.226671296802));
#5336 = CARTESIAN_POINT('',(-92.,20.546947210926,0.774885624242));
#5337 = CARTESIAN_POINT('',(-92.,20.55546674344,0.322837907851));
#5338 = CARTESIAN_POINT('',(-92.,20.549685555814,-0.597255170717));
#5339 = CARTESIAN_POINT('',(-92.,20.534558940421,-1.065297035046));
#5340 = CARTESIAN_POINT('',(-92.,20.50724940822,-1.53289187637));
#5341 = CARTESIAN_POINT('',(-92.,20.467772790764,-1.999669626881));
#5342 = CARTESIAN_POINT('',(-92.,20.416158340502,-2.46526152997));
#5343 = CARTESIAN_POINT('',(-92.,20.352448730778,-2.92930014023));
#5344 = CARTESIAN_POINT('',(-92.,20.276700055835,-3.391419323452));
#5345 = CARTESIAN_POINT('',(-92.,20.10428839828,-4.295232863789));
#5346 = CARTESIAN_POINT('',(-92.,20.008436370677,-4.737083640787));
#5347 = CARTESIAN_POINT('',(-92.,19.901488431541,-5.176478322691));
#5348 = CARTESIAN_POINT('',(-92.,19.78351853832,-5.613091843265));
#5349 = CARTESIAN_POINT('',(-92.,19.654611922366,-6.046602334969));
#5350 = CARTESIAN_POINT('',(-92.,19.514865088934,-6.47669112896));
#5351 = CARTESIAN_POINT('',(-92.,19.364385817185,-6.90304275509));
#5352 = CARTESIAN_POINT('',(-92.,19.03644724476,-7.762729318946));
#5353 = CARTESIAN_POINT('',(-92.,18.858215678094,-8.195771476132));
#5354 = CARTESIAN_POINT('',(-92.,18.668730898976,-8.624124443514));
#5355 = CARTESIAN_POINT('',(-92.,18.468137455912,-9.047447183629));
#5356 = CARTESIAN_POINT('',(-92.,18.256592007128,-9.465404591503));
#5357 = CARTESIAN_POINT('',(-92.,18.034263320567,-9.877667494654));
#5358 = CARTESIAN_POINT('',(-92.,17.80133227389,-10.28391265308));
#5359 = CARTESIAN_POINT('',(-92.,17.281087438319,-11.13889267927));
#5360 = CARTESIAN_POINT('',(-92.,16.990702488614,-11.5857619127));
#5361 = CARTESIAN_POINT('',(-92.,16.687121910336,-12.02396256379));
#5362 = CARTESIAN_POINT('',(-92.,16.370648603569,-12.45304042555));
#5363 = CARTESIAN_POINT('',(-92.,16.041603463509,-12.8725549797));
#5364 = CARTESIAN_POINT('',(-92.,15.700325380466,-13.28207939676));
#5365 = CARTESIAN_POINT('',(-92.,15.347171239861,-13.68120053597));
#5366 = CARTESIAN_POINT('',(-92.,14.662061125705,-14.41076867234));
#5367 = CARTESIAN_POINT('',(-92.,14.332722807064,-14.74367747837));
#5368 = CARTESIAN_POINT('',(-92.,13.994755254343,-15.06797468695));
#5369 = CARTESIAN_POINT('',(-92.,13.64842170497,-15.38339970859));
#5370 = CARTESIAN_POINT('',(-92.,13.293994345762,-15.68970204084));
#5371 = CARTESIAN_POINT('',(-92.,12.931754312923,-15.98664126828));
#5372 = CARTESIAN_POINT('',(-92.,12.561991692047,-16.2739870625));
#5373 = CARTESIAN_POINT('',(-92.,11.743022072226,-16.87690150665));
#5374 = CARTESIAN_POINT('',(-92.,11.29110676473,-17.18879630678));
#5375 = CARTESIAN_POINT('',(-92.,10.829742340894,-17.48684844085));
#5376 = CARTESIAN_POINT('',(-92.,10.359424376994,-17.77072477767));
#5377 = CARTESIAN_POINT('',(-92.,9.880661280319,-18.04011419661));
#5378 = CARTESIAN_POINT('',(-92.,9.393974289171,-18.29472758756));
#5379 = CARTESIAN_POINT('',(-92.,8.899897472865,-18.53429785092));
#5380 = CARTESIAN_POINT('',(-92.,7.986455294687,-18.9432829568));
#5381 = CARTESIAN_POINT('',(-92.,7.569290038177,-19.11761846405));
#5382 = CARTESIAN_POINT('',(-92.,7.147787005796,-19.28144990751));
#5383 = CARTESIAN_POINT('',(-92.,6.722255071909,-19.43465185037));
#5384 = CARTESIAN_POINT('',(-92.,6.293006941647,-19.57710993094));
#5385 = CARTESIAN_POINT('',(-92.,5.86035915091,-19.70872086264));
#5386 = CARTESIAN_POINT('',(-92.,5.424632066366,-19.82939243395));
#5387 = CARTESIAN_POINT('',(-92.,4.563327751327,-20.04477851028));
#5388 = CARTESIAN_POINT('',(-92.,4.137942480123,-20.14026647253));
#5389 = CARTESIAN_POINT('',(-92.,3.710284717499,-20.22543476539));
#5390 = CARTESIAN_POINT('',(-92.,3.280646725606,-20.30022076165));
#5391 = CARTESIAN_POINT('',(-92.,2.849322383079,-20.36457183668));
#5392 = CARTESIAN_POINT('',(-92.,2.416607185044,-20.4184453685));
#5393 = CARTESIAN_POINT('',(-92.,1.982798243111,-20.46180873773));
#5394 = CARTESIAN_POINT('',(-92.,1.03310840456,-20.53354968558));
#5395 = CARTESIAN_POINT('',(-92.,0.516903389101,-20.55766516103));
#5396 = CARTESIAN_POINT('',(-92.,7.719739633671E-05,-20.5669482772));
#5397 = CARTESIAN_POINT('',(-92.,-0.516872714548,-20.56138154244));
#5398 = CARTESIAN_POINT('',(-92.,-1.033449393114,-20.54096745031));
#5399 = CARTESIAN_POINT('',(-92.,-1.549156387069,-20.50572847951));
#5400 = CARTESIAN_POINT('',(-92.,-2.063497747571,-20.4557070939));
#5401 = CARTESIAN_POINT('',(-92.,-3.07244337502,-20.32824761364));
#5402 = CARTESIAN_POINT('',(-92.,-3.567164816734,-20.25171481516));
#5403 = CARTESIAN_POINT('',(-92.,-4.059692069158,-20.16142434726));
#5404 = CARTESIAN_POINT('',(-92.,-4.549578743034,-20.05745038128));
#5405 = CARTESIAN_POINT('',(-92.,-5.036382343995,-19.93988425974));
#5406 = CARTESIAN_POINT('',(-92.,-5.519664272565,-19.80883449632));
#5407 = CARTESIAN_POINT('',(-92.,-5.998989824159,-19.66442677588));
#5408 = CARTESIAN_POINT('',(-92.,-6.964187101174,-19.34409661073));
#5409 = CARTESIAN_POINT('',(-92.,-7.449773938425,-19.16730691185));
#5410 = CARTESIAN_POINT('',(-92.,-7.930214797752,-18.97659228377));
#5411 = CARTESIAN_POINT('',(-92.,-8.405043945571,-18.7721283985));
#5412 = CARTESIAN_POINT('',(-92.,-8.873803817793,-18.55410917415));
#5413 = CARTESIAN_POINT('',(-92.,-9.336045019831,-18.32274677483));
#5414 = CARTESIAN_POINT('',(-92.,-9.791326326591,-18.07827161074));
#5415 = CARTESIAN_POINT('',(-92.,-10.47715562936,-17.68422072427));
#5416 = CARTESIAN_POINT('',(-92.,-10.71301052523,-17.5438782964));
#5417 = CARTESIAN_POINT('',(-92.,-10.94671465535,-17.39994224068));
#5418 = CARTESIAN_POINT('',(-92.,-11.17820417093,-17.25245107977));
#5419 = CARTESIAN_POINT('',(-92.,-11.40741608906,-17.10144467277));
#5420 = CARTESIAN_POINT('',(-92.,-11.63428829277,-16.94696421525));
#5421 = CARTESIAN_POINT('',(-92.,-11.85875953102,-16.78905223924));
#5422 = CARTESIAN_POINT('',(-92.,-12.31583870718,-16.4569647795));
#5423 = CARTESIAN_POINT('',(-92.,-12.54814868374,-16.28237893434));
#5424 = CARTESIAN_POINT('',(-92.,-12.77762766196,-16.10404716641));
#5425 = CARTESIAN_POINT('',(-92.,-13.00420522158,-15.92202311457));
#5426 = CARTESIAN_POINT('',(-92.,-13.22781220845,-15.73636196787));
#5427 = CARTESIAN_POINT('',(-92.,-13.44838073452,-15.54712046554));
#5428 = CARTESIAN_POINT('',(-92.,-13.66584417787,-15.35435689702));
#5429 = CARTESIAN_POINT('',(-92.,-14.65395834569,-14.44955143238));
#5430 = CARTESIAN_POINT('',(-92.,-15.38647736844,-13.69578963806));
#5431 = CARTESIAN_POINT('',(-92.,-16.0745576813,-12.89970405951));
#5432 = CARTESIAN_POINT('',(-92.,-16.71536272452,-12.06437182954));
#5433 = CARTESIAN_POINT('',(-92.,-17.30632837343,-11.19306784146));
#5434 = CARTESIAN_POINT('',(-92.,-17.84515410412,-10.28925724335));
#5435 = CARTESIAN_POINT('',(-92.,-18.32981289979,-9.356601458483));
#5436 = CARTESIAN_POINT('',(-92.,-19.13457852126,-7.559208855267));
#5437 = CARTESIAN_POINT('',(-92.,-19.467623468,-6.700178282505));
#5438 = CARTESIAN_POINT('',(-92.,-19.75654601444,-5.82448485524));
#5439 = CARTESIAN_POINT('',(-92.,-20.00038640141,-4.934779748599));
#5440 = CARTESIAN_POINT('',(-92.,-20.19837854542,-4.03376231147));
#5441 = CARTESIAN_POINT('',(-92.,-20.34994500252,-3.124178436571));
#5442 = CARTESIAN_POINT('',(-92.,-20.45470218461,-2.208821460144));
#5443 = CARTESIAN_POINT('',(-92.,-20.54795128178,-0.726670379026));
#5444 = CARTESIAN_POINT('',(-92.,-20.56571233694,-0.161688313867));
#5445 = CARTESIAN_POINT('',(-92.,-20.56571816994,0.403757931421));
#5446 = CARTESIAN_POINT('',(-92.,-20.54795653465,0.96901703175));
#5447 = CARTESIAN_POINT('',(-92.,-20.51244376265,1.533439009723));
#5448 = CARTESIAN_POINT('',(-92.,-20.45922476313,2.096375235626));
#5449 = CARTESIAN_POINT('',(-92.,-20.38837302295,2.657178427437));
#5450 = CARTESIAN_POINT('',(-92.,-20.15605503024,4.123976154343));
#5451 = CARTESIAN_POINT('',(-92.,-19.9656200631,5.025412222386));
#5452 = CARTESIAN_POINT('',(-92.,-19.72912685902,5.916695668222));
#5453 = CARTESIAN_POINT('',(-92.,-19.44722017987,6.795081651353));
#5454 = CARTESIAN_POINT('',(-92.,-19.12073331823,7.657890807699));
#5455 = CARTESIAN_POINT('',(-92.,-18.75068298886,8.502507863008));
#5456 = CARTESIAN_POINT('',(-92.,-18.33827418909,9.326383729489));
#5457 = CARTESIAN_POINT('',(-92.,-17.67811739301,10.492257175167));
#5458 = CARTESIAN_POINT('',(-92.,-17.46279621934,10.852647562581));
#5459 = CARTESIAN_POINT('',(-92.,-17.23908332358,11.207979534055));
#5460 = CARTESIAN_POINT('',(-92.,-17.00711772833,11.558025272994));
#5461 = CARTESIAN_POINT('',(-92.,-16.76704566227,11.902561860062));
#5462 = CARTESIAN_POINT('',(-92.,-16.51902056019,12.241371273181));
#5463 = CARTESIAN_POINT('',(-92.,-16.26320306297,12.574240387537));
#5464 = CARTESIAN_POINT('',(-92.,-15.72618662626,13.240247727606));
#5465 = CARTESIAN_POINT('',(-92.,-15.44438913555,13.572904839539));
#5466 = CARTESIAN_POINT('',(-92.,-15.15455663028,13.898699128829));
#5467 = CARTESIAN_POINT('',(-92.,-14.85688451578,14.21740441834));
#5468 = CARTESIAN_POINT('',(-92.,-14.55157551786,14.528801536339));
#5469 = CARTESIAN_POINT('',(-92.,-14.23883968281,14.832678316497));
#5470 = CARTESIAN_POINT('',(-92.,-13.91889437745,15.128829597887));
#5471 = CARTESIAN_POINT('',(-92.,-12.19973923768,16.644468758189));
#5472 = CARTESIAN_POINT('',(-92.,-10.68016113226,17.728793538245));
#5473 = CARTESIAN_POINT('',(-92.,-9.051360400353,18.653614862918));
#5474 = CARTESIAN_POINT('',(-92.,-7.333126081748,19.406555066773));
#5475 = CARTESIAN_POINT('',(-92.,-5.546331208549,19.978055027353));
#5476 = CARTESIAN_POINT('',(-92.,-3.712954433948,20.361481564576));
#5477 = CARTESIAN_POINT('',(-92.,-1.856025233016,20.553032575366));
#5478 = CARTESIAN_POINT('',(-92.,0.,20.55303254301));
#5479 = PCURVE('',#2970,#5480);
#5480 = DEFINITIONAL_REPRESENTATION('',(#5481),#5519);
#5481 = B_SPLINE_CURVE_WITH_KNOTS('',8,(#5482,#5483,#5484,#5485,#5486,
    #5487,#5488,#5489,#5490,#5491,#5492,#5493,#5494,#5495,#5496,#5497,
    #5498,#5499,#5500,#5501,#5502,#5503,#5504,#5505,#5506,#5507,#5508,
    #5509,#5510,#5511,#5512,#5513,#5514,#5515,#5516,#5517,#5518),
  .UNSPECIFIED.,.F.,.F.,(9,7,7,7,7,9),(0.,2.900068484971E-02,
    5.800136969942E-02,8.50020073163E-02,0.113002668549,0.141015678101),
  .UNSPECIFIED.);
#5482 = CARTESIAN_POINT('',(6.28318530718,201.16521889404));
#5483 = CARTESIAN_POINT('',(6.260408760437,201.16521889404));
#5484 = CARTESIAN_POINT('',(6.237632213698,201.16521889404));
#5485 = CARTESIAN_POINT('',(6.214855666961,201.16521889404));
#5486 = CARTESIAN_POINT('',(6.192079120225,201.16521889404));
#5487 = CARTESIAN_POINT('',(6.16930257349,201.16521889404));
#5488 = CARTESIAN_POINT('',(6.146526026753,201.16521889404));
#5489 = CARTESIAN_POINT('',(6.123749480014,201.16521889404));
#5490 = CARTESIAN_POINT('',(6.078196386529,201.16521889404));
#5491 = CARTESIAN_POINT('',(6.055419839789,201.16521889404));
#5492 = CARTESIAN_POINT('',(6.032643293053,201.16521889404));
#5493 = CARTESIAN_POINT('',(6.009866746317,201.16521889404));
#5494 = CARTESIAN_POINT('',(5.987090199582,201.16521889404));
#5495 = CARTESIAN_POINT('',(5.964313652845,201.16521889404));
#5496 = CARTESIAN_POINT('',(5.941537106106,201.16521889404));
#5497 = CARTESIAN_POINT('',(5.897554808949,201.16521889404));
#5498 = CARTESIAN_POINT('',(5.876349058537,201.16521889404));
#5499 = CARTESIAN_POINT('',(5.855143308126,201.16521889404));
#5500 = CARTESIAN_POINT('',(5.833937557716,201.16521889404));
#5501 = CARTESIAN_POINT('',(5.812731807306,201.16521889404));
#5502 = CARTESIAN_POINT('',(5.791526056896,201.16521889404));
#5503 = CARTESIAN_POINT('',(5.770320306484,201.16521889404));
#5504 = CARTESIAN_POINT('',(5.727123407491,201.16521889404));
#5505 = CARTESIAN_POINT('',(5.705132258915,201.16521889404));
#5506 = CARTESIAN_POINT('',(5.683141110342,201.16521889404));
#5507 = CARTESIAN_POINT('',(5.661149961769,201.16521889404));
#5508 = CARTESIAN_POINT('',(5.639158813196,201.16521889404));
#5509 = CARTESIAN_POINT('',(5.617167664622,201.16521889404));
#5510 = CARTESIAN_POINT('',(5.595176516047,201.16521889404));
#5511 = CARTESIAN_POINT('',(5.551184520773,201.16521889404));
#5512 = CARTESIAN_POINT('',(5.529183674081,201.16521889404));
#5513 = CARTESIAN_POINT('',(5.507182827391,201.16521889404));
#5514 = CARTESIAN_POINT('',(5.485181980702,201.16521889404));
#5515 = CARTESIAN_POINT('',(5.463181134014,201.16521889404));
#5516 = CARTESIAN_POINT('',(5.441180287324,201.16521889404));
#5517 = CARTESIAN_POINT('',(5.419179440633,201.16521889404));
#5518 = CARTESIAN_POINT('',(5.397178593938,201.16521889404));
#5519 = ( GEOMETRIC_REPRESENTATION_CONTEXT(2) 
PARAMETRIC_REPRESENTATION_CONTEXT() REPRESENTATION_CONTEXT('2D SPACE',''
  ) );
#5520 = PCURVE('',#981,#5521);
#5521 = DEFINITIONAL_REPRESENTATION('',(#5522),#5728);
#5522 = B_SPLINE_CURVE_WITH_KNOTS('',8,(#5523,#5524,#5525,#5526,#5527,
    #5528,#5529,#5530,#5531,#5532,#5533,#5534,#5535,#5536,#5537,#5538,
    #5539,#5540,#5541,#5542,#5543,#5544,#5545,#5546,#5547,#5548,#5549,
    #5550,#5551,#5552,#5553,#5554,#5555,#5556,#5557,#5558,#5559,#5560,
    #5561,#5562,#5563,#5564,#5565,#5566,#5567,#5568,#5569,#5570,#5571,
    #5572,#5573,#5574,#5575,#5576,#5577,#5578,#5579,#5580,#5581,#5582,
    #5583,#5584,#5585,#5586,#5587,#5588,#5589,#5590,#5591,#5592,#5593,
    #5594,#5595,#5596,#5597,#5598,#5599,#5600,#5601,#5602,#5603,#5604,
    #5605,#5606,#5607,#5608,#5609,#5610,#5611,#5612,#5613,#5614,#5615,
    #5616,#5617,#5618,#5619,#5620,#5621,#5622,#5623,#5624,#5625,#5626,
    #5627,#5628,#5629,#5630,#5631,#5632,#5633,#5634,#5635,#5636,#5637,
    #5638,#5639,#5640,#5641,#5642,#5643,#5644,#5645,#5646,#5647,#5648,
    #5649,#5650,#5651,#5652,#5653,#5654,#5655,#5656,#5657,#5658,#5659,
    #5660,#5661,#5662,#5663,#5664,#5665,#5666,#5667,#5668,#5669,#5670,
    #5671,#5672,#5673,#5674,#5675,#5676,#5677,#5678,#5679,#5680,#5681,
    #5682,#5683,#5684,#5685,#5686,#5687,#5688,#5689,#5690,#5691,#5692,
    #5693,#5694,#5695,#5696,#5697,#5698,#5699,#5700,#5701,#5702,#5703,
    #5704,#5705,#5706,#5707,#5708,#5709,#5710,#5711,#5712,#5713,#5714,
    #5715,#5716,#5717,#5718,#5719,#5720,#5721,#5722,#5723,#5724,#5725,
    #5726,#5727),.UNSPECIFIED.,.F.,.F.,(9,7,7,7,7,7,7,7,7,7,7,7,7,7,7,7,
    7,7,7,7,7,7,7,7,7,7,7,7,7,9),(0.,2.900068484971E-02,
    5.800136969942E-02,8.50020073163E-02,0.113002668549,0.142003353399,
    0.170004014632,0.194004581401,0.223005266251,0.251005927484,
    0.280006612334,0.308007273567,0.337007958417,0.370008737736,
    0.399009422586,0.433010225523,0.461010886757,0.488011524373,
    0.520012280075,0.551013012158,0.583013767859,0.60001416932,
    0.618014594396,0.683014899253,0.740015604705,0.775016431262,
    0.832017136715,0.858017750716,0.885018388333,1.),.UNSPECIFIED.);
#5523 = CARTESIAN_POINT('',(270.55303254301,-250.));
#5524 = CARTESIAN_POINT('',(270.55303256283,-250.4681267486));
#5525 = CARTESIAN_POINT('',(270.54084702044,-250.9362544169));
#5526 = CARTESIAN_POINT('',(270.51647599301,-251.404011618));
#5527 = CARTESIAN_POINT('',(270.4799329866,-251.871028192));
#5528 = CARTESIAN_POINT('',(270.43124493612,-252.3369352057));
#5529 = CARTESIAN_POINT('',(270.37045220536,-252.8013649529));
#5530 = CARTESIAN_POINT('',(270.29760858699,-253.2639509541));
#5531 = CARTESIAN_POINT('',(270.12795405707,-254.1847049666));
#5532 = CARTESIAN_POINT('',(270.03114281223,-254.6428747868));
#5533 = CARTESIAN_POINT('',(269.92241494134,-255.0984721927));
#5534 = CARTESIAN_POINT('',(269.80185080199,-255.5511355997));
#5535 = CARTESIAN_POINT('',(269.669543736,-256.0005070629));
#5536 = CARTESIAN_POINT('',(269.52560006945,-256.4462322777));
#5537 = CARTESIAN_POINT('',(269.37013911266,-256.887960579));
#5538 = CARTESIAN_POINT('',(269.04795382494,-257.7325649544));
#5539 = CARTESIAN_POINT('',(268.88274518601,-258.136020882));
#5540 = CARTESIAN_POINT('',(268.70777406531,-258.5354328335));
#5541 = CARTESIAN_POINT('',(268.52315641175,-258.930525318));
#5542 = CARTESIAN_POINT('',(268.32901730125,-259.3210272451));
#5543 = CARTESIAN_POINT('',(268.12549093671,-259.7066719248));
#5544 = CARTESIAN_POINT('',(267.91272064804,-260.0871970674));
#5545 = CARTESIAN_POINT('',(267.4607800802,-260.8513868397));
#5546 = CARTESIAN_POINT('',(267.2209231375,-261.2346470221));
#5547 = CARTESIAN_POINT('',(266.97145823757,-261.6118377058));
#5548 = CARTESIAN_POINT('',(266.71256507782,-261.9826780945));
#5549 = CARTESIAN_POINT('',(266.44443287951,-262.3468942202));
#5550 = CARTESIAN_POINT('',(266.16726038781,-262.7042189437));
#5551 = CARTESIAN_POINT('',(265.88125587177,-263.054391954));
#5552 = CARTESIAN_POINT('',(265.28149633687,-263.7521692793));
#5553 = CARTESIAN_POINT('',(264.96711388367,-264.0992365269));
#5554 = CARTESIAN_POINT('',(264.64373190569,-264.4380799163));
#5555 = CARTESIAN_POINT('',(264.31160192815,-264.7684275358));
#5556 = CARTESIAN_POINT('',(263.97098486054,-265.0900171577));
#5557 = CARTESIAN_POINT('',(263.62215099656,-265.4025962382));
#5558 = CARTESIAN_POINT('',(263.26538001417,-265.7059219169));
#5559 = CARTESIAN_POINT('',(262.54910809763,-266.2834677912));
#5560 = CARTESIAN_POINT('',(262.19012425764,-266.5583319812));
#5561 = CARTESIAN_POINT('',(261.82426965397,-266.8241438642));
#5562 = CARTESIAN_POINT('',(261.45181101097,-267.0807034505));
#5563 = CARTESIAN_POINT('',(261.07302157896,-267.327820484));
#5564 = CARTESIAN_POINT('',(260.68818113421,-267.5653144424));
#5565 = CARTESIAN_POINT('',(260.29757597899,-267.7930145369));
#5566 = CARTESIAN_POINT('',(259.56200424397,-268.1973985092));
#5567 = CARTESIAN_POINT('',(259.21848858532,-268.3767239463));
#5568 = CARTESIAN_POINT('',(258.87113623845,-268.5486347474));
#5569 = CARTESIAN_POINT('',(258.52013409742,-268.7130353929));
#5570 = CARTESIAN_POINT('',(258.16567167752,-268.8698361203));
#5571 = CARTESIAN_POINT('',(257.80794111526,-269.0189529243));
#5572 = CARTESIAN_POINT('',(257.44713716836,-269.1603075565));
#5573 = CARTESIAN_POINT('',(256.64401079395,-269.4551641152));
#5574 = CARTESIAN_POINT('',(256.20036384108,-269.605062022));
#5575 = CARTESIAN_POINT('',(255.75286501709,-269.7433933225));
#5576 = CARTESIAN_POINT('',(255.30186645845,-269.8700431224));
#5577 = CARTESIAN_POINT('',(254.8477237781,-269.9849095561));
#5578 = CARTESIAN_POINT('',(254.39079606548,-270.0879037871));
#5579 = CARTESIAN_POINT('',(253.93144588649,-270.1789500079));
#5580 = CARTESIAN_POINT('',(253.02454321448,-270.3342955545));
#5581 = CARTESIAN_POINT('',(252.57712849398,-270.3994092106));
#5582 = CARTESIAN_POINT('',(252.12812453127,-270.4532700465));
#5583 = CARTESIAN_POINT('',(251.6778616917,-270.4958333799));
#5584 = CARTESIAN_POINT('',(251.2266712968,-270.5270662089));
#5585 = CARTESIAN_POINT('',(250.77488562424,-270.5469472109));
#5586 = CARTESIAN_POINT('',(250.32283790785,-270.5554667434));
#5587 = CARTESIAN_POINT('',(249.40274482928,-270.5496855558));
#5588 = CARTESIAN_POINT('',(248.93470296495,-270.5345589404));
#5589 = CARTESIAN_POINT('',(248.46710812363,-270.5072494082));
#5590 = CARTESIAN_POINT('',(248.00033037311,-270.4677727907));
#5591 = CARTESIAN_POINT('',(247.53473847003,-270.4161583405));
#5592 = CARTESIAN_POINT('',(247.07069985977,-270.3524487307));
#5593 = CARTESIAN_POINT('',(246.60858067654,-270.2767000558));
#5594 = CARTESIAN_POINT('',(245.70476713621,-270.1042883982));
#5595 = CARTESIAN_POINT('',(245.26291635921,-270.0084363706));
#5596 = CARTESIAN_POINT('',(244.8235216773,-269.9014884315));
#5597 = CARTESIAN_POINT('',(244.38690815673,-269.7835185383));
#5598 = CARTESIAN_POINT('',(243.95339766503,-269.6546119223));
#5599 = CARTESIAN_POINT('',(243.52330887104,-269.5148650889));
#5600 = CARTESIAN_POINT('',(243.09695724491,-269.3643858171));
#5601 = CARTESIAN_POINT('',(242.23727068105,-269.0364472447));
#5602 = CARTESIAN_POINT('',(241.80422852386,-268.858215678));
#5603 = CARTESIAN_POINT('',(241.37587555648,-268.6687308989));
#5604 = CARTESIAN_POINT('',(240.95255281637,-268.4681374559));
#5605 = CARTESIAN_POINT('',(240.53459540849,-268.2565920071));
#5606 = CARTESIAN_POINT('',(240.12233250534,-268.0342633205));
#5607 = CARTESIAN_POINT('',(239.71608734691,-267.8013322738));
#5608 = CARTESIAN_POINT('',(238.86110732072,-267.2810874383));
#5609 = CARTESIAN_POINT('',(238.41423808729,-266.9907024886));
#5610 = CARTESIAN_POINT('',(237.9760374362,-266.6871219103));
#5611 = CARTESIAN_POINT('',(237.54695957444,-266.3706486035));
#5612 = CARTESIAN_POINT('',(237.12744502029,-266.0416034635));
#5613 = CARTESIAN_POINT('',(236.71792060323,-265.7003253804));
#5614 = CARTESIAN_POINT('',(236.31879946402,-265.3471712398));
#5615 = CARTESIAN_POINT('',(235.58923132765,-264.6620611257));
#5616 = CARTESIAN_POINT('',(235.25632252162,-264.332722807));
#5617 = CARTESIAN_POINT('',(234.93202531304,-263.9947552543));
#5618 = CARTESIAN_POINT('',(234.6166002914,-263.6484217049));
#5619 = CARTESIAN_POINT('',(234.31029795915,-263.2939943457));
#5620 = CARTESIAN_POINT('',(234.01335873171,-262.9317543129));
#5621 = CARTESIAN_POINT('',(233.72601293749,-262.561991692));
#5622 = CARTESIAN_POINT('',(233.12309849334,-261.7430220722));
#5623 = CARTESIAN_POINT('',(232.81120369321,-261.2911067647));
#5624 = CARTESIAN_POINT('',(232.51315155915,-260.8297423408));
#5625 = CARTESIAN_POINT('',(232.22927522232,-260.3594243769));
#5626 = CARTESIAN_POINT('',(231.95988580338,-259.8806612803));
#5627 = CARTESIAN_POINT('',(231.70527241243,-259.3939742891));
#5628 = CARTESIAN_POINT('',(231.46570214907,-258.8998974728));
#5629 = CARTESIAN_POINT('',(231.0567170432,-257.9864552946));
#5630 = CARTESIAN_POINT('',(230.88238153594,-257.5692900381));
#5631 = CARTESIAN_POINT('',(230.71855009249,-257.1477870057));
#5632 = CARTESIAN_POINT('',(230.56534814962,-256.7222550719));
#5633 = CARTESIAN_POINT('',(230.42289006905,-256.2930069416));
#5634 = CARTESIAN_POINT('',(230.29127913735,-255.8603591509));
#5635 = CARTESIAN_POINT('',(230.17060756604,-255.4246320663));
#5636 = CARTESIAN_POINT('',(229.95522148971,-254.5633277513));
#5637 = CARTESIAN_POINT('',(229.85973352746,-254.1379424801));
#5638 = CARTESIAN_POINT('',(229.7745652346,-253.7102847174));
#5639 = CARTESIAN_POINT('',(229.69977923834,-253.2806467256));
#5640 = CARTESIAN_POINT('',(229.63542816331,-252.849322383));
#5641 = CARTESIAN_POINT('',(229.58155463149,-252.416607185));
#5642 = CARTESIAN_POINT('',(229.53819126226,-251.9827982431));
#5643 = CARTESIAN_POINT('',(229.46645031442,-251.0331084045));
#5644 = CARTESIAN_POINT('',(229.44233483896,-250.5169033891));
#5645 = CARTESIAN_POINT('',(229.4330517228,-250.0000771973));
#5646 = CARTESIAN_POINT('',(229.43861845755,-249.4831272854));
#5647 = CARTESIAN_POINT('',(229.45903254968,-248.9665506068));
#5648 = CARTESIAN_POINT('',(229.49427152048,-248.4508436129));
#5649 = CARTESIAN_POINT('',(229.54429290609,-247.9365022524));
#5650 = CARTESIAN_POINT('',(229.67175238635,-246.9275566249));
#5651 = CARTESIAN_POINT('',(229.74828518483,-246.4328351832));
#5652 = CARTESIAN_POINT('',(229.83857565273,-245.9403079308));
#5653 = CARTESIAN_POINT('',(229.94254961871,-245.4504212569));
#5654 = CARTESIAN_POINT('',(230.06011574025,-244.963617656));
#5655 = CARTESIAN_POINT('',(230.19116550367,-244.4803357274));
#5656 = CARTESIAN_POINT('',(230.33557322412,-244.0010101758));
#5657 = CARTESIAN_POINT('',(230.65590338926,-243.0358128988));
#5658 = CARTESIAN_POINT('',(230.83269308814,-242.5502260615));
#5659 = CARTESIAN_POINT('',(231.02340771622,-242.0697852022));
#5660 = CARTESIAN_POINT('',(231.22787160149,-241.5949560544));
#5661 = CARTESIAN_POINT('',(231.44589082584,-241.1261961822));
#5662 = CARTESIAN_POINT('',(231.67725322516,-240.6639549801));
#5663 = CARTESIAN_POINT('',(231.92172838925,-240.2086736734));
#5664 = CARTESIAN_POINT('',(232.31577927572,-239.5228443706));
#5665 = CARTESIAN_POINT('',(232.4561217036,-239.2869894747));
#5666 = CARTESIAN_POINT('',(232.60005775931,-239.0532853446));
#5667 = CARTESIAN_POINT('',(232.74754892022,-238.821795829));
#5668 = CARTESIAN_POINT('',(232.89855532722,-238.5925839109));
#5669 = CARTESIAN_POINT('',(233.05303578474,-238.3657117072));
#5670 = CARTESIAN_POINT('',(233.21094776075,-238.1412404689));
#5671 = CARTESIAN_POINT('',(233.54303522049,-237.6841612928));
#5672 = CARTESIAN_POINT('',(233.71762106565,-237.4518513162));
#5673 = CARTESIAN_POINT('',(233.89595283358,-237.222372338));
#5674 = CARTESIAN_POINT('',(234.07797688542,-236.9957947784));
#5675 = CARTESIAN_POINT('',(234.26363803212,-236.7721877915));
#5676 = CARTESIAN_POINT('',(234.45287953445,-236.5516192654));
#5677 = CARTESIAN_POINT('',(234.64564310297,-236.3341558221));
#5678 = CARTESIAN_POINT('',(235.55044856761,-235.3460416543));
#5679 = CARTESIAN_POINT('',(236.30421036193,-234.6135226315));
#5680 = CARTESIAN_POINT('',(237.10029594048,-233.9254423186));
#5681 = CARTESIAN_POINT('',(237.93562817045,-233.2846372754));
#5682 = CARTESIAN_POINT('',(238.80693215853,-232.6936716265));
#5683 = CARTESIAN_POINT('',(239.71074275664,-232.1548458958));
#5684 = CARTESIAN_POINT('',(240.64339854151,-231.6701871002));
#5685 = CARTESIAN_POINT('',(242.44079114473,-230.8654214787));
#5686 = CARTESIAN_POINT('',(243.29982171749,-230.5323765319));
#5687 = CARTESIAN_POINT('',(244.17551514476,-230.2434539855));
#5688 = CARTESIAN_POINT('',(245.0652202514,-229.9996135985));
#5689 = CARTESIAN_POINT('',(245.96623768853,-229.8016214545));
#5690 = CARTESIAN_POINT('',(246.87582156342,-229.6500549974));
#5691 = CARTESIAN_POINT('',(247.79117853985,-229.5452978153));
#5692 = CARTESIAN_POINT('',(249.27332962097,-229.4520487182));
#5693 = CARTESIAN_POINT('',(249.83831168613,-229.434287663));
#5694 = CARTESIAN_POINT('',(250.40375793142,-229.43428183));
#5695 = CARTESIAN_POINT('',(250.96901703175,-229.4520434653));
#5696 = CARTESIAN_POINT('',(251.53343900972,-229.4875562373));
#5697 = CARTESIAN_POINT('',(252.09637523562,-229.5407752368));
#5698 = CARTESIAN_POINT('',(252.65717842743,-229.611626977));
#5699 = CARTESIAN_POINT('',(254.12397615434,-229.8439449697));
#5700 = CARTESIAN_POINT('',(255.02541222238,-230.0343799368));
#5701 = CARTESIAN_POINT('',(255.91669566822,-230.2708731409));
#5702 = CARTESIAN_POINT('',(256.79508165135,-230.5527798201));
#5703 = CARTESIAN_POINT('',(257.65789080769,-230.8792666817));
#5704 = CARTESIAN_POINT('',(258.502507863,-231.2493170111));
#5705 = CARTESIAN_POINT('',(259.32638372948,-231.6617258109));
#5706 = CARTESIAN_POINT('',(260.49225717516,-232.3218826069));
#5707 = CARTESIAN_POINT('',(260.85264756258,-232.5372037806));
#5708 = CARTESIAN_POINT('',(261.20797953405,-232.7609166764));
#5709 = CARTESIAN_POINT('',(261.55802527299,-232.9928822716));
#5710 = CARTESIAN_POINT('',(261.90256186006,-233.2329543377));
#5711 = CARTESIAN_POINT('',(262.24137127318,-233.4809794398));
#5712 = CARTESIAN_POINT('',(262.57424038753,-233.736796937));
#5713 = CARTESIAN_POINT('',(263.2402477276,-234.2738133737));
#5714 = CARTESIAN_POINT('',(263.57290483953,-234.5556108644));
#5715 = CARTESIAN_POINT('',(263.89869912882,-234.8454433697));
#5716 = CARTESIAN_POINT('',(264.21740441834,-235.1431154842));
#5717 = CARTESIAN_POINT('',(264.52880153633,-235.4484244821));
#5718 = CARTESIAN_POINT('',(264.83267831649,-235.7611603171));
#5719 = CARTESIAN_POINT('',(265.12882959788,-236.0811056225));
#5720 = CARTESIAN_POINT('',(266.64446875818,-237.8002607623));
#5721 = CARTESIAN_POINT('',(267.72879353824,-239.3198388677));
#5722 = CARTESIAN_POINT('',(268.65361486291,-240.9486395996));
#5723 = CARTESIAN_POINT('',(269.40655506677,-242.6668739182));
#5724 = CARTESIAN_POINT('',(269.97805502735,-244.4536687914));
#5725 = CARTESIAN_POINT('',(270.36148156457,-246.287045566));
#5726 = CARTESIAN_POINT('',(270.55303257536,-248.1439747669));
#5727 = CARTESIAN_POINT('',(270.55303254301,-250.));
#5728 = ( GEOMETRIC_REPRESENTATION_CONTEXT(2) 
PARAMETRIC_REPRESENTATION_CONTEXT() REPRESENTATION_CONTEXT('2D SPACE',''
  ) );
#5729 = ORIENTED_EDGE('',*,*,#5730,.F.);
#5730 = EDGE_CURVE('',#5731,#5270,#5733,.T.);
#5731 = VERTEX_POINT('',#5732);
#5732 = CARTESIAN_POINT('',(-57.64693891584,24.100459979429,13.));
#5733 = SURFACE_CURVE('',#5734,(#5877,#6023),.PCURVE_S1.);
#5734 = B_SPLINE_CURVE_WITH_KNOTS('',8,(#5735,#5736,#5737,#5738,#5739,
    #5740,#5741,#5742,#5743,#5744,#5745,#5746,#5747,#5748,#5749,#5750,
    #5751,#5752,#5753,#5754,#5755,#5756,#5757,#5758,#5759,#5760,#5761,
    #5762,#5763,#5764,#5765,#5766,#5767,#5768,#5769,#5770,#5771,#5772,
    #5773,#5774,#5775,#5776,#5777,#5778,#5779,#5780,#5781,#5782,#5783,
    #5784,#5785,#5786,#5787,#5788,#5789,#5790,#5791,#5792,#5793,#5794,
    #5795,#5796,#5797,#5798,#5799,#5800,#5801,#5802,#5803,#5804,#5805,
    #5806,#5807,#5808,#5809,#5810,#5811,#5812,#5813,#5814,#5815,#5816,
    #5817,#5818,#5819,#5820,#5821,#5822,#5823,#5824,#5825,#5826,#5827,
    #5828,#5829,#5830,#5831,#5832,#5833,#5834,#5835,#5836,#5837,#5838,
    #5839,#5840,#5841,#5842,#5843,#5844,#5845,#5846,#5847,#5848,#5849,
    #5850,#5851,#5852,#5853,#5854,#5855,#5856,#5857,#5858,#5859,#5860,
    #5861,#5862,#5863,#5864,#5865,#5866,#5867,#5868,#5869,#5870,#5871,
    #5872,#5873,#5874,#5875,#5876),.UNSPECIFIED.,.F.,.F.,(9,7,7,7,7,7,7,
    7,7,7,7,7,7,7,7,7,7,7,7,7,9),(0.,9.313312036962E-02,0.113145034162,
    0.153141192448,0.193087751138,0.206060313611,0.218033209706,
    0.303765208828,0.336724735647,0.357705952525,0.401676095559,
    0.423663149451,0.48754026636,0.515525695464,0.533513838519,
    0.565484189676,0.660770906803,0.702671260504,0.741611202119,
    0.85971489729,1.),.UNSPECIFIED.);
#5735 = CARTESIAN_POINT('',(68.000000584435,20.535760004689,13.));
#5736 = CARTESIAN_POINT('',(66.179184091274,21.031336738302,13.));
#5737 = CARTESIAN_POINT('',(64.348077424852,21.481406854347,13.));
#5738 = CARTESIAN_POINT('',(62.508538689861,21.891700769616,13.));
#5739 = CARTESIAN_POINT('',(60.662218523553,22.267510495778,13.));
#5740 = CARTESIAN_POINT('',(58.810571434434,22.613891950775,13.));
#5741 = CARTESIAN_POINT('',(56.954857729617,22.93573866556,13.));
#5742 = CARTESIAN_POINT('',(55.09614380951,23.237806171224,13.));
#5743 = CARTESIAN_POINT('',(52.835462952338,23.586426718622,13.));
#5744 = CARTESIAN_POINT('',(52.435523406418,23.647388945882,13.));
#5745 = CARTESIAN_POINT('',(52.035499819899,23.707699183128,13.));
#5746 = CARTESIAN_POINT('',(51.635401892966,23.767403393844,13.));
#5747 = CARTESIAN_POINT('',(51.235239176828,23.826547355186,13.));
#5748 = CARTESIAN_POINT('',(50.835021073719,23.885176657981,13.));
#5749 = CARTESIAN_POINT('',(50.434756836898,23.943336706724,13.));
#5750 = CARTESIAN_POINT('',(49.234406511215,24.116464917106,13.));
#5751 = CARTESIAN_POINT('',(48.434212952817,24.230182307548,13.));
#5752 = CARTESIAN_POINT('',(47.633850954219,24.341941966647,13.));
#5753 = CARTESIAN_POINT('',(46.833295632068,24.45144319127,13.));
#5754 = CARTESIAN_POINT('',(46.032528026998,24.558411140337,13.));
#5755 = CARTESIAN_POINT('',(45.231527294889,24.662547111569,13.));
#5756 = CARTESIAN_POINT('',(44.43027709069,24.763568498525,13.));
#5757 = CARTESIAN_POINT('',(42.828240449762,24.958681163509,13.));
#5758 = CARTESIAN_POINT('',(42.027455685372,25.052780912892,13.));
#5759 = CARTESIAN_POINT('',(41.22639220309,25.143197648149,13.));
#5760 = CARTESIAN_POINT('',(40.425037886398,25.229643869357,13.));
#5761 = CARTESIAN_POINT('',(39.623383793048,25.311831535462,13.));
#5762 = CARTESIAN_POINT('',(38.821424155065,25.38947206428,13.));
#5763 = CARTESIAN_POINT('',(38.019156378742,25.462276332496,13.));
#5764 = CARTESIAN_POINT('',(36.955946361647,25.5519330779,13.));
#5765 = CARTESIAN_POINT('',(36.695279296645,25.573370882236,13.));
#5766 = CARTESIAN_POINT('',(36.434579891229,25.594258161958,13.));
#5767 = CARTESIAN_POINT('',(36.173848232188,25.61458498305,13.));
#5768 = CARTESIAN_POINT('',(35.913084451514,25.634341404193,13.));
#5769 = CARTESIAN_POINT('',(35.652288726396,25.653517476769,13.));
#5770 = CARTESIAN_POINT('',(35.391461279225,25.672103244855,13.));
#5771 = CARTESIAN_POINT('',(34.88984527728,25.706688281955,13.));
#5772 = CARTESIAN_POINT('',(34.649069921034,25.722775268255,13.));
#5773 = CARTESIAN_POINT('',(34.408275547355,25.738340667287,13.));
#5774 = CARTESIAN_POINT('',(34.167463728807,25.753417065507,13.));
#5775 = CARTESIAN_POINT('',(33.926633046671,25.767984399284,13.));
#5776 = CARTESIAN_POINT('',(33.685784888471,25.782070441867,13.));
#5777 = CARTESIAN_POINT('',(33.444918743672,25.795672120602,13.));
#5778 = CARTESIAN_POINT('',(31.479185416198,25.902800598334,13.));
#5779 = CARTESIAN_POINT('',(29.753240576749,25.972485689996,13.));
#5780 = CARTESIAN_POINT('',(28.026471699759,26.02048482795,13.));
#5781 = CARTESIAN_POINT('',(26.29909814215,26.049409982269,13.));
#5782 = CARTESIAN_POINT('',(24.571287284613,26.06185793186,13.));
#5783 = CARTESIAN_POINT('',(22.843154416003,26.060412860373,13.));
#5784 = CARTESIAN_POINT('',(21.114762617733,26.047648952097,13.));
#5785 = CARTESIAN_POINT('',(18.721549839626,26.017861210621,13.));
#5786 = CARTESIAN_POINT('',(18.056943321745,26.008295961803,13.));
#5787 = CARTESIAN_POINT('',(17.392305042249,25.997583081197,13.));
#5788 = CARTESIAN_POINT('',(16.727636552752,25.985868355351,13.));
#5789 = CARTESIAN_POINT('',(16.062939008749,25.973297517589,13.));
#5790 = CARTESIAN_POINT('',(15.398213169622,25.960016248005,13.));
#5791 = CARTESIAN_POINT('',(14.733459398631,25.946170173467,13.));
#5792 = CARTESIAN_POINT('',(13.645494106621,25.922823927903,13.));
#5793 = CARTESIAN_POINT('',(13.222299295405,25.913573120706,13.));
#5794 = CARTESIAN_POINT('',(12.799093254221,25.904190010409,13.));
#5795 = CARTESIAN_POINT('',(12.375875997014,25.894712168597,13.));
#5796 = CARTESIAN_POINT('',(11.952647526733,25.885177174044,13.));
#5797 = CARTESIAN_POINT('',(11.52940783533,25.875622612723,13.));
#5798 = CARTESIAN_POINT('',(11.106156903759,25.866086077799,13.));
#5799 = CARTESIAN_POINT('',(9.795868002729,25.836736117682,13.));
#5800 = CARTESIAN_POINT('',(8.908792516831,25.817111354587,13.));
#5801 = CARTESIAN_POINT('',(8.021667247795,25.798077043255,13.));
#5802 = CARTESIAN_POINT('',(7.13449224947,25.779979554444,13.));
#5803 = CARTESIAN_POINT('',(6.24726862604,25.763165466766,13.));
#5804 = CARTESIAN_POINT('',(5.359998532023,25.74798156668,13.));
#5805 = CARTESIAN_POINT('',(4.472685172271,25.7347748485,13.));
#5806 = CARTESIAN_POINT('',(3.141616610928,25.718450856706,13.));
#5807 = CARTESIAN_POINT('',(2.697890846816,25.713590373626,13.));
#5808 = CARTESIAN_POINT('',(2.254156129553,25.709354471941,13.));
#5809 = CARTESIAN_POINT('',(1.810413225298,25.705786541685,13.));
#5810 = CARTESIAN_POINT('',(1.366663046457,25.702929956131,13.));
#5811 = CARTESIAN_POINT('',(0.922906651676,25.700828071791,13.));
#5812 = CARTESIAN_POINT('',(0.479145245849,25.699524228417,13.));
#5813 = CARTESIAN_POINT('',(-1.25385270772,25.697718146901,13.));
#5814 = CARTESIAN_POINT('',(-2.543113909477,25.703511880016,13.));
#5815 = CARTESIAN_POINT('',(-3.832371014286,25.71564488952,13.));
#5816 = CARTESIAN_POINT('',(-5.121597636951,25.733294643174,13.));
#5817 = CARTESIAN_POINT('',(-6.410773897217,25.755667939525,13.));
#5818 = CARTESIAN_POINT('',(-7.699885822367,25.781943344268,13.));
#5819 = CARTESIAN_POINT('',(-8.988925901791,25.811319718011,13.));
#5820 = CARTESIAN_POINT('',(-10.84260644603,25.856863315803,13.));
#5821 = CARTESIAN_POINT('',(-11.40730565865,25.871178021936,13.));
#5822 = CARTESIAN_POINT('',(-11.97198995136,25.885865010533,13.));
#5823 = CARTESIAN_POINT('',(-12.53665902878,25.900856514404,13.));
#5824 = CARTESIAN_POINT('',(-13.1013126542,25.91608481145,13.));
#5825 = CARTESIAN_POINT('',(-13.66595064963,25.931482224662,13.));
#5826 = CARTESIAN_POINT('',(-14.23057289581,25.946981122122,13.));
#5827 = CARTESIAN_POINT('',(-15.15809037807,25.972497903144,13.));
#5828 = CARTESIAN_POINT('',(-15.52099487202,25.982495891969,13.));
#5829 = CARTESIAN_POINT('',(-15.88389278918,25.992489935022,13.));
#5830 = CARTESIAN_POINT('',(-16.24678410039,26.00246208884,13.));
#5831 = CARTESIAN_POINT('',(-16.60966877215,26.012394414947,13.));
#5832 = CARTESIAN_POINT('',(-16.97254676663,26.022268979856,13.));
#5833 = CARTESIAN_POINT('',(-17.33541804164,26.032067855072,13.));
#5834 = CARTESIAN_POINT('',(-18.3432021369,26.059022292486,13.));
#5835 = CARTESIAN_POINT('',(-18.98810026319,26.075975738683,13.));
#5836 = CARTESIAN_POINT('',(-19.63297674154,26.092532861399,13.));
#5837 = CARTESIAN_POINT('',(-20.27783118614,26.10859305962,13.));
#5838 = CARTESIAN_POINT('',(-20.92266301348,26.124055725588,13.));
#5839 = CARTESIAN_POINT('',(-21.56747144227,26.138820244808,13.));
#5840 = CARTESIAN_POINT('',(-22.21225549348,26.152785996048,13.));
#5841 = CARTESIAN_POINT('',(-24.77869824724,26.204796249505,13.));
#5842 = CARTESIAN_POINT('',(-26.700136375,26.235750060911,13.));
#5843 = CARTESIAN_POINT('',(-28.62132082481,26.256049252663,13.));
#5844 = CARTESIAN_POINT('',(-30.54219654872,26.263024259995,13.));
#5845 = CARTESIAN_POINT('',(-32.4626611101,26.253995965642,13.));
#5846 = CARTESIAN_POINT('',(-34.38256479419,26.226271179222,13.));
#5847 = CARTESIAN_POINT('',(-36.30171071855,26.17713811661,13.));
#5848 = CARTESIAN_POINT('',(-39.06331900553,26.071640176729,13.));
#5849 = CARTESIAN_POINT('',(-39.90658545257,26.034750203453,13.));
#5850 = CARTESIAN_POINT('',(-40.74963173453,25.99295960193,13.));
#5851 = CARTESIAN_POINT('',(-41.59243214409,25.946035172906,13.));
#5852 = CARTESIAN_POINT('',(-42.4349578168,25.893742875431,13.));
#5853 = CARTESIAN_POINT('',(-43.27717673106,25.835847826862,13.));
#5854 = CARTESIAN_POINT('',(-44.11905370813,25.772114302862,13.));
#5855 = CARTESIAN_POINT('',(-45.74259231941,25.637429400488,13.));
#5856 = CARTESIAN_POINT('',(-46.52430488781,25.567294515472,13.));
#5857 = CARTESIAN_POINT('',(-47.30566949307,25.492037963852,13.));
#5858 = CARTESIAN_POINT('',(-48.0866692524,25.41179764955,13.));
#5859 = CARTESIAN_POINT('',(-48.86728899515,25.326710592961,13.));
#5860 = CARTESIAN_POINT('',(-49.64751524623,25.236912125756,13.));
#5861 = CARTESIAN_POINT('',(-50.42733622235,25.142536186434,13.));
#5862 = CARTESIAN_POINT('',(-53.57065610969,24.74400017736,13.));
#5863 = CARTESIAN_POINT('',(-55.93071967683,24.403410748904,13.));
#5864 = CARTESIAN_POINT('',(-58.28668881105,24.025667441709,13.));
#5865 = CARTESIAN_POINT('',(-60.63840701095,23.614405357376,13.));
#5866 = CARTESIAN_POINT('',(-62.98580438358,23.173172832142,13.));
#5867 = CARTESIAN_POINT('',(-65.32889764626,22.705437441445,13.));
#5868 = CARTESIAN_POINT('',(-67.66779075181,22.214600865591,13.));
#5869 = CARTESIAN_POINT('',(-72.7760833165,21.097551142338,13.));
#5870 = CARTESIAN_POINT('',(-75.54369127338,20.463251714219,13.));
#5871 = CARTESIAN_POINT('',(-78.30523114026,19.798998526724,13.));
#5872 = CARTESIAN_POINT('',(-81.06027491212,19.102325549401,13.));
#5873 = CARTESIAN_POINT('',(-83.80823094663,18.370375517859,13.));
#5874 = CARTESIAN_POINT('',(-86.54828540322,17.599467407392,13.));
#5875 = CARTESIAN_POINT('',(-89.27939189016,16.784999893022,13.));
#5876 = CARTESIAN_POINT('',(-92.00000058261,15.919395114519,13.));
#5877 = PCURVE('',#2970,#5878);
#5878 = DEFINITIONAL_REPRESENTATION('',(#5879),#6022);
#5879 = B_SPLINE_CURVE_WITH_KNOTS('',8,(#5880,#5881,#5882,#5883,#5884,
    #5885,#5886,#5887,#5888,#5889,#5890,#5891,#5892,#5893,#5894,#5895,
    #5896,#5897,#5898,#5899,#5900,#5901,#5902,#5903,#5904,#5905,#5906,
    #5907,#5908,#5909,#5910,#5911,#5912,#5913,#5914,#5915,#5916,#5917,
    #5918,#5919,#5920,#5921,#5922,#5923,#5924,#5925,#5926,#5927,#5928,
    #5929,#5930,#5931,#5932,#5933,#5934,#5935,#5936,#5937,#5938,#5939,
    #5940,#5941,#5942,#5943,#5944,#5945,#5946,#5947,#5948,#5949,#5950,
    #5951,#5952,#5953,#5954,#5955,#5956,#5957,#5958,#5959,#5960,#5961,
    #5962,#5963,#5964,#5965,#5966,#5967,#5968,#5969,#5970,#5971,#5972,
    #5973,#5974,#5975,#5976,#5977,#5978,#5979,#5980,#5981,#5982,#5983,
    #5984,#5985,#5986,#5987,#5988,#5989,#5990,#5991,#5992,#5993,#5994,
    #5995,#5996,#5997,#5998,#5999,#6000,#6001,#6002,#6003,#6004,#6005,
    #6006,#6007,#6008,#6009,#6010,#6011,#6012,#6013,#6014,#6015,#6016,
    #6017,#6018,#6019,#6020,#6021),.UNSPECIFIED.,.F.,.F.,(9,7,7,7,7,7,7,
    7,7,7,7,7,7,7,7,7,7,7,7,7,9),(0.,9.313312036962E-02,0.113145034162,
    0.153141192448,0.193087751138,0.206060313611,0.218033209706,
    0.303765208828,0.336724735647,0.357705952525,0.401676095559,
    0.423663149451,0.48754026636,0.515525695464,0.533513838519,
    0.565484189676,0.660770906803,0.702671260504,0.741611202119,
    0.85971489729,1.),.UNSPECIFIED.);
#5880 = CARTESIAN_POINT('',(5.276750465651,40.106873625679));
#5881 = CARTESIAN_POINT('',(5.265844240251,41.976183039892));
#5882 = CARTESIAN_POINT('',(5.25636892763,43.847360918173));
#5883 = CARTESIAN_POINT('',(5.248034958227,45.719620462777));
#5884 = CARTESIAN_POINT('',(5.240628860606,47.592417841762));
#5885 = CARTESIAN_POINT('',(5.233979501217,49.465421057154));
#5886 = CARTESIAN_POINT('',(5.2279430772,51.338496918066));
#5887 = CARTESIAN_POINT('',(5.222397040707,53.211706672794));
#5888 = CARTESIAN_POINT('',(5.216123542198,55.48788808696));
#5889 = CARTESIAN_POINT('',(5.215031605169,55.890488990791));
#5890 = CARTESIAN_POINT('',(5.213956256531,56.293104915511));
#5891 = CARTESIAN_POINT('',(5.212896458876,56.695737364355));
#5892 = CARTESIAN_POINT('',(5.211851202964,57.098387993687));
#5893 = CARTESIAN_POINT('',(5.210819507726,57.501058613004));
#5894 = CARTESIAN_POINT('',(5.209800420261,57.903751184933));
#5895 = CARTESIAN_POINT('',(5.206779599875,59.111344293177));
#5896 = CARTESIAN_POINT('',(5.204812513694,59.916316425875));
#5897 = CARTESIAN_POINT('',(5.20289559641,60.72139818599));
#5898 = CARTESIAN_POINT('',(5.201032806674,61.52660157215));
#5899 = CARTESIAN_POINT('',(5.199227486589,62.331936545495));
#5900 = CARTESIAN_POINT('',(5.197483256449,63.137411186898));
#5901 = CARTESIAN_POINT('',(5.195803345389,63.943031530105));
#5902 = CARTESIAN_POINT('',(5.192580713181,65.55357272762));
#5903 = CARTESIAN_POINT('',(5.19103785491,66.35849223333));
#5904 = CARTESIAN_POINT('',(5.189565623719,67.163564400646));
#5905 = CARTESIAN_POINT('',(5.188167177998,67.968790160639));
#5906 = CARTESIAN_POINT('',(5.186845665557,68.774167242256));
#5907 = CARTESIAN_POINT('',(5.185604223624,69.579690172321));
#5908 = CARTESIAN_POINT('',(5.184445978849,70.385350275533));
#5909 = CARTESIAN_POINT('',(5.183025939741,71.452812819393));
#5910 = CARTESIAN_POINT('',(5.182686938585,71.714503125302));
#5911 = CARTESIAN_POINT('',(5.182357152608,71.976206164031));
#5912 = CARTESIAN_POINT('',(5.182036691484,72.237921462142));
#5913 = CARTESIAN_POINT('',(5.181725665787,72.499648500923));
#5914 = CARTESIAN_POINT('',(5.181424186988,72.761386716387));
#5915 = CARTESIAN_POINT('',(5.181132367457,73.023135499273));
#5916 = CARTESIAN_POINT('',(5.180590008022,73.526481751308));
#5917 = CARTESIAN_POINT('',(5.180338039463,73.768069165203));
#5918 = CARTESIAN_POINT('',(5.180094522565,74.009656859392));
#5919 = CARTESIAN_POINT('',(5.179858914537,74.251244175236));
#5920 = CARTESIAN_POINT('',(5.179631500757,74.492831862091));
#5921 = CARTESIAN_POINT('',(5.179411818272,74.734419302524));
#5922 = CARTESIAN_POINT('',(5.179199890024,74.976006849925));
#5923 = CARTESIAN_POINT('',(5.17753220954,76.947483298698));
#5924 = CARTESIAN_POINT('',(5.176457019755,78.677563284789));
#5925 = CARTESIAN_POINT('',(5.175720488748,80.40761831198));
#5926 = CARTESIAN_POINT('',(5.175277672429,82.137484952923));
#5927 = CARTESIAN_POINT('',(5.175086935288,83.867052225173));
#5928 = CARTESIAN_POINT('',(5.175108731055,85.596261453889));
#5929 = CARTESIAN_POINT('',(5.175304383372,87.325106134541));
#5930 = CARTESIAN_POINT('',(5.175761920145,89.718160658442));
#5931 = CARTESIAN_POINT('',(5.175908911728,90.382639402527));
#5932 = CARTESIAN_POINT('',(5.17607364905,91.047069283959));
#5933 = CARTESIAN_POINT('',(5.176253934376,91.711451951566));
#5934 = CARTESIAN_POINT('',(5.176447564403,92.375789446918));
#5935 = CARTESIAN_POINT('',(5.17665233025,93.040084204327));
#5936 = CARTESIAN_POINT('',(5.176866017468,93.704339050846));
#5937 = CARTESIAN_POINT('',(5.177226699927,94.791382001351));
#5938 = CARTESIAN_POINT('',(5.177369707806,95.214191851039));
#5939 = CARTESIAN_POINT('',(5.177514855484,95.636987552414));
#5940 = CARTESIAN_POINT('',(5.177661566521,96.05976991308));
#5941 = CARTESIAN_POINT('',(5.177809262229,96.482539751165));
#5942 = CARTESIAN_POINT('',(5.177957361669,96.905297895317));
#5943 = CARTESIAN_POINT('',(5.178105281651,97.328045184712));
#5944 = CARTESIAN_POINT('',(5.178560828293,98.636709103631));
#5945 = CARTESIAN_POINT('',(5.178865870888,99.522591088485));
#5946 = CARTESIAN_POINT('',(5.1791621552,100.40843696025));
#5947 = CARTESIAN_POINT('',(5.179444241782,101.29425420252));
#5948 = CARTESIAN_POINT('',(5.179706661067,102.18004924579));
#5949 = CARTESIAN_POINT('',(5.179943913361,103.06582746749));
#5950 = CARTESIAN_POINT('',(5.180150468851,103.951593192));
#5951 = CARTESIAN_POINT('',(5.180405924647,105.28026787383));
#5952 = CARTESIAN_POINT('',(5.180482020458,105.72318356963));
#5953 = CARTESIAN_POINT('',(5.180548361897,106.16609709965));
#5954 = CARTESIAN_POINT('',(5.180604258,106.60900863955));
#5955 = CARTESIAN_POINT('',(5.180649019974,107.05191821899));
#5956 = CARTESIAN_POINT('',(5.180681961197,107.49482572163));
#5957 = CARTESIAN_POINT('',(5.180702397214,107.93773088512));
#5958 = CARTESIAN_POINT('',(5.180730704276,109.66736000602));
#5959 = CARTESIAN_POINT('',(5.180639899992,110.9540609153));
#5960 = CARTESIAN_POINT('',(5.180449703732,112.24072850928));
#5961 = CARTESIAN_POINT('',(5.180173253921,113.52736130078));
#5962 = CARTESIAN_POINT('',(5.179823356968,114.81396425864));
#5963 = CARTESIAN_POINT('',(5.179413263602,116.10054826813));
#5964 = CARTESIAN_POINT('',(5.178955823708,117.38713064639));
#5965 = CARTESIAN_POINT('',(5.178248337719,119.23741343357));
#5966 = CARTESIAN_POINT('',(5.178026180017,119.80109578353));
#5967 = CARTESIAN_POINT('',(5.177798473879,120.36478354789));
#5968 = CARTESIAN_POINT('',(5.177566290151,120.92847852046));
#5969 = CARTESIAN_POINT('',(5.177330693049,121.4921825544));
#5970 = CARTESIAN_POINT('',(5.177092740163,122.05589756224));
#5971 = CARTESIAN_POINT('',(5.176853482451,122.61962551585));
#5972 = CARTESIAN_POINT('',(5.176460009566,123.54572445836));
#5973 = CARTESIAN_POINT('',(5.17630594718,123.90808663803));
#5974 = CARTESIAN_POINT('',(5.176152054227,124.27045551619));
#5975 = CARTESIAN_POINT('',(5.17599860671,124.63283161949));
#5976 = CARTESIAN_POINT('',(5.17584587949,124.99521547044));
#5977 = CARTESIAN_POINT('',(5.175694146286,125.35760758743));
#5978 = CARTESIAN_POINT('',(5.175543679678,125.72000848474));
#5979 = CARTESIAN_POINT('',(5.175130060152,126.72653079299));
#5980 = CARTESIAN_POINT('',(5.174870229498,127.37067217293));
#5981 = CARTESIAN_POINT('',(5.174616780041,128.01484574942));
#5982 = CARTESIAN_POINT('',(5.174371225435,128.65905426475));
#5983 = CARTESIAN_POINT('',(5.174135072093,129.30330026643));
#5984 = CARTESIAN_POINT('',(5.173909819187,129.94758610722));
#5985 = CARTESIAN_POINT('',(5.173696958646,130.59191394509));
#5986 = CARTESIAN_POINT('',(5.172904910563,133.15681745573));
#5987 = CARTESIAN_POINT('',(5.172435045548,135.07772058896));
#5988 = CARTESIAN_POINT('',(5.172128093401,136.99907061848));
#5989 = CARTESIAN_POINT('',(5.172023043748,138.92089595867));
#5990 = CARTESIAN_POINT('',(5.172159367396,140.84317784788));
#5991 = CARTESIAN_POINT('',(5.172578221185,142.76585023363));
#5992 = CARTESIAN_POINT('',(5.173323652839,144.6887996577));
#5993 = CARTESIAN_POINT('',(5.174936369799,147.45749322448));
#5994 = CARTESIAN_POINT('',(5.175501450552,148.30313979803));
#5995 = CARTESIAN_POINT('',(5.176143089248,149.14878937383));
#5996 = CARTESIAN_POINT('',(5.176865580125,149.99442325532));
#5997 = CARTESIAN_POINT('',(5.177673470478,150.84001953756));
#5998 = CARTESIAN_POINT('',(5.178571560659,151.68555310724));
#5999 = CARTESIAN_POINT('',(5.179564904078,152.53099564263));
#6000 = CARTESIAN_POINT('',(5.181675422097,154.16191066016));
#6001 = CARTESIAN_POINT('',(5.182779109113,154.94739885448));
#6002 = CARTESIAN_POINT('',(5.183969082889,155.73276925053));
#6003 = CARTESIAN_POINT('',(5.185244660288,156.51801263797));
#6004 = CARTESIAN_POINT('',(5.186605278606,157.30312150227));
#6005 = CARTESIAN_POINT('',(5.18805049773,158.08809000585));
#6006 = CARTESIAN_POINT('',(5.189579986245,158.8729139902));
#6007 = CARTESIAN_POINT('',(5.19608720535,162.0374932387));
#6008 = CARTESIAN_POINT('',(5.201753712863,164.41601338952));
#6009 = CARTESIAN_POINT('',(5.208186347608,166.79312053474));
#6010 = CARTESIAN_POINT('',(5.215386134028,169.1688703465));
#6011 = CARTESIAN_POINT('',(5.223360235062,171.54340516571));
#6012 = CARTESIAN_POINT('',(5.232120016548,173.91695516855));
#6013 = CARTESIAN_POINT('',(5.241678728369,176.28984061947));
#6014 = CARTESIAN_POINT('',(5.264366510904,181.48072138727));
#6015 = CARTESIAN_POINT('',(5.277828464893,184.29846628032));
#6016 = CARTESIAN_POINT('',(5.292612394443,187.11542237493));
#6017 = CARTESIAN_POINT('',(5.308942193967,189.93113726216));
#6018 = CARTESIAN_POINT('',(5.327097525489,192.74498680653));
#6019 = CARTESIAN_POINT('',(5.347461311157,195.55611155063));
#6020 = CARTESIAN_POINT('',(5.37054000908,198.36340360693));
#6021 = CARTESIAN_POINT('',(5.39717859603,201.16521949404));
#6022 = ( GEOMETRIC_REPRESENTATION_CONTEXT(2) 
PARAMETRIC_REPRESENTATION_CONTEXT() REPRESENTATION_CONTEXT('2D SPACE',''
  ) );
#6023 = PCURVE('',#1368,#6024);
#6024 = DEFINITIONAL_REPRESENTATION('',(#6025),#6168);
#6025 = B_SPLINE_CURVE_WITH_KNOTS('',8,(#6026,#6027,#6028,#6029,#6030,
    #6031,#6032,#6033,#6034,#6035,#6036,#6037,#6038,#6039,#6040,#6041,
    #6042,#6043,#6044,#6045,#6046,#6047,#6048,#6049,#6050,#6051,#6052,
    #6053,#6054,#6055,#6056,#6057,#6058,#6059,#6060,#6061,#6062,#6063,
    #6064,#6065,#6066,#6067,#6068,#6069,#6070,#6071,#6072,#6073,#6074,
    #6075,#6076,#6077,#6078,#6079,#6080,#6081,#6082,#6083,#6084,#6085,
    #6086,#6087,#6088,#6089,#6090,#6091,#6092,#6093,#6094,#6095,#6096,
    #6097,#6098,#6099,#6100,#6101,#6102,#6103,#6104,#6105,#6106,#6107,
    #6108,#6109,#6110,#6111,#6112,#6113,#6114,#6115,#6116,#6117,#6118,
    #6119,#6120,#6121,#6122,#6123,#6124,#6125,#6126,#6127,#6128,#6129,
    #6130,#6131,#6132,#6133,#6134,#6135,#6136,#6137,#6138,#6139,#6140,
    #6141,#6142,#6143,#6144,#6145,#6146,#6147,#6148,#6149,#6150,#6151,
    #6152,#6153,#6154,#6155,#6156,#6157,#6158,#6159,#6160,#6161,#6162,
    #6163,#6164,#6165,#6166,#6167),.UNSPECIFIED.,.F.,.F.,(9,7,7,7,7,7,7,
    7,7,7,7,7,7,7,7,7,7,7,7,7,9),(0.,9.313312036962E-02,0.113145034162,
    0.153141192448,0.193087751138,0.206060313611,0.218033209706,
    0.303765208828,0.336724735647,0.357705952525,0.401676095559,
    0.423663149451,0.48754026636,0.515525695464,0.533513838519,
    0.565484189676,0.660770906803,0.702671260504,0.741611202119,
    0.85971489729,1.),.UNSPECIFIED.);
#6026 = CARTESIAN_POINT('',(318.00000058443,270.53576000468));
#6027 = CARTESIAN_POINT('',(316.17918409127,271.0313367383));
#6028 = CARTESIAN_POINT('',(314.34807742485,271.48140685434));
#6029 = CARTESIAN_POINT('',(312.50853868986,271.89170076961));
#6030 = CARTESIAN_POINT('',(310.66221852355,272.26751049577));
#6031 = CARTESIAN_POINT('',(308.81057143443,272.61389195077));
#6032 = CARTESIAN_POINT('',(306.95485772961,272.93573866556));
#6033 = CARTESIAN_POINT('',(305.09614380951,273.23780617122));
#6034 = CARTESIAN_POINT('',(302.83546295233,273.58642671862));
#6035 = CARTESIAN_POINT('',(302.43552340641,273.64738894588));
#6036 = CARTESIAN_POINT('',(302.03549981989,273.70769918312));
#6037 = CARTESIAN_POINT('',(301.63540189296,273.76740339384));
#6038 = CARTESIAN_POINT('',(301.23523917682,273.82654735518));
#6039 = CARTESIAN_POINT('',(300.83502107371,273.88517665798));
#6040 = CARTESIAN_POINT('',(300.43475683689,273.94333670672));
#6041 = CARTESIAN_POINT('',(299.23440651121,274.1164649171));
#6042 = CARTESIAN_POINT('',(298.43421295281,274.23018230754));
#6043 = CARTESIAN_POINT('',(297.63385095421,274.34194196664));
#6044 = CARTESIAN_POINT('',(296.83329563206,274.45144319127));
#6045 = CARTESIAN_POINT('',(296.03252802699,274.55841114033));
#6046 = CARTESIAN_POINT('',(295.23152729488,274.66254711156));
#6047 = CARTESIAN_POINT('',(294.43027709069,274.76356849852));
#6048 = CARTESIAN_POINT('',(292.82824044976,274.9586811635));
#6049 = CARTESIAN_POINT('',(292.02745568537,275.05278091289));
#6050 = CARTESIAN_POINT('',(291.22639220309,275.14319764814));
#6051 = CARTESIAN_POINT('',(290.42503788639,275.22964386935));
#6052 = CARTESIAN_POINT('',(289.62338379304,275.31183153546));
#6053 = CARTESIAN_POINT('',(288.82142415506,275.38947206428));
#6054 = CARTESIAN_POINT('',(288.01915637874,275.46227633249));
#6055 = CARTESIAN_POINT('',(286.95594636164,275.5519330779));
#6056 = CARTESIAN_POINT('',(286.69527929664,275.57337088223));
#6057 = CARTESIAN_POINT('',(286.43457989122,275.59425816195));
#6058 = CARTESIAN_POINT('',(286.17384823218,275.61458498305));
#6059 = CARTESIAN_POINT('',(285.91308445151,275.63434140419));
#6060 = CARTESIAN_POINT('',(285.65228872639,275.65351747676));
#6061 = CARTESIAN_POINT('',(285.39146127922,275.67210324485));
#6062 = CARTESIAN_POINT('',(284.88984527728,275.70668828195));
#6063 = CARTESIAN_POINT('',(284.64906992103,275.72277526825));
#6064 = CARTESIAN_POINT('',(284.40827554735,275.73834066728));
#6065 = CARTESIAN_POINT('',(284.1674637288,275.7534170655));
#6066 = CARTESIAN_POINT('',(283.92663304667,275.76798439928));
#6067 = CARTESIAN_POINT('',(283.68578488847,275.78207044186));
#6068 = CARTESIAN_POINT('',(283.44491874367,275.7956721206));
#6069 = CARTESIAN_POINT('',(281.47918541619,275.90280059833));
#6070 = CARTESIAN_POINT('',(279.75324057674,275.97248568999));
#6071 = CARTESIAN_POINT('',(278.02647169975,276.02048482795));
#6072 = CARTESIAN_POINT('',(276.29909814215,276.04940998226));
#6073 = CARTESIAN_POINT('',(274.57128728461,276.06185793186));
#6074 = CARTESIAN_POINT('',(272.843154416,276.06041286037));
#6075 = CARTESIAN_POINT('',(271.11476261773,276.04764895209));
#6076 = CARTESIAN_POINT('',(268.72154983962,276.01786121062));
#6077 = CARTESIAN_POINT('',(268.05694332174,276.0082959618));
#6078 = CARTESIAN_POINT('',(267.39230504224,275.99758308119));
#6079 = CARTESIAN_POINT('',(266.72763655275,275.98586835535));
#6080 = CARTESIAN_POINT('',(266.06293900874,275.97329751758));
#6081 = CARTESIAN_POINT('',(265.39821316962,275.960016248));
#6082 = CARTESIAN_POINT('',(264.73345939863,275.94617017346));
#6083 = CARTESIAN_POINT('',(263.64549410662,275.9228239279));
#6084 = CARTESIAN_POINT('',(263.2222992954,275.9135731207));
#6085 = CARTESIAN_POINT('',(262.79909325422,275.9041900104));
#6086 = CARTESIAN_POINT('',(262.37587599701,275.89471216859));
#6087 = CARTESIAN_POINT('',(261.95264752673,275.88517717404));
#6088 = CARTESIAN_POINT('',(261.52940783533,275.87562261272));
#6089 = CARTESIAN_POINT('',(261.10615690375,275.86608607779));
#6090 = CARTESIAN_POINT('',(259.79586800272,275.83673611768));
#6091 = CARTESIAN_POINT('',(258.90879251683,275.81711135458));
#6092 = CARTESIAN_POINT('',(258.02166724779,275.79807704325));
#6093 = CARTESIAN_POINT('',(257.13449224947,275.77997955444));
#6094 = CARTESIAN_POINT('',(256.24726862604,275.76316546676));
#6095 = CARTESIAN_POINT('',(255.35999853202,275.74798156668));
#6096 = CARTESIAN_POINT('',(254.47268517227,275.7347748485));
#6097 = CARTESIAN_POINT('',(253.14161661092,275.7184508567));
#6098 = CARTESIAN_POINT('',(252.69789084681,275.71359037362));
#6099 = CARTESIAN_POINT('',(252.25415612955,275.70935447194));
#6100 = CARTESIAN_POINT('',(251.81041322529,275.70578654168));
#6101 = CARTESIAN_POINT('',(251.36666304645,275.70292995613));
#6102 = CARTESIAN_POINT('',(250.92290665167,275.70082807179));
#6103 = CARTESIAN_POINT('',(250.47914524584,275.69952422841));
#6104 = CARTESIAN_POINT('',(248.74614729228,275.6977181469));
#6105 = CARTESIAN_POINT('',(247.45688609052,275.70351188001));
#6106 = CARTESIAN_POINT('',(246.16762898571,275.71564488952));
#6107 = CARTESIAN_POINT('',(244.87840236304,275.73329464317));
#6108 = CARTESIAN_POINT('',(243.58922610278,275.75566793952));
#6109 = CARTESIAN_POINT('',(242.30011417763,275.78194334426));
#6110 = CARTESIAN_POINT('',(241.0110740982,275.81131971801));
#6111 = CARTESIAN_POINT('',(239.15739355396,275.8568633158));
#6112 = CARTESIAN_POINT('',(238.59269434134,275.87117802193));
#6113 = CARTESIAN_POINT('',(238.02801004863,275.88586501053));
#6114 = CARTESIAN_POINT('',(237.46334097121,275.9008565144));
#6115 = CARTESIAN_POINT('',(236.89868734579,275.91608481145));
#6116 = CARTESIAN_POINT('',(236.33404935036,275.93148222466));
#6117 = CARTESIAN_POINT('',(235.76942710418,275.94698112212));
#6118 = CARTESIAN_POINT('',(234.84190962192,275.97249790314));
#6119 = CARTESIAN_POINT('',(234.47900512797,275.98249589196));
#6120 = CARTESIAN_POINT('',(234.11610721081,275.99248993502));
#6121 = CARTESIAN_POINT('',(233.75321589961,276.00246208884));
#6122 = CARTESIAN_POINT('',(233.39033122784,276.01239441494));
#6123 = CARTESIAN_POINT('',(233.02745323336,276.02226897985));
#6124 = CARTESIAN_POINT('',(232.66458195835,276.03206785507));
#6125 = CARTESIAN_POINT('',(231.6567978631,276.05902229248));
#6126 = CARTESIAN_POINT('',(231.0118997368,276.07597573868));
#6127 = CARTESIAN_POINT('',(230.36702325845,276.09253286139));
#6128 = CARTESIAN_POINT('',(229.72216881385,276.10859305962));
#6129 = CARTESIAN_POINT('',(229.07733698651,276.12405572558));
#6130 = CARTESIAN_POINT('',(228.43252855772,276.1388202448));
#6131 = CARTESIAN_POINT('',(227.78774450651,276.15278599604));
#6132 = CARTESIAN_POINT('',(225.22130175275,276.2047962495));
#6133 = CARTESIAN_POINT('',(223.29986362499,276.23575006091));
#6134 = CARTESIAN_POINT('',(221.37867917518,276.25604925266));
#6135 = CARTESIAN_POINT('',(219.45780345127,276.26302425999));
#6136 = CARTESIAN_POINT('',(217.53733888989,276.25399596564));
#6137 = CARTESIAN_POINT('',(215.6174352058,276.22627117922));
#6138 = CARTESIAN_POINT('',(213.69828928144,276.17713811661));
#6139 = CARTESIAN_POINT('',(210.93668099446,276.07164017672));
#6140 = CARTESIAN_POINT('',(210.09341454742,276.03475020345));
#6141 = CARTESIAN_POINT('',(209.25036826546,275.99295960193));
#6142 = CARTESIAN_POINT('',(208.4075678559,275.9460351729));
#6143 = CARTESIAN_POINT('',(207.56504218319,275.89374287543));
#6144 = CARTESIAN_POINT('',(206.72282326893,275.83584782686));
#6145 = CARTESIAN_POINT('',(205.88094629186,275.77211430286));
#6146 = CARTESIAN_POINT('',(204.25740768058,275.63742940048));
#6147 = CARTESIAN_POINT('',(203.47569511218,275.56729451547));
#6148 = CARTESIAN_POINT('',(202.69433050692,275.49203796385));
#6149 = CARTESIAN_POINT('',(201.91333074759,275.41179764955));
#6150 = CARTESIAN_POINT('',(201.13271100484,275.32671059296));
#6151 = CARTESIAN_POINT('',(200.35248475376,275.23691212575));
#6152 = CARTESIAN_POINT('',(199.57266377764,275.14253618643));
#6153 = CARTESIAN_POINT('',(196.4293438903,274.74400017736));
#6154 = CARTESIAN_POINT('',(194.06928032316,274.4034107489));
#6155 = CARTESIAN_POINT('',(191.71331118894,274.0256674417));
#6156 = CARTESIAN_POINT('',(189.36159298904,273.61440535737));
#6157 = CARTESIAN_POINT('',(187.01419561641,273.17317283214));
#6158 = CARTESIAN_POINT('',(184.67110235373,272.70543744144));
#6159 = CARTESIAN_POINT('',(182.33220924819,272.21460086559));
#6160 = CARTESIAN_POINT('',(177.22391668349,271.09755114233));
#6161 = CARTESIAN_POINT('',(174.45630872661,270.46325171421));
#6162 = CARTESIAN_POINT('',(171.69476885973,269.79899852672));
#6163 = CARTESIAN_POINT('',(168.93972508787,269.1023255494));
#6164 = CARTESIAN_POINT('',(166.19176905336,268.37037551785));
#6165 = CARTESIAN_POINT('',(163.45171459677,267.59946740739));
#6166 = CARTESIAN_POINT('',(160.72060810983,266.78499989302));
#6167 = CARTESIAN_POINT('',(157.99999941739,265.91939511451));
#6168 = ( GEOMETRIC_REPRESENTATION_CONTEXT(2) 
PARAMETRIC_REPRESENTATION_CONTEXT() REPRESENTATION_CONTEXT('2D SPACE',''
  ) );
#6169 = ORIENTED_EDGE('',*,*,#6170,.T.);
#6170 = EDGE_CURVE('',#5731,#6171,#6173,.T.);
#6171 = VERTEX_POINT('',#6172);
#6172 = CARTESIAN_POINT('',(-54.35,24.,14.101522137984));
#6173 = SURFACE_CURVE('',#6174,(#6226,#6281),.PCURVE_S1.);
#6174 = B_SPLINE_CURVE_WITH_KNOTS('',8,(#6175,#6176,#6177,#6178,#6179,
    #6180,#6181,#6182,#6183,#6184,#6185,#6186,#6187,#6188,#6189,#6190,
    #6191,#6192,#6193,#6194,#6195,#6196,#6197,#6198,#6199,#6200,#6201,
    #6202,#6203,#6204,#6205,#6206,#6207,#6208,#6209,#6210,#6211,#6212,
    #6213,#6214,#6215,#6216,#6217,#6218,#6219,#6220,#6221,#6222,#6223,
    #6224,#6225),.UNSPECIFIED.,.F.,.F.,(9,7,7,7,7,7,7,9),(0.,
    0.17783471922,0.402645337162,0.526642935099,0.644669847749,
    0.755415070251,0.878377370394,1.),.UNSPECIFIED.);
#6175 = CARTESIAN_POINT('',(-57.55452949842,24.553116659064,
    12.15362305477));
#6176 = CARTESIAN_POINT('',(-57.58726088406,24.461125388011,
    12.328784907483));
#6177 = CARTESIAN_POINT('',(-57.613428489,24.367883281364,
    12.504924506931));
#6178 = CARTESIAN_POINT('',(-57.63326045844,24.273467825962,
    12.681723973861));
#6179 = CARTESIAN_POINT('',(-57.64681692128,24.177983804655,
    12.85889441599));
#6180 = CARTESIAN_POINT('',(-57.65405946486,24.081560062305,
    13.03615979377));
#6181 = CARTESIAN_POINT('',(-57.65487461099,23.984349173191,
    13.213251079453));
#6182 = CARTESIAN_POINT('',(-57.64907028252,23.886529789507,
    13.389904452446));
#6183 = CARTESIAN_POINT('',(-57.62030185728,23.664148263862,
    13.788288881719));
#6184 = CARTESIAN_POINT('',(-57.59323493896,23.539545679655,
    14.00924618758));
#6185 = CARTESIAN_POINT('',(-57.5546364799,23.414776299996,
    14.228480408639));
#6186 = CARTESIAN_POINT('',(-57.50368903675,23.290419788174,
    14.445327118351));
#6187 = CARTESIAN_POINT('',(-57.43944128659,23.167359709564,
    14.658751209952));
#6188 = CARTESIAN_POINT('',(-57.36071604874,23.046886264488,
    14.867294794494));
#6189 = CARTESIAN_POINT('',(-57.26631770797,22.930653747434,
    15.069151644652));
#6190 = CARTESIAN_POINT('',(-57.0925668473,22.760536403232,
    15.368205319304));
#6191 = CARTESIAN_POINT('',(-57.02554995999,22.702164159945,
    15.471571262679));
#6192 = CARTESIAN_POINT('',(-56.95297713787,22.646265092701,
    15.571623545142));
#6193 = CARTESIAN_POINT('',(-56.87457120126,22.593367033321,
    15.667769364673));
#6194 = CARTESIAN_POINT('',(-56.79011120488,22.544152271573,
    15.759207846643));
#6195 = CARTESIAN_POINT('',(-56.69946670763,22.499442655872,
    15.84495388699));
#6196 = CARTESIAN_POINT('',(-56.60261971128,22.460187852187,
    15.923848056457));
#6197 = CARTESIAN_POINT('',(-56.40164909867,22.39633139875,
    16.06180907594));
#6198 = CARTESIAN_POINT('',(-56.29794912151,22.371067697726,
    16.121750517251));
#6199 = CARTESIAN_POINT('',(-56.18892755206,22.352750349864,
    16.172920057894));
#6200 = CARTESIAN_POINT('',(-56.07533107317,22.342531501029,
    16.213692877793));
#6201 = CARTESIAN_POINT('',(-55.95831447203,22.341457328787,
    16.24250672929));
#6202 = CARTESIAN_POINT('',(-55.83947282543,22.350324128619,
    16.257985096347));
#6203 = CARTESIAN_POINT('',(-55.72087488691,22.369415016496,
    16.259236100037));
#6204 = CARTESIAN_POINT('',(-55.49646813599,22.424730623911,
    16.234806608006));
#6205 = CARTESIAN_POINT('',(-55.39002254803,22.45990247329,
    16.210745205317));
#6206 = CARTESIAN_POINT('',(-55.28785876143,22.502904532628,
    16.174662028573));
#6207 = CARTESIAN_POINT('',(-55.19133561606,22.552691024691,
    16.127531878973));
#6208 = CARTESIAN_POINT('',(-55.10126185014,22.608019421303,
    16.070707258132));
#6209 = CARTESIAN_POINT('',(-55.01803947471,22.667651969644,
    16.00564467962));
#6210 = CARTESIAN_POINT('',(-54.94176407898,22.730473886792,
    15.933740721627));
#6211 = CARTESIAN_POINT('',(-54.795135009,22.867759155627,
    15.770269447152));
#6212 = CARTESIAN_POINT('',(-54.72628335173,22.942820739796,
    15.677312837635));
#6213 = CARTESIAN_POINT('',(-54.66524655947,23.019717833086,
    15.578766612857));
#6214 = CARTESIAN_POINT('',(-54.61152023854,23.097645005589,
    15.47577419032));
#6215 = CARTESIAN_POINT('',(-54.56457094955,23.17597738737,
    15.369279344694));
#6216 = CARTESIAN_POINT('',(-54.52386197337,23.254264204231,
    15.260015749353));
#6217 = CARTESIAN_POINT('',(-54.48888833827,23.332221105603,
    15.148488134364));
#6218 = CARTESIAN_POINT('',(-54.42983395411,23.48636935234,
    14.922674114089));
#6219 = CARTESIAN_POINT('',(-54.40567045656,23.562488027457,
    14.80855204848));
#6220 = CARTESIAN_POINT('',(-54.38627871025,23.637884307242,
    14.692955513143));
#6221 = CARTESIAN_POINT('',(-54.37130462868,23.712409220647,
    14.576182742323));
#6222 = CARTESIAN_POINT('',(-54.36043948885,23.785948767319,
    14.458482012594));
#6223 = CARTESIAN_POINT('',(-54.35341515063,23.858423283402,
    14.340048558798));
#6224 = CARTESIAN_POINT('',(-54.34999999958,23.929781626287,
    14.221029873565));
#6225 = CARTESIAN_POINT('',(-54.35,24.,14.101522137984));
#6226 = PCURVE('',#2970,#6227);
#6227 = DEFINITIONAL_REPRESENTATION('',(#6228),#6280);
#6228 = B_SPLINE_CURVE_WITH_KNOTS('',8,(#6229,#6230,#6231,#6232,#6233,
    #6234,#6235,#6236,#6237,#6238,#6239,#6240,#6241,#6242,#6243,#6244,
    #6245,#6246,#6247,#6248,#6249,#6250,#6251,#6252,#6253,#6254,#6255,
    #6256,#6257,#6258,#6259,#6260,#6261,#6262,#6263,#6264,#6265,#6266,
    #6267,#6268,#6269,#6270,#6271,#6272,#6273,#6274,#6275,#6276,#6277,
    #6278,#6279),.UNSPECIFIED.,.F.,.F.,(9,7,7,7,7,7,7,9),(0.,
    0.17783471922,0.402645337162,0.526642935099,0.644669847749,
    0.755415070251,0.878377370394,1.),.UNSPECIFIED.);
#6229 = CARTESIAN_POINT('',(5.172023043748,166.05666822583));
#6230 = CARTESIAN_POINT('',(5.179242656652,166.08970970059));
#6231 = CARTESIAN_POINT('',(5.186517362886,166.11612577859));
#6232 = CARTESIAN_POINT('',(5.19383512504,166.13614636932));
#6233 = CARTESIAN_POINT('',(5.201184461471,166.14983190441));
#6234 = CARTESIAN_POINT('',(5.208553909235,166.15714343505));
#6235 = CARTESIAN_POINT('',(5.215931802564,166.15796632573));
#6236 = CARTESIAN_POINT('',(5.223306144335,166.15210670237));
#6237 = CARTESIAN_POINT('',(5.23996625671,166.12306463942));
#6238 = CARTESIAN_POINT('',(5.249227536975,166.09574040511));
#6239 = CARTESIAN_POINT('',(5.25843443947,166.05677540753));
#6240 = CARTESIAN_POINT('',(5.267554296841,166.00534510884));
#6241 = CARTESIAN_POINT('',(5.276536917532,165.94049021148));
#6242 = CARTESIAN_POINT('',(5.285310934059,165.86102411489));
#6243 = CARTESIAN_POINT('',(5.29378697868,165.76574231784));
#6244 = CARTESIAN_POINT('',(5.306286276036,165.59037746287));
#6245 = CARTESIAN_POINT('',(5.310594649616,165.52274004823));
#6246 = CARTESIAN_POINT('',(5.314749182848,165.449497682));
#6247 = CARTESIAN_POINT('',(5.318721080077,165.3703713228));
#6248 = CARTESIAN_POINT('',(5.322472176015,165.28513882399));
#6249 = CARTESIAN_POINT('',(5.32595603021,165.19366951016));
#6250 = CARTESIAN_POINT('',(5.329118559042,165.09594628161));
#6251 = CARTESIAN_POINT('',(5.334542098047,164.89316871772));
#6252 = CARTESIAN_POINT('',(5.336843224794,164.78854131621));
#6253 = CARTESIAN_POINT('',(5.33873608947,164.67855042315));
#6254 = CARTESIAN_POINT('',(5.340149133614,164.56395038849));
#6255 = CARTESIAN_POINT('',(5.34101529719,164.44590712552));
#6256 = CARTESIAN_POINT('',(5.341278733878,164.32603027863));
#6257 = CARTESIAN_POINT('',(5.340908955647,164.20640659513));
#6258 = CARTESIAN_POINT('',(5.339020472626,163.98007174942));
#6259 = CARTESIAN_POINT('',(5.337571319397,163.87271753381));
#6260 = CARTESIAN_POINT('',(5.33560653802,163.76968741219));
#6261 = CARTESIAN_POINT('',(5.333177676023,163.67235083437));
#6262 = CARTESIAN_POINT('',(5.330351062993,163.58152221949));
#6263 = CARTESIAN_POINT('',(5.327195505579,163.49760583867));
#6264 = CARTESIAN_POINT('',(5.323775104752,163.42069711754));
#6265 = CARTESIAN_POINT('',(5.316119065817,163.27285515059));
#6266 = CARTESIAN_POINT('',(5.311830684945,163.20343690342));
#6267 = CARTESIAN_POINT('',(5.307342310762,163.14189999204));
#6268 = CARTESIAN_POINT('',(5.30270369291,163.08773501059));
#6269 = CARTESIAN_POINT('',(5.29795486762,163.0404035024));
#6270 = CARTESIAN_POINT('',(5.293126082943,162.99936388985));
#6271 = CARTESIAN_POINT('',(5.288237448886,162.9641067413));
#6272 = CARTESIAN_POINT('',(5.278414170717,162.90457436094));
#6273 = CARTESIAN_POINT('',(5.273485878593,162.88021550889));
#6274 = CARTESIAN_POINT('',(5.268527900066,162.8606683276));
#6275 = CARTESIAN_POINT('',(5.2635516375,162.84557152592));
#6276 = CARTESIAN_POINT('',(5.258566072177,162.83462160526));
#6277 = CARTESIAN_POINT('',(5.253578339266,162.82753869332));
#6278 = CARTESIAN_POINT('',(5.248593233858,162.82409686231));
#6279 = CARTESIAN_POINT('',(5.24361374488,162.82409686274));
#6280 = ( GEOMETRIC_REPRESENTATION_CONTEXT(2) 
PARAMETRIC_REPRESENTATION_CONTEXT() REPRESENTATION_CONTEXT('2D SPACE',''
  ) );
#6281 = PCURVE('',#2385,#6282);
#6282 = DEFINITIONAL_REPRESENTATION('',(#6283),#6335);
#6283 = B_SPLINE_CURVE_WITH_KNOTS('',8,(#6284,#6285,#6286,#6287,#6288,
    #6289,#6290,#6291,#6292,#6293,#6294,#6295,#6296,#6297,#6298,#6299,
    #6300,#6301,#6302,#6303,#6304,#6305,#6306,#6307,#6308,#6309,#6310,
    #6311,#6312,#6313,#6314,#6315,#6316,#6317,#6318,#6319,#6320,#6321,
    #6322,#6323,#6324,#6325,#6326,#6327,#6328,#6329,#6330,#6331,#6332,
    #6333,#6334),.UNSPECIFIED.,.F.,.F.,(9,7,7,7,7,7,7,9),(0.,
    0.17783471922,0.402645337162,0.526642935099,0.644669847749,
    0.755415070251,0.878377370394,1.),.UNSPECIFIED.);
#6284 = CARTESIAN_POINT('',(2.799751568405,6.15362305477));
#6285 = CARTESIAN_POINT('',(2.858927847238,6.328784907483));
#6286 = CARTESIAN_POINT('',(2.917484841102,6.504924506931));
#6287 = CARTESIAN_POINT('',(2.975740244348,6.681723973861));
#6288 = CARTESIAN_POINT('',(3.033935073874,6.85889441599));
#6289 = CARTESIAN_POINT('',(3.092280126532,7.03615979377));
#6290 = CARTESIAN_POINT('',(3.150975222317,7.213251079453));
#6291 = CARTESIAN_POINT('',(3.210221037693,7.389904452446));
#6292 = CARTESIAN_POINT('',(3.346120807974,7.788288881719));
#6293 = CARTESIAN_POINT('',(3.423118399649,8.00924618758));
#6294 = CARTESIAN_POINT('',(3.501776177209,8.228480408639));
#6295 = CARTESIAN_POINT('',(3.582567659275,8.445327118351));
#6296 = CARTESIAN_POINT('',(3.665934916694,8.658751209952));
#6297 = CARTESIAN_POINT('',(3.75241153424,8.867294794494));
#6298 = CARTESIAN_POINT('',(3.842573680047,9.069151644652));
#6299 = CARTESIAN_POINT('',(3.98994647606,9.368205319304));
#6300 = CARTESIAN_POINT('',(4.043718019792,9.471571262679));
#6301 = CARTESIAN_POINT('',(4.099066355978,9.571623545142));
#6302 = CARTESIAN_POINT('',(4.156154517768,9.667769364673));
#6303 = CARTESIAN_POINT('',(4.215126986394,9.759207846643));
#6304 = CARTESIAN_POINT('',(4.27611666229,9.84495388699));
#6305 = CARTESIAN_POINT('',(4.339260325205,9.923848056457));
#6306 = CARTESIAN_POINT('',(4.467061297908,10.06180907594));
#6307 = CARTESIAN_POINT('',(4.531595894026,10.121750517251));
#6308 = CARTESIAN_POINT('',(4.598296141295,10.172920057894));
#6309 = CARTESIAN_POINT('',(4.667004803119,10.213692877793));
#6310 = CARTESIAN_POINT('',(4.737449412603,10.24250672929));
#6311 = CARTESIAN_POINT('',(4.809243758572,10.257985096347));
#6312 = CARTESIAN_POINT('',(4.881801296807,10.259236100037));
#6313 = CARTESIAN_POINT('',(5.02187632102,10.234806608006));
#6314 = CARTESIAN_POINT('',(5.08961403561,10.210745205317));
#6315 = CARTESIAN_POINT('',(5.156449066621,10.174662028573));
#6316 = CARTESIAN_POINT('',(5.221886702375,10.127531878973));
#6317 = CARTESIAN_POINT('',(5.285618916115,10.070707258132));
#6318 = CARTESIAN_POINT('',(5.347436156696,10.00564467962));
#6319 = CARTESIAN_POINT('',(5.407201674575,9.933740721627));
#6320 = CARTESIAN_POINT('',(5.528938914686,9.770269447152));
#6321 = CARTESIAN_POINT('',(5.590492005447,9.677312837635));
#6322 = CARTESIAN_POINT('',(5.649748161337,9.578766612857));
#6323 = CARTESIAN_POINT('',(5.706867059444,9.47577419032));
#6324 = CARTESIAN_POINT('',(5.762005551306,9.369279344694));
#6325 = CARTESIAN_POINT('',(5.815332492015,9.260015749353));
#6326 = CARTESIAN_POINT('',(5.8670350518,9.148488134364));
#6327 = CARTESIAN_POINT('',(5.96707930695,8.922674114089));
#6328 = CARTESIAN_POINT('',(6.015397764223,8.80855204848));
#6329 = CARTESIAN_POINT('',(6.062460377534,8.692955513143));
#6330 = CARTESIAN_POINT('',(6.108402034781,8.576182742323));
#6331 = CARTESIAN_POINT('',(6.153339857947,8.458482012594));
#6332 = CARTESIAN_POINT('',(6.197381233516,8.340048558798));
#6333 = CARTESIAN_POINT('',(6.24062871705,8.221029873565));
#6334 = CARTESIAN_POINT('',(6.28318530718,8.101522137984));
#6335 = ( GEOMETRIC_REPRESENTATION_CONTEXT(2) 
PARAMETRIC_REPRESENTATION_CONTEXT() REPRESENTATION_CONTEXT('2D SPACE',''
  ) );
#6336 = ORIENTED_EDGE('',*,*,#6337,.T.);
#6337 = EDGE_CURVE('',#6171,#6338,#6340,.T.);
#6338 = VERTEX_POINT('',#6339);
#6339 = CARTESIAN_POINT('',(-54.46204237079,24.597650676212,13.));
#6340 = SURFACE_CURVE('',#6341,(#6350,#6362),.PCURVE_S1.);
#6341 = B_SPLINE_CURVE_WITH_KNOTS('',7,(#6342,#6343,#6344,#6345,#6346,
    #6347,#6348,#6349),.UNSPECIFIED.,.F.,.F.,(8,8),(0.,1.),
  .PIECEWISE_BEZIER_KNOTS.);
#6342 = CARTESIAN_POINT('',(-54.35,24.,14.101522137984));
#6343 = CARTESIAN_POINT('',(-54.35,24.147637801463,13.850250878015));
#6344 = CARTESIAN_POINT('',(-54.36541094595,24.289972781891,
    13.597042358517));
#6345 = CARTESIAN_POINT('',(-54.39424777411,24.426772285416,
    13.342887783971));
#6346 = CARTESIAN_POINT('',(-54.4353562026,24.557819603552,
    13.088651727444));
#6347 = CARTESIAN_POINT('',(-54.48795995626,24.682954439057,
    12.835103748445));
#6348 = CARTESIAN_POINT('',(-54.55168805401,24.802052412221,
    12.582905452993));
#6349 = CARTESIAN_POINT('',(-54.62689477063,24.914921870485,
    12.332714133916));
#6350 = PCURVE('',#2970,#6351);
#6351 = DEFINITIONAL_REPRESENTATION('',(#6352),#6361);
#6352 = B_SPLINE_CURVE_WITH_KNOTS('',7,(#6353,#6354,#6355,#6356,#6357,
    #6358,#6359,#6360),.UNSPECIFIED.,.F.,.F.,(8,8),(0.,1.),
  .PIECEWISE_BEZIER_KNOTS.);
#6353 = CARTESIAN_POINT('',(5.24361374704,162.82409676548));
#6354 = CARTESIAN_POINT('',(5.233144111208,162.82409676548));
#6355 = CARTESIAN_POINT('',(5.222710977067,162.83963173065));
#6356 = CARTESIAN_POINT('',(5.212344257868,162.86870062777));
#6357 = CARTESIAN_POINT('',(5.20207041387,162.9101405034));
#6358 = CARTESIAN_POINT('',(5.191912424458,162.96316971444));
#6359 = CARTESIAN_POINT('',(5.181889760605,163.02741538538));
#6360 = CARTESIAN_POINT('',(5.172023043748,163.10323624554));
#6361 = ( GEOMETRIC_REPRESENTATION_CONTEXT(2) 
PARAMETRIC_REPRESENTATION_CONTEXT() REPRESENTATION_CONTEXT('2D SPACE',''
  ) );
#6362 = PCURVE('',#2385,#6363);
#6363 = DEFINITIONAL_REPRESENTATION('',(#6364),#6373);
#6364 = B_SPLINE_CURVE_WITH_KNOTS('',7,(#6365,#6366,#6367,#6368,#6369,
    #6370,#6371,#6372),.UNSPECIFIED.,.F.,.F.,(8,8),(0.,1.),
  .PIECEWISE_BEZIER_KNOTS.);
#6365 = CARTESIAN_POINT('',(0.,8.101522137984));
#6366 = CARTESIAN_POINT('',(8.94774554319E-02,7.850250878015));
#6367 = CARTESIAN_POINT('',(0.175741160401,7.597042358517));
#6368 = CARTESIAN_POINT('',(0.259819352657,7.342887783971));
#6369 = CARTESIAN_POINT('',(0.342377299016,7.088651727444));
#6370 = CARTESIAN_POINT('',(0.424075776065,6.835103748445));
#6371 = CARTESIAN_POINT('',(0.505559585987,6.582905452993));
#6372 = CARTESIAN_POINT('',(0.587759737768,6.332714133916));
#6373 = ( GEOMETRIC_REPRESENTATION_CONTEXT(2) 
PARAMETRIC_REPRESENTATION_CONTEXT() REPRESENTATION_CONTEXT('2D SPACE',''
  ) );
#6374 = ORIENTED_EDGE('',*,*,#6375,.F.);
#6375 = EDGE_CURVE('',#6376,#6338,#6378,.T.);
#6376 = VERTEX_POINT('',#6377);
#6377 = CARTESIAN_POINT('',(50.35060411733,23.955354482532,13.));
#6378 = SURFACE_CURVE('',#6379,(#6522,#6668),.PCURVE_S1.);
#6379 = B_SPLINE_CURVE_WITH_KNOTS('',8,(#6380,#6381,#6382,#6383,#6384,
    #6385,#6386,#6387,#6388,#6389,#6390,#6391,#6392,#6393,#6394,#6395,
    #6396,#6397,#6398,#6399,#6400,#6401,#6402,#6403,#6404,#6405,#6406,
    #6407,#6408,#6409,#6410,#6411,#6412,#6413,#6414,#6415,#6416,#6417,
    #6418,#6419,#6420,#6421,#6422,#6423,#6424,#6425,#6426,#6427,#6428,
    #6429,#6430,#6431,#6432,#6433,#6434,#6435,#6436,#6437,#6438,#6439,
    #6440,#6441,#6442,#6443,#6444,#6445,#6446,#6447,#6448,#6449,#6450,
    #6451,#6452,#6453,#6454,#6455,#6456,#6457,#6458,#6459,#6460,#6461,
    #6462,#6463,#6464,#6465,#6466,#6467,#6468,#6469,#6470,#6471,#6472,
    #6473,#6474,#6475,#6476,#6477,#6478,#6479,#6480,#6481,#6482,#6483,
    #6484,#6485,#6486,#6487,#6488,#6489,#6490,#6491,#6492,#6493,#6494,
    #6495,#6496,#6497,#6498,#6499,#6500,#6501,#6502,#6503,#6504,#6505,
    #6506,#6507,#6508,#6509,#6510,#6511,#6512,#6513,#6514,#6515,#6516,
    #6517,#6518,#6519,#6520,#6521),.UNSPECIFIED.,.F.,.F.,(9,7,7,7,7,7,7,
    7,7,7,7,7,7,7,7,7,7,7,7,7,9),(0.,9.313312036962E-02,0.113145034162,
    0.153141192448,0.193087751138,0.206060313611,0.218033209706,
    0.303765208828,0.336724735647,0.357705952525,0.401676095559,
    0.423663149451,0.48754026636,0.515525695464,0.533513838519,
    0.565484189676,0.660770906803,0.702671260504,0.741611202119,
    0.85971489729,1.),.UNSPECIFIED.);
#6380 = CARTESIAN_POINT('',(68.000000584435,20.535760004689,13.));
#6381 = CARTESIAN_POINT('',(66.179184091274,21.031336738302,13.));
#6382 = CARTESIAN_POINT('',(64.348077424852,21.481406854347,13.));
#6383 = CARTESIAN_POINT('',(62.508538689861,21.891700769616,13.));
#6384 = CARTESIAN_POINT('',(60.662218523553,22.267510495778,13.));
#6385 = CARTESIAN_POINT('',(58.810571434434,22.613891950775,13.));
#6386 = CARTESIAN_POINT('',(56.954857729617,22.93573866556,13.));
#6387 = CARTESIAN_POINT('',(55.09614380951,23.237806171224,13.));
#6388 = CARTESIAN_POINT('',(52.835462952338,23.586426718622,13.));
#6389 = CARTESIAN_POINT('',(52.435523406418,23.647388945882,13.));
#6390 = CARTESIAN_POINT('',(52.035499819899,23.707699183128,13.));
#6391 = CARTESIAN_POINT('',(51.635401892966,23.767403393844,13.));
#6392 = CARTESIAN_POINT('',(51.235239176828,23.826547355186,13.));
#6393 = CARTESIAN_POINT('',(50.835021073719,23.885176657981,13.));
#6394 = CARTESIAN_POINT('',(50.434756836898,23.943336706724,13.));
#6395 = CARTESIAN_POINT('',(49.234406511215,24.116464917106,13.));
#6396 = CARTESIAN_POINT('',(48.434212952817,24.230182307548,13.));
#6397 = CARTESIAN_POINT('',(47.633850954219,24.341941966647,13.));
#6398 = CARTESIAN_POINT('',(46.833295632068,24.45144319127,13.));
#6399 = CARTESIAN_POINT('',(46.032528026998,24.558411140337,13.));
#6400 = CARTESIAN_POINT('',(45.231527294889,24.662547111569,13.));
#6401 = CARTESIAN_POINT('',(44.43027709069,24.763568498525,13.));
#6402 = CARTESIAN_POINT('',(42.828240449762,24.958681163509,13.));
#6403 = CARTESIAN_POINT('',(42.027455685372,25.052780912892,13.));
#6404 = CARTESIAN_POINT('',(41.22639220309,25.143197648149,13.));
#6405 = CARTESIAN_POINT('',(40.425037886398,25.229643869357,13.));
#6406 = CARTESIAN_POINT('',(39.623383793048,25.311831535462,13.));
#6407 = CARTESIAN_POINT('',(38.821424155065,25.38947206428,13.));
#6408 = CARTESIAN_POINT('',(38.019156378742,25.462276332496,13.));
#6409 = CARTESIAN_POINT('',(36.955946361647,25.5519330779,13.));
#6410 = CARTESIAN_POINT('',(36.695279296645,25.573370882236,13.));
#6411 = CARTESIAN_POINT('',(36.434579891229,25.594258161958,13.));
#6412 = CARTESIAN_POINT('',(36.173848232188,25.61458498305,13.));
#6413 = CARTESIAN_POINT('',(35.913084451514,25.634341404193,13.));
#6414 = CARTESIAN_POINT('',(35.652288726396,25.653517476769,13.));
#6415 = CARTESIAN_POINT('',(35.391461279225,25.672103244855,13.));
#6416 = CARTESIAN_POINT('',(34.88984527728,25.706688281955,13.));
#6417 = CARTESIAN_POINT('',(34.649069921034,25.722775268255,13.));
#6418 = CARTESIAN_POINT('',(34.408275547355,25.738340667287,13.));
#6419 = CARTESIAN_POINT('',(34.167463728807,25.753417065507,13.));
#6420 = CARTESIAN_POINT('',(33.926633046671,25.767984399284,13.));
#6421 = CARTESIAN_POINT('',(33.685784888471,25.782070441867,13.));
#6422 = CARTESIAN_POINT('',(33.444918743672,25.795672120602,13.));
#6423 = CARTESIAN_POINT('',(31.479185416198,25.902800598334,13.));
#6424 = CARTESIAN_POINT('',(29.753240576749,25.972485689996,13.));
#6425 = CARTESIAN_POINT('',(28.026471699759,26.02048482795,13.));
#6426 = CARTESIAN_POINT('',(26.29909814215,26.049409982269,13.));
#6427 = CARTESIAN_POINT('',(24.571287284613,26.06185793186,13.));
#6428 = CARTESIAN_POINT('',(22.843154416003,26.060412860373,13.));
#6429 = CARTESIAN_POINT('',(21.114762617733,26.047648952097,13.));
#6430 = CARTESIAN_POINT('',(18.721549839626,26.017861210621,13.));
#6431 = CARTESIAN_POINT('',(18.056943321745,26.008295961803,13.));
#6432 = CARTESIAN_POINT('',(17.392305042249,25.997583081197,13.));
#6433 = CARTESIAN_POINT('',(16.727636552752,25.985868355351,13.));
#6434 = CARTESIAN_POINT('',(16.062939008749,25.973297517589,13.));
#6435 = CARTESIAN_POINT('',(15.398213169622,25.960016248005,13.));
#6436 = CARTESIAN_POINT('',(14.733459398631,25.946170173467,13.));
#6437 = CARTESIAN_POINT('',(13.645494106621,25.922823927903,13.));
#6438 = CARTESIAN_POINT('',(13.222299295405,25.913573120706,13.));
#6439 = CARTESIAN_POINT('',(12.799093254221,25.904190010409,13.));
#6440 = CARTESIAN_POINT('',(12.375875997014,25.894712168597,13.));
#6441 = CARTESIAN_POINT('',(11.952647526733,25.885177174044,13.));
#6442 = CARTESIAN_POINT('',(11.52940783533,25.875622612723,13.));
#6443 = CARTESIAN_POINT('',(11.106156903759,25.866086077799,13.));
#6444 = CARTESIAN_POINT('',(9.795868002729,25.836736117682,13.));
#6445 = CARTESIAN_POINT('',(8.908792516831,25.817111354587,13.));
#6446 = CARTESIAN_POINT('',(8.021667247795,25.798077043255,13.));
#6447 = CARTESIAN_POINT('',(7.13449224947,25.779979554444,13.));
#6448 = CARTESIAN_POINT('',(6.24726862604,25.763165466766,13.));
#6449 = CARTESIAN_POINT('',(5.359998532023,25.74798156668,13.));
#6450 = CARTESIAN_POINT('',(4.472685172271,25.7347748485,13.));
#6451 = CARTESIAN_POINT('',(3.141616610928,25.718450856706,13.));
#6452 = CARTESIAN_POINT('',(2.697890846816,25.713590373626,13.));
#6453 = CARTESIAN_POINT('',(2.254156129553,25.709354471941,13.));
#6454 = CARTESIAN_POINT('',(1.810413225298,25.705786541685,13.));
#6455 = CARTESIAN_POINT('',(1.366663046457,25.702929956131,13.));
#6456 = CARTESIAN_POINT('',(0.922906651676,25.700828071791,13.));
#6457 = CARTESIAN_POINT('',(0.479145245849,25.699524228417,13.));
#6458 = CARTESIAN_POINT('',(-1.25385270772,25.697718146901,13.));
#6459 = CARTESIAN_POINT('',(-2.543113909477,25.703511880016,13.));
#6460 = CARTESIAN_POINT('',(-3.832371014286,25.71564488952,13.));
#6461 = CARTESIAN_POINT('',(-5.121597636951,25.733294643174,13.));
#6462 = CARTESIAN_POINT('',(-6.410773897217,25.755667939525,13.));
#6463 = CARTESIAN_POINT('',(-7.699885822367,25.781943344268,13.));
#6464 = CARTESIAN_POINT('',(-8.988925901791,25.811319718011,13.));
#6465 = CARTESIAN_POINT('',(-10.84260644603,25.856863315803,13.));
#6466 = CARTESIAN_POINT('',(-11.40730565865,25.871178021936,13.));
#6467 = CARTESIAN_POINT('',(-11.97198995136,25.885865010533,13.));
#6468 = CARTESIAN_POINT('',(-12.53665902878,25.900856514404,13.));
#6469 = CARTESIAN_POINT('',(-13.1013126542,25.91608481145,13.));
#6470 = CARTESIAN_POINT('',(-13.66595064963,25.931482224662,13.));
#6471 = CARTESIAN_POINT('',(-14.23057289581,25.946981122122,13.));
#6472 = CARTESIAN_POINT('',(-15.15809037807,25.972497903144,13.));
#6473 = CARTESIAN_POINT('',(-15.52099487202,25.982495891969,13.));
#6474 = CARTESIAN_POINT('',(-15.88389278918,25.992489935022,13.));
#6475 = CARTESIAN_POINT('',(-16.24678410039,26.00246208884,13.));
#6476 = CARTESIAN_POINT('',(-16.60966877215,26.012394414947,13.));
#6477 = CARTESIAN_POINT('',(-16.97254676663,26.022268979856,13.));
#6478 = CARTESIAN_POINT('',(-17.33541804164,26.032067855072,13.));
#6479 = CARTESIAN_POINT('',(-18.3432021369,26.059022292486,13.));
#6480 = CARTESIAN_POINT('',(-18.98810026319,26.075975738683,13.));
#6481 = CARTESIAN_POINT('',(-19.63297674154,26.092532861399,13.));
#6482 = CARTESIAN_POINT('',(-20.27783118614,26.10859305962,13.));
#6483 = CARTESIAN_POINT('',(-20.92266301348,26.124055725588,13.));
#6484 = CARTESIAN_POINT('',(-21.56747144227,26.138820244808,13.));
#6485 = CARTESIAN_POINT('',(-22.21225549348,26.152785996048,13.));
#6486 = CARTESIAN_POINT('',(-24.77869824724,26.204796249505,13.));
#6487 = CARTESIAN_POINT('',(-26.700136375,26.235750060911,13.));
#6488 = CARTESIAN_POINT('',(-28.62132082481,26.256049252663,13.));
#6489 = CARTESIAN_POINT('',(-30.54219654872,26.263024259995,13.));
#6490 = CARTESIAN_POINT('',(-32.4626611101,26.253995965642,13.));
#6491 = CARTESIAN_POINT('',(-34.38256479419,26.226271179222,13.));
#6492 = CARTESIAN_POINT('',(-36.30171071855,26.17713811661,13.));
#6493 = CARTESIAN_POINT('',(-39.06331900553,26.071640176729,13.));
#6494 = CARTESIAN_POINT('',(-39.90658545257,26.034750203453,13.));
#6495 = CARTESIAN_POINT('',(-40.74963173453,25.99295960193,13.));
#6496 = CARTESIAN_POINT('',(-41.59243214409,25.946035172906,13.));
#6497 = CARTESIAN_POINT('',(-42.4349578168,25.893742875431,13.));
#6498 = CARTESIAN_POINT('',(-43.27717673106,25.835847826862,13.));
#6499 = CARTESIAN_POINT('',(-44.11905370813,25.772114302862,13.));
#6500 = CARTESIAN_POINT('',(-45.74259231941,25.637429400488,13.));
#6501 = CARTESIAN_POINT('',(-46.52430488781,25.567294515472,13.));
#6502 = CARTESIAN_POINT('',(-47.30566949307,25.492037963852,13.));
#6503 = CARTESIAN_POINT('',(-48.0866692524,25.41179764955,13.));
#6504 = CARTESIAN_POINT('',(-48.86728899515,25.326710592961,13.));
#6505 = CARTESIAN_POINT('',(-49.64751524623,25.236912125756,13.));
#6506 = CARTESIAN_POINT('',(-50.42733622235,25.142536186434,13.));
#6507 = CARTESIAN_POINT('',(-53.57065610969,24.74400017736,13.));
#6508 = CARTESIAN_POINT('',(-55.93071967683,24.403410748904,13.));
#6509 = CARTESIAN_POINT('',(-58.28668881105,24.025667441709,13.));
#6510 = CARTESIAN_POINT('',(-60.63840701095,23.614405357376,13.));
#6511 = CARTESIAN_POINT('',(-62.98580438358,23.173172832142,13.));
#6512 = CARTESIAN_POINT('',(-65.32889764626,22.705437441445,13.));
#6513 = CARTESIAN_POINT('',(-67.66779075181,22.214600865591,13.));
#6514 = CARTESIAN_POINT('',(-72.7760833165,21.097551142338,13.));
#6515 = CARTESIAN_POINT('',(-75.54369127338,20.463251714219,13.));
#6516 = CARTESIAN_POINT('',(-78.30523114026,19.798998526724,13.));
#6517 = CARTESIAN_POINT('',(-81.06027491212,19.102325549401,13.));
#6518 = CARTESIAN_POINT('',(-83.80823094663,18.370375517859,13.));
#6519 = CARTESIAN_POINT('',(-86.54828540322,17.599467407392,13.));
#6520 = CARTESIAN_POINT('',(-89.27939189016,16.784999893022,13.));
#6521 = CARTESIAN_POINT('',(-92.00000058261,15.919395114519,13.));
#6522 = PCURVE('',#2970,#6523);
#6523 = DEFINITIONAL_REPRESENTATION('',(#6524),#6667);
#6524 = B_SPLINE_CURVE_WITH_KNOTS('',8,(#6525,#6526,#6527,#6528,#6529,
    #6530,#6531,#6532,#6533,#6534,#6535,#6536,#6537,#6538,#6539,#6540,
    #6541,#6542,#6543,#6544,#6545,#6546,#6547,#6548,#6549,#6550,#6551,
    #6552,#6553,#6554,#6555,#6556,#6557,#6558,#6559,#6560,#6561,#6562,
    #6563,#6564,#6565,#6566,#6567,#6568,#6569,#6570,#6571,#6572,#6573,
    #6574,#6575,#6576,#6577,#6578,#6579,#6580,#6581,#6582,#6583,#6584,
    #6585,#6586,#6587,#6588,#6589,#6590,#6591,#6592,#6593,#6594,#6595,
    #6596,#6597,#6598,#6599,#6600,#6601,#6602,#6603,#6604,#6605,#6606,
    #6607,#6608,#6609,#6610,#6611,#6612,#6613,#6614,#6615,#6616,#6617,
    #6618,#6619,#6620,#6621,#6622,#6623,#6624,#6625,#6626,#6627,#6628,
    #6629,#6630,#6631,#6632,#6633,#6634,#6635,#6636,#6637,#6638,#6639,
    #6640,#6641,#6642,#6643,#6644,#6645,#6646,#6647,#6648,#6649,#6650,
    #6651,#6652,#6653,#6654,#6655,#6656,#6657,#6658,#6659,#6660,#6661,
    #6662,#6663,#6664,#6665,#6666),.UNSPECIFIED.,.F.,.F.,(9,7,7,7,7,7,7,
    7,7,7,7,7,7,7,7,7,7,7,7,7,9),(0.,9.313312036962E-02,0.113145034162,
    0.153141192448,0.193087751138,0.206060313611,0.218033209706,
    0.303765208828,0.336724735647,0.357705952525,0.401676095559,
    0.423663149451,0.48754026636,0.515525695464,0.533513838519,
    0.565484189676,0.660770906803,0.702671260504,0.741611202119,
    0.85971489729,1.),.UNSPECIFIED.);
#6525 = CARTESIAN_POINT('',(5.276750465651,40.106873625679));
#6526 = CARTESIAN_POINT('',(5.265844240251,41.976183039892));
#6527 = CARTESIAN_POINT('',(5.25636892763,43.847360918173));
#6528 = CARTESIAN_POINT('',(5.248034958227,45.719620462777));
#6529 = CARTESIAN_POINT('',(5.240628860606,47.592417841762));
#6530 = CARTESIAN_POINT('',(5.233979501217,49.465421057154));
#6531 = CARTESIAN_POINT('',(5.2279430772,51.338496918066));
#6532 = CARTESIAN_POINT('',(5.222397040707,53.211706672794));
#6533 = CARTESIAN_POINT('',(5.216123542198,55.48788808696));
#6534 = CARTESIAN_POINT('',(5.215031605169,55.890488990791));
#6535 = CARTESIAN_POINT('',(5.213956256531,56.293104915511));
#6536 = CARTESIAN_POINT('',(5.212896458876,56.695737364355));
#6537 = CARTESIAN_POINT('',(5.211851202964,57.098387993687));
#6538 = CARTESIAN_POINT('',(5.210819507726,57.501058613004));
#6539 = CARTESIAN_POINT('',(5.209800420261,57.903751184933));
#6540 = CARTESIAN_POINT('',(5.206779599875,59.111344293177));
#6541 = CARTESIAN_POINT('',(5.204812513694,59.916316425875));
#6542 = CARTESIAN_POINT('',(5.20289559641,60.72139818599));
#6543 = CARTESIAN_POINT('',(5.201032806674,61.52660157215));
#6544 = CARTESIAN_POINT('',(5.199227486589,62.331936545495));
#6545 = CARTESIAN_POINT('',(5.197483256449,63.137411186898));
#6546 = CARTESIAN_POINT('',(5.195803345389,63.943031530105));
#6547 = CARTESIAN_POINT('',(5.192580713181,65.55357272762));
#6548 = CARTESIAN_POINT('',(5.19103785491,66.35849223333));
#6549 = CARTESIAN_POINT('',(5.189565623719,67.163564400646));
#6550 = CARTESIAN_POINT('',(5.188167177998,67.968790160639));
#6551 = CARTESIAN_POINT('',(5.186845665557,68.774167242256));
#6552 = CARTESIAN_POINT('',(5.185604223624,69.579690172321));
#6553 = CARTESIAN_POINT('',(5.184445978849,70.385350275533));
#6554 = CARTESIAN_POINT('',(5.183025939741,71.452812819393));
#6555 = CARTESIAN_POINT('',(5.182686938585,71.714503125302));
#6556 = CARTESIAN_POINT('',(5.182357152608,71.976206164031));
#6557 = CARTESIAN_POINT('',(5.182036691484,72.237921462142));
#6558 = CARTESIAN_POINT('',(5.181725665787,72.499648500923));
#6559 = CARTESIAN_POINT('',(5.181424186988,72.761386716387));
#6560 = CARTESIAN_POINT('',(5.181132367457,73.023135499273));
#6561 = CARTESIAN_POINT('',(5.180590008022,73.526481751308));
#6562 = CARTESIAN_POINT('',(5.180338039463,73.768069165203));
#6563 = CARTESIAN_POINT('',(5.180094522565,74.009656859392));
#6564 = CARTESIAN_POINT('',(5.179858914537,74.251244175236));
#6565 = CARTESIAN_POINT('',(5.179631500757,74.492831862091));
#6566 = CARTESIAN_POINT('',(5.179411818272,74.734419302524));
#6567 = CARTESIAN_POINT('',(5.179199890024,74.976006849925));
#6568 = CARTESIAN_POINT('',(5.17753220954,76.947483298698));
#6569 = CARTESIAN_POINT('',(5.176457019755,78.677563284789));
#6570 = CARTESIAN_POINT('',(5.175720488748,80.40761831198));
#6571 = CARTESIAN_POINT('',(5.175277672429,82.137484952923));
#6572 = CARTESIAN_POINT('',(5.175086935288,83.867052225173));
#6573 = CARTESIAN_POINT('',(5.175108731055,85.596261453889));
#6574 = CARTESIAN_POINT('',(5.175304383372,87.325106134541));
#6575 = CARTESIAN_POINT('',(5.175761920145,89.718160658442));
#6576 = CARTESIAN_POINT('',(5.175908911728,90.382639402527));
#6577 = CARTESIAN_POINT('',(5.17607364905,91.047069283959));
#6578 = CARTESIAN_POINT('',(5.176253934376,91.711451951566));
#6579 = CARTESIAN_POINT('',(5.176447564403,92.375789446918));
#6580 = CARTESIAN_POINT('',(5.17665233025,93.040084204327));
#6581 = CARTESIAN_POINT('',(5.176866017468,93.704339050846));
#6582 = CARTESIAN_POINT('',(5.177226699927,94.791382001351));
#6583 = CARTESIAN_POINT('',(5.177369707806,95.214191851039));
#6584 = CARTESIAN_POINT('',(5.177514855484,95.636987552414));
#6585 = CARTESIAN_POINT('',(5.177661566521,96.05976991308));
#6586 = CARTESIAN_POINT('',(5.177809262229,96.482539751165));
#6587 = CARTESIAN_POINT('',(5.177957361669,96.905297895317));
#6588 = CARTESIAN_POINT('',(5.178105281651,97.328045184712));
#6589 = CARTESIAN_POINT('',(5.178560828293,98.636709103631));
#6590 = CARTESIAN_POINT('',(5.178865870888,99.522591088485));
#6591 = CARTESIAN_POINT('',(5.1791621552,100.40843696025));
#6592 = CARTESIAN_POINT('',(5.179444241782,101.29425420252));
#6593 = CARTESIAN_POINT('',(5.179706661067,102.18004924579));
#6594 = CARTESIAN_POINT('',(5.179943913361,103.06582746749));
#6595 = CARTESIAN_POINT('',(5.180150468851,103.951593192));
#6596 = CARTESIAN_POINT('',(5.180405924647,105.28026787383));
#6597 = CARTESIAN_POINT('',(5.180482020458,105.72318356963));
#6598 = CARTESIAN_POINT('',(5.180548361897,106.16609709965));
#6599 = CARTESIAN_POINT('',(5.180604258,106.60900863955));
#6600 = CARTESIAN_POINT('',(5.180649019974,107.05191821899));
#6601 = CARTESIAN_POINT('',(5.180681961197,107.49482572163));
#6602 = CARTESIAN_POINT('',(5.180702397214,107.93773088512));
#6603 = CARTESIAN_POINT('',(5.180730704276,109.66736000602));
#6604 = CARTESIAN_POINT('',(5.180639899992,110.9540609153));
#6605 = CARTESIAN_POINT('',(5.180449703732,112.24072850928));
#6606 = CARTESIAN_POINT('',(5.180173253921,113.52736130078));
#6607 = CARTESIAN_POINT('',(5.179823356968,114.81396425864));
#6608 = CARTESIAN_POINT('',(5.179413263602,116.10054826813));
#6609 = CARTESIAN_POINT('',(5.178955823708,117.38713064639));
#6610 = CARTESIAN_POINT('',(5.178248337719,119.23741343357));
#6611 = CARTESIAN_POINT('',(5.178026180017,119.80109578353));
#6612 = CARTESIAN_POINT('',(5.177798473879,120.36478354789));
#6613 = CARTESIAN_POINT('',(5.177566290151,120.92847852046));
#6614 = CARTESIAN_POINT('',(5.177330693049,121.4921825544));
#6615 = CARTESIAN_POINT('',(5.177092740163,122.05589756224));
#6616 = CARTESIAN_POINT('',(5.176853482451,122.61962551585));
#6617 = CARTESIAN_POINT('',(5.176460009566,123.54572445836));
#6618 = CARTESIAN_POINT('',(5.17630594718,123.90808663803));
#6619 = CARTESIAN_POINT('',(5.176152054227,124.27045551619));
#6620 = CARTESIAN_POINT('',(5.17599860671,124.63283161949));
#6621 = CARTESIAN_POINT('',(5.17584587949,124.99521547044));
#6622 = CARTESIAN_POINT('',(5.175694146286,125.35760758743));
#6623 = CARTESIAN_POINT('',(5.175543679678,125.72000848474));
#6624 = CARTESIAN_POINT('',(5.175130060152,126.72653079299));
#6625 = CARTESIAN_POINT('',(5.174870229498,127.37067217293));
#6626 = CARTESIAN_POINT('',(5.174616780041,128.01484574942));
#6627 = CARTESIAN_POINT('',(5.174371225435,128.65905426475));
#6628 = CARTESIAN_POINT('',(5.174135072093,129.30330026643));
#6629 = CARTESIAN_POINT('',(5.173909819187,129.94758610722));
#6630 = CARTESIAN_POINT('',(5.173696958646,130.59191394509));
#6631 = CARTESIAN_POINT('',(5.172904910563,133.15681745573));
#6632 = CARTESIAN_POINT('',(5.172435045548,135.07772058896));
#6633 = CARTESIAN_POINT('',(5.172128093401,136.99907061848));
#6634 = CARTESIAN_POINT('',(5.172023043748,138.92089595867));
#6635 = CARTESIAN_POINT('',(5.172159367396,140.84317784788));
#6636 = CARTESIAN_POINT('',(5.172578221185,142.76585023363));
#6637 = CARTESIAN_POINT('',(5.173323652839,144.6887996577));
#6638 = CARTESIAN_POINT('',(5.174936369799,147.45749322448));
#6639 = CARTESIAN_POINT('',(5.175501450552,148.30313979803));
#6640 = CARTESIAN_POINT('',(5.176143089248,149.14878937383));
#6641 = CARTESIAN_POINT('',(5.176865580125,149.99442325532));
#6642 = CARTESIAN_POINT('',(5.177673470478,150.84001953756));
#6643 = CARTESIAN_POINT('',(5.178571560659,151.68555310724));
#6644 = CARTESIAN_POINT('',(5.179564904078,152.53099564263));
#6645 = CARTESIAN_POINT('',(5.181675422097,154.16191066016));
#6646 = CARTESIAN_POINT('',(5.182779109113,154.94739885448));
#6647 = CARTESIAN_POINT('',(5.183969082889,155.73276925053));
#6648 = CARTESIAN_POINT('',(5.185244660288,156.51801263797));
#6649 = CARTESIAN_POINT('',(5.186605278606,157.30312150227));
#6650 = CARTESIAN_POINT('',(5.18805049773,158.08809000585));
#6651 = CARTESIAN_POINT('',(5.189579986245,158.8729139902));
#6652 = CARTESIAN_POINT('',(5.19608720535,162.0374932387));
#6653 = CARTESIAN_POINT('',(5.201753712863,164.41601338952));
#6654 = CARTESIAN_POINT('',(5.208186347608,166.79312053474));
#6655 = CARTESIAN_POINT('',(5.215386134028,169.1688703465));
#6656 = CARTESIAN_POINT('',(5.223360235062,171.54340516571));
#6657 = CARTESIAN_POINT('',(5.232120016548,173.91695516855));
#6658 = CARTESIAN_POINT('',(5.241678728369,176.28984061947));
#6659 = CARTESIAN_POINT('',(5.264366510904,181.48072138727));
#6660 = CARTESIAN_POINT('',(5.277828464893,184.29846628032));
#6661 = CARTESIAN_POINT('',(5.292612394443,187.11542237493));
#6662 = CARTESIAN_POINT('',(5.308942193967,189.93113726216));
#6663 = CARTESIAN_POINT('',(5.327097525489,192.74498680653));
#6664 = CARTESIAN_POINT('',(5.347461311157,195.55611155063));
#6665 = CARTESIAN_POINT('',(5.37054000908,198.36340360693));
#6666 = CARTESIAN_POINT('',(5.39717859603,201.16521949404));
#6667 = ( GEOMETRIC_REPRESENTATION_CONTEXT(2) 
PARAMETRIC_REPRESENTATION_CONTEXT() REPRESENTATION_CONTEXT('2D SPACE',''
  ) );
#6668 = PCURVE('',#1368,#6669);
#6669 = DEFINITIONAL_REPRESENTATION('',(#6670),#6813);
#6670 = B_SPLINE_CURVE_WITH_KNOTS('',8,(#6671,#6672,#6673,#6674,#6675,
    #6676,#6677,#6678,#6679,#6680,#6681,#6682,#6683,#6684,#6685,#6686,
    #6687,#6688,#6689,#6690,#6691,#6692,#6693,#6694,#6695,#6696,#6697,
    #6698,#6699,#6700,#6701,#6702,#6703,#6704,#6705,#6706,#6707,#6708,
    #6709,#6710,#6711,#6712,#6713,#6714,#6715,#6716,#6717,#6718,#6719,
    #6720,#6721,#6722,#6723,#6724,#6725,#6726,#6727,#6728,#6729,#6730,
    #6731,#6732,#6733,#6734,#6735,#6736,#6737,#6738,#6739,#6740,#6741,
    #6742,#6743,#6744,#6745,#6746,#6747,#6748,#6749,#6750,#6751,#6752,
    #6753,#6754,#6755,#6756,#6757,#6758,#6759,#6760,#6761,#6762,#6763,
    #6764,#6765,#6766,#6767,#6768,#6769,#6770,#6771,#6772,#6773,#6774,
    #6775,#6776,#6777,#6778,#6779,#6780,#6781,#6782,#6783,#6784,#6785,
    #6786,#6787,#6788,#6789,#6790,#6791,#6792,#6793,#6794,#6795,#6796,
    #6797,#6798,#6799,#6800,#6801,#6802,#6803,#6804,#6805,#6806,#6807,
    #6808,#6809,#6810,#6811,#6812),.UNSPECIFIED.,.F.,.F.,(9,7,7,7,7,7,7,
    7,7,7,7,7,7,7,7,7,7,7,7,7,9),(0.,9.313312036962E-02,0.113145034162,
    0.153141192448,0.193087751138,0.206060313611,0.218033209706,
    0.303765208828,0.336724735647,0.357705952525,0.401676095559,
    0.423663149451,0.48754026636,0.515525695464,0.533513838519,
    0.565484189676,0.660770906803,0.702671260504,0.741611202119,
    0.85971489729,1.),.UNSPECIFIED.);
#6671 = CARTESIAN_POINT('',(318.00000058443,270.53576000468));
#6672 = CARTESIAN_POINT('',(316.17918409127,271.0313367383));
#6673 = CARTESIAN_POINT('',(314.34807742485,271.48140685434));
#6674 = CARTESIAN_POINT('',(312.50853868986,271.89170076961));
#6675 = CARTESIAN_POINT('',(310.66221852355,272.26751049577));
#6676 = CARTESIAN_POINT('',(308.81057143443,272.61389195077));
#6677 = CARTESIAN_POINT('',(306.95485772961,272.93573866556));
#6678 = CARTESIAN_POINT('',(305.09614380951,273.23780617122));
#6679 = CARTESIAN_POINT('',(302.83546295233,273.58642671862));
#6680 = CARTESIAN_POINT('',(302.43552340641,273.64738894588));
#6681 = CARTESIAN_POINT('',(302.03549981989,273.70769918312));
#6682 = CARTESIAN_POINT('',(301.63540189296,273.76740339384));
#6683 = CARTESIAN_POINT('',(301.23523917682,273.82654735518));
#6684 = CARTESIAN_POINT('',(300.83502107371,273.88517665798));
#6685 = CARTESIAN_POINT('',(300.43475683689,273.94333670672));
#6686 = CARTESIAN_POINT('',(299.23440651121,274.1164649171));
#6687 = CARTESIAN_POINT('',(298.43421295281,274.23018230754));
#6688 = CARTESIAN_POINT('',(297.63385095421,274.34194196664));
#6689 = CARTESIAN_POINT('',(296.83329563206,274.45144319127));
#6690 = CARTESIAN_POINT('',(296.03252802699,274.55841114033));
#6691 = CARTESIAN_POINT('',(295.23152729488,274.66254711156));
#6692 = CARTESIAN_POINT('',(294.43027709069,274.76356849852));
#6693 = CARTESIAN_POINT('',(292.82824044976,274.9586811635));
#6694 = CARTESIAN_POINT('',(292.02745568537,275.05278091289));
#6695 = CARTESIAN_POINT('',(291.22639220309,275.14319764814));
#6696 = CARTESIAN_POINT('',(290.42503788639,275.22964386935));
#6697 = CARTESIAN_POINT('',(289.62338379304,275.31183153546));
#6698 = CARTESIAN_POINT('',(288.82142415506,275.38947206428));
#6699 = CARTESIAN_POINT('',(288.01915637874,275.46227633249));
#6700 = CARTESIAN_POINT('',(286.95594636164,275.5519330779));
#6701 = CARTESIAN_POINT('',(286.69527929664,275.57337088223));
#6702 = CARTESIAN_POINT('',(286.43457989122,275.59425816195));
#6703 = CARTESIAN_POINT('',(286.17384823218,275.61458498305));
#6704 = CARTESIAN_POINT('',(285.91308445151,275.63434140419));
#6705 = CARTESIAN_POINT('',(285.65228872639,275.65351747676));
#6706 = CARTESIAN_POINT('',(285.39146127922,275.67210324485));
#6707 = CARTESIAN_POINT('',(284.88984527728,275.70668828195));
#6708 = CARTESIAN_POINT('',(284.64906992103,275.72277526825));
#6709 = CARTESIAN_POINT('',(284.40827554735,275.73834066728));
#6710 = CARTESIAN_POINT('',(284.1674637288,275.7534170655));
#6711 = CARTESIAN_POINT('',(283.92663304667,275.76798439928));
#6712 = CARTESIAN_POINT('',(283.68578488847,275.78207044186));
#6713 = CARTESIAN_POINT('',(283.44491874367,275.7956721206));
#6714 = CARTESIAN_POINT('',(281.47918541619,275.90280059833));
#6715 = CARTESIAN_POINT('',(279.75324057674,275.97248568999));
#6716 = CARTESIAN_POINT('',(278.02647169975,276.02048482795));
#6717 = CARTESIAN_POINT('',(276.29909814215,276.04940998226));
#6718 = CARTESIAN_POINT('',(274.57128728461,276.06185793186));
#6719 = CARTESIAN_POINT('',(272.843154416,276.06041286037));
#6720 = CARTESIAN_POINT('',(271.11476261773,276.04764895209));
#6721 = CARTESIAN_POINT('',(268.72154983962,276.01786121062));
#6722 = CARTESIAN_POINT('',(268.05694332174,276.0082959618));
#6723 = CARTESIAN_POINT('',(267.39230504224,275.99758308119));
#6724 = CARTESIAN_POINT('',(266.72763655275,275.98586835535));
#6725 = CARTESIAN_POINT('',(266.06293900874,275.97329751758));
#6726 = CARTESIAN_POINT('',(265.39821316962,275.960016248));
#6727 = CARTESIAN_POINT('',(264.73345939863,275.94617017346));
#6728 = CARTESIAN_POINT('',(263.64549410662,275.9228239279));
#6729 = CARTESIAN_POINT('',(263.2222992954,275.9135731207));
#6730 = CARTESIAN_POINT('',(262.79909325422,275.9041900104));
#6731 = CARTESIAN_POINT('',(262.37587599701,275.89471216859));
#6732 = CARTESIAN_POINT('',(261.95264752673,275.88517717404));
#6733 = CARTESIAN_POINT('',(261.52940783533,275.87562261272));
#6734 = CARTESIAN_POINT('',(261.10615690375,275.86608607779));
#6735 = CARTESIAN_POINT('',(259.79586800272,275.83673611768));
#6736 = CARTESIAN_POINT('',(258.90879251683,275.81711135458));
#6737 = CARTESIAN_POINT('',(258.02166724779,275.79807704325));
#6738 = CARTESIAN_POINT('',(257.13449224947,275.77997955444));
#6739 = CARTESIAN_POINT('',(256.24726862604,275.76316546676));
#6740 = CARTESIAN_POINT('',(255.35999853202,275.74798156668));
#6741 = CARTESIAN_POINT('',(254.47268517227,275.7347748485));
#6742 = CARTESIAN_POINT('',(253.14161661092,275.7184508567));
#6743 = CARTESIAN_POINT('',(252.69789084681,275.71359037362));
#6744 = CARTESIAN_POINT('',(252.25415612955,275.70935447194));
#6745 = CARTESIAN_POINT('',(251.81041322529,275.70578654168));
#6746 = CARTESIAN_POINT('',(251.36666304645,275.70292995613));
#6747 = CARTESIAN_POINT('',(250.92290665167,275.70082807179));
#6748 = CARTESIAN_POINT('',(250.47914524584,275.69952422841));
#6749 = CARTESIAN_POINT('',(248.74614729228,275.6977181469));
#6750 = CARTESIAN_POINT('',(247.45688609052,275.70351188001));
#6751 = CARTESIAN_POINT('',(246.16762898571,275.71564488952));
#6752 = CARTESIAN_POINT('',(244.87840236304,275.73329464317));
#6753 = CARTESIAN_POINT('',(243.58922610278,275.75566793952));
#6754 = CARTESIAN_POINT('',(242.30011417763,275.78194334426));
#6755 = CARTESIAN_POINT('',(241.0110740982,275.81131971801));
#6756 = CARTESIAN_POINT('',(239.15739355396,275.8568633158));
#6757 = CARTESIAN_POINT('',(238.59269434134,275.87117802193));
#6758 = CARTESIAN_POINT('',(238.02801004863,275.88586501053));
#6759 = CARTESIAN_POINT('',(237.46334097121,275.9008565144));
#6760 = CARTESIAN_POINT('',(236.89868734579,275.91608481145));
#6761 = CARTESIAN_POINT('',(236.33404935036,275.93148222466));
#6762 = CARTESIAN_POINT('',(235.76942710418,275.94698112212));
#6763 = CARTESIAN_POINT('',(234.84190962192,275.97249790314));
#6764 = CARTESIAN_POINT('',(234.47900512797,275.98249589196));
#6765 = CARTESIAN_POINT('',(234.11610721081,275.99248993502));
#6766 = CARTESIAN_POINT('',(233.75321589961,276.00246208884));
#6767 = CARTESIAN_POINT('',(233.39033122784,276.01239441494));
#6768 = CARTESIAN_POINT('',(233.02745323336,276.02226897985));
#6769 = CARTESIAN_POINT('',(232.66458195835,276.03206785507));
#6770 = CARTESIAN_POINT('',(231.6567978631,276.05902229248));
#6771 = CARTESIAN_POINT('',(231.0118997368,276.07597573868));
#6772 = CARTESIAN_POINT('',(230.36702325845,276.09253286139));
#6773 = CARTESIAN_POINT('',(229.72216881385,276.10859305962));
#6774 = CARTESIAN_POINT('',(229.07733698651,276.12405572558));
#6775 = CARTESIAN_POINT('',(228.43252855772,276.1388202448));
#6776 = CARTESIAN_POINT('',(227.78774450651,276.15278599604));
#6777 = CARTESIAN_POINT('',(225.22130175275,276.2047962495));
#6778 = CARTESIAN_POINT('',(223.29986362499,276.23575006091));
#6779 = CARTESIAN_POINT('',(221.37867917518,276.25604925266));
#6780 = CARTESIAN_POINT('',(219.45780345127,276.26302425999));
#6781 = CARTESIAN_POINT('',(217.53733888989,276.25399596564));
#6782 = CARTESIAN_POINT('',(215.6174352058,276.22627117922));
#6783 = CARTESIAN_POINT('',(213.69828928144,276.17713811661));
#6784 = CARTESIAN_POINT('',(210.93668099446,276.07164017672));
#6785 = CARTESIAN_POINT('',(210.09341454742,276.03475020345));
#6786 = CARTESIAN_POINT('',(209.25036826546,275.99295960193));
#6787 = CARTESIAN_POINT('',(208.4075678559,275.9460351729));
#6788 = CARTESIAN_POINT('',(207.56504218319,275.89374287543));
#6789 = CARTESIAN_POINT('',(206.72282326893,275.83584782686));
#6790 = CARTESIAN_POINT('',(205.88094629186,275.77211430286));
#6791 = CARTESIAN_POINT('',(204.25740768058,275.63742940048));
#6792 = CARTESIAN_POINT('',(203.47569511218,275.56729451547));
#6793 = CARTESIAN_POINT('',(202.69433050692,275.49203796385));
#6794 = CARTESIAN_POINT('',(201.91333074759,275.41179764955));
#6795 = CARTESIAN_POINT('',(201.13271100484,275.32671059296));
#6796 = CARTESIAN_POINT('',(200.35248475376,275.23691212575));
#6797 = CARTESIAN_POINT('',(199.57266377764,275.14253618643));
#6798 = CARTESIAN_POINT('',(196.4293438903,274.74400017736));
#6799 = CARTESIAN_POINT('',(194.06928032316,274.4034107489));
#6800 = CARTESIAN_POINT('',(191.71331118894,274.0256674417));
#6801 = CARTESIAN_POINT('',(189.36159298904,273.61440535737));
#6802 = CARTESIAN_POINT('',(187.01419561641,273.17317283214));
#6803 = CARTESIAN_POINT('',(184.67110235373,272.70543744144));
#6804 = CARTESIAN_POINT('',(182.33220924819,272.21460086559));
#6805 = CARTESIAN_POINT('',(177.22391668349,271.09755114233));
#6806 = CARTESIAN_POINT('',(174.45630872661,270.46325171421));
#6807 = CARTESIAN_POINT('',(171.69476885973,269.79899852672));
#6808 = CARTESIAN_POINT('',(168.93972508787,269.1023255494));
#6809 = CARTESIAN_POINT('',(166.19176905336,268.37037551785));
#6810 = CARTESIAN_POINT('',(163.45171459677,267.59946740739));
#6811 = CARTESIAN_POINT('',(160.72060810983,266.78499989302));
#6812 = CARTESIAN_POINT('',(157.99999941739,265.91939511451));
#6813 = ( GEOMETRIC_REPRESENTATION_CONTEXT(2) 
PARAMETRIC_REPRESENTATION_CONTEXT() REPRESENTATION_CONTEXT('2D SPACE',''
  ) );
#6814 = ORIENTED_EDGE('',*,*,#6815,.T.);
#6815 = EDGE_CURVE('',#6376,#6816,#6818,.T.);
#6816 = VERTEX_POINT('',#6817);
#6817 = CARTESIAN_POINT('',(53.563874240012,23.473884650074,13.));
#6818 = SURFACE_CURVE('',#6819,(#6870,#6924),.PCURVE_S1.);
#6819 = B_SPLINE_CURVE_WITH_KNOTS('',7,(#6820,#6821,#6822,#6823,#6824,
    #6825,#6826,#6827,#6828,#6829,#6830,#6831,#6832,#6833,#6834,#6835,
    #6836,#6837,#6838,#6839,#6840,#6841,#6842,#6843,#6844,#6845,#6846,
    #6847,#6848,#6849,#6850,#6851,#6852,#6853,#6854,#6855,#6856,#6857,
    #6858,#6859,#6860,#6861,#6862,#6863,#6864,#6865,#6866,#6867,#6868,
    #6869),.UNSPECIFIED.,.F.,.F.,(8,6,6,6,6,6,6,6,8),(0.,0.152506915824,
    0.309606564769,0.414330455864,0.515885655022,0.604385557192,
    0.717447190798,0.859312669543,1.),.UNSPECIFIED.);
#6820 = CARTESIAN_POINT('',(50.404500568768,24.420572900861,
    12.088014810496));
#6821 = CARTESIAN_POINT('',(50.382200445361,24.335974406426,
    12.265334980188));
#6822 = CARTESIAN_POINT('',(50.364840626086,24.24888344581,
    12.442542790005));
#6823 = CARTESIAN_POINT('',(50.352682743246,24.159294596526,
    12.619509153095));
#6824 = CARTESIAN_POINT('',(50.346098553309,24.067228036746,
    12.796030949353));
#6825 = CARTESIAN_POINT('',(50.345553985554,23.972738368524,
    12.97183238171));
#6826 = CARTESIAN_POINT('',(50.351640176363,23.87591974677,
    13.146561662466));
#6827 = CARTESIAN_POINT('',(50.379069693996,23.674913129958,13.498220944
    ));
#6828 = CARTESIAN_POINT('',(50.400845839421,23.570742970663,
    13.674792957737));
#6829 = CARTESIAN_POINT('',(50.431337838806,23.464395571273,
    13.849311580406));
#6830 = CARTESIAN_POINT('',(50.471646590968,23.356132750846,
    14.021066866994));
#6831 = CARTESIAN_POINT('',(50.523183729293,23.246555762785,
    14.188782625487));
#6832 = CARTESIAN_POINT('',(50.587472851339,23.136638144575,
    14.350713131327));
#6833 = CARTESIAN_POINT('',(50.719675532332,22.955335400727,
    14.606782710455));
#6834 = CARTESIAN_POINT('',(50.779150617356,22.883438145398,
    14.705358951207));
#6835 = CARTESIAN_POINT('',(50.845864065096,22.812591825038,
    14.799373233754));
#6836 = CARTESIAN_POINT('',(50.920424039645,22.743586024309,
    14.887591081158));
#6837 = CARTESIAN_POINT('',(51.003272716026,22.677547356085,
    14.96837892625));
#6838 = CARTESIAN_POINT('',(51.094573123167,22.615927453663,
    15.039775435368));
#6839 = CARTESIAN_POINT('',(51.290188926933,22.506396708885,
    15.157954347132));
#6840 = CARTESIAN_POINT('',(51.394353559123,22.457866316108,
    15.205689043653));
#6841 = CARTESIAN_POINT('',(51.505075640915,22.416984540474,
    15.240263439684));
#6842 = CARTESIAN_POINT('',(51.620627259238,22.385297313395,
    15.260019927843));
#6843 = CARTESIAN_POINT('',(51.738854314249,22.363641598979,
    15.264356518746));
#6844 = CARTESIAN_POINT('',(51.857176519335,22.352145394021,
    15.253726841008));
#6845 = CARTESIAN_POINT('',(52.073161786574,22.34855658507,
    15.208649875948));
#6846 = CARTESIAN_POINT('',(52.171923099517,22.354149321966,
    15.177358608354));
#6847 = CARTESIAN_POINT('',(52.267735100684,22.366337984828,
    15.136923474045));
#6848 = CARTESIAN_POINT('',(52.359771629235,22.384427585248,
    15.088461896158));
#6849 = CARTESIAN_POINT('',(52.447516602748,22.407696100286,
    15.03305158538));
#6850 = CARTESIAN_POINT('',(52.530764017216,22.435394472465,
    14.971730539951));
#6851 = CARTESIAN_POINT('',(52.710356523075,22.506800031014,
    14.820881505078));
#6852 = CARTESIAN_POINT('',(52.803816412544,22.552901904041,
    14.728165922086));
#6853 = CARTESIAN_POINT('',(52.890196352709,22.60378763633,
    14.628958804932));
#6854 = CARTESIAN_POINT('',(52.969740026477,22.658432180122,
    14.524540153623));
#6855 = CARTESIAN_POINT('',(53.042798306226,22.716001366255,
    14.415938226406));
#6856 = CARTESIAN_POINT('',(53.109770939391,22.775875226655,
    14.303888443152));
#6857 = CARTESIAN_POINT('',(53.247997576884,22.915138168709,
    14.044438429914));
#6858 = CARTESIAN_POINT('',(53.315898548741,22.995515248621,
    13.895486721832));
#6859 = CARTESIAN_POINT('',(53.375565913624,23.07786459097,
    13.742974548777));
#6860 = CARTESIAN_POINT('',(53.427599169141,23.161508707806,
    13.587680767623));
#6861 = CARTESIAN_POINT('',(53.472552340853,23.245924723312,
    13.430214566716));
#6862 = CARTESIAN_POINT('',(53.510907751675,23.330738168037,
    13.271004362689));
#6863 = CARTESIAN_POINT('',(53.574983987973,23.499957448833,
    12.950934562859));
#6864 = CARTESIAN_POINT('',(53.600792503438,23.584322302823,
    12.790172509054));
#6865 = CARTESIAN_POINT('',(53.620904944876,23.66852101104,
    12.628324630282));
#6866 = CARTESIAN_POINT('',(53.635641441548,23.752337373154,
    12.465654186862));
#6867 = CARTESIAN_POINT('',(53.645267214175,23.835602283662,
    12.302382608723));
#6868 = CARTESIAN_POINT('',(53.65,23.918186923411,12.138690964219));
#6869 = CARTESIAN_POINT('',(53.65,24.,11.974719368923));
#6870 = PCURVE('',#2970,#6871);
#6871 = DEFINITIONAL_REPRESENTATION('',(#6872),#6923);
#6872 = B_SPLINE_CURVE_WITH_KNOTS('',7,(#6873,#6874,#6875,#6876,#6877,
    #6878,#6879,#6880,#6881,#6882,#6883,#6884,#6885,#6886,#6887,#6888,
    #6889,#6890,#6891,#6892,#6893,#6894,#6895,#6896,#6897,#6898,#6899,
    #6900,#6901,#6902,#6903,#6904,#6905,#6906,#6907,#6908,#6909,#6910,
    #6911,#6912,#6913,#6914,#6915,#6916,#6917,#6918,#6919,#6920,#6921,
    #6922),.UNSPECIFIED.,.F.,.F.,(8,6,6,6,6,6,6,6,8),(0.,0.152506915824,
    0.309606564769,0.414330455864,0.515885655022,0.604385557192,
    0.717447190798,0.859312669543,1.),.UNSPECIFIED.);
#6873 = CARTESIAN_POINT('',(5.172023043748,57.934184112439));
#6874 = CARTESIAN_POINT('',(5.179232471161,57.956619562645));
#6875 = CARTESIAN_POINT('',(5.186477025915,57.974084662157));
#6876 = CARTESIAN_POINT('',(5.193753847129,57.986316246703));
#6877 = CARTESIAN_POINT('',(5.201057327282,57.99294034074));
#6878 = CARTESIAN_POINT('',(5.208379039475,57.993488211384));
#6879 = CARTESIAN_POINT('',(5.215707568806,57.987365137174));
#6880 = CARTESIAN_POINT('',(5.230569388589,57.959769286711));
#6881 = CARTESIAN_POINT('',(5.238090965364,57.937861066017));
#6882 = CARTESIAN_POINT('',(5.245588861196,57.907184060128));
#6883 = CARTESIAN_POINT('',(5.253037690668,57.866630597428));
#6884 = CARTESIAN_POINT('',(5.26038814572,57.814780265434));
#6885 = CARTESIAN_POINT('',(5.267569241822,57.75009988348));
#6886 = CARTESIAN_POINT('',(5.279081177825,57.617090436766));
#6887 = CARTESIAN_POINT('',(5.283556659358,57.557251932385));
#6888 = CARTESIAN_POINT('',(5.287873029633,57.490130181067));
#6889 = CARTESIAN_POINT('',(5.291977027197,57.415112956921));
#6890 = CARTESIAN_POINT('',(5.295796216801,57.331754900209));
#6891 = CARTESIAN_POINT('',(5.299241065717,57.239891259744));
#6892 = CARTESIAN_POINT('',(5.305102954834,57.043063623357));
#6893 = CARTESIAN_POINT('',(5.307561860642,56.938251611395));
#6894 = CARTESIAN_POINT('',(5.30946368463,56.826838279227));
#6895 = CARTESIAN_POINT('',(5.310724916875,56.710561450916));
#6896 = CARTESIAN_POINT('',(5.311308603398,56.591588147848));
#6897 = CARTESIAN_POINT('',(5.311224346158,56.472514588723));
#6898 = CARTESIAN_POINT('',(5.309921738875,56.2551490973));
#6899 = CARTESIAN_POINT('',(5.308848486033,56.155753111509));
#6900 = CARTESIAN_POINT('',(5.307356892113,56.059321905271));
#6901 = CARTESIAN_POINT('',(5.305494883457,55.966687191634));
#6902 = CARTESIAN_POINT('',(5.30330996517,55.878368723606));
#6903 = CARTESIAN_POINT('',(5.300849221116,55.794574294165));
#6904 = CARTESIAN_POINT('',(5.294722866038,55.613796040147));
#6905 = CARTESIAN_POINT('',(5.290908066836,55.519714708848));
#6906 = CARTESIAN_POINT('',(5.286790203385,55.432756637416));
#6907 = CARTESIAN_POINT('',(5.282429842373,55.352677432604));
#6908 = CARTESIAN_POINT('',(5.277876009917,55.27912468875));
#6909 = CARTESIAN_POINT('',(5.273164332223,55.211696647225));
#6910 = CARTESIAN_POINT('',(5.262234166287,55.072526142885));
#6911 = CARTESIAN_POINT('',(5.255945273743,55.004158512581));
#6912 = CARTESIAN_POINT('',(5.249500145483,54.944078888963));
#6913 = CARTESIAN_POINT('',(5.242937103505,54.891684549327));
#6914 = CARTESIAN_POINT('',(5.236286020822,54.846418330668));
#6915 = CARTESIAN_POINT('',(5.229568080046,54.807795074381));
#6916 = CARTESIAN_POINT('',(5.216080839124,54.743270412734));
#6917 = CARTESIAN_POINT('',(5.209315499147,54.717280713232));
#6918 = CARTESIAN_POINT('',(5.202515684413,54.697026766777));
#6919 = CARTESIAN_POINT('',(5.19569414346,54.682186445359));
#6920 = CARTESIAN_POINT('',(5.18886134974,54.672492809649));
#6921 = CARTESIAN_POINT('',(5.182025696476,54.667726657136));
#6922 = CARTESIAN_POINT('',(5.175193546672,54.667726657136));
#6923 = ( GEOMETRIC_REPRESENTATION_CONTEXT(2) 
PARAMETRIC_REPRESENTATION_CONTEXT() REPRESENTATION_CONTEXT('2D SPACE',''
  ) );
#6924 = PCURVE('',#1730,#6925);
#6925 = DEFINITIONAL_REPRESENTATION('',(#6926),#6977);
#6926 = B_SPLINE_CURVE_WITH_KNOTS('',7,(#6927,#6928,#6929,#6930,#6931,
    #6932,#6933,#6934,#6935,#6936,#6937,#6938,#6939,#6940,#6941,#6942,
    #6943,#6944,#6945,#6946,#6947,#6948,#6949,#6950,#6951,#6952,#6953,
    #6954,#6955,#6956,#6957,#6958,#6959,#6960,#6961,#6962,#6963,#6964,
    #6965,#6966,#6967,#6968,#6969,#6970,#6971,#6972,#6973,#6974,#6975,
    #6976),.UNSPECIFIED.,.F.,.F.,(8,6,6,6,6,6,6,6,8),(0.,0.152506915824,
    0.309606564769,0.414330455864,0.515885655022,0.604385557192,
    0.717447190798,0.859312669543,1.),.UNSPECIFIED.);
#6927 = CARTESIAN_POINT('',(2.883855951193,6.088014810496));
#6928 = CARTESIAN_POINT('',(2.93687915683,6.265334980188));
#6929 = CARTESIAN_POINT('',(2.990600183645,6.442542790005));
#6930 = CARTESIAN_POINT('',(3.045223627508,6.619509153095));
#6931 = CARTESIAN_POINT('',(3.100956144116,6.796030949353));
#6932 = CARTESIAN_POINT('',(3.158013925198,6.97183238171));
#6933 = CARTESIAN_POINT('',(3.216652052048,7.146561662466));
#6934 = CARTESIAN_POINT('',(3.339603270756,7.498220944));
#6935 = CARTESIAN_POINT('',(3.40394086111,7.674792957738));
#6936 = CARTESIAN_POINT('',(3.470699917842,7.849311580406));
#6937 = CARTESIAN_POINT('',(3.540308976489,8.021066866994));
#6938 = CARTESIAN_POINT('',(3.613256274974,8.188782625487));
#6939 = CARTESIAN_POINT('',(3.690039419406,8.350713131327));
#6940 = CARTESIAN_POINT('',(3.826029795812,8.606782710455));
#6941 = CARTESIAN_POINT('',(3.8824751407,8.705358951207));
#6942 = CARTESIAN_POINT('',(3.94125270346,8.799373233754));
#6943 = CARTESIAN_POINT('',(4.002547759757,8.887591081158));
#6944 = CARTESIAN_POINT('',(4.06644909397,8.96837892625));
#6945 = CARTESIAN_POINT('',(4.132974665604,9.039775435368));
#6946 = CARTESIAN_POINT('',(4.268849245507,9.157954347132));
#6947 = CARTESIAN_POINT('',(4.338209814341,9.205689043653));
#6948 = CARTESIAN_POINT('',(4.409386116957,9.240263439684));
#6949 = CARTESIAN_POINT('',(4.481628402368,9.260019927843));
#6950 = CARTESIAN_POINT('',(4.554088311202,9.264356518746));
#6951 = CARTESIAN_POINT('',(4.6258188757,9.253726841008));
#6952 = CARTESIAN_POINT('',(4.756737106602,9.208649875948));
#6953 = CARTESIAN_POINT('',(4.816530494574,9.177358608354));
#6954 = CARTESIAN_POINT('',(4.874842696859,9.136923474045));
#6955 = CARTESIAN_POINT('',(4.931469804958,9.088461896158));
#6956 = CARTESIAN_POINT('',(4.98631598865,9.03305158538));
#6957 = CARTESIAN_POINT('',(5.039393495993,8.971730539951));
#6958 = CARTESIAN_POINT('',(5.156525150163,8.820881505078));
#6959 = CARTESIAN_POINT('',(5.219482859215,8.728165922086));
#6960 = CARTESIAN_POINT('',(5.279987387836,8.628958804931));
#6961 = CARTESIAN_POINT('',(5.338237184863,8.524540153624));
#6962 = CARTESIAN_POINT('',(5.394432291828,8.415938226406));
#6963 = CARTESIAN_POINT('',(5.448780498952,8.303888443152));
#6964 = CARTESIAN_POINT('',(5.567699366654,8.044438429914));
#6965 = CARTESIAN_POINT('',(5.631263457091,7.895486721832));
#6966 = CARTESIAN_POINT('',(5.692633491079,7.742974548777));
#6967 = CARTESIAN_POINT('',(5.752081416914,7.587680767623));
#6968 = CARTESIAN_POINT('',(5.809848248566,7.430214566716));
#6969 = CARTESIAN_POINT('',(5.866151166536,7.271004362689));
#6970 = CARTESIAN_POINT('',(5.975814528291,6.950934562859));
#6971 = CARTESIAN_POINT('',(6.029170577006,6.790172509054));
#6972 = CARTESIAN_POINT('',(6.081475410586,6.628324630282));
#6973 = CARTESIAN_POINT('',(6.132887887585,6.465654186862));
#6974 = CARTESIAN_POINT('',(6.183550221636,6.302382608723));
#6975 = CARTESIAN_POINT('',(6.233601624398,6.138690964219));
#6976 = CARTESIAN_POINT('',(6.28318530718,5.974719368923));
#6977 = ( GEOMETRIC_REPRESENTATION_CONTEXT(2) 
PARAMETRIC_REPRESENTATION_CONTEXT() REPRESENTATION_CONTEXT('2D SPACE',''
  ) );
#6978 = ORIENTED_EDGE('',*,*,#6979,.F.);
#6979 = EDGE_CURVE('',#3111,#6816,#6980,.T.);
#6980 = SURFACE_CURVE('',#6981,(#7124,#7270),.PCURVE_S1.);
#6981 = B_SPLINE_CURVE_WITH_KNOTS('',8,(#6982,#6983,#6984,#6985,#6986,
    #6987,#6988,#6989,#6990,#6991,#6992,#6993,#6994,#6995,#6996,#6997,
    #6998,#6999,#7000,#7001,#7002,#7003,#7004,#7005,#7006,#7007,#7008,
    #7009,#7010,#7011,#7012,#7013,#7014,#7015,#7016,#7017,#7018,#7019,
    #7020,#7021,#7022,#7023,#7024,#7025,#7026,#7027,#7028,#7029,#7030,
    #7031,#7032,#7033,#7034,#7035,#7036,#7037,#7038,#7039,#7040,#7041,
    #7042,#7043,#7044,#7045,#7046,#7047,#7048,#7049,#7050,#7051,#7052,
    #7053,#7054,#7055,#7056,#7057,#7058,#7059,#7060,#7061,#7062,#7063,
    #7064,#7065,#7066,#7067,#7068,#7069,#7070,#7071,#7072,#7073,#7074,
    #7075,#7076,#7077,#7078,#7079,#7080,#7081,#7082,#7083,#7084,#7085,
    #7086,#7087,#7088,#7089,#7090,#7091,#7092,#7093,#7094,#7095,#7096,
    #7097,#7098,#7099,#7100,#7101,#7102,#7103,#7104,#7105,#7106,#7107,
    #7108,#7109,#7110,#7111,#7112,#7113,#7114,#7115,#7116,#7117,#7118,
    #7119,#7120,#7121,#7122,#7123),.UNSPECIFIED.,.F.,.F.,(9,7,7,7,7,7,7,
    7,7,7,7,7,7,7,7,7,7,7,7,7,9),(0.,9.313312036962E-02,0.113145034162,
    0.153141192448,0.193087751138,0.206060313611,0.218033209706,
    0.303765208828,0.336724735647,0.357705952525,0.401676095559,
    0.423663149451,0.48754026636,0.515525695464,0.533513838519,
    0.565484189676,0.660770906803,0.702671260504,0.741611202119,
    0.85971489729,1.),.UNSPECIFIED.);
#6982 = CARTESIAN_POINT('',(68.000000584435,20.535760004689,13.));
#6983 = CARTESIAN_POINT('',(66.179184091274,21.031336738302,13.));
#6984 = CARTESIAN_POINT('',(64.348077424852,21.481406854347,13.));
#6985 = CARTESIAN_POINT('',(62.508538689861,21.891700769616,13.));
#6986 = CARTESIAN_POINT('',(60.662218523553,22.267510495778,13.));
#6987 = CARTESIAN_POINT('',(58.810571434434,22.613891950775,13.));
#6988 = CARTESIAN_POINT('',(56.954857729617,22.93573866556,13.));
#6989 = CARTESIAN_POINT('',(55.09614380951,23.237806171224,13.));
#6990 = CARTESIAN_POINT('',(52.835462952338,23.586426718622,13.));
#6991 = CARTESIAN_POINT('',(52.435523406418,23.647388945882,13.));
#6992 = CARTESIAN_POINT('',(52.035499819899,23.707699183128,13.));
#6993 = CARTESIAN_POINT('',(51.635401892966,23.767403393844,13.));
#6994 = CARTESIAN_POINT('',(51.235239176828,23.826547355186,13.));
#6995 = CARTESIAN_POINT('',(50.835021073719,23.885176657981,13.));
#6996 = CARTESIAN_POINT('',(50.434756836898,23.943336706724,13.));
#6997 = CARTESIAN_POINT('',(49.234406511215,24.116464917106,13.));
#6998 = CARTESIAN_POINT('',(48.434212952817,24.230182307548,13.));
#6999 = CARTESIAN_POINT('',(47.633850954219,24.341941966647,13.));
#7000 = CARTESIAN_POINT('',(46.833295632068,24.45144319127,13.));
#7001 = CARTESIAN_POINT('',(46.032528026998,24.558411140337,13.));
#7002 = CARTESIAN_POINT('',(45.231527294889,24.662547111569,13.));
#7003 = CARTESIAN_POINT('',(44.43027709069,24.763568498525,13.));
#7004 = CARTESIAN_POINT('',(42.828240449762,24.958681163509,13.));
#7005 = CARTESIAN_POINT('',(42.027455685372,25.052780912892,13.));
#7006 = CARTESIAN_POINT('',(41.22639220309,25.143197648149,13.));
#7007 = CARTESIAN_POINT('',(40.425037886398,25.229643869357,13.));
#7008 = CARTESIAN_POINT('',(39.623383793048,25.311831535462,13.));
#7009 = CARTESIAN_POINT('',(38.821424155065,25.38947206428,13.));
#7010 = CARTESIAN_POINT('',(38.019156378742,25.462276332496,13.));
#7011 = CARTESIAN_POINT('',(36.955946361647,25.5519330779,13.));
#7012 = CARTESIAN_POINT('',(36.695279296645,25.573370882236,13.));
#7013 = CARTESIAN_POINT('',(36.434579891229,25.594258161958,13.));
#7014 = CARTESIAN_POINT('',(36.173848232188,25.61458498305,13.));
#7015 = CARTESIAN_POINT('',(35.913084451514,25.634341404193,13.));
#7016 = CARTESIAN_POINT('',(35.652288726396,25.653517476769,13.));
#7017 = CARTESIAN_POINT('',(35.391461279225,25.672103244855,13.));
#7018 = CARTESIAN_POINT('',(34.88984527728,25.706688281955,13.));
#7019 = CARTESIAN_POINT('',(34.649069921034,25.722775268255,13.));
#7020 = CARTESIAN_POINT('',(34.408275547355,25.738340667287,13.));
#7021 = CARTESIAN_POINT('',(34.167463728807,25.753417065507,13.));
#7022 = CARTESIAN_POINT('',(33.926633046671,25.767984399284,13.));
#7023 = CARTESIAN_POINT('',(33.685784888471,25.782070441867,13.));
#7024 = CARTESIAN_POINT('',(33.444918743672,25.795672120602,13.));
#7025 = CARTESIAN_POINT('',(31.479185416198,25.902800598334,13.));
#7026 = CARTESIAN_POINT('',(29.753240576749,25.972485689996,13.));
#7027 = CARTESIAN_POINT('',(28.026471699759,26.02048482795,13.));
#7028 = CARTESIAN_POINT('',(26.29909814215,26.049409982269,13.));
#7029 = CARTESIAN_POINT('',(24.571287284613,26.06185793186,13.));
#7030 = CARTESIAN_POINT('',(22.843154416003,26.060412860373,13.));
#7031 = CARTESIAN_POINT('',(21.114762617733,26.047648952097,13.));
#7032 = CARTESIAN_POINT('',(18.721549839626,26.017861210621,13.));
#7033 = CARTESIAN_POINT('',(18.056943321745,26.008295961803,13.));
#7034 = CARTESIAN_POINT('',(17.392305042249,25.997583081197,13.));
#7035 = CARTESIAN_POINT('',(16.727636552752,25.985868355351,13.));
#7036 = CARTESIAN_POINT('',(16.062939008749,25.973297517589,13.));
#7037 = CARTESIAN_POINT('',(15.398213169622,25.960016248005,13.));
#7038 = CARTESIAN_POINT('',(14.733459398631,25.946170173467,13.));
#7039 = CARTESIAN_POINT('',(13.645494106621,25.922823927903,13.));
#7040 = CARTESIAN_POINT('',(13.222299295405,25.913573120706,13.));
#7041 = CARTESIAN_POINT('',(12.799093254221,25.904190010409,13.));
#7042 = CARTESIAN_POINT('',(12.375875997014,25.894712168597,13.));
#7043 = CARTESIAN_POINT('',(11.952647526733,25.885177174044,13.));
#7044 = CARTESIAN_POINT('',(11.52940783533,25.875622612723,13.));
#7045 = CARTESIAN_POINT('',(11.106156903759,25.866086077799,13.));
#7046 = CARTESIAN_POINT('',(9.795868002729,25.836736117682,13.));
#7047 = CARTESIAN_POINT('',(8.908792516831,25.817111354587,13.));
#7048 = CARTESIAN_POINT('',(8.021667247795,25.798077043255,13.));
#7049 = CARTESIAN_POINT('',(7.13449224947,25.779979554444,13.));
#7050 = CARTESIAN_POINT('',(6.24726862604,25.763165466766,13.));
#7051 = CARTESIAN_POINT('',(5.359998532023,25.74798156668,13.));
#7052 = CARTESIAN_POINT('',(4.472685172271,25.7347748485,13.));
#7053 = CARTESIAN_POINT('',(3.141616610928,25.718450856706,13.));
#7054 = CARTESIAN_POINT('',(2.697890846816,25.713590373626,13.));
#7055 = CARTESIAN_POINT('',(2.254156129553,25.709354471941,13.));
#7056 = CARTESIAN_POINT('',(1.810413225298,25.705786541685,13.));
#7057 = CARTESIAN_POINT('',(1.366663046457,25.702929956131,13.));
#7058 = CARTESIAN_POINT('',(0.922906651676,25.700828071791,13.));
#7059 = CARTESIAN_POINT('',(0.479145245849,25.699524228417,13.));
#7060 = CARTESIAN_POINT('',(-1.25385270772,25.697718146901,13.));
#7061 = CARTESIAN_POINT('',(-2.543113909477,25.703511880016,13.));
#7062 = CARTESIAN_POINT('',(-3.832371014286,25.71564488952,13.));
#7063 = CARTESIAN_POINT('',(-5.121597636951,25.733294643174,13.));
#7064 = CARTESIAN_POINT('',(-6.410773897217,25.755667939525,13.));
#7065 = CARTESIAN_POINT('',(-7.699885822367,25.781943344268,13.));
#7066 = CARTESIAN_POINT('',(-8.988925901791,25.811319718011,13.));
#7067 = CARTESIAN_POINT('',(-10.84260644603,25.856863315803,13.));
#7068 = CARTESIAN_POINT('',(-11.40730565865,25.871178021936,13.));
#7069 = CARTESIAN_POINT('',(-11.97198995136,25.885865010533,13.));
#7070 = CARTESIAN_POINT('',(-12.53665902878,25.900856514404,13.));
#7071 = CARTESIAN_POINT('',(-13.1013126542,25.91608481145,13.));
#7072 = CARTESIAN_POINT('',(-13.66595064963,25.931482224662,13.));
#7073 = CARTESIAN_POINT('',(-14.23057289581,25.946981122122,13.));
#7074 = CARTESIAN_POINT('',(-15.15809037807,25.972497903144,13.));
#7075 = CARTESIAN_POINT('',(-15.52099487202,25.982495891969,13.));
#7076 = CARTESIAN_POINT('',(-15.88389278918,25.992489935022,13.));
#7077 = CARTESIAN_POINT('',(-16.24678410039,26.00246208884,13.));
#7078 = CARTESIAN_POINT('',(-16.60966877215,26.012394414947,13.));
#7079 = CARTESIAN_POINT('',(-16.97254676663,26.022268979856,13.));
#7080 = CARTESIAN_POINT('',(-17.33541804164,26.032067855072,13.));
#7081 = CARTESIAN_POINT('',(-18.3432021369,26.059022292486,13.));
#7082 = CARTESIAN_POINT('',(-18.98810026319,26.075975738683,13.));
#7083 = CARTESIAN_POINT('',(-19.63297674154,26.092532861399,13.));
#7084 = CARTESIAN_POINT('',(-20.27783118614,26.10859305962,13.));
#7085 = CARTESIAN_POINT('',(-20.92266301348,26.124055725588,13.));
#7086 = CARTESIAN_POINT('',(-21.56747144227,26.138820244808,13.));
#7087 = CARTESIAN_POINT('',(-22.21225549348,26.152785996048,13.));
#7088 = CARTESIAN_POINT('',(-24.77869824724,26.204796249505,13.));
#7089 = CARTESIAN_POINT('',(-26.700136375,26.235750060911,13.));
#7090 = CARTESIAN_POINT('',(-28.62132082481,26.256049252663,13.));
#7091 = CARTESIAN_POINT('',(-30.54219654872,26.263024259995,13.));
#7092 = CARTESIAN_POINT('',(-32.4626611101,26.253995965642,13.));
#7093 = CARTESIAN_POINT('',(-34.38256479419,26.226271179222,13.));
#7094 = CARTESIAN_POINT('',(-36.30171071855,26.17713811661,13.));
#7095 = CARTESIAN_POINT('',(-39.06331900553,26.071640176729,13.));
#7096 = CARTESIAN_POINT('',(-39.90658545257,26.034750203453,13.));
#7097 = CARTESIAN_POINT('',(-40.74963173453,25.99295960193,13.));
#7098 = CARTESIAN_POINT('',(-41.59243214409,25.946035172906,13.));
#7099 = CARTESIAN_POINT('',(-42.4349578168,25.893742875431,13.));
#7100 = CARTESIAN_POINT('',(-43.27717673106,25.835847826862,13.));
#7101 = CARTESIAN_POINT('',(-44.11905370813,25.772114302862,13.));
#7102 = CARTESIAN_POINT('',(-45.74259231941,25.637429400488,13.));
#7103 = CARTESIAN_POINT('',(-46.52430488781,25.567294515472,13.));
#7104 = CARTESIAN_POINT('',(-47.30566949307,25.492037963852,13.));
#7105 = CARTESIAN_POINT('',(-48.0866692524,25.41179764955,13.));
#7106 = CARTESIAN_POINT('',(-48.86728899515,25.326710592961,13.));
#7107 = CARTESIAN_POINT('',(-49.64751524623,25.236912125756,13.));
#7108 = CARTESIAN_POINT('',(-50.42733622235,25.142536186434,13.));
#7109 = CARTESIAN_POINT('',(-53.57065610969,24.74400017736,13.));
#7110 = CARTESIAN_POINT('',(-55.93071967683,24.403410748904,13.));
#7111 = CARTESIAN_POINT('',(-58.28668881105,24.025667441709,13.));
#7112 = CARTESIAN_POINT('',(-60.63840701095,23.614405357376,13.));
#7113 = CARTESIAN_POINT('',(-62.98580438358,23.173172832142,13.));
#7114 = CARTESIAN_POINT('',(-65.32889764626,22.705437441445,13.));
#7115 = CARTESIAN_POINT('',(-67.66779075181,22.214600865591,13.));
#7116 = CARTESIAN_POINT('',(-72.7760833165,21.097551142338,13.));
#7117 = CARTESIAN_POINT('',(-75.54369127338,20.463251714219,13.));
#7118 = CARTESIAN_POINT('',(-78.30523114026,19.798998526724,13.));
#7119 = CARTESIAN_POINT('',(-81.06027491212,19.102325549401,13.));
#7120 = CARTESIAN_POINT('',(-83.80823094663,18.370375517859,13.));
#7121 = CARTESIAN_POINT('',(-86.54828540322,17.599467407392,13.));
#7122 = CARTESIAN_POINT('',(-89.27939189016,16.784999893022,13.));
#7123 = CARTESIAN_POINT('',(-92.00000058261,15.919395114519,13.));
#7124 = PCURVE('',#2970,#7125);
#7125 = DEFINITIONAL_REPRESENTATION('',(#7126),#7269);
#7126 = B_SPLINE_CURVE_WITH_KNOTS('',8,(#7127,#7128,#7129,#7130,#7131,
    #7132,#7133,#7134,#7135,#7136,#7137,#7138,#7139,#7140,#7141,#7142,
    #7143,#7144,#7145,#7146,#7147,#7148,#7149,#7150,#7151,#7152,#7153,
    #7154,#7155,#7156,#7157,#7158,#7159,#7160,#7161,#7162,#7163,#7164,
    #7165,#7166,#7167,#7168,#7169,#7170,#7171,#7172,#7173,#7174,#7175,
    #7176,#7177,#7178,#7179,#7180,#7181,#7182,#7183,#7184,#7185,#7186,
    #7187,#7188,#7189,#7190,#7191,#7192,#7193,#7194,#7195,#7196,#7197,
    #7198,#7199,#7200,#7201,#7202,#7203,#7204,#7205,#7206,#7207,#7208,
    #7209,#7210,#7211,#7212,#7213,#7214,#7215,#7216,#7217,#7218,#7219,
    #7220,#7221,#7222,#7223,#7224,#7225,#7226,#7227,#7228,#7229,#7230,
    #7231,#7232,#7233,#7234,#7235,#7236,#7237,#7238,#7239,#7240,#7241,
    #7242,#7243,#7244,#7245,#7246,#7247,#7248,#7249,#7250,#7251,#7252,
    #7253,#7254,#7255,#7256,#7257,#7258,#7259,#7260,#7261,#7262,#7263,
    #7264,#7265,#7266,#7267,#7268),.UNSPECIFIED.,.F.,.F.,(9,7,7,7,7,7,7,
    7,7,7,7,7,7,7,7,7,7,7,7,7,9),(0.,9.313312036962E-02,0.113145034162,
    0.153141192448,0.193087751138,0.206060313611,0.218033209706,
    0.303765208828,0.336724735647,0.357705952525,0.401676095559,
    0.423663149451,0.48754026636,0.515525695464,0.533513838519,
    0.565484189676,0.660770906803,0.702671260504,0.741611202119,
    0.85971489729,1.),.UNSPECIFIED.);
#7127 = CARTESIAN_POINT('',(5.276750465651,40.106873625679));
#7128 = CARTESIAN_POINT('',(5.265844240251,41.976183039892));
#7129 = CARTESIAN_POINT('',(5.25636892763,43.847360918173));
#7130 = CARTESIAN_POINT('',(5.248034958227,45.719620462777));
#7131 = CARTESIAN_POINT('',(5.240628860606,47.592417841762));
#7132 = CARTESIAN_POINT('',(5.233979501217,49.465421057154));
#7133 = CARTESIAN_POINT('',(5.2279430772,51.338496918066));
#7134 = CARTESIAN_POINT('',(5.222397040707,53.211706672794));
#7135 = CARTESIAN_POINT('',(5.216123542198,55.48788808696));
#7136 = CARTESIAN_POINT('',(5.215031605169,55.890488990791));
#7137 = CARTESIAN_POINT('',(5.213956256531,56.293104915511));
#7138 = CARTESIAN_POINT('',(5.212896458876,56.695737364355));
#7139 = CARTESIAN_POINT('',(5.211851202964,57.098387993687));
#7140 = CARTESIAN_POINT('',(5.210819507726,57.501058613004));
#7141 = CARTESIAN_POINT('',(5.209800420261,57.903751184933));
#7142 = CARTESIAN_POINT('',(5.206779599875,59.111344293177));
#7143 = CARTESIAN_POINT('',(5.204812513694,59.916316425875));
#7144 = CARTESIAN_POINT('',(5.20289559641,60.72139818599));
#7145 = CARTESIAN_POINT('',(5.201032806674,61.52660157215));
#7146 = CARTESIAN_POINT('',(5.199227486589,62.331936545495));
#7147 = CARTESIAN_POINT('',(5.197483256449,63.137411186898));
#7148 = CARTESIAN_POINT('',(5.195803345389,63.943031530105));
#7149 = CARTESIAN_POINT('',(5.192580713181,65.55357272762));
#7150 = CARTESIAN_POINT('',(5.19103785491,66.35849223333));
#7151 = CARTESIAN_POINT('',(5.189565623719,67.163564400646));
#7152 = CARTESIAN_POINT('',(5.188167177998,67.968790160639));
#7153 = CARTESIAN_POINT('',(5.186845665557,68.774167242256));
#7154 = CARTESIAN_POINT('',(5.185604223624,69.579690172321));
#7155 = CARTESIAN_POINT('',(5.184445978849,70.385350275533));
#7156 = CARTESIAN_POINT('',(5.183025939741,71.452812819393));
#7157 = CARTESIAN_POINT('',(5.182686938585,71.714503125302));
#7158 = CARTESIAN_POINT('',(5.182357152608,71.976206164031));
#7159 = CARTESIAN_POINT('',(5.182036691484,72.237921462142));
#7160 = CARTESIAN_POINT('',(5.181725665787,72.499648500923));
#7161 = CARTESIAN_POINT('',(5.181424186988,72.761386716387));
#7162 = CARTESIAN_POINT('',(5.181132367457,73.023135499273));
#7163 = CARTESIAN_POINT('',(5.180590008022,73.526481751308));
#7164 = CARTESIAN_POINT('',(5.180338039463,73.768069165203));
#7165 = CARTESIAN_POINT('',(5.180094522565,74.009656859392));
#7166 = CARTESIAN_POINT('',(5.179858914537,74.251244175236));
#7167 = CARTESIAN_POINT('',(5.179631500757,74.492831862091));
#7168 = CARTESIAN_POINT('',(5.179411818272,74.734419302524));
#7169 = CARTESIAN_POINT('',(5.179199890024,74.976006849925));
#7170 = CARTESIAN_POINT('',(5.17753220954,76.947483298698));
#7171 = CARTESIAN_POINT('',(5.176457019755,78.677563284789));
#7172 = CARTESIAN_POINT('',(5.175720488748,80.40761831198));
#7173 = CARTESIAN_POINT('',(5.175277672429,82.137484952923));
#7174 = CARTESIAN_POINT('',(5.175086935288,83.867052225173));
#7175 = CARTESIAN_POINT('',(5.175108731055,85.596261453889));
#7176 = CARTESIAN_POINT('',(5.175304383372,87.325106134541));
#7177 = CARTESIAN_POINT('',(5.175761920145,89.718160658442));
#7178 = CARTESIAN_POINT('',(5.175908911728,90.382639402527));
#7179 = CARTESIAN_POINT('',(5.17607364905,91.047069283959));
#7180 = CARTESIAN_POINT('',(5.176253934376,91.711451951566));
#7181 = CARTESIAN_POINT('',(5.176447564403,92.375789446918));
#7182 = CARTESIAN_POINT('',(5.17665233025,93.040084204327));
#7183 = CARTESIAN_POINT('',(5.176866017468,93.704339050846));
#7184 = CARTESIAN_POINT('',(5.177226699927,94.791382001351));
#7185 = CARTESIAN_POINT('',(5.177369707806,95.214191851039));
#7186 = CARTESIAN_POINT('',(5.177514855484,95.636987552414));
#7187 = CARTESIAN_POINT('',(5.177661566521,96.05976991308));
#7188 = CARTESIAN_POINT('',(5.177809262229,96.482539751165));
#7189 = CARTESIAN_POINT('',(5.177957361669,96.905297895317));
#7190 = CARTESIAN_POINT('',(5.178105281651,97.328045184712));
#7191 = CARTESIAN_POINT('',(5.178560828293,98.636709103631));
#7192 = CARTESIAN_POINT('',(5.178865870888,99.522591088485));
#7193 = CARTESIAN_POINT('',(5.1791621552,100.40843696025));
#7194 = CARTESIAN_POINT('',(5.179444241782,101.29425420252));
#7195 = CARTESIAN_POINT('',(5.179706661067,102.18004924579));
#7196 = CARTESIAN_POINT('',(5.179943913361,103.06582746749));
#7197 = CARTESIAN_POINT('',(5.180150468851,103.951593192));
#7198 = CARTESIAN_POINT('',(5.180405924647,105.28026787383));
#7199 = CARTESIAN_POINT('',(5.180482020458,105.72318356963));
#7200 = CARTESIAN_POINT('',(5.180548361897,106.16609709965));
#7201 = CARTESIAN_POINT('',(5.180604258,106.60900863955));
#7202 = CARTESIAN_POINT('',(5.180649019974,107.05191821899));
#7203 = CARTESIAN_POINT('',(5.180681961197,107.49482572163));
#7204 = CARTESIAN_POINT('',(5.180702397214,107.93773088512));
#7205 = CARTESIAN_POINT('',(5.180730704276,109.66736000602));
#7206 = CARTESIAN_POINT('',(5.180639899992,110.9540609153));
#7207 = CARTESIAN_POINT('',(5.180449703732,112.24072850928));
#7208 = CARTESIAN_POINT('',(5.180173253921,113.52736130078));
#7209 = CARTESIAN_POINT('',(5.179823356968,114.81396425864));
#7210 = CARTESIAN_POINT('',(5.179413263602,116.10054826813));
#7211 = CARTESIAN_POINT('',(5.178955823708,117.38713064639));
#7212 = CARTESIAN_POINT('',(5.178248337719,119.23741343357));
#7213 = CARTESIAN_POINT('',(5.178026180017,119.80109578353));
#7214 = CARTESIAN_POINT('',(5.177798473879,120.36478354789));
#7215 = CARTESIAN_POINT('',(5.177566290151,120.92847852046));
#7216 = CARTESIAN_POINT('',(5.177330693049,121.4921825544));
#7217 = CARTESIAN_POINT('',(5.177092740163,122.05589756224));
#7218 = CARTESIAN_POINT('',(5.176853482451,122.61962551585));
#7219 = CARTESIAN_POINT('',(5.176460009566,123.54572445836));
#7220 = CARTESIAN_POINT('',(5.17630594718,123.90808663803));
#7221 = CARTESIAN_POINT('',(5.176152054227,124.27045551619));
#7222 = CARTESIAN_POINT('',(5.17599860671,124.63283161949));
#7223 = CARTESIAN_POINT('',(5.17584587949,124.99521547044));
#7224 = CARTESIAN_POINT('',(5.175694146286,125.35760758743));
#7225 = CARTESIAN_POINT('',(5.175543679678,125.72000848474));
#7226 = CARTESIAN_POINT('',(5.175130060152,126.72653079299));
#7227 = CARTESIAN_POINT('',(5.174870229498,127.37067217293));
#7228 = CARTESIAN_POINT('',(5.174616780041,128.01484574942));
#7229 = CARTESIAN_POINT('',(5.174371225435,128.65905426475));
#7230 = CARTESIAN_POINT('',(5.174135072093,129.30330026643));
#7231 = CARTESIAN_POINT('',(5.173909819187,129.94758610722));
#7232 = CARTESIAN_POINT('',(5.173696958646,130.59191394509));
#7233 = CARTESIAN_POINT('',(5.172904910563,133.15681745573));
#7234 = CARTESIAN_POINT('',(5.172435045548,135.07772058896));
#7235 = CARTESIAN_POINT('',(5.172128093401,136.99907061848));
#7236 = CARTESIAN_POINT('',(5.172023043748,138.92089595867));
#7237 = CARTESIAN_POINT('',(5.172159367396,140.84317784788));
#7238 = CARTESIAN_POINT('',(5.172578221185,142.76585023363));
#7239 = CARTESIAN_POINT('',(5.173323652839,144.6887996577));
#7240 = CARTESIAN_POINT('',(5.174936369799,147.45749322448));
#7241 = CARTESIAN_POINT('',(5.175501450552,148.30313979803));
#7242 = CARTESIAN_POINT('',(5.176143089248,149.14878937383));
#7243 = CARTESIAN_POINT('',(5.176865580125,149.99442325532));
#7244 = CARTESIAN_POINT('',(5.177673470478,150.84001953756));
#7245 = CARTESIAN_POINT('',(5.178571560659,151.68555310724));
#7246 = CARTESIAN_POINT('',(5.179564904078,152.53099564263));
#7247 = CARTESIAN_POINT('',(5.181675422097,154.16191066016));
#7248 = CARTESIAN_POINT('',(5.182779109113,154.94739885448));
#7249 = CARTESIAN_POINT('',(5.183969082889,155.73276925053));
#7250 = CARTESIAN_POINT('',(5.185244660288,156.51801263797));
#7251 = CARTESIAN_POINT('',(5.186605278606,157.30312150227));
#7252 = CARTESIAN_POINT('',(5.18805049773,158.08809000585));
#7253 = CARTESIAN_POINT('',(5.189579986245,158.8729139902));
#7254 = CARTESIAN_POINT('',(5.19608720535,162.0374932387));
#7255 = CARTESIAN_POINT('',(5.201753712863,164.41601338952));
#7256 = CARTESIAN_POINT('',(5.208186347608,166.79312053474));
#7257 = CARTESIAN_POINT('',(5.215386134028,169.1688703465));
#7258 = CARTESIAN_POINT('',(5.223360235062,171.54340516571));
#7259 = CARTESIAN_POINT('',(5.232120016548,173.91695516855));
#7260 = CARTESIAN_POINT('',(5.241678728369,176.28984061947));
#7261 = CARTESIAN_POINT('',(5.264366510904,181.48072138727));
#7262 = CARTESIAN_POINT('',(5.277828464893,184.29846628032));
#7263 = CARTESIAN_POINT('',(5.292612394443,187.11542237493));
#7264 = CARTESIAN_POINT('',(5.308942193967,189.93113726216));
#7265 = CARTESIAN_POINT('',(5.327097525489,192.74498680653));
#7266 = CARTESIAN_POINT('',(5.347461311157,195.55611155063));
#7267 = CARTESIAN_POINT('',(5.37054000908,198.36340360693));
#7268 = CARTESIAN_POINT('',(5.39717859603,201.16521949404));
#7269 = ( GEOMETRIC_REPRESENTATION_CONTEXT(2) 
PARAMETRIC_REPRESENTATION_CONTEXT() REPRESENTATION_CONTEXT('2D SPACE',''
  ) );
#7270 = PCURVE('',#1368,#7271);
#7271 = DEFINITIONAL_REPRESENTATION('',(#7272),#7415);
#7272 = B_SPLINE_CURVE_WITH_KNOTS('',8,(#7273,#7274,#7275,#7276,#7277,
    #7278,#7279,#7280,#7281,#7282,#7283,#7284,#7285,#7286,#7287,#7288,
    #7289,#7290,#7291,#7292,#7293,#7294,#7295,#7296,#7297,#7298,#7299,
    #7300,#7301,#7302,#7303,#7304,#7305,#7306,#7307,#7308,#7309,#7310,
    #7311,#7312,#7313,#7314,#7315,#7316,#7317,#7318,#7319,#7320,#7321,
    #7322,#7323,#7324,#7325,#7326,#7327,#7328,#7329,#7330,#7331,#7332,
    #7333,#7334,#7335,#7336,#7337,#7338,#7339,#7340,#7341,#7342,#7343,
    #7344,#7345,#7346,#7347,#7348,#7349,#7350,#7351,#7352,#7353,#7354,
    #7355,#7356,#7357,#7358,#7359,#7360,#7361,#7362,#7363,#7364,#7365,
    #7366,#7367,#7368,#7369,#7370,#7371,#7372,#7373,#7374,#7375,#7376,
    #7377,#7378,#7379,#7380,#7381,#7382,#7383,#7384,#7385,#7386,#7387,
    #7388,#7389,#7390,#7391,#7392,#7393,#7394,#7395,#7396,#7397,#7398,
    #7399,#7400,#7401,#7402,#7403,#7404,#7405,#7406,#7407,#7408,#7409,
    #7410,#7411,#7412,#7413,#7414),.UNSPECIFIED.,.F.,.F.,(9,7,7,7,7,7,7,
    7,7,7,7,7,7,7,7,7,7,7,7,7,9),(0.,9.313312036962E-02,0.113145034162,
    0.153141192448,0.193087751138,0.206060313611,0.218033209706,
    0.303765208828,0.336724735647,0.357705952525,0.401676095559,
    0.423663149451,0.48754026636,0.515525695464,0.533513838519,
    0.565484189676,0.660770906803,0.702671260504,0.741611202119,
    0.85971489729,1.),.UNSPECIFIED.);
#7273 = CARTESIAN_POINT('',(318.00000058443,270.53576000468));
#7274 = CARTESIAN_POINT('',(316.17918409127,271.0313367383));
#7275 = CARTESIAN_POINT('',(314.34807742485,271.48140685434));
#7276 = CARTESIAN_POINT('',(312.50853868986,271.89170076961));
#7277 = CARTESIAN_POINT('',(310.66221852355,272.26751049577));
#7278 = CARTESIAN_POINT('',(308.81057143443,272.61389195077));
#7279 = CARTESIAN_POINT('',(306.95485772961,272.93573866556));
#7280 = CARTESIAN_POINT('',(305.09614380951,273.23780617122));
#7281 = CARTESIAN_POINT('',(302.83546295233,273.58642671862));
#7282 = CARTESIAN_POINT('',(302.43552340641,273.64738894588));
#7283 = CARTESIAN_POINT('',(302.03549981989,273.70769918312));
#7284 = CARTESIAN_POINT('',(301.63540189296,273.76740339384));
#7285 = CARTESIAN_POINT('',(301.23523917682,273.82654735518));
#7286 = CARTESIAN_POINT('',(300.83502107371,273.88517665798));
#7287 = CARTESIAN_POINT('',(300.43475683689,273.94333670672));
#7288 = CARTESIAN_POINT('',(299.23440651121,274.1164649171));
#7289 = CARTESIAN_POINT('',(298.43421295281,274.23018230754));
#7290 = CARTESIAN_POINT('',(297.63385095421,274.34194196664));
#7291 = CARTESIAN_POINT('',(296.83329563206,274.45144319127));
#7292 = CARTESIAN_POINT('',(296.03252802699,274.55841114033));
#7293 = CARTESIAN_POINT('',(295.23152729488,274.66254711156));
#7294 = CARTESIAN_POINT('',(294.43027709069,274.76356849852));
#7295 = CARTESIAN_POINT('',(292.82824044976,274.9586811635));
#7296 = CARTESIAN_POINT('',(292.02745568537,275.05278091289));
#7297 = CARTESIAN_POINT('',(291.22639220309,275.14319764814));
#7298 = CARTESIAN_POINT('',(290.42503788639,275.22964386935));
#7299 = CARTESIAN_POINT('',(289.62338379304,275.31183153546));
#7300 = CARTESIAN_POINT('',(288.82142415506,275.38947206428));
#7301 = CARTESIAN_POINT('',(288.01915637874,275.46227633249));
#7302 = CARTESIAN_POINT('',(286.95594636164,275.5519330779));
#7303 = CARTESIAN_POINT('',(286.69527929664,275.57337088223));
#7304 = CARTESIAN_POINT('',(286.43457989122,275.59425816195));
#7305 = CARTESIAN_POINT('',(286.17384823218,275.61458498305));
#7306 = CARTESIAN_POINT('',(285.91308445151,275.63434140419));
#7307 = CARTESIAN_POINT('',(285.65228872639,275.65351747676));
#7308 = CARTESIAN_POINT('',(285.39146127922,275.67210324485));
#7309 = CARTESIAN_POINT('',(284.88984527728,275.70668828195));
#7310 = CARTESIAN_POINT('',(284.64906992103,275.72277526825));
#7311 = CARTESIAN_POINT('',(284.40827554735,275.73834066728));
#7312 = CARTESIAN_POINT('',(284.1674637288,275.7534170655));
#7313 = CARTESIAN_POINT('',(283.92663304667,275.76798439928));
#7314 = CARTESIAN_POINT('',(283.68578488847,275.78207044186));
#7315 = CARTESIAN_POINT('',(283.44491874367,275.7956721206));
#7316 = CARTESIAN_POINT('',(281.47918541619,275.90280059833));
#7317 = CARTESIAN_POINT('',(279.75324057674,275.97248568999));
#7318 = CARTESIAN_POINT('',(278.02647169975,276.02048482795));
#7319 = CARTESIAN_POINT('',(276.29909814215,276.04940998226));
#7320 = CARTESIAN_POINT('',(274.57128728461,276.06185793186));
#7321 = CARTESIAN_POINT('',(272.843154416,276.06041286037));
#7322 = CARTESIAN_POINT('',(271.11476261773,276.04764895209));
#7323 = CARTESIAN_POINT('',(268.72154983962,276.01786121062));
#7324 = CARTESIAN_POINT('',(268.05694332174,276.0082959618));
#7325 = CARTESIAN_POINT('',(267.39230504224,275.99758308119));
#7326 = CARTESIAN_POINT('',(266.72763655275,275.98586835535));
#7327 = CARTESIAN_POINT('',(266.06293900874,275.97329751758));
#7328 = CARTESIAN_POINT('',(265.39821316962,275.960016248));
#7329 = CARTESIAN_POINT('',(264.73345939863,275.94617017346));
#7330 = CARTESIAN_POINT('',(263.64549410662,275.9228239279));
#7331 = CARTESIAN_POINT('',(263.2222992954,275.9135731207));
#7332 = CARTESIAN_POINT('',(262.79909325422,275.9041900104));
#7333 = CARTESIAN_POINT('',(262.37587599701,275.89471216859));
#7334 = CARTESIAN_POINT('',(261.95264752673,275.88517717404));
#7335 = CARTESIAN_POINT('',(261.52940783533,275.87562261272));
#7336 = CARTESIAN_POINT('',(261.10615690375,275.86608607779));
#7337 = CARTESIAN_POINT('',(259.79586800272,275.83673611768));
#7338 = CARTESIAN_POINT('',(258.90879251683,275.81711135458));
#7339 = CARTESIAN_POINT('',(258.02166724779,275.79807704325));
#7340 = CARTESIAN_POINT('',(257.13449224947,275.77997955444));
#7341 = CARTESIAN_POINT('',(256.24726862604,275.76316546676));
#7342 = CARTESIAN_POINT('',(255.35999853202,275.74798156668));
#7343 = CARTESIAN_POINT('',(254.47268517227,275.7347748485));
#7344 = CARTESIAN_POINT('',(253.14161661092,275.7184508567));
#7345 = CARTESIAN_POINT('',(252.69789084681,275.71359037362));
#7346 = CARTESIAN_POINT('',(252.25415612955,275.70935447194));
#7347 = CARTESIAN_POINT('',(251.81041322529,275.70578654168));
#7348 = CARTESIAN_POINT('',(251.36666304645,275.70292995613));
#7349 = CARTESIAN_POINT('',(250.92290665167,275.70082807179));
#7350 = CARTESIAN_POINT('',(250.47914524584,275.69952422841));
#7351 = CARTESIAN_POINT('',(248.74614729228,275.6977181469));
#7352 = CARTESIAN_POINT('',(247.45688609052,275.70351188001));
#7353 = CARTESIAN_POINT('',(246.16762898571,275.71564488952));
#7354 = CARTESIAN_POINT('',(244.87840236304,275.73329464317));
#7355 = CARTESIAN_POINT('',(243.58922610278,275.75566793952));
#7356 = CARTESIAN_POINT('',(242.30011417763,275.78194334426));
#7357 = CARTESIAN_POINT('',(241.0110740982,275.81131971801));
#7358 = CARTESIAN_POINT('',(239.15739355396,275.8568633158));
#7359 = CARTESIAN_POINT('',(238.59269434134,275.87117802193));
#7360 = CARTESIAN_POINT('',(238.02801004863,275.88586501053));
#7361 = CARTESIAN_POINT('',(237.46334097121,275.9008565144));
#7362 = CARTESIAN_POINT('',(236.89868734579,275.91608481145));
#7363 = CARTESIAN_POINT('',(236.33404935036,275.93148222466));
#7364 = CARTESIAN_POINT('',(235.76942710418,275.94698112212));
#7365 = CARTESIAN_POINT('',(234.84190962192,275.97249790314));
#7366 = CARTESIAN_POINT('',(234.47900512797,275.98249589196));
#7367 = CARTESIAN_POINT('',(234.11610721081,275.99248993502));
#7368 = CARTESIAN_POINT('',(233.75321589961,276.00246208884));
#7369 = CARTESIAN_POINT('',(233.39033122784,276.01239441494));
#7370 = CARTESIAN_POINT('',(233.02745323336,276.02226897985));
#7371 = CARTESIAN_POINT('',(232.66458195835,276.03206785507));
#7372 = CARTESIAN_POINT('',(231.6567978631,276.05902229248));
#7373 = CARTESIAN_POINT('',(231.0118997368,276.07597573868));
#7374 = CARTESIAN_POINT('',(230.36702325845,276.09253286139));
#7375 = CARTESIAN_POINT('',(229.72216881385,276.10859305962));
#7376 = CARTESIAN_POINT('',(229.07733698651,276.12405572558));
#7377 = CARTESIAN_POINT('',(228.43252855772,276.1388202448));
#7378 = CARTESIAN_POINT('',(227.78774450651,276.15278599604));
#7379 = CARTESIAN_POINT('',(225.22130175275,276.2047962495));
#7380 = CARTESIAN_POINT('',(223.29986362499,276.23575006091));
#7381 = CARTESIAN_POINT('',(221.37867917518,276.25604925266));
#7382 = CARTESIAN_POINT('',(219.45780345127,276.26302425999));
#7383 = CARTESIAN_POINT('',(217.53733888989,276.25399596564));
#7384 = CARTESIAN_POINT('',(215.6174352058,276.22627117922));
#7385 = CARTESIAN_POINT('',(213.69828928144,276.17713811661));
#7386 = CARTESIAN_POINT('',(210.93668099446,276.07164017672));
#7387 = CARTESIAN_POINT('',(210.09341454742,276.03475020345));
#7388 = CARTESIAN_POINT('',(209.25036826546,275.99295960193));
#7389 = CARTESIAN_POINT('',(208.4075678559,275.9460351729));
#7390 = CARTESIAN_POINT('',(207.56504218319,275.89374287543));
#7391 = CARTESIAN_POINT('',(206.72282326893,275.83584782686));
#7392 = CARTESIAN_POINT('',(205.88094629186,275.77211430286));
#7393 = CARTESIAN_POINT('',(204.25740768058,275.63742940048));
#7394 = CARTESIAN_POINT('',(203.47569511218,275.56729451547));
#7395 = CARTESIAN_POINT('',(202.69433050692,275.49203796385));
#7396 = CARTESIAN_POINT('',(201.91333074759,275.41179764955));
#7397 = CARTESIAN_POINT('',(201.13271100484,275.32671059296));
#7398 = CARTESIAN_POINT('',(200.35248475376,275.23691212575));
#7399 = CARTESIAN_POINT('',(199.57266377764,275.14253618643));
#7400 = CARTESIAN_POINT('',(196.4293438903,274.74400017736));
#7401 = CARTESIAN_POINT('',(194.06928032316,274.4034107489));
#7402 = CARTESIAN_POINT('',(191.71331118894,274.0256674417));
#7403 = CARTESIAN_POINT('',(189.36159298904,273.61440535737));
#7404 = CARTESIAN_POINT('',(187.01419561641,273.17317283214));
#7405 = CARTESIAN_POINT('',(184.67110235373,272.70543744144));
#7406 = CARTESIAN_POINT('',(182.33220924819,272.21460086559));
#7407 = CARTESIAN_POINT('',(177.22391668349,271.09755114233));
#7408 = CARTESIAN_POINT('',(174.45630872661,270.46325171421));
#7409 = CARTESIAN_POINT('',(171.69476885973,269.79899852672));
#7410 = CARTESIAN_POINT('',(168.93972508787,269.1023255494));
#7411 = CARTESIAN_POINT('',(166.19176905336,268.37037551785));
#7412 = CARTESIAN_POINT('',(163.45171459677,267.59946740739));
#7413 = CARTESIAN_POINT('',(160.72060810983,266.78499989302));
#7414 = CARTESIAN_POINT('',(157.99999941739,265.91939511451));
#7415 = ( GEOMETRIC_REPRESENTATION_CONTEXT(2) 
PARAMETRIC_REPRESENTATION_CONTEXT() REPRESENTATION_CONTEXT('2D SPACE',''
  ) );
#7416 = ADVANCED_FACE('',(#7417),#2385,.F.);
#7417 = FACE_BOUND('',#7418,.F.);
#7418 = EDGE_LOOP('',(#7419,#7420,#7441,#7442,#7464,#7465,#7466));
#7419 = ORIENTED_EDGE('',*,*,#2187,.F.);
#7420 = ORIENTED_EDGE('',*,*,#7421,.F.);
#7421 = EDGE_CURVE('',#6171,#2188,#7422,.T.);
#7422 = SEAM_CURVE('',#7423,(#7427,#7434),.PCURVE_S1.);
#7423 = LINE('',#7424,#7425);
#7424 = CARTESIAN_POINT('',(-54.35,24.,6.));
#7425 = VECTOR('',#7426,1.);
#7426 = DIRECTION('',(0.,0.,1.));
#7427 = PCURVE('',#2385,#7428);
#7428 = DEFINITIONAL_REPRESENTATION('',(#7429),#7433);
#7429 = LINE('',#7430,#7431);
#7430 = CARTESIAN_POINT('',(6.28318530718,-0.));
#7431 = VECTOR('',#7432,1.);
#7432 = DIRECTION('',(0.,1.));
#7433 = ( GEOMETRIC_REPRESENTATION_CONTEXT(2) 
PARAMETRIC_REPRESENTATION_CONTEXT() REPRESENTATION_CONTEXT('2D SPACE',''
  ) );
#7434 = PCURVE('',#2385,#7435);
#7435 = DEFINITIONAL_REPRESENTATION('',(#7436),#7440);
#7436 = LINE('',#7437,#7438);
#7437 = CARTESIAN_POINT('',(0.,-0.));
#7438 = VECTOR('',#7439,1.);
#7439 = DIRECTION('',(0.,1.));
#7440 = ( GEOMETRIC_REPRESENTATION_CONTEXT(2) 
PARAMETRIC_REPRESENTATION_CONTEXT() REPRESENTATION_CONTEXT('2D SPACE',''
  ) );
#7441 = ORIENTED_EDGE('',*,*,#6337,.T.);
#7442 = ORIENTED_EDGE('',*,*,#7443,.T.);
#7443 = EDGE_CURVE('',#6338,#5731,#7444,.T.);
#7444 = SURFACE_CURVE('',#7445,(#7450,#7457),.PCURVE_S1.);
#7445 = CIRCLE('',#7446,1.65);
#7446 = AXIS2_PLACEMENT_3D('',#7447,#7448,#7449);
#7447 = CARTESIAN_POINT('',(-56.,24.,13.));
#7448 = DIRECTION('',(0.,0.,1.));
#7449 = DIRECTION('',(1.,0.,-0.));
#7450 = PCURVE('',#2385,#7451);
#7451 = DEFINITIONAL_REPRESENTATION('',(#7452),#7456);
#7452 = LINE('',#7453,#7454);
#7453 = CARTESIAN_POINT('',(0.,7.));
#7454 = VECTOR('',#7455,1.);
#7455 = DIRECTION('',(1.,0.));
#7456 = ( GEOMETRIC_REPRESENTATION_CONTEXT(2) 
PARAMETRIC_REPRESENTATION_CONTEXT() REPRESENTATION_CONTEXT('2D SPACE',''
  ) );
#7457 = PCURVE('',#1368,#7458);
#7458 = DEFINITIONAL_REPRESENTATION('',(#7459),#7463);
#7459 = CIRCLE('',#7460,1.65);
#7460 = AXIS2_PLACEMENT_2D('',#7461,#7462);
#7461 = CARTESIAN_POINT('',(194.,274.));
#7462 = DIRECTION('',(1.,0.));
#7463 = ( GEOMETRIC_REPRESENTATION_CONTEXT(2) 
PARAMETRIC_REPRESENTATION_CONTEXT() REPRESENTATION_CONTEXT('2D SPACE',''
  ) );
#7464 = ORIENTED_EDGE('',*,*,#6170,.T.);
#7465 = ORIENTED_EDGE('',*,*,#7421,.T.);
#7466 = ORIENTED_EDGE('',*,*,#2487,.F.);
#7467 = ADVANCED_FACE('',(#7468),#2063,.F.);
#7468 = FACE_BOUND('',#7469,.F.);
#7469 = EDGE_LOOP('',(#7470,#7471,#7494,#7516,#7517,#7539));
#7470 = ORIENTED_EDGE('',*,*,#1854,.T.);
#7471 = ORIENTED_EDGE('',*,*,#7472,.F.);
#7472 = EDGE_CURVE('',#7473,#1855,#7475,.T.);
#7473 = VERTEX_POINT('',#7474);
#7474 = CARTESIAN_POINT('',(53.65,-24.,13.));
#7475 = SEAM_CURVE('',#7476,(#7480,#7487),.PCURVE_S1.);
#7476 = LINE('',#7477,#7478);
#7477 = CARTESIAN_POINT('',(53.65,-24.,6.));
#7478 = VECTOR('',#7479,1.);
#7479 = DIRECTION('',(0.,0.,1.));
#7480 = PCURVE('',#2063,#7481);
#7481 = DEFINITIONAL_REPRESENTATION('',(#7482),#7486);
#7482 = LINE('',#7483,#7484);
#7483 = CARTESIAN_POINT('',(0.,-0.));
#7484 = VECTOR('',#7485,1.);
#7485 = DIRECTION('',(0.,1.));
#7486 = ( GEOMETRIC_REPRESENTATION_CONTEXT(2) 
PARAMETRIC_REPRESENTATION_CONTEXT() REPRESENTATION_CONTEXT('2D SPACE',''
  ) );
#7487 = PCURVE('',#2063,#7488);
#7488 = DEFINITIONAL_REPRESENTATION('',(#7489),#7493);
#7489 = LINE('',#7490,#7491);
#7490 = CARTESIAN_POINT('',(6.28318530718,-0.));
#7491 = VECTOR('',#7492,1.);
#7492 = DIRECTION('',(0.,1.));
#7493 = ( GEOMETRIC_REPRESENTATION_CONTEXT(2) 
PARAMETRIC_REPRESENTATION_CONTEXT() REPRESENTATION_CONTEXT('2D SPACE',''
  ) );
#7494 = ORIENTED_EDGE('',*,*,#7495,.T.);
#7495 = EDGE_CURVE('',#7473,#3346,#7496,.T.);
#7496 = SURFACE_CURVE('',#7497,(#7502,#7509),.PCURVE_S1.);
#7497 = CIRCLE('',#7498,1.65);
#7498 = AXIS2_PLACEMENT_3D('',#7499,#7500,#7501);
#7499 = CARTESIAN_POINT('',(52.,-24.,13.));
#7500 = DIRECTION('',(0.,0.,1.));
#7501 = DIRECTION('',(1.,0.,-0.));
#7502 = PCURVE('',#2063,#7503);
#7503 = DEFINITIONAL_REPRESENTATION('',(#7504),#7508);
#7504 = LINE('',#7505,#7506);
#7505 = CARTESIAN_POINT('',(0.,7.));
#7506 = VECTOR('',#7507,1.);
#7507 = DIRECTION('',(1.,0.));
#7508 = ( GEOMETRIC_REPRESENTATION_CONTEXT(2) 
PARAMETRIC_REPRESENTATION_CONTEXT() REPRESENTATION_CONTEXT('2D SPACE',''
  ) );
#7509 = PCURVE('',#628,#7510);
#7510 = DEFINITIONAL_REPRESENTATION('',(#7511),#7515);
#7511 = CIRCLE('',#7512,1.65);
#7512 = AXIS2_PLACEMENT_2D('',#7513,#7514);
#7513 = CARTESIAN_POINT('',(302.,226.));
#7514 = DIRECTION('',(1.,0.));
#7515 = ( GEOMETRIC_REPRESENTATION_CONTEXT(2) 
PARAMETRIC_REPRESENTATION_CONTEXT() REPRESENTATION_CONTEXT('2D SPACE',''
  ) );
#7516 = ORIENTED_EDGE('',*,*,#3785,.T.);
#7517 = ORIENTED_EDGE('',*,*,#7518,.T.);
#7518 = EDGE_CURVE('',#3786,#7473,#7519,.T.);
#7519 = SURFACE_CURVE('',#7520,(#7525,#7532),.PCURVE_S1.);
#7520 = CIRCLE('',#7521,1.65);
#7521 = AXIS2_PLACEMENT_3D('',#7522,#7523,#7524);
#7522 = CARTESIAN_POINT('',(52.,-24.,13.));
#7523 = DIRECTION('',(0.,0.,1.));
#7524 = DIRECTION('',(1.,0.,-0.));
#7525 = PCURVE('',#2063,#7526);
#7526 = DEFINITIONAL_REPRESENTATION('',(#7527),#7531);
#7527 = LINE('',#7528,#7529);
#7528 = CARTESIAN_POINT('',(0.,7.));
#7529 = VECTOR('',#7530,1.);
#7530 = DIRECTION('',(1.,0.));
#7531 = ( GEOMETRIC_REPRESENTATION_CONTEXT(2) 
PARAMETRIC_REPRESENTATION_CONTEXT() REPRESENTATION_CONTEXT('2D SPACE',''
  ) );
#7532 = PCURVE('',#628,#7533);
#7533 = DEFINITIONAL_REPRESENTATION('',(#7534),#7538);
#7534 = CIRCLE('',#7535,1.65);
#7535 = AXIS2_PLACEMENT_2D('',#7536,#7537);
#7536 = CARTESIAN_POINT('',(302.,226.));
#7537 = DIRECTION('',(1.,0.));
#7538 = ( GEOMETRIC_REPRESENTATION_CONTEXT(2) 
PARAMETRIC_REPRESENTATION_CONTEXT() REPRESENTATION_CONTEXT('2D SPACE',''
  ) );
#7539 = ORIENTED_EDGE('',*,*,#7472,.T.);
#7540 = ADVANCED_FACE('',(#7541),#1730,.F.);
#7541 = FACE_BOUND('',#7542,.F.);
#7542 = EDGE_LOOP('',(#7543,#7544,#7567,#7589,#7590,#7612));
#7543 = ORIENTED_EDGE('',*,*,#1528,.T.);
#7544 = ORIENTED_EDGE('',*,*,#7545,.F.);
#7545 = EDGE_CURVE('',#7546,#1529,#7548,.T.);
#7546 = VERTEX_POINT('',#7547);
#7547 = CARTESIAN_POINT('',(53.65,24.,13.));
#7548 = SEAM_CURVE('',#7549,(#7553,#7560),.PCURVE_S1.);
#7549 = LINE('',#7550,#7551);
#7550 = CARTESIAN_POINT('',(53.65,24.,6.));
#7551 = VECTOR('',#7552,1.);
#7552 = DIRECTION('',(0.,0.,1.));
#7553 = PCURVE('',#1730,#7554);
#7554 = DEFINITIONAL_REPRESENTATION('',(#7555),#7559);
#7555 = LINE('',#7556,#7557);
#7556 = CARTESIAN_POINT('',(0.,-0.));
#7557 = VECTOR('',#7558,1.);
#7558 = DIRECTION('',(0.,1.));
#7559 = ( GEOMETRIC_REPRESENTATION_CONTEXT(2) 
PARAMETRIC_REPRESENTATION_CONTEXT() REPRESENTATION_CONTEXT('2D SPACE',''
  ) );
#7560 = PCURVE('',#1730,#7561);
#7561 = DEFINITIONAL_REPRESENTATION('',(#7562),#7566);
#7562 = LINE('',#7563,#7564);
#7563 = CARTESIAN_POINT('',(6.28318530718,-0.));
#7564 = VECTOR('',#7565,1.);
#7565 = DIRECTION('',(0.,1.));
#7566 = ( GEOMETRIC_REPRESENTATION_CONTEXT(2) 
PARAMETRIC_REPRESENTATION_CONTEXT() REPRESENTATION_CONTEXT('2D SPACE',''
  ) );
#7567 = ORIENTED_EDGE('',*,*,#7568,.T.);
#7568 = EDGE_CURVE('',#7546,#6376,#7569,.T.);
#7569 = SURFACE_CURVE('',#7570,(#7575,#7582),.PCURVE_S1.);
#7570 = CIRCLE('',#7571,1.65);
#7571 = AXIS2_PLACEMENT_3D('',#7572,#7573,#7574);
#7572 = CARTESIAN_POINT('',(52.,24.,13.));
#7573 = DIRECTION('',(0.,0.,1.));
#7574 = DIRECTION('',(1.,0.,-0.));
#7575 = PCURVE('',#1730,#7576);
#7576 = DEFINITIONAL_REPRESENTATION('',(#7577),#7581);
#7577 = LINE('',#7578,#7579);
#7578 = CARTESIAN_POINT('',(0.,7.));
#7579 = VECTOR('',#7580,1.);
#7580 = DIRECTION('',(1.,0.));
#7581 = ( GEOMETRIC_REPRESENTATION_CONTEXT(2) 
PARAMETRIC_REPRESENTATION_CONTEXT() REPRESENTATION_CONTEXT('2D SPACE',''
  ) );
#7582 = PCURVE('',#1368,#7583);
#7583 = DEFINITIONAL_REPRESENTATION('',(#7584),#7588);
#7584 = CIRCLE('',#7585,1.65);
#7585 = AXIS2_PLACEMENT_2D('',#7586,#7587);
#7586 = CARTESIAN_POINT('',(302.,274.));
#7587 = DIRECTION('',(1.,0.));
#7588 = ( GEOMETRIC_REPRESENTATION_CONTEXT(2) 
PARAMETRIC_REPRESENTATION_CONTEXT() REPRESENTATION_CONTEXT('2D SPACE',''
  ) );
#7589 = ORIENTED_EDGE('',*,*,#6815,.T.);
#7590 = ORIENTED_EDGE('',*,*,#7591,.T.);
#7591 = EDGE_CURVE('',#6816,#7546,#7592,.T.);
#7592 = SURFACE_CURVE('',#7593,(#7598,#7605),.PCURVE_S1.);
#7593 = CIRCLE('',#7594,1.65);
#7594 = AXIS2_PLACEMENT_3D('',#7595,#7596,#7597);
#7595 = CARTESIAN_POINT('',(52.,24.,13.));
#7596 = DIRECTION('',(0.,0.,1.));
#7597 = DIRECTION('',(1.,0.,-0.));
#7598 = PCURVE('',#1730,#7599);
#7599 = DEFINITIONAL_REPRESENTATION('',(#7600),#7604);
#7600 = LINE('',#7601,#7602);
#7601 = CARTESIAN_POINT('',(0.,7.));
#7602 = VECTOR('',#7603,1.);
#7603 = DIRECTION('',(1.,0.));
#7604 = ( GEOMETRIC_REPRESENTATION_CONTEXT(2) 
PARAMETRIC_REPRESENTATION_CONTEXT() REPRESENTATION_CONTEXT('2D SPACE',''
  ) );
#7605 = PCURVE('',#1368,#7606);
#7606 = DEFINITIONAL_REPRESENTATION('',(#7607),#7611);
#7607 = CIRCLE('',#7608,1.65);
#7608 = AXIS2_PLACEMENT_2D('',#7609,#7610);
#7609 = CARTESIAN_POINT('',(302.,274.));
#7610 = DIRECTION('',(1.,0.));
#7611 = ( GEOMETRIC_REPRESENTATION_CONTEXT(2) 
PARAMETRIC_REPRESENTATION_CONTEXT() REPRESENTATION_CONTEXT('2D SPACE',''
  ) );
#7612 = ORIENTED_EDGE('',*,*,#7545,.T.);
#7613 = ADVANCED_FACE('',(#7614),#1368,.F.);
#7614 = FACE_BOUND('',#7615,.F.);
#7615 = EDGE_LOOP('',(#7616,#7635,#7636,#7655,#7656,#7657,#7658,#7659,
    #7660));
#7616 = ORIENTED_EDGE('',*,*,#7617,.F.);
#7617 = EDGE_CURVE('',#24,#3111,#7618,.T.);
#7618 = SURFACE_CURVE('',#7619,(#7623,#7629),.PCURVE_S1.);
#7619 = LINE('',#7620,#7621);
#7620 = CARTESIAN_POINT('',(68.,-250.,13.));
#7621 = VECTOR('',#7622,1.);
#7622 = DIRECTION('',(0.,-1.,0.));
#7623 = PCURVE('',#1368,#7624);
#7624 = DEFINITIONAL_REPRESENTATION('',(#7625),#7628);
#7625 = B_SPLINE_CURVE_WITH_KNOTS('',1,(#7626,#7627),.UNSPECIFIED.,.F.,
  .F.,(2,2),(-276.507489715,-223.5054031656),.PIECEWISE_BEZIER_KNOTS.);
#7626 = CARTESIAN_POINT('',(318.,276.50748971505));
#7627 = CARTESIAN_POINT('',(318.,223.5054031656));
#7628 = ( GEOMETRIC_REPRESENTATION_CONTEXT(2) 
PARAMETRIC_REPRESENTATION_CONTEXT() REPRESENTATION_CONTEXT('2D SPACE',''
  ) );
#7629 = PCURVE('',#239,#7630);
#7630 = DEFINITIONAL_REPRESENTATION('',(#7631),#7634);
#7631 = B_SPLINE_CURVE_WITH_KNOTS('',1,(#7632,#7633),.UNSPECIFIED.,.F.,
  .F.,(2,2),(-276.507489715,-223.5054031656),.PIECEWISE_BEZIER_KNOTS.);
#7632 = CARTESIAN_POINT('',(263.,-276.507489715));
#7633 = CARTESIAN_POINT('',(263.,-223.5054031656));
#7634 = ( GEOMETRIC_REPRESENTATION_CONTEXT(2) 
PARAMETRIC_REPRESENTATION_CONTEXT() REPRESENTATION_CONTEXT('2D SPACE',''
  ) );
#7635 = ORIENTED_EDGE('',*,*,#1062,.T.);
#7636 = ORIENTED_EDGE('',*,*,#7637,.T.);
#7637 = EDGE_CURVE('',#787,#5270,#7638,.T.);
#7638 = SURFACE_CURVE('',#7639,(#7643,#7649),.PCURVE_S1.);
#7639 = LINE('',#7640,#7641);
#7640 = CARTESIAN_POINT('',(-92.,-250.,13.));
#7641 = VECTOR('',#7642,1.);
#7642 = DIRECTION('',(0.,-1.,0.));
#7643 = PCURVE('',#1368,#7644);
#7644 = DEFINITIONAL_REPRESENTATION('',(#7645),#7648);
#7645 = B_SPLINE_CURVE_WITH_KNOTS('',1,(#7646,#7647),.UNSPECIFIED.,.F.,
  .F.,(2,2),(-272.7803559206,-227.2203040228),.PIECEWISE_BEZIER_KNOTS.);
#7646 = CARTESIAN_POINT('',(158.,272.78035592063));
#7647 = CARTESIAN_POINT('',(158.,227.2203040228));
#7648 = ( GEOMETRIC_REPRESENTATION_CONTEXT(2) 
PARAMETRIC_REPRESENTATION_CONTEXT() REPRESENTATION_CONTEXT('2D SPACE',''
  ) );
#7649 = PCURVE('',#981,#7650);
#7650 = DEFINITIONAL_REPRESENTATION('',(#7651),#7654);
#7651 = B_SPLINE_CURVE_WITH_KNOTS('',1,(#7652,#7653),.UNSPECIFIED.,.F.,
  .F.,(2,2),(-272.7803559206,-227.2203040228),.PIECEWISE_BEZIER_KNOTS.);
#7652 = CARTESIAN_POINT('',(263.,-272.7803559206));
#7653 = CARTESIAN_POINT('',(263.,-227.2203040228));
#7654 = ( GEOMETRIC_REPRESENTATION_CONTEXT(2) 
PARAMETRIC_REPRESENTATION_CONTEXT() REPRESENTATION_CONTEXT('2D SPACE',''
  ) );
#7655 = ORIENTED_EDGE('',*,*,#5730,.F.);
#7656 = ORIENTED_EDGE('',*,*,#7443,.F.);
#7657 = ORIENTED_EDGE('',*,*,#6375,.F.);
#7658 = ORIENTED_EDGE('',*,*,#7568,.F.);
#7659 = ORIENTED_EDGE('',*,*,#7591,.F.);
#7660 = ORIENTED_EDGE('',*,*,#6979,.F.);
#7661 = ADVANCED_FACE('',(#7662),#981,.F.);
#7662 = FACE_BOUND('',#7663,.F.);
#7663 = EDGE_LOOP('',(#7664,#7665,#7684,#7685,#7686));
#7664 = ORIENTED_EDGE('',*,*,#786,.T.);
#7665 = ORIENTED_EDGE('',*,*,#7666,.F.);
#7666 = EDGE_CURVE('',#4390,#321,#7667,.T.);
#7667 = SURFACE_CURVE('',#7668,(#7672,#7678),.PCURVE_S1.);
#7668 = LINE('',#7669,#7670);
#7669 = CARTESIAN_POINT('',(-92.,-250.,13.));
#7670 = VECTOR('',#7671,1.);
#7671 = DIRECTION('',(0.,-1.,0.));
#7672 = PCURVE('',#981,#7673);
#7673 = DEFINITIONAL_REPRESENTATION('',(#7674),#7677);
#7674 = B_SPLINE_CURVE_WITH_KNOTS('',1,(#7675,#7676),.UNSPECIFIED.,.F.,
  .F.,(2,2),(-272.7803559206,-227.2203040228),.PIECEWISE_BEZIER_KNOTS.);
#7675 = CARTESIAN_POINT('',(263.,-272.7803559206));
#7676 = CARTESIAN_POINT('',(263.,-227.2203040228));
#7677 = ( GEOMETRIC_REPRESENTATION_CONTEXT(2) 
PARAMETRIC_REPRESENTATION_CONTEXT() REPRESENTATION_CONTEXT('2D SPACE',''
  ) );
#7678 = PCURVE('',#628,#7679);
#7679 = DEFINITIONAL_REPRESENTATION('',(#7680),#7683);
#7680 = B_SPLINE_CURVE_WITH_KNOTS('',1,(#7681,#7682),.UNSPECIFIED.,.F.,
  .F.,(2,2),(-272.7803559206,-227.2203040228),.PIECEWISE_BEZIER_KNOTS.);
#7681 = CARTESIAN_POINT('',(158.,272.78035592063));
#7682 = CARTESIAN_POINT('',(158.,227.2203040228));
#7683 = ( GEOMETRIC_REPRESENTATION_CONTEXT(2) 
PARAMETRIC_REPRESENTATION_CONTEXT() REPRESENTATION_CONTEXT('2D SPACE',''
  ) );
#7684 = ORIENTED_EDGE('',*,*,#4829,.T.);
#7685 = ORIENTED_EDGE('',*,*,#5269,.T.);
#7686 = ORIENTED_EDGE('',*,*,#7637,.F.);
#7687 = ADVANCED_FACE('',(#7688),#628,.F.);
#7688 = FACE_BOUND('',#7689,.F.);
#7689 = EDGE_LOOP('',(#7690,#7691,#7710,#7711,#7712,#7713,#7714,#7715,
    #7716));
#7690 = ORIENTED_EDGE('',*,*,#320,.F.);
#7691 = ORIENTED_EDGE('',*,*,#7692,.F.);
#7692 = EDGE_CURVE('',#3109,#22,#7693,.T.);
#7693 = SURFACE_CURVE('',#7694,(#7698,#7704),.PCURVE_S1.);
#7694 = LINE('',#7695,#7696);
#7695 = CARTESIAN_POINT('',(68.,-250.,13.));
#7696 = VECTOR('',#7697,1.);
#7697 = DIRECTION('',(0.,-1.,0.));
#7698 = PCURVE('',#628,#7699);
#7699 = DEFINITIONAL_REPRESENTATION('',(#7700),#7703);
#7700 = B_SPLINE_CURVE_WITH_KNOTS('',1,(#7701,#7702),.UNSPECIFIED.,.F.,
  .F.,(2,2),(-276.507489715,-223.5054031656),.PIECEWISE_BEZIER_KNOTS.);
#7701 = CARTESIAN_POINT('',(318.,276.50748971505));
#7702 = CARTESIAN_POINT('',(318.,223.5054031656));
#7703 = ( GEOMETRIC_REPRESENTATION_CONTEXT(2) 
PARAMETRIC_REPRESENTATION_CONTEXT() REPRESENTATION_CONTEXT('2D SPACE',''
  ) );
#7704 = PCURVE('',#239,#7705);
#7705 = DEFINITIONAL_REPRESENTATION('',(#7706),#7709);
#7706 = B_SPLINE_CURVE_WITH_KNOTS('',1,(#7707,#7708),.UNSPECIFIED.,.F.,
  .F.,(2,2),(-276.507489715,-223.5054031656),.PIECEWISE_BEZIER_KNOTS.);
#7707 = CARTESIAN_POINT('',(263.,-276.507489715));
#7708 = CARTESIAN_POINT('',(263.,-223.5054031656));
#7709 = ( GEOMETRIC_REPRESENTATION_CONTEXT(2) 
PARAMETRIC_REPRESENTATION_CONTEXT() REPRESENTATION_CONTEXT('2D SPACE',''
  ) );
#7710 = ORIENTED_EDGE('',*,*,#3345,.T.);
#7711 = ORIENTED_EDGE('',*,*,#7495,.F.);
#7712 = ORIENTED_EDGE('',*,*,#7518,.F.);
#7713 = ORIENTED_EDGE('',*,*,#3949,.T.);
#7714 = ORIENTED_EDGE('',*,*,#3044,.F.);
#7715 = ORIENTED_EDGE('',*,*,#4389,.T.);
#7716 = ORIENTED_EDGE('',*,*,#7666,.T.);
#7717 = ADVANCED_FACE('',(#7718),#239,.T.);
#7718 = FACE_BOUND('',#7719,.T.);
#7719 = EDGE_LOOP('',(#7720,#7721,#7722,#7723));
#7720 = ORIENTED_EDGE('',*,*,#7617,.F.);
#7721 = ORIENTED_EDGE('',*,*,#21,.F.);
#7722 = ORIENTED_EDGE('',*,*,#7692,.F.);
#7723 = ORIENTED_EDGE('',*,*,#3108,.T.);
#7724 = ( GEOMETRIC_REPRESENTATION_CONTEXT(3) 
GLOBAL_UNCERTAINTY_ASSIGNED_CONTEXT((#7728)) 
GLOBAL_UNIT_ASSIGNED_CONTEXT((#7725,#7726,#7727)) REPRESENTATION_CONTEXT
('Context #1','3D Context with UNIT and UNCERTAINTY') );
#7725 = ( LENGTH_UNIT() NAMED_UNIT(*) SI_UNIT(.MILLI.,.METRE.) );
#7726 = ( NAMED_UNIT(*) PLANE_ANGLE_UNIT() SI_UNIT($,.RADIAN.) );
#7727 = ( NAMED_UNIT(*) SI_UNIT($,.STERADIAN.) SOLID_ANGLE_UNIT() );
#7728 = UNCERTAINTY_MEASURE_WITH_UNIT(LENGTH_MEASURE(5.E-05),#7725,
  'distance_accuracy_value','confusion accuracy');
#7729 = PRODUCT_RELATED_PRODUCT_CATEGORY('part',$,(#7));

#7730=DESCRIPTIVE_REPRESENTATION_ITEM('cadpy:generator','cadpy');
#7731=REPRESENTATION('cadpy:generator',(#7730),#7724);
#7732=PROPERTY_DEFINITION('cadpy metadata','cadpy:generator',#5);
#7733=PROPERTY_DEFINITION_REPRESENTATION(#7732,#7731);
#7734=DESCRIPTIVE_REPRESENTATION_ITEM('cadpy:entryKind','part');
#7735=REPRESENTATION('cadpy:entryKind',(#7734),#7724);
#7736=PROPERTY_DEFINITION('cadpy metadata','cadpy:entryKind',#5);
#7737=PROPERTY_DEFINITION_REPRESENTATION(#7736,#7735);
#7738=DESCRIPTIVE_REPRESENTATION_ITEM('cadpy:sourcePath','fuselage_upper.py');
#7739=REPRESENTATION('cadpy:sourcePath',(#7738),#7724);
#7740=PROPERTY_DEFINITION('cadpy metadata','cadpy:sourcePath',#5);
#7741=PROPERTY_DEFINITION_REPRESENTATION(#7740,#7739);
#7742=DESCRIPTIVE_REPRESENTATION_ITEM('cadpy:sourceHash','b6e75a1862429816a811b4c4b501b650c71e26355fe3984ea595b1ec48f052f2');
#7743=REPRESENTATION('cadpy:sourceHash',(#7742),#7724);
#7744=PROPERTY_DEFINITION('cadpy metadata','cadpy:sourceHash',#5);
#7745=PROPERTY_DEFINITION_REPRESENTATION(#7744,#7743);
ENDSEC;
END-ISO-10303-21;
