ISO-10303-21;
HEADER;
FILE_DESCRIPTION(('Open CASCADE Model'),'2;1');
FILE_NAME('Open CASCADE Shape Model','2026-07-30T15:10:46',('Author'),(
    'Open CASCADE'),'Open CASCADE STEP processor 7.9','Open CASCADE 7.9'
  ,'Unknown');
FILE_SCHEMA(('AUTOMOTIVE_DESIGN { 1 0 10303 214 1 1 1 1 }'));
ENDSEC;
DATA;
#1 = APPLICATION_PROTOCOL_DEFINITION('international standard',
  'automotive_design',2000,#2);
#2 = APPLICATION_CONTEXT(
  'core data for automotive mechanical design processes');
#3 = SHAPE_DEFINITION_REPRESENTATION(#4,#10);
#4 = PRODUCT_DEFINITION_SHAPE('','',#5);
#5 = PRODUCT_DEFINITION('design','',#6,#9);
#6 = PRODUCT_DEFINITION_FORMATION('','',#7);
#7 = PRODUCT('SOLID','SOLID','',(#8));
#8 = PRODUCT_CONTEXT('',#2,'mechanical');
#9 = PRODUCT_DEFINITION_CONTEXT('part definition',#2,'design');
#10 = ADVANCED_BREP_SHAPE_REPRESENTATION('',(#11,#15),#3271);
#11 = AXIS2_PLACEMENT_3D('',#12,#13,#14);
#12 = CARTESIAN_POINT('',(0.,0.,0.));
#13 = DIRECTION('',(0.,0.,1.));
#14 = DIRECTION('',(1.,0.,-0.));
#15 = MANIFOLD_SOLID_BREP('',#16);
#16 = CLOSED_SHELL('',(#17,#193,#480,#825,#899,#952,#1067,#1120,#1145,
    #1494,#1993,#2018,#2488,#2548,#2602,#2634,#2688,#2720,#2780,#3015,
    #3263));
#17 = ADVANCED_FACE('',(#18),#32,.T.);
#18 = FACE_BOUND('',#19,.T.);
#19 = EDGE_LOOP('',(#20,#55,#139,#167));
#20 = ORIENTED_EDGE('',*,*,#21,.F.);
#21 = EDGE_CURVE('',#22,#24,#26,.T.);
#22 = VERTEX_POINT('',#23);
#23 = CARTESIAN_POINT('',(-105.,-10.,17.031946776609));
#24 = VERTEX_POINT('',#25);
#25 = CARTESIAN_POINT('',(-105.,-10.,25.));
#26 = SURFACE_CURVE('',#27,(#31,#43),.PCURVE_S1.);
#27 = LINE('',#28,#29);
#28 = CARTESIAN_POINT('',(-105.,-10.,-1.));
#29 = VECTOR('',#30,1.);
#30 = DIRECTION('',(0.,0.,1.));
#31 = PCURVE('',#32,#37);
#32 = PLANE('',#33);
#33 = AXIS2_PLACEMENT_3D('',#34,#35,#36);
#34 = CARTESIAN_POINT('',(-105.,-10.,-1.));
#35 = DIRECTION('',(1.,0.,-0.));
#36 = DIRECTION('',(0.,0.,1.));
#37 = DEFINITIONAL_REPRESENTATION('',(#38),#42);
#38 = LINE('',#39,#40);
#39 = CARTESIAN_POINT('',(0.,0.));
#40 = VECTOR('',#41,1.);
#41 = DIRECTION('',(1.,0.));
#42 = ( GEOMETRIC_REPRESENTATION_CONTEXT(2) 
PARAMETRIC_REPRESENTATION_CONTEXT() REPRESENTATION_CONTEXT('2D SPACE',''
  ) );
#43 = PCURVE('',#44,#49);
#44 = PLANE('',#45);
#45 = AXIS2_PLACEMENT_3D('',#46,#47,#48);
#46 = CARTESIAN_POINT('',(-133.,-10.,-1.));
#47 = DIRECTION('',(-0.,1.,0.));
#48 = DIRECTION('',(0.,0.,1.));
#49 = DEFINITIONAL_REPRESENTATION('',(#50),#54);
#50 = LINE('',#51,#52);
#51 = CARTESIAN_POINT('',(0.,28.));
#52 = VECTOR('',#53,1.);
#53 = DIRECTION('',(1.,0.));
#54 = ( GEOMETRIC_REPRESENTATION_CONTEXT(2) 
PARAMETRIC_REPRESENTATION_CONTEXT() REPRESENTATION_CONTEXT('2D SPACE',''
  ) );
#55 = ORIENTED_EDGE('',*,*,#56,.T.);
#56 = EDGE_CURVE('',#22,#57,#59,.T.);
#57 = VERTEX_POINT('',#58);
#58 = CARTESIAN_POINT('',(-105.,10.,17.031946776609));
#59 = SURFACE_CURVE('',#60,(#73,#89),.PCURVE_S1.);
#60 = B_SPLINE_CURVE_WITH_KNOTS('',6,(#61,#62,#63,#64,#65,#66,#67,#68,
    #69,#70,#71,#72),.UNSPECIFIED.,.F.,.F.,(7,5,7),(0.,1.,2.),
  .UNSPECIFIED.);
#61 = CARTESIAN_POINT('',(-105.,-10.,17.031946776609));
#62 = CARTESIAN_POINT('',(-105.,-8.493024814362,17.91674004505));
#63 = CARTESIAN_POINT('',(-105.,-6.891815204347,18.641700067765));
#64 = CARTESIAN_POINT('',(-105.,-5.21819560786,19.193865720162));
#65 = CARTESIAN_POINT('',(-105.,-3.495381552509,19.56508127256));
#66 = CARTESIAN_POINT('',(-105.,-1.747522218493,19.75062558506));
#67 = CARTESIAN_POINT('',(-105.,1.747522218493,19.75062558506));
#68 = CARTESIAN_POINT('',(-105.,3.495381552508,19.56508127256));
#69 = CARTESIAN_POINT('',(-105.,5.218195607861,19.193865720162));
#70 = CARTESIAN_POINT('',(-105.,6.891815204346,18.641700067766));
#71 = CARTESIAN_POINT('',(-105.,8.493024814362,17.916740045049));
#72 = CARTESIAN_POINT('',(-105.,10.,17.031946776609));
#73 = PCURVE('',#32,#74);
#74 = DEFINITIONAL_REPRESENTATION('',(#75),#88);
#75 = B_SPLINE_CURVE_WITH_KNOTS('',6,(#76,#77,#78,#79,#80,#81,#82,#83,
    #84,#85,#86,#87),.UNSPECIFIED.,.F.,.F.,(7,5,7),(0.,1.,2.),
  .UNSPECIFIED.);
#76 = CARTESIAN_POINT('',(18.031946776609,0.));
#77 = CARTESIAN_POINT('',(18.91674004505,-1.506975185638));
#78 = CARTESIAN_POINT('',(19.641700067765,-3.108184795653));
#79 = CARTESIAN_POINT('',(20.193865720162,-4.78180439214));
#80 = CARTESIAN_POINT('',(20.56508127256,-6.504618447491));
#81 = CARTESIAN_POINT('',(20.75062558506,-8.252477781507));
#82 = CARTESIAN_POINT('',(20.75062558506,-11.74752221849));
#83 = CARTESIAN_POINT('',(20.56508127256,-13.4953815525));
#84 = CARTESIAN_POINT('',(20.193865720162,-15.21819560786));
#85 = CARTESIAN_POINT('',(19.641700067766,-16.89181520434));
#86 = CARTESIAN_POINT('',(18.916740045049,-18.49302481436));
#87 = CARTESIAN_POINT('',(18.031946776609,-20.));
#88 = ( GEOMETRIC_REPRESENTATION_CONTEXT(2) 
PARAMETRIC_REPRESENTATION_CONTEXT() REPRESENTATION_CONTEXT('2D SPACE',''
  ) );
#89 = PCURVE('',#90,#111);
#90 = SURFACE_OF_REVOLUTION('',#91,#108);
#91 = B_SPLINE_CURVE_WITH_KNOTS('',3,(#92,#93,#94,#95,#96,#97,#98,#99,
    #100,#101,#102,#103,#104,#105,#106,#107),.UNSPECIFIED.,.F.,.F.,(4,1,
    1,1,1,1,1,1,1,1,1,1,1,4),(0.,6.963476143421,16.963476143421,
    30.855920132871,47.943927623506,70.304607398504,85.379420830186,
    120.37942083018,165.37942083018,190.62323195291,216.22108342525,
    240.26271398559,258.64749029644,267.24981556349),.UNSPECIFIED.);
#92 = CARTESIAN_POINT('',(112.,0.,1.4));
#93 = CARTESIAN_POINT('',(110.97604353031,0.,3.58698272731));
#94 = CARTESIAN_POINT('',(107.66100484501,0.,8.162132002324));
#95 = CARTESIAN_POINT('',(98.884867800264,0.,13.859333205884));
#96 = CARTESIAN_POINT('',(87.307714717428,0.,21.028031052681));
#97 = CARTESIAN_POINT('',(70.436456555889,0.,27.199199110806));
#98 = CARTESIAN_POINT('',(52.424060470956,0.,29.90376656099));
#99 = CARTESIAN_POINT('',(28.401515699417,0.,32.601052342027));
#100 = CARTESIAN_POINT('',(-3.328482288749,0.,30.713322871162));
#101 = CARTESIAN_POINT('',(-38.51334930809,0.,33.353214775513));
#102 = CARTESIAN_POINT('',(-70.1619705803,0.,28.281038571521));
#103 = CARTESIAN_POINT('',(-94.62055781468,0.,23.12449198573));
#104 = CARTESIAN_POINT('',(-116.1748020466,0.,16.289652106979));
#105 = CARTESIAN_POINT('',(-132.4665332279,0.,10.708228238275));
#106 = CARTESIAN_POINT('',(-139.8118631734,0.,5.519283580735));
#107 = CARTESIAN_POINT('',(-142.,0.,3.6));
#108 = AXIS1_PLACEMENT('',#109,#110);
#109 = CARTESIAN_POINT('',(0.,0.,0.));
#110 = DIRECTION('',(1.,0.,0.));
#111 = DEFINITIONAL_REPRESENTATION('',(#112),#138);
#112 = B_SPLINE_CURVE_WITH_KNOTS('',3,(#113,#114,#115,#116,#117,#118,
    #119,#120,#121,#122,#123,#124,#125,#126,#127,#128,#129,#130,#131,
    #132,#133,#134,#135,#136,#137),.UNSPECIFIED.,.F.,.F.,(4,1,1,1,1,1,1,
    1,1,1,1,1,1,1,1,1,1,1,1,1,1,1,4),(0.,9.090909090909E-02,
    0.181818181818,0.272727272727,0.363636363636,0.454545454545,
    0.545454545455,0.636363636364,0.727272727273,0.818181818182,
    0.909090909091,1.,1.090909090909,1.181818181818,1.272727272727,
    1.363636363636,1.454545454546,1.545454545455,1.636363636364,
    1.727272727273,1.818181818182,1.909090909091,2.),
  .QUASI_UNIFORM_KNOTS.);
#113 = CARTESIAN_POINT('',(6.814089265705,226.64031278666));
#114 = CARTESIAN_POINT('',(6.798002019154,226.64031279245));
#115 = CARTESIAN_POINT('',(6.765826489197,226.6403127962));
#116 = CARTESIAN_POINT('',(6.717561520985,226.64031278961));
#117 = CARTESIAN_POINT('',(6.669296694448,226.64031277875));
#118 = CARTESIAN_POINT('',(6.621032502703,226.64031278324));
#119 = CARTESIAN_POINT('',(6.572768944476,226.64031279228));
#120 = CARTESIAN_POINT('',(6.524505631471,226.6403127923));
#121 = CARTESIAN_POINT('',(6.476242076698,226.64031278319));
#122 = CARTESIAN_POINT('',(6.427977872794,226.64031277895));
#123 = CARTESIAN_POINT('',(6.379713093453,226.64031278888));
#124 = CARTESIAN_POINT('',(6.331447948339,226.64031279887));
#125 = CARTESIAN_POINT('',(6.28318530718,226.64031278055));
#126 = CARTESIAN_POINT('',(6.23492266602,226.64031279887));
#127 = CARTESIAN_POINT('',(6.186657520907,226.64031278888));
#128 = CARTESIAN_POINT('',(6.138392741565,226.64031277895));
#129 = CARTESIAN_POINT('',(6.090128537661,226.64031278319));
#130 = CARTESIAN_POINT('',(6.041864982888,226.6403127923));
#131 = CARTESIAN_POINT('',(5.993601669884,226.64031279228));
#132 = CARTESIAN_POINT('',(5.945338111656,226.64031278324));
#133 = CARTESIAN_POINT('',(5.897073919911,226.64031277875));
#134 = CARTESIAN_POINT('',(5.848809093374,226.64031278961));
#135 = CARTESIAN_POINT('',(5.800544125162,226.6403127962));
#136 = CARTESIAN_POINT('',(5.768368595205,226.64031279245));
#137 = CARTESIAN_POINT('',(5.752281348654,226.64031278666));
#138 = ( GEOMETRIC_REPRESENTATION_CONTEXT(2) 
PARAMETRIC_REPRESENTATION_CONTEXT() REPRESENTATION_CONTEXT('2D SPACE',''
  ) );
#139 = ORIENTED_EDGE('',*,*,#140,.T.);
#140 = EDGE_CURVE('',#57,#141,#143,.T.);
#141 = VERTEX_POINT('',#142);
#142 = CARTESIAN_POINT('',(-105.,10.,25.));
#143 = SURFACE_CURVE('',#144,(#148,#155),.PCURVE_S1.);
#144 = LINE('',#145,#146);
#145 = CARTESIAN_POINT('',(-105.,10.,-1.));
#146 = VECTOR('',#147,1.);
#147 = DIRECTION('',(0.,0.,1.));
#148 = PCURVE('',#32,#149);
#149 = DEFINITIONAL_REPRESENTATION('',(#150),#154);
#150 = LINE('',#151,#152);
#151 = CARTESIAN_POINT('',(0.,-20.));
#152 = VECTOR('',#153,1.);
#153 = DIRECTION('',(1.,0.));
#154 = ( GEOMETRIC_REPRESENTATION_CONTEXT(2) 
PARAMETRIC_REPRESENTATION_CONTEXT() REPRESENTATION_CONTEXT('2D SPACE',''
  ) );
#155 = PCURVE('',#156,#161);
#156 = PLANE('',#157);
#157 = AXIS2_PLACEMENT_3D('',#158,#159,#160);
#158 = CARTESIAN_POINT('',(-133.,10.,-1.));
#159 = DIRECTION('',(-0.,1.,0.));
#160 = DIRECTION('',(0.,0.,1.));
#161 = DEFINITIONAL_REPRESENTATION('',(#162),#166);
#162 = LINE('',#163,#164);
#163 = CARTESIAN_POINT('',(0.,28.));
#164 = VECTOR('',#165,1.);
#165 = DIRECTION('',(1.,0.));
#166 = ( GEOMETRIC_REPRESENTATION_CONTEXT(2) 
PARAMETRIC_REPRESENTATION_CONTEXT() REPRESENTATION_CONTEXT('2D SPACE',''
  ) );
#167 = ORIENTED_EDGE('',*,*,#168,.F.);
#168 = EDGE_CURVE('',#24,#141,#169,.T.);
#169 = SURFACE_CURVE('',#170,(#174,#181),.PCURVE_S1.);
#170 = LINE('',#171,#172);
#171 = CARTESIAN_POINT('',(-105.,-10.,25.));
#172 = VECTOR('',#173,1.);
#173 = DIRECTION('',(-0.,1.,0.));
#174 = PCURVE('',#32,#175);
#175 = DEFINITIONAL_REPRESENTATION('',(#176),#180);
#176 = LINE('',#177,#178);
#177 = CARTESIAN_POINT('',(26.,0.));
#178 = VECTOR('',#179,1.);
#179 = DIRECTION('',(0.,-1.));
#180 = ( GEOMETRIC_REPRESENTATION_CONTEXT(2) 
PARAMETRIC_REPRESENTATION_CONTEXT() REPRESENTATION_CONTEXT('2D SPACE',''
  ) );
#181 = PCURVE('',#182,#187);
#182 = PLANE('',#183);
#183 = AXIS2_PLACEMENT_3D('',#184,#185,#186);
#184 = CARTESIAN_POINT('',(-133.,-10.,25.));
#185 = DIRECTION('',(0.,0.,1.));
#186 = DIRECTION('',(1.,0.,-0.));
#187 = DEFINITIONAL_REPRESENTATION('',(#188),#192);
#188 = LINE('',#189,#190);
#189 = CARTESIAN_POINT('',(28.,0.));
#190 = VECTOR('',#191,1.);
#191 = DIRECTION('',(0.,1.));
#192 = ( GEOMETRIC_REPRESENTATION_CONTEXT(2) 
PARAMETRIC_REPRESENTATION_CONTEXT() REPRESENTATION_CONTEXT('2D SPACE',''
  ) );
#193 = ADVANCED_FACE('',(#194,#449),#182,.T.);
#194 = FACE_BOUND('',#195,.T.);
#195 = EDGE_LOOP('',(#196,#226,#247,#248,#271,#294,#336,#362,#388,#414)
  );
#196 = ORIENTED_EDGE('',*,*,#197,.F.);
#197 = EDGE_CURVE('',#198,#200,#202,.T.);
#198 = VERTEX_POINT('',#199);
#199 = CARTESIAN_POINT('',(-133.,-10.,25.));
#200 = VERTEX_POINT('',#201);
#201 = CARTESIAN_POINT('',(-133.,-1.917684468376,25.));
#202 = SURFACE_CURVE('',#203,(#207,#214),.PCURVE_S1.);
#203 = LINE('',#204,#205);
#204 = CARTESIAN_POINT('',(-133.,-10.,25.));
#205 = VECTOR('',#206,1.);
#206 = DIRECTION('',(-0.,1.,0.));
#207 = PCURVE('',#182,#208);
#208 = DEFINITIONAL_REPRESENTATION('',(#209),#213);
#209 = LINE('',#210,#211);
#210 = CARTESIAN_POINT('',(0.,0.));
#211 = VECTOR('',#212,1.);
#212 = DIRECTION('',(0.,1.));
#213 = ( GEOMETRIC_REPRESENTATION_CONTEXT(2) 
PARAMETRIC_REPRESENTATION_CONTEXT() REPRESENTATION_CONTEXT('2D SPACE',''
  ) );
#214 = PCURVE('',#215,#220);
#215 = PLANE('',#216);
#216 = AXIS2_PLACEMENT_3D('',#217,#218,#219);
#217 = CARTESIAN_POINT('',(-133.,-10.,-1.));
#218 = DIRECTION('',(1.,0.,-0.));
#219 = DIRECTION('',(0.,0.,1.));
#220 = DEFINITIONAL_REPRESENTATION('',(#221),#225);
#221 = LINE('',#222,#223);
#222 = CARTESIAN_POINT('',(26.,0.));
#223 = VECTOR('',#224,1.);
#224 = DIRECTION('',(0.,-1.));
#225 = ( GEOMETRIC_REPRESENTATION_CONTEXT(2) 
PARAMETRIC_REPRESENTATION_CONTEXT() REPRESENTATION_CONTEXT('2D SPACE',''
  ) );
#226 = ORIENTED_EDGE('',*,*,#227,.T.);
#227 = EDGE_CURVE('',#198,#24,#228,.T.);
#228 = SURFACE_CURVE('',#229,(#233,#240),.PCURVE_S1.);
#229 = LINE('',#230,#231);
#230 = CARTESIAN_POINT('',(-133.,-10.,25.));
#231 = VECTOR('',#232,1.);
#232 = DIRECTION('',(1.,0.,-0.));
#233 = PCURVE('',#182,#234);
#234 = DEFINITIONAL_REPRESENTATION('',(#235),#239);
#235 = LINE('',#236,#237);
#236 = CARTESIAN_POINT('',(0.,0.));
#237 = VECTOR('',#238,1.);
#238 = DIRECTION('',(1.,0.));
#239 = ( GEOMETRIC_REPRESENTATION_CONTEXT(2) 
PARAMETRIC_REPRESENTATION_CONTEXT() REPRESENTATION_CONTEXT('2D SPACE',''
  ) );
#240 = PCURVE('',#44,#241);
#241 = DEFINITIONAL_REPRESENTATION('',(#242),#246);
#242 = LINE('',#243,#244);
#243 = CARTESIAN_POINT('',(26.,0.));
#244 = VECTOR('',#245,1.);
#245 = DIRECTION('',(0.,1.));
#246 = ( GEOMETRIC_REPRESENTATION_CONTEXT(2) 
PARAMETRIC_REPRESENTATION_CONTEXT() REPRESENTATION_CONTEXT('2D SPACE',''
  ) );
#247 = ORIENTED_EDGE('',*,*,#168,.T.);
#248 = ORIENTED_EDGE('',*,*,#249,.F.);
#249 = EDGE_CURVE('',#250,#141,#252,.T.);
#250 = VERTEX_POINT('',#251);
#251 = CARTESIAN_POINT('',(-133.,10.,25.));
#252 = SURFACE_CURVE('',#253,(#257,#264),.PCURVE_S1.);
#253 = LINE('',#254,#255);
#254 = CARTESIAN_POINT('',(-133.,10.,25.));
#255 = VECTOR('',#256,1.);
#256 = DIRECTION('',(1.,0.,-0.));
#257 = PCURVE('',#182,#258);
#258 = DEFINITIONAL_REPRESENTATION('',(#259),#263);
#259 = LINE('',#260,#261);
#260 = CARTESIAN_POINT('',(0.,20.));
#261 = VECTOR('',#262,1.);
#262 = DIRECTION('',(1.,0.));
#263 = ( GEOMETRIC_REPRESENTATION_CONTEXT(2) 
PARAMETRIC_REPRESENTATION_CONTEXT() REPRESENTATION_CONTEXT('2D SPACE',''
  ) );
#264 = PCURVE('',#156,#265);
#265 = DEFINITIONAL_REPRESENTATION('',(#266),#270);
#266 = LINE('',#267,#268);
#267 = CARTESIAN_POINT('',(26.,0.));
#268 = VECTOR('',#269,1.);
#269 = DIRECTION('',(0.,1.));
#270 = ( GEOMETRIC_REPRESENTATION_CONTEXT(2) 
PARAMETRIC_REPRESENTATION_CONTEXT() REPRESENTATION_CONTEXT('2D SPACE',''
  ) );
#271 = ORIENTED_EDGE('',*,*,#272,.F.);
#272 = EDGE_CURVE('',#273,#250,#275,.T.);
#273 = VERTEX_POINT('',#274);
#274 = CARTESIAN_POINT('',(-133.,1.917684468376,25.));
#275 = SURFACE_CURVE('',#276,(#280,#287),.PCURVE_S1.);
#276 = LINE('',#277,#278);
#277 = CARTESIAN_POINT('',(-133.,-10.,25.));
#278 = VECTOR('',#279,1.);
#279 = DIRECTION('',(-0.,1.,0.));
#280 = PCURVE('',#182,#281);
#281 = DEFINITIONAL_REPRESENTATION('',(#282),#286);
#282 = LINE('',#283,#284);
#283 = CARTESIAN_POINT('',(0.,0.));
#284 = VECTOR('',#285,1.);
#285 = DIRECTION('',(0.,1.));
#286 = ( GEOMETRIC_REPRESENTATION_CONTEXT(2) 
PARAMETRIC_REPRESENTATION_CONTEXT() REPRESENTATION_CONTEXT('2D SPACE',''
  ) );
#287 = PCURVE('',#215,#288);
#288 = DEFINITIONAL_REPRESENTATION('',(#289),#293);
#289 = LINE('',#290,#291);
#290 = CARTESIAN_POINT('',(26.,0.));
#291 = VECTOR('',#292,1.);
#292 = DIRECTION('',(0.,-1.));
#293 = ( GEOMETRIC_REPRESENTATION_CONTEXT(2) 
PARAMETRIC_REPRESENTATION_CONTEXT() REPRESENTATION_CONTEXT('2D SPACE',''
  ) );
#294 = ORIENTED_EDGE('',*,*,#295,.F.);
#295 = EDGE_CURVE('',#296,#273,#298,.T.);
#296 = VERTEX_POINT('',#297);
#297 = CARTESIAN_POINT('',(-128.9956662788,2.5,25.));
#298 = SURFACE_CURVE('',#299,(#304,#311),.PCURVE_S1.);
#299 = ELLIPSE('',#300,3.029482717556,3.);
#300 = AXIS2_PLACEMENT_3D('',#301,#302,#303);
#301 = CARTESIAN_POINT('',(-130.6702758593,0.,25.));
#302 = DIRECTION('',(0.,0.,1.));
#303 = DIRECTION('',(1.,0.,-0.));
#304 = PCURVE('',#182,#305);
#305 = DEFINITIONAL_REPRESENTATION('',(#306),#310);
#306 = ELLIPSE('',#307,3.029482717556,3.);
#307 = AXIS2_PLACEMENT_2D('',#308,#309);
#308 = CARTESIAN_POINT('',(2.329724140655,10.));
#309 = DIRECTION('',(1.,0.));
#310 = ( GEOMETRIC_REPRESENTATION_CONTEXT(2) 
PARAMETRIC_REPRESENTATION_CONTEXT() REPRESENTATION_CONTEXT('2D SPACE',''
  ) );
#311 = PCURVE('',#312,#317);
#312 = CYLINDRICAL_SURFACE('',#313,3.);
#313 = AXIS2_PLACEMENT_3D('',#314,#315,#316);
#314 = CARTESIAN_POINT('',(-130.7834620192,0.,24.194638625169));
#315 = DIRECTION('',(0.13917310096,0.,0.990268068742));
#316 = DIRECTION('',(0.990268068742,0.,-0.13917310096));
#317 = DEFINITIONAL_REPRESENTATION('',(#318),#335);
#318 = B_SPLINE_CURVE_WITH_KNOTS('',8,(#319,#320,#321,#322,#323,#324,
    #325,#326,#327,#328,#329,#330,#331,#332,#333,#334),.UNSPECIFIED.,.F.
  ,.F.,(9,7,9),(0.985110783338,1.570796326795,2.44809848293),
  .UNSPECIFIED.);
#319 = CARTESIAN_POINT('',(7.268296090518,1.046336733945));
#320 = CARTESIAN_POINT('',(7.34150678345,1.020614020389));
#321 = CARTESIAN_POINT('',(7.414717476382,0.993463693589));
#322 = CARTESIAN_POINT('',(7.487928169314,0.965095829327));
#323 = CARTESIAN_POINT('',(7.561138862246,0.935736828257));
#324 = CARTESIAN_POINT('',(7.634349555178,0.905625825056));
#325 = CARTESIAN_POINT('',(7.70756024811,0.875010633452));
#326 = CARTESIAN_POINT('',(7.780770941042,0.844143397828));
#327 = CARTESIAN_POINT('',(7.963644403491,0.767039830655));
#328 = CARTESIAN_POINT('',(8.073307173008,0.72080347678));
#329 = CARTESIAN_POINT('',(8.182969942525,0.67541457028));
#330 = CARTESIAN_POINT('',(8.292632712042,0.631720162713));
#331 = CARTESIAN_POINT('',(8.402295481558,0.590534994119));
#332 = CARTESIAN_POINT('',(8.511958251074,0.552608523612));
#333 = CARTESIAN_POINT('',(8.621621020591,0.518596709314));
#334 = CARTESIAN_POINT('',(8.731283790107,0.489041165682));
#335 = ( GEOMETRIC_REPRESENTATION_CONTEXT(2) 
PARAMETRIC_REPRESENTATION_CONTEXT() REPRESENTATION_CONTEXT('2D SPACE',''
  ) );
#336 = ORIENTED_EDGE('',*,*,#337,.T.);
#337 = EDGE_CURVE('',#296,#338,#340,.T.);
#338 = VERTEX_POINT('',#339);
#339 = CARTESIAN_POINT('',(-112.6206896551,2.5,25.));
#340 = SURFACE_CURVE('',#341,(#345,#351),.PCURVE_S1.);
#341 = LINE('',#342,#343);
#342 = CARTESIAN_POINT('',(-127.3697590434,2.5,25.));
#343 = VECTOR('',#344,1.);
#344 = DIRECTION('',(1.,-0.,0.));
#345 = PCURVE('',#182,#346);
#346 = DEFINITIONAL_REPRESENTATION('',(#347),#350);
#347 = B_SPLINE_CURVE_WITH_KNOTS('',1,(#348,#349),.UNSPECIFIED.,.F.,.F.,
  (2,2),(-5.630240956532,22.369759043468),.PIECEWISE_BEZIER_KNOTS.);
#348 = CARTESIAN_POINT('',(0.,12.5));
#349 = CARTESIAN_POINT('',(28.,12.5));
#350 = ( GEOMETRIC_REPRESENTATION_CONTEXT(2) 
PARAMETRIC_REPRESENTATION_CONTEXT() REPRESENTATION_CONTEXT('2D SPACE',''
  ) );
#351 = PCURVE('',#352,#357);
#352 = PLANE('',#353);
#353 = AXIS2_PLACEMENT_3D('',#354,#355,#356);
#354 = CARTESIAN_POINT('',(-121.7395180869,2.5,24.093093439148));
#355 = DIRECTION('',(0.,1.,-0.));
#356 = DIRECTION('',(-1.,0.,0.));
#357 = DEFINITIONAL_REPRESENTATION('',(#358),#361);
#358 = B_SPLINE_CURVE_WITH_KNOTS('',1,(#359,#360),.UNSPECIFIED.,.F.,.F.,
  (2,2),(-5.630240956532,22.369759043468),.PIECEWISE_BEZIER_KNOTS.);
#359 = CARTESIAN_POINT('',(11.260481913065,0.906906560852));
#360 = CARTESIAN_POINT('',(-16.73951808693,0.906906560852));
#361 = ( GEOMETRIC_REPRESENTATION_CONTEXT(2) 
PARAMETRIC_REPRESENTATION_CONTEXT() REPRESENTATION_CONTEXT('2D SPACE',''
  ) );
#362 = ORIENTED_EDGE('',*,*,#363,.T.);
#363 = EDGE_CURVE('',#338,#364,#366,.T.);
#364 = VERTEX_POINT('',#365);
#365 = CARTESIAN_POINT('',(-112.6206896551,-2.5,25.));
#366 = SURFACE_CURVE('',#367,(#371,#377),.PCURVE_S1.);
#367 = LINE('',#368,#369);
#368 = CARTESIAN_POINT('',(-112.6206896551,-5.,25.));
#369 = VECTOR('',#370,1.);
#370 = DIRECTION('',(0.,-1.,0.));
#371 = PCURVE('',#182,#372);
#372 = DEFINITIONAL_REPRESENTATION('',(#373),#376);
#373 = B_SPLINE_CURVE_WITH_KNOTS('',1,(#374,#375),.UNSPECIFIED.,.F.,.F.,
  (2,2),(-7.5,-2.5),.PIECEWISE_BEZIER_KNOTS.);
#374 = CARTESIAN_POINT('',(20.379310344828,12.5));
#375 = CARTESIAN_POINT('',(20.379310344828,7.5));
#376 = ( GEOMETRIC_REPRESENTATION_CONTEXT(2) 
PARAMETRIC_REPRESENTATION_CONTEXT() REPRESENTATION_CONTEXT('2D SPACE',''
  ) );
#377 = PCURVE('',#378,#383);
#378 = PLANE('',#379);
#379 = AXIS2_PLACEMENT_3D('',#380,#381,#382);
#380 = CARTESIAN_POINT('',(-124.,0.,58.));
#381 = DIRECTION('',(0.945372981626,0.,0.325990683319));
#382 = DIRECTION('',(0.325990683319,0.,-0.945372981626));
#383 = DEFINITIONAL_REPRESENTATION('',(#384),#387);
#384 = B_SPLINE_CURVE_WITH_KNOTS('',1,(#385,#386),.UNSPECIFIED.,.F.,.F.,
  (2,2),(-7.5,-2.5),.PIECEWISE_BEZIER_KNOTS.);
#385 = CARTESIAN_POINT('',(34.906857548681,2.5));
#386 = CARTESIAN_POINT('',(34.906857548681,-2.5));
#387 = ( GEOMETRIC_REPRESENTATION_CONTEXT(2) 
PARAMETRIC_REPRESENTATION_CONTEXT() REPRESENTATION_CONTEXT('2D SPACE',''
  ) );
#388 = ORIENTED_EDGE('',*,*,#389,.F.);
#389 = EDGE_CURVE('',#390,#364,#392,.T.);
#390 = VERTEX_POINT('',#391);
#391 = CARTESIAN_POINT('',(-128.9956662788,-2.5,25.));
#392 = SURFACE_CURVE('',#393,(#397,#403),.PCURVE_S1.);
#393 = LINE('',#394,#395);
#394 = CARTESIAN_POINT('',(-127.3697590434,-2.5,25.));
#395 = VECTOR('',#396,1.);
#396 = DIRECTION('',(1.,-0.,0.));
#397 = PCURVE('',#182,#398);
#398 = DEFINITIONAL_REPRESENTATION('',(#399),#402);
#399 = B_SPLINE_CURVE_WITH_KNOTS('',1,(#400,#401),.UNSPECIFIED.,.F.,.F.,
  (2,2),(-5.630240956532,22.369759043468),.PIECEWISE_BEZIER_KNOTS.);
#400 = CARTESIAN_POINT('',(0.,7.5));
#401 = CARTESIAN_POINT('',(28.,7.5));
#402 = ( GEOMETRIC_REPRESENTATION_CONTEXT(2) 
PARAMETRIC_REPRESENTATION_CONTEXT() REPRESENTATION_CONTEXT('2D SPACE',''
  ) );
#403 = PCURVE('',#404,#409);
#404 = PLANE('',#405);
#405 = AXIS2_PLACEMENT_3D('',#406,#407,#408);
#406 = CARTESIAN_POINT('',(-121.7395180869,-2.5,24.093093439148));
#407 = DIRECTION('',(0.,1.,-0.));
#408 = DIRECTION('',(-1.,0.,0.));
#409 = DEFINITIONAL_REPRESENTATION('',(#410),#413);
#410 = B_SPLINE_CURVE_WITH_KNOTS('',1,(#411,#412),.UNSPECIFIED.,.F.,.F.,
  (2,2),(-5.630240956532,22.369759043468),.PIECEWISE_BEZIER_KNOTS.);
#411 = CARTESIAN_POINT('',(11.260481913065,0.906906560852));
#412 = CARTESIAN_POINT('',(-16.73951808693,0.906906560852));
#413 = ( GEOMETRIC_REPRESENTATION_CONTEXT(2) 
PARAMETRIC_REPRESENTATION_CONTEXT() REPRESENTATION_CONTEXT('2D SPACE',''
  ) );
#414 = ORIENTED_EDGE('',*,*,#415,.F.);
#415 = EDGE_CURVE('',#200,#390,#416,.T.);
#416 = SURFACE_CURVE('',#417,(#422,#429),.PCURVE_S1.);
#417 = ELLIPSE('',#418,3.029482717556,3.);
#418 = AXIS2_PLACEMENT_3D('',#419,#420,#421);
#419 = CARTESIAN_POINT('',(-130.6702758593,0.,25.));
#420 = DIRECTION('',(0.,0.,1.));
#421 = DIRECTION('',(1.,0.,-0.));
#422 = PCURVE('',#182,#423);
#423 = DEFINITIONAL_REPRESENTATION('',(#424),#428);
#424 = ELLIPSE('',#425,3.029482717556,3.);
#425 = AXIS2_PLACEMENT_2D('',#426,#427);
#426 = CARTESIAN_POINT('',(2.329724140655,10.));
#427 = DIRECTION('',(1.,0.));
#428 = ( GEOMETRIC_REPRESENTATION_CONTEXT(2) 
PARAMETRIC_REPRESENTATION_CONTEXT() REPRESENTATION_CONTEXT('2D SPACE',''
  ) );
#429 = PCURVE('',#312,#430);
#430 = DEFINITIONAL_REPRESENTATION('',(#431),#448);
#431 = B_SPLINE_CURVE_WITH_KNOTS('',8,(#432,#433,#434,#435,#436,#437,
    #438,#439,#440,#441,#442,#443,#444,#445,#446,#447),.UNSPECIFIED.,.F.
  ,.F.,(9,7,9),(3.83508682425,3.926990816987,5.298074523841),
  .UNSPECIFIED.);
#432 = CARTESIAN_POINT('',(3.83508682425,0.489041195424));
#433 = CARTESIAN_POINT('',(3.846574823342,0.49213735932));
#434 = CARTESIAN_POINT('',(3.858062822434,0.495282426685));
#435 = CARTESIAN_POINT('',(3.869550821526,0.498475774918));
#436 = CARTESIAN_POINT('',(3.881038820618,0.501716767661));
#437 = CARTESIAN_POINT('',(3.892526819711,0.505004755069));
#438 = CARTESIAN_POINT('',(3.904014818803,0.508339074087));
#439 = CARTESIAN_POINT('',(3.915502817895,0.511719048732));
#440 = CARTESIAN_POINT('',(4.098376280344,0.566239503934));
#441 = CARTESIAN_POINT('',(4.269761743698,0.627343369617));
#442 = CARTESIAN_POINT('',(4.44114720706,0.696166915847));
#443 = CARTESIAN_POINT('',(4.612532670414,0.769799625174));
#444 = CARTESIAN_POINT('',(4.783918133766,0.84491131534));
#445 = CARTESIAN_POINT('',(4.95530359712,0.918079869852));
#446 = CARTESIAN_POINT('',(5.126689060477,0.986120053993));
#447 = CARTESIAN_POINT('',(5.298074523835,1.046336676514));
#448 = ( GEOMETRIC_REPRESENTATION_CONTEXT(2) 
PARAMETRIC_REPRESENTATION_CONTEXT() REPRESENTATION_CONTEXT('2D SPACE',''
  ) );
#449 = FACE_BOUND('',#450,.T.);
#450 = EDGE_LOOP('',(#451));
#451 = ORIENTED_EDGE('',*,*,#452,.F.);
#452 = EDGE_CURVE('',#453,#453,#455,.T.);
#453 = VERTEX_POINT('',#454);
#454 = CARTESIAN_POINT('',(-107.35,-4.041334437186E-16,25.));
#455 = SURFACE_CURVE('',#456,(#461,#468),.PCURVE_S1.);
#456 = CIRCLE('',#457,1.65);
#457 = AXIS2_PLACEMENT_3D('',#458,#459,#460);
#458 = CARTESIAN_POINT('',(-109.,0.,25.));
#459 = DIRECTION('',(0.,0.,1.));
#460 = DIRECTION('',(1.,0.,-0.));
#461 = PCURVE('',#182,#462);
#462 = DEFINITIONAL_REPRESENTATION('',(#463),#467);
#463 = CIRCLE('',#464,1.65);
#464 = AXIS2_PLACEMENT_2D('',#465,#466);
#465 = CARTESIAN_POINT('',(24.,10.));
#466 = DIRECTION('',(1.,0.));
#467 = ( GEOMETRIC_REPRESENTATION_CONTEXT(2) 
PARAMETRIC_REPRESENTATION_CONTEXT() REPRESENTATION_CONTEXT('2D SPACE',''
  ) );
#468 = PCURVE('',#469,#474);
#469 = CYLINDRICAL_SURFACE('',#470,1.65);
#470 = AXIS2_PLACEMENT_3D('',#471,#472,#473);
#471 = CARTESIAN_POINT('',(-109.,0.,-10.));
#472 = DIRECTION('',(0.,0.,1.));
#473 = DIRECTION('',(1.,0.,-0.));
#474 = DEFINITIONAL_REPRESENTATION('',(#475),#479);
#475 = LINE('',#476,#477);
#476 = CARTESIAN_POINT('',(0.,35.));
#477 = VECTOR('',#478,1.);
#478 = DIRECTION('',(1.,0.));
#479 = ( GEOMETRIC_REPRESENTATION_CONTEXT(2) 
PARAMETRIC_REPRESENTATION_CONTEXT() REPRESENTATION_CONTEXT('2D SPACE',''
  ) );
#480 = ADVANCED_FACE('',(#481),#469,.F.);
#481 = FACE_BOUND('',#482,.F.);
#482 = EDGE_LOOP('',(#483,#484,#507,#824));
#483 = ORIENTED_EDGE('',*,*,#452,.F.);
#484 = ORIENTED_EDGE('',*,*,#485,.F.);
#485 = EDGE_CURVE('',#486,#453,#488,.T.);
#486 = VERTEX_POINT('',#487);
#487 = CARTESIAN_POINT('',(-107.35,-4.041334437186E-16,19.030492226518)
  );
#488 = SEAM_CURVE('',#489,(#493,#500),.PCURVE_S1.);
#489 = LINE('',#490,#491);
#490 = CARTESIAN_POINT('',(-107.35,-4.041334437186E-16,-10.));
#491 = VECTOR('',#492,1.);
#492 = DIRECTION('',(0.,0.,1.));
#493 = PCURVE('',#469,#494);
#494 = DEFINITIONAL_REPRESENTATION('',(#495),#499);
#495 = LINE('',#496,#497);
#496 = CARTESIAN_POINT('',(0.,-0.));
#497 = VECTOR('',#498,1.);
#498 = DIRECTION('',(0.,1.));
#499 = ( GEOMETRIC_REPRESENTATION_CONTEXT(2) 
PARAMETRIC_REPRESENTATION_CONTEXT() REPRESENTATION_CONTEXT('2D SPACE',''
  ) );
#500 = PCURVE('',#469,#501);
#501 = DEFINITIONAL_REPRESENTATION('',(#502),#506);
#502 = LINE('',#503,#504);
#503 = CARTESIAN_POINT('',(6.28318530718,-0.));
#504 = VECTOR('',#505,1.);
#505 = DIRECTION('',(0.,1.));
#506 = ( GEOMETRIC_REPRESENTATION_CONTEXT(2) 
PARAMETRIC_REPRESENTATION_CONTEXT() REPRESENTATION_CONTEXT('2D SPACE',''
  ) );
#507 = ORIENTED_EDGE('',*,*,#508,.T.);
#508 = EDGE_CURVE('',#486,#486,#509,.T.);
#509 = SURFACE_CURVE('',#510,(#590,#707),.PCURVE_S1.);
#510 = B_SPLINE_CURVE_WITH_KNOTS('',8,(#511,#512,#513,#514,#515,#516,
    #517,#518,#519,#520,#521,#522,#523,#524,#525,#526,#527,#528,#529,
    #530,#531,#532,#533,#534,#535,#536,#537,#538,#539,#540,#541,#542,
    #543,#544,#545,#546,#547,#548,#549,#550,#551,#552,#553,#554,#555,
    #556,#557,#558,#559,#560,#561,#562,#563,#564,#565,#566,#567,#568,
    #569,#570,#571,#572,#573,#574,#575,#576,#577,#578,#579,#580,#581,
    #582,#583,#584,#585,#586,#587,#588,#589),.UNSPECIFIED.,.T.,.F.,(9,7,
    7,7,7,7,7,7,7,7,7,9),(0.,0.121839338998,0.181433289947,
    0.252595403843,0.352869569461,0.468018360072,0.575887245992,
    0.690661262628,0.791408876867,0.880322653368,1.,1.044516419569),
  .UNSPECIFIED.);
#511 = CARTESIAN_POINT('',(-107.35,2.22044604925E-15,19.030492226518));
#512 = CARTESIAN_POINT('',(-107.35,0.183463919148,19.030492226518));
#513 = CARTESIAN_POINT('',(-107.3733150531,0.366063533035,
    19.021246220552));
#514 = CARTESIAN_POINT('',(-107.419548566,0.540278156813,19.002910237487
    ));
#515 = CARTESIAN_POINT('',(-107.4848617049,0.701986816952,18.97715368856
    ));
#516 = CARTESIAN_POINT('',(-107.5654593757,0.848893529832,
    18.945736186494));
#517 = CARTESIAN_POINT('',(-107.657496256,0.980206998827,18.91036001072)
  );
#518 = CARTESIAN_POINT('',(-107.75796404,1.096152209641,18.872336726755)
  );
#519 = CARTESIAN_POINT('',(-107.9171779622,1.247072012612,
    18.813076917411));
#520 = CARTESIAN_POINT('',(-107.9711141969,1.293243304387,
    18.793152202983));
#521 = CARTESIAN_POINT('',(-108.0264862785,1.336096584875,
    18.772860752649));
#522 = CARTESIAN_POINT('',(-108.0831137199,1.375706593324,
    18.752284551046));
#523 = CARTESIAN_POINT('',(-108.1408380215,1.412143508921,
    18.731495135476));
#524 = CARTESIAN_POINT('',(-108.1995214008,1.445473817953,
    18.710554326277));
#525 = CARTESIAN_POINT('',(-108.2590464304,1.475759222171,
    18.689514739677));
#526 = CARTESIAN_POINT('',(-108.391286166,1.535646238445,18.643230607881
    ));
#527 = CARTESIAN_POINT('',(-108.4643014433,1.563966439612,
    18.617968484265));
#528 = CARTESIAN_POINT('',(-108.5381915156,1.588106790262,
    18.592710183903));
#529 = CARTESIAN_POINT('',(-108.6127993562,1.608134512976,
    18.567523933386));
#530 = CARTESIAN_POINT('',(-108.6879795789,1.624097947308,
    18.542470653146));
#531 = CARTESIAN_POINT('',(-108.7635968495,1.636029590914,18.51760468843
    ));
#532 = CARTESIAN_POINT('',(-108.8395249472,1.643945688964,
    18.492974332375));
#533 = CARTESIAN_POINT('',(-109.02290892,1.653333167505,18.43430759484)
  );
#534 = CARTESIAN_POINT('',(-109.1305043851,1.650840473876,
    18.400561688655));
#535 = CARTESIAN_POINT('',(-109.238129495,1.640369189654,18.3674943524)
  );
#536 = CARTESIAN_POINT('',(-109.3454336388,1.621830031067,
    18.335220019451));
#537 = CARTESIAN_POINT('',(-109.4520178837,1.595074718818,
    18.303854941705));
#538 = CARTESIAN_POINT('',(-109.5574293709,1.559906839445,
    18.273515792225));
#539 = CARTESIAN_POINT('',(-109.661151192,1.516068381089,18.244319555593
    ));
#540 = CARTESIAN_POINT('',(-109.8790713554,1.402493322543,18.18430601322
    ));
#541 = CARTESIAN_POINT('',(-109.9923193139,1.329994357163,
    18.153951837065));
#542 = CARTESIAN_POINT('',(-110.1016598099,1.245129868411,
    18.125432866151));
#543 = CARTESIAN_POINT('',(-110.2058210741,1.147251865164,
    18.098998815968));
#544 = CARTESIAN_POINT('',(-110.3030108688,1.035877656717,
    18.074984271527));
#545 = CARTESIAN_POINT('',(-110.3909611943,0.910851773509,
    18.053771618292));
#546 = CARTESIAN_POINT('',(-110.4670058469,0.772523750301,
    18.035778592729));
#547 = CARTESIAN_POINT('',(-110.5856385766,0.481058133507,
    18.008081484001));
#548 = CARTESIAN_POINT('',(-110.6304701689,0.328350004708,
    17.997824127388));
#549 = CARTESIAN_POINT('',(-110.6588543292,0.167474331478,
    17.991457819771));
#550 = CARTESIAN_POINT('',(-110.6686938518,2.421516247735E-03,
    17.98927643579));
#551 = CARTESIAN_POINT('',(-110.6593300697,-0.162649794216,
    17.991351476431));
#552 = CARTESIAN_POINT('',(-110.6314212111,-0.32359382371,
    17.997609593603));
#553 = CARTESIAN_POINT('',(-110.5870429299,-0.476460572254,
    18.007759204365));
#554 = CARTESIAN_POINT('',(-110.4692883119,-0.768101394986,
    18.035239927892));
#555 = CARTESIAN_POINT('',(-110.393811503,-0.906399371349,
    18.053088843167));
#556 = CARTESIAN_POINT('',(-110.3064250226,-1.031487205769,
    18.074150887994));
#557 = CARTESIAN_POINT('',(-110.209785204,-1.14299968686,18.098009814022
    ));
#558 = CARTESIAN_POINT('',(-110.1061549954,-1.24108040251,
    18.124284472729));
#559 = CARTESIAN_POINT('',(-109.9973244976,-1.326203063362,
    18.152641295609));
#560 = CARTESIAN_POINT('',(-109.8845662539,-1.399010584339,
    18.182830922598));
#561 = CARTESIAN_POINT('',(-109.6667186703,-1.513680918012,
    18.242754612501));
#562 = CARTESIAN_POINT('',(-109.5625487344,-1.558147593452,
    18.272046021251));
#563 = CARTESIAN_POINT('',(-109.4566514759,-1.593846535418,
    18.302496547149));
#564 = CARTESIAN_POINT('',(-109.3495518064,-1.621038447685,
    18.333988042366));
#565 = CARTESIAN_POINT('',(-109.2417123204,-1.639925234813,
    18.366401667485));
#566 = CARTESIAN_POINT('',(-109.1335406906,-1.650660164755,18.3996189008
    ));
#567 = CARTESIAN_POINT('',(-109.0253925875,-1.653332428908,
    18.433523833413));
#568 = CARTESIAN_POINT('',(-108.8224287178,-1.643181247525,
    18.498434276334));
#569 = CARTESIAN_POINT('',(-108.7275897921,-1.632143335167,
    18.529296332072));
#570 = CARTESIAN_POINT('',(-108.6332775366,-1.614837259961,
    18.560511386872));
#571 = CARTESIAN_POINT('',(-108.5397366324,-1.591219309335,
    18.591984543465));
#572 = CARTESIAN_POINT('',(-108.4472403342,-1.561208055697,
    18.623604054123));
#573 = CARTESIAN_POINT('',(-108.3560932162,-1.524687101943,
    18.655239473314));
#574 = CARTESIAN_POINT('',(-108.2666371896,-1.481493726898,
    18.686738780456));
#575 = CARTESIAN_POINT('',(-108.0616527483,-1.363958768108,
    18.759900205389));
#576 = CARTESIAN_POINT('',(-107.9481237326,-1.284188209268,
    18.80119657848));
#577 = CARTESIAN_POINT('',(-107.8392076761,-1.191406367178,
    18.84152141844));
#578 = CARTESIAN_POINT('',(-107.7362524701,-1.084814039207,
    18.880277741695));
#579 = CARTESIAN_POINT('',(-107.6412753117,-0.963820824523,
    18.916576041586));
#580 = CARTESIAN_POINT('',(-107.5569033413,-0.828238469371,
    18.949231694311));
#581 = CARTESIAN_POINT('',(-107.4862779954,-0.678507376127,
    18.976814209411));
#582 = CARTESIAN_POINT('',(-107.4129098252,-0.455728670327,
    19.005626739504));
#583 = CARTESIAN_POINT('',(-107.3954302618,-0.393696878202,
    19.01251236318));
#584 = CARTESIAN_POINT('',(-107.3805498993,-0.330214796571,
    19.01838931291));
#585 = CARTESIAN_POINT('',(-107.3684408956,-0.265500020689,
    19.023181458483));
#586 = CARTESIAN_POINT('',(-107.3592490641,-0.199807519795,
    19.026824256701));
#587 = CARTESIAN_POINT('',(-107.3530824653,-0.133430876672,
    19.029269860244));
#588 = CARTESIAN_POINT('',(-107.35,-6.670352721504E-02,19.030492226518)
  );
#589 = CARTESIAN_POINT('',(-107.35,2.109423746788E-15,19.030492226518));
#590 = PCURVE('',#469,#591);
#591 = DEFINITIONAL_REPRESENTATION('',(#592),#706);
#592 = B_SPLINE_CURVE_WITH_KNOTS('',3,(#593,#594,#595,#596,#597,#598,
    #599,#600,#601,#602,#603,#604,#605,#606,#607,#608,#609,#610,#611,
    #612,#613,#614,#615,#616,#617,#618,#619,#620,#621,#622,#623,#624,
    #625,#626,#627,#628,#629,#630,#631,#632,#633,#634,#635,#636,#637,
    #638,#639,#640,#641,#642,#643,#644,#645,#646,#647,#648,#649,#650,
    #651,#652,#653,#654,#655,#656,#657,#658,#659,#660,#661,#662,#663,
    #664,#665,#666,#667,#668,#669,#670,#671,#672,#673,#674,#675,#676,
    #677,#678,#679,#680,#681,#682,#683,#684,#685,#686,#687,#688,#689,
    #690,#691,#692,#693,#694,#695,#696,#697,#698,#699,#700,#701,#702,
    #703,#704,#705),.UNSPECIFIED.,.F.,.F.,(4,1,1,1,1,1,1,1,1,1,1,1,1,1,1
    ,1,1,1,1,1,1,1,1,1,1,1,1,1,1,1,1,1,1,1,1,1,1,1,1,1,1,1,1,1,1,1,1,1,1
    ,1,1,1,1,1,1,1,1,1,1,1,1,1,1,1,1,1,1,1,1,1,1,1,1,1,1,1,1,1,1,1,1,1,1
    ,1,1,1,1,1,1,1,1,1,1,1,1,1,1,1,1,1,1,1,1,1,1,1,1,1,1,1,4),(0.,
    9.495603814268E-03,1.899120762854E-02,2.84868114428E-02,
    3.798241525707E-02,4.747801907134E-02,5.697362288561E-02,
    6.646922669987E-02,7.596483051414E-02,8.546043432841E-02,
    9.495603814268E-02,0.104451641957,0.113947245771,0.123442849585,
    0.1329384534,0.142434057214,0.151929661028,0.161425264843,
    0.170920868657,0.180416472471,0.189912076285,0.1994076801,
    0.208903283914,0.218398887728,0.227894491542,0.237390095357,
    0.246885699171,0.256381302985,0.265876906799,0.275372510614,
    0.284868114428,0.294363718242,0.303859322057,0.313354925871,
    0.322850529685,0.332346133499,0.341841737314,0.351337341128,
    0.360832944942,0.370328548756,0.379824152571,0.389319756385,
    0.398815360199,0.408310964014,0.417806567828,0.427302171642,
    0.436797775456,0.446293379271,0.455788983085,0.465284586899,
    0.474780190713,0.484275794528,0.493771398342,0.503267002156,
    0.51276260597,0.522258209785,0.531753813599,0.541249417413,
    0.550745021228,0.560240625042,0.569736228856,0.57923183267,
    0.588727436485,0.598223040299,0.607718644113,0.617214247927,
    0.626709851742,0.636205455556,0.64570105937,0.655196663184,
    0.664692266999,0.674187870813,0.683683474627,0.693179078442,
    0.702674682256,0.71217028607,0.721665889884,0.731161493699,
    0.740657097513,0.750152701327,0.759648305141,0.769143908956,
    0.77863951277,0.788135116584,0.797630720398,0.807126324213,
    0.816621928027,0.826117531841,0.835613135656,0.84510873947,
    0.854604343284,0.864099947098,0.873595550913,0.883091154727,
    0.892586758541,0.902082362355,0.91157796617,0.921073569984,
    0.930569173798,0.940064777612,0.949560381427,0.959055985241,
    0.968551589055,0.97804719287,0.987542796684,0.997038400498,
    1.006534004312,1.016029608127,1.025525211941,1.035020815755,
    1.044516419569),.QUASI_UNIFORM_KNOTS.);
#593 = CARTESIAN_POINT('',(1.345724878334E-15,29.030492226518));
#594 = CARTESIAN_POINT('',(2.311552372793E-02,29.030497658302));
#595 = CARTESIAN_POINT('',(6.925947613036E-02,29.029438967874));
#596 = CARTESIAN_POINT('',(0.137972857505,29.024782604141));
#597 = CARTESIAN_POINT('',(0.205914646266,29.017177355776));
#598 = CARTESIAN_POINT('',(0.272913038634,29.006815782771));
#599 = CARTESIAN_POINT('',(0.338836830821,28.993916954646));
#600 = CARTESIAN_POINT('',(0.403594425969,28.978721732561));
#601 = CARTESIAN_POINT('',(0.467122986125,28.961480187977));
#602 = CARTESIAN_POINT('',(0.529383957914,28.942443720468));
#603 = CARTESIAN_POINT('',(0.590359301603,28.921858069356));
#604 = CARTESIAN_POINT('',(0.650050550419,28.899957207541));
#605 = CARTESIAN_POINT('',(0.708475008363,28.876959936195));
#606 = CARTESIAN_POINT('',(0.765677782087,28.853060521284));
#607 = CARTESIAN_POINT('',(0.821688939361,28.828445430493));
#608 = CARTESIAN_POINT('',(0.876698017232,28.803212013878));
#609 = CARTESIAN_POINT('',(0.930832776495,28.77746184799));
#610 = CARTESIAN_POINT('',(0.984166963615,28.751306721597));
#611 = CARTESIAN_POINT('',(1.036782817366,28.724841435528));
#612 = CARTESIAN_POINT('',(1.088756578039,28.698151919473));
#613 = CARTESIAN_POINT('',(1.140166260507,28.671312741151));
#614 = CARTESIAN_POINT('',(1.191085731936,28.644391298421));
#615 = CARTESIAN_POINT('',(1.241580370418,28.617451474897));
#616 = CARTESIAN_POINT('',(1.291721049603,28.590547274064));
#617 = CARTESIAN_POINT('',(1.341571976363,28.563730241595));
#618 = CARTESIAN_POINT('',(1.391195479317,28.537047840111));
#619 = CARTESIAN_POINT('',(1.440652485736,28.510543989267));
#620 = CARTESIAN_POINT('',(1.490002761135,28.484259650399));
#621 = CARTESIAN_POINT('',(1.539309870196,28.458230925676));
#622 = CARTESIAN_POINT('',(1.588620157376,28.432500681327));
#623 = CARTESIAN_POINT('',(1.637998490372,28.407100252534));
#624 = CARTESIAN_POINT('',(1.687505671996,28.38206208012));
#625 = CARTESIAN_POINT('',(1.737201056648,28.357418756864));
#626 = CARTESIAN_POINT('',(1.787143111436,28.33320317694));
#627 = CARTESIAN_POINT('',(1.837390517788,28.309448393002));
#628 = CARTESIAN_POINT('',(1.88800295797,28.286187651919));
#629 = CARTESIAN_POINT('',(1.939042774413,28.263454120551));
#630 = CARTESIAN_POINT('',(1.990573970132,28.241281785058));
#631 = CARTESIAN_POINT('',(2.042671843331,28.219702078347));
#632 = CARTESIAN_POINT('',(2.095393944449,28.198756533753));
#633 = CARTESIAN_POINT('',(2.148786918066,28.178492492898));
#634 = CARTESIAN_POINT('',(2.202955247358,28.158938502344));
#635 = CARTESIAN_POINT('',(2.257975849917,28.140138675532));
#636 = CARTESIAN_POINT('',(2.313921690816,28.122142543817));
#637 = CARTESIAN_POINT('',(2.370857113875,28.105006497572));
#638 = CARTESIAN_POINT('',(2.42884056473,28.088792286955));
#639 = CARTESIAN_POINT('',(2.487924922721,28.073566525308));
#640 = CARTESIAN_POINT('',(2.548159001801,28.059400001029));
#641 = CARTESIAN_POINT('',(2.609585734628,28.046367678779));
#642 = CARTESIAN_POINT('',(2.672251270026,28.034547107986));
#643 = CARTESIAN_POINT('',(2.736172287027,28.024023533204));
#644 = CARTESIAN_POINT('',(2.801457741968,28.014870857396));
#645 = CARTESIAN_POINT('',(2.868163436118,28.007183719877));
#646 = CARTESIAN_POINT('',(2.935869744125,28.001098560007));
#647 = CARTESIAN_POINT('',(3.00431281704,27.996699172977));
#648 = CARTESIAN_POINT('',(3.073224741614,27.994045420704));
#649 = CARTESIAN_POINT('',(3.14236405059,27.99317057113));
#650 = CARTESIAN_POINT('',(3.211496341153,27.994085251036));
#651 = CARTESIAN_POINT('',(3.280387982672,27.996777681409));
#652 = CARTESIAN_POINT('',(3.34879955062,28.001213605671));
#653 = CARTESIAN_POINT('',(3.416467709425,28.007332672095));
#654 = CARTESIAN_POINT('',(3.483132296768,28.015050886326));
#655 = CARTESIAN_POINT('',(3.548391279379,28.024233980624));
#656 = CARTESIAN_POINT('',(3.612310586885,28.034790554469));
#657 = CARTESIAN_POINT('',(3.674971537752,28.046642954641));
#658 = CARTESIAN_POINT('',(3.736396611238,28.059706828468));
#659 = CARTESIAN_POINT('',(3.796629275279,28.073904219784));
#660 = CARTESIAN_POINT('',(3.855712453783,28.089160094503));
#661 = CARTESIAN_POINT('',(3.913694586871,28.10540353303));
#662 = CARTESIAN_POINT('',(3.970628599408,28.122567870534));
#663 = CARTESIAN_POINT('',(4.026573186597,28.140591383571));
#664 = CARTESIAN_POINT('',(4.081593178705,28.159417807937));
#665 = CARTESIAN_POINT('',(4.135762360379,28.178997909526));
#666 = CARTESIAN_POINT('',(4.189158449464,28.199287896089));
#667 = CARTESIAN_POINT('',(4.241888149492,28.220260256337));
#668 = CARTESIAN_POINT('',(4.293988283627,28.241863621955));
#669 = CARTESIAN_POINT('',(4.345525148385,28.264059901105));
#670 = CARTESIAN_POINT('',(4.396571717291,28.286816754407));
#671 = CARTESIAN_POINT('',(4.447192617643,28.310100437394));
#672 = CARTESIAN_POINT('',(4.497450008584,28.333877682094));
#673 = CARTESIAN_POINT('',(4.547403590095,28.358115200576));
#674 = CARTESIAN_POINT('',(4.597111991202,28.382779857501));
#675 = CARTESIAN_POINT('',(4.646633694156,28.407838698011));
#676 = CARTESIAN_POINT('',(4.696027958395,28.433258995992));
#677 = CARTESIAN_POINT('',(4.745356021277,28.459008433594));
#678 = CARTESIAN_POINT('',(4.794681236522,28.485054760874));
#679 = CARTESIAN_POINT('',(4.844047540144,28.511353658707));
#680 = CARTESIAN_POINT('',(4.893522215933,28.537870842923));
#681 = CARTESIAN_POINT('',(4.94316597864,28.564565704763));
#682 = CARTESIAN_POINT('',(4.993040471752,28.59139451946));
#683 = CARTESIAN_POINT('',(5.043207709364,28.618309430003));
#684 = CARTESIAN_POINT('',(5.093731197115,28.645258262469));
#685 = CARTESIAN_POINT('',(5.144678679331,28.672185055069));
#686 = CARTESIAN_POINT('',(5.196117416715,28.699026715938));
#687 = CARTESIAN_POINT('',(5.248138839662,28.725724267425));
#688 = CARTESIAN_POINT('',(5.300756128487,28.752169993594));
#689 = CARTESIAN_POINT('',(5.354082143546,28.778297403565));
#690 = CARTESIAN_POINT('',(5.408220351911,28.804021852329));
#691 = CARTESIAN_POINT('',(5.463261486374,28.829238410238));
#692 = CARTESIAN_POINT('',(5.5192867525,28.853822751341));
#693 = CARTESIAN_POINT('',(5.576368937009,28.877631346363));
#694 = CARTESIAN_POINT('',(5.63457380008,28.900502020976));
#695 = CARTESIAN_POINT('',(5.693961116913,28.922254670539));
#696 = CARTESIAN_POINT('',(5.754585593824,28.942692225494));
#697 = CARTESIAN_POINT('',(5.816497281724,28.961602019033));
#698 = CARTESIAN_POINT('',(5.879742492532,28.978757175939));
#699 = CARTESIAN_POINT('',(5.944361158026,28.993919714942));
#700 = CARTESIAN_POINT('',(6.010395365558,29.006839295842));
#701 = CARTESIAN_POINT('',(6.077512947293,29.017211094051));
#702 = CARTESIAN_POINT('',(6.145529789475,29.02481164902));
#703 = CARTESIAN_POINT('',(6.214192323853,29.029448606376));
#704 = CARTESIAN_POINT('',(6.260184809159,29.030498510758));
#705 = CARTESIAN_POINT('',(6.28318530718,29.030492226518));
#706 = ( GEOMETRIC_REPRESENTATION_CONTEXT(2) 
PARAMETRIC_REPRESENTATION_CONTEXT() REPRESENTATION_CONTEXT('2D SPACE',''
  ) );
#707 = PCURVE('',#90,#708);
#708 = DEFINITIONAL_REPRESENTATION('',(#709),#823);
#709 = B_SPLINE_CURVE_WITH_KNOTS('',3,(#710,#711,#712,#713,#714,#715,
    #716,#717,#718,#719,#720,#721,#722,#723,#724,#725,#726,#727,#728,
    #729,#730,#731,#732,#733,#734,#735,#736,#737,#738,#739,#740,#741,
    #742,#743,#744,#745,#746,#747,#748,#749,#750,#751,#752,#753,#754,
    #755,#756,#757,#758,#759,#760,#761,#762,#763,#764,#765,#766,#767,
    #768,#769,#770,#771,#772,#773,#774,#775,#776,#777,#778,#779,#780,
    #781,#782,#783,#784,#785,#786,#787,#788,#789,#790,#791,#792,#793,
    #794,#795,#796,#797,#798,#799,#800,#801,#802,#803,#804,#805,#806,
    #807,#808,#809,#810,#811,#812,#813,#814,#815,#816,#817,#818,#819,
    #820,#821,#822),.UNSPECIFIED.,.T.,.F.,(4,1,1,1,1,1,1,1,1,1,1,1,1,1,1
    ,1,1,1,1,1,1,1,1,1,1,1,1,1,1,1,1,1,1,1,1,1,1,1,1,1,1,1,1,1,1,1,1,1,1
    ,1,1,1,1,1,1,1,1,1,1,1,1,1,1,1,1,1,1,1,1,1,1,1,1,1,1,1,1,1,1,1,1,1,1
    ,1,1,1,1,1,1,1,1,1,1,1,1,1,1,1,1,1,1,1,1,1,1,1,1,1,1,1,4),(0.,
    9.495603814268E-03,1.899120762854E-02,2.84868114428E-02,
    3.798241525707E-02,4.747801907134E-02,5.697362288561E-02,
    6.646922669987E-02,7.596483051414E-02,8.546043432841E-02,
    9.495603814268E-02,0.104451641957,0.113947245771,0.123442849585,
    0.1329384534,0.142434057214,0.151929661028,0.161425264843,
    0.170920868657,0.180416472471,0.189912076285,0.1994076801,
    0.208903283914,0.218398887728,0.227894491542,0.237390095357,
    0.246885699171,0.256381302985,0.265876906799,0.275372510614,
    0.284868114428,0.294363718242,0.303859322057,0.313354925871,
    0.322850529685,0.332346133499,0.341841737314,0.351337341128,
    0.360832944942,0.370328548756,0.379824152571,0.389319756385,
    0.398815360199,0.408310964014,0.417806567828,0.427302171642,
    0.436797775456,0.446293379271,0.455788983085,0.465284586899,
    0.474780190713,0.484275794528,0.493771398342,0.503267002156,
    0.51276260597,0.522258209785,0.531753813599,0.541249417413,
    0.550745021228,0.560240625042,0.569736228856,0.57923183267,
    0.588727436485,0.598223040299,0.607718644113,0.617214247927,
    0.626709851742,0.636205455556,0.64570105937,0.655196663184,
    0.664692266999,0.674187870813,0.683683474627,0.693179078442,
    0.702674682256,0.71217028607,0.721665889884,0.731161493699,
    0.740657097513,0.750152701327,0.759648305141,0.769143908956,
    0.77863951277,0.788135116584,0.797630720398,0.807126324213,
    0.816621928027,0.826117531841,0.835613135656,0.84510873947,
    0.854604343284,0.864099947098,0.873595550913,0.883091154727,
    0.892586758541,0.902082362355,0.91157796617,0.921073569984,
    0.930569173798,0.940064777612,0.949560381427,0.959055985241,
    0.968551589055,0.97804719287,0.987542796684,0.997038400498,
    1.006534004312,1.016029608127,1.025525211941,1.035020815755,
    1.044516419569),.QUASI_UNIFORM_KNOTS.);
#710 = CARTESIAN_POINT('',(6.28318530718,229.10020186058));
#711 = CARTESIAN_POINT('',(6.281180975139,229.10018923853));
#712 = CARTESIAN_POINT('',(6.277180396267,229.10298202039));
#713 = CARTESIAN_POINT('',(6.27124872542,229.11528878558));
#714 = CARTESIAN_POINT('',(6.265434473786,229.13542461614));
#715 = CARTESIAN_POINT('',(6.259774383407,229.16293313047));
#716 = CARTESIAN_POINT('',(6.254299098064,229.19729886104));
#717 = CARTESIAN_POINT('',(6.249032881739,229.23795763018));
#718 = CARTESIAN_POINT('',(6.243994648611,229.28432461113));
#719 = CARTESIAN_POINT('',(6.239198481521,229.33581140376));
#720 = CARTESIAN_POINT('',(6.234654191182,229.39184123396));
#721 = CARTESIAN_POINT('',(6.230367729082,229.45186286229));
#722 = CARTESIAN_POINT('',(6.226341814723,229.51535795221));
#723 = CARTESIAN_POINT('',(6.222575653882,229.58186635969));
#724 = CARTESIAN_POINT('',(6.219067981692,229.65093864183));
#725 = CARTESIAN_POINT('',(6.215807086694,229.72236644674));
#726 = CARTESIAN_POINT('',(6.212785959026,229.79592525693));
#727 = CARTESIAN_POINT('',(6.210000773253,229.87135455356));
#728 = CARTESIAN_POINT('',(6.207447264563,229.94843522182));
#729 = CARTESIAN_POINT('',(6.205121675103,230.02696713138));
#730 = CARTESIAN_POINT('',(6.203020438637,230.10677699105));
#731 = CARTESIAN_POINT('',(6.201140558721,230.18770682107));
#732 = CARTESIAN_POINT('',(6.199479723032,230.26960316108));
#733 = CARTESIAN_POINT('',(6.198035843143,230.35233677293));
#734 = CARTESIAN_POINT('',(6.196807521065,230.43578064013));
#735 = CARTESIAN_POINT('',(6.195793859082,230.51981495096));
#736 = CARTESIAN_POINT('',(6.194994468484,230.60432569287));
#737 = CARTESIAN_POINT('',(6.19440945237,230.68920287053));
#738 = CARTESIAN_POINT('',(6.194039421339,230.77434708473));
#739 = CARTESIAN_POINT('',(6.193885571132,230.85963111011));
#740 = CARTESIAN_POINT('',(6.193949427266,230.94495978075));
#741 = CARTESIAN_POINT('',(6.194233137944,231.03022904027));
#742 = CARTESIAN_POINT('',(6.194739362164,231.11532835051));
#743 = CARTESIAN_POINT('',(6.19547124015,231.20013971879));
#744 = CARTESIAN_POINT('',(6.196432367092,231.28453762314));
#745 = CARTESIAN_POINT('',(6.19762678256,231.3683883216));
#746 = CARTESIAN_POINT('',(6.199059005793,231.4515503219));
#747 = CARTESIAN_POINT('',(6.200733984519,231.53387041586));
#748 = CARTESIAN_POINT('',(6.202657457094,231.61519587638));
#749 = CARTESIAN_POINT('',(6.204834861743,231.69532600781));
#750 = CARTESIAN_POINT('',(6.207271052993,231.77402485416));
#751 = CARTESIAN_POINT('',(6.209973628436,231.8511172994));
#752 = CARTESIAN_POINT('',(6.212949252592,231.92635595252));
#753 = CARTESIAN_POINT('',(6.216204193308,231.99945721043));
#754 = CARTESIAN_POINT('',(6.219743786938,232.07009384736));
#755 = CARTESIAN_POINT('',(6.223572199446,232.1378993407));
#756 = CARTESIAN_POINT('',(6.227692089926,232.20246905465));
#757 = CARTESIAN_POINT('',(6.232104354461,232.26336302219));
#758 = CARTESIAN_POINT('',(6.236807603776,232.32010668266));
#759 = CARTESIAN_POINT('',(6.24179855541,232.37219985209));
#760 = CARTESIAN_POINT('',(6.247068937561,232.41909691213));
#761 = CARTESIAN_POINT('',(6.252615310093,232.46029645331));
#762 = CARTESIAN_POINT('',(6.258427303244,232.49520488521));
#763 = CARTESIAN_POINT('',(6.264448118117,232.52304190781));
#764 = CARTESIAN_POINT('',(6.270628705455,232.54328121042));
#765 = CARTESIAN_POINT('',(6.276915861247,232.55553669541));
#766 = CARTESIAN_POINT('',(6.283256105321,232.55958470044));
#767 = CARTESIAN_POINT('',(6.289595339268,232.55535248973));
#768 = CARTESIAN_POINT('',(6.295879562095,232.54291918834));
#769 = CARTESIAN_POINT('',(6.302055556374,232.52251394289));
#770 = CARTESIAN_POINT('',(6.308070638384,232.49452578385));
#771 = CARTESIAN_POINT('',(6.31387620863,232.45948232268));
#772 = CARTESIAN_POINT('',(6.319417086446,232.41815412549));
#773 = CARTESIAN_POINT('',(6.324683667451,232.37112075298));
#774 = CARTESIAN_POINT('',(6.329670196636,232.3189006451));
#775 = CARTESIAN_POINT('',(6.334368929657,232.26203545512));
#776 = CARTESIAN_POINT('',(6.338776397436,232.20102711862));
#777 = CARTESIAN_POINT('',(6.342891252805,232.13635032452));
#778 = CARTESIAN_POINT('',(6.34671440138,232.06844536502));
#779 = CARTESIAN_POINT('',(6.350248541616,231.99771679663));
#780 = CARTESIAN_POINT('',(6.353497885322,231.92453071209));
#781 = CARTESIAN_POINT('',(6.35646782052,231.84921350211));
#782 = CARTESIAN_POINT('',(6.359164668655,231.77204730803));
#783 = CARTESIAN_POINT('',(6.361595136219,231.69327800373));
#784 = CARTESIAN_POINT('',(6.363766877987,231.61307667959));
#785 = CARTESIAN_POINT('',(6.365684371257,231.53169429257));
#786 = CARTESIAN_POINT('',(6.367353422941,231.44931811005));
#787 = CARTESIAN_POINT('',(6.368779663021,231.36610413615));
#788 = CARTESIAN_POINT('',(6.369968051987,231.28220445751));
#789 = CARTESIAN_POINT('',(6.370923090946,231.19776075307));
#790 = CARTESIAN_POINT('',(6.371648812921,231.11290671326));
#791 = CARTESIAN_POINT('',(6.372148804725,231.02776795968));
#792 = CARTESIAN_POINT('',(6.372426196463,230.94246250829));
#793 = CARTESIAN_POINT('',(6.372483634223,230.85710115935));
#794 = CARTESIAN_POINT('',(6.37232324975,230.77178738042));
#795 = CARTESIAN_POINT('',(6.371946569264,230.68661917102));
#796 = CARTESIAN_POINT('',(6.37135483403,230.60172811173));
#797 = CARTESIAN_POINT('',(6.370548628036,230.51720740754));
#798 = CARTESIAN_POINT('',(6.36952801534,230.43316578061));
#799 = CARTESIAN_POINT('',(6.368292564682,230.34971650238));
#800 = CARTESIAN_POINT('',(6.366841358689,230.26698048625));
#801 = CARTESIAN_POINT('',(6.365173003577,230.18508650491));
#802 = CARTESIAN_POINT('',(6.363285513828,230.10416947645));
#803 = CARTESIAN_POINT('',(6.361176558693,230.02437996948));
#804 = CARTESIAN_POINT('',(6.358842249141,229.94585136849));
#805 = CARTESIAN_POINT('',(6.356282126696,229.86885337655));
#806 = CARTESIAN_POINT('',(6.353491070721,229.79352769395));
#807 = CARTESIAN_POINT('',(6.350463668158,229.72006413851));
#808 = CARTESIAN_POINT('',(6.347194934104,229.64870421547));
#809 = CARTESIAN_POINT('',(6.343680465783,229.57973711533));
#810 = CARTESIAN_POINT('',(6.339916724038,229.51349791886));
#811 = CARTESIAN_POINT('',(6.335901265477,229.45036526232));
#812 = CARTESIAN_POINT('',(6.331632984515,229.39075904585));
#813 = CARTESIAN_POINT('',(6.327112351901,229.33513798025));
#814 = CARTESIAN_POINT('',(6.322341691837,229.2839965951));
#815 = CARTESIAN_POINT('',(6.317325391818,229.23786281582));
#816 = CARTESIAN_POINT('',(6.312070477258,229.1972914608));
#817 = CARTESIAN_POINT('',(6.306585981136,229.16287055858));
#818 = CARTESIAN_POINT('',(6.30091555976,229.13533517749));
#819 = CARTESIAN_POINT('',(6.295094596081,229.11521193599));
#820 = CARTESIAN_POINT('',(6.289167135251,229.10295659384));
#821 = CARTESIAN_POINT('',(6.285179642844,229.10018702686));
#822 = CARTESIAN_POINT('',(6.28318530718,229.10020186058));
#823 = ( GEOMETRIC_REPRESENTATION_CONTEXT(2) 
PARAMETRIC_REPRESENTATION_CONTEXT() REPRESENTATION_CONTEXT('2D SPACE',''
  ) );
#824 = ORIENTED_EDGE('',*,*,#485,.T.);
#825 = ADVANCED_FACE('',(#826),#352,.T.);
#826 = FACE_BOUND('',#827,.T.);
#827 = EDGE_LOOP('',(#828,#858,#879,#880));
#828 = ORIENTED_EDGE('',*,*,#829,.T.);
#829 = EDGE_CURVE('',#830,#832,#834,.T.);
#830 = VERTEX_POINT('',#831);
#831 = CARTESIAN_POINT('',(-124.3578187336,2.5,58.));
#832 = VERTEX_POINT('',#833);
#833 = CARTESIAN_POINT('',(-124.,2.5,58.));
#834 = SURFACE_CURVE('',#835,(#839,#846),.PCURVE_S1.);
#835 = LINE('',#836,#837);
#836 = CARTESIAN_POINT('',(-128.,2.5,58.));
#837 = VECTOR('',#838,1.);
#838 = DIRECTION('',(1.,0.,0.));
#839 = PCURVE('',#352,#840);
#840 = DEFINITIONAL_REPRESENTATION('',(#841),#845);
#841 = LINE('',#842,#843);
#842 = CARTESIAN_POINT('',(6.260481913065,33.906906560852));
#843 = VECTOR('',#844,1.);
#844 = DIRECTION('',(-1.,0.));
#845 = ( GEOMETRIC_REPRESENTATION_CONTEXT(2) 
PARAMETRIC_REPRESENTATION_CONTEXT() REPRESENTATION_CONTEXT('2D SPACE',''
  ) );
#846 = PCURVE('',#847,#852);
#847 = PLANE('',#848);
#848 = AXIS2_PLACEMENT_3D('',#849,#850,#851);
#849 = CARTESIAN_POINT('',(-128.,0.,58.));
#850 = DIRECTION('',(-0.,0.,1.));
#851 = DIRECTION('',(1.,0.,0.));
#852 = DEFINITIONAL_REPRESENTATION('',(#853),#857);
#853 = LINE('',#854,#855);
#854 = CARTESIAN_POINT('',(0.,2.5));
#855 = VECTOR('',#856,1.);
#856 = DIRECTION('',(1.,0.));
#857 = ( GEOMETRIC_REPRESENTATION_CONTEXT(2) 
PARAMETRIC_REPRESENTATION_CONTEXT() REPRESENTATION_CONTEXT('2D SPACE',''
  ) );
#858 = ORIENTED_EDGE('',*,*,#859,.T.);
#859 = EDGE_CURVE('',#832,#338,#860,.T.);
#860 = SURFACE_CURVE('',#861,(#865,#872),.PCURVE_S1.);
#861 = LINE('',#862,#863);
#862 = CARTESIAN_POINT('',(-124.,2.5,58.));
#863 = VECTOR('',#864,1.);
#864 = DIRECTION('',(0.325990683319,0.,-0.945372981626));
#865 = PCURVE('',#352,#866);
#866 = DEFINITIONAL_REPRESENTATION('',(#867),#871);
#867 = LINE('',#868,#869);
#868 = CARTESIAN_POINT('',(2.260481913065,33.906906560852));
#869 = VECTOR('',#870,1.);
#870 = DIRECTION('',(-0.325990683319,-0.945372981626));
#871 = ( GEOMETRIC_REPRESENTATION_CONTEXT(2) 
PARAMETRIC_REPRESENTATION_CONTEXT() REPRESENTATION_CONTEXT('2D SPACE',''
  ) );
#872 = PCURVE('',#378,#873);
#873 = DEFINITIONAL_REPRESENTATION('',(#874),#878);
#874 = LINE('',#875,#876);
#875 = CARTESIAN_POINT('',(0.,2.5));
#876 = VECTOR('',#877,1.);
#877 = DIRECTION('',(1.,0.));
#878 = ( GEOMETRIC_REPRESENTATION_CONTEXT(2) 
PARAMETRIC_REPRESENTATION_CONTEXT() REPRESENTATION_CONTEXT('2D SPACE',''
  ) );
#879 = ORIENTED_EDGE('',*,*,#337,.F.);
#880 = ORIENTED_EDGE('',*,*,#881,.T.);
#881 = EDGE_CURVE('',#296,#830,#882,.T.);
#882 = SURFACE_CURVE('',#883,(#887,#893),.PCURVE_S1.);
#883 = LINE('',#884,#885);
#884 = CARTESIAN_POINT('',(-129.1412882062,2.5,23.963846146771));
#885 = VECTOR('',#886,1.);
#886 = DIRECTION('',(0.13917310096,0.,0.990268068742));
#887 = PCURVE('',#352,#888);
#888 = DEFINITIONAL_REPRESENTATION('',(#889),#892);
#889 = B_SPLINE_CURVE_WITH_KNOTS('',1,(#890,#891),.UNSPECIFIED.,.F.,.F.,
  (2,2),(-5.999999966042E-07,37.703077612788),.PIECEWISE_BEZIER_KNOTS.);
#890 = CARTESIAN_POINT('',(7.401770202827,-0.129247886538));
#891 = CARTESIAN_POINT('',(2.154515892214,37.206906560852));
#892 = ( GEOMETRIC_REPRESENTATION_CONTEXT(2) 
PARAMETRIC_REPRESENTATION_CONTEXT() REPRESENTATION_CONTEXT('2D SPACE',''
  ) );
#893 = PCURVE('',#312,#894);
#894 = DEFINITIONAL_REPRESENTATION('',(#895),#898);
#895 = B_SPLINE_CURVE_WITH_KNOTS('',1,(#896,#897),.UNSPECIFIED.,.F.,.F.,
  (2,2),(1.046336730362,34.370646623476),.PIECEWISE_BEZIER_KNOTS.);
#896 = CARTESIAN_POINT('',(7.268296090517,1.046336730362));
#897 = CARTESIAN_POINT('',(7.268296090517,34.370646623476));
#898 = ( GEOMETRIC_REPRESENTATION_CONTEXT(2) 
PARAMETRIC_REPRESENTATION_CONTEXT() REPRESENTATION_CONTEXT('2D SPACE',''
  ) );
#899 = ADVANCED_FACE('',(#900),#847,.T.);
#900 = FACE_BOUND('',#901,.T.);
#901 = EDGE_LOOP('',(#902,#903,#931));
#902 = ORIENTED_EDGE('',*,*,#829,.F.);
#903 = ORIENTED_EDGE('',*,*,#904,.F.);
#904 = EDGE_CURVE('',#905,#830,#907,.T.);
#905 = VERTEX_POINT('',#906);
#906 = CARTESIAN_POINT('',(-124.,2.22468976718,58.));
#907 = SURFACE_CURVE('',#908,(#913,#920),.PCURVE_S1.);
#908 = ELLIPSE('',#909,3.029482717556,3.);
#909 = AXIS2_PLACEMENT_3D('',#910,#911,#912);
#910 = CARTESIAN_POINT('',(-126.0324283141,0.,58.));
#911 = DIRECTION('',(-0.,0.,1.));
#912 = DIRECTION('',(1.,0.,0.));
#913 = PCURVE('',#847,#914);
#914 = DEFINITIONAL_REPRESENTATION('',(#915),#919);
#915 = ELLIPSE('',#916,3.029482717556,3.);
#916 = AXIS2_PLACEMENT_2D('',#917,#918);
#917 = CARTESIAN_POINT('',(1.967571685833,0.));
#918 = DIRECTION('',(1.,0.));
#919 = ( GEOMETRIC_REPRESENTATION_CONTEXT(2) 
PARAMETRIC_REPRESENTATION_CONTEXT() REPRESENTATION_CONTEXT('2D SPACE',''
  ) );
#920 = PCURVE('',#312,#921);
#921 = DEFINITIONAL_REPRESENTATION('',(#922),#930);
#922 = B_SPLINE_CURVE_WITH_KNOTS('',6,(#923,#924,#925,#926,#927,#928,
    #929),.UNSPECIFIED.,.F.,.F.,(7,7),(0.835397514074,0.985110783338),
  .PIECEWISE_BEZIER_KNOTS.);
#923 = CARTESIAN_POINT('',(7.118582821254,34.420445369065));
#924 = CARTESIAN_POINT('',(7.143535032798,34.412643811373));
#925 = CARTESIAN_POINT('',(7.168487244342,34.404630918666));
#926 = CARTESIAN_POINT('',(7.193439455886,34.396415435426));
#927 = CARTESIAN_POINT('',(7.21839166743,34.388006500921));
#928 = CARTESIAN_POINT('',(7.243343878974,34.379413615601));
#929 = CARTESIAN_POINT('',(7.268296090517,34.370646604564));
#930 = ( GEOMETRIC_REPRESENTATION_CONTEXT(2) 
PARAMETRIC_REPRESENTATION_CONTEXT() REPRESENTATION_CONTEXT('2D SPACE',''
  ) );
#931 = ORIENTED_EDGE('',*,*,#932,.F.);
#932 = EDGE_CURVE('',#832,#905,#933,.T.);
#933 = SURFACE_CURVE('',#934,(#938,#945),.PCURVE_S1.);
#934 = LINE('',#935,#936);
#935 = CARTESIAN_POINT('',(-124.,2.5,58.));
#936 = VECTOR('',#937,1.);
#937 = DIRECTION('',(0.,-1.,0.));
#938 = PCURVE('',#847,#939);
#939 = DEFINITIONAL_REPRESENTATION('',(#940),#944);
#940 = LINE('',#941,#942);
#941 = CARTESIAN_POINT('',(4.,2.5));
#942 = VECTOR('',#943,1.);
#943 = DIRECTION('',(0.,-1.));
#944 = ( GEOMETRIC_REPRESENTATION_CONTEXT(2) 
PARAMETRIC_REPRESENTATION_CONTEXT() REPRESENTATION_CONTEXT('2D SPACE',''
  ) );
#945 = PCURVE('',#378,#946);
#946 = DEFINITIONAL_REPRESENTATION('',(#947),#951);
#947 = LINE('',#948,#949);
#948 = CARTESIAN_POINT('',(0.,2.5));
#949 = VECTOR('',#950,1.);
#950 = DIRECTION('',(0.,-1.));
#951 = ( GEOMETRIC_REPRESENTATION_CONTEXT(2) 
PARAMETRIC_REPRESENTATION_CONTEXT() REPRESENTATION_CONTEXT('2D SPACE',''
  ) );
#952 = ADVANCED_FACE('',(#953),#378,.T.);
#953 = FACE_BOUND('',#954,.T.);
#954 = EDGE_LOOP('',(#955,#956,#957,#987,#1017,#1045,#1066));
#955 = ORIENTED_EDGE('',*,*,#859,.F.);
#956 = ORIENTED_EDGE('',*,*,#932,.T.);
#957 = ORIENTED_EDGE('',*,*,#958,.F.);
#958 = EDGE_CURVE('',#959,#905,#961,.T.);
#959 = VERTEX_POINT('',#960);
#960 = CARTESIAN_POINT('',(-123.2916476465,-7.347880794884E-16,
    55.945778175017));
#961 = SURFACE_CURVE('',#962,(#967,#974),.PCURVE_S1.);
#962 = ELLIPSE('',#963,6.602277532264,3.);
#963 = AXIS2_PLACEMENT_3D('',#964,#965,#966);
#964 = CARTESIAN_POINT('',(-125.4439286107,0.,62.187392971218));
#965 = DIRECTION('',(0.945372981626,0.,0.325990683319));
#966 = DIRECTION('',(-0.325990683319,0.,0.945372981626));
#967 = PCURVE('',#378,#968);
#968 = DEFINITIONAL_REPRESENTATION('',(#969),#973);
#969 = ELLIPSE('',#970,6.602277532264,3.);
#970 = AXIS2_PLACEMENT_2D('',#971,#972);
#971 = CARTESIAN_POINT('',(-4.429355452928,0.));
#972 = DIRECTION('',(-1.,0.));
#973 = ( GEOMETRIC_REPRESENTATION_CONTEXT(2) 
PARAMETRIC_REPRESENTATION_CONTEXT() REPRESENTATION_CONTEXT('2D SPACE',''
  ) );
#974 = PCURVE('',#312,#975);
#975 = DEFINITIONAL_REPRESENTATION('',(#976),#986);
#976 = B_SPLINE_CURVE_WITH_KNOTS('',8,(#977,#978,#979,#980,#981,#982,
    #983,#984,#985),.UNSPECIFIED.,.F.,.F.,(9,9),(3.14159265359,
    3.976990167664),.PIECEWISE_BEZIER_KNOTS.);
#977 = CARTESIAN_POINT('',(6.28318530718,32.484798680431));
#978 = CARTESIAN_POINT('',(6.387609996439,32.484798680431));
#979 = CARTESIAN_POINT('',(6.492034685698,32.558093661876));
#980 = CARTESIAN_POINT('',(6.596459374957,32.704683451472));
#981 = CARTESIAN_POINT('',(6.700884064216,32.922863343203));
#982 = CARTESIAN_POINT('',(6.805308753476,33.209222875543));
#983 = CARTESIAN_POINT('',(6.909733442735,33.558746230372));
#984 = CARTESIAN_POINT('',(7.014158131994,33.965009625244));
#985 = CARTESIAN_POINT('',(7.118582821254,34.420445360167));
#986 = ( GEOMETRIC_REPRESENTATION_CONTEXT(2) 
PARAMETRIC_REPRESENTATION_CONTEXT() REPRESENTATION_CONTEXT('2D SPACE',''
  ) );
#987 = ORIENTED_EDGE('',*,*,#988,.F.);
#988 = EDGE_CURVE('',#989,#959,#991,.T.);
#989 = VERTEX_POINT('',#990);
#990 = CARTESIAN_POINT('',(-124.,-2.22468976718,58.));
#991 = SURFACE_CURVE('',#992,(#997,#1004),.PCURVE_S1.);
#992 = ELLIPSE('',#993,6.602277532264,3.);
#993 = AXIS2_PLACEMENT_3D('',#994,#995,#996);
#994 = CARTESIAN_POINT('',(-125.4439286107,0.,62.187392971218));
#995 = DIRECTION('',(0.945372981626,0.,0.325990683319));
#996 = DIRECTION('',(-0.325990683319,0.,0.945372981626));
#997 = PCURVE('',#378,#998);
#998 = DEFINITIONAL_REPRESENTATION('',(#999),#1003);
#999 = ELLIPSE('',#1000,6.602277532264,3.);
#1000 = AXIS2_PLACEMENT_2D('',#1001,#1002);
#1001 = CARTESIAN_POINT('',(-4.429355452928,0.));
#1002 = DIRECTION('',(-1.,0.));
#1003 = ( GEOMETRIC_REPRESENTATION_CONTEXT(2) 
PARAMETRIC_REPRESENTATION_CONTEXT() REPRESENTATION_CONTEXT('2D SPACE',''
  ) );
#1004 = PCURVE('',#312,#1005);
#1005 = DEFINITIONAL_REPRESENTATION('',(#1006),#1016);
#1006 = B_SPLINE_CURVE_WITH_KNOTS('',8,(#1007,#1008,#1009,#1010,#1011,
    #1012,#1013,#1014,#1015),.UNSPECIFIED.,.F.,.F.,(9,9),(2.306195139515
    ,3.14159265359),.PIECEWISE_BEZIER_KNOTS.);
#1007 = CARTESIAN_POINT('',(5.447787793101,34.420445360158));
#1008 = CARTESIAN_POINT('',(5.552212482359,33.965009625241));
#1009 = CARTESIAN_POINT('',(5.656637171618,33.558746230372));
#1010 = CARTESIAN_POINT('',(5.761061860878,33.209222875539));
#1011 = CARTESIAN_POINT('',(5.865486550137,32.922863343184));
#1012 = CARTESIAN_POINT('',(5.969911239398,32.704683451447));
#1013 = CARTESIAN_POINT('',(6.074335928662,32.558093661885));
#1014 = CARTESIAN_POINT('',(6.17876061792,32.484798680431));
#1015 = CARTESIAN_POINT('',(6.28318530718,32.484798680431));
#1016 = ( GEOMETRIC_REPRESENTATION_CONTEXT(2) 
PARAMETRIC_REPRESENTATION_CONTEXT() REPRESENTATION_CONTEXT('2D SPACE',''
  ) );
#1017 = ORIENTED_EDGE('',*,*,#1018,.T.);
#1018 = EDGE_CURVE('',#989,#1019,#1021,.T.);
#1019 = VERTEX_POINT('',#1020);
#1020 = CARTESIAN_POINT('',(-124.,-2.5,58.));
#1021 = SURFACE_CURVE('',#1022,(#1026,#1033),.PCURVE_S1.);
#1022 = LINE('',#1023,#1024);
#1023 = CARTESIAN_POINT('',(-124.,2.5,58.));
#1024 = VECTOR('',#1025,1.);
#1025 = DIRECTION('',(0.,-1.,0.));
#1026 = PCURVE('',#378,#1027);
#1027 = DEFINITIONAL_REPRESENTATION('',(#1028),#1032);
#1028 = LINE('',#1029,#1030);
#1029 = CARTESIAN_POINT('',(0.,2.5));
#1030 = VECTOR('',#1031,1.);
#1031 = DIRECTION('',(0.,-1.));
#1032 = ( GEOMETRIC_REPRESENTATION_CONTEXT(2) 
PARAMETRIC_REPRESENTATION_CONTEXT() REPRESENTATION_CONTEXT('2D SPACE',''
  ) );
#1033 = PCURVE('',#1034,#1039);
#1034 = PLANE('',#1035);
#1035 = AXIS2_PLACEMENT_3D('',#1036,#1037,#1038);
#1036 = CARTESIAN_POINT('',(-128.,0.,58.));
#1037 = DIRECTION('',(-0.,0.,1.));
#1038 = DIRECTION('',(1.,0.,0.));
#1039 = DEFINITIONAL_REPRESENTATION('',(#1040),#1044);
#1040 = LINE('',#1041,#1042);
#1041 = CARTESIAN_POINT('',(4.,2.5));
#1042 = VECTOR('',#1043,1.);
#1043 = DIRECTION('',(0.,-1.));
#1044 = ( GEOMETRIC_REPRESENTATION_CONTEXT(2) 
PARAMETRIC_REPRESENTATION_CONTEXT() REPRESENTATION_CONTEXT('2D SPACE',''
  ) );
#1045 = ORIENTED_EDGE('',*,*,#1046,.T.);
#1046 = EDGE_CURVE('',#1019,#364,#1047,.T.);
#1047 = SURFACE_CURVE('',#1048,(#1052,#1059),.PCURVE_S1.);
#1048 = LINE('',#1049,#1050);
#1049 = CARTESIAN_POINT('',(-124.,-2.5,58.));
#1050 = VECTOR('',#1051,1.);
#1051 = DIRECTION('',(0.325990683319,0.,-0.945372981626));
#1052 = PCURVE('',#378,#1053);
#1053 = DEFINITIONAL_REPRESENTATION('',(#1054),#1058);
#1054 = LINE('',#1055,#1056);
#1055 = CARTESIAN_POINT('',(0.,-2.5));
#1056 = VECTOR('',#1057,1.);
#1057 = DIRECTION('',(1.,0.));
#1058 = ( GEOMETRIC_REPRESENTATION_CONTEXT(2) 
PARAMETRIC_REPRESENTATION_CONTEXT() REPRESENTATION_CONTEXT('2D SPACE',''
  ) );
#1059 = PCURVE('',#404,#1060);
#1060 = DEFINITIONAL_REPRESENTATION('',(#1061),#1065);
#1061 = LINE('',#1062,#1063);
#1062 = CARTESIAN_POINT('',(2.260481913065,33.906906560852));
#1063 = VECTOR('',#1064,1.);
#1064 = DIRECTION('',(-0.325990683319,-0.945372981626));
#1065 = ( GEOMETRIC_REPRESENTATION_CONTEXT(2) 
PARAMETRIC_REPRESENTATION_CONTEXT() REPRESENTATION_CONTEXT('2D SPACE',''
  ) );
#1066 = ORIENTED_EDGE('',*,*,#363,.F.);
#1067 = ADVANCED_FACE('',(#1068),#1034,.T.);
#1068 = FACE_BOUND('',#1069,.T.);
#1069 = EDGE_LOOP('',(#1070,#1098,#1119));
#1070 = ORIENTED_EDGE('',*,*,#1071,.F.);
#1071 = EDGE_CURVE('',#1072,#989,#1074,.T.);
#1072 = VERTEX_POINT('',#1073);
#1073 = CARTESIAN_POINT('',(-124.3578187336,-2.5,58.));
#1074 = SURFACE_CURVE('',#1075,(#1080,#1087),.PCURVE_S1.);
#1075 = ELLIPSE('',#1076,3.029482717556,3.);
#1076 = AXIS2_PLACEMENT_3D('',#1077,#1078,#1079);
#1077 = CARTESIAN_POINT('',(-126.0324283141,0.,58.));
#1078 = DIRECTION('',(-0.,0.,1.));
#1079 = DIRECTION('',(1.,0.,0.));
#1080 = PCURVE('',#1034,#1081);
#1081 = DEFINITIONAL_REPRESENTATION('',(#1082),#1086);
#1082 = ELLIPSE('',#1083,3.029482717556,3.);
#1083 = AXIS2_PLACEMENT_2D('',#1084,#1085);
#1084 = CARTESIAN_POINT('',(1.967571685833,0.));
#1085 = DIRECTION('',(1.,0.));
#1086 = ( GEOMETRIC_REPRESENTATION_CONTEXT(2) 
PARAMETRIC_REPRESENTATION_CONTEXT() REPRESENTATION_CONTEXT('2D SPACE',''
  ) );
#1087 = PCURVE('',#312,#1088);
#1088 = DEFINITIONAL_REPRESENTATION('',(#1089),#1097);
#1089 = B_SPLINE_CURVE_WITH_KNOTS('',6,(#1090,#1091,#1092,#1093,#1094,
    #1095,#1096),.UNSPECIFIED.,.F.,.F.,(7,7),(5.298074523842,
    5.447787793105),.PIECEWISE_BEZIER_KNOTS.);
#1090 = CARTESIAN_POINT('',(5.298074523842,34.370646604564));
#1091 = CARTESIAN_POINT('',(5.323026735386,34.379413615601));
#1092 = CARTESIAN_POINT('',(5.34797894693,34.388006500921));
#1093 = CARTESIAN_POINT('',(5.372931158473,34.396415435426));
#1094 = CARTESIAN_POINT('',(5.397883370017,34.404630918666));
#1095 = CARTESIAN_POINT('',(5.422835581561,34.412643811373));
#1096 = CARTESIAN_POINT('',(5.447787793105,34.420445369065));
#1097 = ( GEOMETRIC_REPRESENTATION_CONTEXT(2) 
PARAMETRIC_REPRESENTATION_CONTEXT() REPRESENTATION_CONTEXT('2D SPACE',''
  ) );
#1098 = ORIENTED_EDGE('',*,*,#1099,.T.);
#1099 = EDGE_CURVE('',#1072,#1019,#1100,.T.);
#1100 = SURFACE_CURVE('',#1101,(#1105,#1112),.PCURVE_S1.);
#1101 = LINE('',#1102,#1103);
#1102 = CARTESIAN_POINT('',(-128.,-2.5,58.));
#1103 = VECTOR('',#1104,1.);
#1104 = DIRECTION('',(1.,0.,0.));
#1105 = PCURVE('',#1034,#1106);
#1106 = DEFINITIONAL_REPRESENTATION('',(#1107),#1111);
#1107 = LINE('',#1108,#1109);
#1108 = CARTESIAN_POINT('',(0.,-2.5));
#1109 = VECTOR('',#1110,1.);
#1110 = DIRECTION('',(1.,0.));
#1111 = ( GEOMETRIC_REPRESENTATION_CONTEXT(2) 
PARAMETRIC_REPRESENTATION_CONTEXT() REPRESENTATION_CONTEXT('2D SPACE',''
  ) );
#1112 = PCURVE('',#404,#1113);
#1113 = DEFINITIONAL_REPRESENTATION('',(#1114),#1118);
#1114 = LINE('',#1115,#1116);
#1115 = CARTESIAN_POINT('',(6.260481913065,33.906906560852));
#1116 = VECTOR('',#1117,1.);
#1117 = DIRECTION('',(-1.,0.));
#1118 = ( GEOMETRIC_REPRESENTATION_CONTEXT(2) 
PARAMETRIC_REPRESENTATION_CONTEXT() REPRESENTATION_CONTEXT('2D SPACE',''
  ) );
#1119 = ORIENTED_EDGE('',*,*,#1018,.F.);
#1120 = ADVANCED_FACE('',(#1121),#404,.F.);
#1121 = FACE_BOUND('',#1122,.F.);
#1122 = EDGE_LOOP('',(#1123,#1124,#1125,#1126));
#1123 = ORIENTED_EDGE('',*,*,#1099,.T.);
#1124 = ORIENTED_EDGE('',*,*,#1046,.T.);
#1125 = ORIENTED_EDGE('',*,*,#389,.F.);
#1126 = ORIENTED_EDGE('',*,*,#1127,.T.);
#1127 = EDGE_CURVE('',#390,#1072,#1128,.T.);
#1128 = SURFACE_CURVE('',#1129,(#1133,#1139),.PCURVE_S1.);
#1129 = LINE('',#1130,#1131);
#1130 = CARTESIAN_POINT('',(-129.1412882062,-2.5,23.963846146771));
#1131 = VECTOR('',#1132,1.);
#1132 = DIRECTION('',(0.13917310096,0.,0.990268068742));
#1133 = PCURVE('',#404,#1134);
#1134 = DEFINITIONAL_REPRESENTATION('',(#1135),#1138);
#1135 = B_SPLINE_CURVE_WITH_KNOTS('',1,(#1136,#1137),.UNSPECIFIED.,.F.,
  .F.,(2,2),(-5.999999966042E-07,37.703077612788),
  .PIECEWISE_BEZIER_KNOTS.);
#1136 = CARTESIAN_POINT('',(7.401770202827,-0.129247886538));
#1137 = CARTESIAN_POINT('',(2.154515892214,37.206906560852));
#1138 = ( GEOMETRIC_REPRESENTATION_CONTEXT(2) 
PARAMETRIC_REPRESENTATION_CONTEXT() REPRESENTATION_CONTEXT('2D SPACE',''
  ) );
#1139 = PCURVE('',#312,#1140);
#1140 = DEFINITIONAL_REPRESENTATION('',(#1141),#1144);
#1141 = B_SPLINE_CURVE_WITH_KNOTS('',1,(#1142,#1143),.UNSPECIFIED.,.F.,
  .F.,(2,2),(1.046336730362,34.370646623476),.PIECEWISE_BEZIER_KNOTS.);
#1142 = CARTESIAN_POINT('',(5.298074523842,1.046336730362));
#1143 = CARTESIAN_POINT('',(5.298074523842,34.370646623476));
#1144 = ( GEOMETRIC_REPRESENTATION_CONTEXT(2) 
PARAMETRIC_REPRESENTATION_CONTEXT() REPRESENTATION_CONTEXT('2D SPACE',''
  ) );
#1145 = ADVANCED_FACE('',(#1146),#312,.F.);
#1146 = FACE_BOUND('',#1147,.F.);
#1147 = EDGE_LOOP('',(#1148,#1183,#1208,#1209,#1210,#1211,#1212,#1213,
    #1214,#1215,#1216,#1243,#1271,#1371));
#1148 = ORIENTED_EDGE('',*,*,#1149,.F.);
#1149 = EDGE_CURVE('',#1150,#1152,#1154,.T.);
#1150 = VERTEX_POINT('',#1151);
#1151 = CARTESIAN_POINT('',(-133.,1.997477996485,24.50615272314));
#1152 = VERTEX_POINT('',#1153);
#1153 = CARTESIAN_POINT('',(-128.1696435166,1.425835933945,
    23.827290391057));
#1154 = SURFACE_CURVE('',#1155,(#1160,#1167),.PCURVE_S1.);
#1155 = CIRCLE('',#1156,3.);
#1156 = AXIS2_PLACEMENT_3D('',#1157,#1158,#1159);
#1157 = CARTESIAN_POINT('',(-130.7834620192,0.,24.194638625169));
#1158 = DIRECTION('',(-0.13917310096,-7.428759087793E-16,-0.990268068742
    ));
#1159 = DIRECTION('',(-0.7388459936,0.665825998828,0.103838032657));
#1160 = PCURVE('',#312,#1161);
#1161 = DEFINITIONAL_REPRESENTATION('',(#1162),#1166);
#1162 = LINE('',#1163,#1164);
#1163 = CARTESIAN_POINT('',(8.696177610713,0.));
#1164 = VECTOR('',#1165,1.);
#1165 = DIRECTION('',(-1.,-0.));
#1166 = ( GEOMETRIC_REPRESENTATION_CONTEXT(2) 
PARAMETRIC_REPRESENTATION_CONTEXT() REPRESENTATION_CONTEXT('2D SPACE',''
  ) );
#1167 = PCURVE('',#1168,#1173);
#1168 = PLANE('',#1169);
#1169 = AXIS2_PLACEMENT_3D('',#1170,#1171,#1172);
#1170 = CARTESIAN_POINT('',(-130.7834620192,0.,24.194638625169));
#1171 = DIRECTION('',(0.13917310096,0.,0.990268068742));
#1172 = DIRECTION('',(0.990268068742,0.,-0.13917310096));
#1173 = DEFINITIONAL_REPRESENTATION('',(#1174),#1182);
#1174 = ( BOUNDED_CURVE() B_SPLINE_CURVE(2,(#1175,#1176,#1177,#1178,
#1179,#1180,#1181),.UNSPECIFIED.,.T.,.F.) B_SPLINE_CURVE_WITH_KNOTS((1,2
    ,2,2,2,1),(-2.094395102393,0.,2.094395102393,4.188790204786,
6.28318530718,8.377580409573),.UNSPECIFIED.) CURVE() 
GEOMETRIC_REPRESENTATION_ITEM() RATIONAL_B_SPLINE_CURVE((1.,0.5,1.,0.5,
1.,0.5,1.)) REPRESENTATION_ITEM('') );
#1175 = CARTESIAN_POINT('',(-2.238321168545,1.997477996485));
#1176 = CARTESIAN_POINT('',(1.221412208368,5.874363984062));
#1177 = CARTESIAN_POINT('',(2.849027272729,0.939703995546));
#1178 = CARTESIAN_POINT('',(4.476642337091,-3.99495599297));
#1179 = CARTESIAN_POINT('',(-0.610706104184,-2.937181992031));
#1180 = CARTESIAN_POINT('',(-5.698054545458,-1.879407991092));
#1181 = CARTESIAN_POINT('',(-2.238321168545,1.997477996485));
#1182 = ( GEOMETRIC_REPRESENTATION_CONTEXT(2) 
PARAMETRIC_REPRESENTATION_CONTEXT() REPRESENTATION_CONTEXT('2D SPACE',''
  ) );
#1183 = ORIENTED_EDGE('',*,*,#1184,.T.);
#1184 = EDGE_CURVE('',#1150,#273,#1185,.T.);
#1185 = SURFACE_CURVE('',#1186,(#1191,#1201),.PCURVE_S1.);
#1186 = ELLIPSE('',#1187,21.555889602983,3.);
#1187 = AXIS2_PLACEMENT_3D('',#1188,#1189,#1190);
#1188 = CARTESIAN_POINT('',(-133.,0.,8.423151388079));
#1189 = DIRECTION('',(1.,0.,-0.));
#1190 = DIRECTION('',(0.,0.,1.));
#1191 = PCURVE('',#312,#1192);
#1192 = DEFINITIONAL_REPRESENTATION('',(#1193),#1200);
#1193 = B_SPLINE_CURVE_WITH_KNOTS('',5,(#1194,#1195,#1196,#1197,#1198,
    #1199),.UNSPECIFIED.,.F.,.F.,(6,6),(5.554584957124,5.58969113652),
  .PIECEWISE_BEZIER_KNOTS.);
#1194 = CARTESIAN_POINT('',(8.696177610713,-6.534936414815E-15));
#1195 = CARTESIAN_POINT('',(8.703198846593,9.979138238739E-02));
#1196 = CARTESIAN_POINT('',(8.710220082472,0.198601342739));
#1197 = CARTESIAN_POINT('',(8.717241318351,0.296419629652));
#1198 = CARTESIAN_POINT('',(8.72426255423,0.393236194825));
#1199 = CARTESIAN_POINT('',(8.731283790109,0.48904119842));
#1200 = ( GEOMETRIC_REPRESENTATION_CONTEXT(2) 
PARAMETRIC_REPRESENTATION_CONTEXT() REPRESENTATION_CONTEXT('2D SPACE',''
  ) );
#1201 = PCURVE('',#215,#1202);
#1202 = DEFINITIONAL_REPRESENTATION('',(#1203),#1207);
#1203 = ELLIPSE('',#1204,21.555889602983,3.);
#1204 = AXIS2_PLACEMENT_2D('',#1205,#1206);
#1205 = CARTESIAN_POINT('',(9.423151388079,-10.));
#1206 = DIRECTION('',(1.,0.));
#1207 = ( GEOMETRIC_REPRESENTATION_CONTEXT(2) 
PARAMETRIC_REPRESENTATION_CONTEXT() REPRESENTATION_CONTEXT('2D SPACE',''
  ) );
#1208 = ORIENTED_EDGE('',*,*,#295,.F.);
#1209 = ORIENTED_EDGE('',*,*,#881,.T.);
#1210 = ORIENTED_EDGE('',*,*,#904,.F.);
#1211 = ORIENTED_EDGE('',*,*,#958,.F.);
#1212 = ORIENTED_EDGE('',*,*,#988,.F.);
#1213 = ORIENTED_EDGE('',*,*,#1071,.F.);
#1214 = ORIENTED_EDGE('',*,*,#1127,.F.);
#1215 = ORIENTED_EDGE('',*,*,#415,.F.);
#1216 = ORIENTED_EDGE('',*,*,#1217,.T.);
#1217 = EDGE_CURVE('',#200,#1218,#1220,.T.);
#1218 = VERTEX_POINT('',#1219);
#1219 = CARTESIAN_POINT('',(-133.,-1.997477996485,24.50615272314));
#1220 = SURFACE_CURVE('',#1221,(#1226,#1236),.PCURVE_S1.);
#1221 = ELLIPSE('',#1222,21.555889602983,3.);
#1222 = AXIS2_PLACEMENT_3D('',#1223,#1224,#1225);
#1223 = CARTESIAN_POINT('',(-133.,0.,8.423151388079));
#1224 = DIRECTION('',(1.,0.,-0.));
#1225 = DIRECTION('',(0.,0.,1.));
#1226 = PCURVE('',#312,#1227);
#1227 = DEFINITIONAL_REPRESENTATION('',(#1228),#1235);
#1228 = B_SPLINE_CURVE_WITH_KNOTS('',5,(#1229,#1230,#1231,#1232,#1233,
    #1234),.UNSPECIFIED.,.F.,.F.,(6,6),(0.69349417066,0.728600350056),
  .PIECEWISE_BEZIER_KNOTS.);
#1229 = CARTESIAN_POINT('',(3.83508682425,0.48904119842));
#1230 = CARTESIAN_POINT('',(3.842108060129,0.393236194825));
#1231 = CARTESIAN_POINT('',(3.849129296008,0.296419629652));
#1232 = CARTESIAN_POINT('',(3.856150531887,0.198601342739));
#1233 = CARTESIAN_POINT('',(3.863171767767,9.97913823874E-02));
#1234 = CARTESIAN_POINT('',(3.870193003646,-2.894307413775E-16));
#1235 = ( GEOMETRIC_REPRESENTATION_CONTEXT(2) 
PARAMETRIC_REPRESENTATION_CONTEXT() REPRESENTATION_CONTEXT('2D SPACE',''
  ) );
#1236 = PCURVE('',#215,#1237);
#1237 = DEFINITIONAL_REPRESENTATION('',(#1238),#1242);
#1238 = ELLIPSE('',#1239,21.555889602983,3.);
#1239 = AXIS2_PLACEMENT_2D('',#1240,#1241);
#1240 = CARTESIAN_POINT('',(9.423151388079,-10.));
#1241 = DIRECTION('',(1.,0.));
#1242 = ( GEOMETRIC_REPRESENTATION_CONTEXT(2) 
PARAMETRIC_REPRESENTATION_CONTEXT() REPRESENTATION_CONTEXT('2D SPACE',''
  ) );
#1243 = ORIENTED_EDGE('',*,*,#1244,.F.);
#1244 = EDGE_CURVE('',#1245,#1218,#1247,.T.);
#1245 = VERTEX_POINT('',#1246);
#1246 = CARTESIAN_POINT('',(-128.1696435166,-1.425835933946,
    23.827290391057));
#1247 = SURFACE_CURVE('',#1248,(#1253,#1260),.PCURVE_S1.);
#1248 = CIRCLE('',#1249,3.);
#1249 = AXIS2_PLACEMENT_3D('',#1250,#1251,#1252);
#1250 = CARTESIAN_POINT('',(-130.7834620192,0.,24.194638625169));
#1251 = DIRECTION('',(-0.13917310096,-7.428759087793E-16,-0.990268068742
    ));
#1252 = DIRECTION('',(-0.7388459936,0.665825998828,0.103838032657));
#1253 = PCURVE('',#312,#1254);
#1254 = DEFINITIONAL_REPRESENTATION('',(#1255),#1259);
#1255 = LINE('',#1256,#1257);
#1256 = CARTESIAN_POINT('',(8.696177610713,0.));
#1257 = VECTOR('',#1258,1.);
#1258 = DIRECTION('',(-1.,-0.));
#1259 = ( GEOMETRIC_REPRESENTATION_CONTEXT(2) 
PARAMETRIC_REPRESENTATION_CONTEXT() REPRESENTATION_CONTEXT('2D SPACE',''
  ) );
#1260 = PCURVE('',#1168,#1261);
#1261 = DEFINITIONAL_REPRESENTATION('',(#1262),#1270);
#1262 = ( BOUNDED_CURVE() B_SPLINE_CURVE(2,(#1263,#1264,#1265,#1266,
#1267,#1268,#1269),.UNSPECIFIED.,.T.,.F.) B_SPLINE_CURVE_WITH_KNOTS((1,2
    ,2,2,2,1),(-2.094395102393,0.,2.094395102393,4.188790204786,
6.28318530718,8.377580409573),.UNSPECIFIED.) CURVE() 
GEOMETRIC_REPRESENTATION_ITEM() RATIONAL_B_SPLINE_CURVE((1.,0.5,1.,0.5,
1.,0.5,1.)) REPRESENTATION_ITEM('') );
#1263 = CARTESIAN_POINT('',(-2.238321168545,1.997477996485));
#1264 = CARTESIAN_POINT('',(1.221412208368,5.874363984062));
#1265 = CARTESIAN_POINT('',(2.849027272729,0.939703995546));
#1266 = CARTESIAN_POINT('',(4.476642337091,-3.99495599297));
#1267 = CARTESIAN_POINT('',(-0.610706104184,-2.937181992031));
#1268 = CARTESIAN_POINT('',(-5.698054545458,-1.879407991092));
#1269 = CARTESIAN_POINT('',(-2.238321168545,1.997477996485));
#1270 = ( GEOMETRIC_REPRESENTATION_CONTEXT(2) 
PARAMETRIC_REPRESENTATION_CONTEXT() REPRESENTATION_CONTEXT('2D SPACE',''
  ) );
#1271 = ORIENTED_EDGE('',*,*,#1272,.T.);
#1272 = EDGE_CURVE('',#1245,#1273,#1275,.T.);
#1273 = VERTEX_POINT('',#1274);
#1274 = CARTESIAN_POINT('',(-127.35,-4.041334437186E-16,27.069100716577)
  );
#1275 = SURFACE_CURVE('',#1276,(#1304,#1335),.PCURVE_S1.);
#1276 = B_SPLINE_CURVE_WITH_KNOTS('',6,(#1277,#1278,#1279,#1280,#1281,
    #1282,#1283,#1284,#1285,#1286,#1287,#1288,#1289,#1290,#1291,#1292,
    #1293,#1294,#1295,#1296,#1297,#1298,#1299,#1300,#1301,#1302,#1303),
  .UNSPECIFIED.,.F.,.F.,(7,5,5,5,5,7),(0.,0.512438053297,0.761187558585,
    0.888976442145,0.953518836009,1.),.UNSPECIFIED.);
#1277 = CARTESIAN_POINT('',(-128.1696436379,-1.42583600458,
    23.827289802207));
#1278 = CARTESIAN_POINT('',(-128.1061546199,-1.388862250356,
    24.135526642942));
#1279 = CARTESIAN_POINT('',(-128.0415748949,-1.346710241945,
    24.437199618887));
#1280 = CARTESIAN_POINT('',(-127.9743317217,-1.297641504203,
    24.739546778303));
#1281 = CARTESIAN_POINT('',(-127.9035637806,-1.239266428586,
    25.044651877288));
#1282 = CARTESIAN_POINT('',(-127.8293470312,-1.168487800591,
    25.349348940421));
#1283 = CARTESIAN_POINT('',(-127.717105424,-1.039140802736,
    25.788823356258));
#1284 = CARTESIAN_POINT('',(-127.6804494147,-0.993423249715,
    25.929024279481));
#1285 = CARTESIAN_POINT('',(-127.6430240905,-0.942738604465,
    26.069007986293));
#1286 = CARTESIAN_POINT('',(-127.6045328597,-0.885378763831,
    26.209561202101));
#1287 = CARTESIAN_POINT('',(-127.5653612683,-0.819510548072,
    26.348887518233));
#1288 = CARTESIAN_POINT('',(-127.5071549975,-0.704156678383,
    26.551073903499));
#1289 = CARTESIAN_POINT('',(-127.4877485781,-0.662593080273,
    26.617623874728));
#1290 = CARTESIAN_POINT('',(-127.4683226679,-0.617352798692,
    26.683452736553));
#1291 = CARTESIAN_POINT('',(-127.4488561284,-0.567205906649,
    26.748589210491));
#1292 = CARTESIAN_POINT('',(-127.4297580353,-0.511023315434,
    26.811672812511));
#1293 = CARTESIAN_POINT('',(-127.4029539708,-0.415983271716,
    26.89928782972));
#1294 = CARTESIAN_POINT('',(-127.3942507315,-0.382181738635,
    26.927569010019));
#1295 = CARTESIAN_POINT('',(-127.3858746253,-0.346012900905,
    26.954633015921));
#1296 = CARTESIAN_POINT('',(-127.3779677335,-0.307077674516,
    26.98004367647));
#1297 = CARTESIAN_POINT('',(-127.3707824869,-0.265043416617,
    27.003025409435));
#1298 = CARTESIAN_POINT('',(-127.3602945212,-0.186959615285,
    27.036461977921));
#1299 = CARTESIAN_POINT('',(-127.3564105644,-0.152100305222,
    27.048805214009));
#1300 = CARTESIAN_POINT('',(-127.3532868673,-0.115546860925,
    27.058703395719));
#1301 = CARTESIAN_POINT('',(-127.351110706,-7.773485526762E-02,
    27.065586782858));
#1302 = CARTESIAN_POINT('',(-127.35,-3.908045095231E-02,27.069100716566)
  );
#1303 = CARTESIAN_POINT('',(-127.35,-6.661338147751E-16,27.069100716566)
  );
#1304 = PCURVE('',#312,#1305);
#1305 = DEFINITIONAL_REPRESENTATION('',(#1306),#1334);
#1306 = B_SPLINE_CURVE_WITH_KNOTS('',6,(#1307,#1308,#1309,#1310,#1311,
    #1312,#1313,#1314,#1315,#1316,#1317,#1318,#1319,#1320,#1321,#1322,
    #1323,#1324,#1325,#1326,#1327,#1328,#1329,#1330,#1331,#1332,#1333),
  .UNSPECIFIED.,.F.,.F.,(7,5,5,5,5,7),(0.,0.512438053297,0.761187558585,
    0.888976442145,0.953518836009,1.),.UNSPECIFIED.);
#1307 = CARTESIAN_POINT('',(5.787904574874,-6.000000065349E-07));
#1308 = CARTESIAN_POINT('',(5.801912406207,0.314072464498));
#1309 = CARTESIAN_POINT('',(5.817755096894,0.621797340371));
#1310 = CARTESIAN_POINT('',(5.836032266969,0.930560518947));
#1311 = CARTESIAN_POINT('',(5.857552942198,1.242545349896));
#1312 = CARTESIAN_POINT('',(5.883295616945,1.554606097305));
#1313 = CARTESIAN_POINT('',(5.929518834149,2.005424590868));
#1314 = CARTESIAN_POINT('',(5.945750659197,2.149362618832));
#1315 = CARTESIAN_POINT('',(5.963627793609,2.293192612248));
#1316 = CARTESIAN_POINT('',(5.983716056913,2.437734917775));
#1317 = CARTESIAN_POINT('',(6.006589835494,2.581156951625));
#1318 = CARTESIAN_POINT('',(6.046278650956,2.789476420084));
#1319 = CARTESIAN_POINT('',(6.060523432294,2.858079583139));
#1320 = CARTESIAN_POINT('',(6.075969748921,2.92597136717));
#1321 = CARTESIAN_POINT('',(6.093023508636,2.993183156083));
#1322 = CARTESIAN_POINT('',(6.112045423899,3.058310773664));
#1323 = CARTESIAN_POINT('',(6.144084496666,3.148803532321));
#1324 = CARTESIAN_POINT('',(6.155458400348,3.178020738921));
#1325 = CARTESIAN_POINT('',(6.167607209616,3.205987088459));
#1326 = CARTESIAN_POINT('',(6.180661771236,3.232250880855));
#1327 = CARTESIAN_POINT('',(6.194731207677,3.256008950225));
#1328 = CARTESIAN_POINT('',(6.220829187048,3.290579759033));
#1329 = CARTESIAN_POINT('',(6.232469727657,3.303343413911));
#1330 = CARTESIAN_POINT('',(6.244665684805,3.313580001804));
#1331 = CARTESIAN_POINT('',(6.257273702681,3.320699263403));
#1332 = CARTESIAN_POINT('',(6.270158490195,3.32433358016));
#1333 = CARTESIAN_POINT('',(6.28318530718,3.32433358016));
#1334 = ( GEOMETRIC_REPRESENTATION_CONTEXT(2) 
PARAMETRIC_REPRESENTATION_CONTEXT() REPRESENTATION_CONTEXT('2D SPACE',''
  ) );
#1335 = PCURVE('',#1336,#1341);
#1336 = CYLINDRICAL_SURFACE('',#1337,1.65);
#1337 = AXIS2_PLACEMENT_3D('',#1338,#1339,#1340);
#1338 = CARTESIAN_POINT('',(-129.,0.,-10.));
#1339 = DIRECTION('',(0.,0.,1.));
#1340 = DIRECTION('',(1.,0.,-0.));
#1341 = DEFINITIONAL_REPRESENTATION('',(#1342),#1370);
#1342 = B_SPLINE_CURVE_WITH_KNOTS('',6,(#1343,#1344,#1345,#1346,#1347,
    #1348,#1349,#1350,#1351,#1352,#1353,#1354,#1355,#1356,#1357,#1358,
    #1359,#1360,#1361,#1362,#1363,#1364,#1365,#1366,#1367,#1368,#1369),
  .UNSPECIFIED.,.F.,.F.,(7,5,5,5,5,7),(0.,0.512438053297,0.761187558585,
    0.888976442145,0.953518836009,1.),.UNSPECIFIED.);
#1343 = CARTESIAN_POINT('',(5.239740311131,33.827289802207));
#1344 = CARTESIAN_POINT('',(5.284267884969,34.135526642942));
#1345 = CARTESIAN_POINT('',(5.330947418085,34.437199618887));
#1346 = CARTESIAN_POINT('',(5.381282479024,34.739546778303));
#1347 = CARTESIAN_POINT('',(5.436719375987,35.044651877287));
#1348 = CARTESIAN_POINT('',(5.498599385836,35.349348940421));
#1349 = CARTESIAN_POINT('',(5.602391266743,35.788823356258));
#1350 = CARTESIAN_POINT('',(5.637878862597,35.929024279481));
#1351 = CARTESIAN_POINT('',(5.676014064164,36.069007986293));
#1352 = CARTESIAN_POINT('',(5.717806756466,36.209561202101));
#1353 = CARTESIAN_POINT('',(5.764141844452,36.348887518233));
#1354 = CARTESIAN_POINT('',(5.842449202452,36.551073903499));
#1355 = CARTESIAN_POINT('',(5.870236924579,36.617623874728));
#1356 = CARTESIAN_POINT('',(5.900052666801,36.683452736553));
#1357 = CARTESIAN_POINT('',(5.932618829188,36.748589210491));
#1358 = CARTESIAN_POINT('',(5.968532385984,36.811672812511));
#1359 = CARTESIAN_POINT('',(6.028379352694,36.89928782972));
#1360 = CARTESIAN_POINT('',(6.049527611095,36.927569010019));
#1361 = CARTESIAN_POINT('',(6.072018047055,36.954633015921));
#1362 = CARTESIAN_POINT('',(6.096081100183,36.98004367647));
#1363 = CARTESIAN_POINT('',(6.121909530215,37.003025409435));
#1364 = CARTESIAN_POINT('',(6.169658019794,37.036461977921));
#1365 = CARTESIAN_POINT('',(6.190910266341,37.048805214009));
#1366 = CARTESIAN_POINT('',(6.213132887066,37.058703395719));
#1367 = CARTESIAN_POINT('',(6.236073336716,37.065586782858));
#1368 = CARTESIAN_POINT('',(6.25950018539,37.069100716566));
#1369 = CARTESIAN_POINT('',(6.28318530718,37.069100716566));
#1370 = ( GEOMETRIC_REPRESENTATION_CONTEXT(2) 
PARAMETRIC_REPRESENTATION_CONTEXT() REPRESENTATION_CONTEXT('2D SPACE',''
  ) );
#1371 = ORIENTED_EDGE('',*,*,#1372,.T.);
#1372 = EDGE_CURVE('',#1273,#1152,#1373,.T.);
#1373 = SURFACE_CURVE('',#1374,(#1412,#1453),.PCURVE_S1.);
#1374 = B_SPLINE_CURVE_WITH_KNOTS('',6,(#1375,#1376,#1377,#1378,#1379,
    #1380,#1381,#1382,#1383,#1384,#1385,#1386,#1387,#1388,#1389,#1390,
    #1391,#1392,#1393,#1394,#1395,#1396,#1397,#1398,#1399,#1400,#1401,
    #1402,#1403,#1404,#1405,#1406,#1407,#1408,#1409,#1410,#1411),
  .UNSPECIFIED.,.F.,.F.,(7,5,5,5,5,5,5,7),(0.,3.46572580471E-02,
    6.054637220341E-02,0.108502104533,0.171804746709,0.355468641819,
    0.727318655427,1.),.UNSPECIFIED.);
#1375 = CARTESIAN_POINT('',(-127.35,-5.694607616035E-16,27.069100716566)
  );
#1376 = CARTESIAN_POINT('',(-127.35,2.912186023612E-02,27.069100716566)
  );
#1377 = CARTESIAN_POINT('',(-127.3506167081,5.811829530544E-02,
    27.067149705632));
#1378 = CARTESIAN_POINT('',(-127.351840537,8.676124712874E-02,
    27.063278415383));
#1379 = CARTESIAN_POINT('',(-127.3536304277,0.114815203708,
    27.05761113082));
#1380 = CARTESIAN_POINT('',(-127.3559148771,0.142036955546,
    27.050366020501));
#1381 = CARTESIAN_POINT('',(-127.3605935095,0.187700841653,
    27.035498048051));
#1382 = CARTESIAN_POINT('',(-127.362820443,0.206686860226,
    27.028413191799));
#1383 = CARTESIAN_POINT('',(-127.3652462808,0.225135368429,
    27.02068463103));
#1384 = CARTESIAN_POINT('',(-127.3678452548,0.243049817375,
    27.012391048148));
#1385 = CARTESIAN_POINT('',(-127.3705933145,0.260435148645,
    27.003606074887));
#1386 = CARTESIAN_POINT('',(-127.3787932899,0.308533336604,
    26.977342244961));
#1387 = CARTESIAN_POINT('',(-127.3845649032,0.338042748429,
    26.958798749614));
#1388 = CARTESIAN_POINT('',(-127.3906618796,0.365952129977,
    26.939136880518));
#1389 = CARTESIAN_POINT('',(-127.3969974268,0.392407784274,
    26.918623148058));
#1390 = CARTESIAN_POINT('',(-127.4035180081,0.417575034719,
    26.897421349945));
#1391 = CARTESIAN_POINT('',(-127.4190257183,0.473399432768,
    26.846777748527));
#1392 = CARTESIAN_POINT('',(-127.4281381919,0.503249706905,
    26.816857859048));
#1393 = CARTESIAN_POINT('',(-127.4374256879,0.531369781306,
    26.786183957758));
#1394 = CARTESIAN_POINT('',(-127.4468200158,0.557957915668,
    26.75497074434));
#1395 = CARTESIAN_POINT('',(-127.4562960244,0.583227445072,
    26.723296013903));
#1396 = CARTESIAN_POINT('',(-127.4936428828,0.677554841919,
    26.597688702008));
#1397 = CARTESIAN_POINT('',(-127.5224639861,0.739102337668,
    26.499109629981));
#1398 = CARTESIAN_POINT('',(-127.5511790081,0.793393480035,
    26.398967802997));
#1399 = CARTESIAN_POINT('',(-127.5793832938,0.84190428174,
    26.298799411783));
#1400 = CARTESIAN_POINT('',(-127.607234658,0.886115584981,
    26.198187481763));
#1401 = CARTESIAN_POINT('',(-127.6921732936,1.011098991873,
    25.885744027938));
#1402 = CARTESIAN_POINT('',(-127.7489288133,1.081373721502,
    25.669436465018));
#1403 = CARTESIAN_POINT('',(-127.8037757699,1.141059863556,
    25.45234211093));
#1404 = CARTESIAN_POINT('',(-127.8564259995,1.192632268619,
    25.236857479042));
#1405 = CARTESIAN_POINT('',(-127.9074408428,1.238169986654,
    25.021547857486));
#1406 = CARTESIAN_POINT('',(-127.9950592471,1.309534162791,
    24.639865763223));
#1407 = CARTESIAN_POINT('',(-128.0314232781,1.337008497947,
    24.477734233874));
#1408 = CARTESIAN_POINT('',(-128.0670286289,1.36210091607,
    24.315365322203));
#1409 = CARTESIAN_POINT('',(-128.1018862371,1.385105312497,
    24.152928709077));
#1410 = CARTESIAN_POINT('',(-128.1360581511,1.406277007227,
    23.990346101972));
#1411 = CARTESIAN_POINT('',(-128.1696436379,1.42583600458,
    23.827289802207));
#1412 = PCURVE('',#312,#1413);
#1413 = DEFINITIONAL_REPRESENTATION('',(#1414),#1452);
#1414 = B_SPLINE_CURVE_WITH_KNOTS('',6,(#1415,#1416,#1417,#1418,#1419,
    #1420,#1421,#1422,#1423,#1424,#1425,#1426,#1427,#1428,#1429,#1430,
    #1431,#1432,#1433,#1434,#1435,#1436,#1437,#1438,#1439,#1440,#1441,
    #1442,#1443,#1444,#1445,#1446,#1447,#1448,#1449,#1450,#1451),
  .UNSPECIFIED.,.F.,.F.,(7,5,5,5,5,5,5,7),(0.,3.46572580471E-02,
    6.054637220341E-02,0.108502104533,0.171804746709,0.355468641819,
    0.727318655427,1.),.UNSPECIFIED.);
#1415 = CARTESIAN_POINT('',(6.28318530718,3.32433358016));
#1416 = CARTESIAN_POINT('',(6.292892593925,3.32433358016));
#1417 = CARTESIAN_POINT('',(6.302558069411,3.32231572715));
#1418 = CARTESIAN_POINT('',(6.31210737371,3.318311787962));
#1419 = CARTESIAN_POINT('',(6.321463557586,3.312450552386));
#1420 = CARTESIAN_POINT('',(6.330546639153,3.304958017075));
#1421 = CARTESIAN_POINT('',(6.34579190788,3.289583598932));
#1422 = CARTESIAN_POINT('',(6.352133416626,3.282257762768));
#1423 = CARTESIAN_POINT('',(6.358298532283,3.274266804451));
#1424 = CARTESIAN_POINT('',(6.364288504279,3.265692226883));
#1425 = CARTESIAN_POINT('',(6.370104985965,3.256610292392));
#1426 = CARTESIAN_POINT('',(6.386206647404,3.229460844242));
#1427 = CARTESIAN_POINT('',(6.396097594812,3.210294559596));
#1428 = CARTESIAN_POINT('',(6.405464652926,3.189975503354));
#1429 = CARTESIAN_POINT('',(6.414355867347,3.168779671368));
#1430 = CARTESIAN_POINT('',(6.422825608368,3.146876718186));
#1431 = CARTESIAN_POINT('',(6.441638711486,3.094567720691));
#1432 = CARTESIAN_POINT('',(6.451718874995,3.063670798321));
#1433 = CARTESIAN_POINT('',(6.46123412195,3.0320028437));
#1434 = CARTESIAN_POINT('',(6.470248970179,2.999785957384));
#1435 = CARTESIAN_POINT('',(6.478833480161,2.967100677754));
#1436 = CARTESIAN_POINT('',(6.510940930402,2.837518089488));
#1437 = CARTESIAN_POINT('',(6.532032163568,2.735887259896));
#1438 = CARTESIAN_POINT('',(6.550757185047,2.632723647634));
#1439 = CARTESIAN_POINT('',(6.567582180057,2.529604810414));
#1440 = CARTESIAN_POINT('',(6.582996596145,2.426095868051));
#1441 = CARTESIAN_POINT('',(6.62680363553,2.104871919131));
#1442 = CARTESIAN_POINT('',(6.651770737923,1.882770604881));
#1443 = CARTESIAN_POINT('',(6.673219265175,1.660155777085));
#1444 = CARTESIAN_POINT('',(6.691922289797,1.439440731103));
#1445 = CARTESIAN_POINT('',(6.708573894591,1.219126594047));
#1446 = CARTESIAN_POINT('',(6.734873212987,0.828964878666));
#1447 = CARTESIAN_POINT('',(6.745068169346,0.663350307255));
#1448 = CARTESIAN_POINT('',(6.754435860427,0.497606251587));
#1449 = CARTESIAN_POINT('',(6.76307045163,0.331899218995));
#1450 = CARTESIAN_POINT('',(6.771055941654,0.16614304341));
#1451 = CARTESIAN_POINT('',(6.778466039485,-6.000000065349E-07));
#1452 = ( GEOMETRIC_REPRESENTATION_CONTEXT(2) 
PARAMETRIC_REPRESENTATION_CONTEXT() REPRESENTATION_CONTEXT('2D SPACE',''
  ) );
#1453 = PCURVE('',#1336,#1454);
#1454 = DEFINITIONAL_REPRESENTATION('',(#1455),#1493);
#1455 = B_SPLINE_CURVE_WITH_KNOTS('',6,(#1456,#1457,#1458,#1459,#1460,
    #1461,#1462,#1463,#1464,#1465,#1466,#1467,#1468,#1469,#1470,#1471,
    #1472,#1473,#1474,#1475,#1476,#1477,#1478,#1479,#1480,#1481,#1482,
    #1483,#1484,#1485,#1486,#1487,#1488,#1489,#1490,#1491,#1492),
  .UNSPECIFIED.,.F.,.F.,(7,5,5,5,5,5,5,7),(0.,3.46572580471E-02,
    6.054637220341E-02,0.108502104533,0.171804746709,0.355468641819,
    0.727318655427,1.),.UNSPECIFIED.);
#1456 = CARTESIAN_POINT('',(0.,37.069100716566));
#1457 = CARTESIAN_POINT('',(1.764961226431E-02,37.069100716566));
#1458 = CARTESIAN_POINT('',(3.52231958054E-02,37.067149705632));
#1459 = CARTESIAN_POINT('',(5.25924902028E-02,37.063278415383));
#1460 = CARTESIAN_POINT('',(6.96241360366E-02,37.05761113082));
#1461 = CARTESIAN_POINT('',(8.617737687161E-02,37.050366020501));
#1462 = CARTESIAN_POINT('',(0.113997341794,37.035498048051));
#1463 = CARTESIAN_POINT('',(0.125581685477,37.028413191799));
#1464 = CARTESIAN_POINT('',(0.136857221995,37.02068463103));
#1465 = CARTESIAN_POINT('',(0.147826735688,37.012391048148));
#1466 = CARTESIAN_POINT('',(0.158493365531,37.003606074887));
#1467 = CARTESIAN_POINT('',(0.188064374106,36.977342244961));
#1468 = CARTESIAN_POINT('',(0.206282380816,36.958798749614));
#1469 = CARTESIAN_POINT('',(0.223590253237,36.939136880518));
#1470 = CARTESIAN_POINT('',(0.240073015975,36.918623148058));
#1471 = CARTESIAN_POINT('',(0.255827102334,36.897421349945));
#1472 = CARTESIAN_POINT('',(0.290941254341,36.846777748527));
#1473 = CARTESIAN_POINT('',(0.30985049387,36.816857859048));
#1474 = CARTESIAN_POINT('',(0.327791986233,36.786183957758));
#1475 = CARTESIAN_POINT('',(0.344877496408,36.75497074434));
#1476 = CARTESIAN_POINT('',(0.361231014712,36.723296013903));
#1477 = CARTESIAN_POINT('',(0.422716888111,36.597688702008));
#1478 = CARTESIAN_POINT('',(0.463829299977,36.499109629981));
#1479 = CARTESIAN_POINT('',(0.501000045227,36.398967802997));
#1480 = CARTESIAN_POINT('',(0.534973727409,36.298799411783));
#1481 = CARTESIAN_POINT('',(0.566623052035,36.198187481763));
#1482 = CARTESIAN_POINT('',(0.658207260012,35.885744027938));
#1483 = CARTESIAN_POINT('',(0.712768182263,35.669436465018));
#1484 = CARTESIAN_POINT('',(0.761781036023,35.45234211093));
#1485 = CARTESIAN_POINT('',(0.806368411911,35.236857479042));
#1486 = CARTESIAN_POINT('',(0.847770897531,35.021547857486));
#1487 = CARTESIAN_POINT('',(0.916257972853,34.639865763223));
#1488 = CARTESIAN_POINT('',(0.943861600484,34.477734233874));
#1489 = CARTESIAN_POINT('',(0.970240374488,34.315365322203));
#1490 = CARTESIAN_POINT('',(0.995536228982,34.152928709077));
#1491 = CARTESIAN_POINT('',(1.019890052356,33.990346101972));
#1492 = CARTESIAN_POINT('',(1.043444996048,33.827289802207));
#1493 = ( GEOMETRIC_REPRESENTATION_CONTEXT(2) 
PARAMETRIC_REPRESENTATION_CONTEXT() REPRESENTATION_CONTEXT('2D SPACE',''
  ) );
#1494 = ADVANCED_FACE('',(#1495),#1336,.F.);
#1495 = FACE_BOUND('',#1496,.F.);
#1496 = EDGE_LOOP('',(#1497,#1498,#1521,#1949,#1950,#1951));
#1497 = ORIENTED_EDGE('',*,*,#1372,.F.);
#1498 = ORIENTED_EDGE('',*,*,#1499,.F.);
#1499 = EDGE_CURVE('',#1500,#1273,#1502,.T.);
#1500 = VERTEX_POINT('',#1501);
#1501 = CARTESIAN_POINT('',(-127.35,-4.041334437186E-16,12.262506587303)
  );
#1502 = SEAM_CURVE('',#1503,(#1507,#1514),.PCURVE_S1.);
#1503 = LINE('',#1504,#1505);
#1504 = CARTESIAN_POINT('',(-127.35,-4.041334437186E-16,-10.));
#1505 = VECTOR('',#1506,1.);
#1506 = DIRECTION('',(0.,0.,1.));
#1507 = PCURVE('',#1336,#1508);
#1508 = DEFINITIONAL_REPRESENTATION('',(#1509),#1513);
#1509 = LINE('',#1510,#1511);
#1510 = CARTESIAN_POINT('',(0.,-0.));
#1511 = VECTOR('',#1512,1.);
#1512 = DIRECTION('',(0.,1.));
#1513 = ( GEOMETRIC_REPRESENTATION_CONTEXT(2) 
PARAMETRIC_REPRESENTATION_CONTEXT() REPRESENTATION_CONTEXT('2D SPACE',''
  ) );
#1514 = PCURVE('',#1336,#1515);
#1515 = DEFINITIONAL_REPRESENTATION('',(#1516),#1520);
#1516 = LINE('',#1517,#1518);
#1517 = CARTESIAN_POINT('',(6.28318530718,-0.));
#1518 = VECTOR('',#1519,1.);
#1519 = DIRECTION('',(0.,1.));
#1520 = ( GEOMETRIC_REPRESENTATION_CONTEXT(2) 
PARAMETRIC_REPRESENTATION_CONTEXT() REPRESENTATION_CONTEXT('2D SPACE',''
  ) );
#1521 = ORIENTED_EDGE('',*,*,#1522,.T.);
#1522 = EDGE_CURVE('',#1500,#1500,#1523,.T.);
#1523 = SURFACE_CURVE('',#1524,(#1627,#1788),.PCURVE_S1.);
#1524 = B_SPLINE_CURVE_WITH_KNOTS('',8,(#1525,#1526,#1527,#1528,#1529,
    #1530,#1531,#1532,#1533,#1534,#1535,#1536,#1537,#1538,#1539,#1540,
    #1541,#1542,#1543,#1544,#1545,#1546,#1547,#1548,#1549,#1550,#1551,
    #1552,#1553,#1554,#1555,#1556,#1557,#1558,#1559,#1560,#1561,#1562,
    #1563,#1564,#1565,#1566,#1567,#1568,#1569,#1570,#1571,#1572,#1573,
    #1574,#1575,#1576,#1577,#1578,#1579,#1580,#1581,#1582,#1583,#1584,
    #1585,#1586,#1587,#1588,#1589,#1590,#1591,#1592,#1593,#1594,#1595,
    #1596,#1597,#1598,#1599,#1600,#1601,#1602,#1603,#1604,#1605,#1606,
    #1607,#1608,#1609,#1610,#1611,#1612,#1613,#1614,#1615,#1616,#1617,
    #1618,#1619,#1620,#1621,#1622,#1623,#1624,#1625,#1626),
  .UNSPECIFIED.,.T.,.F.,(9,7,7,7,7,7,7,7,7,7,7,5,6,6,6,9),(0.,
    7.073724752636E-02,0.169816587826,0.244242336408,0.348975210562,
    0.456259433679,0.538409521532,0.627635179887,0.767606036806,
    0.841902003244,0.937055381519,1.,1.003519620428,1.006991261503,
    1.010340608702,1.012576220193),.UNSPECIFIED.);
#1525 = CARTESIAN_POINT('',(-127.35,1.33226762955E-15,12.262506587303));
#1526 = CARTESIAN_POINT('',(-127.35,0.112572803099,12.262506587303));
#1527 = CARTESIAN_POINT('',(-127.3587778168,0.225157013622,
    12.257788017407));
#1528 = CARTESIAN_POINT('',(-127.3763351121,0.335682204256,
    12.24834964913));
#1529 = CARTESIAN_POINT('',(-127.4020363762,0.442636366269,
    12.234558478219));
#1530 = CARTESIAN_POINT('',(-127.4349750787,0.544951731819,
    12.216948945658));
#1531 = CARTESIAN_POINT('',(-127.4741526889,0.641926630782,
    12.196111516669));
#1532 = CARTESIAN_POINT('',(-127.518571057,0.733166097475,
    12.172629281841));
#1533 = CARTESIAN_POINT('',(-127.6356458067,0.938081874082,
    12.111152907357));
#1534 = CARTESIAN_POINT('',(-127.7125493309,1.046215150036,
    12.071080447623));
#1535 = CARTESIAN_POINT('',(-127.7961563065,1.143404221456,
    12.02793791133));
#1536 = CARTESIAN_POINT('',(-127.8849903056,1.230068979963,
    11.982620142985));
#1537 = CARTESIAN_POINT('',(-127.9778724138,1.306696070276,
    11.935836359419));
#1538 = CARTESIAN_POINT('',(-128.0739122438,1.373819986963,
    11.888118952004));
#1539 = CARTESIAN_POINT('',(-128.1725379133,1.431939164954,
    11.839821283104));
#1540 = CARTESIAN_POINT('',(-128.3493294552,1.518638190336,
    11.754568845686));
#1541 = CARTESIAN_POINT('',(-128.426371642,1.550916438376,
    11.717834195011));
#1542 = CARTESIAN_POINT('',(-128.5044229435,1.578431545153,
    11.68105784959));
#1543 = CARTESIAN_POINT('',(-128.5833057724,1.601288071226,
    11.644348904755));
#1544 = CARTESIAN_POINT('',(-128.6628587769,1.619559218328,
    11.607804071086));
#1545 = CARTESIAN_POINT('',(-128.7429342669,1.633293197749,
    11.571509196051));
#1546 = CARTESIAN_POINT('',(-128.8233968289,1.642513358708,
    11.53554022843));
#1547 = CARTESIAN_POINT('',(-129.0177222219,1.653824173382,
    11.449899770625));
#1548 = CARTESIAN_POINT('',(-129.1317678474,1.651478694196,
    11.400646284711));
#1549 = CARTESIAN_POINT('',(-129.2459511535,1.640176804057,
    11.35237065694));
#1550 = CARTESIAN_POINT('',(-129.3598997361,1.619784172117,
    11.30525394629));
#1551 = CARTESIAN_POINT('',(-129.4731661335,1.590067592939,
    11.259489190262));
#1552 = CARTESIAN_POINT('',(-129.5852238163,1.550720177446,
    11.215275822324));
#1553 = CARTESIAN_POINT('',(-129.695455518,1.501343317339,
    11.172816372903));
#1554 = CARTESIAN_POINT('',(-129.9134047115,1.379902554884,
    11.090840613378));
#1555 = CARTESIAN_POINT('',(-130.0207192175,1.307468782885,
    11.051525074238));
#1556 = CARTESIAN_POINT('',(-130.1245385391,1.223381020674,
    11.014489697058));
#1557 = CARTESIAN_POINT('',(-130.2237203487,1.126882359258,
    10.980052551914));
#1558 = CARTESIAN_POINT('',(-130.3165696252,1.017355105191,
    10.948665378023));
#1559 = CARTESIAN_POINT('',(-130.4008831498,0.894487273112,
    10.920855055869));
#1560 = CARTESIAN_POINT('',(-130.4740199265,0.758448374982,
    10.897200735402));
#1561 = CARTESIAN_POINT('',(-130.5782416707,0.496580527901,
    10.863952603225));
#1562 = CARTESIAN_POINT('',(-130.6153079647,0.375465760459,
    10.852317127633));
#1563 = CARTESIAN_POINT('',(-130.6423123577,0.248434441598,
    10.843962971501));
#1564 = CARTESIAN_POINT('',(-130.6578926638,0.117435696388,
    10.839188826688));
#1565 = CARTESIAN_POINT('',(-130.6612717612,-1.532674444247E-02,
    10.83814885566));
#1566 = CARTESIAN_POINT('',(-130.6523089312,-0.14744712192,
    10.840882765212));
#1567 = CARTESIAN_POINT('',(-130.6316323776,-0.276380211983,
    10.847276803252));
#1568 = CARTESIAN_POINT('',(-130.5675177859,-0.53328499173,
    10.867376481803));
#1569 = CARTESIAN_POINT('',(-130.5221757063,-0.660601536574,
    10.881695002453));
#1570 = CARTESIAN_POINT('',(-130.4664625989,-0.779757423641,
    10.899498047159));
#1571 = CARTESIAN_POINT('',(-130.4022135466,-0.889902032867,
    10.920378321624));
#1572 = CARTESIAN_POINT('',(-130.331132629,-0.990722915727,
    10.943948460213));
#1573 = CARTESIAN_POINT('',(-130.2546594478,-1.08228126668,
    10.969860435775));
#1574 = CARTESIAN_POINT('',(-130.1739229839,-1.164905944298,
    10.997826806996));
#1575 = CARTESIAN_POINT('',(-129.9573913008,-1.355327230041,
    11.074522411051));
#1576 = CARTESIAN_POINT('',(-129.8168206055,-1.450345699999,
    11.125864202337));
#1577 = CARTESIAN_POINT('',(-129.6706517274,-1.526102753639,
    11.181055071036));
#1578 = CARTESIAN_POINT('',(-129.5208615539,-1.583638688459,
    11.239545848088));
#1579 = CARTESIAN_POINT('',(-129.3690676906,-1.623989070601,
    11.300784275215));
#1580 = CARTESIAN_POINT('',(-129.2164561541,-1.647861102114,
    11.364284831915));
#1581 = CARTESIAN_POINT('',(-129.0638901878,-1.655773511909,
    11.429636042245));
#1582 = CARTESIAN_POINT('',(-128.8312201519,-1.643332219025,
    11.532051653206));
#1583 = CARTESIAN_POINT('',(-128.7507961863,-1.634504109974,
    11.567960731365));
#1584 = CARTESIAN_POINT('',(-128.6707486635,-1.621171079739,
    11.60420067732));
#1585 = CARTESIAN_POINT('',(-128.5912124113,-1.603311541064,
    11.640696106503));
#1586 = CARTESIAN_POINT('',(-128.5123340906,-1.58087913339,
    11.67736195264));
#1587 = CARTESIAN_POINT('',(-128.4342735679,-1.55380262081,
    11.714102529158));
#1588 = CARTESIAN_POINT('',(-128.3572064363,-1.521979643229,
    11.750810050472));
#1589 = CARTESIAN_POINT('',(-128.1841471782,-1.438241754949,
    11.834176726831));
#1590 = CARTESIAN_POINT('',(-128.089068907,-1.383268701853,
    11.880662984068));
#1591 = CARTESIAN_POINT('',(-127.9963414925,-1.32000559977,
    11.926639012821));
#1592 = CARTESIAN_POINT('',(-127.9064663046,-1.248026902704,
    11.971794676506));
#1593 = CARTESIAN_POINT('',(-127.8202003596,-1.166869920045,
    12.015675751214));
#1594 = CARTESIAN_POINT('',(-127.7385356299,-1.07609739534,
    12.057684434212));
#1595 = CARTESIAN_POINT('',(-127.6627095353,-0.975305499707,
    12.097070154806));
#1596 = CARTESIAN_POINT('',(-127.5490489213,-0.790385454583,
    12.156575370175));
#1597 = CARTESIAN_POINT('',(-127.5070665803,-0.712203599022,
    12.178691030452));
#1598 = CARTESIAN_POINT('',(-127.4688855773,-0.629460475739,
    12.198917402232));
#1599 = CARTESIAN_POINT('',(-127.4351434831,-0.542293507761,
    12.216880512985));
#1600 = CARTESIAN_POINT('',(-127.4065284884,-0.451022078741,
    12.232174670549));
#1601 = CARTESIAN_POINT('',(-127.3824567561,-0.350886514406,
    12.245076088893));
#1602 = CARTESIAN_POINT('',(-127.3655433314,-0.247696864084,
    12.254155584569));
#1603 = CARTESIAN_POINT('',(-127.3561776901,-0.14288011515,
    12.259186758953));
#1604 = CARTESIAN_POINT('',(-127.3557029666,-0.137325437658,
    12.259441793255));
#1605 = CARTESIAN_POINT('',(-127.3552495144,-0.131766756,12.259685413893
    ));
#1606 = CARTESIAN_POINT('',(-127.3548173809,-0.126204276276,
    12.259917593203));
#1607 = CARTESIAN_POINT('',(-127.3540014453,-0.115148009402,
    12.260356005125));
#1608 = CARTESIAN_POINT('',(-127.3532699993,-0.104078383042,
    12.260749055179));
#1609 = CARTESIAN_POINT('',(-127.3529276513,-9.857846700055E-02,
    12.260933027631));
#1610 = CARTESIAN_POINT('',(-127.3526062003,-9.307567122757E-02,
    12.261105777691));
#1611 = CARTESIAN_POINT('',(-127.3523056779,-8.757020295139E-02,
    12.261267286834));
#1612 = CARTESIAN_POINT('',(-127.3520261158,-8.206226939995E-02,
    12.261417536537));
#1613 = CARTESIAN_POINT('',(-127.3515180844,-7.123599114267E-02,
    12.261690584527));
#1614 = CARTESIAN_POINT('',(-127.3510912119,-6.040179603604E-02,
    12.261920024301));
#1615 = CARTESIAN_POINT('',(-127.3509011861,-5.508010820225E-02,
    12.262022163954));
#1616 = CARTESIAN_POINT('',(-127.3507307591,-4.97569018034E-02,
    12.262113771408));
#1617 = CARTESIAN_POINT('',(-127.350579946,-4.443237199583E-02,
    12.26219483788));
#1618 = CARTESIAN_POINT('',(-127.3504487617,-3.91067139359E-02,
    12.262265354585));
#1619 = CARTESIAN_POINT('',(-127.3502627707,-3.022474685669E-02,
    12.262365333416));
#1620 = CARTESIAN_POINT('',(-127.350131441,-2.134072795182E-02,
    12.262435929999));
#1621 = CARTESIAN_POINT('',(-127.3500876303,-1.778426192486E-02,
    12.262459480667));
#1622 = CARTESIAN_POINT('',(-127.3500525799,-1.4227587118E-02,
    12.262478322262));
#1623 = CARTESIAN_POINT('',(-127.3500262908,-1.067076352665E-02,
    12.262492454252));
#1624 = CARTESIAN_POINT('',(-127.3500087639,-7.113851146251E-03,
    12.262501876109));
#1625 = CARTESIAN_POINT('',(-127.35,-3.556909972224E-03,12.262506587303)
  );
#1626 = CARTESIAN_POINT('',(-127.35,1.304512053935E-15,12.262506587303)
  );
#1627 = PCURVE('',#1336,#1628);
#1628 = DEFINITIONAL_REPRESENTATION('',(#1629),#1787);
#1629 = B_SPLINE_CURVE_WITH_KNOTS('',3,(#1630,#1631,#1632,#1633,#1634,
    #1635,#1636,#1637,#1638,#1639,#1640,#1641,#1642,#1643,#1644,#1645,
    #1646,#1647,#1648,#1649,#1650,#1651,#1652,#1653,#1654,#1655,#1656,
    #1657,#1658,#1659,#1660,#1661,#1662,#1663,#1664,#1665,#1666,#1667,
    #1668,#1669,#1670,#1671,#1672,#1673,#1674,#1675,#1676,#1677,#1678,
    #1679,#1680,#1681,#1682,#1683,#1684,#1685,#1686,#1687,#1688,#1689,
    #1690,#1691,#1692,#1693,#1694,#1695,#1696,#1697,#1698,#1699,#1700,
    #1701,#1702,#1703,#1704,#1705,#1706,#1707,#1708,#1709,#1710,#1711,
    #1712,#1713,#1714,#1715,#1716,#1717,#1718,#1719,#1720,#1721,#1722,
    #1723,#1724,#1725,#1726,#1727,#1728,#1729,#1730,#1731,#1732,#1733,
    #1734,#1735,#1736,#1737,#1738,#1739,#1740,#1741,#1742,#1743,#1744,
    #1745,#1746,#1747,#1748,#1749,#1750,#1751,#1752,#1753,#1754,#1755,
    #1756,#1757,#1758,#1759,#1760,#1761,#1762,#1763,#1764,#1765,#1766,
    #1767,#1768,#1769,#1770,#1771,#1772,#1773,#1774,#1775,#1776,#1777,
    #1778,#1779,#1780,#1781,#1782,#1783,#1784,#1785,#1786),
  .UNSPECIFIED.,.F.,.F.,(4,1,1,1,1,1,1,1,1,1,1,1,1,1,1,1,1,1,1,1,1,1,1,1
    ,1,1,1,1,1,1,1,1,1,1,1,1,1,1,1,1,1,1,1,1,1,1,1,1,1,1,1,1,1,1,1,1,1,1
    ,1,1,1,1,1,1,1,1,1,1,1,1,1,1,1,1,1,1,1,1,1,1,1,1,1,1,1,1,1,1,1,1,1,1
    ,1,1,1,1,1,1,1,1,1,1,1,1,1,1,1,1,1,1,1,1,1,1,1,1,1,1,1,1,1,1,1,1,1,1
    ,1,1,1,1,1,1,1,1,1,1,1,1,1,1,1,1,1,1,1,1,1,1,1,1,1,1,1,1,4),(0.,
    6.575170260991E-03,1.315034052198E-02,1.972551078297E-02,
    2.630068104396E-02,3.287585130495E-02,3.945102156594E-02,
    4.602619182694E-02,5.260136208793E-02,5.917653234892E-02,
    6.575170260991E-02,7.23268728709E-02,7.890204313189E-02,
    8.547721339288E-02,9.205238365387E-02,9.862755391486E-02,
    0.105202724176,0.111777894437,0.118353064698,0.124928234959,
    0.13150340522,0.138078575481,0.144653745742,0.151228916003,
    0.157804086264,0.164379256525,0.170954426786,0.177529597047,
    0.184104767308,0.190679937569,0.19725510783,0.203830278091,
    0.210405448352,0.216980618613,0.223555788874,0.230130959135,
    0.236706129396,0.243281299657,0.249856469918,0.256431640179,
    0.26300681044,0.269581980701,0.276157150962,0.282732321223,
    0.289307491484,0.295882661745,0.302457832006,0.309033002267,
    0.315608172528,0.322183342789,0.32875851305,0.335333683311,
    0.341908853572,0.348484023833,0.355059194094,0.361634364354,
    0.368209534615,0.374784704876,0.381359875137,0.387935045398,
    0.394510215659,0.40108538592,0.407660556181,0.414235726442,
    0.420810896703,0.427386066964,0.433961237225,0.440536407486,
    0.447111577747,0.453686748008,0.460261918269,0.46683708853,
    0.473412258791,0.479987429052,0.486562599313,0.493137769574,
    0.499712939835,0.506288110096,0.512863280357,0.519438450618,
    0.526013620879,0.53258879114,0.539163961401,0.545739131662,
    0.552314301923,0.558889472184,0.565464642445,0.572039812706,
    0.578614982967,0.585190153228,0.591765323489,0.59834049375,
    0.604915664011,0.611490834272,0.618066004533,0.624641174794,
    0.631216345055,0.637791515316,0.644366685577,0.650941855838,
    0.657517026099,0.66409219636,0.670667366621,0.677242536882,
    0.683817707143,0.690392877404,0.696968047665,0.703543217926,
    0.710118388187,0.716693558448,0.723268728709,0.72984389897,
    0.736419069231,0.742994239492,0.749569409753,0.756144580014,
    0.762719750275,0.769294920536,0.775870090797,0.782445261058,
    0.789020431319,0.79559560158,0.802170771841,0.808745942102,
    0.815321112363,0.821896282624,0.828471452885,0.835046623146,
    0.841621793407,0.848196963668,0.854772133929,0.86134730419,
    0.867922474451,0.874497644712,0.881072814973,0.887647985234,
    0.894223155495,0.900798325756,0.907373496017,0.913948666278,
    0.920523836539,0.9270990068,0.933674177061,0.940249347322,
    0.946824517583,0.953399687844,0.959974858105,0.966550028366,
    0.973125198627,0.979700368888,0.986275539149,0.99285070941,
    0.999425879671,1.006001049932,1.012576220193),
  .QUASI_UNIFORM_KNOTS.);
#1630 = CARTESIAN_POINT('',(8.074349270001E-16,22.262506587303));
#1631 = CARTESIAN_POINT('',(1.691407732646E-02,22.262509576555));
#1632 = CARTESIAN_POINT('',(5.073262128355E-02,22.261742960386));
#1633 = CARTESIAN_POINT('',(0.101280407645,22.258336391791));
#1634 = CARTESIAN_POINT('',(0.151485409362,22.252722046902));
#1635 = CARTESIAN_POINT('',(0.201225322908,22.244991744496));
#1636 = CARTESIAN_POINT('',(0.250397602619,22.235256612427));
#1637 = CARTESIAN_POINT('',(0.298919748049,22.223645688554));
#1638 = CARTESIAN_POINT('',(0.346725111925,22.21029958834));
#1639 = CARTESIAN_POINT('',(0.393761185885,22.195366236569));
#1640 = CARTESIAN_POINT('',(0.439986962874,22.178997249832));
#1641 = CARTESIAN_POINT('',(0.48537520228,22.161343026159));
#1642 = CARTESIAN_POINT('',(0.529899112481,22.142555130117));
#1643 = CARTESIAN_POINT('',(0.573583526183,22.122761107115));
#1644 = CARTESIAN_POINT('',(0.616489812697,22.102062365057));
#1645 = CARTESIAN_POINT('',(0.658661305559,22.080558461936));
#1646 = CARTESIAN_POINT('',(0.700140874962,22.05834056732));
#1647 = CARTESIAN_POINT('',(0.740967503334,22.03549358706));
#1648 = CARTESIAN_POINT('',(0.781178275555,22.012095898678));
#1649 = CARTESIAN_POINT('',(0.820808746478,21.988219668359));
#1650 = CARTESIAN_POINT('',(0.859893606491,21.963930964625));
#1651 = CARTESIAN_POINT('',(0.898467170714,21.939289883855));
#1652 = CARTESIAN_POINT('',(0.936563822201,21.914350658158));
#1653 = CARTESIAN_POINT('',(0.97421849379,21.889161694715));
#1654 = CARTESIAN_POINT('',(1.01146682708,21.86376582597));
#1655 = CARTESIAN_POINT('',(1.048346451703,21.838199750262));
#1656 = CARTESIAN_POINT('',(1.084894029126,21.812496511536));
#1657 = CARTESIAN_POINT('',(1.121158070255,21.786676690218));
#1658 = CARTESIAN_POINT('',(1.15714991191,21.760783914219));
#1659 = CARTESIAN_POINT('',(1.192889488713,21.734853156648));
#1660 = CARTESIAN_POINT('',(1.228407822563,21.708908701719));
#1661 = CARTESIAN_POINT('',(1.263730960315,21.682975994394));
#1662 = CARTESIAN_POINT('',(1.298884680609,21.657078543559));
#1663 = CARTESIAN_POINT('',(1.333893589039,21.631238825114));
#1664 = CARTESIAN_POINT('',(1.368781689484,21.605478099814));
#1665 = CARTESIAN_POINT('',(1.40357249701,21.579816540167));
#1666 = CARTESIAN_POINT('',(1.43828938164,21.554273174292));
#1667 = CARTESIAN_POINT('',(1.472955361041,21.528866220831));
#1668 = CARTESIAN_POINT('',(1.507594822355,21.503612010658));
#1669 = CARTESIAN_POINT('',(1.542228076352,21.478529138272));
#1670 = CARTESIAN_POINT('',(1.576871388508,21.453638453288));
#1671 = CARTESIAN_POINT('',(1.61155167485,21.428952655396));
#1672 = CARTESIAN_POINT('',(1.646292093818,21.404486919654));
#1673 = CARTESIAN_POINT('',(1.681115982868,21.380256153656));
#1674 = CARTESIAN_POINT('',(1.716046048787,21.356275705851));
#1675 = CARTESIAN_POINT('',(1.751104824913,21.332561147413));
#1676 = CARTESIAN_POINT('',(1.786314787352,21.309128301695));
#1677 = CARTESIAN_POINT('',(1.821698563957,21.285993208569));
#1678 = CARTESIAN_POINT('',(1.857279129727,21.263172106194));
#1679 = CARTESIAN_POINT('',(1.893080006272,21.240681418674));
#1680 = CARTESIAN_POINT('',(1.929125532223,21.218537718948));
#1681 = CARTESIAN_POINT('',(1.965440955174,21.196757806994));
#1682 = CARTESIAN_POINT('',(2.002053315918,21.175358379469));
#1683 = CARTESIAN_POINT('',(2.038989534995,21.154357252077));
#1684 = CARTESIAN_POINT('',(2.076285137139,21.133768819168));
#1685 = CARTESIAN_POINT('',(2.113953509405,21.113621057174));
#1686 = CARTESIAN_POINT('',(2.152007606882,21.093942249366));
#1687 = CARTESIAN_POINT('',(2.190496921617,21.074743183156));
#1688 = CARTESIAN_POINT('',(2.229456930645,21.056044496414));
#1689 = CARTESIAN_POINT('',(2.268922928981,21.037868978937));
#1690 = CARTESIAN_POINT('',(2.308926748766,21.020243191443));
#1691 = CARTESIAN_POINT('',(2.3494980268,21.00319661825));
#1692 = CARTESIAN_POINT('',(2.390664221143,20.986761515199));
#1693 = CARTESIAN_POINT('',(2.432450935353,20.970972609547));
#1694 = CARTESIAN_POINT('',(2.474882131462,20.955866882568));
#1695 = CARTESIAN_POINT('',(2.517980357015,20.94148337431));
#1696 = CARTESIAN_POINT('',(2.561766904502,20.927863041085));
#1697 = CARTESIAN_POINT('',(2.606262097748,20.915048623158));
#1698 = CARTESIAN_POINT('',(2.651484995298,20.903084681278));
#1699 = CARTESIAN_POINT('',(2.697455137167,20.892017229181));
#1700 = CARTESIAN_POINT('',(2.744186516531,20.881895114073));
#1701 = CARTESIAN_POINT('',(2.791710399313,20.872765129038));
#1702 = CARTESIAN_POINT('',(2.840052102878,20.864679647545));
#1703 = CARTESIAN_POINT('',(2.889065576845,20.857715903729));
#1704 = CARTESIAN_POINT('',(2.938645521734,20.851931564039));
#1705 = CARTESIAN_POINT('',(2.988680917497,20.847375165452));
#1706 = CARTESIAN_POINT('',(3.039065093047,20.844084170053));
#1707 = CARTESIAN_POINT('',(3.089690548819,20.842086006745));
#1708 = CARTESIAN_POINT('',(3.140447794328,20.841397941789));
#1709 = CARTESIAN_POINT('',(3.191222764937,20.84202681687));
#1710 = CARTESIAN_POINT('',(3.241895082162,20.843968434339));
#1711 = CARTESIAN_POINT('',(3.292333284054,20.847206208613));
#1712 = CARTESIAN_POINT('',(3.342399976022,20.851710604322));
#1713 = CARTESIAN_POINT('',(3.391918677484,20.857433436081));
#1714 = CARTESIAN_POINT('',(3.440785102043,20.86431938805));
#1715 = CARTESIAN_POINT('',(3.488995294682,20.872321915037));
#1716 = CARTESIAN_POINT('',(3.536511760116,20.881388211011));
#1717 = CARTESIAN_POINT('',(3.583318520027,20.891466532625));
#1718 = CARTESIAN_POINT('',(3.629404252604,20.902505004566));
#1719 = CARTESIAN_POINT('',(3.674765261616,20.914452620284));
#1720 = CARTESIAN_POINT('',(3.719403589768,20.927259591429));
#1721 = CARTESIAN_POINT('',(3.763326801109,20.940877834557));
#1722 = CARTESIAN_POINT('',(3.806547595104,20.955261402884));
#1723 = CARTESIAN_POINT('',(3.849083719739,20.970366958821));
#1724 = CARTESIAN_POINT('',(3.890957874282,20.986154211989));
#1725 = CARTESIAN_POINT('',(3.932198182878,21.002586643567));
#1726 = CARTESIAN_POINT('',(3.972837125954,21.01963142424));
#1727 = CARTESIAN_POINT('',(4.012916793124,21.037262691266));
#1728 = CARTESIAN_POINT('',(4.052434138518,21.055435971686));
#1729 = CARTESIAN_POINT('',(4.091439422117,21.074132025625));
#1730 = CARTESIAN_POINT('',(4.129969945226,21.093328792814));
#1731 = CARTESIAN_POINT('',(4.168061703047,21.113005692044));
#1732 = CARTESIAN_POINT('',(4.205747130752,21.133142372461));
#1733 = CARTESIAN_POINT('',(4.243056427553,21.153718982066));
#1734 = CARTESIAN_POINT('',(4.28001780268,21.174716055599));
#1735 = CARTESIAN_POINT('',(4.316657915683,21.196114526081));
#1736 = CARTESIAN_POINT('',(4.353002190963,21.217895721051));
#1737 = CARTESIAN_POINT('',(4.389075109405,21.240041377287));
#1738 = CARTESIAN_POINT('',(4.424900463332,21.262533661942));
#1739 = CARTESIAN_POINT('',(4.460501589251,21.28535520064));
#1740 = CARTESIAN_POINT('',(4.495901583464,21.308489110431));
#1741 = CARTESIAN_POINT('',(4.531123504581,21.331919035328));
#1742 = CARTESIAN_POINT('',(4.566190572833,21.355629187477));
#1743 = CARTESIAN_POINT('',(4.601126349039,21.379604377806));
#1744 = CARTESIAN_POINT('',(4.635954976468,21.40383009333));
#1745 = CARTESIAN_POINT('',(4.670701195516,21.428292406195));
#1746 = CARTESIAN_POINT('',(4.705391237668,21.452978516451));
#1747 = CARTESIAN_POINT('',(4.740050498831,21.477874936958));
#1748 = CARTESIAN_POINT('',(4.774713329906,21.502974488133));
#1749 = CARTESIAN_POINT('',(4.809382802913,21.528246836336));
#1750 = CARTESIAN_POINT('',(4.844078230156,21.553672573561));
#1751 = CARTESIAN_POINT('',(4.878824239058,21.579235478393));
#1752 = CARTESIAN_POINT('',(4.913643777299,21.604917210057));
#1753 = CARTESIAN_POINT('',(4.948560249857,21.63069869641));
#1754 = CARTESIAN_POINT('',(4.983597197988,21.656559714161));
#1755 = CARTESIAN_POINT('',(5.018778684216,21.682478974859));
#1756 = CARTESIAN_POINT('',(5.054129358975,21.708433964173));
#1757 = CARTESIAN_POINT('',(5.089675183603,21.734401230865));
#1758 = CARTESIAN_POINT('',(5.125441975548,21.760355092299));
#1759 = CARTESIAN_POINT('',(5.161462175898,21.786272192722));
#1760 = CARTESIAN_POINT('',(5.197751108329,21.812114202532));
#1761 = CARTESIAN_POINT('',(5.234329905418,21.837844339757));
#1762 = CARTESIAN_POINT('',(5.271242969096,21.863438899721));
#1763 = CARTESIAN_POINT('',(5.308526252835,21.888864179811));
#1764 = CARTESIAN_POINT('',(5.346216184762,21.914082492609));
#1765 = CARTESIAN_POINT('',(5.384347753486,21.939050432552));
#1766 = CARTESIAN_POINT('',(5.422955512043,21.963719226988));
#1767 = CARTESIAN_POINT('',(5.462073820535,21.988034526665));
#1768 = CARTESIAN_POINT('',(5.501737332205,22.01193633641));
#1769 = CARTESIAN_POINT('',(5.541981453641,22.035358879649));
#1770 = CARTESIAN_POINT('',(5.582842949355,22.058230473077));
#1771 = CARTESIAN_POINT('',(5.624360403229,22.080473264361));
#1772 = CARTESIAN_POINT('',(5.666575665178,22.102003296753));
#1773 = CARTESIAN_POINT('',(5.709532226533,22.122729143916));
#1774 = CARTESIAN_POINT('',(5.753285806923,22.142555629582));
#1775 = CARTESIAN_POINT('',(5.797853982109,22.161361057612));
#1776 = CARTESIAN_POINT('',(5.843243182153,22.179013778751));
#1777 = CARTESIAN_POINT('',(5.88945001405,22.195374627119));
#1778 = CARTESIAN_POINT('',(5.936458048979,22.210298568741));
#1779 = CARTESIAN_POINT('',(5.98423759072,22.223638122518));
#1780 = CARTESIAN_POINT('',(6.032743891068,22.235246873823));
#1781 = CARTESIAN_POINT('',(6.081915174519,22.244983856127));
#1782 = CARTESIAN_POINT('',(6.131668655843,22.252718143701));
#1783 = CARTESIAN_POINT('',(6.181899217878,22.258336266734));
#1784 = CARTESIAN_POINT('',(6.232462379578,22.26174341363));
#1785 = CARTESIAN_POINT('',(6.2662780939,22.262509756834));
#1786 = CARTESIAN_POINT('',(6.28318530718,22.262506587303));
#1787 = ( GEOMETRIC_REPRESENTATION_CONTEXT(2) 
PARAMETRIC_REPRESENTATION_CONTEXT() REPRESENTATION_CONTEXT('2D SPACE',''
  ) );
#1788 = PCURVE('',#90,#1789);
#1789 = DEFINITIONAL_REPRESENTATION('',(#1790),#1948);
#1790 = B_SPLINE_CURVE_WITH_KNOTS('',3,(#1791,#1792,#1793,#1794,#1795,
    #1796,#1797,#1798,#1799,#1800,#1801,#1802,#1803,#1804,#1805,#1806,
    #1807,#1808,#1809,#1810,#1811,#1812,#1813,#1814,#1815,#1816,#1817,
    #1818,#1819,#1820,#1821,#1822,#1823,#1824,#1825,#1826,#1827,#1828,
    #1829,#1830,#1831,#1832,#1833,#1834,#1835,#1836,#1837,#1838,#1839,
    #1840,#1841,#1842,#1843,#1844,#1845,#1846,#1847,#1848,#1849,#1850,
    #1851,#1852,#1853,#1854,#1855,#1856,#1857,#1858,#1859,#1860,#1861,
    #1862,#1863,#1864,#1865,#1866,#1867,#1868,#1869,#1870,#1871,#1872,
    #1873,#1874,#1875,#1876,#1877,#1878,#1879,#1880,#1881,#1882,#1883,
    #1884,#1885,#1886,#1887,#1888,#1889,#1890,#1891,#1892,#1893,#1894,
    #1895,#1896,#1897,#1898,#1899,#1900,#1901,#1902,#1903,#1904,#1905,
    #1906,#1907,#1908,#1909,#1910,#1911,#1912,#1913,#1914,#1915,#1916,
    #1917,#1918,#1919,#1920,#1921,#1922,#1923,#1924,#1925,#1926,#1927,
    #1928,#1929,#1930,#1931,#1932,#1933,#1934,#1935,#1936,#1937,#1938,
    #1939,#1940,#1941,#1942,#1943,#1944,#1945,#1946,#1947),
  .UNSPECIFIED.,.T.,.F.,(4,1,1,1,1,1,1,1,1,1,1,1,1,1,1,1,1,1,1,1,1,1,1,1
    ,1,1,1,1,1,1,1,1,1,1,1,1,1,1,1,1,1,1,1,1,1,1,1,1,1,1,1,1,1,1,1,1,1,1
    ,1,1,1,1,1,1,1,1,1,1,1,1,1,1,1,1,1,1,1,1,1,1,1,1,1,1,1,1,1,1,1,1,1,1
    ,1,1,1,1,1,1,1,1,1,1,1,1,1,1,1,1,1,1,1,1,1,1,1,1,1,1,1,1,1,1,1,1,1,1
    ,1,1,1,1,1,1,1,1,1,1,1,1,1,1,1,1,1,1,1,1,1,1,1,1,1,1,1,1,4),(0.,
    6.575170260991E-03,1.315034052198E-02,1.972551078297E-02,
    2.630068104396E-02,3.287585130495E-02,3.945102156594E-02,
    4.602619182694E-02,5.260136208793E-02,5.917653234892E-02,
    6.575170260991E-02,7.23268728709E-02,7.890204313189E-02,
    8.547721339288E-02,9.205238365387E-02,9.862755391486E-02,
    0.105202724176,0.111777894437,0.118353064698,0.124928234959,
    0.13150340522,0.138078575481,0.144653745742,0.151228916003,
    0.157804086264,0.164379256525,0.170954426786,0.177529597047,
    0.184104767308,0.190679937569,0.19725510783,0.203830278091,
    0.210405448352,0.216980618613,0.223555788874,0.230130959135,
    0.236706129396,0.243281299657,0.249856469918,0.256431640179,
    0.26300681044,0.269581980701,0.276157150962,0.282732321223,
    0.289307491484,0.295882661745,0.302457832006,0.309033002267,
    0.315608172528,0.322183342789,0.32875851305,0.335333683311,
    0.341908853572,0.348484023833,0.355059194094,0.361634364354,
    0.368209534615,0.374784704876,0.381359875137,0.387935045398,
    0.394510215659,0.40108538592,0.407660556181,0.414235726442,
    0.420810896703,0.427386066964,0.433961237225,0.440536407486,
    0.447111577747,0.453686748008,0.460261918269,0.46683708853,
    0.473412258791,0.479987429052,0.486562599313,0.493137769574,
    0.499712939835,0.506288110096,0.512863280357,0.519438450618,
    0.526013620879,0.53258879114,0.539163961401,0.545739131662,
    0.552314301923,0.558889472184,0.565464642445,0.572039812706,
    0.578614982967,0.585190153228,0.591765323489,0.59834049375,
    0.604915664011,0.611490834272,0.618066004533,0.624641174794,
    0.631216345055,0.637791515316,0.644366685577,0.650941855838,
    0.657517026099,0.66409219636,0.670667366621,0.677242536882,
    0.683817707143,0.690392877404,0.696968047665,0.703543217926,
    0.710118388187,0.716693558448,0.723268728709,0.72984389897,
    0.736419069231,0.742994239492,0.749569409753,0.756144580014,
    0.762719750275,0.769294920536,0.775870090797,0.782445261058,
    0.789020431319,0.79559560158,0.802170771841,0.808745942102,
    0.815321112363,0.821896282624,0.828471452885,0.835046623146,
    0.841621793407,0.848196963668,0.854772133929,0.86134730419,
    0.867922474451,0.874497644712,0.881072814973,0.887647985234,
    0.894223155495,0.900798325756,0.907373496017,0.913948666278,
    0.920523836539,0.9270990068,0.933674177061,0.940249347322,
    0.946824517583,0.953399687844,0.959974858105,0.966550028366,
    0.973125198627,0.979700368888,0.986275539149,0.99285070941,
    0.999425879671,1.006001049932,1.012576220193),
  .QUASI_UNIFORM_KNOTS.);
#1791 = CARTESIAN_POINT('',(6.28318530718,250.13814020071));
#1792 = CARTESIAN_POINT('',(6.280909360106,250.13813472842));
#1793 = CARTESIAN_POINT('',(6.276358929258,250.13966830047));
#1794 = CARTESIAN_POINT('',(6.269571717953,250.14648975712));
#1795 = CARTESIAN_POINT('',(6.2628588543,250.15774219195));
#1796 = CARTESIAN_POINT('',(6.256249714349,250.17325732627));
#1797 = CARTESIAN_POINT('',(6.249769949892,250.19283218795));
#1798 = CARTESIAN_POINT('',(6.243441218983,250.21623161128));
#1799 = CARTESIAN_POINT('',(6.237281687046,250.24319957666));
#1800 = CARTESIAN_POINT('',(6.231306232271,250.27346670646));
#1801 = CARTESIAN_POINT('',(6.225526811901,250.30675644603));
#1802 = CARTESIAN_POINT('',(6.219952271325,250.3427940829));
#1803 = CARTESIAN_POINT('',(6.214590051048,250.38130103981));
#1804 = CARTESIAN_POINT('',(6.20944021233,250.42204591954));
#1805 = CARTESIAN_POINT('',(6.204497975583,250.46484938466));
#1806 = CARTESIAN_POINT('',(6.199760351891,250.5095343002));
#1807 = CARTESIAN_POINT('',(6.195224079678,250.55593902644));
#1808 = CARTESIAN_POINT('',(6.190886095208,250.60391303417));
#1809 = CARTESIAN_POINT('',(6.186743346405,250.65331744616));
#1810 = CARTESIAN_POINT('',(6.182792802747,250.70402442939));
#1811 = CARTESIAN_POINT('',(6.17903143086,250.75591704253));
#1812 = CARTESIAN_POINT('',(6.175456195128,250.80888909866));
#1813 = CARTESIAN_POINT('',(6.172064067242,250.86284509799));
#1814 = CARTESIAN_POINT('',(6.168852040723,250.9177003478));
#1815 = CARTESIAN_POINT('',(6.165817173603,250.97338063916));
#1816 = CARTESIAN_POINT('',(6.162956561843,251.02982377608));
#1817 = CARTESIAN_POINT('',(6.160267601465,251.08697429375));
#1818 = CARTESIAN_POINT('',(6.157747196379,251.14480361036));
#1819 = CARTESIAN_POINT('',(6.155395116494,251.20323046351));
#1820 = CARTESIAN_POINT('',(6.153210496939,251.26219100512));
#1821 = CARTESIAN_POINT('',(6.151191961597,251.32164431593));
#1822 = CARTESIAN_POINT('',(6.149338683252,251.38154573365));
#1823 = CARTESIAN_POINT('',(6.147650066514,251.44185385591));
#1824 = CARTESIAN_POINT('',(6.146125806224,251.50252852958));
#1825 = CARTESIAN_POINT('',(6.144765851526,251.5635312864));
#1826 = CARTESIAN_POINT('',(6.14357040233,251.62482507713));
#1827 = CARTESIAN_POINT('',(6.14253990119,251.6863744391));
#1828 = CARTESIAN_POINT('',(6.141675042087,251.74814470753));
#1829 = CARTESIAN_POINT('',(6.140976747354,251.81010469663));
#1830 = CARTESIAN_POINT('',(6.140446286583,251.87221653702));
#1831 = CARTESIAN_POINT('',(6.140085148892,251.93443524302));
#1832 = CARTESIAN_POINT('',(6.139894925936,251.9967348034));
#1833 = CARTESIAN_POINT('',(6.13987755662,252.05908192345));
#1834 = CARTESIAN_POINT('',(6.140035244507,252.12144265684));
#1835 = CARTESIAN_POINT('',(6.140370462431,252.18378054217));
#1836 = CARTESIAN_POINT('',(6.140885936795,252.24605701545));
#1837 = CARTESIAN_POINT('',(6.14158464094,252.30823121012));
#1838 = CARTESIAN_POINT('',(6.142469790228,252.37025991386));
#1839 = CARTESIAN_POINT('',(6.143544841692,252.43209748038));
#1840 = CARTESIAN_POINT('',(6.144813496983,252.49369571993));
#1841 = CARTESIAN_POINT('',(6.146279713679,252.55500386081));
#1842 = CARTESIAN_POINT('',(6.147947708879,252.61596817356));
#1843 = CARTESIAN_POINT('',(6.149822017205,252.6765327825));
#1844 = CARTESIAN_POINT('',(6.151907373743,252.73663595673));
#1845 = CARTESIAN_POINT('',(6.154209280602,252.79622316905));
#1846 = CARTESIAN_POINT('',(6.156732054766,252.85519745652));
#1847 = CARTESIAN_POINT('',(6.159479719844,252.91345619441));
#1848 = CARTESIAN_POINT('',(6.162459016795,252.9709448614));
#1849 = CARTESIAN_POINT('',(6.165676013651,253.02757666476));
#1850 = CARTESIAN_POINT('',(6.169136844285,253.08325423032));
#1851 = CARTESIAN_POINT('',(6.172847352771,253.13786422968));
#1852 = CARTESIAN_POINT('',(6.176813030357,253.19127926445));
#1853 = CARTESIAN_POINT('',(6.181038872466,253.24335781987));
#1854 = CARTESIAN_POINT('',(6.185529254857,253.29394475915));
#1855 = CARTESIAN_POINT('',(6.190287801108,253.34287170278));
#1856 = CARTESIAN_POINT('',(6.195317249884,253.38995748742));
#1857 = CARTESIAN_POINT('',(6.200619312658,253.43500862635));
#1858 = CARTESIAN_POINT('',(6.2061945478,253.47781993428));
#1859 = CARTESIAN_POINT('',(6.212042154159,253.51817479032));
#1860 = CARTESIAN_POINT('',(6.218160043876,253.55584702812));
#1861 = CARTESIAN_POINT('',(6.224543850988,253.5905970715));
#1862 = CARTESIAN_POINT('',(6.231189889229,253.62218990149));
#1863 = CARTESIAN_POINT('',(6.238092080099,253.65037059651));
#1864 = CARTESIAN_POINT('',(6.245217201266,253.67479741366));
#1865 = CARTESIAN_POINT('',(6.252534429418,253.69519887401));
#1866 = CARTESIAN_POINT('',(6.260009405168,253.71134188279));
#1867 = CARTESIAN_POINT('',(6.267606071086,253.72304191363));
#1868 = CARTESIAN_POINT('',(6.275286445947,253.73016235377));
#1869 = CARTESIAN_POINT('',(6.283010980086,253.73261720588));
#1870 = CARTESIAN_POINT('',(6.290738748821,253.73037348979));
#1871 = CARTESIAN_POINT('',(6.298427808945,253.72345400292));
#1872 = CARTESIAN_POINT('',(6.306035157153,253.71194169556));
#1873 = CARTESIAN_POINT('',(6.313518203874,253.69598022012));
#1874 = CARTESIAN_POINT('',(6.320830661676,253.67579141519));
#1875 = CARTESIAN_POINT('',(6.327939781191,253.65163098046));
#1876 = CARTESIAN_POINT('',(6.334829897289,253.6237298877));
#1877 = CARTESIAN_POINT('',(6.341482669073,253.59234487248));
#1878 = CARTESIAN_POINT('',(6.347885126098,253.55773013756));
#1879 = CARTESIAN_POINT('',(6.354027045416,253.52013947834));
#1880 = CARTESIAN_POINT('',(6.359901221415,253.47982107219));
#1881 = CARTESIAN_POINT('',(6.36550299198,253.43701494491));
#1882 = CARTESIAN_POINT('',(6.370829992485,253.39195032167));
#1883 = CARTESIAN_POINT('',(6.375881872987,253.34484352144));
#1884 = CARTESIAN_POINT('',(6.380660048092,253.29589605497));
#1885 = CARTESIAN_POINT('',(6.385167446463,253.24529313361));
#1886 = CARTESIAN_POINT('',(6.389408300842,253.19320161083));
#1887 = CARTESIAN_POINT('',(6.393387824754,253.13977057749));
#1888 = CARTESIAN_POINT('',(6.397112325714,253.08512222535));
#1889 = CARTESIAN_POINT('',(6.400584358595,253.02943042719));
#1890 = CARTESIAN_POINT('',(6.403811638664,252.97278555034));
#1891 = CARTESIAN_POINT('',(6.40680049702,252.91528287935));
#1892 = CARTESIAN_POINT('',(6.409557065465,252.85700917907));
#1893 = CARTESIAN_POINT('',(6.412087046393,252.79804683108));
#1894 = CARTESIAN_POINT('',(6.414395842153,252.73847317091));
#1895 = CARTESIAN_POINT('',(6.416488571385,252.67836103594));
#1896 = CARTESIAN_POINT('',(6.41837010165,252.61777892691));
#1897 = CARTESIAN_POINT('',(6.420045066062,252.5567912226));
#1898 = CARTESIAN_POINT('',(6.421517874651,252.49545833974));
#1899 = CARTESIAN_POINT('',(6.422792719338,252.43383687544));
#1900 = CARTESIAN_POINT('',(6.423873574248,252.37197972941));
#1901 = CARTESIAN_POINT('',(6.424764192039,252.30993621178));
#1902 = CARTESIAN_POINT('',(6.425468096903,252.2477521419));
#1903 = CARTESIAN_POINT('',(6.425988574479,252.1854699306));
#1904 = CARTESIAN_POINT('',(6.426328659213,252.12312868527));
#1905 = CARTESIAN_POINT('',(6.426491117519,252.06076419692));
#1906 = CARTESIAN_POINT('',(6.426478432177,251.99840933673));
#1907 = CARTESIAN_POINT('',(6.426292765787,251.93609289117));
#1908 = CARTESIAN_POINT('',(6.425935983287,251.87384418511));
#1909 = CARTESIAN_POINT('',(6.425409430931,251.8116760531));
#1910 = CARTESIAN_POINT('',(6.424714683982,251.74965740855));
#1911 = CARTESIAN_POINT('',(6.423853058957,251.68782808337));
#1912 = CARTESIAN_POINT('',(6.422825476597,251.62621901721));
#1913 = CARTESIAN_POINT('',(6.421632642477,251.56486517175));
#1914 = CARTESIAN_POINT('',(6.420275006663,251.50380211369));
#1915 = CARTESIAN_POINT('',(6.418752776656,251.44306700696));
#1916 = CARTESIAN_POINT('',(6.41706590684,251.38269837664));
#1917 = CARTESIAN_POINT('',(6.415214097621,251.32273645276));
#1918 = CARTESIAN_POINT('',(6.413196748544,251.26322249702));
#1919 = CARTESIAN_POINT('',(6.411013055305,251.20420168933));
#1920 = CARTESIAN_POINT('',(6.408661546852,251.14571286048));
#1921 = CARTESIAN_POINT('',(6.406141688026,251.08782734451));
#1922 = CARTESIAN_POINT('',(6.40345255429,251.03061109426));
#1923 = CARTESIAN_POINT('',(6.400591297115,250.9740997808));
#1924 = CARTESIAN_POINT('',(6.397555357934,250.91835031871));
#1925 = CARTESIAN_POINT('',(6.394341924721,250.86342705355));
#1926 = CARTESIAN_POINT('',(6.390948119769,250.80940538053));
#1927 = CARTESIAN_POINT('',(6.387370984577,250.75637070607));
#1928 = CARTESIAN_POINT('',(6.383607510269,250.7044186965));
#1929 = CARTESIAN_POINT('',(6.379654644306,250.65365524042));
#1930 = CARTESIAN_POINT('',(6.37550929235,250.60419658707));
#1931 = CARTESIAN_POINT('',(6.371168299348,250.5561694957));
#1932 = CARTESIAN_POINT('',(6.366628444715,250.50971170117));
#1933 = CARTESIAN_POINT('',(6.361886317936,250.46497174487));
#1934 = CARTESIAN_POINT('',(6.356938563986,250.42211177015));
#1935 = CARTESIAN_POINT('',(6.351780663934,250.38129993374));
#1936 = CARTESIAN_POINT('',(6.346413021064,250.34275717918));
#1937 = CARTESIAN_POINT('',(6.340838235399,250.30672277755));
#1938 = CARTESIAN_POINT('',(6.335061100494,250.27344969672));
#1939 = CARTESIAN_POINT('',(6.329089183873,250.2432016645));
#1940 = CARTESIAN_POINT('',(6.32293301008,250.21624688849));
#1941 = CARTESIAN_POINT('',(6.316606405588,250.19285179092));
#1942 = CARTESIAN_POINT('',(6.310126832371,250.17327317783));
#1943 = CARTESIAN_POINT('',(6.303515931076,250.15775003451));
#1944 = CARTESIAN_POINT('',(6.296799662493,250.14649000369));
#1945 = CARTESIAN_POINT('',(6.290010382418,250.13966738545));
#1946 = CARTESIAN_POINT('',(6.285460329455,250.13813436428));
#1947 = CARTESIAN_POINT('',(6.28318530718,250.13814020071));
#1948 = ( GEOMETRIC_REPRESENTATION_CONTEXT(2) 
PARAMETRIC_REPRESENTATION_CONTEXT() REPRESENTATION_CONTEXT('2D SPACE',''
  ) );
#1949 = ORIENTED_EDGE('',*,*,#1499,.T.);
#1950 = ORIENTED_EDGE('',*,*,#1272,.F.);
#1951 = ORIENTED_EDGE('',*,*,#1952,.F.);
#1952 = EDGE_CURVE('',#1152,#1245,#1953,.T.);
#1953 = SURFACE_CURVE('',#1954,(#1959,#1986),.PCURVE_S1.);
#1954 = ELLIPSE('',#1955,1.666215494656,1.65);
#1955 = AXIS2_PLACEMENT_3D('',#1956,#1957,#1958);
#1956 = CARTESIAN_POINT('',(-129.,0.,23.94398938433));
#1957 = DIRECTION('',(0.13917310096,0.,0.990268068742));
#1958 = DIRECTION('',(-0.990268068742,0.,0.13917310096));
#1959 = PCURVE('',#1336,#1960);
#1960 = DEFINITIONAL_REPRESENTATION('',(#1961),#1985);
#1961 = B_SPLINE_CURVE_WITH_KNOTS('',8,(#1962,#1963,#1964,#1965,#1966,
    #1967,#1968,#1969,#1970,#1971,#1972,#1973,#1974,#1975,#1976,#1977,
    #1978,#1979,#1980,#1981,#1982,#1983,#1984),.UNSPECIFIED.,.F.,.F.,(9,
    7,7,9),(3.14159265359,4.712388980385,7.068583470577,9.424777960769),
  .UNSPECIFIED.);
#1962 = CARTESIAN_POINT('',(-8.881784197001E-16,33.712097007071));
#1963 = CARTESIAN_POINT('',(0.196349540849,33.712097007071));
#1964 = CARTESIAN_POINT('',(0.392699081699,33.722314534083));
#1965 = CARTESIAN_POINT('',(0.589048622549,33.742748352935));
#1966 = CARTESIAN_POINT('',(0.785398163399,33.772561862621));
#1967 = CARTESIAN_POINT('',(0.981747704248,33.81006781903));
#1968 = CARTESIAN_POINT('',(1.178097245096,33.852925619203));
#1969 = CARTESIAN_POINT('',(1.374446785946,33.898457422529));
#1970 = CARTESIAN_POINT('',(1.865320638069,34.012287327032));
#1971 = CARTESIAN_POINT('',(2.159844949351,34.080585517211));
#1972 = CARTESIAN_POINT('',(2.454369260569,34.139853841222));
#1973 = CARTESIAN_POINT('',(2.748893571924,34.181075297426));
#1974 = CARTESIAN_POINT('',(3.043417883115,34.197694084189));
#1975 = CARTESIAN_POINT('',(3.337942194448,34.188294062466));
#1976 = CARTESIAN_POINT('',(3.632466505713,34.156255995221));
#1977 = CARTESIAN_POINT('',(4.221515128261,34.05966811837));
#1978 = CARTESIAN_POINT('',(4.516039439529,33.995117958754));
#1979 = CARTESIAN_POINT('',(4.810563750798,33.920699912779));
#1980 = CARTESIAN_POINT('',(5.105088062088,33.845785183614));
#1981 = CARTESIAN_POINT('',(5.399612373342,33.781061213796));
#1982 = CARTESIAN_POINT('',(5.694136684628,33.735086528001));
#1983 = CARTESIAN_POINT('',(5.988660995906,33.712097007071));
#1984 = CARTESIAN_POINT('',(6.28318530718,33.712097007071));
#1985 = ( GEOMETRIC_REPRESENTATION_CONTEXT(2) 
PARAMETRIC_REPRESENTATION_CONTEXT() REPRESENTATION_CONTEXT('2D SPACE',''
  ) );
#1986 = PCURVE('',#1168,#1987);
#1987 = DEFINITIONAL_REPRESENTATION('',(#1988),#1992);
#1988 = ELLIPSE('',#1989,1.666215494656,1.65);
#1989 = AXIS2_PLACEMENT_2D('',#1990,#1991);
#1990 = CARTESIAN_POINT('',(1.800989121529,0.));
#1991 = DIRECTION('',(-1.,0.));
#1992 = ( GEOMETRIC_REPRESENTATION_CONTEXT(2) 
PARAMETRIC_REPRESENTATION_CONTEXT() REPRESENTATION_CONTEXT('2D SPACE',''
  ) );
#1993 = ADVANCED_FACE('',(#1994),#1168,.T.);
#1994 = FACE_BOUND('',#1995,.T.);
#1995 = EDGE_LOOP('',(#1996,#1997,#2016,#2017));
#1996 = ORIENTED_EDGE('',*,*,#1149,.F.);
#1997 = ORIENTED_EDGE('',*,*,#1998,.T.);
#1998 = EDGE_CURVE('',#1150,#1218,#1999,.T.);
#1999 = SURFACE_CURVE('',#2000,(#2004,#2010),.PCURVE_S1.);
#2000 = LINE('',#2001,#2002);
#2001 = CARTESIAN_POINT('',(-133.,-5.,24.50615272314));
#2002 = VECTOR('',#2003,1.);
#2003 = DIRECTION('',(0.,-1.,0.));
#2004 = PCURVE('',#1168,#2005);
#2005 = DEFINITIONAL_REPRESENTATION('',(#2006),#2009);
#2006 = B_SPLINE_CURVE_WITH_KNOTS('',1,(#2007,#2008),.UNSPECIFIED.,.F.,
  .F.,(2,2),(-8.,-2.),.PIECEWISE_BEZIER_KNOTS.);
#2007 = CARTESIAN_POINT('',(-2.238321168545,3.));
#2008 = CARTESIAN_POINT('',(-2.238321168545,-3.));
#2009 = ( GEOMETRIC_REPRESENTATION_CONTEXT(2) 
PARAMETRIC_REPRESENTATION_CONTEXT() REPRESENTATION_CONTEXT('2D SPACE',''
  ) );
#2010 = PCURVE('',#215,#2011);
#2011 = DEFINITIONAL_REPRESENTATION('',(#2012),#2015);
#2012 = B_SPLINE_CURVE_WITH_KNOTS('',1,(#2013,#2014),.UNSPECIFIED.,.F.,
  .F.,(2,2),(-8.,-2.),.PIECEWISE_BEZIER_KNOTS.);
#2013 = CARTESIAN_POINT('',(25.50615272314,-13.));
#2014 = CARTESIAN_POINT('',(25.50615272314,-7.));
#2015 = ( GEOMETRIC_REPRESENTATION_CONTEXT(2) 
PARAMETRIC_REPRESENTATION_CONTEXT() REPRESENTATION_CONTEXT('2D SPACE',''
  ) );
#2016 = ORIENTED_EDGE('',*,*,#1244,.F.);
#2017 = ORIENTED_EDGE('',*,*,#1952,.F.);
#2018 = ADVANCED_FACE('',(#2019),#215,.F.);
#2019 = FACE_BOUND('',#2020,.F.);
#2020 = EDGE_LOOP('',(#2021,#2022,#2045,#2073,#2198,#2224,#2250,#2321,
    #2347,#2373,#2435,#2463,#2484,#2485,#2486,#2487));
#2021 = ORIENTED_EDGE('',*,*,#197,.F.);
#2022 = ORIENTED_EDGE('',*,*,#2023,.F.);
#2023 = EDGE_CURVE('',#2024,#198,#2026,.T.);
#2024 = VERTEX_POINT('',#2025);
#2025 = CARTESIAN_POINT('',(-133.,-10.,-1.));
#2026 = SURFACE_CURVE('',#2027,(#2031,#2038),.PCURVE_S1.);
#2027 = LINE('',#2028,#2029);
#2028 = CARTESIAN_POINT('',(-133.,-10.,-1.));
#2029 = VECTOR('',#2030,1.);
#2030 = DIRECTION('',(0.,0.,1.));
#2031 = PCURVE('',#215,#2032);
#2032 = DEFINITIONAL_REPRESENTATION('',(#2033),#2037);
#2033 = LINE('',#2034,#2035);
#2034 = CARTESIAN_POINT('',(0.,0.));
#2035 = VECTOR('',#2036,1.);
#2036 = DIRECTION('',(1.,0.));
#2037 = ( GEOMETRIC_REPRESENTATION_CONTEXT(2) 
PARAMETRIC_REPRESENTATION_CONTEXT() REPRESENTATION_CONTEXT('2D SPACE',''
  ) );
#2038 = PCURVE('',#44,#2039);
#2039 = DEFINITIONAL_REPRESENTATION('',(#2040),#2044);
#2040 = LINE('',#2041,#2042);
#2041 = CARTESIAN_POINT('',(0.,0.));
#2042 = VECTOR('',#2043,1.);
#2043 = DIRECTION('',(1.,0.));
#2044 = ( GEOMETRIC_REPRESENTATION_CONTEXT(2) 
PARAMETRIC_REPRESENTATION_CONTEXT() REPRESENTATION_CONTEXT('2D SPACE',''
  ) );
#2045 = ORIENTED_EDGE('',*,*,#2046,.T.);
#2046 = EDGE_CURVE('',#2024,#2047,#2049,.T.);
#2047 = VERTEX_POINT('',#2048);
#2048 = CARTESIAN_POINT('',(-133.,-9.641605370144,-1.));
#2049 = SURFACE_CURVE('',#2050,(#2054,#2061),.PCURVE_S1.);
#2050 = LINE('',#2051,#2052);
#2051 = CARTESIAN_POINT('',(-133.,-10.,-1.));
#2052 = VECTOR('',#2053,1.);
#2053 = DIRECTION('',(-0.,1.,0.));
#2054 = PCURVE('',#215,#2055);
#2055 = DEFINITIONAL_REPRESENTATION('',(#2056),#2060);
#2056 = LINE('',#2057,#2058);
#2057 = CARTESIAN_POINT('',(0.,0.));
#2058 = VECTOR('',#2059,1.);
#2059 = DIRECTION('',(0.,-1.));
#2060 = ( GEOMETRIC_REPRESENTATION_CONTEXT(2) 
PARAMETRIC_REPRESENTATION_CONTEXT() REPRESENTATION_CONTEXT('2D SPACE',''
  ) );
#2061 = PCURVE('',#2062,#2067);
#2062 = PLANE('',#2063);
#2063 = AXIS2_PLACEMENT_3D('',#2064,#2065,#2066);
#2064 = CARTESIAN_POINT('',(-133.,-10.,-1.));
#2065 = DIRECTION('',(0.,0.,1.));
#2066 = DIRECTION('',(1.,0.,-0.));
#2067 = DEFINITIONAL_REPRESENTATION('',(#2068),#2072);
#2068 = LINE('',#2069,#2070);
#2069 = CARTESIAN_POINT('',(0.,0.));
#2070 = VECTOR('',#2071,1.);
#2071 = DIRECTION('',(0.,1.));
#2072 = ( GEOMETRIC_REPRESENTATION_CONTEXT(2) 
PARAMETRIC_REPRESENTATION_CONTEXT() REPRESENTATION_CONTEXT('2D SPACE',''
  ) );
#2073 = ORIENTED_EDGE('',*,*,#2074,.T.);
#2074 = EDGE_CURVE('',#2047,#2075,#2077,.T.);
#2075 = VERTEX_POINT('',#2076);
#2076 = CARTESIAN_POINT('',(-133.,-2.5,9.365391295274));
#2077 = SURFACE_CURVE('',#2078,(#2116,#2157),.PCURVE_S1.);
#2078 = B_SPLINE_CURVE_WITH_KNOTS('',6,(#2079,#2080,#2081,#2082,#2083,
    #2084,#2085,#2086,#2087,#2088,#2089,#2090,#2091,#2092,#2093,#2094,
    #2095,#2096,#2097,#2098,#2099,#2100,#2101,#2102,#2103,#2104,#2105,
    #2106,#2107,#2108,#2109,#2110,#2111,#2112,#2113,#2114,#2115),
  .UNSPECIFIED.,.F.,.F.,(7,5,5,5,5,5,5,7),(0.,0.106772547577,
    0.215615772845,0.324458998112,0.433302223379,0.542145448646,
    0.624716213183,1.),.UNSPECIFIED.);
#2079 = CARTESIAN_POINT('',(-133.,-9.641605370144,-1.));
#2080 = CARTESIAN_POINT('',(-133.,-9.67139632113,-0.712767406992));
#2081 = CARTESIAN_POINT('',(-133.,-9.690919001177,-0.424468989533));
#2082 = CARTESIAN_POINT('',(-133.,-9.700125707675,-0.135565280186));
#2083 = CARTESIAN_POINT('',(-133.,-9.698996242782,0.153482851908));
#2084 = CARTESIAN_POINT('',(-133.,-9.687537913427,0.442214201034));
#2085 = CARTESIAN_POINT('',(-133.,-9.643611297571,1.023704623367));
#2086 = CARTESIAN_POINT('',(-133.,-9.610739744467,1.316434742276));
#2087 = CARTESIAN_POINT('',(-133.,-9.567207883578,1.607868543837));
#2088 = CARTESIAN_POINT('',(-133.,-9.513082016731,1.897521912784));
#2089 = CARTESIAN_POINT('',(-133.,-9.448457736002,2.184915656384));
#2090 = CARTESIAN_POINT('',(-133.,-9.298462111429,2.754235352481));
#2091 = CARTESIAN_POINT('',(-133.,-9.213090355415,3.036162869398));
#2092 = CARTESIAN_POINT('',(-133.,-9.117469671,3.314883820022));
#2093 = CARTESIAN_POINT('',(-133.,-9.011752986876,3.58993411779));
#2094 = CARTESIAN_POINT('',(-133.,-8.896121145096,3.860859824741));
#2095 = CARTESIAN_POINT('',(-133.,-8.64544465706,4.393574478286));
#2096 = CARTESIAN_POINT('',(-133.,-8.510399321975,4.655364888713));
#2097 = CARTESIAN_POINT('',(-133.,-8.365855775693,4.912144651998));
#2098 = CARTESIAN_POINT('',(-133.,-8.21204851036,5.163485075996));
#2099 = CARTESIAN_POINT('',(-133.,-8.049237630403,5.408972507218));
#2100 = CARTESIAN_POINT('',(-133.,-7.706180074648,5.887444154439));
#2101 = CARTESIAN_POINT('',(-133.,-7.52593245617,6.120429685219));
#2102 = CARTESIAN_POINT('',(-133.,-7.337251825576,6.34676638848));
#2103 = CARTESIAN_POINT('',(-133.,-7.14044647453,6.566075160316));
#2104 = CARTESIAN_POINT('',(-133.,-6.935847157879,6.777996327608));
#2105 = CARTESIAN_POINT('',(-133.,-6.562949032226,7.137095004223));
#2106 = CARTESIAN_POINT('',(-133.,-6.397808304708,7.287553412921));
#2107 = CARTESIAN_POINT('',(-133.,-6.228538918238,7.433416584354));
#2108 = CARTESIAN_POINT('',(-133.,-6.055301196113,7.574543766744));
#2109 = CARTESIAN_POINT('',(-133.,-5.878261777787,7.710801746298));
#2110 = CARTESIAN_POINT('',(-133.,-4.87645757618,8.4386551035));
#2111 = CARTESIAN_POINT('',(-133.,-3.980052009871,8.932290311093));
#2112 = CARTESIAN_POINT('',(-133.,-3.025183050856,9.31055607256));
#2113 = CARTESIAN_POINT('',(-133.,-2.030338799575,9.565790535124));
#2114 = CARTESIAN_POINT('',(-133.,-1.014979967543,9.693325235109));
#2115 = CARTESIAN_POINT('',(-133.,0.,9.693325235109));
#2116 = PCURVE('',#215,#2117);
#2117 = DEFINITIONAL_REPRESENTATION('',(#2118),#2156);
#2118 = B_SPLINE_CURVE_WITH_KNOTS('',6,(#2119,#2120,#2121,#2122,#2123,
    #2124,#2125,#2126,#2127,#2128,#2129,#2130,#2131,#2132,#2133,#2134,
    #2135,#2136,#2137,#2138,#2139,#2140,#2141,#2142,#2143,#2144,#2145,
    #2146,#2147,#2148,#2149,#2150,#2151,#2152,#2153,#2154,#2155),
  .UNSPECIFIED.,.F.,.F.,(7,5,5,5,5,5,5,7),(0.,0.106772547577,
    0.215615772845,0.324458998112,0.433302223379,0.542145448646,
    0.624716213183,1.),.UNSPECIFIED.);
#2119 = CARTESIAN_POINT('',(0.,-0.358394629856));
#2120 = CARTESIAN_POINT('',(0.287232593008,-0.32860367887));
#2121 = CARTESIAN_POINT('',(0.575531010467,-0.309080998823));
#2122 = CARTESIAN_POINT('',(0.864434719814,-0.299874292325));
#2123 = CARTESIAN_POINT('',(1.153482851908,-0.301003757218));
#2124 = CARTESIAN_POINT('',(1.442214201034,-0.312462086573));
#2125 = CARTESIAN_POINT('',(2.023704623367,-0.356388702429));
#2126 = CARTESIAN_POINT('',(2.316434742276,-0.389260255533));
#2127 = CARTESIAN_POINT('',(2.607868543837,-0.432792116422));
#2128 = CARTESIAN_POINT('',(2.897521912784,-0.486917983269));
#2129 = CARTESIAN_POINT('',(3.184915656384,-0.551542263998));
#2130 = CARTESIAN_POINT('',(3.754235352481,-0.701537888571));
#2131 = CARTESIAN_POINT('',(4.036162869398,-0.786909644585));
#2132 = CARTESIAN_POINT('',(4.314883820022,-0.882530329));
#2133 = CARTESIAN_POINT('',(4.58993411779,-0.988247013124));
#2134 = CARTESIAN_POINT('',(4.860859824741,-1.103878854904));
#2135 = CARTESIAN_POINT('',(5.393574478286,-1.35455534294));
#2136 = CARTESIAN_POINT('',(5.655364888713,-1.489600678025));
#2137 = CARTESIAN_POINT('',(5.912144651998,-1.634144224307));
#2138 = CARTESIAN_POINT('',(6.163485075996,-1.78795148964));
#2139 = CARTESIAN_POINT('',(6.408972507218,-1.950762369597));
#2140 = CARTESIAN_POINT('',(6.887444154439,-2.293819925352));
#2141 = CARTESIAN_POINT('',(7.120429685219,-2.47406754383));
#2142 = CARTESIAN_POINT('',(7.34676638848,-2.662748174424));
#2143 = CARTESIAN_POINT('',(7.566075160316,-2.85955352547));
#2144 = CARTESIAN_POINT('',(7.777996327608,-3.064152842121));
#2145 = CARTESIAN_POINT('',(8.137095004223,-3.437050967774));
#2146 = CARTESIAN_POINT('',(8.287553412921,-3.602191695292));
#2147 = CARTESIAN_POINT('',(8.433416584354,-3.771461081762));
#2148 = CARTESIAN_POINT('',(8.574543766744,-3.944698803887));
#2149 = CARTESIAN_POINT('',(8.710801746298,-4.121738222213));
#2150 = CARTESIAN_POINT('',(9.4386551035,-5.12354242382));
#2151 = CARTESIAN_POINT('',(9.932290311093,-6.019947990129));
#2152 = CARTESIAN_POINT('',(10.31055607256,-6.974816949144));
#2153 = CARTESIAN_POINT('',(10.565790535124,-7.969661200425));
#2154 = CARTESIAN_POINT('',(10.693325235109,-8.985020032457));
#2155 = CARTESIAN_POINT('',(10.693325235109,-10.));
#2156 = ( GEOMETRIC_REPRESENTATION_CONTEXT(2) 
PARAMETRIC_REPRESENTATION_CONTEXT() REPRESENTATION_CONTEXT('2D SPACE',''
  ) );
#2157 = PCURVE('',#90,#2158);
#2158 = DEFINITIONAL_REPRESENTATION('',(#2159),#2197);
#2159 = B_SPLINE_CURVE_WITH_KNOTS('',6,(#2160,#2161,#2162,#2163,#2164,
    #2165,#2166,#2167,#2168,#2169,#2170,#2171,#2172,#2173,#2174,#2175,
    #2176,#2177,#2178,#2179,#2180,#2181,#2182,#2183,#2184,#2185,#2186,
    #2187,#2188,#2189,#2190,#2191,#2192,#2193,#2194,#2195,#2196),
  .UNSPECIFIED.,.F.,.F.,(7,5,5,5,5,5,5,7),(0.,0.106772547577,
    0.215615772845,0.324458998112,0.433302223379,0.542145448646,
    0.624716213183,0.84419484405),.UNSPECIFIED.);
#2160 = CARTESIAN_POINT('',(7.957329279807,256.35665017714));
#2161 = CARTESIAN_POINT('',(7.927538328821,256.35665017714));
#2162 = CARTESIAN_POINT('',(7.897747343499,256.35665017714));
#2163 = CARTESIAN_POINT('',(7.867956345135,256.35665017714));
#2164 = CARTESIAN_POINT('',(7.838165350059,256.35665017714));
#2165 = CARTESIAN_POINT('',(7.80837436964,256.35665017714));
#2166 = CARTESIAN_POINT('',(7.74821470435,256.35665017714));
#2167 = CARTESIAN_POINT('',(7.717845970756,256.35665017714));
#2168 = CARTESIAN_POINT('',(7.687477223334,256.35665017714));
#2169 = CARTESIAN_POINT('',(7.657108475913,256.35665017714));
#2170 = CARTESIAN_POINT('',(7.626739742319,256.35665017714));
#2171 = CARTESIAN_POINT('',(7.566002330442,256.35665017714));
#2172 = CARTESIAN_POINT('',(7.535633596848,256.35665017714));
#2173 = CARTESIAN_POINT('',(7.505264849426,256.35665017714));
#2174 = CARTESIAN_POINT('',(7.474896102004,256.35665017714));
#2175 = CARTESIAN_POINT('',(7.44452736841,256.35665017714));
#2176 = CARTESIAN_POINT('',(7.383789956534,256.35665017714));
#2177 = CARTESIAN_POINT('',(7.35342122294,256.35665017714));
#2178 = CARTESIAN_POINT('',(7.323052475518,256.35665017714));
#2179 = CARTESIAN_POINT('',(7.292683728096,256.35665017714));
#2180 = CARTESIAN_POINT('',(7.262314994502,256.35665017714));
#2181 = CARTESIAN_POINT('',(7.201577582625,256.35665017714));
#2182 = CARTESIAN_POINT('',(7.171208849031,256.35665017714));
#2183 = CARTESIAN_POINT('',(7.14084010161,256.35665017714));
#2184 = CARTESIAN_POINT('',(7.110471354188,256.35665017714));
#2185 = CARTESIAN_POINT('',(7.080102620594,256.35665017714));
#2186 = CARTESIAN_POINT('',(7.026695574316,256.35665017714));
#2187 = CARTESIAN_POINT('',(7.003657227032,256.35665017714));
#2188 = CARTESIAN_POINT('',(6.980618876277,256.35665017714));
#2189 = CARTESIAN_POINT('',(6.957580525521,256.35665017714));
#2190 = CARTESIAN_POINT('',(6.934542178237,256.35665017714));
#2191 = CARTESIAN_POINT('',(6.850266383897,256.35665017714));
#2192 = CARTESIAN_POINT('',(6.789015869245,256.35665017714));
#2193 = CARTESIAN_POINT('',(6.727768852335,256.35665017714));
#2194 = CARTESIAN_POINT('',(6.666526990888,256.35665017714));
#2195 = CARTESIAN_POINT('',(6.605285756365,256.35665017714));
#2196 = CARTESIAN_POINT('',(6.544043148392,256.35665017714));
#2197 = ( GEOMETRIC_REPRESENTATION_CONTEXT(2) 
PARAMETRIC_REPRESENTATION_CONTEXT() REPRESENTATION_CONTEXT('2D SPACE',''
  ) );
#2198 = ORIENTED_EDGE('',*,*,#2199,.F.);
#2199 = EDGE_CURVE('',#2200,#2075,#2202,.T.);
#2200 = VERTEX_POINT('',#2201);
#2201 = CARTESIAN_POINT('',(-133.,-2.5,9.666666666667));
#2202 = SURFACE_CURVE('',#2203,(#2207,#2213),.PCURVE_S1.);
#2203 = LINE('',#2204,#2205);
#2204 = CARTESIAN_POINT('',(-133.,-2.5,11.546546719574));
#2205 = VECTOR('',#2206,1.);
#2206 = DIRECTION('',(0.,0.,-1.));
#2207 = PCURVE('',#215,#2208);
#2208 = DEFINITIONAL_REPRESENTATION('',(#2209),#2212);
#2209 = B_SPLINE_CURVE_WITH_KNOTS('',1,(#2210,#2211),.UNSPECIFIED.,.F.,
  .F.,(2,2),(-13.45345328042,11.546546719574),.PIECEWISE_BEZIER_KNOTS.);
#2210 = CARTESIAN_POINT('',(26.,-7.5));
#2211 = CARTESIAN_POINT('',(1.,-7.5));
#2212 = ( GEOMETRIC_REPRESENTATION_CONTEXT(2) 
PARAMETRIC_REPRESENTATION_CONTEXT() REPRESENTATION_CONTEXT('2D SPACE',''
  ) );
#2213 = PCURVE('',#2214,#2219);
#2214 = PLANE('',#2215);
#2215 = AXIS2_PLACEMENT_3D('',#2216,#2217,#2218);
#2216 = CARTESIAN_POINT('',(-121.7395180869,-2.5,24.093093439148));
#2217 = DIRECTION('',(0.,1.,-0.));
#2218 = DIRECTION('',(-1.,0.,0.));
#2219 = DEFINITIONAL_REPRESENTATION('',(#2220),#2223);
#2220 = B_SPLINE_CURVE_WITH_KNOTS('',1,(#2221,#2222),.UNSPECIFIED.,.F.,
  .F.,(2,2),(-13.45345328042,11.546546719574),.PIECEWISE_BEZIER_KNOTS.);
#2221 = CARTESIAN_POINT('',(11.260481913065,0.906906560852));
#2222 = CARTESIAN_POINT('',(11.260481913065,-24.09309343914));
#2223 = ( GEOMETRIC_REPRESENTATION_CONTEXT(2) 
PARAMETRIC_REPRESENTATION_CONTEXT() REPRESENTATION_CONTEXT('2D SPACE',''
  ) );
#2224 = ORIENTED_EDGE('',*,*,#2225,.T.);
#2225 = EDGE_CURVE('',#2200,#2226,#2228,.T.);
#2226 = VERTEX_POINT('',#2227);
#2227 = CARTESIAN_POINT('',(-133.,-0.71840773183,9.666666666667));
#2228 = SURFACE_CURVE('',#2229,(#2233,#2239),.PCURVE_S1.);
#2229 = LINE('',#2230,#2231);
#2230 = CARTESIAN_POINT('',(-133.,-5.,9.666666666667));
#2231 = VECTOR('',#2232,1.);
#2232 = DIRECTION('',(-0.,1.,-0.));
#2233 = PCURVE('',#215,#2234);
#2234 = DEFINITIONAL_REPRESENTATION('',(#2235),#2238);
#2235 = B_SPLINE_CURVE_WITH_KNOTS('',1,(#2236,#2237),.UNSPECIFIED.,.F.,
  .F.,(2,2),(2.5,7.5),.PIECEWISE_BEZIER_KNOTS.);
#2236 = CARTESIAN_POINT('',(10.666666666667,-7.5));
#2237 = CARTESIAN_POINT('',(10.666666666667,-12.5));
#2238 = ( GEOMETRIC_REPRESENTATION_CONTEXT(2) 
PARAMETRIC_REPRESENTATION_CONTEXT() REPRESENTATION_CONTEXT('2D SPACE',''
  ) );
#2239 = PCURVE('',#2240,#2245);
#2240 = PLANE('',#2241);
#2241 = AXIS2_PLACEMENT_3D('',#2242,#2243,#2244);
#2242 = CARTESIAN_POINT('',(-134.,0.,0.));
#2243 = DIRECTION('',(-0.994691793827,0.,0.102899151086));
#2244 = DIRECTION('',(0.102899151086,0.,0.994691793827));
#2245 = DEFINITIONAL_REPRESENTATION('',(#2246),#2249);
#2246 = B_SPLINE_CURVE_WITH_KNOTS('',1,(#2247,#2248),.UNSPECIFIED.,.F.,
  .F.,(2,2),(2.5,7.5),.PIECEWISE_BEZIER_KNOTS.);
#2247 = CARTESIAN_POINT('',(9.718253158075,-2.5));
#2248 = CARTESIAN_POINT('',(9.718253158075,2.5));
#2249 = ( GEOMETRIC_REPRESENTATION_CONTEXT(2) 
PARAMETRIC_REPRESENTATION_CONTEXT() REPRESENTATION_CONTEXT('2D SPACE',''
  ) );
#2250 = ORIENTED_EDGE('',*,*,#2251,.T.);
#2251 = EDGE_CURVE('',#2226,#2252,#2254,.T.);
#2252 = VERTEX_POINT('',#2253);
#2253 = CARTESIAN_POINT('',(-133.,0.71840773183,9.666666666667));
#2254 = SURFACE_CURVE('',#2255,(#2272,#2292),.PCURVE_S1.);
#2255 = B_SPLINE_CURVE_WITH_KNOTS('',8,(#2256,#2257,#2258,#2259,#2260,
    #2261,#2262,#2263,#2264,#2265,#2266,#2267,#2268,#2269,#2270,#2271),
  .UNSPECIFIED.,.F.,.F.,(9,7,9),(0.955691474426,1.,1.044303345801),
  .UNSPECIFIED.);
#2256 = CARTESIAN_POINT('',(-133.,-0.718407728274,9.66666661883));
#2257 = CARTESIAN_POINT('',(-133.,-0.628767257824,9.673328520042));
#2258 = CARTESIAN_POINT('',(-133.,-0.539056804443,9.679040378988));
#2259 = CARTESIAN_POINT('',(-133.,-0.449288361041,9.683801328119));
#2260 = CARTESIAN_POINT('',(-133.,-0.359473976342,9.687610685145));
#2261 = CARTESIAN_POINT('',(-133.,-0.269625755674,9.690467956517));
#2262 = CARTESIAN_POINT('',(-133.,-0.179755861876,9.692372841252));
#2263 = CARTESIAN_POINT('',(-133.,-8.987651631036E-02,9.693325235109));
#2264 = CARTESIAN_POINT('',(-133.,8.986600952893E-02,9.693325235109));
#2265 = CARTESIAN_POINT('',(-133.,0.179738604218,9.692373072764));
#2266 = CARTESIAN_POINT('',(-133.,0.269605093633,9.690468505655));
#2267 = CARTESIAN_POINT('',(-133.,0.359452874059,9.687611519559));
#2268 = CARTESIAN_POINT('',(-133.,0.449269425936,9.683802320433));
#2269 = CARTESIAN_POINT('',(-133.,0.539042311599,9.679041327218));
#2270 = CARTESIAN_POINT('',(-133.,0.628759173292,9.67332916538));
#2271 = CARTESIAN_POINT('',(-133.,0.718407731417,9.666666661111));
#2272 = PCURVE('',#215,#2273);
#2273 = DEFINITIONAL_REPRESENTATION('',(#2274),#2291);
#2274 = B_SPLINE_CURVE_WITH_KNOTS('',8,(#2275,#2276,#2277,#2278,#2279,
    #2280,#2281,#2282,#2283,#2284,#2285,#2286,#2287,#2288,#2289,#2290),
  .UNSPECIFIED.,.F.,.F.,(9,7,9),(0.955691474426,1.,1.044303345801),
  .UNSPECIFIED.);
#2275 = CARTESIAN_POINT('',(10.66666661883,-9.281592271726));
#2276 = CARTESIAN_POINT('',(10.673328520042,-9.371232742176));
#2277 = CARTESIAN_POINT('',(10.679040378988,-9.460943195557));
#2278 = CARTESIAN_POINT('',(10.683801328119,-9.550711638959));
#2279 = CARTESIAN_POINT('',(10.687610685145,-9.640526023658));
#2280 = CARTESIAN_POINT('',(10.690467956517,-9.730374244326));
#2281 = CARTESIAN_POINT('',(10.692372841252,-9.820244138124));
#2282 = CARTESIAN_POINT('',(10.693325235109,-9.91012348369));
#2283 = CARTESIAN_POINT('',(10.693325235109,-10.08986600952));
#2284 = CARTESIAN_POINT('',(10.692373072764,-10.17973860421));
#2285 = CARTESIAN_POINT('',(10.690468505655,-10.26960509363));
#2286 = CARTESIAN_POINT('',(10.687611519559,-10.35945287405));
#2287 = CARTESIAN_POINT('',(10.683802320433,-10.44926942593));
#2288 = CARTESIAN_POINT('',(10.679041327218,-10.53904231159));
#2289 = CARTESIAN_POINT('',(10.67332916538,-10.62875917329));
#2290 = CARTESIAN_POINT('',(10.666666661111,-10.71840773141));
#2291 = ( GEOMETRIC_REPRESENTATION_CONTEXT(2) 
PARAMETRIC_REPRESENTATION_CONTEXT() REPRESENTATION_CONTEXT('2D SPACE',''
  ) );
#2292 = PCURVE('',#90,#2293);
#2293 = DEFINITIONAL_REPRESENTATION('',(#2294),#2320);
#2294 = B_SPLINE_CURVE_WITH_KNOTS('',3,(#2295,#2296,#2297,#2298,#2299,
    #2300,#2301,#2302,#2303,#2304,#2305,#2306,#2307,#2308,#2309,#2310,
    #2311,#2312,#2313,#2314,#2315,#2316,#2317,#2318,#2319),
  .UNSPECIFIED.,.F.,.F.,(4,1,1,1,1,1,1,1,1,1,1,1,1,1,1,1,1,1,1,1,1,1,4),
  (0.955691474426,0.959719286761,0.963747099096,0.967774911432,
    0.971802723767,0.975830536102,0.979858348437,0.983886160772,
    0.987913973108,0.991941785443,0.995969597778,0.999997410113,
    1.004025222448,1.008053034784,1.012080847119,1.016108659454,
    1.020136471789,1.024164284125,1.02819209646,1.032219908795,
    1.03624772113,1.040275533465,1.044303345801),.QUASI_UNIFORM_KNOTS.);
#2295 = CARTESIAN_POINT('',(6.357366976287,256.3566501993));
#2296 = CARTESIAN_POINT('',(6.355119070849,256.35665019963));
#2297 = CARTESIAN_POINT('',(6.350623269682,256.35665020005));
#2298 = CARTESIAN_POINT('',(6.343879604297,256.35665019988));
#2299 = CARTESIAN_POINT('',(6.337135982306,256.35665019888));
#2300 = CARTESIAN_POINT('',(6.330392411469,256.35665019707));
#2301 = CARTESIAN_POINT('',(6.323648900092,256.35665019451));
#2302 = CARTESIAN_POINT('',(6.316905456946,256.35665019132));
#2303 = CARTESIAN_POINT('',(6.310162091901,256.35665018772));
#2304 = CARTESIAN_POINT('',(6.303418813594,256.35665018399));
#2305 = CARTESIAN_POINT('',(6.296675638244,256.35665018056));
#2306 = CARTESIAN_POINT('',(6.289932556861,256.35665017787));
#2307 = CARTESIAN_POINT('',(6.283189657721,256.35665017691));
#2308 = CARTESIAN_POINT('',(6.276446669395,256.35665017733));
#2309 = CARTESIAN_POINT('',(6.269703329787,256.35665017774));
#2310 = CARTESIAN_POINT('',(6.262959737749,256.35665017832));
#2311 = CARTESIAN_POINT('',(6.256215894088,256.35665017889));
#2312 = CARTESIAN_POINT('',(6.249471824593,256.35665017941));
#2313 = CARTESIAN_POINT('',(6.242727547111,256.35665017981));
#2314 = CARTESIAN_POINT('',(6.235983080409,256.35665018007));
#2315 = CARTESIAN_POINT('',(6.229238441841,256.35665018019));
#2316 = CARTESIAN_POINT('',(6.22249364799,256.35665018017));
#2317 = CARTESIAN_POINT('',(6.215748714624,256.35665018001));
#2318 = CARTESIAN_POINT('',(6.211252009135,256.35665017982));
#2319 = CARTESIAN_POINT('',(6.209003638073,256.35665017972));
#2320 = ( GEOMETRIC_REPRESENTATION_CONTEXT(2) 
PARAMETRIC_REPRESENTATION_CONTEXT() REPRESENTATION_CONTEXT('2D SPACE',''
  ) );
#2321 = ORIENTED_EDGE('',*,*,#2322,.T.);
#2322 = EDGE_CURVE('',#2252,#2323,#2325,.T.);
#2323 = VERTEX_POINT('',#2324);
#2324 = CARTESIAN_POINT('',(-133.,2.5,9.666666666667));
#2325 = SURFACE_CURVE('',#2326,(#2330,#2336),.PCURVE_S1.);
#2326 = LINE('',#2327,#2328);
#2327 = CARTESIAN_POINT('',(-133.,-5.,9.666666666667));
#2328 = VECTOR('',#2329,1.);
#2329 = DIRECTION('',(-0.,1.,-0.));
#2330 = PCURVE('',#215,#2331);
#2331 = DEFINITIONAL_REPRESENTATION('',(#2332),#2335);
#2332 = B_SPLINE_CURVE_WITH_KNOTS('',1,(#2333,#2334),.UNSPECIFIED.,.F.,
  .F.,(2,2),(2.5,7.5),.PIECEWISE_BEZIER_KNOTS.);
#2333 = CARTESIAN_POINT('',(10.666666666667,-7.5));
#2334 = CARTESIAN_POINT('',(10.666666666667,-12.5));
#2335 = ( GEOMETRIC_REPRESENTATION_CONTEXT(2) 
PARAMETRIC_REPRESENTATION_CONTEXT() REPRESENTATION_CONTEXT('2D SPACE',''
  ) );
#2336 = PCURVE('',#2337,#2342);
#2337 = PLANE('',#2338);
#2338 = AXIS2_PLACEMENT_3D('',#2339,#2340,#2341);
#2339 = CARTESIAN_POINT('',(-134.,0.,0.));
#2340 = DIRECTION('',(-0.994691793827,0.,0.102899151086));
#2341 = DIRECTION('',(0.102899151086,0.,0.994691793827));
#2342 = DEFINITIONAL_REPRESENTATION('',(#2343),#2346);
#2343 = B_SPLINE_CURVE_WITH_KNOTS('',1,(#2344,#2345),.UNSPECIFIED.,.F.,
  .F.,(2,2),(2.5,7.5),.PIECEWISE_BEZIER_KNOTS.);
#2344 = CARTESIAN_POINT('',(9.718253158075,-2.5));
#2345 = CARTESIAN_POINT('',(9.718253158075,2.5));
#2346 = ( GEOMETRIC_REPRESENTATION_CONTEXT(2) 
PARAMETRIC_REPRESENTATION_CONTEXT() REPRESENTATION_CONTEXT('2D SPACE',''
  ) );
#2347 = ORIENTED_EDGE('',*,*,#2348,.T.);
#2348 = EDGE_CURVE('',#2323,#2349,#2351,.T.);
#2349 = VERTEX_POINT('',#2350);
#2350 = CARTESIAN_POINT('',(-133.,2.5,9.365391295274));
#2351 = SURFACE_CURVE('',#2352,(#2356,#2362),.PCURVE_S1.);
#2352 = LINE('',#2353,#2354);
#2353 = CARTESIAN_POINT('',(-133.,2.5,11.546546719574));
#2354 = VECTOR('',#2355,1.);
#2355 = DIRECTION('',(0.,0.,-1.));
#2356 = PCURVE('',#215,#2357);
#2357 = DEFINITIONAL_REPRESENTATION('',(#2358),#2361);
#2358 = B_SPLINE_CURVE_WITH_KNOTS('',1,(#2359,#2360),.UNSPECIFIED.,.F.,
  .F.,(2,2),(-13.45345328042,11.546546719574),.PIECEWISE_BEZIER_KNOTS.);
#2359 = CARTESIAN_POINT('',(26.,-12.5));
#2360 = CARTESIAN_POINT('',(1.,-12.5));
#2361 = ( GEOMETRIC_REPRESENTATION_CONTEXT(2) 
PARAMETRIC_REPRESENTATION_CONTEXT() REPRESENTATION_CONTEXT('2D SPACE',''
  ) );
#2362 = PCURVE('',#2363,#2368);
#2363 = PLANE('',#2364);
#2364 = AXIS2_PLACEMENT_3D('',#2365,#2366,#2367);
#2365 = CARTESIAN_POINT('',(-121.7395180869,2.5,24.093093439148));
#2366 = DIRECTION('',(0.,1.,-0.));
#2367 = DIRECTION('',(-1.,0.,0.));
#2368 = DEFINITIONAL_REPRESENTATION('',(#2369),#2372);
#2369 = B_SPLINE_CURVE_WITH_KNOTS('',1,(#2370,#2371),.UNSPECIFIED.,.F.,
  .F.,(2,2),(-13.45345328042,11.546546719574),.PIECEWISE_BEZIER_KNOTS.);
#2370 = CARTESIAN_POINT('',(11.260481913065,0.906906560852));
#2371 = CARTESIAN_POINT('',(11.260481913065,-24.09309343914));
#2372 = ( GEOMETRIC_REPRESENTATION_CONTEXT(2) 
PARAMETRIC_REPRESENTATION_CONTEXT() REPRESENTATION_CONTEXT('2D SPACE',''
  ) );
#2373 = ORIENTED_EDGE('',*,*,#2374,.T.);
#2374 = EDGE_CURVE('',#2349,#2375,#2377,.T.);
#2375 = VERTEX_POINT('',#2376);
#2376 = CARTESIAN_POINT('',(-133.,9.641605370144,-1.));
#2377 = SURFACE_CURVE('',#2378,(#2395,#2415),.PCURVE_S1.);
#2378 = B_SPLINE_CURVE_WITH_KNOTS('',8,(#2379,#2380,#2381,#2382,#2383,
    #2384,#2385,#2386,#2387,#2388,#2389,#2390,#2391,#2392,#2393,#2394),
  .UNSPECIFIED.,.F.,.F.,(9,7,9),(0.,0.499159781141,1.),.UNSPECIFIED.);
#2379 = CARTESIAN_POINT('',(-133.,1.7763568394E-15,9.693325235109));
#2380 = CARTESIAN_POINT('',(-133.,1.012233698624,9.693325235109));
#2381 = CARTESIAN_POINT('',(-133.,2.025302879034,9.57252113618));
#2382 = CARTESIAN_POINT('',(-133.,3.02107191906,9.33056649956));
#2383 = CARTESIAN_POINT('',(-133.,3.982801094561,8.970788200732));
#2384 = CARTESIAN_POINT('',(-133.,4.894681574229,8.498731612996));
#2385 = CARTESIAN_POINT('',(-133.,5.74199736805,7.922403604952));
#2386 = CARTESIAN_POINT('',(-133.,6.51105370187,7.251989441912));
#2387 = CARTESIAN_POINT('',(-133.,7.871120292573,5.747829759158));
#2388 = CARTESIAN_POINT('',(-133.,8.462656359862,4.91228790827));
#2389 = CARTESIAN_POINT('',(-133.,8.951997276673,4.007906221852));
#2390 = CARTESIAN_POINT('',(-133.,9.330307313074,3.049489772196));
#2391 = CARTESIAN_POINT('',(-133.,9.591048239449,2.05264737832));
#2392 = CARTESIAN_POINT('',(-133.,9.730277879281,1.033836351774));
#2393 = CARTESIAN_POINT('',(-133.,9.746382764812,1.022229109931E-02));
#2394 = CARTESIAN_POINT('',(-133.,9.641605370144,-1.));
#2395 = PCURVE('',#215,#2396);
#2396 = DEFINITIONAL_REPRESENTATION('',(#2397),#2414);
#2397 = B_SPLINE_CURVE_WITH_KNOTS('',8,(#2398,#2399,#2400,#2401,#2402,
    #2403,#2404,#2405,#2406,#2407,#2408,#2409,#2410,#2411,#2412,#2413),
  .UNSPECIFIED.,.F.,.F.,(9,7,9),(0.,0.499159781141,1.),.UNSPECIFIED.);
#2398 = CARTESIAN_POINT('',(10.693325235109,-10.));
#2399 = CARTESIAN_POINT('',(10.693325235109,-11.01223369862));
#2400 = CARTESIAN_POINT('',(10.57252113618,-12.02530287903));
#2401 = CARTESIAN_POINT('',(10.33056649956,-13.02107191906));
#2402 = CARTESIAN_POINT('',(9.970788200732,-13.98280109456));
#2403 = CARTESIAN_POINT('',(9.498731612996,-14.89468157422));
#2404 = CARTESIAN_POINT('',(8.922403604952,-15.74199736805));
#2405 = CARTESIAN_POINT('',(8.251989441912,-16.51105370187));
#2406 = CARTESIAN_POINT('',(6.747829759158,-17.87112029257));
#2407 = CARTESIAN_POINT('',(5.91228790827,-18.46265635986));
#2408 = CARTESIAN_POINT('',(5.007906221852,-18.95199727667));
#2409 = CARTESIAN_POINT('',(4.049489772196,-19.33030731307));
#2410 = CARTESIAN_POINT('',(3.05264737832,-19.59104823944));
#2411 = CARTESIAN_POINT('',(2.033836351774,-19.73027787928));
#2412 = CARTESIAN_POINT('',(1.010222291099,-19.74638276481));
#2413 = CARTESIAN_POINT('',(0.,-19.64160537014));
#2414 = ( GEOMETRIC_REPRESENTATION_CONTEXT(2) 
PARAMETRIC_REPRESENTATION_CONTEXT() REPRESENTATION_CONTEXT('2D SPACE',''
  ) );
#2415 = PCURVE('',#90,#2416);
#2416 = DEFINITIONAL_REPRESENTATION('',(#2417),#2434);
#2417 = B_SPLINE_CURVE_WITH_KNOTS('',8,(#2418,#2419,#2420,#2421,#2422,
    #2423,#2424,#2425,#2426,#2427,#2428,#2429,#2430,#2431,#2432,#2433),
  .UNSPECIFIED.,.F.,.F.,(9,7,9),(0.155812414841,0.499159781141,1.),
  .UNSPECIFIED.);
#2418 = CARTESIAN_POINT('',(6.022327501474,256.35665017714));
#2419 = CARTESIAN_POINT('',(5.950474105085,256.35665017714));
#2420 = CARTESIAN_POINT('',(5.878626785944,256.35665017714));
#2421 = CARTESIAN_POINT('',(5.806785543786,256.35665017714));
#2422 = CARTESIAN_POINT('',(5.734941951777,256.35665017714));
#2423 = CARTESIAN_POINT('',(5.663088146464,256.35665017714));
#2424 = CARTESIAN_POINT('',(5.591221145113,256.35665017714));
#2425 = CARTESIAN_POINT('',(5.519351045263,256.35665017714));
#2426 = CARTESIAN_POINT('',(5.342744261225,256.35665017714));
#2427 = CARTESIAN_POINT('',(5.237879355225,256.35665017714));
#2428 = CARTESIAN_POINT('',(5.133063905939,256.35665017714));
#2429 = CARTESIAN_POINT('',(5.028281496594,256.35665017714));
#2430 = CARTESIAN_POINT('',(4.923499086562,256.35665017714));
#2431 = CARTESIAN_POINT('',(4.818683635835,256.35665017714));
#2432 = CARTESIAN_POINT('',(4.71381872922,256.35665017714));
#2433 = CARTESIAN_POINT('',(4.609041334552,256.35665017714));
#2434 = ( GEOMETRIC_REPRESENTATION_CONTEXT(2) 
PARAMETRIC_REPRESENTATION_CONTEXT() REPRESENTATION_CONTEXT('2D SPACE',''
  ) );
#2435 = ORIENTED_EDGE('',*,*,#2436,.T.);
#2436 = EDGE_CURVE('',#2375,#2437,#2439,.T.);
#2437 = VERTEX_POINT('',#2438);
#2438 = CARTESIAN_POINT('',(-133.,10.,-1.));
#2439 = SURFACE_CURVE('',#2440,(#2444,#2451),.PCURVE_S1.);
#2440 = LINE('',#2441,#2442);
#2441 = CARTESIAN_POINT('',(-133.,-10.,-1.));
#2442 = VECTOR('',#2443,1.);
#2443 = DIRECTION('',(-0.,1.,0.));
#2444 = PCURVE('',#215,#2445);
#2445 = DEFINITIONAL_REPRESENTATION('',(#2446),#2450);
#2446 = LINE('',#2447,#2448);
#2447 = CARTESIAN_POINT('',(0.,0.));
#2448 = VECTOR('',#2449,1.);
#2449 = DIRECTION('',(0.,-1.));
#2450 = ( GEOMETRIC_REPRESENTATION_CONTEXT(2) 
PARAMETRIC_REPRESENTATION_CONTEXT() REPRESENTATION_CONTEXT('2D SPACE',''
  ) );
#2451 = PCURVE('',#2452,#2457);
#2452 = PLANE('',#2453);
#2453 = AXIS2_PLACEMENT_3D('',#2454,#2455,#2456);
#2454 = CARTESIAN_POINT('',(-133.,-10.,-1.));
#2455 = DIRECTION('',(0.,0.,1.));
#2456 = DIRECTION('',(1.,0.,-0.));
#2457 = DEFINITIONAL_REPRESENTATION('',(#2458),#2462);
#2458 = LINE('',#2459,#2460);
#2459 = CARTESIAN_POINT('',(0.,0.));
#2460 = VECTOR('',#2461,1.);
#2461 = DIRECTION('',(0.,1.));
#2462 = ( GEOMETRIC_REPRESENTATION_CONTEXT(2) 
PARAMETRIC_REPRESENTATION_CONTEXT() REPRESENTATION_CONTEXT('2D SPACE',''
  ) );
#2463 = ORIENTED_EDGE('',*,*,#2464,.T.);
#2464 = EDGE_CURVE('',#2437,#250,#2465,.T.);
#2465 = SURFACE_CURVE('',#2466,(#2470,#2477),.PCURVE_S1.);
#2466 = LINE('',#2467,#2468);
#2467 = CARTESIAN_POINT('',(-133.,10.,-1.));
#2468 = VECTOR('',#2469,1.);
#2469 = DIRECTION('',(0.,0.,1.));
#2470 = PCURVE('',#215,#2471);
#2471 = DEFINITIONAL_REPRESENTATION('',(#2472),#2476);
#2472 = LINE('',#2473,#2474);
#2473 = CARTESIAN_POINT('',(0.,-20.));
#2474 = VECTOR('',#2475,1.);
#2475 = DIRECTION('',(1.,0.));
#2476 = ( GEOMETRIC_REPRESENTATION_CONTEXT(2) 
PARAMETRIC_REPRESENTATION_CONTEXT() REPRESENTATION_CONTEXT('2D SPACE',''
  ) );
#2477 = PCURVE('',#156,#2478);
#2478 = DEFINITIONAL_REPRESENTATION('',(#2479),#2483);
#2479 = LINE('',#2480,#2481);
#2480 = CARTESIAN_POINT('',(0.,0.));
#2481 = VECTOR('',#2482,1.);
#2482 = DIRECTION('',(1.,0.));
#2483 = ( GEOMETRIC_REPRESENTATION_CONTEXT(2) 
PARAMETRIC_REPRESENTATION_CONTEXT() REPRESENTATION_CONTEXT('2D SPACE',''
  ) );
#2484 = ORIENTED_EDGE('',*,*,#272,.F.);
#2485 = ORIENTED_EDGE('',*,*,#1184,.F.);
#2486 = ORIENTED_EDGE('',*,*,#1998,.T.);
#2487 = ORIENTED_EDGE('',*,*,#1217,.F.);
#2488 = ADVANCED_FACE('',(#2489),#2062,.F.);
#2489 = FACE_BOUND('',#2490,.F.);
#2490 = EDGE_LOOP('',(#2491,#2492,#2515));
#2491 = ORIENTED_EDGE('',*,*,#2046,.F.);
#2492 = ORIENTED_EDGE('',*,*,#2493,.T.);
#2493 = EDGE_CURVE('',#2024,#2494,#2496,.T.);
#2494 = VERTEX_POINT('',#2495);
#2495 = CARTESIAN_POINT('',(-132.2990209047,-10.,-1.));
#2496 = SURFACE_CURVE('',#2497,(#2501,#2508),.PCURVE_S1.);
#2497 = LINE('',#2498,#2499);
#2498 = CARTESIAN_POINT('',(-133.,-10.,-1.));
#2499 = VECTOR('',#2500,1.);
#2500 = DIRECTION('',(1.,0.,-0.));
#2501 = PCURVE('',#2062,#2502);
#2502 = DEFINITIONAL_REPRESENTATION('',(#2503),#2507);
#2503 = LINE('',#2504,#2505);
#2504 = CARTESIAN_POINT('',(0.,0.));
#2505 = VECTOR('',#2506,1.);
#2506 = DIRECTION('',(1.,0.));
#2507 = ( GEOMETRIC_REPRESENTATION_CONTEXT(2) 
PARAMETRIC_REPRESENTATION_CONTEXT() REPRESENTATION_CONTEXT('2D SPACE',''
  ) );
#2508 = PCURVE('',#44,#2509);
#2509 = DEFINITIONAL_REPRESENTATION('',(#2510),#2514);
#2510 = LINE('',#2511,#2512);
#2511 = CARTESIAN_POINT('',(0.,0.));
#2512 = VECTOR('',#2513,1.);
#2513 = DIRECTION('',(0.,1.));
#2514 = ( GEOMETRIC_REPRESENTATION_CONTEXT(2) 
PARAMETRIC_REPRESENTATION_CONTEXT() REPRESENTATION_CONTEXT('2D SPACE',''
  ) );
#2515 = ORIENTED_EDGE('',*,*,#2516,.T.);
#2516 = EDGE_CURVE('',#2494,#2047,#2517,.T.);
#2517 = SURFACE_CURVE('',#2518,(#2526,#2537),.PCURVE_S1.);
#2518 = B_SPLINE_CURVE_WITH_KNOTS('',3,(#2519,#2520,#2521,#2522,#2523,
    #2524,#2525),.UNSPECIFIED.,.F.,.F.,(4,1,1,1,4),(0.,
    6.865318047418E-02,0.407050272974,0.745422533691,1.),.UNSPECIFIED.);
#2519 = CARTESIAN_POINT('',(-132.2990209047,-10.,-1.));
#2520 = CARTESIAN_POINT('',(-132.3151234826,-9.991914093891,-1.));
#2521 = CARTESIAN_POINT('',(-132.4105726578,-9.943925706473,-1.));
#2522 = CARTESIAN_POINT('',(-132.5851014551,-9.855540252375,-1.));
#2523 = CARTESIAN_POINT('',(-132.8025977385,-9.744043433176,-1.));
#2524 = CARTESIAN_POINT('',(-132.940747086,-9.672454158769,-1.));
#2525 = CARTESIAN_POINT('',(-133.,-9.641605370144,-1.));
#2526 = PCURVE('',#2062,#2527);
#2527 = DEFINITIONAL_REPRESENTATION('',(#2528),#2536);
#2528 = B_SPLINE_CURVE_WITH_KNOTS('',3,(#2529,#2530,#2531,#2532,#2533,
    #2534,#2535),.UNSPECIFIED.,.F.,.F.,(4,1,1,1,4),(0.,
    6.865318047418E-02,0.407050272974,0.745422533691,1.),.UNSPECIFIED.);
#2529 = CARTESIAN_POINT('',(0.700979095277,0.));
#2530 = CARTESIAN_POINT('',(0.684876517398,8.085906109329E-03));
#2531 = CARTESIAN_POINT('',(0.589427342167,5.607429352706E-02));
#2532 = CARTESIAN_POINT('',(0.414898544852,0.144459747625));
#2533 = CARTESIAN_POINT('',(0.197402261477,0.255956566824));
#2534 = CARTESIAN_POINT('',(5.925291396634E-02,0.327545841231));
#2535 = CARTESIAN_POINT('',(0.,0.358394629856));
#2536 = ( GEOMETRIC_REPRESENTATION_CONTEXT(2) 
PARAMETRIC_REPRESENTATION_CONTEXT() REPRESENTATION_CONTEXT('2D SPACE',''
  ) );
#2537 = PCURVE('',#90,#2538);
#2538 = DEFINITIONAL_REPRESENTATION('',(#2539),#2547);
#2539 = B_SPLINE_CURVE_WITH_KNOTS('',3,(#2540,#2541,#2542,#2543,#2544,
    #2545,#2546),.UNSPECIFIED.,.F.,.F.,(4,1,1,1,4),(0.,
    6.865318047418E-02,0.407050272974,0.745422533691,1.),.UNSPECIFIED.);
#2540 = CARTESIAN_POINT('',(7.953650286466,255.56685534662));
#2541 = CARTESIAN_POINT('',(7.953730344942,255.58492730198));
#2542 = CARTESIAN_POINT('',(7.954206617699,255.69207832453));
#2543 = CARTESIAN_POINT('',(7.955096345544,255.88831160228));
#2544 = CARTESIAN_POINT('',(7.956246316307,256.13350761625));
#2545 = CARTESIAN_POINT('',(7.957000963431,256.28962235324));
#2546 = CARTESIAN_POINT('',(7.957329279807,256.35665017714));
#2547 = ( GEOMETRIC_REPRESENTATION_CONTEXT(2) 
PARAMETRIC_REPRESENTATION_CONTEXT() REPRESENTATION_CONTEXT('2D SPACE',''
  ) );
#2548 = ADVANCED_FACE('',(#2549),#2214,.F.);
#2549 = FACE_BOUND('',#2550,.F.);
#2550 = EDGE_LOOP('',(#2551,#2574,#2575));
#2551 = ORIENTED_EDGE('',*,*,#2552,.T.);
#2552 = EDGE_CURVE('',#2553,#2200,#2555,.T.);
#2553 = VERTEX_POINT('',#2554);
#2554 = CARTESIAN_POINT('',(-133.032997714,-2.5,9.34768876383));
#2555 = SURFACE_CURVE('',#2556,(#2560,#2567),.PCURVE_S1.);
#2556 = LINE('',#2557,#2558);
#2557 = CARTESIAN_POINT('',(-134.,-2.5,0.));
#2558 = VECTOR('',#2559,1.);
#2559 = DIRECTION('',(0.102899151086,0.,0.994691793827));
#2560 = PCURVE('',#2214,#2561);
#2561 = DEFINITIONAL_REPRESENTATION('',(#2562),#2566);
#2562 = LINE('',#2563,#2564);
#2563 = CARTESIAN_POINT('',(12.260481913065,-24.09309343914));
#2564 = VECTOR('',#2565,1.);
#2565 = DIRECTION('',(-0.102899151086,0.994691793827));
#2566 = ( GEOMETRIC_REPRESENTATION_CONTEXT(2) 
PARAMETRIC_REPRESENTATION_CONTEXT() REPRESENTATION_CONTEXT('2D SPACE',''
  ) );
#2567 = PCURVE('',#2240,#2568);
#2568 = DEFINITIONAL_REPRESENTATION('',(#2569),#2573);
#2569 = LINE('',#2570,#2571);
#2570 = CARTESIAN_POINT('',(0.,-2.5));
#2571 = VECTOR('',#2572,1.);
#2572 = DIRECTION('',(1.,0.));
#2573 = ( GEOMETRIC_REPRESENTATION_CONTEXT(2) 
PARAMETRIC_REPRESENTATION_CONTEXT() REPRESENTATION_CONTEXT('2D SPACE',''
  ) );
#2574 = ORIENTED_EDGE('',*,*,#2199,.T.);
#2575 = ORIENTED_EDGE('',*,*,#2576,.T.);
#2576 = EDGE_CURVE('',#2075,#2553,#2577,.T.);
#2577 = SURFACE_CURVE('',#2578,(#2584,#2593),.PCURVE_S1.);
#2578 = B_SPLINE_CURVE_WITH_KNOTS('',4,(#2579,#2580,#2581,#2582,#2583),
  .UNSPECIFIED.,.F.,.F.,(5,5),(0.,1.),.PIECEWISE_BEZIER_KNOTS.);
#2579 = CARTESIAN_POINT('',(-133.,-2.5,9.365391295274));
#2580 = CARTESIAN_POINT('',(-133.2515793948,-2.5,9.230548764704));
#2581 = CARTESIAN_POINT('',(-133.5021405765,-2.5,9.093730952843));
#2582 = CARTESIAN_POINT('',(-133.7516323126,-2.5,8.954862968986));
#2583 = CARTESIAN_POINT('',(-134.,-2.5,8.81386409904));
#2584 = PCURVE('',#2214,#2585);
#2585 = DEFINITIONAL_REPRESENTATION('',(#2586),#2592);
#2586 = B_SPLINE_CURVE_WITH_KNOTS('',4,(#2587,#2588,#2589,#2590,#2591),
  .UNSPECIFIED.,.F.,.F.,(5,5),(0.,1.),.PIECEWISE_BEZIER_KNOTS.);
#2587 = CARTESIAN_POINT('',(11.260481913065,-14.72770214387));
#2588 = CARTESIAN_POINT('',(11.512061307894,-14.86254467444));
#2589 = CARTESIAN_POINT('',(11.762622489643,-14.9993624863));
#2590 = CARTESIAN_POINT('',(12.012114225739,-15.13823047016));
#2591 = CARTESIAN_POINT('',(12.260481913065,-15.2792293401));
#2592 = ( GEOMETRIC_REPRESENTATION_CONTEXT(2) 
PARAMETRIC_REPRESENTATION_CONTEXT() REPRESENTATION_CONTEXT('2D SPACE',''
  ) );
#2593 = PCURVE('',#90,#2594);
#2594 = DEFINITIONAL_REPRESENTATION('',(#2595),#2601);
#2595 = B_SPLINE_CURVE_WITH_KNOTS('',4,(#2596,#2597,#2598,#2599,#2600),
  .UNSPECIFIED.,.F.,.F.,(5,5),(0.,3.279709440355E-02),
  .PIECEWISE_BEZIER_KNOTS.);
#2596 = CARTESIAN_POINT('',(6.544043112244,256.35665017714));
#2597 = CARTESIAN_POINT('',(6.544160779792,256.36598392028));
#2598 = CARTESIAN_POINT('',(6.544278642235,256.37531762306));
#2599 = CARTESIAN_POINT('',(6.54439670029,256.38465128488));
#2600 = CARTESIAN_POINT('',(6.544514954683,256.39398490509));
#2601 = ( GEOMETRIC_REPRESENTATION_CONTEXT(2) 
PARAMETRIC_REPRESENTATION_CONTEXT() REPRESENTATION_CONTEXT('2D SPACE',''
  ) );
#2602 = ADVANCED_FACE('',(#2603),#2240,.T.);
#2603 = FACE_BOUND('',#2604,.T.);
#2604 = EDGE_LOOP('',(#2605,#2632,#2633));
#2605 = ORIENTED_EDGE('',*,*,#2606,.F.);
#2606 = EDGE_CURVE('',#2553,#2226,#2607,.T.);
#2607 = SURFACE_CURVE('',#2608,(#2614,#2623),.PCURVE_S1.);
#2608 = B_SPLINE_CURVE_WITH_KNOTS('',4,(#2609,#2610,#2611,#2612,#2613),
  .UNSPECIFIED.,.F.,.F.,(5,5),(0.,1.),.PIECEWISE_BEZIER_KNOTS.);
#2609 = CARTESIAN_POINT('',(-133.032997714,-2.5,9.34768876383));
#2610 = CARTESIAN_POINT('',(-133.0202297753,-2.064145738925,
    9.471112171907));
#2611 = CARTESIAN_POINT('',(-133.010424246,-1.619977865723,
    9.565898954915));
#2612 = CARTESIAN_POINT('',(-133.0036721255,-1.170388891509,
    9.631169453449));
#2613 = CARTESIAN_POINT('',(-133.,-0.718407731829,9.666666666667));
#2614 = PCURVE('',#2240,#2615);
#2615 = DEFINITIONAL_REPRESENTATION('',(#2616),#2622);
#2616 = B_SPLINE_CURVE_WITH_KNOTS('',4,(#2617,#2618,#2619,#2620,#2621),
  .UNSPECIFIED.,.F.,.F.,(5,5),(0.,1.),.PIECEWISE_BEZIER_KNOTS.);
#2617 = CARTESIAN_POINT('',(9.397573018945,-2.5));
#2618 = CARTESIAN_POINT('',(9.521655080185,-2.064145738925));
#2619 = CARTESIAN_POINT('',(9.616947696045,-1.619977865723));
#2620 = CARTESIAN_POINT('',(9.682566512787,-1.170388891509));
#2621 = CARTESIAN_POINT('',(9.718253158075,-0.718407731829));
#2622 = ( GEOMETRIC_REPRESENTATION_CONTEXT(2) 
PARAMETRIC_REPRESENTATION_CONTEXT() REPRESENTATION_CONTEXT('2D SPACE',''
  ) );
#2623 = PCURVE('',#90,#2624);
#2624 = DEFINITIONAL_REPRESENTATION('',(#2625),#2631);
#2625 = B_SPLINE_CURVE_WITH_KNOTS('',4,(#2626,#2627,#2628,#2629,#2630),
  .UNSPECIFIED.,.F.,.F.,(5,5),(0.,1.),.PIECEWISE_BEZIER_KNOTS.);
#2626 = CARTESIAN_POINT('',(6.544514954423,256.39398490526));
#2627 = CARTESIAN_POINT('',(6.497704936718,256.37953603993));
#2628 = CARTESIAN_POINT('',(6.450915232458,256.36844247897));
#2629 = CARTESIAN_POINT('',(6.404138227522,256.360804143));
#2630 = CARTESIAN_POINT('',(6.357366976286,256.35665017714));
#2631 = ( GEOMETRIC_REPRESENTATION_CONTEXT(2) 
PARAMETRIC_REPRESENTATION_CONTEXT() REPRESENTATION_CONTEXT('2D SPACE',''
  ) );
#2632 = ORIENTED_EDGE('',*,*,#2552,.T.);
#2633 = ORIENTED_EDGE('',*,*,#2225,.T.);
#2634 = ADVANCED_FACE('',(#2635),#2337,.T.);
#2635 = FACE_BOUND('',#2636,.T.);
#2636 = EDGE_LOOP('',(#2637,#2660,#2687));
#2637 = ORIENTED_EDGE('',*,*,#2638,.F.);
#2638 = EDGE_CURVE('',#2639,#2323,#2641,.T.);
#2639 = VERTEX_POINT('',#2640);
#2640 = CARTESIAN_POINT('',(-133.032997714,2.5,9.34768876383));
#2641 = SURFACE_CURVE('',#2642,(#2646,#2653),.PCURVE_S1.);
#2642 = LINE('',#2643,#2644);
#2643 = CARTESIAN_POINT('',(-134.,2.5,0.));
#2644 = VECTOR('',#2645,1.);
#2645 = DIRECTION('',(0.102899151086,0.,0.994691793827));
#2646 = PCURVE('',#2337,#2647);
#2647 = DEFINITIONAL_REPRESENTATION('',(#2648),#2652);
#2648 = LINE('',#2649,#2650);
#2649 = CARTESIAN_POINT('',(0.,2.5));
#2650 = VECTOR('',#2651,1.);
#2651 = DIRECTION('',(1.,0.));
#2652 = ( GEOMETRIC_REPRESENTATION_CONTEXT(2) 
PARAMETRIC_REPRESENTATION_CONTEXT() REPRESENTATION_CONTEXT('2D SPACE',''
  ) );
#2653 = PCURVE('',#2363,#2654);
#2654 = DEFINITIONAL_REPRESENTATION('',(#2655),#2659);
#2655 = LINE('',#2656,#2657);
#2656 = CARTESIAN_POINT('',(12.260481913065,-24.09309343914));
#2657 = VECTOR('',#2658,1.);
#2658 = DIRECTION('',(-0.102899151086,0.994691793827));
#2659 = ( GEOMETRIC_REPRESENTATION_CONTEXT(2) 
PARAMETRIC_REPRESENTATION_CONTEXT() REPRESENTATION_CONTEXT('2D SPACE',''
  ) );
#2660 = ORIENTED_EDGE('',*,*,#2661,.F.);
#2661 = EDGE_CURVE('',#2252,#2639,#2662,.T.);
#2662 = SURFACE_CURVE('',#2663,(#2669,#2678),.PCURVE_S1.);
#2663 = B_SPLINE_CURVE_WITH_KNOTS('',4,(#2664,#2665,#2666,#2667,#2668),
  .UNSPECIFIED.,.F.,.F.,(5,5),(0.,1.),.PIECEWISE_BEZIER_KNOTS.);
#2664 = CARTESIAN_POINT('',(-133.,0.718407731829,9.666666666667));
#2665 = CARTESIAN_POINT('',(-133.0036721252,1.170388864946,
    9.631169455535));
#2666 = CARTESIAN_POINT('',(-133.0104242466,1.619977889373,
    9.565898949468));
#2667 = CARTESIAN_POINT('',(-133.020229774,2.064145696056,9.471112184046
    ));
#2668 = CARTESIAN_POINT('',(-133.032997714,2.5,9.34768876383));
#2669 = PCURVE('',#2337,#2670);
#2670 = DEFINITIONAL_REPRESENTATION('',(#2671),#2677);
#2671 = B_SPLINE_CURVE_WITH_KNOTS('',4,(#2672,#2673,#2674,#2675,#2676),
  .UNSPECIFIED.,.F.,.F.,(5,5),(0.,1.),.PIECEWISE_BEZIER_KNOTS.);
#2672 = CARTESIAN_POINT('',(9.718253158075,0.718407731829));
#2673 = CARTESIAN_POINT('',(9.682566514884,1.170388864946));
#2674 = CARTESIAN_POINT('',(9.616947690569,1.619977889373));
#2675 = CARTESIAN_POINT('',(9.521655092389,2.064145696056));
#2676 = CARTESIAN_POINT('',(9.397573018945,2.5));
#2677 = ( GEOMETRIC_REPRESENTATION_CONTEXT(2) 
PARAMETRIC_REPRESENTATION_CONTEXT() REPRESENTATION_CONTEXT('2D SPACE',''
  ) );
#2678 = PCURVE('',#90,#2679);
#2679 = DEFINITIONAL_REPRESENTATION('',(#2680),#2686);
#2680 = B_SPLINE_CURVE_WITH_KNOTS('',4,(#2681,#2682,#2683,#2684,#2685),
  .UNSPECIFIED.,.F.,.F.,(5,5),(0.,1.),.PIECEWISE_BEZIER_KNOTS.);
#2681 = CARTESIAN_POINT('',(6.209003638073,256.35665017714));
#2682 = CARTESIAN_POINT('',(6.162232389586,256.36080414276));
#2683 = CARTESIAN_POINT('',(6.115455379385,256.36844247961));
#2684 = CARTESIAN_POINT('',(6.068665682245,256.37953603851));
#2685 = CARTESIAN_POINT('',(6.021855659936,256.39398490526));
#2686 = ( GEOMETRIC_REPRESENTATION_CONTEXT(2) 
PARAMETRIC_REPRESENTATION_CONTEXT() REPRESENTATION_CONTEXT('2D SPACE',''
  ) );
#2687 = ORIENTED_EDGE('',*,*,#2322,.T.);
#2688 = ADVANCED_FACE('',(#2689),#2363,.T.);
#2689 = FACE_BOUND('',#2690,.T.);
#2690 = EDGE_LOOP('',(#2691,#2692,#2693));
#2691 = ORIENTED_EDGE('',*,*,#2638,.T.);
#2692 = ORIENTED_EDGE('',*,*,#2348,.T.);
#2693 = ORIENTED_EDGE('',*,*,#2694,.F.);
#2694 = EDGE_CURVE('',#2639,#2349,#2695,.T.);
#2695 = SURFACE_CURVE('',#2696,(#2702,#2711),.PCURVE_S1.);
#2696 = B_SPLINE_CURVE_WITH_KNOTS('',4,(#2697,#2698,#2699,#2700,#2701),
  .UNSPECIFIED.,.F.,.F.,(5,5),(0.,1.),.PIECEWISE_BEZIER_KNOTS.);
#2697 = CARTESIAN_POINT('',(-134.,2.5,8.81386409904));
#2698 = CARTESIAN_POINT('',(-133.7516324701,2.5,8.954862879572));
#2699 = CARTESIAN_POINT('',(-133.5021404835,2.5,9.093731005705));
#2700 = CARTESIAN_POINT('',(-133.2515794148,2.5,9.230548753986));
#2701 = CARTESIAN_POINT('',(-133.,2.5,9.365391295274));
#2702 = PCURVE('',#2363,#2703);
#2703 = DEFINITIONAL_REPRESENTATION('',(#2704),#2710);
#2704 = B_SPLINE_CURVE_WITH_KNOTS('',4,(#2705,#2706,#2707,#2708,#2709),
  .UNSPECIFIED.,.F.,.F.,(5,5),(0.,1.),.PIECEWISE_BEZIER_KNOTS.);
#2705 = CARTESIAN_POINT('',(12.260481913065,-15.2792293401));
#2706 = CARTESIAN_POINT('',(12.01211438324,-15.13823055957));
#2707 = CARTESIAN_POINT('',(11.762622396655,-14.99936243344));
#2708 = CARTESIAN_POINT('',(11.512061327892,-14.86254468516));
#2709 = CARTESIAN_POINT('',(11.260481913065,-14.72770214387));
#2710 = ( GEOMETRIC_REPRESENTATION_CONTEXT(2) 
PARAMETRIC_REPRESENTATION_CONTEXT() REPRESENTATION_CONTEXT('2D SPACE',''
  ) );
#2711 = PCURVE('',#90,#2712);
#2712 = DEFINITIONAL_REPRESENTATION('',(#2713),#2719);
#2713 = B_SPLINE_CURVE_WITH_KNOTS('',4,(#2714,#2715,#2716,#2717,#2718),
  .UNSPECIFIED.,.F.,.F.,(5,5),(0.967202907411,1.),
  .PIECEWISE_BEZIER_KNOTS.);
#2714 = CARTESIAN_POINT('',(6.021855659678,256.39398490509));
#2715 = CARTESIAN_POINT('',(6.021973914067,256.38465128508));
#2716 = CARTESIAN_POINT('',(6.022091972121,256.37531762335));
#2717 = CARTESIAN_POINT('',(6.022209834564,256.3659839205));
#2718 = CARTESIAN_POINT('',(6.022327502115,256.35665017714));
#2719 = ( GEOMETRIC_REPRESENTATION_CONTEXT(2) 
PARAMETRIC_REPRESENTATION_CONTEXT() REPRESENTATION_CONTEXT('2D SPACE',''
  ) );
#2720 = ADVANCED_FACE('',(#2721),#2452,.F.);
#2721 = FACE_BOUND('',#2722,.F.);
#2722 = EDGE_LOOP('',(#2723,#2724,#2759));
#2723 = ORIENTED_EDGE('',*,*,#2436,.F.);
#2724 = ORIENTED_EDGE('',*,*,#2725,.F.);
#2725 = EDGE_CURVE('',#2726,#2375,#2728,.T.);
#2726 = VERTEX_POINT('',#2727);
#2727 = CARTESIAN_POINT('',(-132.2990209047,10.,-1.));
#2728 = SURFACE_CURVE('',#2729,(#2737,#2748),.PCURVE_S1.);
#2729 = B_SPLINE_CURVE_WITH_KNOTS('',3,(#2730,#2731,#2732,#2733,#2734,
    #2735,#2736),.UNSPECIFIED.,.F.,.F.,(4,1,1,1,4),(0.,
    6.865642546213E-02,0.407053517707,0.745425778202,1.),.UNSPECIFIED.);
#2730 = CARTESIAN_POINT('',(-132.2990209047,10.,-1.));
#2731 = CARTESIAN_POINT('',(-132.3151242437,9.991913711699,-1.));
#2732 = CARTESIAN_POINT('',(-132.4105741786,9.943924939557,-1.));
#2733 = CARTESIAN_POINT('',(-132.5851037313,9.855539092635,-1.));
#2734 = CARTESIAN_POINT('',(-132.8025992514,9.744042651609,-1.));
#2735 = CARTESIAN_POINT('',(-132.9407478411,9.67245376561,-1.));
#2736 = CARTESIAN_POINT('',(-133.,9.641605370144,-1.));
#2737 = PCURVE('',#2452,#2738);
#2738 = DEFINITIONAL_REPRESENTATION('',(#2739),#2747);
#2739 = B_SPLINE_CURVE_WITH_KNOTS('',3,(#2740,#2741,#2742,#2743,#2744,
    #2745,#2746),.UNSPECIFIED.,.F.,.F.,(4,1,1,1,4),(0.,
    6.865642546213E-02,0.407053517707,0.745425778202,1.),.UNSPECIFIED.);
#2740 = CARTESIAN_POINT('',(0.700979095277,20.));
#2741 = CARTESIAN_POINT('',(0.684875756287,19.991913711699));
#2742 = CARTESIAN_POINT('',(0.589425821349,19.943924939557));
#2743 = CARTESIAN_POINT('',(0.414896268661,19.855539092635));
#2744 = CARTESIAN_POINT('',(0.197400748549,19.744042651609));
#2745 = CARTESIAN_POINT('',(5.925215880527E-02,19.67245376561));
#2746 = CARTESIAN_POINT('',(0.,19.641605370144));
#2747 = ( GEOMETRIC_REPRESENTATION_CONTEXT(2) 
PARAMETRIC_REPRESENTATION_CONTEXT() REPRESENTATION_CONTEXT('2D SPACE',''
  ) );
#2748 = PCURVE('',#90,#2749);
#2749 = DEFINITIONAL_REPRESENTATION('',(#2750),#2758);
#2750 = B_SPLINE_CURVE_WITH_KNOTS('',3,(#2751,#2752,#2753,#2754,#2755,
    #2756,#2757),.UNSPECIFIED.,.F.,.F.,(4,1,1,1,4),(0.,
    6.865642546213E-02,0.407053517707,0.745425778202,1.),.UNSPECIFIED.);
#2751 = CARTESIAN_POINT('',(4.612720327894,255.56685534662));
#2752 = CARTESIAN_POINT('',(4.612640265633,255.58492815618));
#2753 = CARTESIAN_POINT('',(4.612163989004,255.69208003291));
#2754 = CARTESIAN_POINT('',(4.611274257,255.88831416492));
#2755 = CARTESIAN_POINT('',(4.610124289866,256.13350932475));
#2756 = CARTESIAN_POINT('',(4.609369646744,256.28962320749));
#2757 = CARTESIAN_POINT('',(4.609041334552,256.35665017714));
#2758 = ( GEOMETRIC_REPRESENTATION_CONTEXT(2) 
PARAMETRIC_REPRESENTATION_CONTEXT() REPRESENTATION_CONTEXT('2D SPACE',''
  ) );
#2759 = ORIENTED_EDGE('',*,*,#2760,.F.);
#2760 = EDGE_CURVE('',#2437,#2726,#2761,.T.);
#2761 = SURFACE_CURVE('',#2762,(#2766,#2773),.PCURVE_S1.);
#2762 = LINE('',#2763,#2764);
#2763 = CARTESIAN_POINT('',(-133.,10.,-1.));
#2764 = VECTOR('',#2765,1.);
#2765 = DIRECTION('',(1.,0.,-0.));
#2766 = PCURVE('',#2452,#2767);
#2767 = DEFINITIONAL_REPRESENTATION('',(#2768),#2772);
#2768 = LINE('',#2769,#2770);
#2769 = CARTESIAN_POINT('',(0.,20.));
#2770 = VECTOR('',#2771,1.);
#2771 = DIRECTION('',(1.,0.));
#2772 = ( GEOMETRIC_REPRESENTATION_CONTEXT(2) 
PARAMETRIC_REPRESENTATION_CONTEXT() REPRESENTATION_CONTEXT('2D SPACE',''
  ) );
#2773 = PCURVE('',#156,#2774);
#2774 = DEFINITIONAL_REPRESENTATION('',(#2775),#2779);
#2775 = LINE('',#2776,#2777);
#2776 = CARTESIAN_POINT('',(0.,0.));
#2777 = VECTOR('',#2778,1.);
#2778 = DIRECTION('',(0.,1.));
#2779 = ( GEOMETRIC_REPRESENTATION_CONTEXT(2) 
PARAMETRIC_REPRESENTATION_CONTEXT() REPRESENTATION_CONTEXT('2D SPACE',''
  ) );
#2780 = ADVANCED_FACE('',(#2781),#156,.T.);
#2781 = FACE_BOUND('',#2782,.T.);
#2782 = EDGE_LOOP('',(#2783,#2784,#2785,#2786,#2787));
#2783 = ORIENTED_EDGE('',*,*,#2760,.F.);
#2784 = ORIENTED_EDGE('',*,*,#2464,.T.);
#2785 = ORIENTED_EDGE('',*,*,#249,.T.);
#2786 = ORIENTED_EDGE('',*,*,#140,.F.);
#2787 = ORIENTED_EDGE('',*,*,#2788,.T.);
#2788 = EDGE_CURVE('',#57,#2726,#2789,.T.);
#2789 = SURFACE_CURVE('',#2790,(#2863,#2939),.PCURVE_S1.);
#2790 = B_SPLINE_CURVE_WITH_KNOTS('',8,(#2791,#2792,#2793,#2794,#2795,
    #2796,#2797,#2798,#2799,#2800,#2801,#2802,#2803,#2804,#2805,#2806,
    #2807,#2808,#2809,#2810,#2811,#2812,#2813,#2814,#2815,#2816,#2817,
    #2818,#2819,#2820,#2821,#2822,#2823,#2824,#2825,#2826,#2827,#2828,
    #2829,#2830,#2831,#2832,#2833,#2834,#2835,#2836,#2837,#2838,#2839,
    #2840,#2841,#2842,#2843,#2844,#2845,#2846,#2847,#2848,#2849,#2850,
    #2851,#2852,#2853,#2854,#2855,#2856,#2857,#2858,#2859,#2860,#2861,
    #2862),.UNSPECIFIED.,.F.,.F.,(9,7,7,7,7,7,7,7,7,7,9),(0.,
    0.266216782668,0.400616691519,0.468010740236,0.53555299164,
    0.729650547443,0.803504646021,0.857577659989,0.929006912649,
    0.958979955955,1.),.UNSPECIFIED.);
#2791 = CARTESIAN_POINT('',(-105.,10.,17.031946776609));
#2792 = CARTESIAN_POINT('',(-106.0214557152,10.,16.673185578239));
#2793 = CARTESIAN_POINT('',(-107.041533484,10.,16.308353050062));
#2794 = CARTESIAN_POINT('',(-108.0602762786,10.,15.937446495428));
#2795 = CARTESIAN_POINT('',(-109.0777188165,10.,15.560428721103));
#2796 = CARTESIAN_POINT('',(-110.0938866411,10.,15.177223199722));
#2797 = CARTESIAN_POINT('',(-111.1087937755,10.,14.787701559559));
#2798 = CARTESIAN_POINT('',(-112.1224389475,10.,14.391663401641));
#2799 = CARTESIAN_POINT('',(-113.6458924537,10.,13.785426564865));
#2800 = CARTESIAN_POINT('',(-114.1566566941,10.,13.580307571924));
#2801 = CARTESIAN_POINT('',(-114.6670901208,10.,13.37341240367));
#2802 = CARTESIAN_POINT('',(-115.177188037,10.,13.164696104137));
#2803 = CARTESIAN_POINT('',(-115.6869436905,10.,12.954106115168));
#2804 = CARTESIAN_POINT('',(-116.1963479266,10.,12.741580568521));
#2805 = CARTESIAN_POINT('',(-116.7053888408,10.,12.527046577963));
#2806 = CARTESIAN_POINT('',(-117.469117315,10.,12.20179166362));
#2807 = CARTESIAN_POINT('',(-117.7242073799,10.,12.092587756043));
#2808 = CARTESIAN_POINT('',(-117.9793267728,10.,11.982802007554));
#2809 = CARTESIAN_POINT('',(-118.2344742206,10.,11.872414120071));
#2810 = CARTESIAN_POINT('',(-118.4896420311,10.,11.761388298527));
#2811 = CARTESIAN_POINT('',(-118.7448160928,10.,11.649673250862));
#2812 = CARTESIAN_POINT('',(-118.999975875,10.,11.537202188029));
#2813 = CARTESIAN_POINT('',(-119.5107739981,10.,11.310334287324));
#2814 = CARTESIAN_POINT('',(-119.7662717467,10.,11.196009693533));
#2815 = CARTESIAN_POINT('',(-120.0215650847,10.,11.080860687371));
#2816 = CARTESIAN_POINT('',(-120.2766302887,10.,10.964826043291));
#2817 = CARTESIAN_POINT('',(-120.5314424997,10.,10.847841665449));
#2818 = CARTESIAN_POINT('',(-120.7859757239,10.,10.729840587702));
#2819 = CARTESIAN_POINT('',(-121.0402028322,10.,10.61075297361));
#2820 = CARTESIAN_POINT('',(-122.0237123101,10.,10.144950251979));
#2821 = CARTESIAN_POINT('',(-122.7503994673,10.,9.789896111178));
#2822 = CARTESIAN_POINT('',(-123.4736681117,10.,9.423522249907));
#2823 = CARTESIAN_POINT('',(-124.1927936665,10.,9.043780467467));
#2824 = CARTESIAN_POINT('',(-124.9068107671,10.,8.648362994202));
#2825 = CARTESIAN_POINT('',(-125.6144275156,10.,8.234371888998));
#2826 = CARTESIAN_POINT('',(-126.3140273425,10.,7.798287038802));
#2827 = CARTESIAN_POINT('',(-127.2655420033,10.,7.157932718039));
#2828 = CARTESIAN_POINT('',(-127.5262725018,10.,6.977435786683));
#2829 = CARTESIAN_POINT('',(-127.78534604,10.,6.792628894643));
#2830 = CARTESIAN_POINT('',(-128.04259945,10.,6.603165979849));
#2831 = CARTESIAN_POINT('',(-128.2978320359,10.,6.408661660691));
#2832 = CARTESIAN_POINT('',(-128.5508002875,10.,6.208674831282));
#2833 = CARTESIAN_POINT('',(-128.801208168,10.,6.002679616465));
#2834 = CARTESIAN_POINT('',(-129.2298914428,10.,5.634325529071));
#2835 = CARTESIAN_POINT('',(-129.4095029169,10.,5.47507348608));
#2836 = CARTESIAN_POINT('',(-129.5873956592,10.,5.312004756628));
#2837 = CARTESIAN_POINT('',(-129.7633969533,10.,5.144832205052));
#2838 = CARTESIAN_POINT('',(-129.9372921711,10.,4.973241270185));
#2839 = CARTESIAN_POINT('',(-130.1088196105,10.,4.796877622161));
#2840 = CARTESIAN_POINT('',(-130.2776611025,10.,4.615325566794));
#2841 = CARTESIAN_POINT('',(-130.6624033035,10.,4.180726253));
#2842 = CARTESIAN_POINT('',(-130.8755935426,10.,3.92391061127));
#2843 = CARTESIAN_POINT('',(-131.0825796634,10.,3.656017721916));
#2844 = CARTESIAN_POINT('',(-131.2822647936,10.,3.375540199466));
#2845 = CARTESIAN_POINT('',(-131.47282883,10.,3.081016825601));
#2846 = CARTESIAN_POINT('',(-131.6517313558,10.,2.77102076087));
#2847 = CARTESIAN_POINT('',(-131.8156436282,10.,2.444054854031));
#2848 = CARTESIAN_POINT('',(-132.0208443273,10.,1.953092654279));
#2849 = CARTESIAN_POINT('',(-132.0780366152,10.,1.804772507056));
#2850 = CARTESIAN_POINT('',(-132.1314179014,10.,1.653205429359));
#2851 = CARTESIAN_POINT('',(-132.1805929459,10.,1.498410219832));
#2852 = CARTESIAN_POINT('',(-132.2251313006,10.,1.340479787721));
#2853 = CARTESIAN_POINT('',(-132.2645885202,10.,1.179594759317));
#2854 = CARTESIAN_POINT('',(-132.298537501,10.,1.016043445014));
#2855 = CARTESIAN_POINT('',(-132.3650289002,10.,0.623346629525));
#2856 = CARTESIAN_POINT('',(-132.3925102694,10.,0.391837718058));
#2857 = CARTESIAN_POINT('',(-132.407926606,10.,0.157461140539));
#2858 = CARTESIAN_POINT('',(-132.4106407073,10.,-7.80966929487E-02));
#2859 = CARTESIAN_POINT('',(-132.4005208905,10.,-0.313197696087));
#2860 = CARTESIAN_POINT('',(-132.3779304182,10.,-0.546247158624));
#2861 = CARTESIAN_POINT('',(-132.3436910766,10.,-0.7756888251));
#2862 = CARTESIAN_POINT('',(-132.2990209047,10.,-1.));
#2863 = PCURVE('',#156,#2864);
#2864 = DEFINITIONAL_REPRESENTATION('',(#2865),#2938);
#2865 = B_SPLINE_CURVE_WITH_KNOTS('',8,(#2866,#2867,#2868,#2869,#2870,
    #2871,#2872,#2873,#2874,#2875,#2876,#2877,#2878,#2879,#2880,#2881,
    #2882,#2883,#2884,#2885,#2886,#2887,#2888,#2889,#2890,#2891,#2892,
    #2893,#2894,#2895,#2896,#2897,#2898,#2899,#2900,#2901,#2902,#2903,
    #2904,#2905,#2906,#2907,#2908,#2909,#2910,#2911,#2912,#2913,#2914,
    #2915,#2916,#2917,#2918,#2919,#2920,#2921,#2922,#2923,#2924,#2925,
    #2926,#2927,#2928,#2929,#2930,#2931,#2932,#2933,#2934,#2935,#2936,
    #2937),.UNSPECIFIED.,.F.,.F.,(9,7,7,7,7,7,7,7,7,7,9),(0.,
    0.266216782668,0.400616691519,0.468010740236,0.53555299164,
    0.729650547443,0.803504646021,0.857577659989,0.929006912649,
    0.958979955955,1.),.UNSPECIFIED.);
#2866 = CARTESIAN_POINT('',(18.031946776609,28.));
#2867 = CARTESIAN_POINT('',(17.673185578239,26.978544284777));
#2868 = CARTESIAN_POINT('',(17.308353050062,25.958466515996));
#2869 = CARTESIAN_POINT('',(16.937446495428,24.939723721376));
#2870 = CARTESIAN_POINT('',(16.560428721103,23.922281183492));
#2871 = CARTESIAN_POINT('',(16.177223199722,22.906113358819));
#2872 = CARTESIAN_POINT('',(15.787701559559,21.89120622444));
#2873 = CARTESIAN_POINT('',(15.391663401641,20.87756105242));
#2874 = CARTESIAN_POINT('',(14.785426564865,19.354107546286));
#2875 = CARTESIAN_POINT('',(14.580307571924,18.843343305857));
#2876 = CARTESIAN_POINT('',(14.37341240367,18.332909879146));
#2877 = CARTESIAN_POINT('',(14.164696104137,17.822811962951));
#2878 = CARTESIAN_POINT('',(13.954106115168,17.313056309444));
#2879 = CARTESIAN_POINT('',(13.741580568521,16.803652073349));
#2880 = CARTESIAN_POINT('',(13.527046577963,16.294611159116));
#2881 = CARTESIAN_POINT('',(13.20179166362,15.530882684985));
#2882 = CARTESIAN_POINT('',(13.092587756043,15.275792620085));
#2883 = CARTESIAN_POINT('',(12.982802007554,15.0206732272));
#2884 = CARTESIAN_POINT('',(12.872414120071,14.765525779368));
#2885 = CARTESIAN_POINT('',(12.761388298527,14.510357968853));
#2886 = CARTESIAN_POINT('',(12.649673250862,14.255183907143));
#2887 = CARTESIAN_POINT('',(12.537202188029,14.000024124956));
#2888 = CARTESIAN_POINT('',(12.310334287324,13.489226001802));
#2889 = CARTESIAN_POINT('',(12.196009693533,13.233728253293));
#2890 = CARTESIAN_POINT('',(12.080860687371,12.978434915225));
#2891 = CARTESIAN_POINT('',(11.964826043291,12.723369711261));
#2892 = CARTESIAN_POINT('',(11.847841665449,12.468557500205));
#2893 = CARTESIAN_POINT('',(11.729840587702,12.21402427601));
#2894 = CARTESIAN_POINT('',(11.61075297361,11.959797167768));
#2895 = CARTESIAN_POINT('',(11.144950251979,10.976287689826));
#2896 = CARTESIAN_POINT('',(10.789896111178,10.249600532668));
#2897 = CARTESIAN_POINT('',(10.423522249907,9.526331888219));
#2898 = CARTESIAN_POINT('',(10.043780467467,8.807206333412));
#2899 = CARTESIAN_POINT('',(9.648362994202,8.09318923282));
#2900 = CARTESIAN_POINT('',(9.234371888998,7.385572484367));
#2901 = CARTESIAN_POINT('',(8.798287038802,6.685972657492));
#2902 = CARTESIAN_POINT('',(8.157932718039,5.734457996607));
#2903 = CARTESIAN_POINT('',(7.977435786683,5.473727498148));
#2904 = CARTESIAN_POINT('',(7.792628894643,5.214653959945));
#2905 = CARTESIAN_POINT('',(7.603165979849,4.957400549956));
#2906 = CARTESIAN_POINT('',(7.408661660691,4.702167964032));
#2907 = CARTESIAN_POINT('',(7.208674831282,4.449199712407));
#2908 = CARTESIAN_POINT('',(7.002679616465,4.198791831979));
#2909 = CARTESIAN_POINT('',(6.634325529071,3.770108557191));
#2910 = CARTESIAN_POINT('',(6.47507348608,3.590497083053));
#2911 = CARTESIAN_POINT('',(6.312004756628,3.412604340723));
#2912 = CARTESIAN_POINT('',(6.144832205052,3.236603046664));
#2913 = CARTESIAN_POINT('',(5.973241270185,3.06270782881));
#2914 = CARTESIAN_POINT('',(5.796877622161,2.89118038948));
#2915 = CARTESIAN_POINT('',(5.615325566794,2.722338897456));
#2916 = CARTESIAN_POINT('',(5.180726253,2.337596696495));
#2917 = CARTESIAN_POINT('',(4.92391061127,2.124406457321));
#2918 = CARTESIAN_POINT('',(4.656017721916,1.917420336521));
#2919 = CARTESIAN_POINT('',(4.375540199466,1.717735206332));
#2920 = CARTESIAN_POINT('',(4.081016825601,1.52717116995));
#2921 = CARTESIAN_POINT('',(3.77102076087,1.348268644197));
#2922 = CARTESIAN_POINT('',(3.444054854031,1.184356371798));
#2923 = CARTESIAN_POINT('',(2.953092654279,0.979155672628));
#2924 = CARTESIAN_POINT('',(2.804772507056,0.921963384701));
#2925 = CARTESIAN_POINT('',(2.653205429359,0.868582098516));
#2926 = CARTESIAN_POINT('',(2.498410219832,0.819407054042));
#2927 = CARTESIAN_POINT('',(2.340479787721,0.774868699359));
#2928 = CARTESIAN_POINT('',(2.179594759317,0.73541147973));
#2929 = CARTESIAN_POINT('',(2.016043445014,0.701462498997));
#2930 = CARTESIAN_POINT('',(1.623346629525,0.634971099716));
#2931 = CARTESIAN_POINT('',(1.391837718058,0.607489730544));
#2932 = CARTESIAN_POINT('',(1.157461140539,0.592073393983));
#2933 = CARTESIAN_POINT('',(0.921903307051,0.589359292648));
#2934 = CARTESIAN_POINT('',(0.686802303913,0.599479109456));
#2935 = CARTESIAN_POINT('',(0.453752841376,0.622069581706));
#2936 = CARTESIAN_POINT('',(0.2243111749,0.656308923323));
#2937 = CARTESIAN_POINT('',(0.,0.700979095277));
#2938 = ( GEOMETRIC_REPRESENTATION_CONTEXT(2) 
PARAMETRIC_REPRESENTATION_CONTEXT() REPRESENTATION_CONTEXT('2D SPACE',''
  ) );
#2939 = PCURVE('',#90,#2940);
#2940 = DEFINITIONAL_REPRESENTATION('',(#2941),#3014);
#2941 = B_SPLINE_CURVE_WITH_KNOTS('',8,(#2942,#2943,#2944,#2945,#2946,
    #2947,#2948,#2949,#2950,#2951,#2952,#2953,#2954,#2955,#2956,#2957,
    #2958,#2959,#2960,#2961,#2962,#2963,#2964,#2965,#2966,#2967,#2968,
    #2969,#2970,#2971,#2972,#2973,#2974,#2975,#2976,#2977,#2978,#2979,
    #2980,#2981,#2982,#2983,#2984,#2985,#2986,#2987,#2988,#2989,#2990,
    #2991,#2992,#2993,#2994,#2995,#2996,#2997,#2998,#2999,#3000,#3001,
    #3002,#3003,#3004,#3005,#3006,#3007,#3008,#3009,#3010,#3011,#3012,
    #3013),.UNSPECIFIED.,.F.,.F.,(9,7,7,7,7,7,7,7,7,7,9),(0.,
    0.266216782668,0.400616691519,0.468010740236,0.53555299164,
    0.729650547443,0.803504646021,0.857577659989,0.929006912649,
    0.958979955955,1.),.UNSPECIFIED.);
#2942 = CARTESIAN_POINT('',(5.752281348654,226.64031278666));
#2943 = CARTESIAN_POINT('',(5.743084400171,227.70888743063));
#2944 = CARTESIAN_POINT('',(5.733402508944,228.77673204997));
#2945 = CARTESIAN_POINT('',(5.723197912966,229.84376692297));
#2946 = CARTESIAN_POINT('',(5.712427350481,230.90990411173));
#2947 = CARTESIAN_POINT('',(5.701041303643,231.97504662857));
#2948 = CARTESIAN_POINT('',(5.688982248382,233.03908616445));
#2949 = CARTESIAN_POINT('',(5.676181910483,234.10189937924));
#2950 = CARTESIAN_POINT('',(5.655679239571,235.69921390161));
#2951 = CARTESIAN_POINT('',(5.648590938913,236.23473524581));
#2952 = CARTESIAN_POINT('',(5.641281921484,236.76988812638));
#2953 = CARTESIAN_POINT('',(5.633740598058,237.30465217377));
#2954 = CARTESIAN_POINT('',(5.625954274132,237.83900496149));
#2955 = CARTESIAN_POINT('',(5.617908929453,238.37292165834));
#2956 = CARTESIAN_POINT('',(5.609588997563,238.9063746807));
#2957 = CARTESIAN_POINT('',(5.596658782357,239.70658235181));
#2958 = CARTESIAN_POINT('',(5.592264928054,239.97383161261));
#2959 = CARTESIAN_POINT('',(5.58779370256,240.24108098803));
#2960 = CARTESIAN_POINT('',(5.583242385601,240.50833036726));
#2961 = CARTESIAN_POINT('',(5.578607416484,240.77557966788));
#2962 = CARTESIAN_POINT('',(5.573884394096,241.04282883585));
#2963 = CARTESIAN_POINT('',(5.569068076907,241.31007784554));
#2964 = CARTESIAN_POINT('',(5.559225879184,241.84516324671));
#2965 = CARTESIAN_POINT('',(5.554202728711,242.11284648228));
#2966 = CARTESIAN_POINT('',(5.549077917011,242.3803707299));
#2967 = CARTESIAN_POINT('',(5.543845963194,242.64772900642));
#2968 = CARTESIAN_POINT('',(5.53850092002,242.91491302202));
#2969 = CARTESIAN_POINT('',(5.533036373895,243.18191318021));
#2970 = CARTESIAN_POINT('',(5.527445444874,243.44871857787));
#2971 = CARTESIAN_POINT('',(5.505269718707,244.48144638432));
#2972 = CARTESIAN_POINT('',(5.48771748495,245.24568978249));
#2973 = CARTESIAN_POINT('',(5.468883965759,246.00794669032));
#2974 = CARTESIAN_POINT('',(5.448547814215,246.767859036));
#2975 = CARTESIAN_POINT('',(5.426439462175,247.5248031828));
#2976 = CARTESIAN_POINT('',(5.40220023704,248.27778345269));
#2977 = CARTESIAN_POINT('',(5.375370084985,249.02541850615));
#2978 = CARTESIAN_POINT('',(5.333732902945,250.0470609111));
#2979 = CARTESIAN_POINT('',(5.321775808147,250.3275180524));
#2980 = CARTESIAN_POINT('',(5.309297378112,250.60672093599));
#2981 = CARTESIAN_POINT('',(5.296251762142,250.88450668532));
#2982 = CARTESIAN_POINT('',(5.282587197782,251.16066947511));
#2983 = CARTESIAN_POINT('',(5.268244177426,251.43495379381));
#2984 = CARTESIAN_POINT('',(5.253152319492,251.70704254243));
#2985 = CARTESIAN_POINT('',(5.225565289832,252.17385519562));
#2986 = CARTESIAN_POINT('',(5.213458522449,252.36975947563));
#2987 = CARTESIAN_POINT('',(5.200871577295,252.56410892546));
#2988 = CARTESIAN_POINT('',(5.18776676139,252.75671332743));
#2989 = CARTESIAN_POINT('',(5.174102430093,252.94733449194));
#2990 = CARTESIAN_POINT('',(5.159831802969,253.13567979611));
#2991 = CARTESIAN_POINT('',(5.144900918921,253.32139089976));
#2992 = CARTESIAN_POINT('',(5.108565573908,253.7452867213));
#2993 = CARTESIAN_POINT('',(5.086661256595,253.9807180551));
#2994 = CARTESIAN_POINT('',(5.063351041344,254.20982737793));
#2995 = CARTESIAN_POINT('',(5.038450631316,254.43136606746));
#2996 = CARTESIAN_POINT('',(5.011771655589,254.64326737516));
#2997 = CARTESIAN_POINT('',(4.983127396458,254.84263224991));
#2998 = CARTESIAN_POINT('',(4.952335836846,255.02564245378));
#2999 = CARTESIAN_POINT('',(4.905309933095,255.25510423805));
#3000 = CARTESIAN_POINT('',(4.891010689809,255.31910801238));
#3001 = CARTESIAN_POINT('',(4.876307766674,255.3788903304));
#3002 = CARTESIAN_POINT('',(4.861204218225,255.43399874054));
#3003 = CARTESIAN_POINT('',(4.845712309474,255.48394045554));
#3004 = CARTESIAN_POINT('',(4.829855422697,255.52820656226));
#3005 = CARTESIAN_POINT('',(4.813670324552,255.56630799121));
#3006 = CARTESIAN_POINT('',(4.774682494582,255.64095390583));
#3007 = CARTESIAN_POINT('',(4.751599230567,255.671826314));
#3008 = CARTESIAN_POINT('',(4.728159384691,255.68915420332));
#3009 = CARTESIAN_POINT('',(4.704569287737,255.69220618957));
#3010 = CARTESIAN_POINT('',(4.681035547173,255.6808301832));
#3011 = CARTESIAN_POINT('',(4.657759009393,255.65544351417));
#3012 = CARTESIAN_POINT('',(4.634929355111,255.61698876996));
#3013 = CARTESIAN_POINT('',(4.612720327894,255.56685534662));
#3014 = ( GEOMETRIC_REPRESENTATION_CONTEXT(2) 
PARAMETRIC_REPRESENTATION_CONTEXT() REPRESENTATION_CONTEXT('2D SPACE',''
  ) );
#3015 = ADVANCED_FACE('',(#3016,#3257,#3260),#90,.T.);
#3016 = FACE_BOUND('',#3017,.T.);
#3017 = EDGE_LOOP('',(#3018,#3019,#3247,#3248,#3249,#3250,#3251,#3252,
    #3253,#3254,#3255,#3256));
#3018 = ORIENTED_EDGE('',*,*,#56,.F.);
#3019 = ORIENTED_EDGE('',*,*,#3020,.T.);
#3020 = EDGE_CURVE('',#22,#2494,#3021,.T.);
#3021 = SURFACE_CURVE('',#3022,(#3095,#3171),.PCURVE_S1.);
#3022 = B_SPLINE_CURVE_WITH_KNOTS('',8,(#3023,#3024,#3025,#3026,#3027,
    #3028,#3029,#3030,#3031,#3032,#3033,#3034,#3035,#3036,#3037,#3038,
    #3039,#3040,#3041,#3042,#3043,#3044,#3045,#3046,#3047,#3048,#3049,
    #3050,#3051,#3052,#3053,#3054,#3055,#3056,#3057,#3058,#3059,#3060,
    #3061,#3062,#3063,#3064,#3065,#3066,#3067,#3068,#3069,#3070,#3071,
    #3072,#3073,#3074,#3075,#3076,#3077,#3078,#3079,#3080,#3081,#3082,
    #3083,#3084,#3085,#3086,#3087,#3088,#3089,#3090,#3091,#3092,#3093,
    #3094),.UNSPECIFIED.,.F.,.F.,(9,7,7,7,7,7,7,7,7,7,9),(0.,
    0.264886244901,0.399625414652,0.467188526961,0.543197054206,
    0.739175875896,0.810386092134,0.862705865904,0.930492621568,
    0.958733910684,1.),.UNSPECIFIED.);
#3023 = CARTESIAN_POINT('',(-105.,-10.,17.031946776609));
#3024 = CARTESIAN_POINT('',(-106.0137084354,-10.,16.675906619713));
#3025 = CARTESIAN_POINT('',(-107.0260598141,-10.,16.313886864555));
#3026 = CARTESIAN_POINT('',(-108.037096077,-10.,15.945884867253));
#3027 = CARTESIAN_POINT('',(-109.0468511912,-10.,15.57186456888));
#3028 = CARTESIAN_POINT('',(-110.0553502517,-10.,15.191751768129));
#3029 = CARTESIAN_POINT('',(-111.06260723,-10.,14.805422115016));
#3030 = CARTESIAN_POINT('',(-112.0686213699,-10.,14.412681825633));
#3031 = CARTESIAN_POINT('',(-113.5844568912,-10.,13.810058391941));
#3032 = CARTESIAN_POINT('',(-114.0952140676,-10.,13.605142290384));
#3033 = CARTESIAN_POINT('',(-114.6056408876,-10.,13.398454259361));
#3034 = CARTESIAN_POINT('',(-115.115732791,-10.,13.189949905321));
#3035 = CARTESIAN_POINT('',(-115.6254831874,-10.,12.979577310924));
#3036 = CARTESIAN_POINT('',(-116.134883114,-10.,12.767275350894));
#3037 = CARTESIAN_POINT('',(-116.6439208937,-10.,12.552972007881));
#3038 = CARTESIAN_POINT('',(-117.4076428384,-10.,12.228077226026));
#3039 = CARTESIAN_POINT('',(-117.6627263349,-10.,12.11899449811));
#3040 = CARTESIAN_POINT('',(-117.917839208,-10.,12.009333311449));
#3041 = CARTESIAN_POINT('',(-118.1729815836,-10.,11.899076336192));
#3042 = CARTESIAN_POINT('',(-118.4281467884,-10.,11.788190105739));
#3043 = CARTESIAN_POINT('',(-118.6833213497,-10.,11.676625016744));
#3044 = CARTESIAN_POINT('',(-118.9384849955,-10.,11.564315329112));
#3045 = CARTESIAN_POINT('',(-119.4806271182,-10.,11.32390093914));
#3046 = CARTESIAN_POINT('',(-119.7676030192,-10.,11.19559034834));
#3047 = CARTESIAN_POINT('',(-120.0545135488,-10.,11.06615853918));
#3048 = CARTESIAN_POINT('',(-120.3413343308,-10.,10.935512078592));
#3049 = CARTESIAN_POINT('',(-120.6280411991,-10.,10.803551949418));
#3050 = CARTESIAN_POINT('',(-120.9146099751,-10.,10.670172544968));
#3051 = CARTESIAN_POINT('',(-121.2010162451,-10.,10.535260663574));
#3052 = CARTESIAN_POINT('',(-122.2252160386,-10.,10.046575126906));
#3053 = CARTESIAN_POINT('',(-122.9600230708,-10.,9.684376686119));
#3054 = CARTESIAN_POINT('',(-123.6911618171,-10.,9.310152348102));
#3055 = CARTESIAN_POINT('',(-124.4178643686,-10.,8.921702780065));
#3056 = CARTESIAN_POINT('',(-125.139088362,-10.,8.516554708225));
#3057 = CARTESIAN_POINT('',(-125.8534080932,-10.,8.091552141245));
#3058 = CARTESIAN_POINT('',(-126.5590311041,-10.,7.642870641291));
#3059 = CARTESIAN_POINT('',(-127.5055788648,-10.,6.990158904573));
#3060 = CARTESIAN_POINT('',(-127.7563170581,-10.,6.812253334496));
#3061 = CARTESIAN_POINT('',(-128.0053971226,-10.,6.630096608829));
#3062 = CARTESIAN_POINT('',(-128.2526561341,-10.,6.443350416839));
#3063 = CARTESIAN_POINT('',(-128.4978933511,-10.,6.251638298511));
#3064 = CARTESIAN_POINT('',(-128.7408649303,-10.,6.054529667265));
#3065 = CARTESIAN_POINT('',(-128.981274228,-10.,5.85151155359));
#3066 = CARTESIAN_POINT('',(-129.3932422145,-10.,5.487976987232));
#3067 = CARTESIAN_POINT('',(-129.5661270744,-10.,5.330489890041));
#3068 = CARTESIAN_POINT('',(-129.7372788071,-10.,5.169227514331));
#3069 = CARTESIAN_POINT('',(-129.9065223491,-10.,5.003907590792));
#3070 = CARTESIAN_POINT('',(-130.0736400968,-10.,4.83422183132));
#3071 = CARTESIAN_POINT('',(-130.2383667902,-10.,4.659824040631));
#3072 = CARTESIAN_POINT('',(-130.4003802188,-10.,4.4803093527));
#3073 = CARTESIAN_POINT('',(-130.7651721627,-10.,4.05533250524));
#3074 = CARTESIAN_POINT('',(-130.9654879339,-10.,3.806476706443));
#3075 = CARTESIAN_POINT('',(-131.1597823266,-10.,3.547162021812));
#3076 = CARTESIAN_POINT('',(-131.3469934707,-10.,3.276034903319));
#3077 = CARTESIAN_POINT('',(-131.5254221648,-10.,2.991805514748));
#3078 = CARTESIAN_POINT('',(-131.6927298622,-10.,2.693233071782));
#3079 = CARTESIAN_POINT('',(-131.8458903008,-10.,2.379052900759));
#3080 = CARTESIAN_POINT('',(-132.0373208497,-10.,1.909742107756));
#3081 = CARTESIAN_POINT('',(-132.0904466242,-10.,1.768857799344));
#3082 = CARTESIAN_POINT('',(-132.140097897,-10.,1.625080474834));
#3083 = CARTESIAN_POINT('',(-132.1859372879,-10.,1.478435118543));
#3084 = CARTESIAN_POINT('',(-132.2276010054,-10.,1.329007972519));
#3085 = CARTESIAN_POINT('',(-132.2647155193,-10.,1.176957134261));
#3086 = CARTESIAN_POINT('',(-132.2969216028,-10.,1.022527759398));
#3087 = CARTESIAN_POINT('',(-132.3633348966,-10.,0.637458978939));
#3088 = CARTESIAN_POINT('',(-132.3916901021,-10.,0.40408452579));
#3089 = CARTESIAN_POINT('',(-132.4077978582,-10.,0.167724649271));
#3090 = CARTESIAN_POINT('',(-132.4109874837,-10.,-6.98960680526E-02));
#3091 = CARTESIAN_POINT('',(-132.4011094976,-10.,-0.307099251664));
#3092 = CARTESIAN_POINT('',(-132.3785269219,-10.,-0.542247363048));
#3093 = CARTESIAN_POINT('',(-132.3440795107,-10.,-0.77373830439));
#3094 = CARTESIAN_POINT('',(-132.2990209047,-10.,-1.));
#3095 = PCURVE('',#90,#3096);
#3096 = DEFINITIONAL_REPRESENTATION('',(#3097),#3170);
#3097 = B_SPLINE_CURVE_WITH_KNOTS('',8,(#3098,#3099,#3100,#3101,#3102,
    #3103,#3104,#3105,#3106,#3107,#3108,#3109,#3110,#3111,#3112,#3113,
    #3114,#3115,#3116,#3117,#3118,#3119,#3120,#3121,#3122,#3123,#3124,
    #3125,#3126,#3127,#3128,#3129,#3130,#3131,#3132,#3133,#3134,#3135,
    #3136,#3137,#3138,#3139,#3140,#3141,#3142,#3143,#3144,#3145,#3146,
    #3147,#3148,#3149,#3150,#3151,#3152,#3153,#3154,#3155,#3156,#3157,
    #3158,#3159,#3160,#3161,#3162,#3163,#3164,#3165,#3166,#3167,#3168,
    #3169),.UNSPECIFIED.,.F.,.F.,(9,7,7,7,7,7,7,7,7,7,9),(0.,
    0.264886244901,0.399625414652,0.467188526961,0.543197054206,
    0.739175875896,0.810386092134,0.862705865904,0.930492621568,
    0.958733910684,1.),.UNSPECIFIED.);
#3098 = CARTESIAN_POINT('',(6.814089265705,226.64031278666));
#3099 = CARTESIAN_POINT('',(6.823216459493,227.70078277512));
#3100 = CARTESIAN_POINT('',(6.832821267485,228.76053384046));
#3101 = CARTESIAN_POINT('',(6.842940601806,229.81948799795));
#3102 = CARTESIAN_POINT('',(6.85361670293,230.8775593272));
#3103 = CARTESIAN_POINT('',(6.864897876337,231.93465315647));
#3104 = CARTESIAN_POINT('',(6.876840172328,232.990663884));
#3105 = CARTESIAN_POINT('',(6.889510008954,234.04547143613));
#3106 = CARTESIAN_POINT('',(6.909843428313,235.63480031271));
#3107 = CARTESIAN_POINT('',(6.916908139395,236.17031621747));
#3108 = CARTESIAN_POINT('',(6.924192500723,236.70546553622));
#3109 = CARTESIAN_POINT('',(6.931708018732,237.24022803939));
#3110 = CARTESIAN_POINT('',(6.939467294486,237.7745814659));
#3111 = CARTESIAN_POINT('',(6.947484241241,238.30850118066));
#3112 = CARTESIAN_POINT('',(6.95577430201,238.84195983205));
#3113 = CARTESIAN_POINT('',(6.968657173757,239.64217610513));
#3114 = CARTESIAN_POINT('',(6.973034850445,239.90942534219));
#3115 = CARTESIAN_POINT('',(6.977489420806,240.17667466299));
#3116 = CARTESIAN_POINT('',(6.982023466521,240.44392400877));
#3117 = CARTESIAN_POINT('',(6.986640427335,240.71117331963));
#3118 = CARTESIAN_POINT('',(6.991344601051,240.97842253455));
#3119 = CARTESIAN_POINT('',(6.996141143537,241.24567159141));
#3120 = CARTESIAN_POINT('',(7.006542861427,241.81357546935));
#3121 = CARTESIAN_POINT('',(7.012173687537,242.11423076077));
#3122 = CARTESIAN_POINT('',(7.017936153758,242.41488581772));
#3123 = CARTESIAN_POINT('',(7.023838494106,242.71554061024));
#3124 = CARTESIAN_POINT('',(7.029889706099,243.01619532849));
#3125 = CARTESIAN_POINT('',(7.036099686959,243.3168501493));
#3126 = CARTESIAN_POINT('',(7.042479369803,243.61750500277));
#3127 = CARTESIAN_POINT('',(7.065958870653,244.69336028892));
#3128 = CARTESIAN_POINT('',(7.084041485228,245.4665323512));
#3129 = CARTESIAN_POINT('',(7.103483170808,246.23758275979));
#3130 = CARTESIAN_POINT('',(7.1245243061,247.00612027794));
#3131 = CARTESIAN_POINT('',(7.147457412186,247.77145146176));
#3132 = CARTESIAN_POINT('',(7.172677009876,248.53244617856));
#3133 = CARTESIAN_POINT('',(7.200688281553,249.28753771016));
#3134 = CARTESIAN_POINT('',(7.24382150938,250.30541087602));
#3135 = CARTESIAN_POINT('',(7.255794474342,250.57553181095));
#3136 = CARTESIAN_POINT('',(7.268284416118,250.84437044367));
#3137 = CARTESIAN_POINT('',(7.28133623815,251.1117615542));
#3138 = CARTESIAN_POINT('',(7.295000544881,251.37749663422));
#3139 = CARTESIAN_POINT('',(7.309335403461,251.64131716838));
#3140 = CARTESIAN_POINT('',(7.324409352269,251.90290277892));
#3141 = CARTESIAN_POINT('',(7.351985034197,252.35211178762));
#3142 = CARTESIAN_POINT('',(7.364107031122,252.5409252929));
#3143 = CARTESIAN_POINT('',(7.376705135832,252.72814799176));
#3144 = CARTESIAN_POINT('',(7.389816279617,252.91358608094));
#3145 = CARTESIAN_POINT('',(7.403481137236,253.09699707022));
#3146 = CARTESIAN_POINT('',(7.417745243292,253.27808338679));
#3147 = CARTESIAN_POINT('',(7.432660924025,253.45648122562));
#3148 = CARTESIAN_POINT('',(7.468539508419,253.85882014336));
#3149 = CARTESIAN_POINT('',(7.489951663415,254.0802425641));
#3150 = CARTESIAN_POINT('',(7.512690987985,254.29548167992));
#3151 = CARTESIAN_POINT('',(7.536922696434,254.5033276639));
#3152 = CARTESIAN_POINT('',(7.56281252657,254.70184878101));
#3153 = CARTESIAN_POINT('',(7.590521647522,254.8883747818));
#3154 = CARTESIAN_POINT('',(7.620202034753,255.05943454393));
#3155 = CARTESIAN_POINT('',(7.665244338859,255.27354520492));
#3156 = CARTESIAN_POINT('',(7.678847909404,255.33300797693));
#3157 = CARTESIAN_POINT('',(7.692811019245,255.38861932665));
#3158 = CARTESIAN_POINT('',(7.707129925066,255.4399930224));
#3159 = CARTESIAN_POINT('',(7.721793281767,255.48671258028));
#3160 = CARTESIAN_POINT('',(7.736780677033,255.52835030105));
#3161 = CARTESIAN_POINT('',(7.752060910697,255.5644948595));
#3162 = CARTESIAN_POINT('',(7.790281106514,255.6390508856));
#3163 = CARTESIAN_POINT('',(7.813546636026,255.67090445057));
#3164 = CARTESIAN_POINT('',(7.837183380689,255.68900943204));
#3165 = CARTESIAN_POINT('',(7.860980408242,255.69259601672));
#3166 = CARTESIAN_POINT('',(7.884725943213,255.68149165113));
#3167 = CARTESIAN_POINT('',(7.908213621668,255.65611345876));
#3168 = CARTESIAN_POINT('',(7.931248138385,255.61742471026));
#3169 = CARTESIAN_POINT('',(7.953650286466,255.56685534662));
#3170 = ( GEOMETRIC_REPRESENTATION_CONTEXT(2) 
PARAMETRIC_REPRESENTATION_CONTEXT() REPRESENTATION_CONTEXT('2D SPACE',''
  ) );
#3171 = PCURVE('',#44,#3172);
#3172 = DEFINITIONAL_REPRESENTATION('',(#3173),#3246);
#3173 = B_SPLINE_CURVE_WITH_KNOTS('',8,(#3174,#3175,#3176,#3177,#3178,
    #3179,#3180,#3181,#3182,#3183,#3184,#3185,#3186,#3187,#3188,#3189,
    #3190,#3191,#3192,#3193,#3194,#3195,#3196,#3197,#3198,#3199,#3200,
    #3201,#3202,#3203,#3204,#3205,#3206,#3207,#3208,#3209,#3210,#3211,
    #3212,#3213,#3214,#3215,#3216,#3217,#3218,#3219,#3220,#3221,#3222,
    #3223,#3224,#3225,#3226,#3227,#3228,#3229,#3230,#3231,#3232,#3233,
    #3234,#3235,#3236,#3237,#3238,#3239,#3240,#3241,#3242,#3243,#3244,
    #3245),.UNSPECIFIED.,.F.,.F.,(9,7,7,7,7,7,7,7,7,7,9),(0.,
    0.264886244901,0.399625414652,0.467188526961,0.543197054206,
    0.739175875896,0.810386092134,0.862705865904,0.930492621568,
    0.958733910684,1.),.UNSPECIFIED.);
#3174 = CARTESIAN_POINT('',(18.031946776609,28.));
#3175 = CARTESIAN_POINT('',(17.675906619713,26.986291564519));
#3176 = CARTESIAN_POINT('',(17.313886864555,25.973940185891));
#3177 = CARTESIAN_POINT('',(16.945884867253,24.962903922959));
#3178 = CARTESIAN_POINT('',(16.57186456888,23.953148808713));
#3179 = CARTESIAN_POINT('',(16.191751768129,22.944649748251));
#3180 = CARTESIAN_POINT('',(15.805422115016,21.937392769972));
#3181 = CARTESIAN_POINT('',(15.412681825633,20.931378630006));
#3182 = CARTESIAN_POINT('',(14.810058391941,19.415543108798));
#3183 = CARTESIAN_POINT('',(14.605142290384,18.904785932338));
#3184 = CARTESIAN_POINT('',(14.398454259361,18.394359112329));
#3185 = CARTESIAN_POINT('',(14.189949905321,17.884267208909));
#3186 = CARTESIAN_POINT('',(13.979577310924,17.374516812526));
#3187 = CARTESIAN_POINT('',(13.767275350894,16.865116885942));
#3188 = CARTESIAN_POINT('',(13.552972007881,16.356079106243));
#3189 = CARTESIAN_POINT('',(13.228077226026,15.592357161585));
#3190 = CARTESIAN_POINT('',(13.11899449811,15.337273665068));
#3191 = CARTESIAN_POINT('',(13.009333311449,15.082160791976));
#3192 = CARTESIAN_POINT('',(12.899076336192,14.827018416333));
#3193 = CARTESIAN_POINT('',(12.788190105739,14.571853211507));
#3194 = CARTESIAN_POINT('',(12.676625016744,14.316678650204));
#3195 = CARTESIAN_POINT('',(12.564315329112,14.06151500447));
#3196 = CARTESIAN_POINT('',(12.32390093914,13.519372881771));
#3197 = CARTESIAN_POINT('',(12.19559034834,13.232396980767));
#3198 = CARTESIAN_POINT('',(12.06615853918,12.945486451197));
#3199 = CARTESIAN_POINT('',(11.935512078592,12.658665669165));
#3200 = CARTESIAN_POINT('',(11.803551949418,12.371958800827));
#3201 = CARTESIAN_POINT('',(11.670172544968,12.085390024847));
#3202 = CARTESIAN_POINT('',(11.535260663574,11.798983754856));
#3203 = CARTESIAN_POINT('',(11.046575126906,10.774783961377));
#3204 = CARTESIAN_POINT('',(10.684376686119,10.039976929145));
#3205 = CARTESIAN_POINT('',(10.310152348102,9.308838182803));
#3206 = CARTESIAN_POINT('',(9.921702780065,8.582135631311));
#3207 = CARTESIAN_POINT('',(9.516554708225,7.860911637906));
#3208 = CARTESIAN_POINT('',(9.091552141245,7.146591906715));
#3209 = CARTESIAN_POINT('',(8.642870641291,6.440968895846));
#3210 = CARTESIAN_POINT('',(7.990158904573,5.494421135153));
#3211 = CARTESIAN_POINT('',(7.812253334496,5.243682941889));
#3212 = CARTESIAN_POINT('',(7.630096608829,4.994602877355));
#3213 = CARTESIAN_POINT('',(7.443350416839,4.74734386581));
#3214 = CARTESIAN_POINT('',(7.251638298511,4.502106648818));
#3215 = CARTESIAN_POINT('',(7.054529667265,4.259135069667));
#3216 = CARTESIAN_POINT('',(6.85151155359,4.01872577194));
#3217 = CARTESIAN_POINT('',(6.487976987232,3.606757785417));
#3218 = CARTESIAN_POINT('',(6.330489890041,3.433872925517));
#3219 = CARTESIAN_POINT('',(6.169227514331,3.262721192875));
#3220 = CARTESIAN_POINT('',(6.003907590792,3.093477650823));
#3221 = CARTESIAN_POINT('',(5.83422183132,2.926359903122));
#3222 = CARTESIAN_POINT('',(5.659824040631,2.76163320977));
#3223 = CARTESIAN_POINT('',(5.4803093527,2.59961978118));
#3224 = CARTESIAN_POINT('',(5.05533250524,2.234827837218));
#3225 = CARTESIAN_POINT('',(4.806476706443,2.034512066064));
#3226 = CARTESIAN_POINT('',(4.547162021812,1.84021767335));
#3227 = CARTESIAN_POINT('',(4.276034903319,1.653006529256));
#3228 = CARTESIAN_POINT('',(3.991805514748,1.474577835138));
#3229 = CARTESIAN_POINT('',(3.693233071782,1.307270137746));
#3230 = CARTESIAN_POINT('',(3.379052900759,1.154109699115));
#3231 = CARTESIAN_POINT('',(2.909742107756,0.962679150289));
#3232 = CARTESIAN_POINT('',(2.768857799344,0.909553375753));
#3233 = CARTESIAN_POINT('',(2.625080474834,0.859902102993));
#3234 = CARTESIAN_POINT('',(2.478435118543,0.81406271207));
#3235 = CARTESIAN_POINT('',(2.329007972519,0.772398994509));
#3236 = CARTESIAN_POINT('',(2.176957134261,0.735284480676));
#3237 = CARTESIAN_POINT('',(2.022527759398,0.703078397177));
#3238 = CARTESIAN_POINT('',(1.637458978939,0.636665103324));
#3239 = CARTESIAN_POINT('',(1.40408452579,0.608309897811));
#3240 = CARTESIAN_POINT('',(1.167724649271,0.592202141746));
#3241 = CARTESIAN_POINT('',(0.930103931947,0.589012516234));
#3242 = CARTESIAN_POINT('',(0.692900748336,0.598890502334));
#3243 = CARTESIAN_POINT('',(0.457752636952,0.621473078025));
#3244 = CARTESIAN_POINT('',(0.22626169561,0.655920489284));
#3245 = CARTESIAN_POINT('',(0.,0.700979095277));
#3246 = ( GEOMETRIC_REPRESENTATION_CONTEXT(2) 
PARAMETRIC_REPRESENTATION_CONTEXT() REPRESENTATION_CONTEXT('2D SPACE',''
  ) );
#3247 = ORIENTED_EDGE('',*,*,#2516,.T.);
#3248 = ORIENTED_EDGE('',*,*,#2074,.T.);
#3249 = ORIENTED_EDGE('',*,*,#2576,.T.);
#3250 = ORIENTED_EDGE('',*,*,#2606,.T.);
#3251 = ORIENTED_EDGE('',*,*,#2251,.T.);
#3252 = ORIENTED_EDGE('',*,*,#2661,.T.);
#3253 = ORIENTED_EDGE('',*,*,#2694,.T.);
#3254 = ORIENTED_EDGE('',*,*,#2374,.T.);
#3255 = ORIENTED_EDGE('',*,*,#2725,.F.);
#3256 = ORIENTED_EDGE('',*,*,#2788,.F.);
#3257 = FACE_BOUND('',#3258,.T.);
#3258 = EDGE_LOOP('',(#3259));
#3259 = ORIENTED_EDGE('',*,*,#508,.T.);
#3260 = FACE_BOUND('',#3261,.T.);
#3261 = EDGE_LOOP('',(#3262));
#3262 = ORIENTED_EDGE('',*,*,#1522,.T.);
#3263 = ADVANCED_FACE('',(#3264),#44,.F.);
#3264 = FACE_BOUND('',#3265,.F.);
#3265 = EDGE_LOOP('',(#3266,#3267,#3268,#3269,#3270));
#3266 = ORIENTED_EDGE('',*,*,#2493,.F.);
#3267 = ORIENTED_EDGE('',*,*,#2023,.T.);
#3268 = ORIENTED_EDGE('',*,*,#227,.T.);
#3269 = ORIENTED_EDGE('',*,*,#21,.F.);
#3270 = ORIENTED_EDGE('',*,*,#3020,.T.);
#3271 = ( GEOMETRIC_REPRESENTATION_CONTEXT(3) 
GLOBAL_UNCERTAINTY_ASSIGNED_CONTEXT((#3275)) 
GLOBAL_UNIT_ASSIGNED_CONTEXT((#3272,#3273,#3274)) REPRESENTATION_CONTEXT
('Context #1','3D Context with UNIT and UNCERTAINTY') );
#3272 = ( LENGTH_UNIT() NAMED_UNIT(*) SI_UNIT(.MILLI.,.METRE.) );
#3273 = ( NAMED_UNIT(*) PLANE_ANGLE_UNIT() SI_UNIT($,.RADIAN.) );
#3274 = ( NAMED_UNIT(*) SI_UNIT($,.STERADIAN.) SOLID_ANGLE_UNIT() );
#3275 = UNCERTAINTY_MEASURE_WITH_UNIT(LENGTH_MEASURE(2.E-06),#3272,
  'distance_accuracy_value','confusion accuracy');
#3276 = PRODUCT_RELATED_PRODUCT_CATEGORY('part',$,(#7));

#3277=DESCRIPTIVE_REPRESENTATION_ITEM('cadpy:generator','cadpy');
#3278=REPRESENTATION('cadpy:generator',(#3277),#3271);
#3279=PROPERTY_DEFINITION('cadpy metadata','cadpy:generator',#5);
#3280=PROPERTY_DEFINITION_REPRESENTATION(#3279,#3278);
#3281=DESCRIPTIVE_REPRESENTATION_ITEM('cadpy:entryKind','part');
#3282=REPRESENTATION('cadpy:entryKind',(#3281),#3271);
#3283=PROPERTY_DEFINITION('cadpy metadata','cadpy:entryKind',#5);
#3284=PROPERTY_DEFINITION_REPRESENTATION(#3283,#3282);
#3285=DESCRIPTIVE_REPRESENTATION_ITEM('cadpy:sourcePath','tail_fin.py');
#3286=REPRESENTATION('cadpy:sourcePath',(#3285),#3271);
#3287=PROPERTY_DEFINITION('cadpy metadata','cadpy:sourcePath',#5);
#3288=PROPERTY_DEFINITION_REPRESENTATION(#3287,#3286);
#3289=DESCRIPTIVE_REPRESENTATION_ITEM('cadpy:sourceHash','d86183e515a69ee774ad84c65eb95362c25ac3d41de40524ce24930064da1fa8');
#3290=REPRESENTATION('cadpy:sourceHash',(#3289),#3271);
#3291=PROPERTY_DEFINITION('cadpy metadata','cadpy:sourceHash',#5);
#3292=PROPERTY_DEFINITION_REPRESENTATION(#3291,#3290);
ENDSEC;
END-ISO-10303-21;
