ISO-10303-21;
HEADER;
FILE_DESCRIPTION(('Open CASCADE Model'),'2;1');
FILE_NAME('Open CASCADE Shape Model','2026-08-08T18:46:13',('Author'),(
    'Open CASCADE'),'Open CASCADE STEP processor 7.9','Open CASCADE 7.9'
  ,'Unknown');
FILE_SCHEMA(('AUTOMOTIVE_DESIGN { 1 0 10303 214 1 1 1 1 }'));
ENDSEC;
DATA;
#1 = APPLICATION_PROTOCOL_DEFINITION('international standard',
  'automotive_design',2000,#2);
#2 = APPLICATION_CONTEXT(
  'core data for automotive mechanical design processes');
#3 = SHAPE_DEFINITION_REPRESENTATION(#4,#10);
#4 = PRODUCT_DEFINITION_SHAPE('','',#5);
#5 = PRODUCT_DEFINITION('design','',#6,#9);
#6 = PRODUCT_DEFINITION_FORMATION('','',#7);
#7 = PRODUCT('Open CASCADE STEP translator 7.9 5',
  'Open CASCADE STEP translator 7.9 5','',(#8));
#8 = PRODUCT_CONTEXT('',#2,'mechanical');
#9 = PRODUCT_DEFINITION_CONTEXT('part definition',#2,'design');
#10 = ADVANCED_BREP_SHAPE_REPRESENTATION('',(#11,#15),#2590);
#11 = AXIS2_PLACEMENT_3D('',#12,#13,#14);
#12 = CARTESIAN_POINT('',(0.,0.,0.));
#13 = DIRECTION('',(0.,0.,1.));
#14 = DIRECTION('',(1.,0.,-0.));
#15 = MANIFOLD_SOLID_BREP('',#16);
#16 = CLOSED_SHELL('',(#17,#172,#437,#486,#594,#785,#839,#1269,#1553,
    #1563,#1956,#1964,#1991,#1996,#2263,#2270,#2297,#2324,#2351,#2378,
    #2448,#2500,#2553,#2583));
#17 = ADVANCED_FACE('',(#18,#137),#32,.F.);
#18 = FACE_BOUND('',#19,.F.);
#19 = EDGE_LOOP('',(#20,#55,#83,#111));
#20 = ORIENTED_EDGE('',*,*,#21,.F.);
#21 = EDGE_CURVE('',#22,#24,#26,.T.);
#22 = VERTEX_POINT('',#23);
#23 = CARTESIAN_POINT('',(-9.045810584695,-4.,-22.38075824077));
#24 = VERTEX_POINT('',#25);
#25 = CARTESIAN_POINT('',(9.969385657403,-4.,-4.648800879148));
#26 = SURFACE_CURVE('',#27,(#31,#43),.PCURVE_S1.);
#27 = LINE('',#28,#29);
#28 = CARTESIAN_POINT('',(-9.045810584695,-4.,-22.38075824077));
#29 = VECTOR('',#30,1.);
#30 = DIRECTION('',(0.731353701619,0.,0.681998360062));
#31 = PCURVE('',#32,#37);
#32 = PLANE('',#33);
#33 = AXIS2_PLACEMENT_3D('',#34,#35,#36);
#34 = CARTESIAN_POINT('',(-9.045810584695,-4.,-22.38075824077));
#35 = DIRECTION('',(0.681998360062,0.,-0.731353701619));
#36 = DIRECTION('',(0.731353701619,0.,0.681998360062));
#37 = DEFINITIONAL_REPRESENTATION('',(#38),#42);
#38 = LINE('',#39,#40);
#39 = CARTESIAN_POINT('',(0.,0.));
#40 = VECTOR('',#41,1.);
#41 = DIRECTION('',(1.,0.));
#42 = ( GEOMETRIC_REPRESENTATION_CONTEXT(2) 
PARAMETRIC_REPRESENTATION_CONTEXT() REPRESENTATION_CONTEXT('2D SPACE',''
  ) );
#43 = PCURVE('',#44,#49);
#44 = PLANE('',#45);
#45 = AXIS2_PLACEMENT_3D('',#46,#47,#48);
#46 = CARTESIAN_POINT('',(-9.045810584695,-4.,-22.38075824077));
#47 = DIRECTION('',(0.,1.,0.));
#48 = DIRECTION('',(0.731353701619,0.,0.681998360062));
#49 = DEFINITIONAL_REPRESENTATION('',(#50),#54);
#50 = LINE('',#51,#52);
#51 = CARTESIAN_POINT('',(0.,0.));
#52 = VECTOR('',#53,1.);
#53 = DIRECTION('',(1.,1.8121918896E-17));
#54 = ( GEOMETRIC_REPRESENTATION_CONTEXT(2) 
PARAMETRIC_REPRESENTATION_CONTEXT() REPRESENTATION_CONTEXT('2D SPACE',''
  ) );
#55 = ORIENTED_EDGE('',*,*,#56,.T.);
#56 = EDGE_CURVE('',#22,#57,#59,.T.);
#57 = VERTEX_POINT('',#58);
#58 = CARTESIAN_POINT('',(-9.045810584695,4.,-22.38075824077));
#59 = SURFACE_CURVE('',#60,(#64,#71),.PCURVE_S1.);
#60 = LINE('',#61,#62);
#61 = CARTESIAN_POINT('',(-9.045810584695,-4.,-22.38075824077));
#62 = VECTOR('',#63,1.);
#63 = DIRECTION('',(0.,1.,0.));
#64 = PCURVE('',#32,#65);
#65 = DEFINITIONAL_REPRESENTATION('',(#66),#70);
#66 = LINE('',#67,#68);
#67 = CARTESIAN_POINT('',(0.,0.));
#68 = VECTOR('',#69,1.);
#69 = DIRECTION('',(0.,-1.));
#70 = ( GEOMETRIC_REPRESENTATION_CONTEXT(2) 
PARAMETRIC_REPRESENTATION_CONTEXT() REPRESENTATION_CONTEXT('2D SPACE',''
  ) );
#71 = PCURVE('',#72,#77);
#72 = PLANE('',#73);
#73 = AXIS2_PLACEMENT_3D('',#74,#75,#76);
#74 = CARTESIAN_POINT('',(-9.045810584695,-4.,-22.38075824077));
#75 = DIRECTION('',(0.731353701619,0.,0.681998360062));
#76 = DIRECTION('',(0.681998360062,0.,-0.731353701619));
#77 = DEFINITIONAL_REPRESENTATION('',(#78),#82);
#78 = LINE('',#79,#80);
#79 = CARTESIAN_POINT('',(0.,0.));
#80 = VECTOR('',#81,1.);
#81 = DIRECTION('',(0.,1.));
#82 = ( GEOMETRIC_REPRESENTATION_CONTEXT(2) 
PARAMETRIC_REPRESENTATION_CONTEXT() REPRESENTATION_CONTEXT('2D SPACE',''
  ) );
#83 = ORIENTED_EDGE('',*,*,#84,.T.);
#84 = EDGE_CURVE('',#57,#85,#87,.T.);
#85 = VERTEX_POINT('',#86);
#86 = CARTESIAN_POINT('',(9.969385657403,4.,-4.648800879148));
#87 = SURFACE_CURVE('',#88,(#92,#99),.PCURVE_S1.);
#88 = LINE('',#89,#90);
#89 = CARTESIAN_POINT('',(-9.045810584695,4.,-22.38075824077));
#90 = VECTOR('',#91,1.);
#91 = DIRECTION('',(0.731353701619,0.,0.681998360062));
#92 = PCURVE('',#32,#93);
#93 = DEFINITIONAL_REPRESENTATION('',(#94),#98);
#94 = LINE('',#95,#96);
#95 = CARTESIAN_POINT('',(0.,-8.));
#96 = VECTOR('',#97,1.);
#97 = DIRECTION('',(1.,0.));
#98 = ( GEOMETRIC_REPRESENTATION_CONTEXT(2) 
PARAMETRIC_REPRESENTATION_CONTEXT() REPRESENTATION_CONTEXT('2D SPACE',''
  ) );
#99 = PCURVE('',#100,#105);
#100 = PLANE('',#101);
#101 = AXIS2_PLACEMENT_3D('',#102,#103,#104);
#102 = CARTESIAN_POINT('',(-9.045810584695,4.,-22.38075824077));
#103 = DIRECTION('',(0.,1.,0.));
#104 = DIRECTION('',(0.731353701619,0.,0.681998360062));
#105 = DEFINITIONAL_REPRESENTATION('',(#106),#110);
#106 = LINE('',#107,#108);
#107 = CARTESIAN_POINT('',(0.,0.));
#108 = VECTOR('',#109,1.);
#109 = DIRECTION('',(1.,1.8121918896E-17));
#110 = ( GEOMETRIC_REPRESENTATION_CONTEXT(2) 
PARAMETRIC_REPRESENTATION_CONTEXT() REPRESENTATION_CONTEXT('2D SPACE',''
  ) );
#111 = ORIENTED_EDGE('',*,*,#112,.F.);
#112 = EDGE_CURVE('',#24,#85,#113,.T.);
#113 = SURFACE_CURVE('',#114,(#118,#125),.PCURVE_S1.);
#114 = LINE('',#115,#116);
#115 = CARTESIAN_POINT('',(9.969385657403,-4.,-4.648800879148));
#116 = VECTOR('',#117,1.);
#117 = DIRECTION('',(0.,1.,0.));
#118 = PCURVE('',#32,#119);
#119 = DEFINITIONAL_REPRESENTATION('',(#120),#124);
#120 = LINE('',#121,#122);
#121 = CARTESIAN_POINT('',(26.,0.));
#122 = VECTOR('',#123,1.);
#123 = DIRECTION('',(0.,-1.));
#124 = ( GEOMETRIC_REPRESENTATION_CONTEXT(2) 
PARAMETRIC_REPRESENTATION_CONTEXT() REPRESENTATION_CONTEXT('2D SPACE',''
  ) );
#125 = PCURVE('',#126,#131);
#126 = PLANE('',#127);
#127 = AXIS2_PLACEMENT_3D('',#128,#129,#130);
#128 = CARTESIAN_POINT('',(9.969385657403,-4.,-4.648800879148));
#129 = DIRECTION('',(0.731353701619,0.,0.681998360062));
#130 = DIRECTION('',(0.681998360062,0.,-0.731353701619));
#131 = DEFINITIONAL_REPRESENTATION('',(#132),#136);
#132 = LINE('',#133,#134);
#133 = CARTESIAN_POINT('',(0.,0.));
#134 = VECTOR('',#135,1.);
#135 = DIRECTION('',(0.,1.));
#136 = ( GEOMETRIC_REPRESENTATION_CONTEXT(2) 
PARAMETRIC_REPRESENTATION_CONTEXT() REPRESENTATION_CONTEXT('2D SPACE',''
  ) );
#137 = FACE_BOUND('',#138,.F.);
#138 = EDGE_LOOP('',(#139));
#139 = ORIENTED_EDGE('',*,*,#140,.T.);
#140 = EDGE_CURVE('',#141,#141,#143,.T.);
#141 = VERTEX_POINT('',#142);
#142 = CARTESIAN_POINT('',(-0.908062057374,2.75,-14.79218497185));
#143 = SURFACE_CURVE('',#144,(#149,#160),.PCURVE_S1.);
#144 = CIRCLE('',#145,2.75);
#145 = AXIS2_PLACEMENT_3D('',#146,#147,#148);
#146 = CARTESIAN_POINT('',(-0.908062057374,0.,-14.79218497185));
#147 = DIRECTION('',(-0.681998360062,0.,0.731353701619));
#148 = DIRECTION('',(0.,1.,0.));
#149 = PCURVE('',#32,#150);
#150 = DEFINITIONAL_REPRESENTATION('',(#151),#159);
#151 = ( BOUNDED_CURVE() B_SPLINE_CURVE(2,(#152,#153,#154,#155,#156,#157
,#158),.UNSPECIFIED.,.T.,.F.) B_SPLINE_CURVE_WITH_KNOTS((1,2,2,2,2,1),(
    -2.094395102393,0.,2.094395102393,4.188790204786,6.28318530718,
8.377580409573),.UNSPECIFIED.) CURVE() GEOMETRIC_REPRESENTATION_ITEM() 
RATIONAL_B_SPLINE_CURVE((1.,0.5,1.,0.5,1.,0.5,1.)) REPRESENTATION_ITEM(
  '') );
#152 = CARTESIAN_POINT('',(11.12696703292,-6.75));
#153 = CARTESIAN_POINT('',(6.363827312106,-6.75));
#154 = CARTESIAN_POINT('',(8.745397172513,-2.625));
#155 = CARTESIAN_POINT('',(11.12696703292,1.5));
#156 = CARTESIAN_POINT('',(13.508536893328,-2.625));
#157 = CARTESIAN_POINT('',(15.890106753735,-6.75));
#158 = CARTESIAN_POINT('',(11.12696703292,-6.75));
#159 = ( GEOMETRIC_REPRESENTATION_CONTEXT(2) 
PARAMETRIC_REPRESENTATION_CONTEXT() REPRESENTATION_CONTEXT('2D SPACE',''
  ) );
#160 = PCURVE('',#161,#166);
#161 = CYLINDRICAL_SURFACE('',#162,2.75);
#162 = AXIS2_PLACEMENT_3D('',#163,#164,#165);
#163 = CARTESIAN_POINT('',(-4.069751398829,0.,-11.40168825125));
#164 = DIRECTION('',(-0.681998360062,0.,0.731353701619));
#165 = DIRECTION('',(0.,1.,0.));
#166 = DEFINITIONAL_REPRESENTATION('',(#167),#171);
#167 = LINE('',#168,#169);
#168 = CARTESIAN_POINT('',(-6.28318530718,-4.635919272834));
#169 = VECTOR('',#170,1.);
#170 = DIRECTION('',(1.,-0.));
#171 = ( GEOMETRIC_REPRESENTATION_CONTEXT(2) 
PARAMETRIC_REPRESENTATION_CONTEXT() REPRESENTATION_CONTEXT('2D SPACE',''
  ) );
#172 = ADVANCED_FACE('',(#173,#406),#44,.F.);
#173 = FACE_BOUND('',#174,.F.);
#174 = EDGE_LOOP('',(#175,#198,#199,#222,#250,#278,#306,#334,#357,#380)
  );
#175 = ORIENTED_EDGE('',*,*,#176,.F.);
#176 = EDGE_CURVE('',#22,#177,#179,.T.);
#177 = VERTEX_POINT('',#178);
#178 = CARTESIAN_POINT('',(60.065613492975,-4.,-96.49368692691));
#179 = SURFACE_CURVE('',#180,(#184,#191),.PCURVE_S1.);
#180 = LINE('',#181,#182);
#181 = CARTESIAN_POINT('',(-9.045810584695,-4.,-22.38075824077));
#182 = VECTOR('',#183,1.);
#183 = DIRECTION('',(0.681998360062,0.,-0.731353701619));
#184 = PCURVE('',#44,#185);
#185 = DEFINITIONAL_REPRESENTATION('',(#186),#190);
#186 = LINE('',#187,#188);
#187 = CARTESIAN_POINT('',(0.,0.));
#188 = VECTOR('',#189,1.);
#189 = DIRECTION('',(1.8121918896E-17,1.));
#190 = ( GEOMETRIC_REPRESENTATION_CONTEXT(2) 
PARAMETRIC_REPRESENTATION_CONTEXT() REPRESENTATION_CONTEXT('2D SPACE',''
  ) );
#191 = PCURVE('',#72,#192);
#192 = DEFINITIONAL_REPRESENTATION('',(#193),#197);
#193 = LINE('',#194,#195);
#194 = CARTESIAN_POINT('',(0.,0.));
#195 = VECTOR('',#196,1.);
#196 = DIRECTION('',(1.,0.));
#197 = ( GEOMETRIC_REPRESENTATION_CONTEXT(2) 
PARAMETRIC_REPRESENTATION_CONTEXT() REPRESENTATION_CONTEXT('2D SPACE',''
  ) );
#198 = ORIENTED_EDGE('',*,*,#21,.T.);
#199 = ORIENTED_EDGE('',*,*,#200,.T.);
#200 = EDGE_CURVE('',#24,#201,#203,.T.);
#201 = VERTEX_POINT('',#202);
#202 = CARTESIAN_POINT('',(93.019694710218,-4.,-93.70935366526));
#203 = SURFACE_CURVE('',#204,(#208,#215),.PCURVE_S1.);
#204 = LINE('',#205,#206);
#205 = CARTESIAN_POINT('',(9.969385657403,-4.,-4.648800879148));
#206 = VECTOR('',#207,1.);
#207 = DIRECTION('',(0.681998360062,0.,-0.731353701619));
#208 = PCURVE('',#44,#209);
#209 = DEFINITIONAL_REPRESENTATION('',(#210),#214);
#210 = LINE('',#211,#212);
#211 = CARTESIAN_POINT('',(26.,-2.509871035363E-15));
#212 = VECTOR('',#213,1.);
#213 = DIRECTION('',(1.8121918896E-17,1.));
#214 = ( GEOMETRIC_REPRESENTATION_CONTEXT(2) 
PARAMETRIC_REPRESENTATION_CONTEXT() REPRESENTATION_CONTEXT('2D SPACE',''
  ) );
#215 = PCURVE('',#126,#216);
#216 = DEFINITIONAL_REPRESENTATION('',(#217),#221);
#217 = LINE('',#218,#219);
#218 = CARTESIAN_POINT('',(0.,0.));
#219 = VECTOR('',#220,1.);
#220 = DIRECTION('',(1.,0.));
#221 = ( GEOMETRIC_REPRESENTATION_CONTEXT(2) 
PARAMETRIC_REPRESENTATION_CONTEXT() REPRESENTATION_CONTEXT('2D SPACE',''
  ) );
#222 = ORIENTED_EDGE('',*,*,#223,.F.);
#223 = EDGE_CURVE('',#224,#201,#226,.T.);
#224 = VERTEX_POINT('',#225);
#225 = CARTESIAN_POINT('',(80.098597567048,-4.,-105.7584716807));
#226 = SURFACE_CURVE('',#227,(#231,#238),.PCURVE_S1.);
#227 = LINE('',#228,#229);
#228 = CARTESIAN_POINT('',(74.00449846812,-4.,-111.4413110268));
#229 = VECTOR('',#230,1.);
#230 = DIRECTION('',(0.731353701619,0.,0.681998360062));
#231 = PCURVE('',#44,#232);
#232 = DEFINITIONAL_REPRESENTATION('',(#233),#237);
#233 = LINE('',#234,#235);
#234 = CARTESIAN_POINT('',(1.818850741824E-14,121.77493952508));
#235 = VECTOR('',#236,1.);
#236 = DIRECTION('',(1.,1.8121918896E-17));
#237 = ( GEOMETRIC_REPRESENTATION_CONTEXT(2) 
PARAMETRIC_REPRESENTATION_CONTEXT() REPRESENTATION_CONTEXT('2D SPACE',''
  ) );
#238 = PCURVE('',#239,#244);
#239 = PLANE('',#240);
#240 = AXIS2_PLACEMENT_3D('',#241,#242,#243);
#241 = CARTESIAN_POINT('',(74.00449846812,-4.,-111.4413110268));
#242 = DIRECTION('',(0.681998360062,0.,-0.731353701619));
#243 = DIRECTION('',(0.731353701619,0.,0.681998360062));
#244 = DEFINITIONAL_REPRESENTATION('',(#245),#249);
#245 = LINE('',#246,#247);
#246 = CARTESIAN_POINT('',(0.,0.));
#247 = VECTOR('',#248,1.);
#248 = DIRECTION('',(1.,0.));
#249 = ( GEOMETRIC_REPRESENTATION_CONTEXT(2) 
PARAMETRIC_REPRESENTATION_CONTEXT() REPRESENTATION_CONTEXT('2D SPACE',''
  ) );
#250 = ORIENTED_EDGE('',*,*,#251,.F.);
#251 = EDGE_CURVE('',#252,#224,#254,.T.);
#252 = VERTEX_POINT('',#253);
#253 = CARTESIAN_POINT('',(75.360518918621,-4.,-103.549069322));
#254 = SURFACE_CURVE('',#255,(#259,#266),.PCURVE_S1.);
#255 = LINE('',#256,#257);
#256 = CARTESIAN_POINT('',(24.216266747726,-4.,-79.70011286412));
#257 = VECTOR('',#258,1.);
#258 = DIRECTION('',(0.906307787037,0.,-0.422618261741));
#259 = PCURVE('',#44,#260);
#260 = DEFINITIONAL_REPRESENTATION('',(#261),#265);
#261 = LINE('',#262,#263);
#262 = CARTESIAN_POINT('',(-14.76536247235,64.605404371191));
#263 = VECTOR('',#264,1.);
#264 = DIRECTION('',(0.374606593416,0.927183854567));
#265 = ( GEOMETRIC_REPRESENTATION_CONTEXT(2) 
PARAMETRIC_REPRESENTATION_CONTEXT() REPRESENTATION_CONTEXT('2D SPACE',''
  ) );
#266 = PCURVE('',#267,#272);
#267 = PLANE('',#268);
#268 = AXIS2_PLACEMENT_3D('',#269,#270,#271);
#269 = CARTESIAN_POINT('',(73.492117550985,1.517954498523E-15,
    -102.6778194557));
#270 = DIRECTION('',(0.422618261741,0.,0.906307787037));
#271 = DIRECTION('',(0.906307787037,0.,-0.422618261741));
#272 = DEFINITIONAL_REPRESENTATION('',(#273),#277);
#273 = LINE('',#274,#275);
#274 = CARTESIAN_POINT('',(-54.3698857144,-4.));
#275 = VECTOR('',#276,1.);
#276 = DIRECTION('',(1.,0.));
#277 = ( GEOMETRIC_REPRESENTATION_CONTEXT(2) 
PARAMETRIC_REPRESENTATION_CONTEXT() REPRESENTATION_CONTEXT('2D SPACE',''
  ) );
#278 = ORIENTED_EDGE('',*,*,#279,.F.);
#279 = EDGE_CURVE('',#280,#252,#282,.T.);
#280 = VERTEX_POINT('',#281);
#281 = CARTESIAN_POINT('',(75.783137180362,-4.,-102.6427615349));
#282 = SURFACE_CURVE('',#283,(#287,#294),.PCURVE_S1.);
#283 = LINE('',#284,#285);
#284 = CARTESIAN_POINT('',(73.247427609918,-4.,-108.0806082572));
#285 = VECTOR('',#286,1.);
#286 = DIRECTION('',(-0.422618261741,-0.,-0.906307787037));
#287 = PCURVE('',#44,#288);
#288 = DEFINITIONAL_REPRESENTATION('',(#289),#293);
#289 = LINE('',#290,#291);
#290 = CARTESIAN_POINT('',(1.73830720305,118.80075603068));
#291 = VECTOR('',#292,1.);
#292 = DIRECTION('',(-0.927183854567,0.374606593416));
#293 = ( GEOMETRIC_REPRESENTATION_CONTEXT(2) 
PARAMETRIC_REPRESENTATION_CONTEXT() REPRESENTATION_CONTEXT('2D SPACE',''
  ) );
#294 = PCURVE('',#295,#300);
#295 = CYLINDRICAL_SURFACE('',#296,4.5);
#296 = AXIS2_PLACEMENT_3D('',#297,#298,#299);
#297 = CARTESIAN_POINT('',(71.379026242282,0.,-107.2093583909));
#298 = DIRECTION('',(-0.422618261741,-0.,-0.906307787037));
#299 = DIRECTION('',(0.906307787037,0.,-0.422618261741));
#300 = DEFINITIONAL_REPRESENTATION('',(#301),#305);
#301 = LINE('',#302,#303);
#302 = CARTESIAN_POINT('',(-5.188271230045,0.));
#303 = VECTOR('',#304,1.);
#304 = DIRECTION('',(-0.,1.));
#305 = ( GEOMETRIC_REPRESENTATION_CONTEXT(2) 
PARAMETRIC_REPRESENTATION_CONTEXT() REPRESENTATION_CONTEXT('2D SPACE',''
  ) );
#306 = ORIENTED_EDGE('',*,*,#307,.F.);
#307 = EDGE_CURVE('',#308,#280,#310,.T.);
#308 = VERTEX_POINT('',#309);
#309 = CARTESIAN_POINT('',(72.04633444509,-4.,-100.9002618025));
#310 = SURFACE_CURVE('',#311,(#315,#322),.PCURVE_S1.);
#311 = LINE('',#312,#313);
#312 = CARTESIAN_POINT('',(24.638885009466,-4.,-78.79380507708));
#313 = VECTOR('',#314,1.);
#314 = DIRECTION('',(0.906307787037,0.,-0.422618261741));
#315 = PCURVE('',#44,#316);
#316 = DEFINITIONAL_REPRESENTATION('',(#317),#321);
#317 = LINE('',#318,#319);
#318 = CARTESIAN_POINT('',(-13.83817861778,64.230797777775));
#319 = VECTOR('',#320,1.);
#320 = DIRECTION('',(0.374606593416,0.927183854567));
#321 = ( GEOMETRIC_REPRESENTATION_CONTEXT(2) 
PARAMETRIC_REPRESENTATION_CONTEXT() REPRESENTATION_CONTEXT('2D SPACE',''
  ) );
#322 = PCURVE('',#323,#328);
#323 = PLANE('',#324);
#324 = AXIS2_PLACEMENT_3D('',#325,#326,#327);
#325 = CARTESIAN_POINT('',(73.914735812726,2.72116357641E-16,
    -101.7715116687));
#326 = DIRECTION('',(0.422618261741,0.,0.906307787037));
#327 = DIRECTION('',(0.906307787037,0.,-0.422618261741));
#328 = DEFINITIONAL_REPRESENTATION('',(#329),#333);
#329 = LINE('',#330,#331);
#330 = CARTESIAN_POINT('',(-54.3698857144,-4.));
#331 = VECTOR('',#332,1.);
#332 = DIRECTION('',(1.,0.));
#333 = ( GEOMETRIC_REPRESENTATION_CONTEXT(2) 
PARAMETRIC_REPRESENTATION_CONTEXT() REPRESENTATION_CONTEXT('2D SPACE',''
  ) );
#334 = ORIENTED_EDGE('',*,*,#335,.T.);
#335 = EDGE_CURVE('',#308,#336,#338,.T.);
#336 = VERTEX_POINT('',#337);
#337 = CARTESIAN_POINT('',(71.623716183349,-4.,-101.8065695895));
#338 = SURFACE_CURVE('',#339,(#343,#350),.PCURVE_S1.);
#339 = LINE('',#340,#341);
#340 = CARTESIAN_POINT('',(69.510624874646,-4.,-106.3381085247));
#341 = VECTOR('',#342,1.);
#342 = DIRECTION('',(-0.422618261741,-0.,-0.906307787037));
#343 = PCURVE('',#44,#344);
#344 = DEFINITIONAL_REPRESENTATION('',(#345),#349);
#345 = LINE('',#346,#347);
#346 = CARTESIAN_POINT('',(0.193764650343,114.97787906393));
#347 = VECTOR('',#348,1.);
#348 = DIRECTION('',(-0.927183854567,0.374606593416));
#349 = ( GEOMETRIC_REPRESENTATION_CONTEXT(2) 
PARAMETRIC_REPRESENTATION_CONTEXT() REPRESENTATION_CONTEXT('2D SPACE',''
  ) );
#350 = PCURVE('',#295,#351);
#351 = DEFINITIONAL_REPRESENTATION('',(#352),#356);
#352 = LINE('',#353,#354);
#353 = CARTESIAN_POINT('',(-4.236506730724,0.));
#354 = VECTOR('',#355,1.);
#355 = DIRECTION('',(-0.,1.));
#356 = ( GEOMETRIC_REPRESENTATION_CONTEXT(2) 
PARAMETRIC_REPRESENTATION_CONTEXT() REPRESENTATION_CONTEXT('2D SPACE',''
  ) );
#357 = ORIENTED_EDGE('',*,*,#358,.F.);
#358 = EDGE_CURVE('',#359,#336,#361,.T.);
#359 = VERTEX_POINT('',#360);
#360 = CARTESIAN_POINT('',(60.095010117405,-4.,-96.43064566238));
#361 = SURFACE_CURVE('',#362,(#366,#373),.PCURVE_S1.);
#362 = LINE('',#363,#364);
#363 = CARTESIAN_POINT('',(24.216266747726,-4.,-79.70011286412));
#364 = VECTOR('',#365,1.);
#365 = DIRECTION('',(0.906307787037,0.,-0.422618261741));
#366 = PCURVE('',#44,#367);
#367 = DEFINITIONAL_REPRESENTATION('',(#368),#372);
#368 = LINE('',#369,#370);
#369 = CARTESIAN_POINT('',(-14.76536247235,64.605404371191));
#370 = VECTOR('',#371,1.);
#371 = DIRECTION('',(0.374606593416,0.927183854567));
#372 = ( GEOMETRIC_REPRESENTATION_CONTEXT(2) 
PARAMETRIC_REPRESENTATION_CONTEXT() REPRESENTATION_CONTEXT('2D SPACE',''
  ) );
#373 = PCURVE('',#267,#374);
#374 = DEFINITIONAL_REPRESENTATION('',(#375),#379);
#375 = LINE('',#376,#377);
#376 = CARTESIAN_POINT('',(-54.3698857144,-4.));
#377 = VECTOR('',#378,1.);
#378 = DIRECTION('',(1.,0.));
#379 = ( GEOMETRIC_REPRESENTATION_CONTEXT(2) 
PARAMETRIC_REPRESENTATION_CONTEXT() REPRESENTATION_CONTEXT('2D SPACE',''
  ) );
#380 = ORIENTED_EDGE('',*,*,#381,.T.);
#381 = EDGE_CURVE('',#359,#177,#382,.T.);
#382 = SURFACE_CURVE('',#383,(#387,#394),.PCURVE_S1.);
#383 = LINE('',#384,#385);
#384 = CARTESIAN_POINT('',(58.404537070442,-4.,-100.0558768105));
#385 = VECTOR('',#386,1.);
#386 = DIRECTION('',(-0.422618261741,-0.,-0.906307787037));
#387 = PCURVE('',#44,#388);
#388 = DEFINITIONAL_REPRESENTATION('',(#389),#393);
#389 = LINE('',#390,#391);
#390 = CARTESIAN_POINT('',(-3.644242049148,102.80901197614));
#391 = VECTOR('',#392,1.);
#392 = DIRECTION('',(-0.927183854567,0.374606593416));
#393 = ( GEOMETRIC_REPRESENTATION_CONTEXT(2) 
PARAMETRIC_REPRESENTATION_CONTEXT() REPRESENTATION_CONTEXT('2D SPACE',''
  ) );
#394 = PCURVE('',#395,#400);
#395 = CYLINDRICAL_SURFACE('',#396,15.313708498985);
#396 = AXIS2_PLACEMENT_3D('',#397,#398,#399);
#397 = CARTESIAN_POINT('',(71.801644504023,0.,-106.3030506039));
#398 = DIRECTION('',(-0.422618261741,-0.,-0.906307787037));
#399 = DIRECTION('',(0.906307787037,0.,-0.422618261741));
#400 = DEFINITIONAL_REPRESENTATION('',(#401),#405);
#401 = LINE('',#402,#403);
#402 = CARTESIAN_POINT('',(-3.405861818667,0.));
#403 = VECTOR('',#404,1.);
#404 = DIRECTION('',(-0.,1.));
#405 = ( GEOMETRIC_REPRESENTATION_CONTEXT(2) 
PARAMETRIC_REPRESENTATION_CONTEXT() REPRESENTATION_CONTEXT('2D SPACE',''
  ) );
#406 = FACE_BOUND('',#407,.F.);
#407 = EDGE_LOOP('',(#408));
#408 = ORIENTED_EDGE('',*,*,#409,.F.);
#409 = EDGE_CURVE('',#410,#410,#412,.T.);
#410 = VERTEX_POINT('',#411);
#411 = CARTESIAN_POINT('',(13.175903010326,-4.,-20.48793742333));
#412 = SURFACE_CURVE('',#413,(#418,#425),.PCURVE_S1.);
#413 = CIRCLE('',#414,1.6);
#414 = AXIS2_PLACEMENT_3D('',#415,#416,#417);
#415 = CARTESIAN_POINT('',(11.725810551067,-4.,-19.81174820455));
#416 = DIRECTION('',(0.,1.,0.));
#417 = DIRECTION('',(0.906307787037,0.,-0.422618261741));
#418 = PCURVE('',#44,#419);
#419 = DEFINITIONAL_REPRESENTATION('',(#420),#424);
#420 = CIRCLE('',#421,1.6);
#421 = AXIS2_PLACEMENT_2D('',#422,#423);
#422 = CARTESIAN_POINT('',(16.943462637959,12.287356550941));
#423 = DIRECTION('',(0.374606593416,0.927183854567));
#424 = ( GEOMETRIC_REPRESENTATION_CONTEXT(2) 
PARAMETRIC_REPRESENTATION_CONTEXT() REPRESENTATION_CONTEXT('2D SPACE',''
  ) );
#425 = PCURVE('',#426,#431);
#426 = CYLINDRICAL_SURFACE('',#427,1.6);
#427 = AXIS2_PLACEMENT_3D('',#428,#429,#430);
#428 = CARTESIAN_POINT('',(11.725810551067,8.,-19.81174820455));
#429 = DIRECTION('',(0.,1.,0.));
#430 = DIRECTION('',(0.906307787037,0.,-0.422618261741));
#431 = DEFINITIONAL_REPRESENTATION('',(#432),#436);
#432 = LINE('',#433,#434);
#433 = CARTESIAN_POINT('',(-6.28318530718,-12.));
#434 = VECTOR('',#435,1.);
#435 = DIRECTION('',(1.,-0.));
#436 = ( GEOMETRIC_REPRESENTATION_CONTEXT(2) 
PARAMETRIC_REPRESENTATION_CONTEXT() REPRESENTATION_CONTEXT('2D SPACE',''
  ) );
#437 = ADVANCED_FACE('',(#438),#126,.T.);
#438 = FACE_BOUND('',#439,.T.);
#439 = EDGE_LOOP('',(#440,#441,#442,#465));
#440 = ORIENTED_EDGE('',*,*,#112,.F.);
#441 = ORIENTED_EDGE('',*,*,#200,.T.);
#442 = ORIENTED_EDGE('',*,*,#443,.T.);
#443 = EDGE_CURVE('',#201,#444,#446,.T.);
#444 = VERTEX_POINT('',#445);
#445 = CARTESIAN_POINT('',(93.019694710218,4.,-93.70935366526));
#446 = SURFACE_CURVE('',#447,(#451,#458),.PCURVE_S1.);
#447 = LINE('',#448,#449);
#448 = CARTESIAN_POINT('',(93.019694710218,-4.,-93.70935366526));
#449 = VECTOR('',#450,1.);
#450 = DIRECTION('',(0.,1.,0.));
#451 = PCURVE('',#126,#452);
#452 = DEFINITIONAL_REPRESENTATION('',(#453),#457);
#453 = LINE('',#454,#455);
#454 = CARTESIAN_POINT('',(121.77493952508,0.));
#455 = VECTOR('',#456,1.);
#456 = DIRECTION('',(0.,1.));
#457 = ( GEOMETRIC_REPRESENTATION_CONTEXT(2) 
PARAMETRIC_REPRESENTATION_CONTEXT() REPRESENTATION_CONTEXT('2D SPACE',''
  ) );
#458 = PCURVE('',#239,#459);
#459 = DEFINITIONAL_REPRESENTATION('',(#460),#464);
#460 = LINE('',#461,#462);
#461 = CARTESIAN_POINT('',(26.,0.));
#462 = VECTOR('',#463,1.);
#463 = DIRECTION('',(0.,-1.));
#464 = ( GEOMETRIC_REPRESENTATION_CONTEXT(2) 
PARAMETRIC_REPRESENTATION_CONTEXT() REPRESENTATION_CONTEXT('2D SPACE',''
  ) );
#465 = ORIENTED_EDGE('',*,*,#466,.F.);
#466 = EDGE_CURVE('',#85,#444,#467,.T.);
#467 = SURFACE_CURVE('',#468,(#472,#479),.PCURVE_S1.);
#468 = LINE('',#469,#470);
#469 = CARTESIAN_POINT('',(9.969385657403,4.,-4.648800879148));
#470 = VECTOR('',#471,1.);
#471 = DIRECTION('',(0.681998360062,0.,-0.731353701619));
#472 = PCURVE('',#126,#473);
#473 = DEFINITIONAL_REPRESENTATION('',(#474),#478);
#474 = LINE('',#475,#476);
#475 = CARTESIAN_POINT('',(0.,8.));
#476 = VECTOR('',#477,1.);
#477 = DIRECTION('',(1.,0.));
#478 = ( GEOMETRIC_REPRESENTATION_CONTEXT(2) 
PARAMETRIC_REPRESENTATION_CONTEXT() REPRESENTATION_CONTEXT('2D SPACE',''
  ) );
#479 = PCURVE('',#100,#480);
#480 = DEFINITIONAL_REPRESENTATION('',(#481),#485);
#481 = LINE('',#482,#483);
#482 = CARTESIAN_POINT('',(26.,-2.509871035363E-15));
#483 = VECTOR('',#484,1.);
#484 = DIRECTION('',(1.8121918896E-17,1.));
#485 = ( GEOMETRIC_REPRESENTATION_CONTEXT(2) 
PARAMETRIC_REPRESENTATION_CONTEXT() REPRESENTATION_CONTEXT('2D SPACE',''
  ) );
#486 = ADVANCED_FACE('',(#487),#72,.F.);
#487 = FACE_BOUND('',#488,.F.);
#488 = EDGE_LOOP('',(#489,#512,#513,#514,#541,#569));
#489 = ORIENTED_EDGE('',*,*,#490,.F.);
#490 = EDGE_CURVE('',#57,#491,#493,.T.);
#491 = VERTEX_POINT('',#492);
#492 = CARTESIAN_POINT('',(60.065613492975,4.,-96.49368692691));
#493 = SURFACE_CURVE('',#494,(#498,#505),.PCURVE_S1.);
#494 = LINE('',#495,#496);
#495 = CARTESIAN_POINT('',(-9.045810584695,4.,-22.38075824077));
#496 = VECTOR('',#497,1.);
#497 = DIRECTION('',(0.681998360062,0.,-0.731353701619));
#498 = PCURVE('',#72,#499);
#499 = DEFINITIONAL_REPRESENTATION('',(#500),#504);
#500 = LINE('',#501,#502);
#501 = CARTESIAN_POINT('',(0.,8.));
#502 = VECTOR('',#503,1.);
#503 = DIRECTION('',(1.,0.));
#504 = ( GEOMETRIC_REPRESENTATION_CONTEXT(2) 
PARAMETRIC_REPRESENTATION_CONTEXT() REPRESENTATION_CONTEXT('2D SPACE',''
  ) );
#505 = PCURVE('',#100,#506);
#506 = DEFINITIONAL_REPRESENTATION('',(#507),#511);
#507 = LINE('',#508,#509);
#508 = CARTESIAN_POINT('',(0.,0.));
#509 = VECTOR('',#510,1.);
#510 = DIRECTION('',(1.8121918896E-17,1.));
#511 = ( GEOMETRIC_REPRESENTATION_CONTEXT(2) 
PARAMETRIC_REPRESENTATION_CONTEXT() REPRESENTATION_CONTEXT('2D SPACE',''
  ) );
#512 = ORIENTED_EDGE('',*,*,#56,.F.);
#513 = ORIENTED_EDGE('',*,*,#176,.T.);
#514 = ORIENTED_EDGE('',*,*,#515,.F.);
#515 = EDGE_CURVE('',#516,#177,#518,.T.);
#516 = VERTEX_POINT('',#517);
#517 = CARTESIAN_POINT('',(59.938977512342,-3.298561817002,
    -96.35788646371));
#518 = SURFACE_CURVE('',#519,(#524,#531),.PCURVE_S1.);
#519 = ELLIPSE('',#520,16.516366655392,15.313708498985);
#520 = AXIS2_PLACEMENT_3D('',#521,#522,#523);
#521 = CARTESIAN_POINT('',(70.93869887667,0.,-108.1536434738));
#522 = DIRECTION('',(0.731353701619,-0.,0.681998360062));
#523 = DIRECTION('',(0.681998360062,0.,-0.731353701619));
#524 = PCURVE('',#72,#525);
#525 = DEFINITIONAL_REPRESENTATION('',(#526),#530);
#526 = ELLIPSE('',#527,16.516366655392,15.313708498985);
#527 = AXIS2_PLACEMENT_2D('',#528,#529);
#528 = CARTESIAN_POINT('',(117.27962139679,4.));
#529 = DIRECTION('',(1.,0.));
#530 = ( GEOMETRIC_REPRESENTATION_CONTEXT(2) 
PARAMETRIC_REPRESENTATION_CONTEXT() REPRESENTATION_CONTEXT('2D SPACE',''
  ) );
#531 = PCURVE('',#395,#532);
#532 = DEFINITIONAL_REPRESENTATION('',(#533),#540);
#533 = B_SPLINE_CURVE_WITH_KNOTS('',5,(#534,#535,#536,#537,#538,#539),
  .UNSPECIFIED.,.F.,.F.,(6,6),(3.358692894923,3.460410974868),
  .PIECEWISE_BEZIER_KNOTS.);
#534 = CARTESIAN_POINT('',(-3.358692894923,-4.0000006));
#535 = CARTESIAN_POINT('',(-3.379036510912,-3.972888606793));
#536 = CARTESIAN_POINT('',(-3.399380126901,-3.942650965369));
#537 = CARTESIAN_POINT('',(-3.41972374289,-3.909311050746));
#538 = CARTESIAN_POINT('',(-3.440067358879,-3.872897633823));
#539 = CARTESIAN_POINT('',(-3.460410974868,-3.833444732761));
#540 = ( GEOMETRIC_REPRESENTATION_CONTEXT(2) 
PARAMETRIC_REPRESENTATION_CONTEXT() REPRESENTATION_CONTEXT('2D SPACE',''
  ) );
#541 = ORIENTED_EDGE('',*,*,#542,.F.);
#542 = EDGE_CURVE('',#543,#516,#545,.T.);
#543 = VERTEX_POINT('',#544);
#544 = CARTESIAN_POINT('',(59.938977512342,3.298561817002,
    -96.35788646371));
#545 = SURFACE_CURVE('',#546,(#550,#557),.PCURVE_S1.);
#546 = LINE('',#547,#548);
#547 = CARTESIAN_POINT('',(59.938977512342,-2.,-96.35788646371));
#548 = VECTOR('',#549,1.);
#549 = DIRECTION('',(0.,-1.,0.));
#550 = PCURVE('',#72,#551);
#551 = DEFINITIONAL_REPRESENTATION('',(#552),#556);
#552 = LINE('',#553,#554);
#553 = CARTESIAN_POINT('',(101.15095891244,2.));
#554 = VECTOR('',#555,1.);
#555 = DIRECTION('',(0.,-1.));
#556 = ( GEOMETRIC_REPRESENTATION_CONTEXT(2) 
PARAMETRIC_REPRESENTATION_CONTEXT() REPRESENTATION_CONTEXT('2D SPACE',''
  ) );
#557 = PCURVE('',#558,#563);
#558 = PLANE('',#559);
#559 = AXIS2_PLACEMENT_3D('',#560,#561,#562);
#560 = CARTESIAN_POINT('',(73.492117550985,1.517954498523E-15,
    -102.6778194557));
#561 = DIRECTION('',(0.422618261741,0.,0.906307787037));
#562 = DIRECTION('',(0.906307787037,0.,-0.422618261741));
#563 = DEFINITIONAL_REPRESENTATION('',(#564),#568);
#564 = LINE('',#565,#566);
#565 = CARTESIAN_POINT('',(-14.95423545124,-2.));
#566 = VECTOR('',#567,1.);
#567 = DIRECTION('',(0.,-1.));
#568 = ( GEOMETRIC_REPRESENTATION_CONTEXT(2) 
PARAMETRIC_REPRESENTATION_CONTEXT() REPRESENTATION_CONTEXT('2D SPACE',''
  ) );
#569 = ORIENTED_EDGE('',*,*,#570,.F.);
#570 = EDGE_CURVE('',#491,#543,#571,.T.);
#571 = SURFACE_CURVE('',#572,(#577,#584),.PCURVE_S1.);
#572 = ELLIPSE('',#573,16.516366655392,15.313708498985);
#573 = AXIS2_PLACEMENT_3D('',#574,#575,#576);
#574 = CARTESIAN_POINT('',(70.93869887667,0.,-108.1536434738));
#575 = DIRECTION('',(0.731353701619,-0.,0.681998360062));
#576 = DIRECTION('',(0.681998360062,0.,-0.731353701619));
#577 = PCURVE('',#72,#578);
#578 = DEFINITIONAL_REPRESENTATION('',(#579),#583);
#579 = ELLIPSE('',#580,16.516366655392,15.313708498985);
#580 = AXIS2_PLACEMENT_2D('',#581,#582);
#581 = CARTESIAN_POINT('',(117.27962139679,4.));
#582 = DIRECTION('',(1.,0.));
#583 = ( GEOMETRIC_REPRESENTATION_CONTEXT(2) 
PARAMETRIC_REPRESENTATION_CONTEXT() REPRESENTATION_CONTEXT('2D SPACE',''
  ) );
#584 = PCURVE('',#395,#585);
#585 = DEFINITIONAL_REPRESENTATION('',(#586),#593);
#586 = B_SPLINE_CURVE_WITH_KNOTS('',5,(#587,#588,#589,#590,#591,#592),
  .UNSPECIFIED.,.F.,.F.,(6,6),(2.822774332312,2.924492412257),
  .PIECEWISE_BEZIER_KNOTS.);
#587 = CARTESIAN_POINT('',(-2.822774332312,-3.833444732761));
#588 = CARTESIAN_POINT('',(-2.843117948301,-3.872897633823));
#589 = CARTESIAN_POINT('',(-2.86346156429,-3.909311050746));
#590 = CARTESIAN_POINT('',(-2.883805180279,-3.942650965369));
#591 = CARTESIAN_POINT('',(-2.904148796268,-3.972888606793));
#592 = CARTESIAN_POINT('',(-2.924492412257,-4.0000006));
#593 = ( GEOMETRIC_REPRESENTATION_CONTEXT(2) 
PARAMETRIC_REPRESENTATION_CONTEXT() REPRESENTATION_CONTEXT('2D SPACE',''
  ) );
#594 = ADVANCED_FACE('',(#595,#759),#100,.T.);
#595 = FACE_BOUND('',#596,.T.);
#596 = EDGE_LOOP('',(#597,#598,#599,#600,#623,#646,#669,#692,#715,#738)
  );
#597 = ORIENTED_EDGE('',*,*,#490,.F.);
#598 = ORIENTED_EDGE('',*,*,#84,.T.);
#599 = ORIENTED_EDGE('',*,*,#466,.T.);
#600 = ORIENTED_EDGE('',*,*,#601,.F.);
#601 = EDGE_CURVE('',#602,#444,#604,.T.);
#602 = VERTEX_POINT('',#603);
#603 = CARTESIAN_POINT('',(80.098597567048,4.,-105.7584716807));
#604 = SURFACE_CURVE('',#605,(#609,#616),.PCURVE_S1.);
#605 = LINE('',#606,#607);
#606 = CARTESIAN_POINT('',(74.00449846812,4.,-111.4413110268));
#607 = VECTOR('',#608,1.);
#608 = DIRECTION('',(0.731353701619,0.,0.681998360062));
#609 = PCURVE('',#100,#610);
#610 = DEFINITIONAL_REPRESENTATION('',(#611),#615);
#611 = LINE('',#612,#613);
#612 = CARTESIAN_POINT('',(1.818850741824E-14,121.77493952508));
#613 = VECTOR('',#614,1.);
#614 = DIRECTION('',(1.,1.8121918896E-17));
#615 = ( GEOMETRIC_REPRESENTATION_CONTEXT(2) 
PARAMETRIC_REPRESENTATION_CONTEXT() REPRESENTATION_CONTEXT('2D SPACE',''
  ) );
#616 = PCURVE('',#239,#617);
#617 = DEFINITIONAL_REPRESENTATION('',(#618),#622);
#618 = LINE('',#619,#620);
#619 = CARTESIAN_POINT('',(0.,-8.));
#620 = VECTOR('',#621,1.);
#621 = DIRECTION('',(1.,0.));
#622 = ( GEOMETRIC_REPRESENTATION_CONTEXT(2) 
PARAMETRIC_REPRESENTATION_CONTEXT() REPRESENTATION_CONTEXT('2D SPACE',''
  ) );
#623 = ORIENTED_EDGE('',*,*,#624,.F.);
#624 = EDGE_CURVE('',#625,#602,#627,.T.);
#625 = VERTEX_POINT('',#626);
#626 = CARTESIAN_POINT('',(75.360518918621,4.,-103.549069322));
#627 = SURFACE_CURVE('',#628,(#632,#639),.PCURVE_S1.);
#628 = LINE('',#629,#630);
#629 = CARTESIAN_POINT('',(24.216266747726,4.,-79.70011286412));
#630 = VECTOR('',#631,1.);
#631 = DIRECTION('',(0.906307787037,0.,-0.422618261741));
#632 = PCURVE('',#100,#633);
#633 = DEFINITIONAL_REPRESENTATION('',(#634),#638);
#634 = LINE('',#635,#636);
#635 = CARTESIAN_POINT('',(-14.76536247235,64.605404371191));
#636 = VECTOR('',#637,1.);
#637 = DIRECTION('',(0.374606593416,0.927183854567));
#638 = ( GEOMETRIC_REPRESENTATION_CONTEXT(2) 
PARAMETRIC_REPRESENTATION_CONTEXT() REPRESENTATION_CONTEXT('2D SPACE',''
  ) );
#639 = PCURVE('',#267,#640);
#640 = DEFINITIONAL_REPRESENTATION('',(#641),#645);
#641 = LINE('',#642,#643);
#642 = CARTESIAN_POINT('',(-54.3698857144,4.));
#643 = VECTOR('',#644,1.);
#644 = DIRECTION('',(1.,0.));
#645 = ( GEOMETRIC_REPRESENTATION_CONTEXT(2) 
PARAMETRIC_REPRESENTATION_CONTEXT() REPRESENTATION_CONTEXT('2D SPACE',''
  ) );
#646 = ORIENTED_EDGE('',*,*,#647,.F.);
#647 = EDGE_CURVE('',#648,#625,#650,.T.);
#648 = VERTEX_POINT('',#649);
#649 = CARTESIAN_POINT('',(75.783137180362,4.,-102.6427615349));
#650 = SURFACE_CURVE('',#651,(#655,#662),.PCURVE_S1.);
#651 = LINE('',#652,#653);
#652 = CARTESIAN_POINT('',(73.247427609918,4.,-108.0806082572));
#653 = VECTOR('',#654,1.);
#654 = DIRECTION('',(-0.422618261741,-0.,-0.906307787037));
#655 = PCURVE('',#100,#656);
#656 = DEFINITIONAL_REPRESENTATION('',(#657),#661);
#657 = LINE('',#658,#659);
#658 = CARTESIAN_POINT('',(1.73830720305,118.80075603068));
#659 = VECTOR('',#660,1.);
#660 = DIRECTION('',(-0.927183854567,0.374606593416));
#661 = ( GEOMETRIC_REPRESENTATION_CONTEXT(2) 
PARAMETRIC_REPRESENTATION_CONTEXT() REPRESENTATION_CONTEXT('2D SPACE',''
  ) );
#662 = PCURVE('',#295,#663);
#663 = DEFINITIONAL_REPRESENTATION('',(#664),#668);
#664 = LINE('',#665,#666);
#665 = CARTESIAN_POINT('',(-1.094914077134,0.));
#666 = VECTOR('',#667,1.);
#667 = DIRECTION('',(-0.,1.));
#668 = ( GEOMETRIC_REPRESENTATION_CONTEXT(2) 
PARAMETRIC_REPRESENTATION_CONTEXT() REPRESENTATION_CONTEXT('2D SPACE',''
  ) );
#669 = ORIENTED_EDGE('',*,*,#670,.F.);
#670 = EDGE_CURVE('',#671,#648,#673,.T.);
#671 = VERTEX_POINT('',#672);
#672 = CARTESIAN_POINT('',(72.04633444509,4.,-100.9002618025));
#673 = SURFACE_CURVE('',#674,(#678,#685),.PCURVE_S1.);
#674 = LINE('',#675,#676);
#675 = CARTESIAN_POINT('',(24.638885009466,4.,-78.79380507708));
#676 = VECTOR('',#677,1.);
#677 = DIRECTION('',(0.906307787037,0.,-0.422618261741));
#678 = PCURVE('',#100,#679);
#679 = DEFINITIONAL_REPRESENTATION('',(#680),#684);
#680 = LINE('',#681,#682);
#681 = CARTESIAN_POINT('',(-13.83817861778,64.230797777775));
#682 = VECTOR('',#683,1.);
#683 = DIRECTION('',(0.374606593416,0.927183854567));
#684 = ( GEOMETRIC_REPRESENTATION_CONTEXT(2) 
PARAMETRIC_REPRESENTATION_CONTEXT() REPRESENTATION_CONTEXT('2D SPACE',''
  ) );
#685 = PCURVE('',#323,#686);
#686 = DEFINITIONAL_REPRESENTATION('',(#687),#691);
#687 = LINE('',#688,#689);
#688 = CARTESIAN_POINT('',(-54.3698857144,4.));
#689 = VECTOR('',#690,1.);
#690 = DIRECTION('',(1.,0.));
#691 = ( GEOMETRIC_REPRESENTATION_CONTEXT(2) 
PARAMETRIC_REPRESENTATION_CONTEXT() REPRESENTATION_CONTEXT('2D SPACE',''
  ) );
#692 = ORIENTED_EDGE('',*,*,#693,.T.);
#693 = EDGE_CURVE('',#671,#694,#696,.T.);
#694 = VERTEX_POINT('',#695);
#695 = CARTESIAN_POINT('',(71.623716183349,4.,-101.8065695895));
#696 = SURFACE_CURVE('',#697,(#701,#708),.PCURVE_S1.);
#697 = LINE('',#698,#699);
#698 = CARTESIAN_POINT('',(69.510624874646,4.,-106.3381085247));
#699 = VECTOR('',#700,1.);
#700 = DIRECTION('',(-0.422618261741,-0.,-0.906307787037));
#701 = PCURVE('',#100,#702);
#702 = DEFINITIONAL_REPRESENTATION('',(#703),#707);
#703 = LINE('',#704,#705);
#704 = CARTESIAN_POINT('',(0.193764650343,114.97787906393));
#705 = VECTOR('',#706,1.);
#706 = DIRECTION('',(-0.927183854567,0.374606593416));
#707 = ( GEOMETRIC_REPRESENTATION_CONTEXT(2) 
PARAMETRIC_REPRESENTATION_CONTEXT() REPRESENTATION_CONTEXT('2D SPACE',''
  ) );
#708 = PCURVE('',#295,#709);
#709 = DEFINITIONAL_REPRESENTATION('',(#710),#714);
#710 = LINE('',#711,#712);
#711 = CARTESIAN_POINT('',(-2.046678576455,0.));
#712 = VECTOR('',#713,1.);
#713 = DIRECTION('',(-0.,1.));
#714 = ( GEOMETRIC_REPRESENTATION_CONTEXT(2) 
PARAMETRIC_REPRESENTATION_CONTEXT() REPRESENTATION_CONTEXT('2D SPACE',''
  ) );
#715 = ORIENTED_EDGE('',*,*,#716,.F.);
#716 = EDGE_CURVE('',#717,#694,#719,.T.);
#717 = VERTEX_POINT('',#718);
#718 = CARTESIAN_POINT('',(60.095010117405,4.,-96.43064566238));
#719 = SURFACE_CURVE('',#720,(#724,#731),.PCURVE_S1.);
#720 = LINE('',#721,#722);
#721 = CARTESIAN_POINT('',(24.216266747726,4.,-79.70011286412));
#722 = VECTOR('',#723,1.);
#723 = DIRECTION('',(0.906307787037,0.,-0.422618261741));
#724 = PCURVE('',#100,#725);
#725 = DEFINITIONAL_REPRESENTATION('',(#726),#730);
#726 = LINE('',#727,#728);
#727 = CARTESIAN_POINT('',(-14.76536247235,64.605404371191));
#728 = VECTOR('',#729,1.);
#729 = DIRECTION('',(0.374606593416,0.927183854567));
#730 = ( GEOMETRIC_REPRESENTATION_CONTEXT(2) 
PARAMETRIC_REPRESENTATION_CONTEXT() REPRESENTATION_CONTEXT('2D SPACE',''
  ) );
#731 = PCURVE('',#267,#732);
#732 = DEFINITIONAL_REPRESENTATION('',(#733),#737);
#733 = LINE('',#734,#735);
#734 = CARTESIAN_POINT('',(-54.3698857144,4.));
#735 = VECTOR('',#736,1.);
#736 = DIRECTION('',(1.,0.));
#737 = ( GEOMETRIC_REPRESENTATION_CONTEXT(2) 
PARAMETRIC_REPRESENTATION_CONTEXT() REPRESENTATION_CONTEXT('2D SPACE',''
  ) );
#738 = ORIENTED_EDGE('',*,*,#739,.T.);
#739 = EDGE_CURVE('',#717,#491,#740,.T.);
#740 = SURFACE_CURVE('',#741,(#745,#752),.PCURVE_S1.);
#741 = LINE('',#742,#743);
#742 = CARTESIAN_POINT('',(58.404537070442,4.,-100.0558768105));
#743 = VECTOR('',#744,1.);
#744 = DIRECTION('',(-0.422618261741,-0.,-0.906307787037));
#745 = PCURVE('',#100,#746);
#746 = DEFINITIONAL_REPRESENTATION('',(#747),#751);
#747 = LINE('',#748,#749);
#748 = CARTESIAN_POINT('',(-3.644242049148,102.80901197614));
#749 = VECTOR('',#750,1.);
#750 = DIRECTION('',(-0.927183854567,0.374606593416));
#751 = ( GEOMETRIC_REPRESENTATION_CONTEXT(2) 
PARAMETRIC_REPRESENTATION_CONTEXT() REPRESENTATION_CONTEXT('2D SPACE',''
  ) );
#752 = PCURVE('',#395,#753);
#753 = DEFINITIONAL_REPRESENTATION('',(#754),#758);
#754 = LINE('',#755,#756);
#755 = CARTESIAN_POINT('',(-2.877323488512,0.));
#756 = VECTOR('',#757,1.);
#757 = DIRECTION('',(-0.,1.));
#758 = ( GEOMETRIC_REPRESENTATION_CONTEXT(2) 
PARAMETRIC_REPRESENTATION_CONTEXT() REPRESENTATION_CONTEXT('2D SPACE',''
  ) );
#759 = FACE_BOUND('',#760,.T.);
#760 = EDGE_LOOP('',(#761));
#761 = ORIENTED_EDGE('',*,*,#762,.F.);
#762 = EDGE_CURVE('',#763,#763,#765,.T.);
#763 = VERTEX_POINT('',#764);
#764 = CARTESIAN_POINT('',(13.175903010326,4.,-20.48793742333));
#765 = SURFACE_CURVE('',#766,(#771,#778),.PCURVE_S1.);
#766 = CIRCLE('',#767,1.6);
#767 = AXIS2_PLACEMENT_3D('',#768,#769,#770);
#768 = CARTESIAN_POINT('',(11.725810551067,4.,-19.81174820455));
#769 = DIRECTION('',(0.,1.,0.));
#770 = DIRECTION('',(0.906307787037,0.,-0.422618261741));
#771 = PCURVE('',#100,#772);
#772 = DEFINITIONAL_REPRESENTATION('',(#773),#777);
#773 = CIRCLE('',#774,1.6);
#774 = AXIS2_PLACEMENT_2D('',#775,#776);
#775 = CARTESIAN_POINT('',(16.943462637959,12.287356550941));
#776 = DIRECTION('',(0.374606593416,0.927183854567));
#777 = ( GEOMETRIC_REPRESENTATION_CONTEXT(2) 
PARAMETRIC_REPRESENTATION_CONTEXT() REPRESENTATION_CONTEXT('2D SPACE',''
  ) );
#778 = PCURVE('',#426,#779);
#779 = DEFINITIONAL_REPRESENTATION('',(#780),#784);
#780 = LINE('',#781,#782);
#781 = CARTESIAN_POINT('',(-6.28318530718,-4.));
#782 = VECTOR('',#783,1.);
#783 = DIRECTION('',(1.,-0.));
#784 = ( GEOMETRIC_REPRESENTATION_CONTEXT(2) 
PARAMETRIC_REPRESENTATION_CONTEXT() REPRESENTATION_CONTEXT('2D SPACE',''
  ) );
#785 = ADVANCED_FACE('',(#786),#161,.F.);
#786 = FACE_BOUND('',#787,.T.);
#787 = EDGE_LOOP('',(#788,#789,#812,#838));
#788 = ORIENTED_EDGE('',*,*,#140,.T.);
#789 = ORIENTED_EDGE('',*,*,#790,.T.);
#790 = EDGE_CURVE('',#141,#791,#793,.T.);
#791 = VERTEX_POINT('',#792);
#792 = CARTESIAN_POINT('',(82.142246995441,2.75,-103.8527377579));
#793 = SEAM_CURVE('',#794,(#798,#805),.PCURVE_S1.);
#794 = LINE('',#795,#796);
#795 = CARTESIAN_POINT('',(-4.069751398829,2.75,-11.40168825125));
#796 = VECTOR('',#797,1.);
#797 = DIRECTION('',(0.681998360062,0.,-0.731353701619));
#798 = PCURVE('',#161,#799);
#799 = DEFINITIONAL_REPRESENTATION('',(#800),#804);
#800 = LINE('',#801,#802);
#801 = CARTESIAN_POINT('',(-6.28318530718,0.));
#802 = VECTOR('',#803,1.);
#803 = DIRECTION('',(-0.,-1.));
#804 = ( GEOMETRIC_REPRESENTATION_CONTEXT(2) 
PARAMETRIC_REPRESENTATION_CONTEXT() REPRESENTATION_CONTEXT('2D SPACE',''
  ) );
#805 = PCURVE('',#161,#806);
#806 = DEFINITIONAL_REPRESENTATION('',(#807),#811);
#807 = LINE('',#808,#809);
#808 = CARTESIAN_POINT('',(-0.,0.));
#809 = VECTOR('',#810,1.);
#810 = DIRECTION('',(-0.,-1.));
#811 = ( GEOMETRIC_REPRESENTATION_CONTEXT(2) 
PARAMETRIC_REPRESENTATION_CONTEXT() REPRESENTATION_CONTEXT('2D SPACE',''
  ) );
#812 = ORIENTED_EDGE('',*,*,#813,.F.);
#813 = EDGE_CURVE('',#791,#791,#814,.T.);
#814 = SURFACE_CURVE('',#815,(#820,#827),.PCURVE_S1.);
#815 = CIRCLE('',#816,2.75);
#816 = AXIS2_PLACEMENT_3D('',#817,#818,#819);
#817 = CARTESIAN_POINT('',(82.142246995441,0.,-103.8527377579));
#818 = DIRECTION('',(-0.681998360062,0.,0.731353701619));
#819 = DIRECTION('',(0.,1.,0.));
#820 = PCURVE('',#161,#821);
#821 = DEFINITIONAL_REPRESENTATION('',(#822),#826);
#822 = LINE('',#823,#824);
#823 = CARTESIAN_POINT('',(-6.28318530718,-126.4108587979));
#824 = VECTOR('',#825,1.);
#825 = DIRECTION('',(1.,-0.));
#826 = ( GEOMETRIC_REPRESENTATION_CONTEXT(2) 
PARAMETRIC_REPRESENTATION_CONTEXT() REPRESENTATION_CONTEXT('2D SPACE',''
  ) );
#827 = PCURVE('',#239,#828);
#828 = DEFINITIONAL_REPRESENTATION('',(#829),#837);
#829 = ( BOUNDED_CURVE() B_SPLINE_CURVE(2,(#830,#831,#832,#833,#834,#835
,#836),.UNSPECIFIED.,.T.,.F.) B_SPLINE_CURVE_WITH_KNOTS((1,2,2,2,2,1),(
    -2.094395102393,0.,2.094395102393,4.188790204786,6.28318530718,
8.377580409573),.UNSPECIFIED.) CURVE() GEOMETRIC_REPRESENTATION_ITEM() 
RATIONAL_B_SPLINE_CURVE((1.,0.5,1.,0.5,1.,0.5,1.)) REPRESENTATION_ITEM(
  '') );
#830 = CARTESIAN_POINT('',(11.12696703292,-6.75));
#831 = CARTESIAN_POINT('',(6.363827312106,-6.75));
#832 = CARTESIAN_POINT('',(8.745397172513,-2.625));
#833 = CARTESIAN_POINT('',(11.12696703292,1.5));
#834 = CARTESIAN_POINT('',(13.508536893328,-2.625));
#835 = CARTESIAN_POINT('',(15.890106753735,-6.75));
#836 = CARTESIAN_POINT('',(11.12696703292,-6.75));
#837 = ( GEOMETRIC_REPRESENTATION_CONTEXT(2) 
PARAMETRIC_REPRESENTATION_CONTEXT() REPRESENTATION_CONTEXT('2D SPACE',''
  ) );
#838 = ORIENTED_EDGE('',*,*,#790,.F.);
#839 = ADVANCED_FACE('',(#840),#395,.T.);
#840 = FACE_BOUND('',#841,.F.);
#841 = EDGE_LOOP('',(#842,#867,#894,#895,#1089,#1111,#1112,#1113,#1135,
    #1136,#1137,#1161));
#842 = ORIENTED_EDGE('',*,*,#843,.F.);
#843 = EDGE_CURVE('',#844,#846,#848,.T.);
#844 = VERTEX_POINT('',#845);
#845 = CARTESIAN_POINT('',(85.680577765062,0.,-112.7749034705));
#846 = VERTEX_POINT('',#847);
#847 = CARTESIAN_POINT('',(86.021126444855,0.,-112.0445944699));
#848 = SEAM_CURVE('',#849,(#853,#860),.PCURVE_S1.);
#849 = LINE('',#850,#851);
#850 = CARTESIAN_POINT('',(85.680577765062,0.,-112.7749034705));
#851 = VECTOR('',#852,1.);
#852 = DIRECTION('',(0.422618261741,0.,0.906307787037));
#853 = PCURVE('',#395,#854);
#854 = DEFINITIONAL_REPRESENTATION('',(#855),#859);
#855 = LINE('',#856,#857);
#856 = CARTESIAN_POINT('',(-6.28318530718,0.));
#857 = VECTOR('',#858,1.);
#858 = DIRECTION('',(-0.,-1.));
#859 = ( GEOMETRIC_REPRESENTATION_CONTEXT(2) 
PARAMETRIC_REPRESENTATION_CONTEXT() REPRESENTATION_CONTEXT('2D SPACE',''
  ) );
#860 = PCURVE('',#395,#861);
#861 = DEFINITIONAL_REPRESENTATION('',(#862),#866);
#862 = LINE('',#863,#864);
#863 = CARTESIAN_POINT('',(-0.,0.));
#864 = VECTOR('',#865,1.);
#865 = DIRECTION('',(-0.,-1.));
#866 = ( GEOMETRIC_REPRESENTATION_CONTEXT(2) 
PARAMETRIC_REPRESENTATION_CONTEXT() REPRESENTATION_CONTEXT('2D SPACE',''
  ) );
#867 = ORIENTED_EDGE('',*,*,#868,.F.);
#868 = EDGE_CURVE('',#844,#844,#869,.T.);
#869 = SURFACE_CURVE('',#870,(#875,#882),.PCURVE_S1.);
#870 = CIRCLE('',#871,15.313708498985);
#871 = AXIS2_PLACEMENT_3D('',#872,#873,#874);
#872 = CARTESIAN_POINT('',(71.801644504023,0.,-106.3030506039));
#873 = DIRECTION('',(0.422618261741,-0.,0.906307787037));
#874 = DIRECTION('',(0.906307787037,0.,-0.422618261741));
#875 = PCURVE('',#395,#876);
#876 = DEFINITIONAL_REPRESENTATION('',(#877),#881);
#877 = LINE('',#878,#879);
#878 = CARTESIAN_POINT('',(-0.,0.));
#879 = VECTOR('',#880,1.);
#880 = DIRECTION('',(-1.,0.));
#881 = ( GEOMETRIC_REPRESENTATION_CONTEXT(2) 
PARAMETRIC_REPRESENTATION_CONTEXT() REPRESENTATION_CONTEXT('2D SPACE',''
  ) );
#882 = PCURVE('',#883,#888);
#883 = PLANE('',#884);
#884 = AXIS2_PLACEMENT_3D('',#885,#886,#887);
#885 = CARTESIAN_POINT('',(71.801644504023,1.517954498523E-15,
    -106.3030506039));
#886 = DIRECTION('',(0.422618261741,0.,0.906307787037));
#887 = DIRECTION('',(0.906307787037,0.,-0.422618261741));
#888 = DEFINITIONAL_REPRESENTATION('',(#889),#893);
#889 = CIRCLE('',#890,15.313708498985);
#890 = AXIS2_PLACEMENT_2D('',#891,#892);
#891 = CARTESIAN_POINT('',(0.,-1.517954498523E-15));
#892 = DIRECTION('',(1.,0.));
#893 = ( GEOMETRIC_REPRESENTATION_CONTEXT(2) 
PARAMETRIC_REPRESENTATION_CONTEXT() REPRESENTATION_CONTEXT('2D SPACE',''
  ) );
#894 = ORIENTED_EDGE('',*,*,#843,.T.);
#895 = ORIENTED_EDGE('',*,*,#896,.F.);
#896 = EDGE_CURVE('',#897,#846,#899,.T.);
#897 = VERTEX_POINT('',#898);
#898 = CARTESIAN_POINT('',(87.145854643465,2.747444667456,
    -109.0446616244));
#899 = SURFACE_CURVE('',#900,(#938,#1011),.PCURVE_S1.);
#900 = B_SPLINE_CURVE_WITH_KNOTS('',7,(#901,#902,#903,#904,#905,#906,
    #907,#908,#909,#910,#911,#912,#913,#914,#915,#916,#917,#918,#919,
    #920,#921,#922,#923,#924,#925,#926,#927,#928,#929,#930,#931,#932,
    #933,#934,#935,#936,#937),.UNSPECIFIED.,.F.,.F.,(8,5,6,6,6,6,8),(0.,
    0.999995300381,4.963041369208,21.055068195097,25.210985240965,
    28.151612724538,32.598008076988),.UNSPECIFIED.);
#901 = CARTESIAN_POINT('',(87.145854643465,2.747444667456,
    -109.0446616244));
#902 = CARTESIAN_POINT('',(87.138025799632,2.748176330926,
    -109.0611349039));
#903 = CARTESIAN_POINT('',(87.130217361859,2.748785242144,
    -109.0776172917));
#904 = CARTESIAN_POINT('',(87.122429520544,2.749271743736,
    -109.0941082927));
#905 = CARTESIAN_POINT('',(87.114662460161,2.749636163859,
    -109.1106074152));
#906 = CARTESIAN_POINT('',(87.106916359264,2.749878816206,
    -109.1271141712));
#907 = CARTESIAN_POINT('',(87.068576816731,2.750480265288,
    -109.2090737907));
#908 = CARTESIAN_POINT('',(87.030762132791,2.748096653535,-109.29119727)
  );
#909 = CARTESIAN_POINT('',(87.000911451099,2.744307799901,
    -109.3568487842));
#910 = CARTESIAN_POINT('',(86.971414651972,2.738647562798,
    -109.4225459975));
#911 = CARTESIAN_POINT('',(86.942279906587,2.731126350333,
    -109.4882597383));
#912 = CARTESIAN_POINT('',(86.913514438398,2.721750855022,
    -109.5539609596));
#913 = CARTESIAN_POINT('',(86.769846711528,2.664937405645,
    -109.8862335712));
#914 = CARTESIAN_POINT('',(86.661514482154,2.589122990748,
    -110.1504211472));
#915 = CARTESIAN_POINT('',(86.559712715005,2.483707895017,
    -110.4118730084));
#916 = CARTESIAN_POINT('',(86.464315373972,2.347204263141,
    -110.6696500256));
#917 = CARTESIAN_POINT('',(86.375883475767,2.176797796992,
    -110.9209792413));
#918 = CARTESIAN_POINT('',(86.295531691783,1.968857658308,
    -111.1602830272));
#919 = CARTESIAN_POINT('',(86.207183542929,1.655858081285,
    -111.4334656909));
#920 = CARTESIAN_POINT('',(86.189695715075,1.588784780265,
    -111.4881505234));
#921 = CARTESIAN_POINT('',(86.172889681065,1.51879509492,-111.5412763454
    ));
#922 = CARTESIAN_POINT('',(86.15680900809,1.445809008077,-111.5926386882
    ));
#923 = CARTESIAN_POINT('',(86.141504745254,1.369753760957,
    -111.6420011569));
#924 = CARTESIAN_POINT('',(86.127035386527,1.290564471591,
    -111.6890952313));
#925 = CARTESIAN_POINT('',(86.103866050289,1.149894835217,-111.765124773
    ));
#926 = CARTESIAN_POINT('',(86.094713955739,1.08999329109,-111.7953507987
    ));
#927 = CARTESIAN_POINT('',(86.086041481919,1.028501429946,
    -111.8241670932));
#928 = CARTESIAN_POINT('',(86.077878932758,0.965445360477,
    -111.8514419217));
#929 = CARTESIAN_POINT('',(86.070256319794,0.90085601757,-111.8770429206
    ));
#930 = CARTESIAN_POINT('',(86.063203697735,0.834769188916,
    -111.9008371546));
#931 = CARTESIAN_POINT('',(86.046995411515,0.665095720283,
    -111.9557356875));
#932 = CARTESIAN_POINT('',(86.038590608052,0.559407708559,
    -111.9844179054));
#933 = CARTESIAN_POINT('',(86.031700270298,0.450775345994,
    -112.0080787084));
#934 = CARTESIAN_POINT('',(86.02644448172,0.339844072822,-112.0262084938
    ));
#935 = CARTESIAN_POINT('',(86.022904402734,0.227282110801,
    -112.0384488896));
#936 = CARTESIAN_POINT('',(86.021126444855,0.113771644069,
    -112.0445944699));
#937 = CARTESIAN_POINT('',(86.021126444855,-2.525834023241E-16,
    -112.0445944699));
#938 = PCURVE('',#395,#939);
#939 = DEFINITIONAL_REPRESENTATION('',(#940),#1010);
#940 = B_SPLINE_CURVE_WITH_KNOTS('',3,(#941,#942,#943,#944,#945,#946,
    #947,#948,#949,#950,#951,#952,#953,#954,#955,#956,#957,#958,#959,
    #960,#961,#962,#963,#964,#965,#966,#967,#968,#969,#970,#971,#972,
    #973,#974,#975,#976,#977,#978,#979,#980,#981,#982,#983,#984,#985,
    #986,#987,#988,#989,#990,#991,#992,#993,#994,#995,#996,#997,#998,
    #999,#1000,#1001,#1002,#1003,#1004,#1005,#1006,#1007,#1008,#1009),
  .UNSPECIFIED.,.F.,.F.,(4,1,1,1,1,1,1,1,1,1,1,1,1,1,1,1,1,1,1,1,1,1,1,1
    ,1,1,1,1,1,1,1,1,1,1,1,1,1,1,1,1,1,1,1,1,1,1,1,1,1,1,1,1,1,1,1,1,1,1
    ,1,1,1,1,1,1,1,1,4),(0.,0.493909213288,0.987818426575,1.481727639863
    ,1.975636853151,2.469546066438,2.963455279726,3.457364493014,
    3.951273706302,4.445182919589,4.939092132877,5.433001346165,
    5.926910559452,6.42081977274,6.914728986028,7.408638199315,
    7.902547412603,8.396456625891,8.890365839178,9.384275052466,
    9.878184265754,10.372093479042,10.866002692329,11.359911905617,
    11.853821118905,12.347730332192,12.84163954548,13.335548758768,
    13.829457972055,14.323367185343,14.817276398631,15.311185611918,
    15.805094825206,16.299004038494,16.792913251782,17.286822465069,
    17.780731678357,18.274640891645,18.768550104932,19.26245931822,
    19.756368531508,20.250277744795,20.744186958083,21.238096171371,
    21.732005384658,22.225914597946,22.719823811234,23.213733024522,
    23.707642237809,24.201551451097,24.695460664385,25.189369877672,
    25.68327909096,26.177188304248,26.671097517535,27.165006730823,
    27.658915944111,28.152825157399,28.646734370686,29.140643583974,
    29.634552797262,30.128462010549,30.622371223837,31.116280437125,
    31.610189650412,32.1040988637,32.598008076988),
  .QUASI_UNIFORM_KNOTS.);
#941 = CARTESIAN_POINT('',(-0.180387498923,-4.));
#942 = CARTESIAN_POINT('',(-0.180443465953,-3.978980870486));
#943 = CARTESIAN_POINT('',(-0.180527588079,-3.936943932258));
#944 = CARTESIAN_POINT('',(-0.180570832051,-3.873905501477));
#945 = CARTESIAN_POINT('',(-0.180531649959,-3.810897231821));
#946 = CARTESIAN_POINT('',(-0.180410496951,-3.747931711438));
#947 = CARTESIAN_POINT('',(-0.180207787238,-3.685021372995));
#948 = CARTESIAN_POINT('',(-0.17992388655,-3.622178479243));
#949 = CARTESIAN_POINT('',(-0.179559117221,-3.559415443226));
#950 = CARTESIAN_POINT('',(-0.179113744959,-3.496743595245));
#951 = CARTESIAN_POINT('',(-0.17858802633,-3.434177814049));
#952 = CARTESIAN_POINT('',(-0.177982031753,-3.371719243902));
#953 = CARTESIAN_POINT('',(-0.177296305765,-3.309419797055));
#954 = CARTESIAN_POINT('',(-0.176531651803,-3.247335888135));
#955 = CARTESIAN_POINT('',(-0.175688055149,-3.185454257927));
#956 = CARTESIAN_POINT('',(-0.174765597834,-3.12378101548));
#957 = CARTESIAN_POINT('',(-0.173764219276,-3.062318026629));
#958 = CARTESIAN_POINT('',(-0.172683784683,-3.00106934404));
#959 = CARTESIAN_POINT('',(-0.17152407094,-2.940039586167));
#960 = CARTESIAN_POINT('',(-0.17028477456,-2.87923447225));
#961 = CARTESIAN_POINT('',(-0.168965513697,-2.818660778575));
#962 = CARTESIAN_POINT('',(-0.167565831712,-2.758326449019));
#963 = CARTESIAN_POINT('',(-0.166085200313,-2.698240663684));
#964 = CARTESIAN_POINT('',(-0.164523022792,-2.638413918437));
#965 = CARTESIAN_POINT('',(-0.162878637237,-2.57885810141));
#966 = CARTESIAN_POINT('',(-0.161151319751,-2.519586570445));
#967 = CARTESIAN_POINT('',(-0.159340287677,-2.460614230633));
#968 = CARTESIAN_POINT('',(-0.157444702848,-2.40195761241));
#969 = CARTESIAN_POINT('',(-0.155463674849,-2.343634950312));
#970 = CARTESIAN_POINT('',(-0.153396264312,-2.285666262588));
#971 = CARTESIAN_POINT('',(-0.151241486241,-2.228073431858));
#972 = CARTESIAN_POINT('',(-0.148998313376,-2.170880286972));
#973 = CARTESIAN_POINT('',(-0.146665679604,-2.114112686289));
#974 = CARTESIAN_POINT('',(-0.144242483416,-2.057798602505));
#975 = CARTESIAN_POINT('',(-0.141727591429,-2.001968209294));
#976 = CARTESIAN_POINT('',(-0.139119841946,-1.946653969717));
#977 = CARTESIAN_POINT('',(-0.136418048644,-1.891890727378));
#978 = CARTESIAN_POINT('',(-0.133621004149,-1.837715797549));
#979 = CARTESIAN_POINT('',(-0.130727484358,-1.784169069448));
#980 = CARTESIAN_POINT('',(-0.127736250364,-1.731293078837));
#981 = CARTESIAN_POINT('',(-0.124646059719,-1.679133204136));
#982 = CARTESIAN_POINT('',(-0.121455643312,-1.627737415208));
#983 = CARTESIAN_POINT('',(-0.118163810994,-1.577157706077));
#984 = CARTESIAN_POINT('',(-0.114769077233,-1.527445258435));
#985 = CARTESIAN_POINT('',(-0.111271078551,-1.478669018369));
#986 = CARTESIAN_POINT('',(-0.107663544701,-1.430822948462));
#987 = CARTESIAN_POINT('',(-0.103944494411,-1.383971486841));
#988 = CARTESIAN_POINT('',(-0.1001121772,-1.338185423716));
#989 = CARTESIAN_POINT('',(-9.616487763256E-02,-1.293540667679));
#990 = CARTESIAN_POINT('',(-9.210096442014E-02,-1.250118546884));
#991 = CARTESIAN_POINT('',(-8.791889847174E-02,-1.20800589731));
#992 = CARTESIAN_POINT('',(-8.361715998666E-02,-1.167294467837));
#993 = CARTESIAN_POINT('',(-7.91945401535E-02,-1.128083270969));
#994 = CARTESIAN_POINT('',(-7.464905506404E-02,-1.090469834159));
#995 = CARTESIAN_POINT('',(-6.99813399108E-02,-1.054578210814));
#996 = CARTESIAN_POINT('',(-6.519332248834E-02,-1.020541779954));
#997 = CARTESIAN_POINT('',(-6.028694552673E-02,-0.988492348452));
#998 = CARTESIAN_POINT('',(-5.526398000762E-02,-0.958560526571));
#999 = CARTESIAN_POINT('',(-5.01280400733E-02,-0.930885250242));
#1000 = CARTESIAN_POINT('',(-4.487670772634E-02,-0.905575498329));
#1001 = CARTESIAN_POINT('',(-3.95167712292E-02,-0.88278963208));
#1002 = CARTESIAN_POINT('',(-3.406135866703E-02,-0.862696221585));
#1003 = CARTESIAN_POINT('',(-2.85221448193E-02,-0.845436204111));
#1004 = CARTESIAN_POINT('',(-2.29114114638E-02,-0.831132990749));
#1005 = CARTESIAN_POINT('',(-1.724146712539E-02,-0.819889935139));
#1006 = CARTESIAN_POINT('',(-1.152477739866E-02,-0.81179040552));
#1007 = CARTESIAN_POINT('',(-5.773895432096E-03,-0.806900081437));
#1008 = CARTESIAN_POINT('',(-1.925620626629E-03,-0.805805192801));
#1009 = CARTESIAN_POINT('',(0.,-0.805806825268));
#1010 = ( GEOMETRIC_REPRESENTATION_CONTEXT(2) 
PARAMETRIC_REPRESENTATION_CONTEXT() REPRESENTATION_CONTEXT('2D SPACE',''
  ) );
#1011 = PCURVE('',#1012,#1017);
#1012 = CYLINDRICAL_SURFACE('',#1013,2.75);
#1013 = AXIS2_PLACEMENT_3D('',#1014,#1015,#1016);
#1014 = CARTESIAN_POINT('',(-4.069751398829,0.,-11.40168825125));
#1015 = DIRECTION('',(-0.681998360062,0.,0.731353701619));
#1016 = DIRECTION('',(0.,1.,0.));
#1017 = DEFINITIONAL_REPRESENTATION('',(#1018),#1088);
#1018 = B_SPLINE_CURVE_WITH_KNOTS('',3,(#1019,#1020,#1021,#1022,#1023,
    #1024,#1025,#1026,#1027,#1028,#1029,#1030,#1031,#1032,#1033,#1034,
    #1035,#1036,#1037,#1038,#1039,#1040,#1041,#1042,#1043,#1044,#1045,
    #1046,#1047,#1048,#1049,#1050,#1051,#1052,#1053,#1054,#1055,#1056,
    #1057,#1058,#1059,#1060,#1061,#1062,#1063,#1064,#1065,#1066,#1067,
    #1068,#1069,#1070,#1071,#1072,#1073,#1074,#1075,#1076,#1077,#1078,
    #1079,#1080,#1081,#1082,#1083,#1084,#1085,#1086,#1087),
  .UNSPECIFIED.,.F.,.F.,(4,1,1,1,1,1,1,1,1,1,1,1,1,1,1,1,1,1,1,1,1,1,1,1
    ,1,1,1,1,1,1,1,1,1,1,1,1,1,1,1,1,1,1,1,1,1,1,1,1,1,1,1,1,1,1,1,1,1,1
    ,1,1,1,1,1,1,1,1,4),(0.,0.493909213288,0.987818426575,1.481727639863
    ,1.975636853151,2.469546066438,2.963455279726,3.457364493014,
    3.951273706302,4.445182919589,4.939092132877,5.433001346165,
    5.926910559452,6.42081977274,6.914728986028,7.408638199315,
    7.902547412603,8.396456625891,8.890365839178,9.384275052466,
    9.878184265754,10.372093479042,10.866002692329,11.359911905617,
    11.853821118905,12.347730332192,12.84163954548,13.335548758768,
    13.829457972055,14.323367185343,14.817276398631,15.311185611918,
    15.805094825206,16.299004038494,16.792913251782,17.286822465069,
    17.780731678357,18.274640891645,18.768550104932,19.26245931822,
    19.756368531508,20.250277744795,20.744186958083,21.238096171371,
    21.732005384658,22.225914597946,22.719823811234,23.213733024522,
    23.707642237809,24.201551451097,24.695460664385,25.189369877672,
    25.68327909096,26.177188304248,26.671097517535,27.165006730823,
    27.658915944111,28.152825157399,28.646734370686,29.140643583974,
    29.634552797262,30.128462010549,30.622371223837,31.116280437125,
    31.610189650412,32.1040988637,32.598008076988),
  .QUASI_UNIFORM_KNOTS.);
#1019 = CARTESIAN_POINT('',(-6.326298084306,-133.6204437465));
#1020 = CARTESIAN_POINT('',(-6.31918377195,-133.6281750576));
#1021 = CARTESIAN_POINT('',(-6.304972514596,-133.6437079922));
#1022 = CARTESIAN_POINT('',(-6.28370230453,-133.6672123152));
#1023 = CARTESIAN_POINT('',(-6.262473367176,-133.6909155542));
#1024 = CARTESIAN_POINT('',(-6.24128021931,-133.7148116666));
#1025 = CARTESIAN_POINT('',(-6.220117383657,-133.738894527));
#1026 = CARTESIAN_POINT('',(-6.198979376565,-133.7631579201));
#1027 = CARTESIAN_POINT('',(-6.177860791536,-133.7875954164));
#1028 = CARTESIAN_POINT('',(-6.156755862689,-133.8122008657));
#1029 = CARTESIAN_POINT('',(-6.135660009297,-133.8369665428));
#1030 = CARTESIAN_POINT('',(-6.114563974555,-133.8618900672));
#1031 = CARTESIAN_POINT('',(-6.093475606684,-133.8869485787));
#1032 = CARTESIAN_POINT('',(-6.072404381643,-133.9121166541));
#1033 = CARTESIAN_POINT('',(-6.051336150453,-133.9373967695));
#1034 = CARTESIAN_POINT('',(-6.030263200293,-133.9627836403));
#1035 = CARTESIAN_POINT('',(-6.009176239273,-133.9882736636));
#1036 = CARTESIAN_POINT('',(-5.988066535747,-134.0138623317));
#1037 = CARTESIAN_POINT('',(-5.966925336746,-134.0395448679));
#1038 = CARTESIAN_POINT('',(-5.945744015434,-134.0653159974));
#1039 = CARTESIAN_POINT('',(-5.924514023142,-134.0911699492));
#1040 = CARTESIAN_POINT('',(-5.903226893631,-134.1171003947));
#1041 = CARTESIAN_POINT('',(-5.881874233199,-134.1431004027));
#1042 = CARTESIAN_POINT('',(-5.86044771437,-134.1691623883));
#1043 = CARTESIAN_POINT('',(-5.838939068398,-134.1952780627));
#1044 = CARTESIAN_POINT('',(-5.817340077827,-134.2214383819));
#1045 = CARTESIAN_POINT('',(-5.795642568741,-134.2476334938));
#1046 = CARTESIAN_POINT('',(-5.773838402789,-134.2738526853));
#1047 = CARTESIAN_POINT('',(-5.751919468914,-134.3000843284));
#1048 = CARTESIAN_POINT('',(-5.729877674783,-134.3263158244));
#1049 = CARTESIAN_POINT('',(-5.70770493788,-134.3525335486));
#1050 = CARTESIAN_POINT('',(-5.685393176213,-134.3787227934));
#1051 = CARTESIAN_POINT('',(-5.662934298618,-134.4048677099));
#1052 = CARTESIAN_POINT('',(-5.640320194578,-134.4309512502));
#1053 = CARTESIAN_POINT('',(-5.617542723538,-134.4569551068));
#1054 = CARTESIAN_POINT('',(-5.594593703538,-134.4828596528));
#1055 = CARTESIAN_POINT('',(-5.57146489949,-134.5086438795));
#1056 = CARTESIAN_POINT('',(-5.548148009458,-134.5342853358));
#1057 = CARTESIAN_POINT('',(-5.524634654644,-134.5597600602));
#1058 = CARTESIAN_POINT('',(-5.500916351228,-134.5850425303));
#1059 = CARTESIAN_POINT('',(-5.47698454509,-134.6101055493));
#1060 = CARTESIAN_POINT('',(-5.452830406286,-134.6349203559));
#1061 = CARTESIAN_POINT('',(-5.428445513842,-134.659455903));
#1062 = CARTESIAN_POINT('',(-5.403819210713,-134.6836812272));
#1063 = CARTESIAN_POINT('',(-5.378948377836,-134.7075562839));
#1064 = CARTESIAN_POINT('',(-5.353788453317,-134.7310775745));
#1065 = CARTESIAN_POINT('',(-5.328326412383,-134.7542070215));
#1066 = CARTESIAN_POINT('',(-5.302550265326,-134.7769029599));
#1067 = CARTESIAN_POINT('',(-5.276447876064,-134.799120813));
#1068 = CARTESIAN_POINT('',(-5.250007126213,-134.8208129199));
#1069 = CARTESIAN_POINT('',(-5.223215861224,-134.8419284887));
#1070 = CARTESIAN_POINT('',(-5.196061325883,-134.862413893));
#1071 = CARTESIAN_POINT('',(-5.168531825399,-134.8822114724));
#1072 = CARTESIAN_POINT('',(-5.140609962525,-134.9012639729));
#1073 = CARTESIAN_POINT('',(-5.112293341412,-134.9195004225));
#1074 = CARTESIAN_POINT('',(-5.083585497018,-134.9368447119));
#1075 = CARTESIAN_POINT('',(-5.05448800713,-134.9532212336));
#1076 = CARTESIAN_POINT('',(-5.02499952995,-134.9685548224));
#1077 = CARTESIAN_POINT('',(-4.995127367126,-134.9827659284));
#1078 = CARTESIAN_POINT('',(-4.964841999702,-134.9957905322));
#1079 = CARTESIAN_POINT('',(-4.934165341616,-135.0075392564));
#1080 = CARTESIAN_POINT('',(-4.903152251668,-135.0179176748));
#1081 = CARTESIAN_POINT('',(-4.871846001498,-135.0268460708));
#1082 = CARTESIAN_POINT('',(-4.840290571856,-135.0342543912));
#1083 = CARTESIAN_POINT('',(-4.808527731257,-135.0400837223));
#1084 = CARTESIAN_POINT('',(-4.776598178146,-135.0442864806));
#1085 = CARTESIAN_POINT('',(-4.744541658817,-135.046825221));
#1086 = CARTESIAN_POINT('',(-4.723111966845,-135.0473939165));
#1087 = CARTESIAN_POINT('',(-4.712388980385,-135.0473929507));
#1088 = ( GEOMETRIC_REPRESENTATION_CONTEXT(2) 
PARAMETRIC_REPRESENTATION_CONTEXT() REPRESENTATION_CONTEXT('2D SPACE',''
  ) );
#1089 = ORIENTED_EDGE('',*,*,#1090,.T.);
#1090 = EDGE_CURVE('',#897,#717,#1091,.T.);
#1091 = SURFACE_CURVE('',#1092,(#1097,#1104),.PCURVE_S1.);
#1092 = CIRCLE('',#1093,15.313708498985);
#1093 = AXIS2_PLACEMENT_3D('',#1094,#1095,#1096);
#1094 = CARTESIAN_POINT('',(73.492117550985,0.,-102.6778194557));
#1095 = DIRECTION('',(0.422618261741,-0.,0.906307787037));
#1096 = DIRECTION('',(0.906307787037,0.,-0.422618261741));
#1097 = PCURVE('',#395,#1098);
#1098 = DEFINITIONAL_REPRESENTATION('',(#1099),#1103);
#1099 = LINE('',#1100,#1101);
#1100 = CARTESIAN_POINT('',(-0.,-4.));
#1101 = VECTOR('',#1102,1.);
#1102 = DIRECTION('',(-1.,0.));
#1103 = ( GEOMETRIC_REPRESENTATION_CONTEXT(2) 
PARAMETRIC_REPRESENTATION_CONTEXT() REPRESENTATION_CONTEXT('2D SPACE',''
  ) );
#1104 = PCURVE('',#267,#1105);
#1105 = DEFINITIONAL_REPRESENTATION('',(#1106),#1110);
#1106 = CIRCLE('',#1107,15.313708498985);
#1107 = AXIS2_PLACEMENT_2D('',#1108,#1109);
#1108 = CARTESIAN_POINT('',(0.,-1.517954498523E-15));
#1109 = DIRECTION('',(1.,0.));
#1110 = ( GEOMETRIC_REPRESENTATION_CONTEXT(2) 
PARAMETRIC_REPRESENTATION_CONTEXT() REPRESENTATION_CONTEXT('2D SPACE',''
  ) );
#1111 = ORIENTED_EDGE('',*,*,#739,.T.);
#1112 = ORIENTED_EDGE('',*,*,#570,.T.);
#1113 = ORIENTED_EDGE('',*,*,#1114,.T.);
#1114 = EDGE_CURVE('',#543,#516,#1115,.T.);
#1115 = SURFACE_CURVE('',#1116,(#1121,#1128),.PCURVE_S1.);
#1116 = CIRCLE('',#1117,15.313708498985);
#1117 = AXIS2_PLACEMENT_3D('',#1118,#1119,#1120);
#1118 = CARTESIAN_POINT('',(73.492117550985,0.,-102.6778194557));
#1119 = DIRECTION('',(0.422618261741,-0.,0.906307787037));
#1120 = DIRECTION('',(0.906307787037,0.,-0.422618261741));
#1121 = PCURVE('',#395,#1122);
#1122 = DEFINITIONAL_REPRESENTATION('',(#1123),#1127);
#1123 = LINE('',#1124,#1125);
#1124 = CARTESIAN_POINT('',(-0.,-4.));
#1125 = VECTOR('',#1126,1.);
#1126 = DIRECTION('',(-1.,0.));
#1127 = ( GEOMETRIC_REPRESENTATION_CONTEXT(2) 
PARAMETRIC_REPRESENTATION_CONTEXT() REPRESENTATION_CONTEXT('2D SPACE',''
  ) );
#1128 = PCURVE('',#558,#1129);
#1129 = DEFINITIONAL_REPRESENTATION('',(#1130),#1134);
#1130 = CIRCLE('',#1131,15.313708498985);
#1131 = AXIS2_PLACEMENT_2D('',#1132,#1133);
#1132 = CARTESIAN_POINT('',(0.,-1.517954498523E-15));
#1133 = DIRECTION('',(1.,0.));
#1134 = ( GEOMETRIC_REPRESENTATION_CONTEXT(2) 
PARAMETRIC_REPRESENTATION_CONTEXT() REPRESENTATION_CONTEXT('2D SPACE',''
  ) );
#1135 = ORIENTED_EDGE('',*,*,#515,.T.);
#1136 = ORIENTED_EDGE('',*,*,#381,.F.);
#1137 = ORIENTED_EDGE('',*,*,#1138,.T.);
#1138 = EDGE_CURVE('',#359,#1139,#1141,.T.);
#1139 = VERTEX_POINT('',#1140);
#1140 = CARTESIAN_POINT('',(87.145854643465,-2.747444667456,
    -109.0446616244));
#1141 = SURFACE_CURVE('',#1142,(#1147,#1154),.PCURVE_S1.);
#1142 = CIRCLE('',#1143,15.313708498985);
#1143 = AXIS2_PLACEMENT_3D('',#1144,#1145,#1146);
#1144 = CARTESIAN_POINT('',(73.492117550985,0.,-102.6778194557));
#1145 = DIRECTION('',(0.422618261741,-0.,0.906307787037));
#1146 = DIRECTION('',(0.906307787037,0.,-0.422618261741));
#1147 = PCURVE('',#395,#1148);
#1148 = DEFINITIONAL_REPRESENTATION('',(#1149),#1153);
#1149 = LINE('',#1150,#1151);
#1150 = CARTESIAN_POINT('',(-0.,-4.));
#1151 = VECTOR('',#1152,1.);
#1152 = DIRECTION('',(-1.,0.));
#1153 = ( GEOMETRIC_REPRESENTATION_CONTEXT(2) 
PARAMETRIC_REPRESENTATION_CONTEXT() REPRESENTATION_CONTEXT('2D SPACE',''
  ) );
#1154 = PCURVE('',#267,#1155);
#1155 = DEFINITIONAL_REPRESENTATION('',(#1156),#1160);
#1156 = CIRCLE('',#1157,15.313708498985);
#1157 = AXIS2_PLACEMENT_2D('',#1158,#1159);
#1158 = CARTESIAN_POINT('',(0.,-1.517954498523E-15));
#1159 = DIRECTION('',(1.,0.));
#1160 = ( GEOMETRIC_REPRESENTATION_CONTEXT(2) 
PARAMETRIC_REPRESENTATION_CONTEXT() REPRESENTATION_CONTEXT('2D SPACE',''
  ) );
#1161 = ORIENTED_EDGE('',*,*,#1162,.T.);
#1162 = EDGE_CURVE('',#1139,#846,#1163,.T.);
#1163 = SURFACE_CURVE('',#1164,(#1197,#1233),.PCURVE_S1.);
#1164 = B_SPLINE_CURVE_WITH_KNOTS('',7,(#1165,#1166,#1167,#1168,#1169,
    #1170,#1171,#1172,#1173,#1174,#1175,#1176,#1177,#1178,#1179,#1180,
    #1181,#1182,#1183,#1184,#1185,#1186,#1187,#1188,#1189,#1190,#1191,
    #1192,#1193,#1194,#1195,#1196),.UNSPECIFIED.,.F.,.F.,(8,6,6,6,6,8),(
    0.,0.150173551563,0.643693365204,0.771559241431,0.861496423637,1.),
  .UNSPECIFIED.);
#1165 = CARTESIAN_POINT('',(87.145854901014,-2.747444643386,
    -109.0446610825));
#1166 = CARTESIAN_POINT('',(87.107529838061,-2.751026421199,
    -109.1253038224));
#1167 = CARTESIAN_POINT('',(87.069694766503,-2.751666435489,
    -109.2061628011));
#1168 = CARTESIAN_POINT('',(87.03237061212,-2.74940508287,
    -109.2871828079));
#1169 = CARTESIAN_POINT('',(86.995575951362,-2.744274221373,
    -109.3683085658));
#1170 = CARTESIAN_POINT('',(86.959327198663,-2.736297207721,
    -109.4494846549));
#1171 = CARTESIAN_POINT('',(86.923638793756,-2.725488934607,
    -109.530655435));
#1172 = CARTESIAN_POINT('',(86.773122588781,-2.667053115185,
    -109.878317646));
#1173 = CARTESIAN_POINT('',(86.664649211428,-2.592028553273,
    -110.1425013914));
#1174 = CARTESIAN_POINT('',(86.562697014251,-2.487427801492,
    -110.4039948081));
#1175 = CARTESIAN_POINT('',(86.467142033972,-2.351791906246,
    -110.6618594204));
#1176 = CARTESIAN_POINT('',(86.378538640613,-2.182338944964,
    -110.9133467812));
#1177 = CARTESIAN_POINT('',(86.297990828028,-1.975469630231,
    -111.1529312095));
#1178 = CARTESIAN_POINT('',(86.209278331551,-1.663782603866,
    -111.4269279592));
#1179 = CARTESIAN_POINT('',(86.191670245575,-1.596807199037,
    -111.4819293455));
#1180 = CARTESIAN_POINT('',(86.174744573393,-1.526905840509,
    -111.5353787539));
#1181 = CARTESIAN_POINT('',(86.158544629017,-1.453996968512,
    -111.5870724703));
#1182 = CARTESIAN_POINT('',(86.143121331866,-1.378006153552,
    -111.6367744374));
#1183 = CARTESIAN_POINT('',(86.128533150297,-1.298866721412,
    -111.6842160472));
#1184 = CARTESIAN_POINT('',(86.105218928763,-1.158600327124,
    -111.7606631549));
#1185 = CARTESIAN_POINT('',(86.096035487402,-1.09907979858,
    -111.7909705512));
#1186 = CARTESIAN_POINT('',(86.087325645652,-1.037978087508,
    -111.8198894877));
#1187 = CARTESIAN_POINT('',(86.079119278748,-0.9753192326,
    -111.8472904298));
#1188 = CARTESIAN_POINT('',(86.071446212565,-0.911132016254,
    -111.873042943));
#1189 = CARTESIAN_POINT('',(86.064336223612,-0.845449964583,
    -111.8970156928));
#1190 = CARTESIAN_POINT('',(86.04778255191,-0.67491764123,
    -111.9530500795));
#1191 = CARTESIAN_POINT('',(86.039128074569,-0.567816390128,
    -111.9825725197));
#1192 = CARTESIAN_POINT('',(86.032028367045,-0.457645317673,
    -112.0069469882));
#1193 = CARTESIAN_POINT('',(86.026610442226,-0.345075888777,
    -112.0256346511));
#1194 = CARTESIAN_POINT('',(86.022960097241,-0.230803870041,
    -112.0382563725));
#1195 = CARTESIAN_POINT('',(86.021126444855,-0.115539890106,
    -112.0445944699));
#1196 = CARTESIAN_POINT('',(86.021126444855,-2.22044604925E-15,
    -112.0445944699));
#1197 = PCURVE('',#395,#1198);
#1198 = DEFINITIONAL_REPRESENTATION('',(#1199),#1232);
#1199 = B_SPLINE_CURVE_WITH_KNOTS('',7,(#1200,#1201,#1202,#1203,#1204,
    #1205,#1206,#1207,#1208,#1209,#1210,#1211,#1212,#1213,#1214,#1215,
    #1216,#1217,#1218,#1219,#1220,#1221,#1222,#1223,#1224,#1225,#1226,
    #1227,#1228,#1229,#1230,#1231),.UNSPECIFIED.,.F.,.F.,(8,6,6,6,6,8),(
    0.,0.150173551563,0.643693365204,0.771559241431,0.861496423637,1.),
  .UNSPECIFIED.);
#1200 = CARTESIAN_POINT('',(-6.102797809854,-4.0000006));
#1201 = CARTESIAN_POINT('',(-6.102560058599,-3.910716585323));
#1202 = CARTESIAN_POINT('',(-6.102517563723,-3.821443671098));
#1203 = CARTESIAN_POINT('',(-6.102667679212,-3.732240738808));
#1204 = CARTESIAN_POINT('',(-6.103008281641,-3.643165737093));
#1205 = CARTESIAN_POINT('',(-6.103537770174,-3.554275830604));
#1206 = CARTESIAN_POINT('',(-6.104255066574,-3.465627548875));
#1207 = CARTESIAN_POINT('',(-6.108132260329,-3.086927682892));
#1208 = CARTESIAN_POINT('',(-6.113108252498,-2.801653066978));
#1209 = CARTESIAN_POINT('',(-6.120040321394,-2.521572686855));
#1210 = CARTESIAN_POINT('',(-6.129016610868,-2.247484701094));
#1211 = CARTESIAN_POINT('',(-6.140209854286,-1.982114335516));
#1212 = CARTESIAN_POINT('',(-6.15384051575,-1.730936125981));
#1213 = CARTESIAN_POINT('',(-6.174324798154,-1.445119217062));
#1214 = CARTESIAN_POINT('',(-6.178724112793,-1.38782953368));
#1215 = CARTESIAN_POINT('',(-6.183313122205,-1.332234820442));
#1216 = CARTESIAN_POINT('',(-6.188096942384,-1.278538010415));
#1217 = CARTESIAN_POINT('',(-6.193080240652,-1.226974563581));
#1218 = CARTESIAN_POINT('',(-6.198267212113,-1.177812631267));
#1219 = CARTESIAN_POINT('',(-6.207455782617,-1.098675006445));
#1220 = CARTESIAN_POINT('',(-6.211353516288,-1.067326087136));
#1221 = CARTESIAN_POINT('',(-6.215353447099,-1.037435691665));
#1222 = CARTESIAN_POINT('',(-6.219453978585,-1.009133843934));
#1223 = CARTESIAN_POINT('',(-6.223653227832,-0.982551362733));
#1224 = CARTESIAN_POINT('',(-6.227949025478,-0.95781986174));
#1225 = CARTESIAN_POINT('',(-6.239099362082,-0.900039576838));
#1226 = CARTESIAN_POINT('',(-6.246099518289,-0.869625619229));
#1227 = CARTESIAN_POINT('',(-6.253297830092,-0.844534382531));
#1228 = CARTESIAN_POINT('',(-6.260650813788,-0.825307894169));
#1229 = CARTESIAN_POINT('',(-6.268113593828,-0.812326027353));
#1230 = CARTESIAN_POINT('',(-6.275640440427,-0.805806825268));
#1231 = CARTESIAN_POINT('',(-6.28318530718,-0.805806825268));
#1232 = ( GEOMETRIC_REPRESENTATION_CONTEXT(2) 
PARAMETRIC_REPRESENTATION_CONTEXT() REPRESENTATION_CONTEXT('2D SPACE',''
  ) );
#1233 = PCURVE('',#1012,#1234);
#1234 = DEFINITIONAL_REPRESENTATION('',(#1235),#1268);
#1235 = B_SPLINE_CURVE_WITH_KNOTS('',7,(#1236,#1237,#1238,#1239,#1240,
    #1241,#1242,#1243,#1244,#1245,#1246,#1247,#1248,#1249,#1250,#1251,
    #1252,#1253,#1254,#1255,#1256,#1257,#1258,#1259,#1260,#1261,#1262,
    #1263,#1264,#1265,#1266,#1267),.UNSPECIFIED.,.F.,.F.,(8,6,6,6,6,8),(
    0.,0.150173551563,0.643693365204,0.771559241431,0.861496423637,1.),
  .UNSPECIFIED.);
#1236 = CARTESIAN_POINT('',(-3.098479673382,-133.6204435258));
#1237 = CARTESIAN_POINT('',(-3.128699533592,-133.6532842621));
#1238 = CARTESIAN_POINT('',(-3.158796676376,-133.6866173187));
#1239 = CARTESIAN_POINT('',(-3.188797565628,-133.7204165885));
#1240 = CARTESIAN_POINT('',(-3.21872751659,-133.7546543136));
#1241 = CARTESIAN_POINT('',(-3.24861140884,-133.7893011569));
#1242 = CARTESIAN_POINT('',(-3.27847439927,-133.8243262737));
#1243 = CARTESIAN_POINT('',(-3.406499507651,-133.9759385137));
#1244 = CARTESIAN_POINT('',(-3.504084099736,-134.0951716084));
#1245 = CARTESIAN_POINT('',(-3.602631568036,-134.2168845553));
#1246 = CARTESIAN_POINT('',(-3.703492045835,-134.3403064542));
#1247 = CARTESIAN_POINT('',(-3.807950779094,-134.4638052975));
#1248 = CARTESIAN_POINT('',(-3.917265590902,-134.5840927799));
#1249 = CARTESIAN_POINT('',(-4.062958406042,-134.7239795399));
#1250 = CARTESIAN_POINT('',(-4.09341799455,-134.7521963216));
#1251 = CARTESIAN_POINT('',(-4.124393526685,-134.7797434636));
#1252 = CARTESIAN_POINT('',(-4.15591932067,-134.8065015189));
#1253 = CARTESIAN_POINT('',(-4.188029436637,-134.8323325732));
#1254 = CARTESIAN_POINT('',(-4.220759449778,-134.8570800542));
#1255 = CARTESIAN_POINT('',(-4.277632927258,-134.8970896686));
#1256 = CARTESIAN_POINT('',(-4.301449228945,-134.9129920031));
#1257 = CARTESIAN_POINT('',(-4.325594223016,-134.9282018765));
#1258 = CARTESIAN_POINT('',(-4.350066208767,-134.9426449282));
#1259 = CARTESIAN_POINT('',(-4.374864690328,-134.9562461056));
#1260 = CARTESIAN_POINT('',(-4.399990376663,-134.9689296641));
#1261 = CARTESIAN_POINT('',(-4.464645670498,-134.9986210432));
#1262 = CARTESIAN_POINT('',(-4.504722804178,-135.0143100497));
#1263 = CARTESIAN_POINT('',(-4.545490571563,-135.0272944186));
#1264 = CARTESIAN_POINT('',(-4.586785702165,-135.0372666942));
#1265 = CARTESIAN_POINT('',(-4.628460299559,-135.0440081076));
#1266 = CARTESIAN_POINT('',(-4.670374474891,-135.0473929507));
#1267 = CARTESIAN_POINT('',(-4.712388980385,-135.0473929507));
#1268 = ( GEOMETRIC_REPRESENTATION_CONTEXT(2) 
PARAMETRIC_REPRESENTATION_CONTEXT() REPRESENTATION_CONTEXT('2D SPACE',''
  ) );
#1269 = ADVANCED_FACE('',(#1270,#1413,#1448,#1483,#1518),#267,.T.);
#1270 = FACE_BOUND('',#1271,.T.);
#1271 = EDGE_LOOP('',(#1272,#1273,#1274,#1311,#1336,#1337,#1338,#1364,
    #1365,#1386,#1387));
#1272 = ORIENTED_EDGE('',*,*,#358,.F.);
#1273 = ORIENTED_EDGE('',*,*,#1138,.T.);
#1274 = ORIENTED_EDGE('',*,*,#1275,.F.);
#1275 = EDGE_CURVE('',#1276,#1139,#1278,.T.);
#1276 = VERTEX_POINT('',#1277);
#1277 = CARTESIAN_POINT('',(86.859103973756,2.75,-108.9109475911));
#1278 = SURFACE_CURVE('',#1279,(#1284,#1291),.PCURVE_S1.);
#1279 = ELLIPSE('',#1280,7.341034697024,2.75);
#1280 = AXIS2_PLACEMENT_3D('',#1281,#1282,#1283);
#1281 = CARTESIAN_POINT('',(86.859103973756,0.,-108.9109475911));
#1282 = DIRECTION('',(0.422618261741,0.,0.906307787037));
#1283 = DIRECTION('',(-0.906307787037,0.,0.422618261741));
#1284 = PCURVE('',#267,#1285);
#1285 = DEFINITIONAL_REPRESENTATION('',(#1286),#1290);
#1286 = ELLIPSE('',#1287,7.341034697024,2.75);
#1287 = AXIS2_PLACEMENT_2D('',#1288,#1289);
#1288 = CARTESIAN_POINT('',(14.748837661956,-1.517954498523E-15));
#1289 = DIRECTION('',(-1.,0.));
#1290 = ( GEOMETRIC_REPRESENTATION_CONTEXT(2) 
PARAMETRIC_REPRESENTATION_CONTEXT() REPRESENTATION_CONTEXT('2D SPACE',''
  ) );
#1291 = PCURVE('',#1012,#1292);
#1292 = DEFINITIONAL_REPRESENTATION('',(#1293),#1310);
#1293 = B_SPLINE_CURVE_WITH_KNOTS('',8,(#1294,#1295,#1296,#1297,#1298,
    #1299,#1300,#1301,#1302,#1303,#1304,#1305,#1306,#1307,#1308,#1309),
  .UNSPECIFIED.,.F.,.F.,(9,7,9),(4.712388980385,6.537461595741,
    8.362534211098),.UNSPECIFIED.);
#1294 = CARTESIAN_POINT('',(-6.28318530718,-133.3270880068));
#1295 = CARTESIAN_POINT('',(-6.05505123026,-131.7742959567));
#1296 = CARTESIAN_POINT('',(-5.826917153336,-130.2215028287));
#1297 = CARTESIAN_POINT('',(-5.598783076429,-128.7918657131));
#1298 = CARTESIAN_POINT('',(-5.370648999482,-127.6084874959));
#1299 = CARTESIAN_POINT('',(-5.142514922587,-126.7741383451));
#1300 = CARTESIAN_POINT('',(-4.914380845659,-126.3500978532));
#1301 = CARTESIAN_POINT('',(-4.686246768743,-126.3488606294));
#1302 = CARTESIAN_POINT('',(-4.229978614903,-127.1300548864));
#1303 = CARTESIAN_POINT('',(-4.00184453798,-127.9124869096));
#1304 = CARTESIAN_POINT('',(-3.773710461064,-129.055763633));
#1305 = CARTESIAN_POINT('',(-3.545576384129,-130.485458613));
#1306 = CARTESIAN_POINT('',(-3.31744230723,-132.0885895983));
#1307 = CARTESIAN_POINT('',(-3.089308230301,-133.7315572748));
#1308 = CARTESIAN_POINT('',(-2.861174153386,-135.2849728375));
#1309 = CARTESIAN_POINT('',(-2.633040076467,-136.641259352));
#1310 = ( GEOMETRIC_REPRESENTATION_CONTEXT(2) 
PARAMETRIC_REPRESENTATION_CONTEXT() REPRESENTATION_CONTEXT('2D SPACE',''
  ) );
#1311 = ORIENTED_EDGE('',*,*,#1312,.F.);
#1312 = EDGE_CURVE('',#897,#1276,#1313,.T.);
#1313 = SURFACE_CURVE('',#1314,(#1319,#1326),.PCURVE_S1.);
#1314 = ELLIPSE('',#1315,7.341034697024,2.75);
#1315 = AXIS2_PLACEMENT_3D('',#1316,#1317,#1318);
#1316 = CARTESIAN_POINT('',(86.859103973756,0.,-108.9109475911));
#1317 = DIRECTION('',(0.422618261741,0.,0.906307787037));
#1318 = DIRECTION('',(-0.906307787037,0.,0.422618261741));
#1319 = PCURVE('',#267,#1320);
#1320 = DEFINITIONAL_REPRESENTATION('',(#1321),#1325);
#1321 = ELLIPSE('',#1322,7.341034697024,2.75);
#1322 = AXIS2_PLACEMENT_2D('',#1323,#1324);
#1323 = CARTESIAN_POINT('',(14.748837661956,-1.517954498523E-15));
#1324 = DIRECTION('',(-1.,0.));
#1325 = ( GEOMETRIC_REPRESENTATION_CONTEXT(2) 
PARAMETRIC_REPRESENTATION_CONTEXT() REPRESENTATION_CONTEXT('2D SPACE',''
  ) );
#1326 = PCURVE('',#1012,#1327);
#1327 = DEFINITIONAL_REPRESENTATION('',(#1328),#1335);
#1328 = B_SPLINE_CURVE_WITH_KNOTS('',5,(#1329,#1330,#1331,#1332,#1333,
    #1334),.UNSPECIFIED.,.F.,.F.,(6,6),(4.203836403261,4.712388980385),
  .PIECEWISE_BEZIER_KNOTS.);
#1329 = CARTESIAN_POINT('',(-6.791737884303,-136.641259352));
#1330 = CARTESIAN_POINT('',(-6.690027368878,-136.036577218));
#1331 = CARTESIAN_POINT('',(-6.588316853454,-135.389039582));
#1332 = CARTESIAN_POINT('',(-6.486606338029,-134.711671783));
#1333 = CARTESIAN_POINT('',(-6.384895822604,-134.0193794957));
#1334 = CARTESIAN_POINT('',(-6.28318530718,-133.3270880068));
#1335 = ( GEOMETRIC_REPRESENTATION_CONTEXT(2) 
PARAMETRIC_REPRESENTATION_CONTEXT() REPRESENTATION_CONTEXT('2D SPACE',''
  ) );
#1336 = ORIENTED_EDGE('',*,*,#1090,.T.);
#1337 = ORIENTED_EDGE('',*,*,#716,.T.);
#1338 = ORIENTED_EDGE('',*,*,#1339,.T.);
#1339 = EDGE_CURVE('',#694,#625,#1340,.T.);
#1340 = SURFACE_CURVE('',#1341,(#1346,#1357),.PCURVE_S1.);
#1341 = CIRCLE('',#1342,4.5);
#1342 = AXIS2_PLACEMENT_3D('',#1343,#1344,#1345);
#1343 = CARTESIAN_POINT('',(73.492117550985,0.,-102.6778194557));
#1344 = DIRECTION('',(-0.422618261741,-0.,-0.906307787037));
#1345 = DIRECTION('',(0.906307787037,0.,-0.422618261741));
#1346 = PCURVE('',#267,#1347);
#1347 = DEFINITIONAL_REPRESENTATION('',(#1348),#1356);
#1348 = ( BOUNDED_CURVE() B_SPLINE_CURVE(2,(#1349,#1350,#1351,#1352,
#1353,#1354,#1355),.UNSPECIFIED.,.T.,.F.) B_SPLINE_CURVE_WITH_KNOTS((1,2
    ,2,2,2,1),(-2.094395102393,0.,2.094395102393,4.188790204786,
6.28318530718,8.377580409573),.UNSPECIFIED.) CURVE() 
GEOMETRIC_REPRESENTATION_ITEM() RATIONAL_B_SPLINE_CURVE((1.,0.5,1.,0.5,
1.,0.5,1.)) REPRESENTATION_ITEM('') );
#1349 = CARTESIAN_POINT('',(4.5,-1.517954498523E-15));
#1350 = CARTESIAN_POINT('',(4.5,-7.79422863406));
#1351 = CARTESIAN_POINT('',(-2.25,-3.89711431703));
#1352 = CARTESIAN_POINT('',(-9.,-2.620136617755E-15));
#1353 = CARTESIAN_POINT('',(-2.25,3.89711431703));
#1354 = CARTESIAN_POINT('',(4.5,7.79422863406));
#1355 = CARTESIAN_POINT('',(4.5,-1.517954498523E-15));
#1356 = ( GEOMETRIC_REPRESENTATION_CONTEXT(2) 
PARAMETRIC_REPRESENTATION_CONTEXT() REPRESENTATION_CONTEXT('2D SPACE',''
  ) );
#1357 = PCURVE('',#295,#1358);
#1358 = DEFINITIONAL_REPRESENTATION('',(#1359),#1363);
#1359 = LINE('',#1360,#1361);
#1360 = CARTESIAN_POINT('',(-6.28318530718,-5.));
#1361 = VECTOR('',#1362,1.);
#1362 = DIRECTION('',(1.,-0.));
#1363 = ( GEOMETRIC_REPRESENTATION_CONTEXT(2) 
PARAMETRIC_REPRESENTATION_CONTEXT() REPRESENTATION_CONTEXT('2D SPACE',''
  ) );
#1364 = ORIENTED_EDGE('',*,*,#624,.T.);
#1365 = ORIENTED_EDGE('',*,*,#1366,.T.);
#1366 = EDGE_CURVE('',#602,#224,#1367,.T.);
#1367 = SURFACE_CURVE('',#1368,(#1372,#1379),.PCURVE_S1.);
#1368 = LINE('',#1369,#1370);
#1369 = CARTESIAN_POINT('',(80.098597567048,-2.,-105.7584716807));
#1370 = VECTOR('',#1371,1.);
#1371 = DIRECTION('',(0.,-1.,0.));
#1372 = PCURVE('',#267,#1373);
#1373 = DEFINITIONAL_REPRESENTATION('',(#1374),#1378);
#1374 = LINE('',#1375,#1376);
#1375 = CARTESIAN_POINT('',(7.28944417179,-2.));
#1376 = VECTOR('',#1377,1.);
#1377 = DIRECTION('',(0.,-1.));
#1378 = ( GEOMETRIC_REPRESENTATION_CONTEXT(2) 
PARAMETRIC_REPRESENTATION_CONTEXT() REPRESENTATION_CONTEXT('2D SPACE',''
  ) );
#1379 = PCURVE('',#239,#1380);
#1380 = DEFINITIONAL_REPRESENTATION('',(#1381),#1385);
#1381 = LINE('',#1382,#1383);
#1382 = CARTESIAN_POINT('',(8.332629048621,-2.));
#1383 = VECTOR('',#1384,1.);
#1384 = DIRECTION('',(0.,1.));
#1385 = ( GEOMETRIC_REPRESENTATION_CONTEXT(2) 
PARAMETRIC_REPRESENTATION_CONTEXT() REPRESENTATION_CONTEXT('2D SPACE',''
  ) );
#1386 = ORIENTED_EDGE('',*,*,#251,.F.);
#1387 = ORIENTED_EDGE('',*,*,#1388,.T.);
#1388 = EDGE_CURVE('',#252,#336,#1389,.T.);
#1389 = SURFACE_CURVE('',#1390,(#1395,#1406),.PCURVE_S1.);
#1390 = CIRCLE('',#1391,4.5);
#1391 = AXIS2_PLACEMENT_3D('',#1392,#1393,#1394);
#1392 = CARTESIAN_POINT('',(73.492117550985,0.,-102.6778194557));
#1393 = DIRECTION('',(-0.422618261741,-0.,-0.906307787037));
#1394 = DIRECTION('',(0.906307787037,0.,-0.422618261741));
#1395 = PCURVE('',#267,#1396);
#1396 = DEFINITIONAL_REPRESENTATION('',(#1397),#1405);
#1397 = ( BOUNDED_CURVE() B_SPLINE_CURVE(2,(#1398,#1399,#1400,#1401,
#1402,#1403,#1404),.UNSPECIFIED.,.T.,.F.) B_SPLINE_CURVE_WITH_KNOTS((1,2
    ,2,2,2,1),(-2.094395102393,0.,2.094395102393,4.188790204786,
6.28318530718,8.377580409573),.UNSPECIFIED.) CURVE() 
GEOMETRIC_REPRESENTATION_ITEM() RATIONAL_B_SPLINE_CURVE((1.,0.5,1.,0.5,
1.,0.5,1.)) REPRESENTATION_ITEM('') );
#1398 = CARTESIAN_POINT('',(4.5,-1.517954498523E-15));
#1399 = CARTESIAN_POINT('',(4.5,-7.79422863406));
#1400 = CARTESIAN_POINT('',(-2.25,-3.89711431703));
#1401 = CARTESIAN_POINT('',(-9.,-2.620136617755E-15));
#1402 = CARTESIAN_POINT('',(-2.25,3.89711431703));
#1403 = CARTESIAN_POINT('',(4.5,7.79422863406));
#1404 = CARTESIAN_POINT('',(4.5,-1.517954498523E-15));
#1405 = ( GEOMETRIC_REPRESENTATION_CONTEXT(2) 
PARAMETRIC_REPRESENTATION_CONTEXT() REPRESENTATION_CONTEXT('2D SPACE',''
  ) );
#1406 = PCURVE('',#295,#1407);
#1407 = DEFINITIONAL_REPRESENTATION('',(#1408),#1412);
#1408 = LINE('',#1409,#1410);
#1409 = CARTESIAN_POINT('',(-6.28318530718,-5.));
#1410 = VECTOR('',#1411,1.);
#1411 = DIRECTION('',(1.,-0.));
#1412 = ( GEOMETRIC_REPRESENTATION_CONTEXT(2) 
PARAMETRIC_REPRESENTATION_CONTEXT() REPRESENTATION_CONTEXT('2D SPACE',''
  ) );
#1413 = FACE_BOUND('',#1414,.T.);
#1414 = EDGE_LOOP('',(#1415));
#1415 = ORIENTED_EDGE('',*,*,#1416,.T.);
#1416 = EDGE_CURVE('',#1417,#1417,#1419,.T.);
#1417 = VERTEX_POINT('',#1418);
#1418 = CARTESIAN_POINT('',(67.691747713951,-8.,-99.97306258064));
#1419 = SURFACE_CURVE('',#1420,(#1425,#1436),.PCURVE_S1.);
#1420 = CIRCLE('',#1421,1.6);
#1421 = AXIS2_PLACEMENT_3D('',#1422,#1423,#1424);
#1422 = CARTESIAN_POINT('',(66.241655254692,-8.,-99.29687336185));
#1423 = DIRECTION('',(-0.422618261741,-0.,-0.906307787037));
#1424 = DIRECTION('',(0.906307787037,0.,-0.422618261741));
#1425 = PCURVE('',#267,#1426);
#1426 = DEFINITIONAL_REPRESENTATION('',(#1427),#1435);
#1427 = ( BOUNDED_CURVE() B_SPLINE_CURVE(2,(#1428,#1429,#1430,#1431,
#1432,#1433,#1434),.UNSPECIFIED.,.T.,.F.) B_SPLINE_CURVE_WITH_KNOTS((1,2
    ,2,2,2,1),(-2.094395102393,0.,2.094395102393,4.188790204786,
6.28318530718,8.377580409573),.UNSPECIFIED.) CURVE() 
GEOMETRIC_REPRESENTATION_ITEM() RATIONAL_B_SPLINE_CURVE((1.,0.5,1.,0.5,
1.,0.5,1.)) REPRESENTATION_ITEM('') );
#1428 = CARTESIAN_POINT('',(-6.4,-8.));
#1429 = CARTESIAN_POINT('',(-6.4,-10.77128129211));
#1430 = CARTESIAN_POINT('',(-8.8,-9.385640646055));
#1431 = CARTESIAN_POINT('',(-11.2,-8.));
#1432 = CARTESIAN_POINT('',(-8.8,-6.614359353945));
#1433 = CARTESIAN_POINT('',(-6.4,-5.22871870789));
#1434 = CARTESIAN_POINT('',(-6.4,-8.));
#1435 = ( GEOMETRIC_REPRESENTATION_CONTEXT(2) 
PARAMETRIC_REPRESENTATION_CONTEXT() REPRESENTATION_CONTEXT('2D SPACE',''
  ) );
#1436 = PCURVE('',#1437,#1442);
#1437 = CYLINDRICAL_SURFACE('',#1438,1.6);
#1438 = AXIS2_PLACEMENT_3D('',#1439,#1440,#1441);
#1439 = CARTESIAN_POINT('',(64.128563945989,-8.,-103.828412297));
#1440 = DIRECTION('',(-0.422618261741,-0.,-0.906307787037));
#1441 = DIRECTION('',(0.906307787037,0.,-0.422618261741));
#1442 = DEFINITIONAL_REPRESENTATION('',(#1443),#1447);
#1443 = LINE('',#1444,#1445);
#1444 = CARTESIAN_POINT('',(-6.28318530718,-5.));
#1445 = VECTOR('',#1446,1.);
#1446 = DIRECTION('',(1.,-0.));
#1447 = ( GEOMETRIC_REPRESENTATION_CONTEXT(2) 
PARAMETRIC_REPRESENTATION_CONTEXT() REPRESENTATION_CONTEXT('2D SPACE',''
  ) );
#1448 = FACE_BOUND('',#1449,.T.);
#1449 = EDGE_LOOP('',(#1450));
#1450 = ORIENTED_EDGE('',*,*,#1451,.T.);
#1451 = EDGE_CURVE('',#1452,#1452,#1454,.T.);
#1452 = VERTEX_POINT('',#1453);
#1453 = CARTESIAN_POINT('',(82.192672306537,-8.,-106.7349547684));
#1454 = SURFACE_CURVE('',#1455,(#1460,#1471),.PCURVE_S1.);
#1455 = CIRCLE('',#1456,1.6);
#1456 = AXIS2_PLACEMENT_3D('',#1457,#1458,#1459);
#1457 = CARTESIAN_POINT('',(80.742579847278,-8.,-106.0587655497));
#1458 = DIRECTION('',(-0.422618261741,-0.,-0.906307787037));
#1459 = DIRECTION('',(0.906307787037,0.,-0.422618261741));
#1460 = PCURVE('',#267,#1461);
#1461 = DEFINITIONAL_REPRESENTATION('',(#1462),#1470);
#1462 = ( BOUNDED_CURVE() B_SPLINE_CURVE(2,(#1463,#1464,#1465,#1466,
#1467,#1468,#1469),.UNSPECIFIED.,.T.,.F.) B_SPLINE_CURVE_WITH_KNOTS((1,2
    ,2,2,2,1),(-2.094395102393,0.,2.094395102393,4.188790204786,
6.28318530718,8.377580409573),.UNSPECIFIED.) CURVE() 
GEOMETRIC_REPRESENTATION_ITEM() RATIONAL_B_SPLINE_CURVE((1.,0.5,1.,0.5,
1.,0.5,1.)) REPRESENTATION_ITEM('') );
#1463 = CARTESIAN_POINT('',(9.6,-8.));
#1464 = CARTESIAN_POINT('',(9.6,-10.77128129211));
#1465 = CARTESIAN_POINT('',(7.2,-9.385640646055));
#1466 = CARTESIAN_POINT('',(4.8,-8.));
#1467 = CARTESIAN_POINT('',(7.2,-6.614359353945));
#1468 = CARTESIAN_POINT('',(9.6,-5.22871870789));
#1469 = CARTESIAN_POINT('',(9.6,-8.));
#1470 = ( GEOMETRIC_REPRESENTATION_CONTEXT(2) 
PARAMETRIC_REPRESENTATION_CONTEXT() REPRESENTATION_CONTEXT('2D SPACE',''
  ) );
#1471 = PCURVE('',#1472,#1477);
#1472 = CYLINDRICAL_SURFACE('',#1473,1.6);
#1473 = AXIS2_PLACEMENT_3D('',#1474,#1475,#1476);
#1474 = CARTESIAN_POINT('',(78.629488538575,-8.,-110.5903044848));
#1475 = DIRECTION('',(-0.422618261741,-0.,-0.906307787037));
#1476 = DIRECTION('',(0.906307787037,0.,-0.422618261741));
#1477 = DEFINITIONAL_REPRESENTATION('',(#1478),#1482);
#1478 = LINE('',#1479,#1480);
#1479 = CARTESIAN_POINT('',(-6.28318530718,-5.));
#1480 = VECTOR('',#1481,1.);
#1481 = DIRECTION('',(1.,-0.));
#1482 = ( GEOMETRIC_REPRESENTATION_CONTEXT(2) 
PARAMETRIC_REPRESENTATION_CONTEXT() REPRESENTATION_CONTEXT('2D SPACE',''
  ) );
#1483 = FACE_BOUND('',#1484,.T.);
#1484 = EDGE_LOOP('',(#1485));
#1485 = ORIENTED_EDGE('',*,*,#1486,.T.);
#1486 = EDGE_CURVE('',#1487,#1487,#1489,.T.);
#1487 = VERTEX_POINT('',#1488);
#1488 = CARTESIAN_POINT('',(67.691747713951,8.,-99.97306258064));
#1489 = SURFACE_CURVE('',#1490,(#1495,#1506),.PCURVE_S1.);
#1490 = CIRCLE('',#1491,1.6);
#1491 = AXIS2_PLACEMENT_3D('',#1492,#1493,#1494);
#1492 = CARTESIAN_POINT('',(66.241655254692,8.,-99.29687336185));
#1493 = DIRECTION('',(-0.422618261741,-0.,-0.906307787037));
#1494 = DIRECTION('',(0.906307787037,0.,-0.422618261741));
#1495 = PCURVE('',#267,#1496);
#1496 = DEFINITIONAL_REPRESENTATION('',(#1497),#1505);
#1497 = ( BOUNDED_CURVE() B_SPLINE_CURVE(2,(#1498,#1499,#1500,#1501,
#1502,#1503,#1504),.UNSPECIFIED.,.T.,.F.) B_SPLINE_CURVE_WITH_KNOTS((1,2
    ,2,2,2,1),(-2.094395102393,0.,2.094395102393,4.188790204786,
6.28318530718,8.377580409573),.UNSPECIFIED.) CURVE() 
GEOMETRIC_REPRESENTATION_ITEM() RATIONAL_B_SPLINE_CURVE((1.,0.5,1.,0.5,
1.,0.5,1.)) REPRESENTATION_ITEM('') );
#1498 = CARTESIAN_POINT('',(-6.4,8.));
#1499 = CARTESIAN_POINT('',(-6.4,5.22871870789));
#1500 = CARTESIAN_POINT('',(-8.8,6.614359353945));
#1501 = CARTESIAN_POINT('',(-11.2,8.));
#1502 = CARTESIAN_POINT('',(-8.8,9.385640646055));
#1503 = CARTESIAN_POINT('',(-6.4,10.77128129211));
#1504 = CARTESIAN_POINT('',(-6.4,8.));
#1505 = ( GEOMETRIC_REPRESENTATION_CONTEXT(2) 
PARAMETRIC_REPRESENTATION_CONTEXT() REPRESENTATION_CONTEXT('2D SPACE',''
  ) );
#1506 = PCURVE('',#1507,#1512);
#1507 = CYLINDRICAL_SURFACE('',#1508,1.6);
#1508 = AXIS2_PLACEMENT_3D('',#1509,#1510,#1511);
#1509 = CARTESIAN_POINT('',(64.128563945989,8.,-103.828412297));
#1510 = DIRECTION('',(-0.422618261741,-0.,-0.906307787037));
#1511 = DIRECTION('',(0.906307787037,0.,-0.422618261741));
#1512 = DEFINITIONAL_REPRESENTATION('',(#1513),#1517);
#1513 = LINE('',#1514,#1515);
#1514 = CARTESIAN_POINT('',(-6.28318530718,-5.));
#1515 = VECTOR('',#1516,1.);
#1516 = DIRECTION('',(1.,-0.));
#1517 = ( GEOMETRIC_REPRESENTATION_CONTEXT(2) 
PARAMETRIC_REPRESENTATION_CONTEXT() REPRESENTATION_CONTEXT('2D SPACE',''
  ) );
#1518 = FACE_BOUND('',#1519,.T.);
#1519 = EDGE_LOOP('',(#1520));
#1520 = ORIENTED_EDGE('',*,*,#1521,.T.);
#1521 = EDGE_CURVE('',#1522,#1522,#1524,.T.);
#1522 = VERTEX_POINT('',#1523);
#1523 = CARTESIAN_POINT('',(82.192672306537,8.,-106.7349547684));
#1524 = SURFACE_CURVE('',#1525,(#1530,#1541),.PCURVE_S1.);
#1525 = CIRCLE('',#1526,1.6);
#1526 = AXIS2_PLACEMENT_3D('',#1527,#1528,#1529);
#1527 = CARTESIAN_POINT('',(80.742579847278,8.,-106.0587655497));
#1528 = DIRECTION('',(-0.422618261741,-0.,-0.906307787037));
#1529 = DIRECTION('',(0.906307787037,0.,-0.422618261741));
#1530 = PCURVE('',#267,#1531);
#1531 = DEFINITIONAL_REPRESENTATION('',(#1532),#1540);
#1532 = ( BOUNDED_CURVE() B_SPLINE_CURVE(2,(#1533,#1534,#1535,#1536,
#1537,#1538,#1539),.UNSPECIFIED.,.T.,.F.) B_SPLINE_CURVE_WITH_KNOTS((1,2
    ,2,2,2,1),(-2.094395102393,0.,2.094395102393,4.188790204786,
6.28318530718,8.377580409573),.UNSPECIFIED.) CURVE() 
GEOMETRIC_REPRESENTATION_ITEM() RATIONAL_B_SPLINE_CURVE((1.,0.5,1.,0.5,
1.,0.5,1.)) REPRESENTATION_ITEM('') );
#1533 = CARTESIAN_POINT('',(9.6,8.));
#1534 = CARTESIAN_POINT('',(9.6,5.22871870789));
#1535 = CARTESIAN_POINT('',(7.2,6.614359353945));
#1536 = CARTESIAN_POINT('',(4.8,8.));
#1537 = CARTESIAN_POINT('',(7.2,9.385640646055));
#1538 = CARTESIAN_POINT('',(9.6,10.77128129211));
#1539 = CARTESIAN_POINT('',(9.6,8.));
#1540 = ( GEOMETRIC_REPRESENTATION_CONTEXT(2) 
PARAMETRIC_REPRESENTATION_CONTEXT() REPRESENTATION_CONTEXT('2D SPACE',''
  ) );
#1541 = PCURVE('',#1542,#1547);
#1542 = CYLINDRICAL_SURFACE('',#1543,1.6);
#1543 = AXIS2_PLACEMENT_3D('',#1544,#1545,#1546);
#1544 = CARTESIAN_POINT('',(78.629488538575,8.,-110.5903044848));
#1545 = DIRECTION('',(-0.422618261741,-0.,-0.906307787037));
#1546 = DIRECTION('',(0.906307787037,0.,-0.422618261741));
#1547 = DEFINITIONAL_REPRESENTATION('',(#1548),#1552);
#1548 = LINE('',#1549,#1550);
#1549 = CARTESIAN_POINT('',(-6.28318530718,-5.));
#1550 = VECTOR('',#1551,1.);
#1551 = DIRECTION('',(1.,-0.));
#1552 = ( GEOMETRIC_REPRESENTATION_CONTEXT(2) 
PARAMETRIC_REPRESENTATION_CONTEXT() REPRESENTATION_CONTEXT('2D SPACE',''
  ) );
#1553 = ADVANCED_FACE('',(#1554,#1560),#239,.T.);
#1554 = FACE_BOUND('',#1555,.T.);
#1555 = EDGE_LOOP('',(#1556,#1557,#1558,#1559));
#1556 = ORIENTED_EDGE('',*,*,#223,.F.);
#1557 = ORIENTED_EDGE('',*,*,#1366,.F.);
#1558 = ORIENTED_EDGE('',*,*,#601,.T.);
#1559 = ORIENTED_EDGE('',*,*,#443,.F.);
#1560 = FACE_BOUND('',#1561,.T.);
#1561 = EDGE_LOOP('',(#1562));
#1562 = ORIENTED_EDGE('',*,*,#813,.T.);
#1563 = ADVANCED_FACE('',(#1564),#295,.F.);
#1564 = FACE_BOUND('',#1565,.T.);
#1565 = EDGE_LOOP('',(#1566,#1597,#1620,#1642,#1643,#1644,#1645,#1667,
    #1668,#1669,#1670,#1692,#1693,#1717,#1745,#1773,#1796,#1820,#1855,
    #1879,#1907,#1935));
#1566 = ORIENTED_EDGE('',*,*,#1567,.F.);
#1567 = EDGE_CURVE('',#1568,#1570,#1572,.T.);
#1568 = VERTEX_POINT('',#1569);
#1569 = CARTESIAN_POINT('',(75.457411283947,0.,-109.1111405688));
#1570 = VERTEX_POINT('',#1571);
#1571 = CARTESIAN_POINT('',(73.247427609918,4.,-108.0806082572));
#1572 = SURFACE_CURVE('',#1573,(#1578,#1585),.PCURVE_S1.);
#1573 = CIRCLE('',#1574,4.5);
#1574 = AXIS2_PLACEMENT_3D('',#1575,#1576,#1577);
#1575 = CARTESIAN_POINT('',(71.379026242282,0.,-107.2093583909));
#1576 = DIRECTION('',(0.422618261741,-0.,0.906307787037));
#1577 = DIRECTION('',(0.906307787037,0.,-0.422618261741));
#1578 = PCURVE('',#295,#1579);
#1579 = DEFINITIONAL_REPRESENTATION('',(#1580),#1584);
#1580 = LINE('',#1581,#1582);
#1581 = CARTESIAN_POINT('',(-0.,0.));
#1582 = VECTOR('',#1583,1.);
#1583 = DIRECTION('',(-1.,0.));
#1584 = ( GEOMETRIC_REPRESENTATION_CONTEXT(2) 
PARAMETRIC_REPRESENTATION_CONTEXT() REPRESENTATION_CONTEXT('2D SPACE',''
  ) );
#1585 = PCURVE('',#1586,#1591);
#1586 = PLANE('',#1587);
#1587 = AXIS2_PLACEMENT_3D('',#1588,#1589,#1590);
#1588 = CARTESIAN_POINT('',(71.379026242282,2.72116357641E-16,
    -107.2093583909));
#1589 = DIRECTION('',(0.422618261741,0.,0.906307787037));
#1590 = DIRECTION('',(0.906307787037,0.,-0.422618261741));
#1591 = DEFINITIONAL_REPRESENTATION('',(#1592),#1596);
#1592 = CIRCLE('',#1593,4.5);
#1593 = AXIS2_PLACEMENT_2D('',#1594,#1595);
#1594 = CARTESIAN_POINT('',(0.,-2.72116357641E-16));
#1595 = DIRECTION('',(1.,0.));
#1596 = ( GEOMETRIC_REPRESENTATION_CONTEXT(2) 
PARAMETRIC_REPRESENTATION_CONTEXT() REPRESENTATION_CONTEXT('2D SPACE',''
  ) );
#1597 = ORIENTED_EDGE('',*,*,#1598,.T.);
#1598 = EDGE_CURVE('',#1568,#1599,#1601,.T.);
#1599 = VERTEX_POINT('',#1600);
#1600 = CARTESIAN_POINT('',(77.993120854391,0.,-103.6732938465));
#1601 = SEAM_CURVE('',#1602,(#1606,#1613),.PCURVE_S1.);
#1602 = LINE('',#1603,#1604);
#1603 = CARTESIAN_POINT('',(75.457411283947,0.,-109.1111405688));
#1604 = VECTOR('',#1605,1.);
#1605 = DIRECTION('',(0.422618261741,0.,0.906307787037));
#1606 = PCURVE('',#295,#1607);
#1607 = DEFINITIONAL_REPRESENTATION('',(#1608),#1612);
#1608 = LINE('',#1609,#1610);
#1609 = CARTESIAN_POINT('',(-6.28318530718,0.));
#1610 = VECTOR('',#1611,1.);
#1611 = DIRECTION('',(-0.,-1.));
#1612 = ( GEOMETRIC_REPRESENTATION_CONTEXT(2) 
PARAMETRIC_REPRESENTATION_CONTEXT() REPRESENTATION_CONTEXT('2D SPACE',''
  ) );
#1613 = PCURVE('',#295,#1614);
#1614 = DEFINITIONAL_REPRESENTATION('',(#1615),#1619);
#1615 = LINE('',#1616,#1617);
#1616 = CARTESIAN_POINT('',(-0.,0.));
#1617 = VECTOR('',#1618,1.);
#1618 = DIRECTION('',(-0.,-1.));
#1619 = ( GEOMETRIC_REPRESENTATION_CONTEXT(2) 
PARAMETRIC_REPRESENTATION_CONTEXT() REPRESENTATION_CONTEXT('2D SPACE',''
  ) );
#1620 = ORIENTED_EDGE('',*,*,#1621,.T.);
#1621 = EDGE_CURVE('',#1599,#648,#1622,.T.);
#1622 = SURFACE_CURVE('',#1623,(#1628,#1635),.PCURVE_S1.);
#1623 = CIRCLE('',#1624,4.5);
#1624 = AXIS2_PLACEMENT_3D('',#1625,#1626,#1627);
#1625 = CARTESIAN_POINT('',(73.914735812726,0.,-101.7715116687));
#1626 = DIRECTION('',(0.422618261741,-0.,0.906307787037));
#1627 = DIRECTION('',(0.906307787037,0.,-0.422618261741));
#1628 = PCURVE('',#295,#1629);
#1629 = DEFINITIONAL_REPRESENTATION('',(#1630),#1634);
#1630 = LINE('',#1631,#1632);
#1631 = CARTESIAN_POINT('',(-0.,-6.));
#1632 = VECTOR('',#1633,1.);
#1633 = DIRECTION('',(-1.,0.));
#1634 = ( GEOMETRIC_REPRESENTATION_CONTEXT(2) 
PARAMETRIC_REPRESENTATION_CONTEXT() REPRESENTATION_CONTEXT('2D SPACE',''
  ) );
#1635 = PCURVE('',#323,#1636);
#1636 = DEFINITIONAL_REPRESENTATION('',(#1637),#1641);
#1637 = CIRCLE('',#1638,4.5);
#1638 = AXIS2_PLACEMENT_2D('',#1639,#1640);
#1639 = CARTESIAN_POINT('',(0.,-2.72116357641E-16));
#1640 = DIRECTION('',(1.,0.));
#1641 = ( GEOMETRIC_REPRESENTATION_CONTEXT(2) 
PARAMETRIC_REPRESENTATION_CONTEXT() REPRESENTATION_CONTEXT('2D SPACE',''
  ) );
#1642 = ORIENTED_EDGE('',*,*,#647,.T.);
#1643 = ORIENTED_EDGE('',*,*,#1339,.F.);
#1644 = ORIENTED_EDGE('',*,*,#693,.F.);
#1645 = ORIENTED_EDGE('',*,*,#1646,.T.);
#1646 = EDGE_CURVE('',#671,#308,#1647,.T.);
#1647 = SURFACE_CURVE('',#1648,(#1653,#1660),.PCURVE_S1.);
#1648 = CIRCLE('',#1649,4.5);
#1649 = AXIS2_PLACEMENT_3D('',#1650,#1651,#1652);
#1650 = CARTESIAN_POINT('',(73.914735812726,0.,-101.7715116687));
#1651 = DIRECTION('',(0.422618261741,-0.,0.906307787037));
#1652 = DIRECTION('',(0.906307787037,0.,-0.422618261741));
#1653 = PCURVE('',#295,#1654);
#1654 = DEFINITIONAL_REPRESENTATION('',(#1655),#1659);
#1655 = LINE('',#1656,#1657);
#1656 = CARTESIAN_POINT('',(-0.,-6.));
#1657 = VECTOR('',#1658,1.);
#1658 = DIRECTION('',(-1.,0.));
#1659 = ( GEOMETRIC_REPRESENTATION_CONTEXT(2) 
PARAMETRIC_REPRESENTATION_CONTEXT() REPRESENTATION_CONTEXT('2D SPACE',''
  ) );
#1660 = PCURVE('',#323,#1661);
#1661 = DEFINITIONAL_REPRESENTATION('',(#1662),#1666);
#1662 = CIRCLE('',#1663,4.5);
#1663 = AXIS2_PLACEMENT_2D('',#1664,#1665);
#1664 = CARTESIAN_POINT('',(0.,-2.72116357641E-16));
#1665 = DIRECTION('',(1.,0.));
#1666 = ( GEOMETRIC_REPRESENTATION_CONTEXT(2) 
PARAMETRIC_REPRESENTATION_CONTEXT() REPRESENTATION_CONTEXT('2D SPACE',''
  ) );
#1667 = ORIENTED_EDGE('',*,*,#335,.T.);
#1668 = ORIENTED_EDGE('',*,*,#1388,.F.);
#1669 = ORIENTED_EDGE('',*,*,#279,.F.);
#1670 = ORIENTED_EDGE('',*,*,#1671,.T.);
#1671 = EDGE_CURVE('',#280,#1599,#1672,.T.);
#1672 = SURFACE_CURVE('',#1673,(#1678,#1685),.PCURVE_S1.);
#1673 = CIRCLE('',#1674,4.5);
#1674 = AXIS2_PLACEMENT_3D('',#1675,#1676,#1677);
#1675 = CARTESIAN_POINT('',(73.914735812726,0.,-101.7715116687));
#1676 = DIRECTION('',(0.422618261741,-0.,0.906307787037));
#1677 = DIRECTION('',(0.906307787037,0.,-0.422618261741));
#1678 = PCURVE('',#295,#1679);
#1679 = DEFINITIONAL_REPRESENTATION('',(#1680),#1684);
#1680 = LINE('',#1681,#1682);
#1681 = CARTESIAN_POINT('',(-0.,-6.));
#1682 = VECTOR('',#1683,1.);
#1683 = DIRECTION('',(-1.,0.));
#1684 = ( GEOMETRIC_REPRESENTATION_CONTEXT(2) 
PARAMETRIC_REPRESENTATION_CONTEXT() REPRESENTATION_CONTEXT('2D SPACE',''
  ) );
#1685 = PCURVE('',#323,#1686);
#1686 = DEFINITIONAL_REPRESENTATION('',(#1687),#1691);
#1687 = CIRCLE('',#1688,4.5);
#1688 = AXIS2_PLACEMENT_2D('',#1689,#1690);
#1689 = CARTESIAN_POINT('',(0.,-2.72116357641E-16));
#1690 = DIRECTION('',(1.,0.));
#1691 = ( GEOMETRIC_REPRESENTATION_CONTEXT(2) 
PARAMETRIC_REPRESENTATION_CONTEXT() REPRESENTATION_CONTEXT('2D SPACE',''
  ) );
#1692 = ORIENTED_EDGE('',*,*,#1598,.F.);
#1693 = ORIENTED_EDGE('',*,*,#1694,.F.);
#1694 = EDGE_CURVE('',#1695,#1568,#1697,.T.);
#1695 = VERTEX_POINT('',#1696);
#1696 = CARTESIAN_POINT('',(73.247427609918,-4.,-108.0806082572));
#1697 = SURFACE_CURVE('',#1698,(#1703,#1710),.PCURVE_S1.);
#1698 = CIRCLE('',#1699,4.5);
#1699 = AXIS2_PLACEMENT_3D('',#1700,#1701,#1702);
#1700 = CARTESIAN_POINT('',(71.379026242282,0.,-107.2093583909));
#1701 = DIRECTION('',(0.422618261741,-0.,0.906307787037));
#1702 = DIRECTION('',(0.906307787037,0.,-0.422618261741));
#1703 = PCURVE('',#295,#1704);
#1704 = DEFINITIONAL_REPRESENTATION('',(#1705),#1709);
#1705 = LINE('',#1706,#1707);
#1706 = CARTESIAN_POINT('',(-0.,0.));
#1707 = VECTOR('',#1708,1.);
#1708 = DIRECTION('',(-1.,0.));
#1709 = ( GEOMETRIC_REPRESENTATION_CONTEXT(2) 
PARAMETRIC_REPRESENTATION_CONTEXT() REPRESENTATION_CONTEXT('2D SPACE',''
  ) );
#1710 = PCURVE('',#1586,#1711);
#1711 = DEFINITIONAL_REPRESENTATION('',(#1712),#1716);
#1712 = CIRCLE('',#1713,4.5);
#1713 = AXIS2_PLACEMENT_2D('',#1714,#1715);
#1714 = CARTESIAN_POINT('',(0.,-2.72116357641E-16));
#1715 = DIRECTION('',(1.,0.));
#1716 = ( GEOMETRIC_REPRESENTATION_CONTEXT(2) 
PARAMETRIC_REPRESENTATION_CONTEXT() REPRESENTATION_CONTEXT('2D SPACE',''
  ) );
#1717 = ORIENTED_EDGE('',*,*,#1718,.F.);
#1718 = EDGE_CURVE('',#1719,#1695,#1721,.T.);
#1719 = VERTEX_POINT('',#1720);
#1720 = CARTESIAN_POINT('',(73.670045871658,-4.,-107.1743004701));
#1721 = SURFACE_CURVE('',#1722,(#1726,#1733),.PCURVE_S1.);
#1722 = LINE('',#1723,#1724);
#1723 = CARTESIAN_POINT('',(73.247427609918,-4.,-108.0806082572));
#1724 = VECTOR('',#1725,1.);
#1725 = DIRECTION('',(-0.422618261741,-0.,-0.906307787037));
#1726 = PCURVE('',#295,#1727);
#1727 = DEFINITIONAL_REPRESENTATION('',(#1728),#1732);
#1728 = LINE('',#1729,#1730);
#1729 = CARTESIAN_POINT('',(-5.188271230045,0.));
#1730 = VECTOR('',#1731,1.);
#1731 = DIRECTION('',(-0.,1.));
#1732 = ( GEOMETRIC_REPRESENTATION_CONTEXT(2) 
PARAMETRIC_REPRESENTATION_CONTEXT() REPRESENTATION_CONTEXT('2D SPACE',''
  ) );
#1733 = PCURVE('',#1734,#1739);
#1734 = PLANE('',#1735);
#1735 = AXIS2_PLACEMENT_3D('',#1736,#1737,#1738);
#1736 = CARTESIAN_POINT('',(-9.045810584695,-4.,-22.38075824077));
#1737 = DIRECTION('',(0.,1.,0.));
#1738 = DIRECTION('',(0.731353701619,0.,0.681998360062));
#1739 = DEFINITIONAL_REPRESENTATION('',(#1740),#1744);
#1740 = LINE('',#1741,#1742);
#1741 = CARTESIAN_POINT('',(1.73830720305,118.80075603068));
#1742 = VECTOR('',#1743,1.);
#1743 = DIRECTION('',(-0.927183854567,0.374606593416));
#1744 = ( GEOMETRIC_REPRESENTATION_CONTEXT(2) 
PARAMETRIC_REPRESENTATION_CONTEXT() REPRESENTATION_CONTEXT('2D SPACE',''
  ) );
#1745 = ORIENTED_EDGE('',*,*,#1746,.T.);
#1746 = EDGE_CURVE('',#1719,#1747,#1749,.T.);
#1747 = VERTEX_POINT('',#1748);
#1748 = CARTESIAN_POINT('',(69.933243136387,-4.,-105.4318007376));
#1749 = SURFACE_CURVE('',#1750,(#1755,#1762),.PCURVE_S1.);
#1750 = CIRCLE('',#1751,4.5);
#1751 = AXIS2_PLACEMENT_3D('',#1752,#1753,#1754);
#1752 = CARTESIAN_POINT('',(71.801644504023,0.,-106.3030506039));
#1753 = DIRECTION('',(-0.422618261741,-0.,-0.906307787037));
#1754 = DIRECTION('',(0.906307787037,0.,-0.422618261741));
#1755 = PCURVE('',#295,#1756);
#1756 = DEFINITIONAL_REPRESENTATION('',(#1757),#1761);
#1757 = LINE('',#1758,#1759);
#1758 = CARTESIAN_POINT('',(-6.28318530718,-1.));
#1759 = VECTOR('',#1760,1.);
#1760 = DIRECTION('',(1.,-0.));
#1761 = ( GEOMETRIC_REPRESENTATION_CONTEXT(2) 
PARAMETRIC_REPRESENTATION_CONTEXT() REPRESENTATION_CONTEXT('2D SPACE',''
  ) );
#1762 = PCURVE('',#883,#1763);
#1763 = DEFINITIONAL_REPRESENTATION('',(#1764),#1772);
#1764 = ( BOUNDED_CURVE() B_SPLINE_CURVE(2,(#1765,#1766,#1767,#1768,
#1769,#1770,#1771),.UNSPECIFIED.,.T.,.F.) B_SPLINE_CURVE_WITH_KNOTS((1,2
    ,2,2,2,1),(-2.094395102393,0.,2.094395102393,4.188790204786,
6.28318530718,8.377580409573),.UNSPECIFIED.) CURVE() 
GEOMETRIC_REPRESENTATION_ITEM() RATIONAL_B_SPLINE_CURVE((1.,0.5,1.,0.5,
1.,0.5,1.)) REPRESENTATION_ITEM('') );
#1765 = CARTESIAN_POINT('',(4.5,-1.517954498523E-15));
#1766 = CARTESIAN_POINT('',(4.5,-7.79422863406));
#1767 = CARTESIAN_POINT('',(-2.25,-3.89711431703));
#1768 = CARTESIAN_POINT('',(-9.,-2.620136617755E-15));
#1769 = CARTESIAN_POINT('',(-2.25,3.89711431703));
#1770 = CARTESIAN_POINT('',(4.5,7.79422863406));
#1771 = CARTESIAN_POINT('',(4.5,-1.517954498523E-15));
#1772 = ( GEOMETRIC_REPRESENTATION_CONTEXT(2) 
PARAMETRIC_REPRESENTATION_CONTEXT() REPRESENTATION_CONTEXT('2D SPACE',''
  ) );
#1773 = ORIENTED_EDGE('',*,*,#1774,.T.);
#1774 = EDGE_CURVE('',#1747,#1775,#1777,.T.);
#1775 = VERTEX_POINT('',#1776);
#1776 = CARTESIAN_POINT('',(69.510624874646,-4.,-106.3381085247));
#1777 = SURFACE_CURVE('',#1778,(#1782,#1789),.PCURVE_S1.);
#1778 = LINE('',#1779,#1780);
#1779 = CARTESIAN_POINT('',(69.510624874646,-4.,-106.3381085247));
#1780 = VECTOR('',#1781,1.);
#1781 = DIRECTION('',(-0.422618261741,-0.,-0.906307787037));
#1782 = PCURVE('',#295,#1783);
#1783 = DEFINITIONAL_REPRESENTATION('',(#1784),#1788);
#1784 = LINE('',#1785,#1786);
#1785 = CARTESIAN_POINT('',(-4.236506730724,0.));
#1786 = VECTOR('',#1787,1.);
#1787 = DIRECTION('',(-0.,1.));
#1788 = ( GEOMETRIC_REPRESENTATION_CONTEXT(2) 
PARAMETRIC_REPRESENTATION_CONTEXT() REPRESENTATION_CONTEXT('2D SPACE',''
  ) );
#1789 = PCURVE('',#1734,#1790);
#1790 = DEFINITIONAL_REPRESENTATION('',(#1791),#1795);
#1791 = LINE('',#1792,#1793);
#1792 = CARTESIAN_POINT('',(0.193764650343,114.97787906393));
#1793 = VECTOR('',#1794,1.);
#1794 = DIRECTION('',(-0.927183854567,0.374606593416));
#1795 = ( GEOMETRIC_REPRESENTATION_CONTEXT(2) 
PARAMETRIC_REPRESENTATION_CONTEXT() REPRESENTATION_CONTEXT('2D SPACE',''
  ) );
#1796 = ORIENTED_EDGE('',*,*,#1797,.F.);
#1797 = EDGE_CURVE('',#1798,#1775,#1800,.T.);
#1798 = VERTEX_POINT('',#1799);
#1799 = CARTESIAN_POINT('',(69.041838647854,-3.687788558547,
    -106.1195099171));
#1800 = SURFACE_CURVE('',#1801,(#1806,#1813),.PCURVE_S1.);
#1801 = CIRCLE('',#1802,4.5);
#1802 = AXIS2_PLACEMENT_3D('',#1803,#1804,#1805);
#1803 = CARTESIAN_POINT('',(71.379026242282,0.,-107.2093583909));
#1804 = DIRECTION('',(0.422618261741,-0.,0.906307787037));
#1805 = DIRECTION('',(0.906307787037,0.,-0.422618261741));
#1806 = PCURVE('',#295,#1807);
#1807 = DEFINITIONAL_REPRESENTATION('',(#1808),#1812);
#1808 = LINE('',#1809,#1810);
#1809 = CARTESIAN_POINT('',(-0.,0.));
#1810 = VECTOR('',#1811,1.);
#1811 = DIRECTION('',(-1.,0.));
#1812 = ( GEOMETRIC_REPRESENTATION_CONTEXT(2) 
PARAMETRIC_REPRESENTATION_CONTEXT() REPRESENTATION_CONTEXT('2D SPACE',''
  ) );
#1813 = PCURVE('',#1586,#1814);
#1814 = DEFINITIONAL_REPRESENTATION('',(#1815),#1819);
#1815 = CIRCLE('',#1816,4.5);
#1816 = AXIS2_PLACEMENT_2D('',#1817,#1818);
#1817 = CARTESIAN_POINT('',(0.,-2.72116357641E-16));
#1818 = DIRECTION('',(1.,0.));
#1819 = ( GEOMETRIC_REPRESENTATION_CONTEXT(2) 
PARAMETRIC_REPRESENTATION_CONTEXT() REPRESENTATION_CONTEXT('2D SPACE',''
  ) );
#1820 = ORIENTED_EDGE('',*,*,#1821,.F.);
#1821 = EDGE_CURVE('',#1822,#1798,#1824,.T.);
#1822 = VERTEX_POINT('',#1823);
#1823 = CARTESIAN_POINT('',(69.041838647854,3.687788558547,
    -106.1195099171));
#1824 = SURFACE_CURVE('',#1825,(#1830,#1843),.PCURVE_S1.);
#1825 = ELLIPSE('',#1826,4.853406342049,4.5);
#1826 = AXIS2_PLACEMENT_3D('',#1827,#1828,#1829);
#1827 = CARTESIAN_POINT('',(70.93869887667,0.,-108.1536434738));
#1828 = DIRECTION('',(0.731353701619,-0.,0.681998360062));
#1829 = DIRECTION('',(0.681998360062,0.,-0.731353701619));
#1830 = PCURVE('',#295,#1831);
#1831 = DEFINITIONAL_REPRESENTATION('',(#1832),#1842);
#1832 = B_SPLINE_CURVE_WITH_KNOTS('',8,(#1833,#1834,#1835,#1836,#1837,
    #1838,#1839,#1840,#1841),.UNSPECIFIED.,.F.,.F.,(9,9),(2.181039305013
    ,4.102146002167),.PIECEWISE_BEZIER_KNOTS.);
#1833 = CARTESIAN_POINT('',(-2.181039305013,6.000000070117E-07));
#1834 = CARTESIAN_POINT('',(-2.421177642157,-0.357796808339));
#1835 = CARTESIAN_POINT('',(-2.661315979298,-0.646928202798));
#1836 = CARTESIAN_POINT('',(-2.901454316446,-0.835952467746));
#1837 = CARTESIAN_POINT('',(-3.141592653578,-0.90187944113));
#1838 = CARTESIAN_POINT('',(-3.381730990733,-0.835952467746));
#1839 = CARTESIAN_POINT('',(-3.621869327876,-0.646928202799));
#1840 = CARTESIAN_POINT('',(-3.862007665022,-0.357796808339));
#1841 = CARTESIAN_POINT('',(-4.102146002167,6.000000070117E-07));
#1842 = ( GEOMETRIC_REPRESENTATION_CONTEXT(2) 
PARAMETRIC_REPRESENTATION_CONTEXT() REPRESENTATION_CONTEXT('2D SPACE',''
  ) );
#1843 = PCURVE('',#1844,#1849);
#1844 = PLANE('',#1845);
#1845 = AXIS2_PLACEMENT_3D('',#1846,#1847,#1848);
#1846 = CARTESIAN_POINT('',(-9.045810584695,-4.,-22.38075824077));
#1847 = DIRECTION('',(0.731353701619,0.,0.681998360062));
#1848 = DIRECTION('',(0.681998360062,0.,-0.731353701619));
#1849 = DEFINITIONAL_REPRESENTATION('',(#1850),#1854);
#1850 = ELLIPSE('',#1851,4.853406342049,4.5);
#1851 = AXIS2_PLACEMENT_2D('',#1852,#1853);
#1852 = CARTESIAN_POINT('',(117.27962139679,4.));
#1853 = DIRECTION('',(1.,0.));
#1854 = ( GEOMETRIC_REPRESENTATION_CONTEXT(2) 
PARAMETRIC_REPRESENTATION_CONTEXT() REPRESENTATION_CONTEXT('2D SPACE',''
  ) );
#1855 = ORIENTED_EDGE('',*,*,#1856,.F.);
#1856 = EDGE_CURVE('',#1857,#1822,#1859,.T.);
#1857 = VERTEX_POINT('',#1858);
#1858 = CARTESIAN_POINT('',(69.510624874646,4.,-106.3381085247));
#1859 = SURFACE_CURVE('',#1860,(#1865,#1872),.PCURVE_S1.);
#1860 = CIRCLE('',#1861,4.5);
#1861 = AXIS2_PLACEMENT_3D('',#1862,#1863,#1864);
#1862 = CARTESIAN_POINT('',(71.379026242282,0.,-107.2093583909));
#1863 = DIRECTION('',(0.422618261741,-0.,0.906307787037));
#1864 = DIRECTION('',(0.906307787037,0.,-0.422618261741));
#1865 = PCURVE('',#295,#1866);
#1866 = DEFINITIONAL_REPRESENTATION('',(#1867),#1871);
#1867 = LINE('',#1868,#1869);
#1868 = CARTESIAN_POINT('',(-0.,0.));
#1869 = VECTOR('',#1870,1.);
#1870 = DIRECTION('',(-1.,0.));
#1871 = ( GEOMETRIC_REPRESENTATION_CONTEXT(2) 
PARAMETRIC_REPRESENTATION_CONTEXT() REPRESENTATION_CONTEXT('2D SPACE',''
  ) );
#1872 = PCURVE('',#1586,#1873);
#1873 = DEFINITIONAL_REPRESENTATION('',(#1874),#1878);
#1874 = CIRCLE('',#1875,4.5);
#1875 = AXIS2_PLACEMENT_2D('',#1876,#1877);
#1876 = CARTESIAN_POINT('',(0.,-2.72116357641E-16));
#1877 = DIRECTION('',(1.,0.));
#1878 = ( GEOMETRIC_REPRESENTATION_CONTEXT(2) 
PARAMETRIC_REPRESENTATION_CONTEXT() REPRESENTATION_CONTEXT('2D SPACE',''
  ) );
#1879 = ORIENTED_EDGE('',*,*,#1880,.F.);
#1880 = EDGE_CURVE('',#1881,#1857,#1883,.T.);
#1881 = VERTEX_POINT('',#1882);
#1882 = CARTESIAN_POINT('',(69.933243136387,4.,-105.4318007376));
#1883 = SURFACE_CURVE('',#1884,(#1888,#1895),.PCURVE_S1.);
#1884 = LINE('',#1885,#1886);
#1885 = CARTESIAN_POINT('',(69.510624874646,4.,-106.3381085247));
#1886 = VECTOR('',#1887,1.);
#1887 = DIRECTION('',(-0.422618261741,-0.,-0.906307787037));
#1888 = PCURVE('',#295,#1889);
#1889 = DEFINITIONAL_REPRESENTATION('',(#1890),#1894);
#1890 = LINE('',#1891,#1892);
#1891 = CARTESIAN_POINT('',(-2.046678576455,0.));
#1892 = VECTOR('',#1893,1.);
#1893 = DIRECTION('',(-0.,1.));
#1894 = ( GEOMETRIC_REPRESENTATION_CONTEXT(2) 
PARAMETRIC_REPRESENTATION_CONTEXT() REPRESENTATION_CONTEXT('2D SPACE',''
  ) );
#1895 = PCURVE('',#1896,#1901);
#1896 = PLANE('',#1897);
#1897 = AXIS2_PLACEMENT_3D('',#1898,#1899,#1900);
#1898 = CARTESIAN_POINT('',(-9.045810584695,4.,-22.38075824077));
#1899 = DIRECTION('',(0.,1.,0.));
#1900 = DIRECTION('',(0.731353701619,0.,0.681998360062));
#1901 = DEFINITIONAL_REPRESENTATION('',(#1902),#1906);
#1902 = LINE('',#1903,#1904);
#1903 = CARTESIAN_POINT('',(0.193764650343,114.97787906393));
#1904 = VECTOR('',#1905,1.);
#1905 = DIRECTION('',(-0.927183854567,0.374606593416));
#1906 = ( GEOMETRIC_REPRESENTATION_CONTEXT(2) 
PARAMETRIC_REPRESENTATION_CONTEXT() REPRESENTATION_CONTEXT('2D SPACE',''
  ) );
#1907 = ORIENTED_EDGE('',*,*,#1908,.T.);
#1908 = EDGE_CURVE('',#1881,#1909,#1911,.T.);
#1909 = VERTEX_POINT('',#1910);
#1910 = CARTESIAN_POINT('',(73.670045871658,4.,-107.1743004701));
#1911 = SURFACE_CURVE('',#1912,(#1917,#1924),.PCURVE_S1.);
#1912 = CIRCLE('',#1913,4.5);
#1913 = AXIS2_PLACEMENT_3D('',#1914,#1915,#1916);
#1914 = CARTESIAN_POINT('',(71.801644504023,0.,-106.3030506039));
#1915 = DIRECTION('',(-0.422618261741,-0.,-0.906307787037));
#1916 = DIRECTION('',(0.906307787037,0.,-0.422618261741));
#1917 = PCURVE('',#295,#1918);
#1918 = DEFINITIONAL_REPRESENTATION('',(#1919),#1923);
#1919 = LINE('',#1920,#1921);
#1920 = CARTESIAN_POINT('',(-6.28318530718,-1.));
#1921 = VECTOR('',#1922,1.);
#1922 = DIRECTION('',(1.,-0.));
#1923 = ( GEOMETRIC_REPRESENTATION_CONTEXT(2) 
PARAMETRIC_REPRESENTATION_CONTEXT() REPRESENTATION_CONTEXT('2D SPACE',''
  ) );
#1924 = PCURVE('',#883,#1925);
#1925 = DEFINITIONAL_REPRESENTATION('',(#1926),#1934);
#1926 = ( BOUNDED_CURVE() B_SPLINE_CURVE(2,(#1927,#1928,#1929,#1930,
#1931,#1932,#1933),.UNSPECIFIED.,.T.,.F.) B_SPLINE_CURVE_WITH_KNOTS((1,2
    ,2,2,2,1),(-2.094395102393,0.,2.094395102393,4.188790204786,
6.28318530718,8.377580409573),.UNSPECIFIED.) CURVE() 
GEOMETRIC_REPRESENTATION_ITEM() RATIONAL_B_SPLINE_CURVE((1.,0.5,1.,0.5,
1.,0.5,1.)) REPRESENTATION_ITEM('') );
#1927 = CARTESIAN_POINT('',(4.5,-1.517954498523E-15));
#1928 = CARTESIAN_POINT('',(4.5,-7.79422863406));
#1929 = CARTESIAN_POINT('',(-2.25,-3.89711431703));
#1930 = CARTESIAN_POINT('',(-9.,-2.620136617755E-15));
#1931 = CARTESIAN_POINT('',(-2.25,3.89711431703));
#1932 = CARTESIAN_POINT('',(4.5,7.79422863406));
#1933 = CARTESIAN_POINT('',(4.5,-1.517954498523E-15));
#1934 = ( GEOMETRIC_REPRESENTATION_CONTEXT(2) 
PARAMETRIC_REPRESENTATION_CONTEXT() REPRESENTATION_CONTEXT('2D SPACE',''
  ) );
#1935 = ORIENTED_EDGE('',*,*,#1936,.T.);
#1936 = EDGE_CURVE('',#1909,#1570,#1937,.T.);
#1937 = SURFACE_CURVE('',#1938,(#1942,#1949),.PCURVE_S1.);
#1938 = LINE('',#1939,#1940);
#1939 = CARTESIAN_POINT('',(73.247427609918,4.,-108.0806082572));
#1940 = VECTOR('',#1941,1.);
#1941 = DIRECTION('',(-0.422618261741,-0.,-0.906307787037));
#1942 = PCURVE('',#295,#1943);
#1943 = DEFINITIONAL_REPRESENTATION('',(#1944),#1948);
#1944 = LINE('',#1945,#1946);
#1945 = CARTESIAN_POINT('',(-1.094914077134,0.));
#1946 = VECTOR('',#1947,1.);
#1947 = DIRECTION('',(-0.,1.));
#1948 = ( GEOMETRIC_REPRESENTATION_CONTEXT(2) 
PARAMETRIC_REPRESENTATION_CONTEXT() REPRESENTATION_CONTEXT('2D SPACE',''
  ) );
#1949 = PCURVE('',#1896,#1950);
#1950 = DEFINITIONAL_REPRESENTATION('',(#1951),#1955);
#1951 = LINE('',#1952,#1953);
#1952 = CARTESIAN_POINT('',(1.73830720305,118.80075603068));
#1953 = VECTOR('',#1954,1.);
#1954 = DIRECTION('',(-0.927183854567,0.374606593416));
#1955 = ( GEOMETRIC_REPRESENTATION_CONTEXT(2) 
PARAMETRIC_REPRESENTATION_CONTEXT() REPRESENTATION_CONTEXT('2D SPACE',''
  ) );
#1956 = ADVANCED_FACE('',(#1957),#323,.F.);
#1957 = FACE_BOUND('',#1958,.F.);
#1958 = EDGE_LOOP('',(#1959,#1960,#1961,#1962,#1963));
#1959 = ORIENTED_EDGE('',*,*,#1671,.T.);
#1960 = ORIENTED_EDGE('',*,*,#1621,.T.);
#1961 = ORIENTED_EDGE('',*,*,#670,.F.);
#1962 = ORIENTED_EDGE('',*,*,#1646,.T.);
#1963 = ORIENTED_EDGE('',*,*,#307,.T.);
#1964 = ADVANCED_FACE('',(#1965),#426,.F.);
#1965 = FACE_BOUND('',#1966,.T.);
#1966 = EDGE_LOOP('',(#1967,#1968,#1989,#1990));
#1967 = ORIENTED_EDGE('',*,*,#762,.T.);
#1968 = ORIENTED_EDGE('',*,*,#1969,.T.);
#1969 = EDGE_CURVE('',#763,#410,#1970,.T.);
#1970 = SEAM_CURVE('',#1971,(#1975,#1982),.PCURVE_S1.);
#1971 = LINE('',#1972,#1973);
#1972 = CARTESIAN_POINT('',(13.175903010326,8.,-20.48793742333));
#1973 = VECTOR('',#1974,1.);
#1974 = DIRECTION('',(0.,-1.,0.));
#1975 = PCURVE('',#426,#1976);
#1976 = DEFINITIONAL_REPRESENTATION('',(#1977),#1981);
#1977 = LINE('',#1978,#1979);
#1978 = CARTESIAN_POINT('',(-6.28318530718,0.));
#1979 = VECTOR('',#1980,1.);
#1980 = DIRECTION('',(-0.,-1.));
#1981 = ( GEOMETRIC_REPRESENTATION_CONTEXT(2) 
PARAMETRIC_REPRESENTATION_CONTEXT() REPRESENTATION_CONTEXT('2D SPACE',''
  ) );
#1982 = PCURVE('',#426,#1983);
#1983 = DEFINITIONAL_REPRESENTATION('',(#1984),#1988);
#1984 = LINE('',#1985,#1986);
#1985 = CARTESIAN_POINT('',(-0.,0.));
#1986 = VECTOR('',#1987,1.);
#1987 = DIRECTION('',(-0.,-1.));
#1988 = ( GEOMETRIC_REPRESENTATION_CONTEXT(2) 
PARAMETRIC_REPRESENTATION_CONTEXT() REPRESENTATION_CONTEXT('2D SPACE',''
  ) );
#1989 = ORIENTED_EDGE('',*,*,#409,.F.);
#1990 = ORIENTED_EDGE('',*,*,#1969,.F.);
#1991 = ADVANCED_FACE('',(#1992),#558,.T.);
#1992 = FACE_BOUND('',#1993,.T.);
#1993 = EDGE_LOOP('',(#1994,#1995));
#1994 = ORIENTED_EDGE('',*,*,#542,.F.);
#1995 = ORIENTED_EDGE('',*,*,#1114,.T.);
#1996 = ADVANCED_FACE('',(#1997,#2000,#2030,#2060,#2090,#2233),#883,.F.
  );
#1997 = FACE_BOUND('',#1998,.F.);
#1998 = EDGE_LOOP('',(#1999));
#1999 = ORIENTED_EDGE('',*,*,#868,.T.);
#2000 = FACE_BOUND('',#2001,.F.);
#2001 = EDGE_LOOP('',(#2002));
#2002 = ORIENTED_EDGE('',*,*,#2003,.T.);
#2003 = EDGE_CURVE('',#2004,#2004,#2006,.T.);
#2004 = VERTEX_POINT('',#2005);
#2005 = CARTESIAN_POINT('',(66.001274666988,-8.,-103.5982937287));
#2006 = SURFACE_CURVE('',#2007,(#2012,#2023),.PCURVE_S1.);
#2007 = CIRCLE('',#2008,1.6);
#2008 = AXIS2_PLACEMENT_3D('',#2009,#2010,#2011);
#2009 = CARTESIAN_POINT('',(64.551182207729,-8.,-102.92210451));
#2010 = DIRECTION('',(-0.422618261741,-0.,-0.906307787037));
#2011 = DIRECTION('',(0.906307787037,0.,-0.422618261741));
#2012 = PCURVE('',#883,#2013);
#2013 = DEFINITIONAL_REPRESENTATION('',(#2014),#2022);
#2014 = ( BOUNDED_CURVE() B_SPLINE_CURVE(2,(#2015,#2016,#2017,#2018,
#2019,#2020,#2021),.UNSPECIFIED.,.T.,.F.) B_SPLINE_CURVE_WITH_KNOTS((1,2
    ,2,2,2,1),(-2.094395102393,0.,2.094395102393,4.188790204786,
6.28318530718,8.377580409573),.UNSPECIFIED.) CURVE() 
GEOMETRIC_REPRESENTATION_ITEM() RATIONAL_B_SPLINE_CURVE((1.,0.5,1.,0.5,
1.,0.5,1.)) REPRESENTATION_ITEM('') );
#2015 = CARTESIAN_POINT('',(-6.4,-8.));
#2016 = CARTESIAN_POINT('',(-6.4,-10.77128129211));
#2017 = CARTESIAN_POINT('',(-8.8,-9.385640646055));
#2018 = CARTESIAN_POINT('',(-11.2,-8.));
#2019 = CARTESIAN_POINT('',(-8.8,-6.614359353945));
#2020 = CARTESIAN_POINT('',(-6.4,-5.22871870789));
#2021 = CARTESIAN_POINT('',(-6.4,-8.));
#2022 = ( GEOMETRIC_REPRESENTATION_CONTEXT(2) 
PARAMETRIC_REPRESENTATION_CONTEXT() REPRESENTATION_CONTEXT('2D SPACE',''
  ) );
#2023 = PCURVE('',#1437,#2024);
#2024 = DEFINITIONAL_REPRESENTATION('',(#2025),#2029);
#2025 = LINE('',#2026,#2027);
#2026 = CARTESIAN_POINT('',(-6.28318530718,-1.));
#2027 = VECTOR('',#2028,1.);
#2028 = DIRECTION('',(1.,-0.));
#2029 = ( GEOMETRIC_REPRESENTATION_CONTEXT(2) 
PARAMETRIC_REPRESENTATION_CONTEXT() REPRESENTATION_CONTEXT('2D SPACE',''
  ) );
#2030 = FACE_BOUND('',#2031,.F.);
#2031 = EDGE_LOOP('',(#2032));
#2032 = ORIENTED_EDGE('',*,*,#2033,.T.);
#2033 = EDGE_CURVE('',#2034,#2034,#2036,.T.);
#2034 = VERTEX_POINT('',#2035);
#2035 = CARTESIAN_POINT('',(80.502199259574,-8.,-110.3601859166));
#2036 = SURFACE_CURVE('',#2037,(#2042,#2053),.PCURVE_S1.);
#2037 = CIRCLE('',#2038,1.6);
#2038 = AXIS2_PLACEMENT_3D('',#2039,#2040,#2041);
#2039 = CARTESIAN_POINT('',(79.052106800316,-8.,-109.6839966978));
#2040 = DIRECTION('',(-0.422618261741,-0.,-0.906307787037));
#2041 = DIRECTION('',(0.906307787037,0.,-0.422618261741));
#2042 = PCURVE('',#883,#2043);
#2043 = DEFINITIONAL_REPRESENTATION('',(#2044),#2052);
#2044 = ( BOUNDED_CURVE() B_SPLINE_CURVE(2,(#2045,#2046,#2047,#2048,
#2049,#2050,#2051),.UNSPECIFIED.,.T.,.F.) B_SPLINE_CURVE_WITH_KNOTS((1,2
    ,2,2,2,1),(-2.094395102393,0.,2.094395102393,4.188790204786,
6.28318530718,8.377580409573),.UNSPECIFIED.) CURVE() 
GEOMETRIC_REPRESENTATION_ITEM() RATIONAL_B_SPLINE_CURVE((1.,0.5,1.,0.5,
1.,0.5,1.)) REPRESENTATION_ITEM('') );
#2045 = CARTESIAN_POINT('',(9.6,-8.));
#2046 = CARTESIAN_POINT('',(9.6,-10.77128129211));
#2047 = CARTESIAN_POINT('',(7.2,-9.385640646055));
#2048 = CARTESIAN_POINT('',(4.8,-8.));
#2049 = CARTESIAN_POINT('',(7.2,-6.614359353945));
#2050 = CARTESIAN_POINT('',(9.6,-5.22871870789));
#2051 = CARTESIAN_POINT('',(9.6,-8.));
#2052 = ( GEOMETRIC_REPRESENTATION_CONTEXT(2) 
PARAMETRIC_REPRESENTATION_CONTEXT() REPRESENTATION_CONTEXT('2D SPACE',''
  ) );
#2053 = PCURVE('',#1472,#2054);
#2054 = DEFINITIONAL_REPRESENTATION('',(#2055),#2059);
#2055 = LINE('',#2056,#2057);
#2056 = CARTESIAN_POINT('',(-6.28318530718,-1.));
#2057 = VECTOR('',#2058,1.);
#2058 = DIRECTION('',(1.,-0.));
#2059 = ( GEOMETRIC_REPRESENTATION_CONTEXT(2) 
PARAMETRIC_REPRESENTATION_CONTEXT() REPRESENTATION_CONTEXT('2D SPACE',''
  ) );
#2060 = FACE_BOUND('',#2061,.F.);
#2061 = EDGE_LOOP('',(#2062));
#2062 = ORIENTED_EDGE('',*,*,#2063,.T.);
#2063 = EDGE_CURVE('',#2064,#2064,#2066,.T.);
#2064 = VERTEX_POINT('',#2065);
#2065 = CARTESIAN_POINT('',(66.001274666988,8.,-103.5982937287));
#2066 = SURFACE_CURVE('',#2067,(#2072,#2083),.PCURVE_S1.);
#2067 = CIRCLE('',#2068,1.6);
#2068 = AXIS2_PLACEMENT_3D('',#2069,#2070,#2071);
#2069 = CARTESIAN_POINT('',(64.551182207729,8.,-102.92210451));
#2070 = DIRECTION('',(-0.422618261741,-0.,-0.906307787037));
#2071 = DIRECTION('',(0.906307787037,0.,-0.422618261741));
#2072 = PCURVE('',#883,#2073);
#2073 = DEFINITIONAL_REPRESENTATION('',(#2074),#2082);
#2074 = ( BOUNDED_CURVE() B_SPLINE_CURVE(2,(#2075,#2076,#2077,#2078,
#2079,#2080,#2081),.UNSPECIFIED.,.T.,.F.) B_SPLINE_CURVE_WITH_KNOTS((1,2
    ,2,2,2,1),(-2.094395102393,0.,2.094395102393,4.188790204786,
6.28318530718,8.377580409573),.UNSPECIFIED.) CURVE() 
GEOMETRIC_REPRESENTATION_ITEM() RATIONAL_B_SPLINE_CURVE((1.,0.5,1.,0.5,
1.,0.5,1.)) REPRESENTATION_ITEM('') );
#2075 = CARTESIAN_POINT('',(-6.4,8.));
#2076 = CARTESIAN_POINT('',(-6.4,5.22871870789));
#2077 = CARTESIAN_POINT('',(-8.8,6.614359353945));
#2078 = CARTESIAN_POINT('',(-11.2,8.));
#2079 = CARTESIAN_POINT('',(-8.8,9.385640646055));
#2080 = CARTESIAN_POINT('',(-6.4,10.77128129211));
#2081 = CARTESIAN_POINT('',(-6.4,8.));
#2082 = ( GEOMETRIC_REPRESENTATION_CONTEXT(2) 
PARAMETRIC_REPRESENTATION_CONTEXT() REPRESENTATION_CONTEXT('2D SPACE',''
  ) );
#2083 = PCURVE('',#1507,#2084);
#2084 = DEFINITIONAL_REPRESENTATION('',(#2085),#2089);
#2085 = LINE('',#2086,#2087);
#2086 = CARTESIAN_POINT('',(-6.28318530718,-1.));
#2087 = VECTOR('',#2088,1.);
#2088 = DIRECTION('',(1.,-0.));
#2089 = ( GEOMETRIC_REPRESENTATION_CONTEXT(2) 
PARAMETRIC_REPRESENTATION_CONTEXT() REPRESENTATION_CONTEXT('2D SPACE',''
  ) );
#2090 = FACE_BOUND('',#2091,.F.);
#2091 = EDGE_LOOP('',(#2092,#2117,#2138,#2139,#2162,#2190,#2211,#2212));
#2092 = ORIENTED_EDGE('',*,*,#2093,.F.);
#2093 = EDGE_CURVE('',#2094,#2096,#2098,.T.);
#2094 = VERTEX_POINT('',#2095);
#2095 = CARTESIAN_POINT('',(67.221266420752,4.,-104.1671852264));
#2096 = VERTEX_POINT('',#2097);
#2097 = CARTESIAN_POINT('',(67.221266420752,-4.,-104.1671852264));
#2098 = SURFACE_CURVE('',#2099,(#2103,#2110),.PCURVE_S1.);
#2099 = LINE('',#2100,#2101);
#2100 = CARTESIAN_POINT('',(67.221266420752,-2.,-104.1671852264));
#2101 = VECTOR('',#2102,1.);
#2102 = DIRECTION('',(0.,-1.,0.));
#2103 = PCURVE('',#883,#2104);
#2104 = DEFINITIONAL_REPRESENTATION('',(#2105),#2109);
#2105 = LINE('',#2106,#2107);
#2106 = CARTESIAN_POINT('',(-5.053888037581,-2.));
#2107 = VECTOR('',#2108,1.);
#2108 = DIRECTION('',(0.,-1.));
#2109 = ( GEOMETRIC_REPRESENTATION_CONTEXT(2) 
PARAMETRIC_REPRESENTATION_CONTEXT() REPRESENTATION_CONTEXT('2D SPACE',''
  ) );
#2110 = PCURVE('',#1844,#2111);
#2111 = DEFINITIONAL_REPRESENTATION('',(#2112),#2116);
#2112 = LINE('',#2113,#2114);
#2113 = CARTESIAN_POINT('',(111.82882756266,2.));
#2114 = VECTOR('',#2115,1.);
#2115 = DIRECTION('',(0.,-1.));
#2116 = ( GEOMETRIC_REPRESENTATION_CONTEXT(2) 
PARAMETRIC_REPRESENTATION_CONTEXT() REPRESENTATION_CONTEXT('2D SPACE',''
  ) );
#2117 = ORIENTED_EDGE('',*,*,#2118,.T.);
#2118 = EDGE_CURVE('',#2094,#1881,#2119,.T.);
#2119 = SURFACE_CURVE('',#2120,(#2124,#2131),.PCURVE_S1.);
#2120 = LINE('',#2121,#2122);
#2121 = CARTESIAN_POINT('',(22.525793700763,4.,-83.32534401226));
#2122 = VECTOR('',#2123,1.);
#2123 = DIRECTION('',(0.906307787037,0.,-0.422618261741));
#2124 = PCURVE('',#883,#2125);
#2125 = DEFINITIONAL_REPRESENTATION('',(#2126),#2130);
#2126 = LINE('',#2127,#2128);
#2127 = CARTESIAN_POINT('',(-54.3698857144,4.));
#2128 = VECTOR('',#2129,1.);
#2129 = DIRECTION('',(1.,0.));
#2130 = ( GEOMETRIC_REPRESENTATION_CONTEXT(2) 
PARAMETRIC_REPRESENTATION_CONTEXT() REPRESENTATION_CONTEXT('2D SPACE',''
  ) );
#2131 = PCURVE('',#1896,#2132);
#2132 = DEFINITIONAL_REPRESENTATION('',(#2133),#2137);
#2133 = LINE('',#2134,#2135);
#2134 = CARTESIAN_POINT('',(-18.47409789062,66.103830744855));
#2135 = VECTOR('',#2136,1.);
#2136 = DIRECTION('',(0.374606593416,0.927183854567));
#2137 = ( GEOMETRIC_REPRESENTATION_CONTEXT(2) 
PARAMETRIC_REPRESENTATION_CONTEXT() REPRESENTATION_CONTEXT('2D SPACE',''
  ) );
#2138 = ORIENTED_EDGE('',*,*,#1908,.T.);
#2139 = ORIENTED_EDGE('',*,*,#2140,.T.);
#2140 = EDGE_CURVE('',#1909,#2141,#2143,.T.);
#2141 = VERTEX_POINT('',#2142);
#2142 = CARTESIAN_POINT('',(76.943436061519,4.,-108.7007073838));
#2143 = SURFACE_CURVE('',#2144,(#2148,#2155),.PCURVE_S1.);
#2144 = LINE('',#2145,#2146);
#2145 = CARTESIAN_POINT('',(22.525793700763,4.,-83.32534401226));
#2146 = VECTOR('',#2147,1.);
#2147 = DIRECTION('',(0.906307787037,0.,-0.422618261741));
#2148 = PCURVE('',#883,#2149);
#2149 = DEFINITIONAL_REPRESENTATION('',(#2150),#2154);
#2150 = LINE('',#2151,#2152);
#2151 = CARTESIAN_POINT('',(-54.3698857144,4.));
#2152 = VECTOR('',#2153,1.);
#2153 = DIRECTION('',(1.,0.));
#2154 = ( GEOMETRIC_REPRESENTATION_CONTEXT(2) 
PARAMETRIC_REPRESENTATION_CONTEXT() REPRESENTATION_CONTEXT('2D SPACE',''
  ) );
#2155 = PCURVE('',#1896,#2156);
#2156 = DEFINITIONAL_REPRESENTATION('',(#2157),#2161);
#2157 = LINE('',#2158,#2159);
#2158 = CARTESIAN_POINT('',(-18.47409789062,66.103830744855));
#2159 = VECTOR('',#2160,1.);
#2160 = DIRECTION('',(0.374606593416,0.927183854567));
#2161 = ( GEOMETRIC_REPRESENTATION_CONTEXT(2) 
PARAMETRIC_REPRESENTATION_CONTEXT() REPRESENTATION_CONTEXT('2D SPACE',''
  ) );
#2162 = ORIENTED_EDGE('',*,*,#2163,.T.);
#2163 = EDGE_CURVE('',#2141,#2164,#2166,.T.);
#2164 = VERTEX_POINT('',#2165);
#2165 = CARTESIAN_POINT('',(76.943436061519,-4.,-108.7007073838));
#2166 = SURFACE_CURVE('',#2167,(#2171,#2178),.PCURVE_S1.);
#2167 = LINE('',#2168,#2169);
#2168 = CARTESIAN_POINT('',(76.943436061519,-2.,-108.7007073838));
#2169 = VECTOR('',#2170,1.);
#2170 = DIRECTION('',(0.,-1.,0.));
#2171 = PCURVE('',#883,#2172);
#2172 = DEFINITIONAL_REPRESENTATION('',(#2173),#2177);
#2173 = LINE('',#2174,#2175);
#2174 = CARTESIAN_POINT('',(5.67333926845,-2.));
#2175 = VECTOR('',#2176,1.);
#2176 = DIRECTION('',(0.,-1.));
#2177 = ( GEOMETRIC_REPRESENTATION_CONTEXT(2) 
PARAMETRIC_REPRESENTATION_CONTEXT() REPRESENTATION_CONTEXT('2D SPACE',''
  ) );
#2178 = PCURVE('',#2179,#2184);
#2179 = PLANE('',#2180);
#2180 = AXIS2_PLACEMENT_3D('',#2181,#2182,#2183);
#2181 = CARTESIAN_POINT('',(74.00449846812,-4.,-111.4413110268));
#2182 = DIRECTION('',(0.681998360062,0.,-0.731353701619));
#2183 = DIRECTION('',(0.731353701619,0.,0.681998360062));
#2184 = DEFINITIONAL_REPRESENTATION('',(#2185),#2189);
#2185 = LINE('',#2186,#2187);
#2186 = CARTESIAN_POINT('',(4.01849007791,-2.));
#2187 = VECTOR('',#2188,1.);
#2188 = DIRECTION('',(0.,1.));
#2189 = ( GEOMETRIC_REPRESENTATION_CONTEXT(2) 
PARAMETRIC_REPRESENTATION_CONTEXT() REPRESENTATION_CONTEXT('2D SPACE',''
  ) );
#2190 = ORIENTED_EDGE('',*,*,#2191,.F.);
#2191 = EDGE_CURVE('',#1719,#2164,#2192,.T.);
#2192 = SURFACE_CURVE('',#2193,(#2197,#2204),.PCURVE_S1.);
#2193 = LINE('',#2194,#2195);
#2194 = CARTESIAN_POINT('',(22.525793700763,-4.,-83.32534401226));
#2195 = VECTOR('',#2196,1.);
#2196 = DIRECTION('',(0.906307787037,0.,-0.422618261741));
#2197 = PCURVE('',#883,#2198);
#2198 = DEFINITIONAL_REPRESENTATION('',(#2199),#2203);
#2199 = LINE('',#2200,#2201);
#2200 = CARTESIAN_POINT('',(-54.3698857144,-4.));
#2201 = VECTOR('',#2202,1.);
#2202 = DIRECTION('',(1.,0.));
#2203 = ( GEOMETRIC_REPRESENTATION_CONTEXT(2) 
PARAMETRIC_REPRESENTATION_CONTEXT() REPRESENTATION_CONTEXT('2D SPACE',''
  ) );
#2204 = PCURVE('',#1734,#2205);
#2205 = DEFINITIONAL_REPRESENTATION('',(#2206),#2210);
#2206 = LINE('',#2207,#2208);
#2207 = CARTESIAN_POINT('',(-18.47409789062,66.103830744855));
#2208 = VECTOR('',#2209,1.);
#2209 = DIRECTION('',(0.374606593416,0.927183854567));
#2210 = ( GEOMETRIC_REPRESENTATION_CONTEXT(2) 
PARAMETRIC_REPRESENTATION_CONTEXT() REPRESENTATION_CONTEXT('2D SPACE',''
  ) );
#2211 = ORIENTED_EDGE('',*,*,#1746,.T.);
#2212 = ORIENTED_EDGE('',*,*,#2213,.F.);
#2213 = EDGE_CURVE('',#2096,#1747,#2214,.T.);
#2214 = SURFACE_CURVE('',#2215,(#2219,#2226),.PCURVE_S1.);
#2215 = LINE('',#2216,#2217);
#2216 = CARTESIAN_POINT('',(22.525793700763,-4.,-83.32534401226));
#2217 = VECTOR('',#2218,1.);
#2218 = DIRECTION('',(0.906307787037,0.,-0.422618261741));
#2219 = PCURVE('',#883,#2220);
#2220 = DEFINITIONAL_REPRESENTATION('',(#2221),#2225);
#2221 = LINE('',#2222,#2223);
#2222 = CARTESIAN_POINT('',(-54.3698857144,-4.));
#2223 = VECTOR('',#2224,1.);
#2224 = DIRECTION('',(1.,0.));
#2225 = ( GEOMETRIC_REPRESENTATION_CONTEXT(2) 
PARAMETRIC_REPRESENTATION_CONTEXT() REPRESENTATION_CONTEXT('2D SPACE',''
  ) );
#2226 = PCURVE('',#1734,#2227);
#2227 = DEFINITIONAL_REPRESENTATION('',(#2228),#2232);
#2228 = LINE('',#2229,#2230);
#2229 = CARTESIAN_POINT('',(-18.47409789062,66.103830744855));
#2230 = VECTOR('',#2231,1.);
#2231 = DIRECTION('',(0.374606593416,0.927183854567));
#2232 = ( GEOMETRIC_REPRESENTATION_CONTEXT(2) 
PARAMETRIC_REPRESENTATION_CONTEXT() REPRESENTATION_CONTEXT('2D SPACE',''
  ) );
#2233 = FACE_BOUND('',#2234,.F.);
#2234 = EDGE_LOOP('',(#2235));
#2235 = ORIENTED_EDGE('',*,*,#2236,.T.);
#2236 = EDGE_CURVE('',#2237,#2237,#2239,.T.);
#2237 = VERTEX_POINT('',#2238);
#2238 = CARTESIAN_POINT('',(80.502199259574,8.,-110.3601859166));
#2239 = SURFACE_CURVE('',#2240,(#2245,#2256),.PCURVE_S1.);
#2240 = CIRCLE('',#2241,1.6);
#2241 = AXIS2_PLACEMENT_3D('',#2242,#2243,#2244);
#2242 = CARTESIAN_POINT('',(79.052106800316,8.,-109.6839966978));
#2243 = DIRECTION('',(-0.422618261741,-0.,-0.906307787037));
#2244 = DIRECTION('',(0.906307787037,0.,-0.422618261741));
#2245 = PCURVE('',#883,#2246);
#2246 = DEFINITIONAL_REPRESENTATION('',(#2247),#2255);
#2247 = ( BOUNDED_CURVE() B_SPLINE_CURVE(2,(#2248,#2249,#2250,#2251,
#2252,#2253,#2254),.UNSPECIFIED.,.T.,.F.) B_SPLINE_CURVE_WITH_KNOTS((1,2
    ,2,2,2,1),(-2.094395102393,0.,2.094395102393,4.188790204786,
6.28318530718,8.377580409573),.UNSPECIFIED.) CURVE() 
GEOMETRIC_REPRESENTATION_ITEM() RATIONAL_B_SPLINE_CURVE((1.,0.5,1.,0.5,
1.,0.5,1.)) REPRESENTATION_ITEM('') );
#2248 = CARTESIAN_POINT('',(9.6,8.));
#2249 = CARTESIAN_POINT('',(9.6,5.22871870789));
#2250 = CARTESIAN_POINT('',(7.2,6.614359353945));
#2251 = CARTESIAN_POINT('',(4.8,8.));
#2252 = CARTESIAN_POINT('',(7.2,9.385640646055));
#2253 = CARTESIAN_POINT('',(9.6,10.77128129211));
#2254 = CARTESIAN_POINT('',(9.6,8.));
#2255 = ( GEOMETRIC_REPRESENTATION_CONTEXT(2) 
PARAMETRIC_REPRESENTATION_CONTEXT() REPRESENTATION_CONTEXT('2D SPACE',''
  ) );
#2256 = PCURVE('',#1542,#2257);
#2257 = DEFINITIONAL_REPRESENTATION('',(#2258),#2262);
#2258 = LINE('',#2259,#2260);
#2259 = CARTESIAN_POINT('',(-6.28318530718,-1.));
#2260 = VECTOR('',#2261,1.);
#2261 = DIRECTION('',(1.,-0.));
#2262 = ( GEOMETRIC_REPRESENTATION_CONTEXT(2) 
PARAMETRIC_REPRESENTATION_CONTEXT() REPRESENTATION_CONTEXT('2D SPACE',''
  ) );
#2263 = ADVANCED_FACE('',(#2264),#1012,.F.);
#2264 = FACE_BOUND('',#2265,.T.);
#2265 = EDGE_LOOP('',(#2266,#2267,#2268,#2269));
#2266 = ORIENTED_EDGE('',*,*,#896,.F.);
#2267 = ORIENTED_EDGE('',*,*,#1312,.T.);
#2268 = ORIENTED_EDGE('',*,*,#1275,.T.);
#2269 = ORIENTED_EDGE('',*,*,#1162,.T.);
#2270 = ADVANCED_FACE('',(#2271),#1437,.F.);
#2271 = FACE_BOUND('',#2272,.T.);
#2272 = EDGE_LOOP('',(#2273,#2274,#2295,#2296));
#2273 = ORIENTED_EDGE('',*,*,#2003,.T.);
#2274 = ORIENTED_EDGE('',*,*,#2275,.T.);
#2275 = EDGE_CURVE('',#2004,#1417,#2276,.T.);
#2276 = SEAM_CURVE('',#2277,(#2281,#2288),.PCURVE_S1.);
#2277 = LINE('',#2278,#2279);
#2278 = CARTESIAN_POINT('',(65.578656405247,-8.,-104.5046015158));
#2279 = VECTOR('',#2280,1.);
#2280 = DIRECTION('',(0.422618261741,0.,0.906307787037));
#2281 = PCURVE('',#1437,#2282);
#2282 = DEFINITIONAL_REPRESENTATION('',(#2283),#2287);
#2283 = LINE('',#2284,#2285);
#2284 = CARTESIAN_POINT('',(-6.28318530718,0.));
#2285 = VECTOR('',#2286,1.);
#2286 = DIRECTION('',(-0.,-1.));
#2287 = ( GEOMETRIC_REPRESENTATION_CONTEXT(2) 
PARAMETRIC_REPRESENTATION_CONTEXT() REPRESENTATION_CONTEXT('2D SPACE',''
  ) );
#2288 = PCURVE('',#1437,#2289);
#2289 = DEFINITIONAL_REPRESENTATION('',(#2290),#2294);
#2290 = LINE('',#2291,#2292);
#2291 = CARTESIAN_POINT('',(-0.,0.));
#2292 = VECTOR('',#2293,1.);
#2293 = DIRECTION('',(-0.,-1.));
#2294 = ( GEOMETRIC_REPRESENTATION_CONTEXT(2) 
PARAMETRIC_REPRESENTATION_CONTEXT() REPRESENTATION_CONTEXT('2D SPACE',''
  ) );
#2295 = ORIENTED_EDGE('',*,*,#1416,.F.);
#2296 = ORIENTED_EDGE('',*,*,#2275,.F.);
#2297 = ADVANCED_FACE('',(#2298),#1472,.F.);
#2298 = FACE_BOUND('',#2299,.T.);
#2299 = EDGE_LOOP('',(#2300,#2301,#2322,#2323));
#2300 = ORIENTED_EDGE('',*,*,#2033,.T.);
#2301 = ORIENTED_EDGE('',*,*,#2302,.T.);
#2302 = EDGE_CURVE('',#2034,#1452,#2303,.T.);
#2303 = SEAM_CURVE('',#2304,(#2308,#2315),.PCURVE_S1.);
#2304 = LINE('',#2305,#2306);
#2305 = CARTESIAN_POINT('',(80.079580997834,-8.,-111.2664937036));
#2306 = VECTOR('',#2307,1.);
#2307 = DIRECTION('',(0.422618261741,0.,0.906307787037));
#2308 = PCURVE('',#1472,#2309);
#2309 = DEFINITIONAL_REPRESENTATION('',(#2310),#2314);
#2310 = LINE('',#2311,#2312);
#2311 = CARTESIAN_POINT('',(-6.28318530718,0.));
#2312 = VECTOR('',#2313,1.);
#2313 = DIRECTION('',(-0.,-1.));
#2314 = ( GEOMETRIC_REPRESENTATION_CONTEXT(2) 
PARAMETRIC_REPRESENTATION_CONTEXT() REPRESENTATION_CONTEXT('2D SPACE',''
  ) );
#2315 = PCURVE('',#1472,#2316);
#2316 = DEFINITIONAL_REPRESENTATION('',(#2317),#2321);
#2317 = LINE('',#2318,#2319);
#2318 = CARTESIAN_POINT('',(-0.,0.));
#2319 = VECTOR('',#2320,1.);
#2320 = DIRECTION('',(-0.,-1.));
#2321 = ( GEOMETRIC_REPRESENTATION_CONTEXT(2) 
PARAMETRIC_REPRESENTATION_CONTEXT() REPRESENTATION_CONTEXT('2D SPACE',''
  ) );
#2322 = ORIENTED_EDGE('',*,*,#1451,.F.);
#2323 = ORIENTED_EDGE('',*,*,#2302,.F.);
#2324 = ADVANCED_FACE('',(#2325),#1507,.F.);
#2325 = FACE_BOUND('',#2326,.T.);
#2326 = EDGE_LOOP('',(#2327,#2328,#2349,#2350));
#2327 = ORIENTED_EDGE('',*,*,#2063,.T.);
#2328 = ORIENTED_EDGE('',*,*,#2329,.T.);
#2329 = EDGE_CURVE('',#2064,#1487,#2330,.T.);
#2330 = SEAM_CURVE('',#2331,(#2335,#2342),.PCURVE_S1.);
#2331 = LINE('',#2332,#2333);
#2332 = CARTESIAN_POINT('',(65.578656405247,8.,-104.5046015158));
#2333 = VECTOR('',#2334,1.);
#2334 = DIRECTION('',(0.422618261741,0.,0.906307787037));
#2335 = PCURVE('',#1507,#2336);
#2336 = DEFINITIONAL_REPRESENTATION('',(#2337),#2341);
#2337 = LINE('',#2338,#2339);
#2338 = CARTESIAN_POINT('',(-6.28318530718,0.));
#2339 = VECTOR('',#2340,1.);
#2340 = DIRECTION('',(-0.,-1.));
#2341 = ( GEOMETRIC_REPRESENTATION_CONTEXT(2) 
PARAMETRIC_REPRESENTATION_CONTEXT() REPRESENTATION_CONTEXT('2D SPACE',''
  ) );
#2342 = PCURVE('',#1507,#2343);
#2343 = DEFINITIONAL_REPRESENTATION('',(#2344),#2348);
#2344 = LINE('',#2345,#2346);
#2345 = CARTESIAN_POINT('',(-0.,0.));
#2346 = VECTOR('',#2347,1.);
#2347 = DIRECTION('',(-0.,-1.));
#2348 = ( GEOMETRIC_REPRESENTATION_CONTEXT(2) 
PARAMETRIC_REPRESENTATION_CONTEXT() REPRESENTATION_CONTEXT('2D SPACE',''
  ) );
#2349 = ORIENTED_EDGE('',*,*,#1486,.F.);
#2350 = ORIENTED_EDGE('',*,*,#2329,.F.);
#2351 = ADVANCED_FACE('',(#2352),#1542,.F.);
#2352 = FACE_BOUND('',#2353,.T.);
#2353 = EDGE_LOOP('',(#2354,#2355,#2376,#2377));
#2354 = ORIENTED_EDGE('',*,*,#2236,.T.);
#2355 = ORIENTED_EDGE('',*,*,#2356,.T.);
#2356 = EDGE_CURVE('',#2237,#1522,#2357,.T.);
#2357 = SEAM_CURVE('',#2358,(#2362,#2369),.PCURVE_S1.);
#2358 = LINE('',#2359,#2360);
#2359 = CARTESIAN_POINT('',(80.079580997834,8.,-111.2664937036));
#2360 = VECTOR('',#2361,1.);
#2361 = DIRECTION('',(0.422618261741,0.,0.906307787037));
#2362 = PCURVE('',#1542,#2363);
#2363 = DEFINITIONAL_REPRESENTATION('',(#2364),#2368);
#2364 = LINE('',#2365,#2366);
#2365 = CARTESIAN_POINT('',(-6.28318530718,0.));
#2366 = VECTOR('',#2367,1.);
#2367 = DIRECTION('',(-0.,-1.));
#2368 = ( GEOMETRIC_REPRESENTATION_CONTEXT(2) 
PARAMETRIC_REPRESENTATION_CONTEXT() REPRESENTATION_CONTEXT('2D SPACE',''
  ) );
#2369 = PCURVE('',#1542,#2370);
#2370 = DEFINITIONAL_REPRESENTATION('',(#2371),#2375);
#2371 = LINE('',#2372,#2373);
#2372 = CARTESIAN_POINT('',(-0.,0.));
#2373 = VECTOR('',#2374,1.);
#2374 = DIRECTION('',(-0.,-1.));
#2375 = ( GEOMETRIC_REPRESENTATION_CONTEXT(2) 
PARAMETRIC_REPRESENTATION_CONTEXT() REPRESENTATION_CONTEXT('2D SPACE',''
  ) );
#2376 = ORIENTED_EDGE('',*,*,#1521,.F.);
#2377 = ORIENTED_EDGE('',*,*,#2356,.F.);
#2378 = ADVANCED_FACE('',(#2379),#1586,.T.);
#2379 = FACE_BOUND('',#2380,.T.);
#2380 = EDGE_LOOP('',(#2381,#2382,#2383,#2404,#2405,#2426,#2427));
#2381 = ORIENTED_EDGE('',*,*,#1694,.T.);
#2382 = ORIENTED_EDGE('',*,*,#1567,.T.);
#2383 = ORIENTED_EDGE('',*,*,#2384,.F.);
#2384 = EDGE_CURVE('',#1857,#1570,#2385,.T.);
#2385 = SURFACE_CURVE('',#2386,(#2390,#2397),.PCURVE_S1.);
#2386 = LINE('',#2387,#2388);
#2387 = CARTESIAN_POINT('',(22.103175439022,4.,-84.2316517993));
#2388 = VECTOR('',#2389,1.);
#2389 = DIRECTION('',(0.906307787037,0.,-0.422618261741));
#2390 = PCURVE('',#1586,#2391);
#2391 = DEFINITIONAL_REPRESENTATION('',(#2392),#2396);
#2392 = LINE('',#2393,#2394);
#2393 = CARTESIAN_POINT('',(-54.3698857144,4.));
#2394 = VECTOR('',#2395,1.);
#2395 = DIRECTION('',(1.,0.));
#2396 = ( GEOMETRIC_REPRESENTATION_CONTEXT(2) 
PARAMETRIC_REPRESENTATION_CONTEXT() REPRESENTATION_CONTEXT('2D SPACE',''
  ) );
#2397 = PCURVE('',#1896,#2398);
#2398 = DEFINITIONAL_REPRESENTATION('',(#2399),#2403);
#2399 = LINE('',#2400,#2401);
#2400 = CARTESIAN_POINT('',(-19.40128174519,66.478437338271));
#2401 = VECTOR('',#2402,1.);
#2402 = DIRECTION('',(0.374606593416,0.927183854567));
#2403 = ( GEOMETRIC_REPRESENTATION_CONTEXT(2) 
PARAMETRIC_REPRESENTATION_CONTEXT() REPRESENTATION_CONTEXT('2D SPACE',''
  ) );
#2404 = ORIENTED_EDGE('',*,*,#1856,.T.);
#2405 = ORIENTED_EDGE('',*,*,#2406,.T.);
#2406 = EDGE_CURVE('',#1822,#1798,#2407,.T.);
#2407 = SURFACE_CURVE('',#2408,(#2412,#2419),.PCURVE_S1.);
#2408 = LINE('',#2409,#2410);
#2409 = CARTESIAN_POINT('',(69.041838647854,-2.,-106.1195099171));
#2410 = VECTOR('',#2411,1.);
#2411 = DIRECTION('',(0.,-1.,0.));
#2412 = PCURVE('',#1586,#2413);
#2413 = DEFINITIONAL_REPRESENTATION('',(#2414),#2418);
#2414 = LINE('',#2415,#2416);
#2415 = CARTESIAN_POINT('',(-2.578801184164,-2.));
#2416 = VECTOR('',#2417,1.);
#2417 = DIRECTION('',(0.,-1.));
#2418 = ( GEOMETRIC_REPRESENTATION_CONTEXT(2) 
PARAMETRIC_REPRESENTATION_CONTEXT() REPRESENTATION_CONTEXT('2D SPACE',''
  ) );
#2419 = PCURVE('',#1844,#2420);
#2420 = DEFINITIONAL_REPRESENTATION('',(#2421),#2425);
#2421 = LINE('',#2422,#2423);
#2422 = CARTESIAN_POINT('',(114.49829472521,2.));
#2423 = VECTOR('',#2424,1.);
#2424 = DIRECTION('',(0.,-1.));
#2425 = ( GEOMETRIC_REPRESENTATION_CONTEXT(2) 
PARAMETRIC_REPRESENTATION_CONTEXT() REPRESENTATION_CONTEXT('2D SPACE',''
  ) );
#2426 = ORIENTED_EDGE('',*,*,#1797,.T.);
#2427 = ORIENTED_EDGE('',*,*,#2428,.T.);
#2428 = EDGE_CURVE('',#1775,#1695,#2429,.T.);
#2429 = SURFACE_CURVE('',#2430,(#2434,#2441),.PCURVE_S1.);
#2430 = LINE('',#2431,#2432);
#2431 = CARTESIAN_POINT('',(22.103175439022,-4.,-84.2316517993));
#2432 = VECTOR('',#2433,1.);
#2433 = DIRECTION('',(0.906307787037,0.,-0.422618261741));
#2434 = PCURVE('',#1586,#2435);
#2435 = DEFINITIONAL_REPRESENTATION('',(#2436),#2440);
#2436 = LINE('',#2437,#2438);
#2437 = CARTESIAN_POINT('',(-54.3698857144,-4.));
#2438 = VECTOR('',#2439,1.);
#2439 = DIRECTION('',(1.,0.));
#2440 = ( GEOMETRIC_REPRESENTATION_CONTEXT(2) 
PARAMETRIC_REPRESENTATION_CONTEXT() REPRESENTATION_CONTEXT('2D SPACE',''
  ) );
#2441 = PCURVE('',#1734,#2442);
#2442 = DEFINITIONAL_REPRESENTATION('',(#2443),#2447);
#2443 = LINE('',#2444,#2445);
#2444 = CARTESIAN_POINT('',(-19.40128174519,66.478437338271));
#2445 = VECTOR('',#2446,1.);
#2446 = DIRECTION('',(0.374606593416,0.927183854567));
#2447 = ( GEOMETRIC_REPRESENTATION_CONTEXT(2) 
PARAMETRIC_REPRESENTATION_CONTEXT() REPRESENTATION_CONTEXT('2D SPACE',''
  ) );
#2448 = ADVANCED_FACE('',(#2449),#1896,.T.);
#2449 = FACE_BOUND('',#2450,.T.);
#2450 = EDGE_LOOP('',(#2451,#2474,#2475,#2476,#2477,#2478,#2479));
#2451 = ORIENTED_EDGE('',*,*,#2452,.F.);
#2452 = EDGE_CURVE('',#2094,#2453,#2455,.T.);
#2453 = VERTEX_POINT('',#2454);
#2454 = CARTESIAN_POINT('',(74.00449846812,4.,-111.4413110268));
#2455 = SURFACE_CURVE('',#2456,(#2460,#2467),.PCURVE_S1.);
#2456 = LINE('',#2457,#2458);
#2457 = CARTESIAN_POINT('',(-9.045810584695,4.,-22.38075824077));
#2458 = VECTOR('',#2459,1.);
#2459 = DIRECTION('',(0.681998360062,0.,-0.731353701619));
#2460 = PCURVE('',#1896,#2461);
#2461 = DEFINITIONAL_REPRESENTATION('',(#2462),#2466);
#2462 = LINE('',#2463,#2464);
#2463 = CARTESIAN_POINT('',(0.,0.));
#2464 = VECTOR('',#2465,1.);
#2465 = DIRECTION('',(1.8121918896E-17,1.));
#2466 = ( GEOMETRIC_REPRESENTATION_CONTEXT(2) 
PARAMETRIC_REPRESENTATION_CONTEXT() REPRESENTATION_CONTEXT('2D SPACE',''
  ) );
#2467 = PCURVE('',#1844,#2468);
#2468 = DEFINITIONAL_REPRESENTATION('',(#2469),#2473);
#2469 = LINE('',#2470,#2471);
#2470 = CARTESIAN_POINT('',(0.,8.));
#2471 = VECTOR('',#2472,1.);
#2472 = DIRECTION('',(1.,0.));
#2473 = ( GEOMETRIC_REPRESENTATION_CONTEXT(2) 
PARAMETRIC_REPRESENTATION_CONTEXT() REPRESENTATION_CONTEXT('2D SPACE',''
  ) );
#2474 = ORIENTED_EDGE('',*,*,#2118,.T.);
#2475 = ORIENTED_EDGE('',*,*,#1880,.T.);
#2476 = ORIENTED_EDGE('',*,*,#2384,.T.);
#2477 = ORIENTED_EDGE('',*,*,#1936,.F.);
#2478 = ORIENTED_EDGE('',*,*,#2140,.T.);
#2479 = ORIENTED_EDGE('',*,*,#2480,.F.);
#2480 = EDGE_CURVE('',#2453,#2141,#2481,.T.);
#2481 = SURFACE_CURVE('',#2482,(#2486,#2493),.PCURVE_S1.);
#2482 = LINE('',#2483,#2484);
#2483 = CARTESIAN_POINT('',(74.00449846812,4.,-111.4413110268));
#2484 = VECTOR('',#2485,1.);
#2485 = DIRECTION('',(0.731353701619,0.,0.681998360062));
#2486 = PCURVE('',#1896,#2487);
#2487 = DEFINITIONAL_REPRESENTATION('',(#2488),#2492);
#2488 = LINE('',#2489,#2490);
#2489 = CARTESIAN_POINT('',(1.818850741824E-14,121.77493952508));
#2490 = VECTOR('',#2491,1.);
#2491 = DIRECTION('',(1.,1.8121918896E-17));
#2492 = ( GEOMETRIC_REPRESENTATION_CONTEXT(2) 
PARAMETRIC_REPRESENTATION_CONTEXT() REPRESENTATION_CONTEXT('2D SPACE',''
  ) );
#2493 = PCURVE('',#2179,#2494);
#2494 = DEFINITIONAL_REPRESENTATION('',(#2495),#2499);
#2495 = LINE('',#2496,#2497);
#2496 = CARTESIAN_POINT('',(0.,-8.));
#2497 = VECTOR('',#2498,1.);
#2498 = DIRECTION('',(1.,0.));
#2499 = ( GEOMETRIC_REPRESENTATION_CONTEXT(2) 
PARAMETRIC_REPRESENTATION_CONTEXT() REPRESENTATION_CONTEXT('2D SPACE',''
  ) );
#2500 = ADVANCED_FACE('',(#2501,#2549),#1844,.F.);
#2501 = FACE_BOUND('',#2502,.F.);
#2502 = EDGE_LOOP('',(#2503,#2504,#2505,#2528));
#2503 = ORIENTED_EDGE('',*,*,#2452,.F.);
#2504 = ORIENTED_EDGE('',*,*,#2093,.T.);
#2505 = ORIENTED_EDGE('',*,*,#2506,.T.);
#2506 = EDGE_CURVE('',#2096,#2507,#2509,.T.);
#2507 = VERTEX_POINT('',#2508);
#2508 = CARTESIAN_POINT('',(74.00449846812,-4.,-111.4413110268));
#2509 = SURFACE_CURVE('',#2510,(#2514,#2521),.PCURVE_S1.);
#2510 = LINE('',#2511,#2512);
#2511 = CARTESIAN_POINT('',(-9.045810584695,-4.,-22.38075824077));
#2512 = VECTOR('',#2513,1.);
#2513 = DIRECTION('',(0.681998360062,0.,-0.731353701619));
#2514 = PCURVE('',#1844,#2515);
#2515 = DEFINITIONAL_REPRESENTATION('',(#2516),#2520);
#2516 = LINE('',#2517,#2518);
#2517 = CARTESIAN_POINT('',(0.,0.));
#2518 = VECTOR('',#2519,1.);
#2519 = DIRECTION('',(1.,0.));
#2520 = ( GEOMETRIC_REPRESENTATION_CONTEXT(2) 
PARAMETRIC_REPRESENTATION_CONTEXT() REPRESENTATION_CONTEXT('2D SPACE',''
  ) );
#2521 = PCURVE('',#1734,#2522);
#2522 = DEFINITIONAL_REPRESENTATION('',(#2523),#2527);
#2523 = LINE('',#2524,#2525);
#2524 = CARTESIAN_POINT('',(0.,0.));
#2525 = VECTOR('',#2526,1.);
#2526 = DIRECTION('',(1.8121918896E-17,1.));
#2527 = ( GEOMETRIC_REPRESENTATION_CONTEXT(2) 
PARAMETRIC_REPRESENTATION_CONTEXT() REPRESENTATION_CONTEXT('2D SPACE',''
  ) );
#2528 = ORIENTED_EDGE('',*,*,#2529,.T.);
#2529 = EDGE_CURVE('',#2507,#2453,#2530,.T.);
#2530 = SURFACE_CURVE('',#2531,(#2535,#2542),.PCURVE_S1.);
#2531 = LINE('',#2532,#2533);
#2532 = CARTESIAN_POINT('',(74.00449846812,-4.,-111.4413110268));
#2533 = VECTOR('',#2534,1.);
#2534 = DIRECTION('',(0.,1.,0.));
#2535 = PCURVE('',#1844,#2536);
#2536 = DEFINITIONAL_REPRESENTATION('',(#2537),#2541);
#2537 = LINE('',#2538,#2539);
#2538 = CARTESIAN_POINT('',(121.77493952508,0.));
#2539 = VECTOR('',#2540,1.);
#2540 = DIRECTION('',(0.,1.));
#2541 = ( GEOMETRIC_REPRESENTATION_CONTEXT(2) 
PARAMETRIC_REPRESENTATION_CONTEXT() REPRESENTATION_CONTEXT('2D SPACE',''
  ) );
#2542 = PCURVE('',#2179,#2543);
#2543 = DEFINITIONAL_REPRESENTATION('',(#2544),#2548);
#2544 = LINE('',#2545,#2546);
#2545 = CARTESIAN_POINT('',(0.,0.));
#2546 = VECTOR('',#2547,1.);
#2547 = DIRECTION('',(0.,-1.));
#2548 = ( GEOMETRIC_REPRESENTATION_CONTEXT(2) 
PARAMETRIC_REPRESENTATION_CONTEXT() REPRESENTATION_CONTEXT('2D SPACE',''
  ) );
#2549 = FACE_BOUND('',#2550,.F.);
#2550 = EDGE_LOOP('',(#2551,#2552));
#2551 = ORIENTED_EDGE('',*,*,#1821,.F.);
#2552 = ORIENTED_EDGE('',*,*,#2406,.T.);
#2553 = ADVANCED_FACE('',(#2554),#1734,.F.);
#2554 = FACE_BOUND('',#2555,.F.);
#2555 = EDGE_LOOP('',(#2556,#2557,#2558,#2559,#2560,#2561,#2562));
#2556 = ORIENTED_EDGE('',*,*,#2506,.F.);
#2557 = ORIENTED_EDGE('',*,*,#2213,.T.);
#2558 = ORIENTED_EDGE('',*,*,#1774,.T.);
#2559 = ORIENTED_EDGE('',*,*,#2428,.T.);
#2560 = ORIENTED_EDGE('',*,*,#1718,.F.);
#2561 = ORIENTED_EDGE('',*,*,#2191,.T.);
#2562 = ORIENTED_EDGE('',*,*,#2563,.F.);
#2563 = EDGE_CURVE('',#2507,#2164,#2564,.T.);
#2564 = SURFACE_CURVE('',#2565,(#2569,#2576),.PCURVE_S1.);
#2565 = LINE('',#2566,#2567);
#2566 = CARTESIAN_POINT('',(74.00449846812,-4.,-111.4413110268));
#2567 = VECTOR('',#2568,1.);
#2568 = DIRECTION('',(0.731353701619,0.,0.681998360062));
#2569 = PCURVE('',#1734,#2570);
#2570 = DEFINITIONAL_REPRESENTATION('',(#2571),#2575);
#2571 = LINE('',#2572,#2573);
#2572 = CARTESIAN_POINT('',(1.818850741824E-14,121.77493952508));
#2573 = VECTOR('',#2574,1.);
#2574 = DIRECTION('',(1.,1.8121918896E-17));
#2575 = ( GEOMETRIC_REPRESENTATION_CONTEXT(2) 
PARAMETRIC_REPRESENTATION_CONTEXT() REPRESENTATION_CONTEXT('2D SPACE',''
  ) );
#2576 = PCURVE('',#2179,#2577);
#2577 = DEFINITIONAL_REPRESENTATION('',(#2578),#2582);
#2578 = LINE('',#2579,#2580);
#2579 = CARTESIAN_POINT('',(0.,0.));
#2580 = VECTOR('',#2581,1.);
#2581 = DIRECTION('',(1.,0.));
#2582 = ( GEOMETRIC_REPRESENTATION_CONTEXT(2) 
PARAMETRIC_REPRESENTATION_CONTEXT() REPRESENTATION_CONTEXT('2D SPACE',''
  ) );
#2583 = ADVANCED_FACE('',(#2584),#2179,.T.);
#2584 = FACE_BOUND('',#2585,.T.);
#2585 = EDGE_LOOP('',(#2586,#2587,#2588,#2589));
#2586 = ORIENTED_EDGE('',*,*,#2563,.F.);
#2587 = ORIENTED_EDGE('',*,*,#2529,.T.);
#2588 = ORIENTED_EDGE('',*,*,#2480,.T.);
#2589 = ORIENTED_EDGE('',*,*,#2163,.T.);
#2590 = ( GEOMETRIC_REPRESENTATION_CONTEXT(3) 
GLOBAL_UNCERTAINTY_ASSIGNED_CONTEXT((#2594)) 
GLOBAL_UNIT_ASSIGNED_CONTEXT((#2591,#2592,#2593)) REPRESENTATION_CONTEXT
('Context #1','3D Context with UNIT and UNCERTAINTY') );
#2591 = ( LENGTH_UNIT() NAMED_UNIT(*) SI_UNIT(.MILLI.,.METRE.) );
#2592 = ( NAMED_UNIT(*) PLANE_ANGLE_UNIT() SI_UNIT($,.RADIAN.) );
#2593 = ( NAMED_UNIT(*) SI_UNIT($,.STERADIAN.) SOLID_ANGLE_UNIT() );
#2594 = UNCERTAINTY_MEASURE_WITH_UNIT(LENGTH_MEASURE(1.E-07),#2591,
  'distance_accuracy_value','confusion accuracy');
#2595 = PRODUCT_RELATED_PRODUCT_CATEGORY('part',$,(#7));
ENDSEC;
END-ISO-10303-21;
