ISO-10303-21;
HEADER;
FILE_DESCRIPTION(('Open CASCADE Model'),'2;1');
FILE_NAME('Open CASCADE Shape Model','2026-08-08T14:21:14',('Author'),(
    'Open CASCADE'),'Open CASCADE STEP processor 7.9','Open CASCADE 7.9'
  ,'Unknown');
FILE_SCHEMA(('AUTOMOTIVE_DESIGN { 1 0 10303 214 1 1 1 1 }'));
ENDSEC;
DATA;
#1 = APPLICATION_PROTOCOL_DEFINITION('international standard',
  'automotive_design',2000,#2);
#2 = APPLICATION_CONTEXT(
  'core data for automotive mechanical design processes');
#3 = SHAPE_DEFINITION_REPRESENTATION(#4,#10);
#4 = PRODUCT_DEFINITION_SHAPE('','',#5);
#5 = PRODUCT_DEFINITION('design','',#6,#9);
#6 = PRODUCT_DEFINITION_FORMATION('','',#7);
#7 = PRODUCT('Open CASCADE STEP translator 7.9 1',
  'Open CASCADE STEP translator 7.9 1','',(#8));
#8 = PRODUCT_CONTEXT('',#2,'mechanical');
#9 = PRODUCT_DEFINITION_CONTEXT('part definition',#2,'design');
#10 = ADVANCED_BREP_SHAPE_REPRESENTATION('',(#11,#15),#9591);
#11 = AXIS2_PLACEMENT_3D('',#12,#13,#14);
#12 = CARTESIAN_POINT('',(0.,0.,0.));
#13 = DIRECTION('',(0.,0.,1.));
#14 = DIRECTION('',(1.,0.,-0.));
#15 = MANIFOLD_SOLID_BREP('',#16);
#16 = CLOSED_SHELL('',(#17,#85,#1125,#2070,#2101,#2156,#2183,#2210,#2257
    ,#2284,#2311,#2318,#2365,#2392,#2419,#2426,#2473,#2500,#2527,#2534,
    #2581,#2608,#2635,#2642,#2694,#2749,#2788,#2843,#2902,#2957,#3132,
    #3187,#3242,#3297,#3352,#3407,#3462,#3517,#3572,#3576,#3580,#3584,
    #3588,#3643,#3698,#3753,#3808,#3863,#3918,#3973,#4028,#4083,#4138,
    #4193,#4248,#4303,#4358,#4413,#4468,#4523,#4578,#4633,#4688,#4743,
    #4798,#4853,#4908,#4963,#5018,#5073,#5128,#5183,#5238,#5293,#5348,
    #5403,#5458,#5513,#5568,#5623,#5678,#5733,#5788,#5843,#5898,#5953,
    #6008,#6063,#6118,#6173,#6228,#6283,#6338,#6393,#6448,#6503,#6558,
    #6613,#6668,#6723,#6778,#6833,#6888,#6943,#6998,#7053,#7108,#7163,
    #7218,#7273,#7328,#7383,#7438,#7493,#7548,#7603,#7658,#7713,#7768,
    #7823,#7878,#7933,#7988,#8043,#8098,#8153,#8208,#8263,#8318,#8373,
    #8428,#8483,#8538,#8593,#8648,#8703,#8758,#8813,#8868,#8923,#8978,
    #9033,#9088,#9143,#9198,#9253,#9308,#9363,#9418,#9473,#9528,#9532,
    #9587));
#17 = ADVANCED_FACE('',(#18,#54),#31,.F.);
#18 = FACE_BOUND('',#19,.T.);
#19 = EDGE_LOOP('',(#20));
#20 = ORIENTED_EDGE('',*,*,#21,.F.);
#21 = EDGE_CURVE('',#22,#22,#24,.T.);
#22 = VERTEX_POINT('',#23);
#23 = CARTESIAN_POINT('',(28.5,0.,0.));
#24 = SURFACE_CURVE('',#25,(#30,#42),.PCURVE_S1.);
#25 = CIRCLE('',#26,28.5);
#26 = AXIS2_PLACEMENT_3D('',#27,#28,#29);
#27 = CARTESIAN_POINT('',(0.,0.,0.));
#28 = DIRECTION('',(0.,0.,1.));
#29 = DIRECTION('',(1.,0.,-0.));
#30 = PCURVE('',#31,#36);
#31 = PLANE('',#32);
#32 = AXIS2_PLACEMENT_3D('',#33,#34,#35);
#33 = CARTESIAN_POINT('',(0.,0.,0.));
#34 = DIRECTION('',(0.,0.,1.));
#35 = DIRECTION('',(1.,0.,-0.));
#36 = DEFINITIONAL_REPRESENTATION('',(#37),#41);
#37 = CIRCLE('',#38,28.5);
#38 = AXIS2_PLACEMENT_2D('',#39,#40);
#39 = CARTESIAN_POINT('',(0.,0.));
#40 = DIRECTION('',(1.,-0.));
#41 = ( GEOMETRIC_REPRESENTATION_CONTEXT(2) 
PARAMETRIC_REPRESENTATION_CONTEXT() REPRESENTATION_CONTEXT('2D SPACE',''
  ) );
#42 = PCURVE('',#43,#48);
#43 = CYLINDRICAL_SURFACE('',#44,28.5);
#44 = AXIS2_PLACEMENT_3D('',#45,#46,#47);
#45 = CARTESIAN_POINT('',(0.,0.,0.));
#46 = DIRECTION('',(0.,0.,1.));
#47 = DIRECTION('',(1.,0.,-0.));
#48 = DEFINITIONAL_REPRESENTATION('',(#49),#53);
#49 = LINE('',#50,#51);
#50 = CARTESIAN_POINT('',(0.,0.));
#51 = VECTOR('',#52,1.);
#52 = DIRECTION('',(1.,0.));
#53 = ( GEOMETRIC_REPRESENTATION_CONTEXT(2) 
PARAMETRIC_REPRESENTATION_CONTEXT() REPRESENTATION_CONTEXT('2D SPACE',''
  ) );
#54 = FACE_BOUND('',#55,.T.);
#55 = EDGE_LOOP('',(#56));
#56 = ORIENTED_EDGE('',*,*,#57,.T.);
#57 = EDGE_CURVE('',#58,#58,#60,.T.);
#58 = VERTEX_POINT('',#59);
#59 = CARTESIAN_POINT('',(26.5,0.,0.));
#60 = SURFACE_CURVE('',#61,(#66,#73),.PCURVE_S1.);
#61 = CIRCLE('',#62,26.5);
#62 = AXIS2_PLACEMENT_3D('',#63,#64,#65);
#63 = CARTESIAN_POINT('',(0.,0.,0.));
#64 = DIRECTION('',(0.,0.,1.));
#65 = DIRECTION('',(1.,0.,-0.));
#66 = PCURVE('',#31,#67);
#67 = DEFINITIONAL_REPRESENTATION('',(#68),#72);
#68 = CIRCLE('',#69,26.5);
#69 = AXIS2_PLACEMENT_2D('',#70,#71);
#70 = CARTESIAN_POINT('',(0.,0.));
#71 = DIRECTION('',(1.,-0.));
#72 = ( GEOMETRIC_REPRESENTATION_CONTEXT(2) 
PARAMETRIC_REPRESENTATION_CONTEXT() REPRESENTATION_CONTEXT('2D SPACE',''
  ) );
#73 = PCURVE('',#74,#79);
#74 = CYLINDRICAL_SURFACE('',#75,26.5);
#75 = AXIS2_PLACEMENT_3D('',#76,#77,#78);
#76 = CARTESIAN_POINT('',(0.,0.,-1.));
#77 = DIRECTION('',(0.,0.,1.));
#78 = DIRECTION('',(1.,0.,-0.));
#79 = DEFINITIONAL_REPRESENTATION('',(#80),#84);
#80 = LINE('',#81,#82);
#81 = CARTESIAN_POINT('',(0.,1.));
#82 = VECTOR('',#83,1.);
#83 = DIRECTION('',(1.,0.));
#84 = ( GEOMETRIC_REPRESENTATION_CONTEXT(2) 
PARAMETRIC_REPRESENTATION_CONTEXT() REPRESENTATION_CONTEXT('2D SPACE',''
  ) );
#85 = ADVANCED_FACE('',(#86,#371,#524,#677,#789,#901,#1013),#43,.T.);
#86 = FACE_BOUND('',#87,.T.);
#87 = EDGE_LOOP('',(#88,#111,#112,#113,#210,#233,#260,#261,#317));
#88 = ORIENTED_EDGE('',*,*,#89,.F.);
#89 = EDGE_CURVE('',#22,#90,#92,.T.);
#90 = VERTEX_POINT('',#91);
#91 = CARTESIAN_POINT('',(28.5,0.,4.9));
#92 = SEAM_CURVE('',#93,(#97,#104),.PCURVE_S1.);
#93 = LINE('',#94,#95);
#94 = CARTESIAN_POINT('',(28.5,0.,0.));
#95 = VECTOR('',#96,1.);
#96 = DIRECTION('',(0.,0.,1.));
#97 = PCURVE('',#43,#98);
#98 = DEFINITIONAL_REPRESENTATION('',(#99),#103);
#99 = LINE('',#100,#101);
#100 = CARTESIAN_POINT('',(0.,0.));
#101 = VECTOR('',#102,1.);
#102 = DIRECTION('',(0.,1.));
#103 = ( GEOMETRIC_REPRESENTATION_CONTEXT(2) 
PARAMETRIC_REPRESENTATION_CONTEXT() REPRESENTATION_CONTEXT('2D SPACE',''
  ) );
#104 = PCURVE('',#43,#105);
#105 = DEFINITIONAL_REPRESENTATION('',(#106),#110);
#106 = LINE('',#107,#108);
#107 = CARTESIAN_POINT('',(6.28318530718,0.));
#108 = VECTOR('',#109,1.);
#109 = DIRECTION('',(0.,1.));
#110 = ( GEOMETRIC_REPRESENTATION_CONTEXT(2) 
PARAMETRIC_REPRESENTATION_CONTEXT() REPRESENTATION_CONTEXT('2D SPACE',''
  ) );
#111 = ORIENTED_EDGE('',*,*,#21,.T.);
#112 = ORIENTED_EDGE('',*,*,#89,.T.);
#113 = ORIENTED_EDGE('',*,*,#114,.F.);
#114 = EDGE_CURVE('',#115,#90,#117,.T.);
#115 = VERTEX_POINT('',#116);
#116 = CARTESIAN_POINT('',(28.5,0.,7.1));
#117 = SURFACE_CURVE('',#118,(#145,#175),.PCURVE_S1.);
#118 = B_SPLINE_CURVE_WITH_KNOTS('',7,(#119,#120,#121,#122,#123,#124,
    #125,#126,#127,#128,#129,#130,#131,#132,#133,#134,#135,#136,#137,
    #138,#139,#140,#141,#142,#143,#144),.UNSPECIFIED.,.F.,.F.,(8,6,6,6,8
    ),(0.,0.271630575768,0.499296162673,0.807330183052,1.),
  .UNSPECIFIED.);
#119 = CARTESIAN_POINT('',(28.5,-2.442490654175E-15,7.1));
#120 = CARTESIAN_POINT('',(28.5,-0.153606933516,7.1));
#121 = CARTESIAN_POINT('',(28.499034099277,-0.304136233443,
    7.074975056274));
#122 = CARTESIAN_POINT('',(28.497172119745,-0.44674581007,7.026729128573
    ));
#123 = CARTESIAN_POINT('',(28.494663501649,-0.577223925869,
    6.958163011241));
#124 = CARTESIAN_POINT('',(28.491882627084,-0.692243221567,
    6.873193626669));
#125 = CARTESIAN_POINT('',(28.489168256197,-0.789692765023,6.7766598551)
  );
#126 = CARTESIAN_POINT('',(28.48471079765,-0.935784326243,6.588319749247
    ));
#127 = CARTESIAN_POINT('',(28.482846543925,-0.990921629387,
    6.496796842776));
#128 = CARTESIAN_POINT('',(28.481258692196,-1.034739358373,
    6.401166015175));
#129 = CARTESIAN_POINT('',(28.480022176524,-1.067424424416,
    6.302672170461));
#130 = CARTESIAN_POINT('',(28.479183389412,-1.089143417074,
    6.202363145999));
#131 = CARTESIAN_POINT('',(28.478764018124,-1.1,6.101173916913));
#132 = CARTESIAN_POINT('',(28.478764018124,-1.1,5.863110587736));
#133 = CARTESIAN_POINT('',(28.479531621857,-1.080125961451,
    5.726053840331));
#134 = CARTESIAN_POINT('',(28.481070565187,-1.040287919072,
    5.591083663103));
#135 = CARTESIAN_POINT('',(28.483307036724,-0.980108081628,
    5.460672281444));
#136 = CARTESIAN_POINT('',(28.486082597557,-0.89915311707,5.337791395417
    ));
#137 = CARTESIAN_POINT('',(28.489116464284,-0.797091168528,
    5.226155386186));
#138 = CARTESIAN_POINT('',(28.493843346984,-0.597330110811,5.07120482661
    ));
#139 = CARTESIAN_POINT('',(28.495624025747,-0.511841478655,
    5.017595713628));
#140 = CARTESIAN_POINT('',(28.497248544719,-0.418620143517,
    4.972161731512));
#141 = CARTESIAN_POINT('',(28.498585536188,-0.319029762672,
    4.936639651064));
#142 = CARTESIAN_POINT('',(28.499524774541,-0.214771592986,
    4.912315850982));
#143 = CARTESIAN_POINT('',(28.5,-0.107758392454,4.9));
#144 = CARTESIAN_POINT('',(28.5,-1.554312234475E-15,4.9));
#145 = PCURVE('',#43,#146);
#146 = DEFINITIONAL_REPRESENTATION('',(#147),#174);
#147 = B_SPLINE_CURVE_WITH_KNOTS('',7,(#148,#149,#150,#151,#152,#153,
    #154,#155,#156,#157,#158,#159,#160,#161,#162,#163,#164,#165,#166,
    #167,#168,#169,#170,#171,#172,#173),.UNSPECIFIED.,.F.,.F.,(8,6,6,6,8
    ),(0.,0.271630575768,0.499296162673,0.807330183052,1.),
  .UNSPECIFIED.);
#148 = CARTESIAN_POINT('',(6.28318530718,7.1));
#149 = CARTESIAN_POINT('',(6.277795590214,7.1));
#150 = CARTESIAN_POINT('',(6.272513859955,7.074975056274));
#151 = CARTESIAN_POINT('',(6.267509761868,7.026729128573));
#152 = CARTESIAN_POINT('',(6.26293085411,6.958163011241));
#153 = CARTESIAN_POINT('',(6.258893953375,6.873193626669));
#154 = CARTESIAN_POINT('',(6.255473357414,6.7766598551));
#155 = CARTESIAN_POINT('',(6.250344952254,6.588319749247));
#156 = CARTESIAN_POINT('',(6.248409214998,6.496796842776));
#157 = CARTESIAN_POINT('',(6.246870746098,6.401166015175));
#158 = CARTESIAN_POINT('',(6.245723081501,6.302672170461));
#159 = CARTESIAN_POINT('',(6.244960443589,6.202363145999));
#160 = CARTESIAN_POINT('',(6.244579226726,6.101173916913));
#161 = CARTESIAN_POINT('',(6.244579226726,5.863110587736));
#162 = CARTESIAN_POINT('',(6.245277081445,5.726053840331));
#163 = CARTESIAN_POINT('',(6.246675949607,5.591083663103));
#164 = CARTESIAN_POINT('',(6.24878897935,5.460672281444));
#165 = CARTESIAN_POINT('',(6.251631145098,5.337791395417));
#166 = CARTESIAN_POINT('',(6.255213782051,5.226155386186));
#167 = CARTESIAN_POINT('',(6.26222490399,5.07120482661));
#168 = CARTESIAN_POINT('',(6.265225143852,5.017595713628));
#169 = CARTESIAN_POINT('',(6.268496532693,4.972161731512));
#170 = CARTESIAN_POINT('',(6.271991192537,4.936639651064));
#171 = CARTESIAN_POINT('',(6.275649461693,4.912315850982));
#172 = CARTESIAN_POINT('',(6.279404310953,4.9));
#173 = CARTESIAN_POINT('',(6.28318530718,4.9));
#174 = ( GEOMETRIC_REPRESENTATION_CONTEXT(2) 
PARAMETRIC_REPRESENTATION_CONTEXT() REPRESENTATION_CONTEXT('2D SPACE',''
  ) );
#175 = PCURVE('',#176,#181);
#176 = CYLINDRICAL_SURFACE('',#177,1.1);
#177 = AXIS2_PLACEMENT_3D('',#178,#179,#180);
#178 = CARTESIAN_POINT('',(25.8,0.,6.));
#179 = DIRECTION('',(-1.,-0.,-0.));
#180 = DIRECTION('',(0.,1.,0.));
#181 = DEFINITIONAL_REPRESENTATION('',(#182),#209);
#182 = B_SPLINE_CURVE_WITH_KNOTS('',7,(#183,#184,#185,#186,#187,#188,
    #189,#190,#191,#192,#193,#194,#195,#196,#197,#198,#199,#200,#201,
    #202,#203,#204,#205,#206,#207,#208),.UNSPECIFIED.,.F.,.F.,(8,6,6,6,8
    ),(0.,0.271630575768,0.499296162673,0.807330183052,1.),
  .UNSPECIFIED.);
#183 = CARTESIAN_POINT('',(-1.570796326795,-2.7));
#184 = CARTESIAN_POINT('',(-1.710438993628,-2.7));
#185 = CARTESIAN_POINT('',(-1.847283796906,-2.699034099277));
#186 = CARTESIAN_POINT('',(-1.981376436194,-2.697172119745));
#187 = CARTESIAN_POINT('',(-2.112534735829,-2.694663501649));
#188 = CARTESIAN_POINT('',(-2.24033312981,-2.691882627084));
#189 = CARTESIAN_POINT('',(-2.363973276775,-2.689168256197));
#190 = CARTESIAN_POINT('',(-2.580662755886,-2.68471079765));
#191 = CARTESIAN_POINT('',(-2.677128287285,-2.682846543925));
#192 = CARTESIAN_POINT('',(-2.771809681043,-2.681258692196));
#193 = CARTESIAN_POINT('',(-2.86516684262,-2.680022176524));
#194 = CARTESIAN_POINT('',(-2.957625499911,-2.679183389412));
#195 = CARTESIAN_POINT('',(-3.049616365487,-2.678764018124));
#196 = CARTESIAN_POINT('',(-3.26603757383,-2.678764018124));
#197 = CARTESIAN_POINT('',(-3.390634119522,-2.679531621857));
#198 = CARTESIAN_POINT('',(-3.516484355176,-2.681070565187));
#199 = CARTESIAN_POINT('',(-3.644513766248,-2.683307036724));
#200 = CARTESIAN_POINT('',(-3.775746694317,-2.686082597557));
#201 = CARTESIAN_POINT('',(-3.911262923227,-2.689116464284));
#202 = CARTESIAN_POINT('',(-4.141092461375,-2.693843346984));
#203 = CARTESIAN_POINT('',(-4.232370929516,-2.695624025747));
#204 = CARTESIAN_POINT('',(-4.325780002967,-2.697248544719));
#205 = CARTESIAN_POINT('',(-4.420825557365,-2.698585536188));
#206 = CARTESIAN_POINT('',(-4.517142374995,-2.699524774541));
#207 = CARTESIAN_POINT('',(-4.614426805426,-2.7));
#208 = CARTESIAN_POINT('',(-4.712388980385,-2.7));
#209 = ( GEOMETRIC_REPRESENTATION_CONTEXT(2) 
PARAMETRIC_REPRESENTATION_CONTEXT() REPRESENTATION_CONTEXT('2D SPACE',''
  ) );
#210 = ORIENTED_EDGE('',*,*,#211,.T.);
#211 = EDGE_CURVE('',#115,#212,#214,.T.);
#212 = VERTEX_POINT('',#213);
#213 = CARTESIAN_POINT('',(28.5,0.,170.));
#214 = SEAM_CURVE('',#215,(#219,#226),.PCURVE_S1.);
#215 = LINE('',#216,#217);
#216 = CARTESIAN_POINT('',(28.5,0.,0.));
#217 = VECTOR('',#218,1.);
#218 = DIRECTION('',(0.,0.,1.));
#219 = PCURVE('',#43,#220);
#220 = DEFINITIONAL_REPRESENTATION('',(#221),#225);
#221 = LINE('',#222,#223);
#222 = CARTESIAN_POINT('',(0.,0.));
#223 = VECTOR('',#224,1.);
#224 = DIRECTION('',(0.,1.));
#225 = ( GEOMETRIC_REPRESENTATION_CONTEXT(2) 
PARAMETRIC_REPRESENTATION_CONTEXT() REPRESENTATION_CONTEXT('2D SPACE',''
  ) );
#226 = PCURVE('',#43,#227);
#227 = DEFINITIONAL_REPRESENTATION('',(#228),#232);
#228 = LINE('',#229,#230);
#229 = CARTESIAN_POINT('',(6.28318530718,0.));
#230 = VECTOR('',#231,1.);
#231 = DIRECTION('',(0.,1.));
#232 = ( GEOMETRIC_REPRESENTATION_CONTEXT(2) 
PARAMETRIC_REPRESENTATION_CONTEXT() REPRESENTATION_CONTEXT('2D SPACE',''
  ) );
#233 = ORIENTED_EDGE('',*,*,#234,.F.);
#234 = EDGE_CURVE('',#212,#212,#235,.T.);
#235 = SURFACE_CURVE('',#236,(#241,#248),.PCURVE_S1.);
#236 = CIRCLE('',#237,28.5);
#237 = AXIS2_PLACEMENT_3D('',#238,#239,#240);
#238 = CARTESIAN_POINT('',(0.,0.,170.));
#239 = DIRECTION('',(0.,0.,1.));
#240 = DIRECTION('',(1.,0.,-0.));
#241 = PCURVE('',#43,#242);
#242 = DEFINITIONAL_REPRESENTATION('',(#243),#247);
#243 = LINE('',#244,#245);
#244 = CARTESIAN_POINT('',(0.,170.));
#245 = VECTOR('',#246,1.);
#246 = DIRECTION('',(1.,0.));
#247 = ( GEOMETRIC_REPRESENTATION_CONTEXT(2) 
PARAMETRIC_REPRESENTATION_CONTEXT() REPRESENTATION_CONTEXT('2D SPACE',''
  ) );
#248 = PCURVE('',#249,#254);
#249 = CONICAL_SURFACE('',#250,28.5,2.392068344802E-02);
#250 = AXIS2_PLACEMENT_3D('',#251,#252,#253);
#251 = CARTESIAN_POINT('',(0.,0.,170.));
#252 = DIRECTION('',(-0.,-0.,-1.));
#253 = DIRECTION('',(1.,0.,-0.));
#254 = DEFINITIONAL_REPRESENTATION('',(#255),#259);
#255 = LINE('',#256,#257);
#256 = CARTESIAN_POINT('',(-0.,-0.));
#257 = VECTOR('',#258,1.);
#258 = DIRECTION('',(-1.,-0.));
#259 = ( GEOMETRIC_REPRESENTATION_CONTEXT(2) 
PARAMETRIC_REPRESENTATION_CONTEXT() REPRESENTATION_CONTEXT('2D SPACE',''
  ) );
#260 = ORIENTED_EDGE('',*,*,#211,.F.);
#261 = ORIENTED_EDGE('',*,*,#262,.F.);
#262 = EDGE_CURVE('',#263,#115,#265,.T.);
#263 = VERTEX_POINT('',#264);
#264 = CARTESIAN_POINT('',(28.478764018124,1.1,6.));
#265 = SURFACE_CURVE('',#266,(#281,#299),.PCURVE_S1.);
#266 = B_SPLINE_CURVE_WITH_KNOTS('',7,(#267,#268,#269,#270,#271,#272,
    #273,#274,#275,#276,#277,#278,#279,#280),.UNSPECIFIED.,.F.,.F.,(8,6,
    8),(0.,0.615268569137,1.),.UNSPECIFIED.);
#267 = CARTESIAN_POINT('',(28.478764018124,1.1,6.));
#268 = CARTESIAN_POINT('',(28.478764018124,1.1,6.136889412264));
#269 = CARTESIAN_POINT('',(28.479531621857,1.080125961451,6.273946159668
    ));
#270 = CARTESIAN_POINT('',(28.481070565187,1.040287919072,6.408916336897
    ));
#271 = CARTESIAN_POINT('',(28.483307036724,0.980108081628,6.539327718556
    ));
#272 = CARTESIAN_POINT('',(28.486082597557,0.89915311707,6.662208604583)
  );
#273 = CARTESIAN_POINT('',(28.489116464284,0.797091168528,6.773844613814
    ));
#274 = CARTESIAN_POINT('',(28.493842835837,0.597351712176,6.928778417654
    ));
#275 = CARTESIAN_POINT('',(28.495623730764,0.511859303633,6.982397610648
    ));
#276 = CARTESIAN_POINT('',(28.497248800368,0.418616222128,7.027845963585
    ));
#277 = CARTESIAN_POINT('',(28.498586079609,0.318998805099,7.06337437726)
  );
#278 = CARTESIAN_POINT('',(28.49952512956,0.21472338761,7.087693613918)
  );
#279 = CARTESIAN_POINT('',(28.5,0.107717083678,7.1));
#280 = CARTESIAN_POINT('',(28.5,1.145385196553E-15,7.1));
#281 = PCURVE('',#43,#282);
#282 = DEFINITIONAL_REPRESENTATION('',(#283),#298);
#283 = B_SPLINE_CURVE_WITH_KNOTS('',7,(#284,#285,#286,#287,#288,#289,
    #290,#291,#292,#293,#294,#295,#296,#297),.UNSPECIFIED.,.F.,.F.,(8,6,
    8),(0.,0.615268569137,1.),.UNSPECIFIED.);
#284 = CARTESIAN_POINT('',(3.86060804533E-02,6.));
#285 = CARTESIAN_POINT('',(3.86060804533E-02,6.136889412264));
#286 = CARTESIAN_POINT('',(3.790822573492E-02,6.273946159668));
#287 = CARTESIAN_POINT('',(3.650935757282E-02,6.408916336897));
#288 = CARTESIAN_POINT('',(3.439632783004E-02,6.539327718556));
#289 = CARTESIAN_POINT('',(3.155416208181E-02,6.662208604583));
#290 = CARTESIAN_POINT('',(2.797152512874E-02,6.773844613814));
#291 = CARTESIAN_POINT('',(2.096116134478E-02,6.928778417654));
#292 = CARTESIAN_POINT('',(1.796078881926E-02,6.982397610648));
#293 = CARTESIAN_POINT('',(1.468863677122E-02,7.027845963585));
#294 = CARTESIAN_POINT('',(1.119302829831E-02,7.06337437726));
#295 = CARTESIAN_POINT('',(7.534154068728E-03,7.087693613918));
#296 = CARTESIAN_POINT('',(3.779546795723E-03,7.1));
#297 = CARTESIAN_POINT('',(0.,7.1));
#298 = ( GEOMETRIC_REPRESENTATION_CONTEXT(2) 
PARAMETRIC_REPRESENTATION_CONTEXT() REPRESENTATION_CONTEXT('2D SPACE',''
  ) );
#299 = PCURVE('',#176,#300);
#300 = DEFINITIONAL_REPRESENTATION('',(#301),#316);
#301 = B_SPLINE_CURVE_WITH_KNOTS('',7,(#302,#303,#304,#305,#306,#307,
    #308,#309,#310,#311,#312,#313,#314,#315),.UNSPECIFIED.,.F.,.F.,(8,6,
    8),(0.,0.615268569137,1.),.UNSPECIFIED.);
#302 = CARTESIAN_POINT('',(0.,-2.678764018124));
#303 = CARTESIAN_POINT('',(-0.12444492024,-2.678764018124));
#304 = CARTESIAN_POINT('',(-0.249041465932,-2.679531621857));
#305 = CARTESIAN_POINT('',(-0.374891701586,-2.681070565187));
#306 = CARTESIAN_POINT('',(-0.502921112658,-2.683307036724));
#307 = CARTESIAN_POINT('',(-0.634154040727,-2.686082597557));
#308 = CARTESIAN_POINT('',(-0.769670269637,-2.689116464284));
#309 = CARTESIAN_POINT('',(-0.999474954935,-2.693842835837));
#310 = CARTESIAN_POINT('',(-1.09076173057,-2.695623730764));
#311 = CARTESIAN_POINT('',(-1.184193526101,-2.697248800368));
#312 = CARTESIAN_POINT('',(-1.279262809573,-2.698586079609));
#313 = CARTESIAN_POINT('',(-1.375593526599,-2.69952512956));
#314 = CARTESIAN_POINT('',(-1.472871705269,-2.7));
#315 = CARTESIAN_POINT('',(-1.570796326795,-2.7));
#316 = ( GEOMETRIC_REPRESENTATION_CONTEXT(2) 
PARAMETRIC_REPRESENTATION_CONTEXT() REPRESENTATION_CONTEXT('2D SPACE',''
  ) );
#317 = ORIENTED_EDGE('',*,*,#318,.F.);
#318 = EDGE_CURVE('',#90,#263,#319,.T.);
#319 = SURFACE_CURVE('',#320,(#335,#353),.PCURVE_S1.);
#320 = B_SPLINE_CURVE_WITH_KNOTS('',7,(#321,#322,#323,#324,#325,#326,
    #327,#328,#329,#330,#331,#332,#333,#334),.UNSPECIFIED.,.F.,.F.,(8,6,
    8),(0.,0.463429805913,1.),.UNSPECIFIED.);
#321 = CARTESIAN_POINT('',(28.5,1.852959162411E-15,4.9));
#322 = CARTESIAN_POINT('',(28.5,0.130249406192,4.9));
#323 = CARTESIAN_POINT('',(28.499305878055,0.258857910183,4.917993549625
    ));
#324 = CARTESIAN_POINT('',(28.497947238751,0.382589717771,4.953161968758
    ));
#325 = CARTESIAN_POINT('',(28.496062701808,0.498480972929,5.003883631653
    ));
#326 = CARTESIAN_POINT('',(28.493863507074,0.604027957286,5.067782673035
    ));
#327 = CARTESIAN_POINT('',(28.491578998589,0.697420051608,5.141785132998
    ));
#328 = CARTESIAN_POINT('',(28.486842551263,0.870903514845,5.315268596235
    ));
#329 = CARTESIAN_POINT('',(28.484383124404,0.94797880021,5.418337304711)
  );
#330 = CARTESIAN_POINT('',(28.482222806589,1.009143598465,5.528461287745
    ));
#331 = CARTESIAN_POINT('',(28.480514195744,1.054689284077,5.643407561457
    ));
#332 = CARTESIAN_POINT('',(28.479347047058,1.084905261347,5.761345553508
    ));
#333 = CARTESIAN_POINT('',(28.478764018124,1.1,5.880700708478));
#334 = CARTESIAN_POINT('',(28.478764018124,1.1,6.));
#335 = PCURVE('',#43,#336);
#336 = DEFINITIONAL_REPRESENTATION('',(#337),#352);
#337 = B_SPLINE_CURVE_WITH_KNOTS('',7,(#338,#339,#340,#341,#342,#343,
    #344,#345,#346,#347,#348,#349,#350,#351),.UNSPECIFIED.,.F.,.F.,(8,6,
    8),(0.,0.463429805913,1.),.UNSPECIFIED.);
#338 = CARTESIAN_POINT('',(0.,4.9));
#339 = CARTESIAN_POINT('',(4.570154603235E-03,4.9));
#340 = CARTESIAN_POINT('',(9.082733669493E-03,4.917993549625));
#341 = CARTESIAN_POINT('',(1.342435624123E-02,4.953161968758));
#342 = CARTESIAN_POINT('',(1.749116789387E-02,5.003883631653));
#343 = CARTESIAN_POINT('',(2.119533437098E-02,5.067782673035));
#344 = CARTESIAN_POINT('',(2.447321699352E-02,5.141785132998));
#345 = CARTESIAN_POINT('',(3.056262430792E-02,5.315268596235));
#346 = CARTESIAN_POINT('',(3.326836806906E-02,5.418337304711));
#347 = CARTESIAN_POINT('',(3.541582775693E-02,5.528461287745));
#348 = CARTESIAN_POINT('',(3.701504525469E-02,5.643407561457));
#349 = CARTESIAN_POINT('',(3.807604555864E-02,5.761345553508));
#350 = CARTESIAN_POINT('',(3.86060804533E-02,5.880700708478));
#351 = CARTESIAN_POINT('',(3.86060804533E-02,6.));
#352 = ( GEOMETRIC_REPRESENTATION_CONTEXT(2) 
PARAMETRIC_REPRESENTATION_CONTEXT() REPRESENTATION_CONTEXT('2D SPACE',''
  ) );
#353 = PCURVE('',#176,#354);
#354 = DEFINITIONAL_REPRESENTATION('',(#355),#370);
#355 = B_SPLINE_CURVE_WITH_KNOTS('',7,(#356,#357,#358,#359,#360,#361,
    #362,#363,#364,#365,#366,#367,#368,#369),.UNSPECIFIED.,.F.,.F.,(8,6,
    8),(0.,0.463429805913,1.),.UNSPECIFIED.);
#356 = CARTESIAN_POINT('',(-4.712388980385,-2.7));
#357 = CARTESIAN_POINT('',(-4.830797531469,-2.7));
#358 = CARTESIAN_POINT('',(-4.947713650658,-2.699305878055));
#359 = CARTESIAN_POINT('',(-5.062911404275,-2.697947238751));
#360 = CARTESIAN_POINT('',(-5.176089675659,-2.696062701808));
#361 = CARTESIAN_POINT('',(-5.286819787149,-2.693863507074));
#362 = CARTESIAN_POINT('',(-5.39442432165,-2.691578998589));
#363 = CARTESIAN_POINT('',(-5.61746310943,-2.686842551263));
#364 = CARTESIAN_POINT('',(-5.733264205541,-2.684383124404));
#365 = CARTESIAN_POINT('',(-5.846171425296,-2.682222806589));
#366 = CARTESIAN_POINT('',(-5.956926243228,-2.680514195744));
#367 = CARTESIAN_POINT('',(-6.066226871169,-2.679347047058));
#368 = CARTESIAN_POINT('',(-6.174731405796,-2.678764018124));
#369 = CARTESIAN_POINT('',(-6.28318530718,-2.678764018124));
#370 = ( GEOMETRIC_REPRESENTATION_CONTEXT(2) 
PARAMETRIC_REPRESENTATION_CONTEXT() REPRESENTATION_CONTEXT('2D SPACE',''
  ) );
#371 = FACE_BOUND('',#372,.T.);
#372 = EDGE_LOOP('',(#373));
#373 = ORIENTED_EDGE('',*,*,#374,.F.);
#374 = EDGE_CURVE('',#375,#375,#377,.T.);
#375 = VERTEX_POINT('',#376);
#376 = CARTESIAN_POINT('',(-15.19200995322,24.113333108078,6.));
#377 = SURFACE_CURVE('',#378,(#423,#471),.PCURVE_S1.);
#378 = B_SPLINE_CURVE_WITH_KNOTS('',7,(#379,#380,#381,#382,#383,#384,
    #385,#386,#387,#388,#389,#390,#391,#392,#393,#394,#395,#396,#397,
    #398,#399,#400,#401,#402,#403,#404,#405,#406,#407,#408,#409,#410,
    #411,#412,#413,#414,#415,#416,#417,#418,#419,#420,#421,#422),
  .UNSPECIFIED.,.T.,.F.,(8,6,6,6,6,6,6,8),(0.,0.15021706447,
    0.287149101738,0.424682636067,0.587474276876,0.714052599527,
    0.840797331747,1.),.UNSPECIFIED.);
#379 = CARTESIAN_POINT('',(-15.19200995322,24.113333108078,6.));
#380 = CARTESIAN_POINT('',(-15.19200995322,24.113333108078,
    6.132542835365));
#381 = CARTESIAN_POINT('',(-15.17623396768,24.123272346804,
    6.265214508996));
#382 = CARTESIAN_POINT('',(-15.14462517447,24.143186848113,
    6.395979206285));
#383 = CARTESIAN_POINT('',(-15.09686583201,24.173185190918,
    6.522618549026));
#384 = CARTESIAN_POINT('',(-15.03254113104,24.213346974995,6.64248490508
    ));
#385 = CARTESIAN_POINT('',(-14.95124084315,24.263628547083,
    6.752284574612));
#386 = CARTESIAN_POINT('',(-14.76328435333,24.378401593127,
    6.934418104778));
#387 = CARTESIAN_POINT('',(-14.65755770223,24.442432897631,
    7.011095696981));
#388 = CARTESIAN_POINT('',(-14.53778131609,24.51417882647,7.070173503463
    ));
#389 = CARTESIAN_POINT('',(-14.40799907886,24.590815763553,
    7.106549101564));
#390 = CARTESIAN_POINT('',(-14.27343437254,24.668993696842,7.11754370761
    ));
#391 = CARTESIAN_POINT('',(-14.13983362232,24.745434122256,
    7.103004146311));
#392 = CARTESIAN_POINT('',(-13.88447596865,24.889614707802,
    7.027713807815));
#393 = CARTESIAN_POINT('',(-13.76602915329,24.95547729151,6.967719964493
    ));
#394 = CARTESIAN_POINT('',(-13.65966904781,25.01378448154,6.889490355823
    ));
#395 = CARTESIAN_POINT('',(-13.56709712957,25.063942816022,6.79680916622
    ));
#396 = CARTESIAN_POINT('',(-13.48936937814,25.10569041012,6.693356207946
    ));
#397 = CARTESIAN_POINT('',(-13.42688868457,25.139044527492,
    6.582718192736));
#398 = CARTESIAN_POINT('',(-13.3230676568,25.194243995389,6.33299379558)
  );
#399 = CARTESIAN_POINT('',(-13.28637451326,25.213564633405,
    6.189185677557));
#400 = CARTESIAN_POINT('',(-13.26997190074,25.222145776744,
    6.040842719596));
#401 = CARTESIAN_POINT('',(-13.27398893959,25.220043693848,
    5.891553138943));
#402 = CARTESIAN_POINT('',(-13.29825339199,25.207323875923,
    5.744551384384));
#403 = CARTESIAN_POINT('',(-13.34258850376,25.183936718565,
    5.602876409867));
#404 = CARTESIAN_POINT('',(-13.45717684661,25.122850509865,
    5.366808338916));
#405 = CARTESIAN_POINT('',(-13.52014540848,25.089132742171,
    5.267519286553));
#406 = CARTESIAN_POINT('',(-13.59608225725,25.048213332554,
    5.175146686584));
#407 = CARTESIAN_POINT('',(-13.68452666092,25.000142125528,5.09266496703
    ));
#408 = CARTESIAN_POINT('',(-13.78450090748,24.945200642348,
    5.023057356361));
#409 = CARTESIAN_POINT('',(-13.89450444374,24.883952408707,
    4.969329369573));
#410 = CARTESIAN_POINT('',(-14.13051980892,24.750692907534,
    4.899741963522));
#411 = CARTESIAN_POINT('',(-14.25424784557,24.679968667031,
    4.884612495591));
#412 = CARTESIAN_POINT('',(-14.37931520052,24.6074663002,4.891413569694)
  );
#413 = CARTESIAN_POINT('',(-14.50097703665,24.535875644794,
    4.920260886559));
#414 = CARTESIAN_POINT('',(-14.61482177337,24.467974061379,
    4.969232925985));
#415 = CARTESIAN_POINT('',(-14.71728942499,24.406192599343,
    5.034438376886));
#416 = CARTESIAN_POINT('',(-14.91804457615,24.284131797675,
    5.205095560179));
#417 = CARTESIAN_POINT('',(-15.01063619664,24.227015486161,
    5.318358379554));
#418 = CARTESIAN_POINT('',(-15.08387465343,24.181343568376,
    5.444134853586));
#419 = CARTESIAN_POINT('',(-15.13820023021,24.147234837713,
    5.578254397481));
#420 = CARTESIAN_POINT('',(-15.17410677284,24.124612506455,
    5.717392570494));
#421 = CARTESIAN_POINT('',(-15.19200995322,24.113333108078,
    5.858803499267));
#422 = CARTESIAN_POINT('',(-15.19200995322,24.113333108078,6.));
#423 = PCURVE('',#43,#424);
#424 = DEFINITIONAL_REPRESENTATION('',(#425),#470);
#425 = B_SPLINE_CURVE_WITH_KNOTS('',7,(#426,#427,#428,#429,#430,#431,
    #432,#433,#434,#435,#436,#437,#438,#439,#440,#441,#442,#443,#444,
    #445,#446,#447,#448,#449,#450,#451,#452,#453,#454,#455,#456,#457,
    #458,#459,#460,#461,#462,#463,#464,#465,#466,#467,#468,#469),
  .UNSPECIFIED.,.T.,.F.,(8,6,6,6,6,6,6,8),(0.,0.15021706447,
    0.287149101738,0.424682636067,0.587474276876,0.714052599527,
    0.840797331747,1.),.UNSPECIFIED.);
#426 = CARTESIAN_POINT('',(2.133001182846,6.));
#427 = CARTESIAN_POINT('',(2.133001182846,6.132542835365));
#428 = CARTESIAN_POINT('',(2.132346940115,6.265214508996));
#429 = CARTESIAN_POINT('',(2.131036094423,6.395979206285));
#430 = CARTESIAN_POINT('',(2.129057180747,6.522618549026));
#431 = CARTESIAN_POINT('',(2.126396398508,6.64248490508));
#432 = CARTESIAN_POINT('',(2.123042321296,6.752284574612));
#433 = CARTESIAN_POINT('',(2.115315013317,6.934418104778));
#434 = CARTESIAN_POINT('',(2.110978034585,7.011095696981));
#435 = CARTESIAN_POINT('',(2.106079163815,7.070173503463));
#436 = CARTESIAN_POINT('',(2.100790945578,7.106549101564));
#437 = CARTESIAN_POINT('',(2.095330581692,7.11754370761));
#438 = CARTESIAN_POINT('',(2.089929860292,7.103004146311));
#439 = CARTESIAN_POINT('',(2.079640386007,7.027713807815));
#440 = CARTESIAN_POINT('',(2.074885159049,6.967719964493));
#441 = CARTESIAN_POINT('',(2.070629344198,6.889490355823));
#442 = CARTESIAN_POINT('',(2.066935101129,6.79680916622));
#443 = CARTESIAN_POINT('',(2.063839342277,6.693356207946));
#444 = CARTESIAN_POINT('',(2.061354219893,6.582718192736));
#445 = CARTESIAN_POINT('',(2.057228496838,6.33299379558));
#446 = CARTESIAN_POINT('',(2.055773457704,6.189185677557));
#447 = CARTESIAN_POINT('',(2.055123921453,6.040842719596));
#448 = CARTESIAN_POINT('',(2.055283002641,5.891553138943));
#449 = CARTESIAN_POINT('',(2.056244280794,5.744551384384));
#450 = CARTESIAN_POINT('',(2.058003051987,5.602876409867));
#451 = CARTESIAN_POINT('',(2.06255932619,5.366808338916));
#452 = CARTESIAN_POINT('',(2.065065558765,5.267519286553));
#453 = CARTESIAN_POINT('',(2.068092214552,5.175146686584));
#454 = CARTESIAN_POINT('',(2.07162423579,5.09266496703));
#455 = CARTESIAN_POINT('',(2.075626829658,5.023057356361));
#456 = CARTESIAN_POINT('',(2.080044477035,4.969329369573));
#457 = CARTESIAN_POINT('',(2.089554566103,4.899741963522));
#458 = CARTESIAN_POINT('',(2.094555025583,4.884612495591));
#459 = CARTESIAN_POINT('',(2.099627254529,4.891413569694));
#460 = CARTESIAN_POINT('',(2.104580144561,4.920260886559));
#461 = CARTESIAN_POINT('',(2.109231167741,4.969232925985));
#462 = CARTESIAN_POINT('',(2.113429449379,5.034438376886));
#463 = CARTESIAN_POINT('',(2.121673306603,5.205095560179));
#464 = CARTESIAN_POINT('',(2.125490455295,5.318358379554));
#465 = CARTESIAN_POINT('',(2.128518918767,5.444134853586));
#466 = CARTESIAN_POINT('',(2.13076964485,5.578254397481));
#467 = CARTESIAN_POINT('',(2.132258724,5.717392570494));
#468 = CARTESIAN_POINT('',(2.133001182846,5.858803499267));
#469 = CARTESIAN_POINT('',(2.133001182846,6.));
#470 = ( GEOMETRIC_REPRESENTATION_CONTEXT(2) 
PARAMETRIC_REPRESENTATION_CONTEXT() REPRESENTATION_CONTEXT('2D SPACE',''
  ) );
#471 = PCURVE('',#472,#477);
#472 = CYLINDRICAL_SURFACE('',#473,1.1);
#473 = AXIS2_PLACEMENT_3D('',#474,#475,#476);
#474 = CARTESIAN_POINT('',(-12.9,22.343455417639,6.));
#475 = DIRECTION('',(0.5,-0.866025403784,-0.));
#476 = DIRECTION('',(-0.866025403784,-0.5,0.));
#477 = DEFINITIONAL_REPRESENTATION('',(#478),#523);
#478 = B_SPLINE_CURVE_WITH_KNOTS('',7,(#479,#480,#481,#482,#483,#484,
    #485,#486,#487,#488,#489,#490,#491,#492,#493,#494,#495,#496,#497,
    #498,#499,#500,#501,#502,#503,#504,#505,#506,#507,#508,#509,#510,
    #511,#512,#513,#514,#515,#516,#517,#518,#519,#520,#521,#522),
  .UNSPECIFIED.,.F.,.F.,(8,6,6,6,6,6,6,8),(0.,0.15021706447,
    0.287149101738,0.424682636067,0.587474276876,0.714052599527,
    0.840797331747,1.),.UNSPECIFIED.);
#479 = CARTESIAN_POINT('',(0.,-2.678764018124));
#480 = CARTESIAN_POINT('',(-0.120493486696,-2.678764018124));
#481 = CARTESIAN_POINT('',(-0.241103725387,-2.679483658587));
#482 = CARTESIAN_POINT('',(-0.362839800944,-2.680925726018));
#483 = CARTESIAN_POINT('',(-0.486560259992,-2.683025381728));
#484 = CARTESIAN_POINT('',(-0.613202568108,-2.685644156515));
#485 = CARTESIAN_POINT('',(-0.743758093882,-2.688539131343));
#486 = CARTESIAN_POINT('',(-1.003516024517,-2.693957259973));
#487 = CARTESIAN_POINT('',(-1.134511362524,-2.696546670761));
#488 = CARTESIAN_POINT('',(-1.269633485973,-2.698792274683));
#489 = CARTESIAN_POINT('',(-1.407214712125,-2.700270690449));
#490 = CARTESIAN_POINT('',(-1.545993263366,-2.700692413536));
#491 = CARTESIAN_POINT('',(-1.684812643077,-2.700091388709));
#492 = CARTESIAN_POINT('',(-1.960037997228,-2.69727661169));
#493 = CARTESIAN_POINT('',(-2.092921932628,-2.695091874661));
#494 = CARTESIAN_POINT('',(-2.221666803032,-2.692407329712));
#495 = CARTESIAN_POINT('',(-2.346751058854,-2.689559762464));
#496 = CARTESIAN_POINT('',(-2.468463022645,-2.686850363784));
#497 = CARTESIAN_POINT('',(-2.586869801796,-2.684495529964));
#498 = CARTESIAN_POINT('',(-2.837770986297,-2.68038915755));
#499 = CARTESIAN_POINT('',(-2.972101911651,-2.678774749123));
#500 = CARTESIAN_POINT('',(-3.105395348576,-2.678004930989));
#501 = CARTESIAN_POINT('',(-3.238307747762,-2.678192993222));
#502 = CARTESIAN_POINT('',(-3.371671798709,-2.679309533969));
#503 = CARTESIAN_POINT('',(-3.506473532952,-2.68122321746));
#504 = CARTESIAN_POINT('',(-3.751373340422,-2.685615180332));
#505 = CARTESIAN_POINT('',(-3.861738499574,-2.687899017882));
#506 = CARTESIAN_POINT('',(-3.975093711512,-2.690430194031));
#507 = CARTESIAN_POINT('',(-4.09144645914,-2.693021509392));
#508 = CARTESIAN_POINT('',(-4.210958068027,-2.695427912515));
#509 = CARTESIAN_POINT('',(-4.333956034772,-2.697387154377));
#510 = CARTESIAN_POINT('',(-4.588334204103,-2.699988723652));
#511 = CARTESIAN_POINT('',(-4.717242004908,-2.700603753042));
#512 = CARTESIAN_POINT('',(-4.846365119386,-2.700348539006));
#513 = CARTESIAN_POINT('',(-4.974624604709,-2.699180130813));
#514 = CARTESIAN_POINT('',(-5.100887948188,-2.697298002979));
#515 = CARTESIAN_POINT('',(-5.223715294818,-2.695027513183));
#516 = CARTESIAN_POINT('',(-5.487660151035,-2.689697333715));
#517 = CARTESIAN_POINT('',(-5.628161463394,-2.686528967216));
#518 = CARTESIAN_POINT('',(-5.763992130012,-2.683595154571));
#519 = CARTESIAN_POINT('',(-5.896323515014,-2.681218915717));
#520 = CARTESIAN_POINT('',(-6.026270111542,-2.679580673467));
#521 = CARTESIAN_POINT('',(-6.154824851968,-2.678764018124));
#522 = CARTESIAN_POINT('',(-6.28318530718,-2.678764018124));
#523 = ( GEOMETRIC_REPRESENTATION_CONTEXT(2) 
PARAMETRIC_REPRESENTATION_CONTEXT() REPRESENTATION_CONTEXT('2D SPACE',''
  ) );
#524 = FACE_BOUND('',#525,.T.);
#525 = EDGE_LOOP('',(#526));
#526 = ORIENTED_EDGE('',*,*,#527,.F.);
#527 = EDGE_CURVE('',#528,#528,#530,.T.);
#528 = VERTEX_POINT('',#529);
#529 = CARTESIAN_POINT('',(-13.28675406489,-25.21333310807,6.));
#530 = SURFACE_CURVE('',#531,(#576,#624),.PCURVE_S1.);
#531 = B_SPLINE_CURVE_WITH_KNOTS('',7,(#532,#533,#534,#535,#536,#537,
    #538,#539,#540,#541,#542,#543,#544,#545,#546,#547,#548,#549,#550,
    #551,#552,#553,#554,#555,#556,#557,#558,#559,#560,#561,#562,#563,
    #564,#565,#566,#567,#568,#569,#570,#571,#572,#573,#574,#575),
  .UNSPECIFIED.,.T.,.F.,(8,6,6,6,6,6,6,8),(0.,0.150217064511,
    0.287149101817,0.424682636148,0.587474276907,0.714052599537,
    0.840797331753,1.),.UNSPECIFIED.);
#532 = CARTESIAN_POINT('',(-13.28675406489,-25.21333310807,6.));
#533 = CARTESIAN_POINT('',(-13.28675406489,-25.21333310807,
    6.132542835365));
#534 = CARTESIAN_POINT('',(-13.30324969089,-25.20464032319,
    6.265214508997));
#535 = CARTESIAN_POINT('',(-13.33630055154,-25.18722355594,
    6.395979206284));
#536 = CARTESIAN_POINT('',(-13.38615954971,-25.1608619235,6.522618549026
    ));
#537 = CARTESIAN_POINT('',(-13.45310302547,-25.12523599041,6.64248490508
    ));
#538 = CARTESIAN_POINT('',(-13.53729828818,-25.07996866181,
    6.752284574612));
#539 = CARTESIAN_POINT('',(-13.73067290664,-24.97458008984,
    6.934418104778));
#540 = CARTESIAN_POINT('',(-13.83898896852,-24.91503377638,
    7.011095696981));
#541 = CARTESIAN_POINT('',(-13.96101095859,-24.84717734763,
    7.070173503462));
#542 = CARTESIAN_POINT('',(-14.09227161158,-24.77310110177,
    7.106549101564));
#543 = CARTESIAN_POINT('',(-14.22725804099,-24.69565361429,7.11754370761
    ));
#544 = CARTESIAN_POINT('',(-14.36025776638,-24.61817218334,
    7.103004146311));
#545 = CARTESIAN_POINT('',(-14.612800643,-24.469116261,7.027713807825));
#546 = CARTESIAN_POINT('',(-14.72906272136,-24.39946960174,
    6.967719964506));
#547 = CARTESIAN_POINT('',(-14.83273828191,-24.33651264345,
    6.889490355811));
#548 = CARTESIAN_POINT('',(-14.9224626329,-24.28142217782,6.796809166191
    ));
#549 = CARTESIAN_POINT('',(-14.99748098563,-24.23498176757,6.69335620794
    ));
#550 = CARTESIAN_POINT('',(-15.05760684537,-24.19754895838,
    6.582718192773));
#551 = CARTESIAN_POINT('',(-15.15732150075,-24.13523704482,
    6.332993795579));
#552 = CARTESIAN_POINT('',(-15.19240023585,-24.11312016938,
    6.189185677556));
#553 = CARTESIAN_POINT('',(-15.20803303024,-24.10320566192,
    6.040842719596));
#554 = CARTESIAN_POINT('',(-15.20420405362,-24.10563347816,
    5.891553138944));
#555 = CARTESIAN_POINT('',(-15.18105614197,-24.12028720139,
    5.744551384385));
#556 = CARTESIAN_POINT('',(-15.13863471369,-24.14698895578,
    5.602876409868));
#557 = CARTESIAN_POINT('',(-15.0284383337,-24.21568226732,5.3668083389)
  );
#558 = CARTESIAN_POINT('',(-14.96775360939,-24.25335575769,
    5.267519286556));
#559 = CARTESIAN_POINT('',(-14.89434793678,-24.29865929299,
    5.175146686596));
#560 = CARTESIAN_POINT('',(-14.80849484847,-24.35121878988,
    5.092664967035));
#561 = CARTESIAN_POINT('',(-14.71092700503,-24.41032828554,
    5.023057356355));
#562 = CARTESIAN_POINT('',(-14.60288271061,-24.47497002564,
    4.969329369569));
#563 = CARTESIAN_POINT('',(-14.36946891473,-24.61273557697,
    4.899741963522));
#564 = CARTESIAN_POINT('',(-14.24635590746,-24.68452507962,
    4.884612495591));
#565 = CARTESIAN_POINT('',(-14.12103333847,-24.75658540278,
    4.891413569694));
#566 = CARTESIAN_POINT('',(-13.99820309416,-24.82615231583,
    4.920260886558));
#567 = CARTESIAN_POINT('',(-13.8824762296,-24.89079395821,4.969232925985
    ));
#568 = CARTESIAN_POINT('',(-13.77773808819,-24.94864281656,
    5.034438376886));
#569 = CARTESIAN_POINT('',(-13.57165275755,-25.06147147657,
    5.205095560179));
#570 = CARTESIAN_POINT('',(-13.47589277057,-25.11310001633,
    5.318358379554));
#571 = CARTESIAN_POINT('',(-13.39972050113,-25.15369042156,
    5.444134853586));
#572 = CARTESIAN_POINT('',(-13.34301868549,-25.1836833858,5.57825439748)
  );
#573 = CARTESIAN_POINT('',(-13.30547390062,-25.20346819824,
    5.717392570494));
#574 = CARTESIAN_POINT('',(-13.28675406489,-25.21333310807,
    5.858803499267));
#575 = CARTESIAN_POINT('',(-13.28675406489,-25.21333310807,6.));
#576 = PCURVE('',#43,#577);
#577 = DEFINITIONAL_REPRESENTATION('',(#578),#623);
#578 = B_SPLINE_CURVE_WITH_KNOTS('',7,(#579,#580,#581,#582,#583,#584,
    #585,#586,#587,#588,#589,#590,#591,#592,#593,#594,#595,#596,#597,
    #598,#599,#600,#601,#602,#603,#604,#605,#606,#607,#608,#609,#610,
    #611,#612,#613,#614,#615,#616,#617,#618,#619,#620,#621,#622),
  .UNSPECIFIED.,.T.,.F.,(8,6,6,6,6,6,6,8),(0.,0.150217064511,
    0.287149101817,0.424682636148,0.587474276907,0.714052599537,
    0.840797331753,1.),.UNSPECIFIED.);
#579 = CARTESIAN_POINT('',(4.22739628524,6.));
#580 = CARTESIAN_POINT('',(4.22739628524,6.132542835365));
#581 = CARTESIAN_POINT('',(4.226742042508,6.265214508997));
#582 = CARTESIAN_POINT('',(4.225431196816,6.395979206284));
#583 = CARTESIAN_POINT('',(4.22345228314,6.522618549026));
#584 = CARTESIAN_POINT('',(4.220791500902,6.64248490508));
#585 = CARTESIAN_POINT('',(4.21743742369,6.752284574612));
#586 = CARTESIAN_POINT('',(4.209710115711,6.934418104778));
#587 = CARTESIAN_POINT('',(4.205373136978,7.011095696981));
#588 = CARTESIAN_POINT('',(4.200474266209,7.070173503462));
#589 = CARTESIAN_POINT('',(4.195186047971,7.106549101564));
#590 = CARTESIAN_POINT('',(4.189725684085,7.11754370761));
#591 = CARTESIAN_POINT('',(4.184324962685,7.103004146311));
#592 = CARTESIAN_POINT('',(4.174035488402,7.027713807825));
#593 = CARTESIAN_POINT('',(4.169280261442,6.967719964506));
#594 = CARTESIAN_POINT('',(4.16502444659,6.889490355811));
#595 = CARTESIAN_POINT('',(4.161330203521,6.796809166191));
#596 = CARTESIAN_POINT('',(4.15823444467,6.69335620794));
#597 = CARTESIAN_POINT('',(4.155749322287,6.582718192773));
#598 = CARTESIAN_POINT('',(4.151623599232,6.332993795579));
#599 = CARTESIAN_POINT('',(4.150168560097,6.189185677556));
#600 = CARTESIAN_POINT('',(4.149519023846,6.040842719596));
#601 = CARTESIAN_POINT('',(4.149678105034,5.891553138944));
#602 = CARTESIAN_POINT('',(4.150639383188,5.744551384385));
#603 = CARTESIAN_POINT('',(4.15239815438,5.602876409868));
#604 = CARTESIAN_POINT('',(4.156954428583,5.3668083389));
#605 = CARTESIAN_POINT('',(4.159460661158,5.267519286556));
#606 = CARTESIAN_POINT('',(4.162487316945,5.175146686596));
#607 = CARTESIAN_POINT('',(4.166019338183,5.092664967035));
#608 = CARTESIAN_POINT('',(4.170021932052,5.023057356355));
#609 = CARTESIAN_POINT('',(4.174439579428,4.969329369569));
#610 = CARTESIAN_POINT('',(4.183949668496,4.899741963522));
#611 = CARTESIAN_POINT('',(4.188950127976,4.884612495591));
#612 = CARTESIAN_POINT('',(4.194022356923,4.891413569694));
#613 = CARTESIAN_POINT('',(4.198975246954,4.920260886558));
#614 = CARTESIAN_POINT('',(4.203626270134,4.969232925985));
#615 = CARTESIAN_POINT('',(4.207824551772,5.034438376886));
#616 = CARTESIAN_POINT('',(4.216068408996,5.205095560179));
#617 = CARTESIAN_POINT('',(4.219885557688,5.318358379554));
#618 = CARTESIAN_POINT('',(4.22291402116,5.444134853586));
#619 = CARTESIAN_POINT('',(4.225164747244,5.57825439748));
#620 = CARTESIAN_POINT('',(4.226653826393,5.717392570494));
#621 = CARTESIAN_POINT('',(4.22739628524,5.858803499267));
#622 = CARTESIAN_POINT('',(4.22739628524,6.));
#623 = ( GEOMETRIC_REPRESENTATION_CONTEXT(2) 
PARAMETRIC_REPRESENTATION_CONTEXT() REPRESENTATION_CONTEXT('2D SPACE',''
  ) );
#624 = PCURVE('',#625,#630);
#625 = CYLINDRICAL_SURFACE('',#626,1.1);
#626 = AXIS2_PLACEMENT_3D('',#627,#628,#629);
#627 = CARTESIAN_POINT('',(-12.9,-22.34345541763,6.));
#628 = DIRECTION('',(0.5,0.866025403784,-0.));
#629 = DIRECTION('',(0.866025403784,-0.5,0.));
#630 = DEFINITIONAL_REPRESENTATION('',(#631),#676);
#631 = B_SPLINE_CURVE_WITH_KNOTS('',7,(#632,#633,#634,#635,#636,#637,
    #638,#639,#640,#641,#642,#643,#644,#645,#646,#647,#648,#649,#650,
    #651,#652,#653,#654,#655,#656,#657,#658,#659,#660,#661,#662,#663,
    #664,#665,#666,#667,#668,#669,#670,#671,#672,#673,#674,#675),
  .UNSPECIFIED.,.F.,.F.,(8,6,6,6,6,6,6,8),(0.,0.150217064511,
    0.287149101817,0.424682636148,0.587474276907,0.714052599537,
    0.840797331753,1.),.UNSPECIFIED.);
#632 = CARTESIAN_POINT('',(0.,-2.678764018124));
#633 = CARTESIAN_POINT('',(-0.120493486696,-2.678764018124));
#634 = CARTESIAN_POINT('',(-0.241103725387,-2.679483658587));
#635 = CARTESIAN_POINT('',(-0.362839800944,-2.680925726018));
#636 = CARTESIAN_POINT('',(-0.486560259993,-2.683025381728));
#637 = CARTESIAN_POINT('',(-0.613202568108,-2.685644156515));
#638 = CARTESIAN_POINT('',(-0.743758093882,-2.688539131343));
#639 = CARTESIAN_POINT('',(-1.003516024517,-2.693957259973));
#640 = CARTESIAN_POINT('',(-1.134511362524,-2.696546670761));
#641 = CARTESIAN_POINT('',(-1.269633485973,-2.698792274683));
#642 = CARTESIAN_POINT('',(-1.407214712125,-2.700270690449));
#643 = CARTESIAN_POINT('',(-1.545993263366,-2.700692413536));
#644 = CARTESIAN_POINT('',(-1.684812643077,-2.700091388709));
#645 = CARTESIAN_POINT('',(-1.960037997192,-2.69727661169));
#646 = CARTESIAN_POINT('',(-2.092921932621,-2.695091874661));
#647 = CARTESIAN_POINT('',(-2.221666803058,-2.692407329712));
#648 = CARTESIAN_POINT('',(-2.346751058884,-2.689559762463));
#649 = CARTESIAN_POINT('',(-2.468463022646,-2.686850363784));
#650 = CARTESIAN_POINT('',(-2.586869801758,-2.684495529965));
#651 = CARTESIAN_POINT('',(-2.837770986298,-2.68038915755));
#652 = CARTESIAN_POINT('',(-2.972101911652,-2.678774749122));
#653 = CARTESIAN_POINT('',(-3.105395348577,-2.678004930989));
#654 = CARTESIAN_POINT('',(-3.238307747761,-2.678192993222));
#655 = CARTESIAN_POINT('',(-3.371671798708,-2.679309533969));
#656 = CARTESIAN_POINT('',(-3.50647353295,-2.68122321746));
#657 = CARTESIAN_POINT('',(-3.751373340438,-2.685615180332));
#658 = CARTESIAN_POINT('',(-3.861738499574,-2.687899017882));
#659 = CARTESIAN_POINT('',(-3.975093711499,-2.690430194031));
#660 = CARTESIAN_POINT('',(-4.091446459129,-2.693021509392));
#661 = CARTESIAN_POINT('',(-4.210958068029,-2.695427912515));
#662 = CARTESIAN_POINT('',(-4.333956034788,-2.697387154377));
#663 = CARTESIAN_POINT('',(-4.588334204104,-2.699988723652));
#664 = CARTESIAN_POINT('',(-4.717242004907,-2.700603753042));
#665 = CARTESIAN_POINT('',(-4.846365119388,-2.700348539006));
#666 = CARTESIAN_POINT('',(-4.974624604708,-2.699180130813));
#667 = CARTESIAN_POINT('',(-5.100887948189,-2.697298002979));
#668 = CARTESIAN_POINT('',(-5.223715294818,-2.695027513183));
#669 = CARTESIAN_POINT('',(-5.487660151035,-2.689697333715));
#670 = CARTESIAN_POINT('',(-5.628161463395,-2.686528967216));
#671 = CARTESIAN_POINT('',(-5.763992130011,-2.683595154571));
#672 = CARTESIAN_POINT('',(-5.896323515014,-2.681218915716));
#673 = CARTESIAN_POINT('',(-6.026270111542,-2.679580673467));
#674 = CARTESIAN_POINT('',(-6.154824851968,-2.678764018124));
#675 = CARTESIAN_POINT('',(-6.28318530718,-2.678764018124));
#676 = ( GEOMETRIC_REPRESENTATION_CONTEXT(2) 
PARAMETRIC_REPRESENTATION_CONTEXT() REPRESENTATION_CONTEXT('2D SPACE',''
  ) );
#677 = FACE_BOUND('',#678,.T.);
#678 = EDGE_LOOP('',(#679,#710,#736,#765));
#679 = ORIENTED_EDGE('',*,*,#680,.F.);
#680 = EDGE_CURVE('',#681,#683,#685,.T.);
#681 = VERTEX_POINT('',#682);
#682 = CARTESIAN_POINT('',(22.902359612299,16.962662650332,96.8));
#683 = VERTEX_POINT('',#684);
#684 = CARTESIAN_POINT('',(16.962662650332,22.902359612299,96.8));
#685 = SURFACE_CURVE('',#686,(#691,#698),.PCURVE_S1.);
#686 = CIRCLE('',#687,28.5);
#687 = AXIS2_PLACEMENT_3D('',#688,#689,#690);
#688 = CARTESIAN_POINT('',(0.,0.,96.8));
#689 = DIRECTION('',(0.,0.,1.));
#690 = DIRECTION('',(1.,0.,-0.));
#691 = PCURVE('',#43,#692);
#692 = DEFINITIONAL_REPRESENTATION('',(#693),#697);
#693 = LINE('',#694,#695);
#694 = CARTESIAN_POINT('',(0.,96.8));
#695 = VECTOR('',#696,1.);
#696 = DIRECTION('',(1.,0.));
#697 = ( GEOMETRIC_REPRESENTATION_CONTEXT(2) 
PARAMETRIC_REPRESENTATION_CONTEXT() REPRESENTATION_CONTEXT('2D SPACE',''
  ) );
#698 = PCURVE('',#699,#704);
#699 = PLANE('',#700);
#700 = AXIS2_PLACEMENT_3D('',#701,#702,#703);
#701 = CARTESIAN_POINT('',(2.969848480983,-2.969848480983,96.8));
#702 = DIRECTION('',(0.,0.,1.));
#703 = DIRECTION('',(0.707106781187,0.707106781187,0.));
#704 = DEFINITIONAL_REPRESENTATION('',(#705),#709);
#705 = CIRCLE('',#706,28.5);
#706 = AXIS2_PLACEMENT_2D('',#707,#708);
#707 = CARTESIAN_POINT('',(5.825897977103E-18,4.2));
#708 = DIRECTION('',(0.707106781187,-0.707106781187));
#709 = ( GEOMETRIC_REPRESENTATION_CONTEXT(2) 
PARAMETRIC_REPRESENTATION_CONTEXT() REPRESENTATION_CONTEXT('2D SPACE',''
  ) );
#710 = ORIENTED_EDGE('',*,*,#711,.T.);
#711 = EDGE_CURVE('',#681,#712,#714,.T.);
#712 = VERTEX_POINT('',#713);
#713 = CARTESIAN_POINT('',(22.902359612299,16.962662650332,123.2));
#714 = SURFACE_CURVE('',#715,(#719,#725),.PCURVE_S1.);
#715 = LINE('',#716,#717);
#716 = CARTESIAN_POINT('',(22.902359612299,16.962662650332,0.));
#717 = VECTOR('',#718,1.);
#718 = DIRECTION('',(0.,0.,1.));
#719 = PCURVE('',#43,#720);
#720 = DEFINITIONAL_REPRESENTATION('',(#721),#724);
#721 = B_SPLINE_CURVE_WITH_KNOTS('',1,(#722,#723),.UNSPECIFIED.,.F.,.F.,
  (2,2),(94.16,125.84),.PIECEWISE_BEZIER_KNOTS.);
#722 = CARTESIAN_POINT('',(0.637491049906,94.16));
#723 = CARTESIAN_POINT('',(0.637491049906,125.84));
#724 = ( GEOMETRIC_REPRESENTATION_CONTEXT(2) 
PARAMETRIC_REPRESENTATION_CONTEXT() REPRESENTATION_CONTEXT('2D SPACE',''
  ) );
#725 = PCURVE('',#726,#731);
#726 = PLANE('',#727);
#727 = AXIS2_PLACEMENT_3D('',#728,#729,#730);
#728 = CARTESIAN_POINT('',(2.969848480983,-2.969848480983,96.8));
#729 = DIRECTION('',(-0.707106781187,0.707106781187,0.));
#730 = DIRECTION('',(0.,0.,1.));
#731 = DEFINITIONAL_REPRESENTATION('',(#732),#735);
#732 = B_SPLINE_CURVE_WITH_KNOTS('',1,(#733,#734),.UNSPECIFIED.,.F.,.F.,
  (2,2),(94.16,125.84),.PIECEWISE_BEZIER_KNOTS.);
#733 = CARTESIAN_POINT('',(-2.64,28.188827574058));
#734 = CARTESIAN_POINT('',(29.04,28.188827574058));
#735 = ( GEOMETRIC_REPRESENTATION_CONTEXT(2) 
PARAMETRIC_REPRESENTATION_CONTEXT() REPRESENTATION_CONTEXT('2D SPACE',''
  ) );
#736 = ORIENTED_EDGE('',*,*,#737,.T.);
#737 = EDGE_CURVE('',#712,#738,#740,.T.);
#738 = VERTEX_POINT('',#739);
#739 = CARTESIAN_POINT('',(16.962662650332,22.902359612299,123.2));
#740 = SURFACE_CURVE('',#741,(#746,#753),.PCURVE_S1.);
#741 = CIRCLE('',#742,28.5);
#742 = AXIS2_PLACEMENT_3D('',#743,#744,#745);
#743 = CARTESIAN_POINT('',(0.,0.,123.2));
#744 = DIRECTION('',(0.,0.,1.));
#745 = DIRECTION('',(1.,0.,-0.));
#746 = PCURVE('',#43,#747);
#747 = DEFINITIONAL_REPRESENTATION('',(#748),#752);
#748 = LINE('',#749,#750);
#749 = CARTESIAN_POINT('',(0.,123.2));
#750 = VECTOR('',#751,1.);
#751 = DIRECTION('',(1.,0.));
#752 = ( GEOMETRIC_REPRESENTATION_CONTEXT(2) 
PARAMETRIC_REPRESENTATION_CONTEXT() REPRESENTATION_CONTEXT('2D SPACE',''
  ) );
#753 = PCURVE('',#754,#759);
#754 = PLANE('',#755);
#755 = AXIS2_PLACEMENT_3D('',#756,#757,#758);
#756 = CARTESIAN_POINT('',(2.969848480983,-2.969848480983,123.2));
#757 = DIRECTION('',(0.,0.,1.));
#758 = DIRECTION('',(0.707106781187,0.707106781187,0.));
#759 = DEFINITIONAL_REPRESENTATION('',(#760),#764);
#760 = CIRCLE('',#761,28.5);
#761 = AXIS2_PLACEMENT_2D('',#762,#763);
#762 = CARTESIAN_POINT('',(5.825897977103E-18,4.2));
#763 = DIRECTION('',(0.707106781187,-0.707106781187));
#764 = ( GEOMETRIC_REPRESENTATION_CONTEXT(2) 
PARAMETRIC_REPRESENTATION_CONTEXT() REPRESENTATION_CONTEXT('2D SPACE',''
  ) );
#765 = ORIENTED_EDGE('',*,*,#766,.F.);
#766 = EDGE_CURVE('',#683,#738,#767,.T.);
#767 = SURFACE_CURVE('',#768,(#772,#778),.PCURVE_S1.);
#768 = LINE('',#769,#770);
#769 = CARTESIAN_POINT('',(16.962662650332,22.902359612299,0.));
#770 = VECTOR('',#771,1.);
#771 = DIRECTION('',(0.,0.,1.));
#772 = PCURVE('',#43,#773);
#773 = DEFINITIONAL_REPRESENTATION('',(#774),#777);
#774 = B_SPLINE_CURVE_WITH_KNOTS('',1,(#775,#776),.UNSPECIFIED.,.F.,.F.,
  (2,2),(94.16,125.84),.PIECEWISE_BEZIER_KNOTS.);
#775 = CARTESIAN_POINT('',(0.933305276889,94.16));
#776 = CARTESIAN_POINT('',(0.933305276889,125.84));
#777 = ( GEOMETRIC_REPRESENTATION_CONTEXT(2) 
PARAMETRIC_REPRESENTATION_CONTEXT() REPRESENTATION_CONTEXT('2D SPACE',''
  ) );
#778 = PCURVE('',#779,#784);
#779 = PLANE('',#780);
#780 = AXIS2_PLACEMENT_3D('',#781,#782,#783);
#781 = CARTESIAN_POINT('',(-2.969848480983,2.969848480983,96.8));
#782 = DIRECTION('',(-0.707106781187,0.707106781187,0.));
#783 = DIRECTION('',(0.,0.,1.));
#784 = DEFINITIONAL_REPRESENTATION('',(#785),#788);
#785 = B_SPLINE_CURVE_WITH_KNOTS('',1,(#786,#787),.UNSPECIFIED.,.F.,.F.,
  (2,2),(94.16,125.84),.PIECEWISE_BEZIER_KNOTS.);
#786 = CARTESIAN_POINT('',(-2.64,28.188827574058));
#787 = CARTESIAN_POINT('',(29.04,28.188827574058));
#788 = ( GEOMETRIC_REPRESENTATION_CONTEXT(2) 
PARAMETRIC_REPRESENTATION_CONTEXT() REPRESENTATION_CONTEXT('2D SPACE',''
  ) );
#789 = FACE_BOUND('',#790,.T.);
#790 = EDGE_LOOP('',(#791,#822,#848,#877));
#791 = ORIENTED_EDGE('',*,*,#792,.F.);
#792 = EDGE_CURVE('',#793,#795,#797,.T.);
#793 = VERTEX_POINT('',#794);
#794 = CARTESIAN_POINT('',(-16.96266265033,22.902359612299,96.8));
#795 = VERTEX_POINT('',#796);
#796 = CARTESIAN_POINT('',(-22.90235961229,16.962662650332,96.8));
#797 = SURFACE_CURVE('',#798,(#803,#810),.PCURVE_S1.);
#798 = CIRCLE('',#799,28.5);
#799 = AXIS2_PLACEMENT_3D('',#800,#801,#802);
#800 = CARTESIAN_POINT('',(0.,0.,96.8));
#801 = DIRECTION('',(0.,0.,1.));
#802 = DIRECTION('',(1.,0.,-0.));
#803 = PCURVE('',#43,#804);
#804 = DEFINITIONAL_REPRESENTATION('',(#805),#809);
#805 = LINE('',#806,#807);
#806 = CARTESIAN_POINT('',(0.,96.8));
#807 = VECTOR('',#808,1.);
#808 = DIRECTION('',(1.,0.));
#809 = ( GEOMETRIC_REPRESENTATION_CONTEXT(2) 
PARAMETRIC_REPRESENTATION_CONTEXT() REPRESENTATION_CONTEXT('2D SPACE',''
  ) );
#810 = PCURVE('',#811,#816);
#811 = PLANE('',#812);
#812 = AXIS2_PLACEMENT_3D('',#813,#814,#815);
#813 = CARTESIAN_POINT('',(2.969848480983,2.969848480983,96.8));
#814 = DIRECTION('',(0.,0.,1.));
#815 = DIRECTION('',(-0.707106781187,0.707106781187,0.));
#816 = DEFINITIONAL_REPRESENTATION('',(#817),#821);
#817 = CIRCLE('',#818,28.5);
#818 = AXIS2_PLACEMENT_2D('',#819,#820);
#819 = CARTESIAN_POINT('',(-2.152682256394E-17,4.2));
#820 = DIRECTION('',(-0.707106781187,-0.707106781187));
#821 = ( GEOMETRIC_REPRESENTATION_CONTEXT(2) 
PARAMETRIC_REPRESENTATION_CONTEXT() REPRESENTATION_CONTEXT('2D SPACE',''
  ) );
#822 = ORIENTED_EDGE('',*,*,#823,.T.);
#823 = EDGE_CURVE('',#793,#824,#826,.T.);
#824 = VERTEX_POINT('',#825);
#825 = CARTESIAN_POINT('',(-16.96266265033,22.902359612299,123.2));
#826 = SURFACE_CURVE('',#827,(#831,#837),.PCURVE_S1.);
#827 = LINE('',#828,#829);
#828 = CARTESIAN_POINT('',(-16.96266265033,22.902359612299,0.));
#829 = VECTOR('',#830,1.);
#830 = DIRECTION('',(0.,0.,1.));
#831 = PCURVE('',#43,#832);
#832 = DEFINITIONAL_REPRESENTATION('',(#833),#836);
#833 = B_SPLINE_CURVE_WITH_KNOTS('',1,(#834,#835),.UNSPECIFIED.,.F.,.F.,
  (2,2),(94.16,125.84),.PIECEWISE_BEZIER_KNOTS.);
#834 = CARTESIAN_POINT('',(2.208287376701,94.16));
#835 = CARTESIAN_POINT('',(2.208287376701,125.84));
#836 = ( GEOMETRIC_REPRESENTATION_CONTEXT(2) 
PARAMETRIC_REPRESENTATION_CONTEXT() REPRESENTATION_CONTEXT('2D SPACE',''
  ) );
#837 = PCURVE('',#838,#843);
#838 = PLANE('',#839);
#839 = AXIS2_PLACEMENT_3D('',#840,#841,#842);
#840 = CARTESIAN_POINT('',(2.969848480983,2.969848480983,96.8));
#841 = DIRECTION('',(-0.707106781187,-0.707106781187,0.));
#842 = DIRECTION('',(0.,0.,1.));
#843 = DEFINITIONAL_REPRESENTATION('',(#844),#847);
#844 = B_SPLINE_CURVE_WITH_KNOTS('',1,(#845,#846),.UNSPECIFIED.,.F.,.F.,
  (2,2),(94.16,125.84),.PIECEWISE_BEZIER_KNOTS.);
#845 = CARTESIAN_POINT('',(-2.64,28.188827574058));
#846 = CARTESIAN_POINT('',(29.04,28.188827574058));
#847 = ( GEOMETRIC_REPRESENTATION_CONTEXT(2) 
PARAMETRIC_REPRESENTATION_CONTEXT() REPRESENTATION_CONTEXT('2D SPACE',''
  ) );
#848 = ORIENTED_EDGE('',*,*,#849,.T.);
#849 = EDGE_CURVE('',#824,#850,#852,.T.);
#850 = VERTEX_POINT('',#851);
#851 = CARTESIAN_POINT('',(-22.90235961229,16.962662650332,123.2));
#852 = SURFACE_CURVE('',#853,(#858,#865),.PCURVE_S1.);
#853 = CIRCLE('',#854,28.5);
#854 = AXIS2_PLACEMENT_3D('',#855,#856,#857);
#855 = CARTESIAN_POINT('',(0.,0.,123.2));
#856 = DIRECTION('',(0.,0.,1.));
#857 = DIRECTION('',(1.,0.,-0.));
#858 = PCURVE('',#43,#859);
#859 = DEFINITIONAL_REPRESENTATION('',(#860),#864);
#860 = LINE('',#861,#862);
#861 = CARTESIAN_POINT('',(0.,123.2));
#862 = VECTOR('',#863,1.);
#863 = DIRECTION('',(1.,0.));
#864 = ( GEOMETRIC_REPRESENTATION_CONTEXT(2) 
PARAMETRIC_REPRESENTATION_CONTEXT() REPRESENTATION_CONTEXT('2D SPACE',''
  ) );
#865 = PCURVE('',#866,#871);
#866 = PLANE('',#867);
#867 = AXIS2_PLACEMENT_3D('',#868,#869,#870);
#868 = CARTESIAN_POINT('',(2.969848480983,2.969848480983,123.2));
#869 = DIRECTION('',(0.,0.,1.));
#870 = DIRECTION('',(-0.707106781187,0.707106781187,0.));
#871 = DEFINITIONAL_REPRESENTATION('',(#872),#876);
#872 = CIRCLE('',#873,28.5);
#873 = AXIS2_PLACEMENT_2D('',#874,#875);
#874 = CARTESIAN_POINT('',(-2.152682256394E-17,4.2));
#875 = DIRECTION('',(-0.707106781187,-0.707106781187));
#876 = ( GEOMETRIC_REPRESENTATION_CONTEXT(2) 
PARAMETRIC_REPRESENTATION_CONTEXT() REPRESENTATION_CONTEXT('2D SPACE',''
  ) );
#877 = ORIENTED_EDGE('',*,*,#878,.F.);
#878 = EDGE_CURVE('',#795,#850,#879,.T.);
#879 = SURFACE_CURVE('',#880,(#884,#890),.PCURVE_S1.);
#880 = LINE('',#881,#882);
#881 = CARTESIAN_POINT('',(-22.90235961229,16.962662650332,0.));
#882 = VECTOR('',#883,1.);
#883 = DIRECTION('',(0.,0.,1.));
#884 = PCURVE('',#43,#885);
#885 = DEFINITIONAL_REPRESENTATION('',(#886),#889);
#886 = B_SPLINE_CURVE_WITH_KNOTS('',1,(#887,#888),.UNSPECIFIED.,.F.,.F.,
  (2,2),(94.16,125.84),.PIECEWISE_BEZIER_KNOTS.);
#887 = CARTESIAN_POINT('',(2.504101603684,94.16));
#888 = CARTESIAN_POINT('',(2.504101603684,125.84));
#889 = ( GEOMETRIC_REPRESENTATION_CONTEXT(2) 
PARAMETRIC_REPRESENTATION_CONTEXT() REPRESENTATION_CONTEXT('2D SPACE',''
  ) );
#890 = PCURVE('',#891,#896);
#891 = PLANE('',#892);
#892 = AXIS2_PLACEMENT_3D('',#893,#894,#895);
#893 = CARTESIAN_POINT('',(-2.969848480983,-2.969848480983,96.8));
#894 = DIRECTION('',(-0.707106781187,-0.707106781187,0.));
#895 = DIRECTION('',(0.,0.,1.));
#896 = DEFINITIONAL_REPRESENTATION('',(#897),#900);
#897 = B_SPLINE_CURVE_WITH_KNOTS('',1,(#898,#899),.UNSPECIFIED.,.F.,.F.,
  (2,2),(94.16,125.84),.PIECEWISE_BEZIER_KNOTS.);
#898 = CARTESIAN_POINT('',(-2.64,28.188827574058));
#899 = CARTESIAN_POINT('',(29.04,28.188827574058));
#900 = ( GEOMETRIC_REPRESENTATION_CONTEXT(2) 
PARAMETRIC_REPRESENTATION_CONTEXT() REPRESENTATION_CONTEXT('2D SPACE',''
  ) );
#901 = FACE_BOUND('',#902,.T.);
#902 = EDGE_LOOP('',(#903,#934,#960,#989));
#903 = ORIENTED_EDGE('',*,*,#904,.F.);
#904 = EDGE_CURVE('',#905,#907,#909,.T.);
#905 = VERTEX_POINT('',#906);
#906 = CARTESIAN_POINT('',(-22.90235961229,-16.96266265033,96.8));
#907 = VERTEX_POINT('',#908);
#908 = CARTESIAN_POINT('',(-16.96266265033,-22.90235961229,96.8));
#909 = SURFACE_CURVE('',#910,(#915,#922),.PCURVE_S1.);
#910 = CIRCLE('',#911,28.5);
#911 = AXIS2_PLACEMENT_3D('',#912,#913,#914);
#912 = CARTESIAN_POINT('',(0.,0.,96.8));
#913 = DIRECTION('',(0.,0.,1.));
#914 = DIRECTION('',(1.,0.,-0.));
#915 = PCURVE('',#43,#916);
#916 = DEFINITIONAL_REPRESENTATION('',(#917),#921);
#917 = LINE('',#918,#919);
#918 = CARTESIAN_POINT('',(0.,96.8));
#919 = VECTOR('',#920,1.);
#920 = DIRECTION('',(1.,0.));
#921 = ( GEOMETRIC_REPRESENTATION_CONTEXT(2) 
PARAMETRIC_REPRESENTATION_CONTEXT() REPRESENTATION_CONTEXT('2D SPACE',''
  ) );
#922 = PCURVE('',#923,#928);
#923 = PLANE('',#924);
#924 = AXIS2_PLACEMENT_3D('',#925,#926,#927);
#925 = CARTESIAN_POINT('',(-2.969848480983,2.969848480984,96.8));
#926 = DIRECTION('',(0.,0.,1.));
#927 = DIRECTION('',(-0.707106781187,-0.707106781187,0.));
#928 = DEFINITIONAL_REPRESENTATION('',(#929),#933);
#929 = CIRCLE('',#930,28.5);
#930 = AXIS2_PLACEMENT_2D('',#931,#932);
#931 = CARTESIAN_POINT('',(1.201956915036E-16,4.2));
#932 = DIRECTION('',(-0.707106781187,0.707106781187));
#933 = ( GEOMETRIC_REPRESENTATION_CONTEXT(2) 
PARAMETRIC_REPRESENTATION_CONTEXT() REPRESENTATION_CONTEXT('2D SPACE',''
  ) );
#934 = ORIENTED_EDGE('',*,*,#935,.T.);
#935 = EDGE_CURVE('',#905,#936,#938,.T.);
#936 = VERTEX_POINT('',#937);
#937 = CARTESIAN_POINT('',(-22.90235961229,-16.96266265033,123.2));
#938 = SURFACE_CURVE('',#939,(#943,#949),.PCURVE_S1.);
#939 = LINE('',#940,#941);
#940 = CARTESIAN_POINT('',(-22.90235961229,-16.96266265033,0.));
#941 = VECTOR('',#942,1.);
#942 = DIRECTION('',(0.,0.,1.));
#943 = PCURVE('',#43,#944);
#944 = DEFINITIONAL_REPRESENTATION('',(#945),#948);
#945 = B_SPLINE_CURVE_WITH_KNOTS('',1,(#946,#947),.UNSPECIFIED.,.F.,.F.,
  (2,2),(94.16,125.84),.PIECEWISE_BEZIER_KNOTS.);
#946 = CARTESIAN_POINT('',(3.779083703496,94.16));
#947 = CARTESIAN_POINT('',(3.779083703496,125.84));
#948 = ( GEOMETRIC_REPRESENTATION_CONTEXT(2) 
PARAMETRIC_REPRESENTATION_CONTEXT() REPRESENTATION_CONTEXT('2D SPACE',''
  ) );
#949 = PCURVE('',#950,#955);
#950 = PLANE('',#951);
#951 = AXIS2_PLACEMENT_3D('',#952,#953,#954);
#952 = CARTESIAN_POINT('',(-2.969848480983,2.969848480984,96.8));
#953 = DIRECTION('',(0.707106781187,-0.707106781187,0.));
#954 = DIRECTION('',(0.,0.,1.));
#955 = DEFINITIONAL_REPRESENTATION('',(#956),#959);
#956 = B_SPLINE_CURVE_WITH_KNOTS('',1,(#957,#958),.UNSPECIFIED.,.F.,.F.,
  (2,2),(94.16,125.84),.PIECEWISE_BEZIER_KNOTS.);
#957 = CARTESIAN_POINT('',(-2.64,28.188827574058));
#958 = CARTESIAN_POINT('',(29.04,28.188827574058));
#959 = ( GEOMETRIC_REPRESENTATION_CONTEXT(2) 
PARAMETRIC_REPRESENTATION_CONTEXT() REPRESENTATION_CONTEXT('2D SPACE',''
  ) );
#960 = ORIENTED_EDGE('',*,*,#961,.T.);
#961 = EDGE_CURVE('',#936,#962,#964,.T.);
#962 = VERTEX_POINT('',#963);
#963 = CARTESIAN_POINT('',(-16.96266265033,-22.90235961229,123.2));
#964 = SURFACE_CURVE('',#965,(#970,#977),.PCURVE_S1.);
#965 = CIRCLE('',#966,28.5);
#966 = AXIS2_PLACEMENT_3D('',#967,#968,#969);
#967 = CARTESIAN_POINT('',(0.,0.,123.2));
#968 = DIRECTION('',(0.,0.,1.));
#969 = DIRECTION('',(1.,0.,-0.));
#970 = PCURVE('',#43,#971);
#971 = DEFINITIONAL_REPRESENTATION('',(#972),#976);
#972 = LINE('',#973,#974);
#973 = CARTESIAN_POINT('',(0.,123.2));
#974 = VECTOR('',#975,1.);
#975 = DIRECTION('',(1.,0.));
#976 = ( GEOMETRIC_REPRESENTATION_CONTEXT(2) 
PARAMETRIC_REPRESENTATION_CONTEXT() REPRESENTATION_CONTEXT('2D SPACE',''
  ) );
#977 = PCURVE('',#978,#983);
#978 = PLANE('',#979);
#979 = AXIS2_PLACEMENT_3D('',#980,#981,#982);
#980 = CARTESIAN_POINT('',(-2.969848480983,2.969848480984,123.2));
#981 = DIRECTION('',(0.,0.,1.));
#982 = DIRECTION('',(-0.707106781187,-0.707106781187,0.));
#983 = DEFINITIONAL_REPRESENTATION('',(#984),#988);
#984 = CIRCLE('',#985,28.5);
#985 = AXIS2_PLACEMENT_2D('',#986,#987);
#986 = CARTESIAN_POINT('',(1.201956915036E-16,4.2));
#987 = DIRECTION('',(-0.707106781187,0.707106781187));
#988 = ( GEOMETRIC_REPRESENTATION_CONTEXT(2) 
PARAMETRIC_REPRESENTATION_CONTEXT() REPRESENTATION_CONTEXT('2D SPACE',''
  ) );
#989 = ORIENTED_EDGE('',*,*,#990,.F.);
#990 = EDGE_CURVE('',#907,#962,#991,.T.);
#991 = SURFACE_CURVE('',#992,(#996,#1002),.PCURVE_S1.);
#992 = LINE('',#993,#994);
#993 = CARTESIAN_POINT('',(-16.96266265033,-22.90235961229,0.));
#994 = VECTOR('',#995,1.);
#995 = DIRECTION('',(0.,0.,1.));
#996 = PCURVE('',#43,#997);
#997 = DEFINITIONAL_REPRESENTATION('',(#998),#1001);
#998 = B_SPLINE_CURVE_WITH_KNOTS('',1,(#999,#1000),.UNSPECIFIED.,.F.,.F.
  ,(2,2),(94.16,125.84),.PIECEWISE_BEZIER_KNOTS.);
#999 = CARTESIAN_POINT('',(4.074897930478,94.16));
#1000 = CARTESIAN_POINT('',(4.074897930478,125.84));
#1001 = ( GEOMETRIC_REPRESENTATION_CONTEXT(2) 
PARAMETRIC_REPRESENTATION_CONTEXT() REPRESENTATION_CONTEXT('2D SPACE',''
  ) );
#1002 = PCURVE('',#1003,#1008);
#1003 = PLANE('',#1004);
#1004 = AXIS2_PLACEMENT_3D('',#1005,#1006,#1007);
#1005 = CARTESIAN_POINT('',(2.969848480983,-2.969848480984,96.8));
#1006 = DIRECTION('',(0.707106781187,-0.707106781187,0.));
#1007 = DIRECTION('',(0.,0.,1.));
#1008 = DEFINITIONAL_REPRESENTATION('',(#1009),#1012);
#1009 = B_SPLINE_CURVE_WITH_KNOTS('',1,(#1010,#1011),.UNSPECIFIED.,.F.,
  .F.,(2,2),(94.16,125.84),.PIECEWISE_BEZIER_KNOTS.);
#1010 = CARTESIAN_POINT('',(-2.64,28.188827574058));
#1011 = CARTESIAN_POINT('',(29.04,28.188827574058));
#1012 = ( GEOMETRIC_REPRESENTATION_CONTEXT(2) 
PARAMETRIC_REPRESENTATION_CONTEXT() REPRESENTATION_CONTEXT('2D SPACE',''
  ) );
#1013 = FACE_BOUND('',#1014,.T.);
#1014 = EDGE_LOOP('',(#1015,#1046,#1072,#1101));
#1015 = ORIENTED_EDGE('',*,*,#1016,.F.);
#1016 = EDGE_CURVE('',#1017,#1019,#1021,.T.);
#1017 = VERTEX_POINT('',#1018);
#1018 = CARTESIAN_POINT('',(16.962662650332,-22.90235961229,96.8));
#1019 = VERTEX_POINT('',#1020);
#1020 = CARTESIAN_POINT('',(22.902359612299,-16.96266265033,96.8));
#1021 = SURFACE_CURVE('',#1022,(#1027,#1034),.PCURVE_S1.);
#1022 = CIRCLE('',#1023,28.5);
#1023 = AXIS2_PLACEMENT_3D('',#1024,#1025,#1026);
#1024 = CARTESIAN_POINT('',(0.,0.,96.8));
#1025 = DIRECTION('',(0.,0.,1.));
#1026 = DIRECTION('',(1.,0.,-0.));
#1027 = PCURVE('',#43,#1028);
#1028 = DEFINITIONAL_REPRESENTATION('',(#1029),#1033);
#1029 = LINE('',#1030,#1031);
#1030 = CARTESIAN_POINT('',(0.,96.8));
#1031 = VECTOR('',#1032,1.);
#1032 = DIRECTION('',(1.,0.));
#1033 = ( GEOMETRIC_REPRESENTATION_CONTEXT(2) 
PARAMETRIC_REPRESENTATION_CONTEXT() REPRESENTATION_CONTEXT('2D SPACE',''
  ) );
#1034 = PCURVE('',#1035,#1040);
#1035 = PLANE('',#1036);
#1036 = AXIS2_PLACEMENT_3D('',#1037,#1038,#1039);
#1037 = CARTESIAN_POINT('',(-2.969848480984,-2.969848480983,96.8));
#1038 = DIRECTION('',(0.,0.,1.));
#1039 = DIRECTION('',(0.707106781187,-0.707106781187,0.));
#1040 = DEFINITIONAL_REPRESENTATION('',(#1041),#1045);
#1041 = CIRCLE('',#1042,28.5);
#1042 = AXIS2_PLACEMENT_2D('',#1043,#1044);
#1043 = CARTESIAN_POINT('',(-3.722774715078E-17,4.2));
#1044 = DIRECTION('',(0.707106781187,0.707106781187));
#1045 = ( GEOMETRIC_REPRESENTATION_CONTEXT(2) 
PARAMETRIC_REPRESENTATION_CONTEXT() REPRESENTATION_CONTEXT('2D SPACE',''
  ) );
#1046 = ORIENTED_EDGE('',*,*,#1047,.T.);
#1047 = EDGE_CURVE('',#1017,#1048,#1050,.T.);
#1048 = VERTEX_POINT('',#1049);
#1049 = CARTESIAN_POINT('',(16.962662650332,-22.90235961229,123.2));
#1050 = SURFACE_CURVE('',#1051,(#1055,#1061),.PCURVE_S1.);
#1051 = LINE('',#1052,#1053);
#1052 = CARTESIAN_POINT('',(16.962662650332,-22.90235961229,0.));
#1053 = VECTOR('',#1054,1.);
#1054 = DIRECTION('',(0.,0.,1.));
#1055 = PCURVE('',#43,#1056);
#1056 = DEFINITIONAL_REPRESENTATION('',(#1057),#1060);
#1057 = B_SPLINE_CURVE_WITH_KNOTS('',1,(#1058,#1059),.UNSPECIFIED.,.F.,
  .F.,(2,2),(94.16,125.84),.PIECEWISE_BEZIER_KNOTS.);
#1058 = CARTESIAN_POINT('',(5.349880030291,94.16));
#1059 = CARTESIAN_POINT('',(5.349880030291,125.84));
#1060 = ( GEOMETRIC_REPRESENTATION_CONTEXT(2) 
PARAMETRIC_REPRESENTATION_CONTEXT() REPRESENTATION_CONTEXT('2D SPACE',''
  ) );
#1061 = PCURVE('',#1062,#1067);
#1062 = PLANE('',#1063);
#1063 = AXIS2_PLACEMENT_3D('',#1064,#1065,#1066);
#1064 = CARTESIAN_POINT('',(-2.969848480984,-2.969848480983,96.8));
#1065 = DIRECTION('',(0.707106781187,0.707106781187,0.));
#1066 = DIRECTION('',(0.,0.,1.));
#1067 = DEFINITIONAL_REPRESENTATION('',(#1068),#1071);
#1068 = B_SPLINE_CURVE_WITH_KNOTS('',1,(#1069,#1070),.UNSPECIFIED.,.F.,
  .F.,(2,2),(94.16,125.84),.PIECEWISE_BEZIER_KNOTS.);
#1069 = CARTESIAN_POINT('',(-2.64,28.188827574058));
#1070 = CARTESIAN_POINT('',(29.04,28.188827574058));
#1071 = ( GEOMETRIC_REPRESENTATION_CONTEXT(2) 
PARAMETRIC_REPRESENTATION_CONTEXT() REPRESENTATION_CONTEXT('2D SPACE',''
  ) );
#1072 = ORIENTED_EDGE('',*,*,#1073,.T.);
#1073 = EDGE_CURVE('',#1048,#1074,#1076,.T.);
#1074 = VERTEX_POINT('',#1075);
#1075 = CARTESIAN_POINT('',(22.902359612299,-16.96266265033,123.2));
#1076 = SURFACE_CURVE('',#1077,(#1082,#1089),.PCURVE_S1.);
#1077 = CIRCLE('',#1078,28.5);
#1078 = AXIS2_PLACEMENT_3D('',#1079,#1080,#1081);
#1079 = CARTESIAN_POINT('',(0.,0.,123.2));
#1080 = DIRECTION('',(0.,0.,1.));
#1081 = DIRECTION('',(1.,0.,-0.));
#1082 = PCURVE('',#43,#1083);
#1083 = DEFINITIONAL_REPRESENTATION('',(#1084),#1088);
#1084 = LINE('',#1085,#1086);
#1085 = CARTESIAN_POINT('',(0.,123.2));
#1086 = VECTOR('',#1087,1.);
#1087 = DIRECTION('',(1.,0.));
#1088 = ( GEOMETRIC_REPRESENTATION_CONTEXT(2) 
PARAMETRIC_REPRESENTATION_CONTEXT() REPRESENTATION_CONTEXT('2D SPACE',''
  ) );
#1089 = PCURVE('',#1090,#1095);
#1090 = PLANE('',#1091);
#1091 = AXIS2_PLACEMENT_3D('',#1092,#1093,#1094);
#1092 = CARTESIAN_POINT('',(-2.969848480984,-2.969848480983,123.2));
#1093 = DIRECTION('',(0.,0.,1.));
#1094 = DIRECTION('',(0.707106781187,-0.707106781187,0.));
#1095 = DEFINITIONAL_REPRESENTATION('',(#1096),#1100);
#1096 = CIRCLE('',#1097,28.5);
#1097 = AXIS2_PLACEMENT_2D('',#1098,#1099);
#1098 = CARTESIAN_POINT('',(-3.722774715078E-17,4.2));
#1099 = DIRECTION('',(0.707106781187,0.707106781187));
#1100 = ( GEOMETRIC_REPRESENTATION_CONTEXT(2) 
PARAMETRIC_REPRESENTATION_CONTEXT() REPRESENTATION_CONTEXT('2D SPACE',''
  ) );
#1101 = ORIENTED_EDGE('',*,*,#1102,.F.);
#1102 = EDGE_CURVE('',#1019,#1074,#1103,.T.);
#1103 = SURFACE_CURVE('',#1104,(#1108,#1114),.PCURVE_S1.);
#1104 = LINE('',#1105,#1106);
#1105 = CARTESIAN_POINT('',(22.902359612299,-16.96266265033,0.));
#1106 = VECTOR('',#1107,1.);
#1107 = DIRECTION('',(0.,0.,1.));
#1108 = PCURVE('',#43,#1109);
#1109 = DEFINITIONAL_REPRESENTATION('',(#1110),#1113);
#1110 = B_SPLINE_CURVE_WITH_KNOTS('',1,(#1111,#1112),.UNSPECIFIED.,.F.,
  .F.,(2,2),(94.16,125.84),.PIECEWISE_BEZIER_KNOTS.);
#1111 = CARTESIAN_POINT('',(5.645694257273,94.16));
#1112 = CARTESIAN_POINT('',(5.645694257273,125.84));
#1113 = ( GEOMETRIC_REPRESENTATION_CONTEXT(2) 
PARAMETRIC_REPRESENTATION_CONTEXT() REPRESENTATION_CONTEXT('2D SPACE',''
  ) );
#1114 = PCURVE('',#1115,#1120);
#1115 = PLANE('',#1116);
#1116 = AXIS2_PLACEMENT_3D('',#1117,#1118,#1119);
#1117 = CARTESIAN_POINT('',(2.969848480984,2.969848480983,96.8));
#1118 = DIRECTION('',(0.707106781187,0.707106781187,0.));
#1119 = DIRECTION('',(0.,0.,1.));
#1120 = DEFINITIONAL_REPRESENTATION('',(#1121),#1124);
#1121 = B_SPLINE_CURVE_WITH_KNOTS('',1,(#1122,#1123),.UNSPECIFIED.,.F.,
  .F.,(2,2),(94.16,125.84),.PIECEWISE_BEZIER_KNOTS.);
#1122 = CARTESIAN_POINT('',(-2.64,28.188827574058));
#1123 = CARTESIAN_POINT('',(29.04,28.188827574058));
#1124 = ( GEOMETRIC_REPRESENTATION_CONTEXT(2) 
PARAMETRIC_REPRESENTATION_CONTEXT() REPRESENTATION_CONTEXT('2D SPACE',''
  ) );
#1125 = ADVANCED_FACE('',(#1126,#1406,#1554,#1702,#1794,#1886,#1978),#74
  ,.F.);
#1126 = FACE_BOUND('',#1127,.F.);
#1127 = EDGE_LOOP('',(#1128,#1151,#1152,#1153,#1245,#1268,#1295,#1296,
    #1352));
#1128 = ORIENTED_EDGE('',*,*,#1129,.F.);
#1129 = EDGE_CURVE('',#58,#1130,#1132,.T.);
#1130 = VERTEX_POINT('',#1131);
#1131 = CARTESIAN_POINT('',(26.5,0.,4.9));
#1132 = SEAM_CURVE('',#1133,(#1137,#1144),.PCURVE_S1.);
#1133 = LINE('',#1134,#1135);
#1134 = CARTESIAN_POINT('',(26.5,0.,-1.));
#1135 = VECTOR('',#1136,1.);
#1136 = DIRECTION('',(0.,0.,1.));
#1137 = PCURVE('',#74,#1138);
#1138 = DEFINITIONAL_REPRESENTATION('',(#1139),#1143);
#1139 = LINE('',#1140,#1141);
#1140 = CARTESIAN_POINT('',(0.,0.));
#1141 = VECTOR('',#1142,1.);
#1142 = DIRECTION('',(0.,1.));
#1143 = ( GEOMETRIC_REPRESENTATION_CONTEXT(2) 
PARAMETRIC_REPRESENTATION_CONTEXT() REPRESENTATION_CONTEXT('2D SPACE',''
  ) );
#1144 = PCURVE('',#74,#1145);
#1145 = DEFINITIONAL_REPRESENTATION('',(#1146),#1150);
#1146 = LINE('',#1147,#1148);
#1147 = CARTESIAN_POINT('',(6.28318530718,0.));
#1148 = VECTOR('',#1149,1.);
#1149 = DIRECTION('',(0.,1.));
#1150 = ( GEOMETRIC_REPRESENTATION_CONTEXT(2) 
PARAMETRIC_REPRESENTATION_CONTEXT() REPRESENTATION_CONTEXT('2D SPACE',''
  ) );
#1151 = ORIENTED_EDGE('',*,*,#57,.T.);
#1152 = ORIENTED_EDGE('',*,*,#1129,.T.);
#1153 = ORIENTED_EDGE('',*,*,#1154,.F.);
#1154 = EDGE_CURVE('',#1155,#1130,#1157,.T.);
#1155 = VERTEX_POINT('',#1156);
#1156 = CARTESIAN_POINT('',(26.5,0.,7.1));
#1157 = SURFACE_CURVE('',#1158,(#1185,#1215),.PCURVE_S1.);
#1158 = B_SPLINE_CURVE_WITH_KNOTS('',7,(#1159,#1160,#1161,#1162,#1163,
    #1164,#1165,#1166,#1167,#1168,#1169,#1170,#1171,#1172,#1173,#1174,
    #1175,#1176,#1177,#1178,#1179,#1180,#1181,#1182,#1183,#1184),
  .UNSPECIFIED.,.F.,.F.,(8,6,6,6,8),(0.,0.271635055439,0.499295711824,
    0.807326034373,1.),.UNSPECIFIED.);
#1159 = CARTESIAN_POINT('',(26.5,-1.998401444325E-15,7.1));
#1160 = CARTESIAN_POINT('',(26.5,-0.153607453969,7.1));
#1161 = CARTESIAN_POINT('',(26.498961193767,-0.304136027607,
    7.074974886783));
#1162 = CARTESIAN_POINT('',(26.496958705555,-0.446744432409,
    7.026729356891));
#1163 = CARTESIAN_POINT('',(26.494260756263,-0.577221844584,
    6.958164083367));
#1164 = CARTESIAN_POINT('',(26.491269893409,-0.692241276821,
    6.873195304714));
#1165 = CARTESIAN_POINT('',(26.488350473774,-0.789691632188,
    6.776661315543));
#1166 = CARTESIAN_POINT('',(26.483556268755,-0.935782734502,
    6.588321801307));
#1167 = CARTESIAN_POINT('',(26.481551163614,-0.990919663678,
    6.49680035401));
#1168 = CARTESIAN_POINT('',(26.479843291089,-1.034737771561,
    6.401170127058));
#1169 = CARTESIAN_POINT('',(26.478513278408,-1.067423514487,
    6.302676000444));
#1170 = CARTESIAN_POINT('',(26.477611055888,-1.089143110083,
    6.202365979763));
#1171 = CARTESIAN_POINT('',(26.477159968546,-1.1,6.101175346061));
#1172 = CARTESIAN_POINT('',(26.477159968546,-1.1,5.863107332746));
#1173 = CARTESIAN_POINT('',(26.477985640509,-1.080125015651,
    5.726047656405));
#1174 = CARTESIAN_POINT('',(26.479640994806,-1.04028525448,
    5.591075727126));
#1175 = CARTESIAN_POINT('',(26.482046581544,-0.980103651743,
    5.460664322936));
#1176 = CARTESIAN_POINT('',(26.485031877988,-0.899147885825,
    5.337785198818));
#1177 = CARTESIAN_POINT('',(26.488294843216,-0.797087118706,
    5.226152244823));
#1178 = CARTESIAN_POINT('',(26.493378592799,-0.597330066031,
    5.071204791875));
#1179 = CARTESIAN_POINT('',(26.495293724081,-0.51184141256,
    5.017595677703));
#1180 = CARTESIAN_POINT('',(26.497040877086,-0.418620176785,
    4.972161782865));
#1181 = CARTESIAN_POINT('',(26.498478779537,-0.319030018001,
    4.936639781589));
#1182 = CARTESIAN_POINT('',(26.499488903707,-0.214772069243,
    4.91231595859));
#1183 = CARTESIAN_POINT('',(26.5,-0.107758864427,4.9));
#1184 = CARTESIAN_POINT('',(26.5,-1.33226762955E-15,4.9));
#1185 = PCURVE('',#74,#1186);
#1186 = DEFINITIONAL_REPRESENTATION('',(#1187),#1214);
#1187 = B_SPLINE_CURVE_WITH_KNOTS('',7,(#1188,#1189,#1190,#1191,#1192,
    #1193,#1194,#1195,#1196,#1197,#1198,#1199,#1200,#1201,#1202,#1203,
    #1204,#1205,#1206,#1207,#1208,#1209,#1210,#1211,#1212,#1213),
  .UNSPECIFIED.,.F.,.F.,(8,6,6,6,8),(0.,0.271635055439,0.499295711824,
    0.807326034373,1.),.UNSPECIFIED.);
#1188 = CARTESIAN_POINT('',(6.28318530718,8.1));
#1189 = CARTESIAN_POINT('',(6.277388799483,8.1));
#1190 = CARTESIAN_POINT('',(6.271708475406,8.074974886783));
#1191 = CARTESIAN_POINT('',(6.266326711082,8.026729356891));
#1192 = CARTESIAN_POINT('',(6.261402129275,7.958164083367));
#1193 = CARTESIAN_POINT('',(6.257060360208,7.873195304714));
#1194 = CARTESIAN_POINT('',(6.253381353962,7.776661315543));
#1195 = CARTESIAN_POINT('',(6.247865514499,7.588321801307));
#1196 = CARTESIAN_POINT('',(6.245783513349,7.49680035401));
#1197 = CARTESIAN_POINT('',(6.244128749842,7.401170127058));
#1198 = CARTESIAN_POINT('',(6.24289430515,7.302676000444));
#1199 = CARTESIAN_POINT('',(6.242073991078,7.202365979763));
#1200 = CARTESIAN_POINT('',(6.24166394361,7.101175346061));
#1201 = CARTESIAN_POINT('',(6.24166394361,6.863107332746));
#1202 = CARTESIAN_POINT('',(6.24241459005,6.726047656405));
#1203 = CARTESIAN_POINT('',(6.243919273865,6.591075727126));
#1204 = CARTESIAN_POINT('',(6.246192089868,6.460664322936));
#1205 = CARTESIAN_POINT('',(6.249249065544,6.337785198818));
#1206 = CARTESIAN_POINT('',(6.253102301098,6.226152244823));
#1207 = CARTESIAN_POINT('',(6.260642743817,6.071204791875));
#1208 = CARTESIAN_POINT('',(6.263869525319,6.017595677703));
#1209 = CARTESIAN_POINT('',(6.267387885992,5.972161782865));
#1210 = CARTESIAN_POINT('',(6.271146329255,5.936639781589));
#1211 = CARTESIAN_POINT('',(6.275080700645,5.91231595859));
#1212 = CARTESIAN_POINT('',(6.279118934937,5.9));
#1213 = CARTESIAN_POINT('',(6.28318530718,5.9));
#1214 = ( GEOMETRIC_REPRESENTATION_CONTEXT(2) 
PARAMETRIC_REPRESENTATION_CONTEXT() REPRESENTATION_CONTEXT('2D SPACE',''
  ) );
#1215 = PCURVE('',#176,#1216);
#1216 = DEFINITIONAL_REPRESENTATION('',(#1217),#1244);
#1217 = B_SPLINE_CURVE_WITH_KNOTS('',7,(#1218,#1219,#1220,#1221,#1222,
    #1223,#1224,#1225,#1226,#1227,#1228,#1229,#1230,#1231,#1232,#1233,
    #1234,#1235,#1236,#1237,#1238,#1239,#1240,#1241,#1242,#1243),
  .UNSPECIFIED.,.F.,.F.,(8,6,6,6,8),(0.,0.271635055439,0.499295711824,
    0.807326034373,1.),.UNSPECIFIED.);
#1218 = CARTESIAN_POINT('',(-1.570796326795,-0.7));
#1219 = CARTESIAN_POINT('',(-1.710439466766,-0.7));
#1220 = CARTESIAN_POINT('',(-1.847283609561,-0.698961193767));
#1221 = CARTESIAN_POINT('',(-1.981375229878,-0.696958705555));
#1222 = CARTESIAN_POINT('',(-2.112532692424,-0.694260756263));
#1223 = CARTESIAN_POINT('',(-2.240330840674,-0.691269893409));
#1224 = CARTESIAN_POINT('',(-2.363971596503,-0.688350473774));
#1225 = CARTESIAN_POINT('',(-2.580660394945,-0.683556268755));
#1226 = CARTESIAN_POINT('',(-2.677124669351,-0.681551163614));
#1227 = CARTESIAN_POINT('',(-2.771805731466,-0.679843291089));
#1228 = CARTESIAN_POINT('',(-2.865163305989,-0.678513278408));
#1229 = CARTESIAN_POINT('',(-2.957622924126,-0.677611055888));
#1230 = CARTESIAN_POINT('',(-3.049615066261,-0.677159968546));
#1231 = CARTESIAN_POINT('',(-3.266040532912,-0.677159968546));
#1232 = CARTESIAN_POINT('',(-3.390639741849,-0.677985640509));
#1233 = CARTESIAN_POINT('',(-3.516491792173,-0.679640994806));
#1234 = CARTESIAN_POINT('',(-3.644521836854,-0.682046581544));
#1235 = CARTESIAN_POINT('',(-3.775753905098,-0.685031877988));
#1236 = CARTESIAN_POINT('',(-3.911267582636,-0.688294843216));
#1237 = CARTESIAN_POINT('',(-4.141092512896,-0.693378592799));
#1238 = CARTESIAN_POINT('',(-4.232370996663,-0.695293724081));
#1239 = CARTESIAN_POINT('',(-4.325779953406,-0.697040877086));
#1240 = CARTESIAN_POINT('',(-4.420825304109,-0.698478779537));
#1241 = CARTESIAN_POINT('',(-4.517141942454,-0.699488903707));
#1242 = CARTESIAN_POINT('',(-4.614426376361,-0.7));
#1243 = CARTESIAN_POINT('',(-4.712388980385,-0.7));
#1244 = ( GEOMETRIC_REPRESENTATION_CONTEXT(2) 
PARAMETRIC_REPRESENTATION_CONTEXT() REPRESENTATION_CONTEXT('2D SPACE',''
  ) );
#1245 = ORIENTED_EDGE('',*,*,#1246,.T.);
#1246 = EDGE_CURVE('',#1155,#1247,#1249,.T.);
#1247 = VERTEX_POINT('',#1248);
#1248 = CARTESIAN_POINT('',(26.500000000001,0.,137.32842712474));
#1249 = SEAM_CURVE('',#1250,(#1254,#1261),.PCURVE_S1.);
#1250 = LINE('',#1251,#1252);
#1251 = CARTESIAN_POINT('',(26.5,0.,-1.));
#1252 = VECTOR('',#1253,1.);
#1253 = DIRECTION('',(0.,0.,1.));
#1254 = PCURVE('',#74,#1255);
#1255 = DEFINITIONAL_REPRESENTATION('',(#1256),#1260);
#1256 = LINE('',#1257,#1258);
#1257 = CARTESIAN_POINT('',(0.,0.));
#1258 = VECTOR('',#1259,1.);
#1259 = DIRECTION('',(0.,1.));
#1260 = ( GEOMETRIC_REPRESENTATION_CONTEXT(2) 
PARAMETRIC_REPRESENTATION_CONTEXT() REPRESENTATION_CONTEXT('2D SPACE',''
  ) );
#1261 = PCURVE('',#74,#1262);
#1262 = DEFINITIONAL_REPRESENTATION('',(#1263),#1267);
#1263 = LINE('',#1264,#1265);
#1264 = CARTESIAN_POINT('',(6.28318530718,0.));
#1265 = VECTOR('',#1266,1.);
#1266 = DIRECTION('',(0.,1.));
#1267 = ( GEOMETRIC_REPRESENTATION_CONTEXT(2) 
PARAMETRIC_REPRESENTATION_CONTEXT() REPRESENTATION_CONTEXT('2D SPACE',''
  ) );
#1268 = ORIENTED_EDGE('',*,*,#1269,.F.);
#1269 = EDGE_CURVE('',#1247,#1247,#1270,.T.);
#1270 = SURFACE_CURVE('',#1271,(#1276,#1283),.PCURVE_S1.);
#1271 = CIRCLE('',#1272,26.5);
#1272 = AXIS2_PLACEMENT_3D('',#1273,#1274,#1275);
#1273 = CARTESIAN_POINT('',(0.,0.,137.32842712474));
#1274 = DIRECTION('',(0.,0.,1.));
#1275 = DIRECTION('',(0.,-1.,0.));
#1276 = PCURVE('',#74,#1277);
#1277 = DEFINITIONAL_REPRESENTATION('',(#1278),#1282);
#1278 = LINE('',#1279,#1280);
#1279 = CARTESIAN_POINT('',(-1.570796326795,138.32842712474));
#1280 = VECTOR('',#1281,1.);
#1281 = DIRECTION('',(1.,0.));
#1282 = ( GEOMETRIC_REPRESENTATION_CONTEXT(2) 
PARAMETRIC_REPRESENTATION_CONTEXT() REPRESENTATION_CONTEXT('2D SPACE',''
  ) );
#1283 = PCURVE('',#1284,#1289);
#1284 = CONICAL_SURFACE('',#1285,29.828427124746,0.785398163397);
#1285 = AXIS2_PLACEMENT_3D('',#1286,#1287,#1288);
#1286 = CARTESIAN_POINT('',(0.,0.,134.));
#1287 = DIRECTION('',(-0.,-0.,-1.));
#1288 = DIRECTION('',(1.,0.,0.));
#1289 = DEFINITIONAL_REPRESENTATION('',(#1290),#1294);
#1290 = LINE('',#1291,#1292);
#1291 = CARTESIAN_POINT('',(1.570796326795,-3.328427124746));
#1292 = VECTOR('',#1293,1.);
#1293 = DIRECTION('',(-1.,-0.));
#1294 = ( GEOMETRIC_REPRESENTATION_CONTEXT(2) 
PARAMETRIC_REPRESENTATION_CONTEXT() REPRESENTATION_CONTEXT('2D SPACE',''
  ) );
#1295 = ORIENTED_EDGE('',*,*,#1246,.F.);
#1296 = ORIENTED_EDGE('',*,*,#1297,.F.);
#1297 = EDGE_CURVE('',#1298,#1155,#1300,.T.);
#1298 = VERTEX_POINT('',#1299);
#1299 = CARTESIAN_POINT('',(26.477159968546,1.1,6.));
#1300 = SURFACE_CURVE('',#1301,(#1316,#1334),.PCURVE_S1.);
#1301 = B_SPLINE_CURVE_WITH_KNOTS('',7,(#1302,#1303,#1304,#1305,#1306,
    #1307,#1308,#1309,#1310,#1311,#1312,#1313,#1314,#1315),
  .UNSPECIFIED.,.F.,.F.,(8,6,8),(0.,0.615260667397,1.),.UNSPECIFIED.);
#1302 = CARTESIAN_POINT('',(26.477159968546,1.1,6.));
#1303 = CARTESIAN_POINT('',(26.477159968546,1.1,6.136892667254));
#1304 = CARTESIAN_POINT('',(26.477985640509,1.080125015651,
    6.273952343595));
#1305 = CARTESIAN_POINT('',(26.479640994806,1.04028525448,6.408924272874
    ));
#1306 = CARTESIAN_POINT('',(26.482046581544,0.980103651743,
    6.539335677064));
#1307 = CARTESIAN_POINT('',(26.485031877988,0.899147885825,
    6.662214801183));
#1308 = CARTESIAN_POINT('',(26.488294843216,0.797087118706,
    6.773847755177));
#1309 = CARTESIAN_POINT('',(26.493378042746,0.597351679404,
    6.928778443075));
#1310 = CARTESIAN_POINT('',(26.495293406698,0.511859246828,
    6.982397643344));
#1311 = CARTESIAN_POINT('',(26.497041152166,0.418616252822,
    7.027845916423));
#1312 = CARTESIAN_POINT('',(26.498479364267,0.318999043967,
    7.063374254102));
#1313 = CARTESIAN_POINT('',(26.499489285759,0.214723838452,7.08769351148
    ));
#1314 = CARTESIAN_POINT('',(26.5,0.107717532976,7.1));
#1315 = CARTESIAN_POINT('',(26.5,1.145385196553E-15,7.1));
#1316 = PCURVE('',#74,#1317);
#1317 = DEFINITIONAL_REPRESENTATION('',(#1318),#1333);
#1318 = B_SPLINE_CURVE_WITH_KNOTS('',7,(#1319,#1320,#1321,#1322,#1323,
    #1324,#1325,#1326,#1327,#1328,#1329,#1330,#1331,#1332),
  .UNSPECIFIED.,.F.,.F.,(8,6,8),(0.,0.615260667397,1.),.UNSPECIFIED.);
#1319 = CARTESIAN_POINT('',(4.152136356921E-02,7.));
#1320 = CARTESIAN_POINT('',(4.152136356921E-02,7.136892667254));
#1321 = CARTESIAN_POINT('',(4.077071713004E-02,7.273952343595));
#1322 = CARTESIAN_POINT('',(3.926603331418E-02,7.408924272874));
#1323 = CARTESIAN_POINT('',(3.699321731207E-02,7.539335677064));
#1324 = CARTESIAN_POINT('',(3.39362416359E-02,7.662214801183));
#1325 = CARTESIAN_POINT('',(3.008300608175E-02,7.773847755177));
#1326 = CARTESIAN_POINT('',(2.254337922558E-02,7.928778443075));
#1327 = CARTESIAN_POINT('',(1.931645491886E-02,7.982397643344));
#1328 = CARTESIAN_POINT('',(1.579727296139E-02,8.027845916423));
#1329 = CARTESIAN_POINT('',(1.203780895164E-02,8.063374254102));
#1330 = CARTESIAN_POINT('',(8.10278650295E-03,8.08769351148));
#1331 = CARTESIAN_POINT('',(4.064812565135E-03,8.1));
#1332 = CARTESIAN_POINT('',(0.,8.1));
#1333 = ( GEOMETRIC_REPRESENTATION_CONTEXT(2) 
PARAMETRIC_REPRESENTATION_CONTEXT() REPRESENTATION_CONTEXT('2D SPACE',''
  ) );
#1334 = PCURVE('',#176,#1335);
#1335 = DEFINITIONAL_REPRESENTATION('',(#1336),#1351);
#1336 = B_SPLINE_CURVE_WITH_KNOTS('',7,(#1337,#1338,#1339,#1340,#1341,
    #1342,#1343,#1344,#1345,#1346,#1347,#1348,#1349,#1350),
  .UNSPECIFIED.,.F.,.F.,(8,6,8),(0.,0.615260667397,1.),.UNSPECIFIED.);
#1337 = CARTESIAN_POINT('',(0.,-0.677159968546));
#1338 = CARTESIAN_POINT('',(-0.124447879322,-0.677159968546));
#1339 = CARTESIAN_POINT('',(-0.249047088259,-0.677985640509));
#1340 = CARTESIAN_POINT('',(-0.374899138584,-0.679640994806));
#1341 = CARTESIAN_POINT('',(-0.502929183264,-0.682046581544));
#1342 = CARTESIAN_POINT('',(-0.634161251509,-0.685031877988));
#1343 = CARTESIAN_POINT('',(-0.769674929046,-0.688294843216));
#1344 = CARTESIAN_POINT('',(-0.99947499264,-0.693378042746));
#1345 = CARTESIAN_POINT('',(-1.090761789183,-0.695293406698));
#1346 = CARTESIAN_POINT('',(-1.184193480315,-0.697041152166));
#1347 = CARTESIAN_POINT('',(-1.279262572183,-0.698479364267));
#1348 = CARTESIAN_POINT('',(-1.375593117154,-0.699489285759));
#1349 = CARTESIAN_POINT('',(-1.472871296817,-0.7));
#1350 = CARTESIAN_POINT('',(-1.570796326795,-0.7));
#1351 = ( GEOMETRIC_REPRESENTATION_CONTEXT(2) 
PARAMETRIC_REPRESENTATION_CONTEXT() REPRESENTATION_CONTEXT('2D SPACE',''
  ) );
#1352 = ORIENTED_EDGE('',*,*,#1353,.F.);
#1353 = EDGE_CURVE('',#1130,#1298,#1354,.T.);
#1354 = SURFACE_CURVE('',#1355,(#1370,#1388),.PCURVE_S1.);
#1355 = B_SPLINE_CURVE_WITH_KNOTS('',7,(#1356,#1357,#1358,#1359,#1360,
    #1361,#1362,#1363,#1364,#1365,#1366,#1367,#1368,#1369),
  .UNSPECIFIED.,.F.,.F.,(8,6,8),(0.,0.463438596373,1.),.UNSPECIFIED.);
#1356 = CARTESIAN_POINT('',(26.5,1.852959162411E-15,4.9));
#1357 = CARTESIAN_POINT('',(26.5,0.130249998074,4.9));
#1358 = CARTESIAN_POINT('',(26.499253483858,0.258858238632,4.91799371213
    ));
#1359 = CARTESIAN_POINT('',(26.497792313038,0.382589444039,
    4.953162032921));
#1360 = CARTESIAN_POINT('',(26.495765539474,0.498480238003,
    5.003883359603));
#1361 = CARTESIAN_POINT('',(26.493400311098,0.604027155379,
    5.067782110784));
#1362 = CARTESIAN_POINT('',(26.490943270399,0.697419558401,5.14178463979
    ));
#1363 = CARTESIAN_POINT('',(26.485849123321,0.870900795254,
    5.315265876644));
#1364 = CARTESIAN_POINT('',(26.483203923423,0.947975373639,
    5.418332359679));
#1365 = CARTESIAN_POINT('',(26.48088033325,1.009140773047,5.528455252474
    ));
#1366 = CARTESIAN_POINT('',(26.47904252354,1.05468763185,5.643401769528)
  );
#1367 = CARTESIAN_POINT('',(26.477787096577,1.084904693151,
    5.761341177379));
#1368 = CARTESIAN_POINT('',(26.477159968546,1.1,5.88069846399));
#1369 = CARTESIAN_POINT('',(26.477159968546,1.1,6.));
#1370 = PCURVE('',#74,#1371);
#1371 = DEFINITIONAL_REPRESENTATION('',(#1372),#1387);
#1372 = B_SPLINE_CURVE_WITH_KNOTS('',7,(#1373,#1374,#1375,#1376,#1377,
    #1378,#1379,#1380,#1381,#1382,#1383,#1384,#1385,#1386),
  .UNSPECIFIED.,.F.,.F.,(8,6,8),(0.,0.463438596373,1.),.UNSPECIFIED.);
#1373 = CARTESIAN_POINT('',(0.,5.9));
#1374 = CARTESIAN_POINT('',(4.915094266953E-03,5.9));
#1375 = CARTESIAN_POINT('',(9.76823539463E-03,5.91799371213));
#1376 = CARTESIAN_POINT('',(1.443753108992E-02,5.953162032921));
#1377 = CARTESIAN_POINT('',(1.881133063214E-02,6.003883359603));
#1378 = CARTESIAN_POINT('',(2.279518295932E-02,6.067782110784));
#1379 = CARTESIAN_POINT('',(2.632062758626E-02,6.14178463979));
#1380 = CARTESIAN_POINT('',(3.286991112029E-02,6.315265876644));
#1381 = CARTESIAN_POINT('',(3.578006247609E-02,6.418332359679));
#1382 = CARTESIAN_POINT('',(3.808984094953E-02,6.528455252474));
#1383 = CARTESIAN_POINT('',(3.980998786864E-02,6.643401769528));
#1384 = CARTESIAN_POINT('',(4.095123796253E-02,6.761341177379));
#1385 = CARTESIAN_POINT('',(4.152136356921E-02,6.88069846399));
#1386 = CARTESIAN_POINT('',(4.152136356921E-02,7.));
#1387 = ( GEOMETRIC_REPRESENTATION_CONTEXT(2) 
PARAMETRIC_REPRESENTATION_CONTEXT() REPRESENTATION_CONTEXT('2D SPACE',''
  ) );
#1388 = PCURVE('',#176,#1389);
#1389 = DEFINITIONAL_REPRESENTATION('',(#1390),#1405);
#1390 = B_SPLINE_CURVE_WITH_KNOTS('',7,(#1391,#1392,#1393,#1394,#1395,
    #1396,#1397,#1398,#1399,#1400,#1401,#1402,#1403,#1404),
  .UNSPECIFIED.,.F.,.F.,(8,6,8),(0.,0.463438596373,1.),.UNSPECIFIED.);
#1391 = CARTESIAN_POINT('',(-4.712388980385,-0.7));
#1392 = CARTESIAN_POINT('',(-4.830798069543,-0.7));
#1393 = CARTESIAN_POINT('',(-4.947713948789,-0.699253483858));
#1394 = CARTESIAN_POINT('',(-5.062911192981,-0.697792313038));
#1395 = CARTESIAN_POINT('',(-5.176088993933,-0.695765539474));
#1396 = CARTESIAN_POINT('',(-5.286818910505,-0.693400311098));
#1397 = CARTESIAN_POINT('',(-5.394423687559,-0.690943270399));
#1398 = CARTESIAN_POINT('',(-5.617459612991,-0.685849123321));
#1399 = CARTESIAN_POINT('',(-5.733258823951,-0.683203923423));
#1400 = CARTESIAN_POINT('',(-5.846165484744,-0.68088033325));
#1401 = CARTESIAN_POINT('',(-5.956920860838,-0.67904252354));
#1402 = CARTESIAN_POINT('',(-6.066222892703,-0.677787096577));
#1403 = CARTESIAN_POINT('',(-6.174729365352,-0.677159968546));
#1404 = CARTESIAN_POINT('',(-6.28318530718,-0.677159968546));
#1405 = ( GEOMETRIC_REPRESENTATION_CONTEXT(2) 
PARAMETRIC_REPRESENTATION_CONTEXT() REPRESENTATION_CONTEXT('2D SPACE',''
  ) );
#1406 = FACE_BOUND('',#1407,.F.);
#1407 = EDGE_LOOP('',(#1408));
#1408 = ORIENTED_EDGE('',*,*,#1409,.F.);
#1409 = EDGE_CURVE('',#1410,#1410,#1412,.T.);
#1410 = VERTEX_POINT('',#1411);
#1411 = CARTESIAN_POINT('',(-14.19120792843,22.379893152826,6.));
#1412 = SURFACE_CURVE('',#1413,(#1458,#1506),.PCURVE_S1.);
#1413 = B_SPLINE_CURVE_WITH_KNOTS('',7,(#1414,#1415,#1416,#1417,#1418,
    #1419,#1420,#1421,#1422,#1423,#1424,#1425,#1426,#1427,#1428,#1429,
    #1430,#1431,#1432,#1433,#1434,#1435,#1436,#1437,#1438,#1439,#1440,
    #1441,#1442,#1443,#1444,#1445,#1446,#1447,#1448,#1449,#1450,#1451,
    #1452,#1453,#1454,#1455,#1456,#1457),.UNSPECIFIED.,.T.,.F.,(8,6,6,6,
    6,6,6,8),(0.,0.150215596563,0.287150366717,0.42468459067,
    0.587471813694,0.714051341391,0.840798719265,1.),.UNSPECIFIED.);
#1414 = CARTESIAN_POINT('',(-14.19120792843,22.379893152826,6.));
#1415 = CARTESIAN_POINT('',(-14.19120792843,22.379893152826,
    6.132545822303));
#1416 = CARTESIAN_POINT('',(-14.17545843415,22.389879956313,
    6.26522022664));
#1417 = CARTESIAN_POINT('',(-14.14390283979,22.409889698545,
    6.395986606947));
#1418 = CARTESIAN_POINT('',(-14.09622148473,22.440026346841,
    6.522626047068));
#1419 = CARTESIAN_POINT('',(-14.03199507678,22.480359893734,
    6.642490822805));
#1420 = CARTESIAN_POINT('',(-13.95080501232,22.53083027617,
    6.752287642886));
#1421 = CARTESIAN_POINT('',(-13.76305650276,22.645955617429,
    6.934417889946));
#1422 = CARTESIAN_POINT('',(-13.6574274305,22.710156353399,
    7.011095783495));
#1423 = CARTESIAN_POINT('',(-13.53773564787,22.782049161977,
    7.070173523139));
#1424 = CARTESIAN_POINT('',(-13.4080094433,22.858782543424,
    7.106548923714));
#1425 = CARTESIAN_POINT('',(-13.27346101935,22.9369878421,7.117543664867
    ));
#1426 = CARTESIAN_POINT('',(-13.13983757595,23.013389009899,
    7.10300429429));
#1427 = CARTESIAN_POINT('',(-12.8843745999,23.157385090565,7.02771422297
    ));
#1428 = CARTESIAN_POINT('',(-12.76584666402,23.22310412218,
    6.967721325193));
#1429 = CARTESIAN_POINT('',(-12.65938606717,23.281235348272,
    6.889493060788));
#1430 = CARTESIAN_POINT('',(-12.56670663505,23.331207453074,
    6.796813114635));
#1431 = CARTESIAN_POINT('',(-12.48887572359,23.372778231405,
    6.69336060421));
#1432 = CARTESIAN_POINT('',(-12.42630465781,23.405978996386,
    6.582721549898));
#1433 = CARTESIAN_POINT('',(-12.32232722121,23.460910359461,
    6.332994174168));
#1434 = CARTESIAN_POINT('',(-12.28557289909,23.480125389974,
    6.189185987201));
#1435 = CARTESIAN_POINT('',(-12.26914100618,23.48865620782,
    6.040842494073));
#1436 = CARTESIAN_POINT('',(-12.27316519913,23.486566416814,
    5.89155203811));
#1437 = CARTESIAN_POINT('',(-12.2974723116,23.473919485031,
    5.744549591118));
#1438 = CARTESIAN_POINT('',(-12.34188016533,23.450657377707,
    5.602874904525));
#1439 = CARTESIAN_POINT('',(-12.45663499389,23.389858310673,
    5.366805723949));
#1440 = CARTESIAN_POINT('',(-12.5196909557,23.356289382542,
    5.267515907231));
#1441 = CARTESIAN_POINT('',(-12.5957239759,23.315535245817,
    5.175143719569));
#1442 = CARTESIAN_POINT('',(-12.68426609083,23.267633566418,
    5.092662980947));
#1443 = CARTESIAN_POINT('',(-12.78433042787,23.212849812059,
    5.023056385633));
#1444 = CARTESIAN_POINT('',(-12.89440683521,23.151730249351,
    4.969329075734));
#1445 = CARTESIAN_POINT('',(-13.13051972881,23.018641173984,
    4.899741862458));
#1446 = CARTESIAN_POINT('',(-13.25427106092,22.947957070174,
    4.884612491904));
#1447 = CARTESIAN_POINT('',(-13.37932863006,22.875438099862,
    4.891413681039));
#1448 = CARTESIAN_POINT('',(-13.50094627534,22.803771162119,
    4.920260932168));
#1449 = CARTESIAN_POINT('',(-13.61472010346,22.735746480492,
    4.969232995706));
#1450 = CARTESIAN_POINT('',(-13.71710211418,22.673816520196,
    5.034438681942));
#1451 = CARTESIAN_POINT('',(-13.91765189826,22.551409645775,
    5.205092365668));
#1452 = CARTESIAN_POINT('',(-14.0101227559,22.494086809451,
    5.318351923051));
#1453 = CARTESIAN_POINT('',(-14.0832510993,22.448222488683,5.44412644245
    ));
#1454 = CARTESIAN_POINT('',(-14.1374884966,22.413957187834,
    5.578245919209));
#1455 = CARTESIAN_POINT('',(-14.1733347201,22.391226585626,
    5.717385903187));
#1456 = CARTESIAN_POINT('',(-14.19120792843,22.379893152826,
    5.858799960646));
#1457 = CARTESIAN_POINT('',(-14.19120792843,22.379893152826,6.));
#1458 = PCURVE('',#74,#1459);
#1459 = DEFINITIONAL_REPRESENTATION('',(#1460),#1505);
#1460 = B_SPLINE_CURVE_WITH_KNOTS('',7,(#1461,#1462,#1463,#1464,#1465,
    #1466,#1467,#1468,#1469,#1470,#1471,#1472,#1473,#1474,#1475,#1476,
    #1477,#1478,#1479,#1480,#1481,#1482,#1483,#1484,#1485,#1486,#1487,
    #1488,#1489,#1490,#1491,#1492,#1493,#1494,#1495,#1496,#1497,#1498,
    #1499,#1500,#1501,#1502,#1503,#1504),.UNSPECIFIED.,.T.,.F.,(8,6,6,6,
    6,6,6,8),(0.,0.150215596563,0.287150366717,0.42468459067,
    0.587471813694,0.714051341391,0.840798719265,1.),.UNSPECIFIED.);
#1461 = CARTESIAN_POINT('',(2.135916465962,7.));
#1462 = CARTESIAN_POINT('',(2.135916465962,7.132545822303));
#1463 = CARTESIAN_POINT('',(2.135212732451,7.26522022664));
#1464 = CARTESIAN_POINT('',(2.133802731774,7.395986606947));
#1465 = CARTESIAN_POINT('',(2.131674174002,7.522626047068));
#1466 = CARTESIAN_POINT('',(2.128812285723,7.642490822805));
#1467 = CARTESIAN_POINT('',(2.125204860121,7.752287642886));
#1468 = CARTESIAN_POINT('',(2.116894114672,7.934417889946));
#1469 = CARTESIAN_POINT('',(2.112229653497,8.011095783495));
#1470 = CARTESIAN_POINT('',(2.106960958814,8.070173523139));
#1471 = CARTESIAN_POINT('',(2.101273635099,8.106548923714));
#1472 = CARTESIAN_POINT('',(2.095401213898,8.117543664867));
#1473 = CARTESIAN_POINT('',(2.089592897648,8.10300429429));
#1474 = CARTESIAN_POINT('',(2.078526818677,8.02771422297));
#1475 = CARTESIAN_POINT('',(2.07341267712,7.967721325193));
#1476 = CARTESIAN_POINT('',(2.068835547602,7.889493060788));
#1477 = CARTESIAN_POINT('',(2.064862274403,7.796813114635));
#1478 = CARTESIAN_POINT('',(2.061532594967,7.69336060421));
#1479 = CARTESIAN_POINT('',(2.058859625098,7.582721549898));
#1480 = CARTESIAN_POINT('',(2.054422049377,7.332994174168));
#1481 = CARTESIAN_POINT('',(2.05285700516,7.189185987201));
#1482 = CARTESIAN_POINT('',(2.052158344441,7.040842494073));
#1483 = CARTESIAN_POINT('',(2.052329456807,6.89155203811));
#1484 = CARTESIAN_POINT('',(2.053363438683,6.744549591118));
#1485 = CARTESIAN_POINT('',(2.055255178562,6.602874904525));
#1486 = CARTESIAN_POINT('',(2.060155785136,6.366805723949));
#1487 = CARTESIAN_POINT('',(2.062851430486,6.267515907231));
#1488 = CARTESIAN_POINT('',(2.066106755009,6.175143719569));
#1489 = CARTESIAN_POINT('',(2.069905527102,6.092662980947));
#1490 = CARTESIAN_POINT('',(2.074210307326,6.023056385633));
#1491 = CARTESIAN_POINT('',(2.078961392446,5.969329075734));
#1492 = CARTESIAN_POINT('',(2.089189269561,5.899741862458));
#1493 = CARTESIAN_POINT('',(2.094567122377,5.884612491904));
#1494 = CARTESIAN_POINT('',(2.100022129914,5.891413681039));
#1495 = CARTESIAN_POINT('',(2.105348816891,5.920260932168));
#1496 = CARTESIAN_POINT('',(2.11035093061,5.969232995706));
#1497 = CARTESIAN_POINT('',(2.114866189212,6.034438681942));
#1498 = CARTESIAN_POINT('',(2.12373240011,6.205092365668));
#1499 = CARTESIAN_POINT('',(2.127837845142,6.318351923051));
#1500 = CARTESIAN_POINT('',(2.131095192788,6.44412644245));
#1501 = CARTESIAN_POINT('',(2.13351611785,6.578245919209));
#1502 = CARTESIAN_POINT('',(2.135117839097,6.717385903187));
#1503 = CARTESIAN_POINT('',(2.135916465962,6.858799960646));
#1504 = CARTESIAN_POINT('',(2.135916465962,7.));
#1505 = ( GEOMETRIC_REPRESENTATION_CONTEXT(2) 
PARAMETRIC_REPRESENTATION_CONTEXT() REPRESENTATION_CONTEXT('2D SPACE',''
  ) );
#1506 = PCURVE('',#472,#1507);
#1507 = DEFINITIONAL_REPRESENTATION('',(#1508),#1553);
#1508 = B_SPLINE_CURVE_WITH_KNOTS('',7,(#1509,#1510,#1511,#1512,#1513,
    #1514,#1515,#1516,#1517,#1518,#1519,#1520,#1521,#1522,#1523,#1524,
    #1525,#1526,#1527,#1528,#1529,#1530,#1531,#1532,#1533,#1534,#1535,
    #1536,#1537,#1538,#1539,#1540,#1541,#1542,#1543,#1544,#1545,#1546,
    #1547,#1548,#1549,#1550,#1551,#1552),.UNSPECIFIED.,.F.,.F.,(8,6,6,6,
    6,6,6,8),(0.,0.150215596563,0.287150366717,0.42468459067,
    0.587471813694,0.714051341391,0.840798719265,1.),.UNSPECIFIED.);
#1509 = CARTESIAN_POINT('',(0.,-0.677159968546));
#1510 = CARTESIAN_POINT('',(-0.120496202093,-0.677159968546));
#1511 = CARTESIAN_POINT('',(-0.241108923678,-0.67793404693));
#1512 = CARTESIAN_POINT('',(-0.362846720426,-0.679485194845));
#1513 = CARTESIAN_POINT('',(-0.486567802983,-0.681743620324));
#1514 = CARTESIAN_POINT('',(-0.613209331817,-0.684560292585));
#1515 = CARTESIAN_POINT('',(-0.743762469838,-0.687673893679));
#1516 = CARTESIAN_POINT('',(-1.003515718125,-0.693501109053));
#1517 = CARTESIAN_POINT('',(-1.134511378838,-0.69628604121));
#1518 = CARTESIAN_POINT('',(-1.269633554694,-0.698701148476));
#1519 = CARTESIAN_POINT('',(-1.407214536732,-0.700291103843));
#1520 = CARTESIAN_POINT('',(-1.545992745547,-0.700744667233));
#1521 = CARTESIAN_POINT('',(-1.684812102136,-0.700098297724));
#1522 = CARTESIAN_POINT('',(-1.960036479621,-0.6970710736));
#1523 = CARTESIAN_POINT('',(-2.092918859392,-0.694721456551));
#1524 = CARTESIAN_POINT('',(-2.221662446037,-0.691834276675));
#1525 = CARTESIAN_POINT('',(-2.346746007597,-0.688771672851));
#1526 = CARTESIAN_POINT('',(-2.468458179714,-0.685857567215));
#1527 = CARTESIAN_POINT('',(-2.586866428814,-0.683324740224));
#1528 = CARTESIAN_POINT('',(-2.837770605925,-0.678907977809));
#1529 = CARTESIAN_POINT('',(-2.972101656896,-0.677171521308));
#1530 = CARTESIAN_POINT('',(-3.105395576288,-0.676343479823));
#1531 = CARTESIAN_POINT('',(-3.238308706925,-0.676545764198));
#1532 = CARTESIAN_POINT('',(-3.371673383053,-0.677746756227));
#1533 = CARTESIAN_POINT('',(-3.506475094611,-0.679805107205));
#1534 = CARTESIAN_POINT('',(-3.751376053219,-0.68452898491));
#1535 = CARTESIAN_POINT('',(-3.861742378803,-0.686985421273));
#1536 = CARTESIAN_POINT('',(-3.975097696488,-0.68970781366));
#1537 = CARTESIAN_POINT('',(-4.091449828181,-0.692494799882));
#1538 = CARTESIAN_POINT('',(-4.210960374476,-0.695082845413));
#1539 = CARTESIAN_POINT('',(-4.333957108908,-0.697189955112));
#1540 = CARTESIAN_POINT('',(-4.588334573547,-0.699987881678));
#1541 = CARTESIAN_POINT('',(-4.717242445041,-0.700649318188));
#1542 = CARTESIAN_POINT('',(-4.846365414368,-0.700374832213));
#1543 = CARTESIAN_POINT('',(-4.974624808871,-0.699118266152));
#1544 = CARTESIAN_POINT('',(-5.100888233361,-0.697094077839));
#1545 = CARTESIAN_POINT('',(-5.223715766629,-0.694652164331));
#1546 = CARTESIAN_POINT('',(-5.487655210283,-0.68891959352));
#1547 = CARTESIAN_POINT('',(-5.62815380733,-0.685511989867));
#1548 = CARTESIAN_POINT('',(-5.763983528322,-0.682356494659));
#1549 = CARTESIAN_POINT('',(-5.89631555048,-0.679800572302));
#1550 = CARTESIAN_POINT('',(-6.026264049604,-0.678038405098));
#1551 = CARTESIAN_POINT('',(-6.15482163504,-0.677159968546));
#1552 = CARTESIAN_POINT('',(-6.28318530718,-0.677159968546));
#1553 = ( GEOMETRIC_REPRESENTATION_CONTEXT(2) 
PARAMETRIC_REPRESENTATION_CONTEXT() REPRESENTATION_CONTEXT('2D SPACE',''
  ) );
#1554 = FACE_BOUND('',#1555,.F.);
#1555 = EDGE_LOOP('',(#1556));
#1556 = ORIENTED_EDGE('',*,*,#1557,.F.);
#1557 = EDGE_CURVE('',#1558,#1558,#1560,.T.);
#1558 = VERTEX_POINT('',#1559);
#1559 = CARTESIAN_POINT('',(-12.28595204011,-23.47989315282,6.));
#1560 = SURFACE_CURVE('',#1561,(#1606,#1654),.PCURVE_S1.);
#1561 = B_SPLINE_CURVE_WITH_KNOTS('',7,(#1562,#1563,#1564,#1565,#1566,
    #1567,#1568,#1569,#1570,#1571,#1572,#1573,#1574,#1575,#1576,#1577,
    #1578,#1579,#1580,#1581,#1582,#1583,#1584,#1585,#1586,#1587,#1588,
    #1589,#1590,#1591,#1592,#1593,#1594,#1595,#1596,#1597,#1598,#1599,
    #1600,#1601,#1602,#1603,#1604,#1605),.UNSPECIFIED.,.T.,.F.,(8,6,6,6,
    6,6,6,8),(0.,0.15021559175,0.287150357516,0.424684580567,
    0.587471806425,0.714051336342,0.840798716454,1.),.UNSPECIFIED.);
#1562 = CARTESIAN_POINT('',(-12.28595204011,-23.47989315282,6.));
#1563 = CARTESIAN_POINT('',(-12.28595204011,-23.47989315282,
    6.132545822303));
#1564 = CARTESIAN_POINT('',(-12.30247561277,-23.47124709242,
    6.265220226639));
#1565 = CARTESIAN_POINT('',(-12.33558235504,-23.45392401719,
    6.395986606947));
#1566 = CARTESIAN_POINT('',(-12.38552213558,-23.42769907657,
    6.522626047067));
#1567 = CARTESIAN_POINT('',(-12.45256521579,-23.39224414914,
    6.642490822805));
#1568 = CARTESIAN_POINT('',(-12.53686888135,-23.34716668199,
    6.752287642886));
#1569 = CARTESIAN_POINT('',(-12.73044460628,-23.24213437383,
    6.934417889946));
#1570 = CARTESIAN_POINT('',(-12.83885861071,-23.18275728185,
    7.011095783495));
#1571 = CARTESIAN_POINT('',(-12.96096550059,-23.11504756176,
    7.070173523139));
#1572 = CARTESIAN_POINT('',(-13.09228166053,-23.04106806379,
    7.106548923714));
#1573 = CARTESIAN_POINT('',(-13.22728364787,-22.96364835995,
    7.117543664867));
#1574 = CARTESIAN_POINT('',(-13.36026072176,-22.88612764732,
    7.10300429429));
#1575 = CARTESIAN_POINT('',(-13.61269647692,-22.73688825876,
    7.027714222008));
#1576 = CARTESIAN_POINT('',(-13.72887478459,-22.66709957763,
    6.96772132669));
#1577 = CARTESIAN_POINT('',(-13.83244821669,-22.60396760044,
    6.889493062907));
#1578 = CARTESIAN_POINT('',(-13.92206503656,-22.54869091498,
    6.796813107157));
#1579 = CARTESIAN_POINT('',(-13.99698184158,-22.50207275837,
    6.693360611544));
#1580 = CARTESIAN_POINT('',(-14.05702008349,-22.46448500634,
    6.582721547158));
#1581 = CARTESIAN_POINT('',(-14.15658075659,-22.40190358704,
    6.332994174167));
#1582 = CARTESIAN_POINT('',(-14.19159862221,-22.37968092564,6.1891859872
    ));
#1583 = CARTESIAN_POINT('',(-14.20720247363,-22.36971589787,
    6.040842494073));
#1584 = CARTESIAN_POINT('',(-14.20338056506,-22.3721560557,5.89155203811
    ));
#1585 = CARTESIAN_POINT('',(-14.18027444462,-22.38688316669,
    5.744549591119));
#1586 = CARTESIAN_POINT('',(-14.13792494187,-22.41371044249,
    5.602874904525));
#1587 = CARTESIAN_POINT('',(-14.027893991,-22.48269150572,5.366805723935
    ));
#1588 = CARTESIAN_POINT('',(-13.96729446556,-22.52051510644,
    5.267515907233));
#1589 = CARTESIAN_POINT('',(-13.89398383776,-22.56598456509,
    5.175143719581));
#1590 = CARTESIAN_POINT('',(-13.80822870905,-22.61871344622,
    5.092662980952));
#1591 = CARTESIAN_POINT('',(-13.71075241753,-22.67797982694,
    5.023056385628));
#1592 = CARTESIAN_POINT('',(-13.60278311987,-22.74274901071,
    4.96932907573));
#1593 = CARTESIAN_POINT('',(-13.36946815286,-22.88068423704,
    4.899741862458));
#1594 = CARTESIAN_POINT('',(-13.24637825726,-22.95251398249,
    4.884612491904));
#1595 = CARTESIAN_POINT('',(-13.12104620214,-23.02455752915,
    4.891413681039));
#1596 = CARTESIAN_POINT('',(-12.99817199081,-23.09404803063,
    4.920260932168));
#1597 = CARTESIAN_POINT('',(-12.88237397437,-23.15856671525,
    4.969232995706));
#1598 = CARTESIAN_POINT('',(-12.77755005014,-23.21626715728,
    5.034438681942));
#1599 = CARTESIAN_POINT('',(-12.57126769526,-23.3287449278,
    5.205092365668));
#1600 = CARTESIAN_POINT('',(-12.47538923396,-23.38016562147,
    5.318351923051));
#1601 = CARTESIAN_POINT('',(-12.39910539534,-23.42056446421,
    5.444126442451));
#1602 = CARTESIAN_POINT('',(-12.3423120757,-23.45040277768,
    5.578245919209));
#1603 = CARTESIAN_POINT('',(-12.30470368499,-23.47008121676,
    5.717385903187));
#1604 = CARTESIAN_POINT('',(-12.28595204011,-23.47989315282,
    5.858799960646));
#1605 = CARTESIAN_POINT('',(-12.28595204011,-23.47989315282,6.));
#1606 = PCURVE('',#74,#1607);
#1607 = DEFINITIONAL_REPRESENTATION('',(#1608),#1653);
#1608 = B_SPLINE_CURVE_WITH_KNOTS('',7,(#1609,#1610,#1611,#1612,#1613,
    #1614,#1615,#1616,#1617,#1618,#1619,#1620,#1621,#1622,#1623,#1624,
    #1625,#1626,#1627,#1628,#1629,#1630,#1631,#1632,#1633,#1634,#1635,
    #1636,#1637,#1638,#1639,#1640,#1641,#1642,#1643,#1644,#1645,#1646,
    #1647,#1648,#1649,#1650,#1651,#1652),.UNSPECIFIED.,.T.,.F.,(8,6,6,6,
    6,6,6,8),(0.,0.15021559175,0.287150357516,0.424684580567,
    0.587471806425,0.714051336342,0.840798716454,1.),.UNSPECIFIED.);
#1609 = CARTESIAN_POINT('',(4.230311568356,7.));
#1610 = CARTESIAN_POINT('',(4.230311568356,7.132545822303));
#1611 = CARTESIAN_POINT('',(4.229607834844,7.265220226639));
#1612 = CARTESIAN_POINT('',(4.228197834167,7.395986606947));
#1613 = CARTESIAN_POINT('',(4.226069276395,7.522626047067));
#1614 = CARTESIAN_POINT('',(4.223207388117,7.642490822805));
#1615 = CARTESIAN_POINT('',(4.219599962514,7.752287642886));
#1616 = CARTESIAN_POINT('',(4.211289217065,7.934417889946));
#1617 = CARTESIAN_POINT('',(4.20662475589,8.011095783495));
#1618 = CARTESIAN_POINT('',(4.201356061207,8.070173523139));
#1619 = CARTESIAN_POINT('',(4.195668737492,8.106548923714));
#1620 = CARTESIAN_POINT('',(4.189796316291,8.117543664867));
#1621 = CARTESIAN_POINT('',(4.183988000041,8.10300429429));
#1622 = CARTESIAN_POINT('',(4.172921920929,8.027714222008));
#1623 = CARTESIAN_POINT('',(4.16780777986,7.96772132669));
#1624 = CARTESIAN_POINT('',(4.163230649681,7.889493062907));
#1625 = CARTESIAN_POINT('',(4.159257376847,7.796813107157));
#1626 = CARTESIAN_POINT('',(4.155927697452,7.693360611544));
#1627 = CARTESIAN_POINT('',(4.153254727443,7.582721547158));
#1628 = CARTESIAN_POINT('',(4.14881715177,7.332994174167));
#1629 = CARTESIAN_POINT('',(4.147252107553,7.1891859872));
#1630 = CARTESIAN_POINT('',(4.146553446834,7.040842494073));
#1631 = CARTESIAN_POINT('',(4.1467245592,6.89155203811));
#1632 = CARTESIAN_POINT('',(4.147758541077,6.744549591119));
#1633 = CARTESIAN_POINT('',(4.149650280955,6.602874904525));
#1634 = CARTESIAN_POINT('',(4.154550887529,6.366805723935));
#1635 = CARTESIAN_POINT('',(4.157246532879,6.267515907233));
#1636 = CARTESIAN_POINT('',(4.160501857402,6.175143719581));
#1637 = CARTESIAN_POINT('',(4.164300629495,6.092662980952));
#1638 = CARTESIAN_POINT('',(4.16860540972,6.023056385628));
#1639 = CARTESIAN_POINT('',(4.17335649484,5.96932907573));
#1640 = CARTESIAN_POINT('',(4.183584371954,5.899741862458));
#1641 = CARTESIAN_POINT('',(4.18896222477,5.884612491904));
#1642 = CARTESIAN_POINT('',(4.194417232307,5.891413681039));
#1643 = CARTESIAN_POINT('',(4.199743919284,5.920260932168));
#1644 = CARTESIAN_POINT('',(4.204746033003,5.969232995706));
#1645 = CARTESIAN_POINT('',(4.209261291605,6.034438681942));
#1646 = CARTESIAN_POINT('',(4.218127502503,6.205092365668));
#1647 = CARTESIAN_POINT('',(4.222232947535,6.318351923051));
#1648 = CARTESIAN_POINT('',(4.225490295181,6.444126442451));
#1649 = CARTESIAN_POINT('',(4.227911220243,6.578245919209));
#1650 = CARTESIAN_POINT('',(4.22951294149,6.717385903187));
#1651 = CARTESIAN_POINT('',(4.230311568356,6.858799960646));
#1652 = CARTESIAN_POINT('',(4.230311568356,7.));
#1653 = ( GEOMETRIC_REPRESENTATION_CONTEXT(2) 
PARAMETRIC_REPRESENTATION_CONTEXT() REPRESENTATION_CONTEXT('2D SPACE',''
  ) );
#1654 = PCURVE('',#625,#1655);
#1655 = DEFINITIONAL_REPRESENTATION('',(#1656),#1701);
#1656 = B_SPLINE_CURVE_WITH_KNOTS('',7,(#1657,#1658,#1659,#1660,#1661,
    #1662,#1663,#1664,#1665,#1666,#1667,#1668,#1669,#1670,#1671,#1672,
    #1673,#1674,#1675,#1676,#1677,#1678,#1679,#1680,#1681,#1682,#1683,
    #1684,#1685,#1686,#1687,#1688,#1689,#1690,#1691,#1692,#1693,#1694,
    #1695,#1696,#1697,#1698,#1699,#1700),.UNSPECIFIED.,.F.,.F.,(8,6,6,6,
    6,6,6,8),(0.,0.15021559175,0.287150357516,0.424684580567,
    0.587471806425,0.714051336342,0.840798716454,1.),.UNSPECIFIED.);
#1657 = CARTESIAN_POINT('',(0.,-0.677159968546));
#1658 = CARTESIAN_POINT('',(-0.120496202093,-0.677159968546));
#1659 = CARTESIAN_POINT('',(-0.241108923678,-0.67793404693));
#1660 = CARTESIAN_POINT('',(-0.362846720426,-0.679485194846));
#1661 = CARTESIAN_POINT('',(-0.486567802983,-0.681743620324));
#1662 = CARTESIAN_POINT('',(-0.613209331817,-0.684560292585));
#1663 = CARTESIAN_POINT('',(-0.743762469838,-0.687673893679));
#1664 = CARTESIAN_POINT('',(-1.003515718125,-0.693501109053));
#1665 = CARTESIAN_POINT('',(-1.134511378838,-0.69628604121));
#1666 = CARTESIAN_POINT('',(-1.269633554693,-0.698701148476));
#1667 = CARTESIAN_POINT('',(-1.407214536732,-0.700291103843));
#1668 = CARTESIAN_POINT('',(-1.545992745546,-0.700744667233));
#1669 = CARTESIAN_POINT('',(-1.684812102136,-0.700098297724));
#1670 = CARTESIAN_POINT('',(-1.960036483137,-0.697071073562));
#1671 = CARTESIAN_POINT('',(-2.092918851378,-0.694721456638));
#1672 = CARTESIAN_POINT('',(-2.221662451136,-0.691834276652));
#1673 = CARTESIAN_POINT('',(-2.34674601112,-0.688771672738));
#1674 = CARTESIAN_POINT('',(-2.468458173282,-0.685857567347));
#1675 = CARTESIAN_POINT('',(-2.586866431566,-0.683324740176));
#1676 = CARTESIAN_POINT('',(-2.837770605926,-0.678907977809));
#1677 = CARTESIAN_POINT('',(-2.972101656897,-0.677171521308));
#1678 = CARTESIAN_POINT('',(-3.105395576288,-0.676343479823));
#1679 = CARTESIAN_POINT('',(-3.238308706925,-0.676545764198));
#1680 = CARTESIAN_POINT('',(-3.371673383052,-0.677746756227));
#1681 = CARTESIAN_POINT('',(-3.50647509461,-0.679805107205));
#1682 = CARTESIAN_POINT('',(-3.751376053234,-0.684528984911));
#1683 = CARTESIAN_POINT('',(-3.861742378803,-0.686985421273));
#1684 = CARTESIAN_POINT('',(-3.975097696476,-0.68970781366));
#1685 = CARTESIAN_POINT('',(-4.09144982817,-0.692494799882));
#1686 = CARTESIAN_POINT('',(-4.210960374478,-0.695082845413));
#1687 = CARTESIAN_POINT('',(-4.333957108923,-0.697189955112));
#1688 = CARTESIAN_POINT('',(-4.588334573547,-0.699987881678));
#1689 = CARTESIAN_POINT('',(-4.717242445041,-0.700649318188));
#1690 = CARTESIAN_POINT('',(-4.846365414368,-0.700374832213));
#1691 = CARTESIAN_POINT('',(-4.974624808871,-0.699118266152));
#1692 = CARTESIAN_POINT('',(-5.100888233361,-0.697094077839));
#1693 = CARTESIAN_POINT('',(-5.223715766629,-0.694652164331));
#1694 = CARTESIAN_POINT('',(-5.487655210283,-0.68891959352));
#1695 = CARTESIAN_POINT('',(-5.62815380733,-0.685511989867));
#1696 = CARTESIAN_POINT('',(-5.763983528323,-0.682356494659));
#1697 = CARTESIAN_POINT('',(-5.896315550479,-0.679800572302));
#1698 = CARTESIAN_POINT('',(-6.026264049604,-0.678038405098));
#1699 = CARTESIAN_POINT('',(-6.15482163504,-0.677159968546));
#1700 = CARTESIAN_POINT('',(-6.28318530718,-0.677159968546));
#1701 = ( GEOMETRIC_REPRESENTATION_CONTEXT(2) 
PARAMETRIC_REPRESENTATION_CONTEXT() REPRESENTATION_CONTEXT('2D SPACE',''
  ) );
#1702 = FACE_BOUND('',#1703,.F.);
#1703 = EDGE_LOOP('',(#1704,#1730,#1751,#1775));
#1704 = ORIENTED_EDGE('',*,*,#1705,.F.);
#1705 = EDGE_CURVE('',#1706,#1708,#1710,.T.);
#1706 = VERTEX_POINT('',#1707);
#1707 = CARTESIAN_POINT('',(21.471334907755,15.531637945788,96.8));
#1708 = VERTEX_POINT('',#1709);
#1709 = CARTESIAN_POINT('',(15.531637945788,21.471334907755,96.8));
#1710 = SURFACE_CURVE('',#1711,(#1716,#1723),.PCURVE_S1.);
#1711 = CIRCLE('',#1712,26.5);
#1712 = AXIS2_PLACEMENT_3D('',#1713,#1714,#1715);
#1713 = CARTESIAN_POINT('',(0.,0.,96.8));
#1714 = DIRECTION('',(0.,0.,1.));
#1715 = DIRECTION('',(1.,0.,-0.));
#1716 = PCURVE('',#74,#1717);
#1717 = DEFINITIONAL_REPRESENTATION('',(#1718),#1722);
#1718 = LINE('',#1719,#1720);
#1719 = CARTESIAN_POINT('',(0.,97.8));
#1720 = VECTOR('',#1721,1.);
#1721 = DIRECTION('',(1.,0.));
#1722 = ( GEOMETRIC_REPRESENTATION_CONTEXT(2) 
PARAMETRIC_REPRESENTATION_CONTEXT() REPRESENTATION_CONTEXT('2D SPACE',''
  ) );
#1723 = PCURVE('',#699,#1724);
#1724 = DEFINITIONAL_REPRESENTATION('',(#1725),#1729);
#1725 = CIRCLE('',#1726,26.5);
#1726 = AXIS2_PLACEMENT_2D('',#1727,#1728);
#1727 = CARTESIAN_POINT('',(5.825897977103E-18,4.2));
#1728 = DIRECTION('',(0.707106781187,-0.707106781187));
#1729 = ( GEOMETRIC_REPRESENTATION_CONTEXT(2) 
PARAMETRIC_REPRESENTATION_CONTEXT() REPRESENTATION_CONTEXT('2D SPACE',''
  ) );
#1730 = ORIENTED_EDGE('',*,*,#1731,.T.);
#1731 = EDGE_CURVE('',#1706,#1732,#1734,.T.);
#1732 = VERTEX_POINT('',#1733);
#1733 = CARTESIAN_POINT('',(21.471334907755,15.531637945788,123.2));
#1734 = SURFACE_CURVE('',#1735,(#1739,#1745),.PCURVE_S1.);
#1735 = LINE('',#1736,#1737);
#1736 = CARTESIAN_POINT('',(21.471334907755,15.531637945788,-1.));
#1737 = VECTOR('',#1738,1.);
#1738 = DIRECTION('',(0.,0.,1.));
#1739 = PCURVE('',#74,#1740);
#1740 = DEFINITIONAL_REPRESENTATION('',(#1741),#1744);
#1741 = B_SPLINE_CURVE_WITH_KNOTS('',1,(#1742,#1743),.UNSPECIFIED.,.F.,
  .F.,(2,2),(95.16,126.84),.PIECEWISE_BEZIER_KNOTS.);
#1742 = CARTESIAN_POINT('',(0.626236455357,95.16));
#1743 = CARTESIAN_POINT('',(0.626236455357,126.84));
#1744 = ( GEOMETRIC_REPRESENTATION_CONTEXT(2) 
PARAMETRIC_REPRESENTATION_CONTEXT() REPRESENTATION_CONTEXT('2D SPACE',''
  ) );
#1745 = PCURVE('',#726,#1746);
#1746 = DEFINITIONAL_REPRESENTATION('',(#1747),#1750);
#1747 = B_SPLINE_CURVE_WITH_KNOTS('',1,(#1748,#1749),.UNSPECIFIED.,.F.,
  .F.,(2,2),(95.16,126.84),.PIECEWISE_BEZIER_KNOTS.);
#1748 = CARTESIAN_POINT('',(-2.64,26.165053028802));
#1749 = CARTESIAN_POINT('',(29.04,26.165053028802));
#1750 = ( GEOMETRIC_REPRESENTATION_CONTEXT(2) 
PARAMETRIC_REPRESENTATION_CONTEXT() REPRESENTATION_CONTEXT('2D SPACE',''
  ) );
#1751 = ORIENTED_EDGE('',*,*,#1752,.T.);
#1752 = EDGE_CURVE('',#1732,#1753,#1755,.T.);
#1753 = VERTEX_POINT('',#1754);
#1754 = CARTESIAN_POINT('',(15.531637945788,21.471334907755,123.2));
#1755 = SURFACE_CURVE('',#1756,(#1761,#1768),.PCURVE_S1.);
#1756 = CIRCLE('',#1757,26.5);
#1757 = AXIS2_PLACEMENT_3D('',#1758,#1759,#1760);
#1758 = CARTESIAN_POINT('',(0.,0.,123.2));
#1759 = DIRECTION('',(0.,0.,1.));
#1760 = DIRECTION('',(1.,0.,-0.));
#1761 = PCURVE('',#74,#1762);
#1762 = DEFINITIONAL_REPRESENTATION('',(#1763),#1767);
#1763 = LINE('',#1764,#1765);
#1764 = CARTESIAN_POINT('',(0.,124.2));
#1765 = VECTOR('',#1766,1.);
#1766 = DIRECTION('',(1.,0.));
#1767 = ( GEOMETRIC_REPRESENTATION_CONTEXT(2) 
PARAMETRIC_REPRESENTATION_CONTEXT() REPRESENTATION_CONTEXT('2D SPACE',''
  ) );
#1768 = PCURVE('',#754,#1769);
#1769 = DEFINITIONAL_REPRESENTATION('',(#1770),#1774);
#1770 = CIRCLE('',#1771,26.5);
#1771 = AXIS2_PLACEMENT_2D('',#1772,#1773);
#1772 = CARTESIAN_POINT('',(5.825897977103E-18,4.2));
#1773 = DIRECTION('',(0.707106781187,-0.707106781187));
#1774 = ( GEOMETRIC_REPRESENTATION_CONTEXT(2) 
PARAMETRIC_REPRESENTATION_CONTEXT() REPRESENTATION_CONTEXT('2D SPACE',''
  ) );
#1775 = ORIENTED_EDGE('',*,*,#1776,.F.);
#1776 = EDGE_CURVE('',#1708,#1753,#1777,.T.);
#1777 = SURFACE_CURVE('',#1778,(#1782,#1788),.PCURVE_S1.);
#1778 = LINE('',#1779,#1780);
#1779 = CARTESIAN_POINT('',(15.531637945788,21.471334907755,-1.));
#1780 = VECTOR('',#1781,1.);
#1781 = DIRECTION('',(0.,0.,1.));
#1782 = PCURVE('',#74,#1783);
#1783 = DEFINITIONAL_REPRESENTATION('',(#1784),#1787);
#1784 = B_SPLINE_CURVE_WITH_KNOTS('',1,(#1785,#1786),.UNSPECIFIED.,.F.,
  .F.,(2,2),(95.16,126.84),.PIECEWISE_BEZIER_KNOTS.);
#1785 = CARTESIAN_POINT('',(0.944559871437,95.16));
#1786 = CARTESIAN_POINT('',(0.944559871437,126.84));
#1787 = ( GEOMETRIC_REPRESENTATION_CONTEXT(2) 
PARAMETRIC_REPRESENTATION_CONTEXT() REPRESENTATION_CONTEXT('2D SPACE',''
  ) );
#1788 = PCURVE('',#779,#1789);
#1789 = DEFINITIONAL_REPRESENTATION('',(#1790),#1793);
#1790 = B_SPLINE_CURVE_WITH_KNOTS('',1,(#1791,#1792),.UNSPECIFIED.,.F.,
  .F.,(2,2),(95.16,126.84),.PIECEWISE_BEZIER_KNOTS.);
#1791 = CARTESIAN_POINT('',(-2.64,26.165053028802));
#1792 = CARTESIAN_POINT('',(29.04,26.165053028802));
#1793 = ( GEOMETRIC_REPRESENTATION_CONTEXT(2) 
PARAMETRIC_REPRESENTATION_CONTEXT() REPRESENTATION_CONTEXT('2D SPACE',''
  ) );
#1794 = FACE_BOUND('',#1795,.F.);
#1795 = EDGE_LOOP('',(#1796,#1822,#1843,#1867));
#1796 = ORIENTED_EDGE('',*,*,#1797,.F.);
#1797 = EDGE_CURVE('',#1798,#1800,#1802,.T.);
#1798 = VERTEX_POINT('',#1799);
#1799 = CARTESIAN_POINT('',(-15.53163794578,21.471334907755,96.8));
#1800 = VERTEX_POINT('',#1801);
#1801 = CARTESIAN_POINT('',(-21.47133490775,15.531637945788,96.8));
#1802 = SURFACE_CURVE('',#1803,(#1808,#1815),.PCURVE_S1.);
#1803 = CIRCLE('',#1804,26.5);
#1804 = AXIS2_PLACEMENT_3D('',#1805,#1806,#1807);
#1805 = CARTESIAN_POINT('',(0.,0.,96.8));
#1806 = DIRECTION('',(0.,0.,1.));
#1807 = DIRECTION('',(1.,0.,-0.));
#1808 = PCURVE('',#74,#1809);
#1809 = DEFINITIONAL_REPRESENTATION('',(#1810),#1814);
#1810 = LINE('',#1811,#1812);
#1811 = CARTESIAN_POINT('',(0.,97.8));
#1812 = VECTOR('',#1813,1.);
#1813 = DIRECTION('',(1.,0.));
#1814 = ( GEOMETRIC_REPRESENTATION_CONTEXT(2) 
PARAMETRIC_REPRESENTATION_CONTEXT() REPRESENTATION_CONTEXT('2D SPACE',''
  ) );
#1815 = PCURVE('',#811,#1816);
#1816 = DEFINITIONAL_REPRESENTATION('',(#1817),#1821);
#1817 = CIRCLE('',#1818,26.5);
#1818 = AXIS2_PLACEMENT_2D('',#1819,#1820);
#1819 = CARTESIAN_POINT('',(-2.152682256394E-17,4.2));
#1820 = DIRECTION('',(-0.707106781187,-0.707106781187));
#1821 = ( GEOMETRIC_REPRESENTATION_CONTEXT(2) 
PARAMETRIC_REPRESENTATION_CONTEXT() REPRESENTATION_CONTEXT('2D SPACE',''
  ) );
#1822 = ORIENTED_EDGE('',*,*,#1823,.T.);
#1823 = EDGE_CURVE('',#1798,#1824,#1826,.T.);
#1824 = VERTEX_POINT('',#1825);
#1825 = CARTESIAN_POINT('',(-15.53163794578,21.471334907755,123.2));
#1826 = SURFACE_CURVE('',#1827,(#1831,#1837),.PCURVE_S1.);
#1827 = LINE('',#1828,#1829);
#1828 = CARTESIAN_POINT('',(-15.53163794578,21.471334907755,-1.));
#1829 = VECTOR('',#1830,1.);
#1830 = DIRECTION('',(0.,0.,1.));
#1831 = PCURVE('',#74,#1832);
#1832 = DEFINITIONAL_REPRESENTATION('',(#1833),#1836);
#1833 = B_SPLINE_CURVE_WITH_KNOTS('',1,(#1834,#1835),.UNSPECIFIED.,.F.,
  .F.,(2,2),(95.16,126.84),.PIECEWISE_BEZIER_KNOTS.);
#1834 = CARTESIAN_POINT('',(2.197032782152,95.16));
#1835 = CARTESIAN_POINT('',(2.197032782152,126.84));
#1836 = ( GEOMETRIC_REPRESENTATION_CONTEXT(2) 
PARAMETRIC_REPRESENTATION_CONTEXT() REPRESENTATION_CONTEXT('2D SPACE',''
  ) );
#1837 = PCURVE('',#838,#1838);
#1838 = DEFINITIONAL_REPRESENTATION('',(#1839),#1842);
#1839 = B_SPLINE_CURVE_WITH_KNOTS('',1,(#1840,#1841),.UNSPECIFIED.,.F.,
  .F.,(2,2),(95.16,126.84),.PIECEWISE_BEZIER_KNOTS.);
#1840 = CARTESIAN_POINT('',(-2.64,26.165053028802));
#1841 = CARTESIAN_POINT('',(29.04,26.165053028802));
#1842 = ( GEOMETRIC_REPRESENTATION_CONTEXT(2) 
PARAMETRIC_REPRESENTATION_CONTEXT() REPRESENTATION_CONTEXT('2D SPACE',''
  ) );
#1843 = ORIENTED_EDGE('',*,*,#1844,.T.);
#1844 = EDGE_CURVE('',#1824,#1845,#1847,.T.);
#1845 = VERTEX_POINT('',#1846);
#1846 = CARTESIAN_POINT('',(-21.47133490775,15.531637945788,123.2));
#1847 = SURFACE_CURVE('',#1848,(#1853,#1860),.PCURVE_S1.);
#1848 = CIRCLE('',#1849,26.5);
#1849 = AXIS2_PLACEMENT_3D('',#1850,#1851,#1852);
#1850 = CARTESIAN_POINT('',(0.,0.,123.2));
#1851 = DIRECTION('',(0.,0.,1.));
#1852 = DIRECTION('',(1.,0.,-0.));
#1853 = PCURVE('',#74,#1854);
#1854 = DEFINITIONAL_REPRESENTATION('',(#1855),#1859);
#1855 = LINE('',#1856,#1857);
#1856 = CARTESIAN_POINT('',(0.,124.2));
#1857 = VECTOR('',#1858,1.);
#1858 = DIRECTION('',(1.,0.));
#1859 = ( GEOMETRIC_REPRESENTATION_CONTEXT(2) 
PARAMETRIC_REPRESENTATION_CONTEXT() REPRESENTATION_CONTEXT('2D SPACE',''
  ) );
#1860 = PCURVE('',#866,#1861);
#1861 = DEFINITIONAL_REPRESENTATION('',(#1862),#1866);
#1862 = CIRCLE('',#1863,26.5);
#1863 = AXIS2_PLACEMENT_2D('',#1864,#1865);
#1864 = CARTESIAN_POINT('',(-2.152682256394E-17,4.2));
#1865 = DIRECTION('',(-0.707106781187,-0.707106781187));
#1866 = ( GEOMETRIC_REPRESENTATION_CONTEXT(2) 
PARAMETRIC_REPRESENTATION_CONTEXT() REPRESENTATION_CONTEXT('2D SPACE',''
  ) );
#1867 = ORIENTED_EDGE('',*,*,#1868,.F.);
#1868 = EDGE_CURVE('',#1800,#1845,#1869,.T.);
#1869 = SURFACE_CURVE('',#1870,(#1874,#1880),.PCURVE_S1.);
#1870 = LINE('',#1871,#1872);
#1871 = CARTESIAN_POINT('',(-21.47133490775,15.531637945788,-1.));
#1872 = VECTOR('',#1873,1.);
#1873 = DIRECTION('',(0.,0.,1.));
#1874 = PCURVE('',#74,#1875);
#1875 = DEFINITIONAL_REPRESENTATION('',(#1876),#1879);
#1876 = B_SPLINE_CURVE_WITH_KNOTS('',1,(#1877,#1878),.UNSPECIFIED.,.F.,
  .F.,(2,2),(95.16,126.84),.PIECEWISE_BEZIER_KNOTS.);
#1877 = CARTESIAN_POINT('',(2.515356198232,95.16));
#1878 = CARTESIAN_POINT('',(2.515356198232,126.84));
#1879 = ( GEOMETRIC_REPRESENTATION_CONTEXT(2) 
PARAMETRIC_REPRESENTATION_CONTEXT() REPRESENTATION_CONTEXT('2D SPACE',''
  ) );
#1880 = PCURVE('',#891,#1881);
#1881 = DEFINITIONAL_REPRESENTATION('',(#1882),#1885);
#1882 = B_SPLINE_CURVE_WITH_KNOTS('',1,(#1883,#1884),.UNSPECIFIED.,.F.,
  .F.,(2,2),(95.16,126.84),.PIECEWISE_BEZIER_KNOTS.);
#1883 = CARTESIAN_POINT('',(-2.64,26.165053028802));
#1884 = CARTESIAN_POINT('',(29.04,26.165053028802));
#1885 = ( GEOMETRIC_REPRESENTATION_CONTEXT(2) 
PARAMETRIC_REPRESENTATION_CONTEXT() REPRESENTATION_CONTEXT('2D SPACE',''
  ) );
#1886 = FACE_BOUND('',#1887,.F.);
#1887 = EDGE_LOOP('',(#1888,#1914,#1935,#1959));
#1888 = ORIENTED_EDGE('',*,*,#1889,.F.);
#1889 = EDGE_CURVE('',#1890,#1892,#1894,.T.);
#1890 = VERTEX_POINT('',#1891);
#1891 = CARTESIAN_POINT('',(-21.47133490775,-15.53163794578,96.8));
#1892 = VERTEX_POINT('',#1893);
#1893 = CARTESIAN_POINT('',(-15.53163794578,-21.47133490775,96.8));
#1894 = SURFACE_CURVE('',#1895,(#1900,#1907),.PCURVE_S1.);
#1895 = CIRCLE('',#1896,26.5);
#1896 = AXIS2_PLACEMENT_3D('',#1897,#1898,#1899);
#1897 = CARTESIAN_POINT('',(0.,0.,96.8));
#1898 = DIRECTION('',(0.,0.,1.));
#1899 = DIRECTION('',(1.,0.,-0.));
#1900 = PCURVE('',#74,#1901);
#1901 = DEFINITIONAL_REPRESENTATION('',(#1902),#1906);
#1902 = LINE('',#1903,#1904);
#1903 = CARTESIAN_POINT('',(0.,97.8));
#1904 = VECTOR('',#1905,1.);
#1905 = DIRECTION('',(1.,0.));
#1906 = ( GEOMETRIC_REPRESENTATION_CONTEXT(2) 
PARAMETRIC_REPRESENTATION_CONTEXT() REPRESENTATION_CONTEXT('2D SPACE',''
  ) );
#1907 = PCURVE('',#923,#1908);
#1908 = DEFINITIONAL_REPRESENTATION('',(#1909),#1913);
#1909 = CIRCLE('',#1910,26.5);
#1910 = AXIS2_PLACEMENT_2D('',#1911,#1912);
#1911 = CARTESIAN_POINT('',(1.201956915036E-16,4.2));
#1912 = DIRECTION('',(-0.707106781187,0.707106781187));
#1913 = ( GEOMETRIC_REPRESENTATION_CONTEXT(2) 
PARAMETRIC_REPRESENTATION_CONTEXT() REPRESENTATION_CONTEXT('2D SPACE',''
  ) );
#1914 = ORIENTED_EDGE('',*,*,#1915,.T.);
#1915 = EDGE_CURVE('',#1890,#1916,#1918,.T.);
#1916 = VERTEX_POINT('',#1917);
#1917 = CARTESIAN_POINT('',(-21.47133490775,-15.53163794578,123.2));
#1918 = SURFACE_CURVE('',#1919,(#1923,#1929),.PCURVE_S1.);
#1919 = LINE('',#1920,#1921);
#1920 = CARTESIAN_POINT('',(-21.47133490775,-15.53163794578,-1.));
#1921 = VECTOR('',#1922,1.);
#1922 = DIRECTION('',(0.,0.,1.));
#1923 = PCURVE('',#74,#1924);
#1924 = DEFINITIONAL_REPRESENTATION('',(#1925),#1928);
#1925 = B_SPLINE_CURVE_WITH_KNOTS('',1,(#1926,#1927),.UNSPECIFIED.,.F.,
  .F.,(2,2),(95.16,126.84),.PIECEWISE_BEZIER_KNOTS.);
#1926 = CARTESIAN_POINT('',(3.767829108947,95.16));
#1927 = CARTESIAN_POINT('',(3.767829108947,126.84));
#1928 = ( GEOMETRIC_REPRESENTATION_CONTEXT(2) 
PARAMETRIC_REPRESENTATION_CONTEXT() REPRESENTATION_CONTEXT('2D SPACE',''
  ) );
#1929 = PCURVE('',#950,#1930);
#1930 = DEFINITIONAL_REPRESENTATION('',(#1931),#1934);
#1931 = B_SPLINE_CURVE_WITH_KNOTS('',1,(#1932,#1933),.UNSPECIFIED.,.F.,
  .F.,(2,2),(95.16,126.84),.PIECEWISE_BEZIER_KNOTS.);
#1932 = CARTESIAN_POINT('',(-2.64,26.165053028802));
#1933 = CARTESIAN_POINT('',(29.04,26.165053028802));
#1934 = ( GEOMETRIC_REPRESENTATION_CONTEXT(2) 
PARAMETRIC_REPRESENTATION_CONTEXT() REPRESENTATION_CONTEXT('2D SPACE',''
  ) );
#1935 = ORIENTED_EDGE('',*,*,#1936,.T.);
#1936 = EDGE_CURVE('',#1916,#1937,#1939,.T.);
#1937 = VERTEX_POINT('',#1938);
#1938 = CARTESIAN_POINT('',(-15.53163794578,-21.47133490775,123.2));
#1939 = SURFACE_CURVE('',#1940,(#1945,#1952),.PCURVE_S1.);
#1940 = CIRCLE('',#1941,26.5);
#1941 = AXIS2_PLACEMENT_3D('',#1942,#1943,#1944);
#1942 = CARTESIAN_POINT('',(0.,0.,123.2));
#1943 = DIRECTION('',(0.,0.,1.));
#1944 = DIRECTION('',(1.,0.,-0.));
#1945 = PCURVE('',#74,#1946);
#1946 = DEFINITIONAL_REPRESENTATION('',(#1947),#1951);
#1947 = LINE('',#1948,#1949);
#1948 = CARTESIAN_POINT('',(0.,124.2));
#1949 = VECTOR('',#1950,1.);
#1950 = DIRECTION('',(1.,0.));
#1951 = ( GEOMETRIC_REPRESENTATION_CONTEXT(2) 
PARAMETRIC_REPRESENTATION_CONTEXT() REPRESENTATION_CONTEXT('2D SPACE',''
  ) );
#1952 = PCURVE('',#978,#1953);
#1953 = DEFINITIONAL_REPRESENTATION('',(#1954),#1958);
#1954 = CIRCLE('',#1955,26.5);
#1955 = AXIS2_PLACEMENT_2D('',#1956,#1957);
#1956 = CARTESIAN_POINT('',(1.201956915036E-16,4.2));
#1957 = DIRECTION('',(-0.707106781187,0.707106781187));
#1958 = ( GEOMETRIC_REPRESENTATION_CONTEXT(2) 
PARAMETRIC_REPRESENTATION_CONTEXT() REPRESENTATION_CONTEXT('2D SPACE',''
  ) );
#1959 = ORIENTED_EDGE('',*,*,#1960,.F.);
#1960 = EDGE_CURVE('',#1892,#1937,#1961,.T.);
#1961 = SURFACE_CURVE('',#1962,(#1966,#1972),.PCURVE_S1.);
#1962 = LINE('',#1963,#1964);
#1963 = CARTESIAN_POINT('',(-15.53163794578,-21.47133490775,-1.));
#1964 = VECTOR('',#1965,1.);
#1965 = DIRECTION('',(0.,0.,1.));
#1966 = PCURVE('',#74,#1967);
#1967 = DEFINITIONAL_REPRESENTATION('',(#1968),#1971);
#1968 = B_SPLINE_CURVE_WITH_KNOTS('',1,(#1969,#1970),.UNSPECIFIED.,.F.,
  .F.,(2,2),(95.16,126.84),.PIECEWISE_BEZIER_KNOTS.);
#1969 = CARTESIAN_POINT('',(4.086152525027,95.16));
#1970 = CARTESIAN_POINT('',(4.086152525027,126.84));
#1971 = ( GEOMETRIC_REPRESENTATION_CONTEXT(2) 
PARAMETRIC_REPRESENTATION_CONTEXT() REPRESENTATION_CONTEXT('2D SPACE',''
  ) );
#1972 = PCURVE('',#1003,#1973);
#1973 = DEFINITIONAL_REPRESENTATION('',(#1974),#1977);
#1974 = B_SPLINE_CURVE_WITH_KNOTS('',1,(#1975,#1976),.UNSPECIFIED.,.F.,
  .F.,(2,2),(95.16,126.84),.PIECEWISE_BEZIER_KNOTS.);
#1975 = CARTESIAN_POINT('',(-2.64,26.165053028802));
#1976 = CARTESIAN_POINT('',(29.04,26.165053028802));
#1977 = ( GEOMETRIC_REPRESENTATION_CONTEXT(2) 
PARAMETRIC_REPRESENTATION_CONTEXT() REPRESENTATION_CONTEXT('2D SPACE',''
  ) );
#1978 = FACE_BOUND('',#1979,.F.);
#1979 = EDGE_LOOP('',(#1980,#2006,#2027,#2051));
#1980 = ORIENTED_EDGE('',*,*,#1981,.F.);
#1981 = EDGE_CURVE('',#1982,#1984,#1986,.T.);
#1982 = VERTEX_POINT('',#1983);
#1983 = CARTESIAN_POINT('',(15.531637945788,-21.47133490775,96.8));
#1984 = VERTEX_POINT('',#1985);
#1985 = CARTESIAN_POINT('',(21.471334907755,-15.53163794578,96.8));
#1986 = SURFACE_CURVE('',#1987,(#1992,#1999),.PCURVE_S1.);
#1987 = CIRCLE('',#1988,26.5);
#1988 = AXIS2_PLACEMENT_3D('',#1989,#1990,#1991);
#1989 = CARTESIAN_POINT('',(0.,0.,96.8));
#1990 = DIRECTION('',(0.,0.,1.));
#1991 = DIRECTION('',(1.,0.,-0.));
#1992 = PCURVE('',#74,#1993);
#1993 = DEFINITIONAL_REPRESENTATION('',(#1994),#1998);
#1994 = LINE('',#1995,#1996);
#1995 = CARTESIAN_POINT('',(0.,97.8));
#1996 = VECTOR('',#1997,1.);
#1997 = DIRECTION('',(1.,0.));
#1998 = ( GEOMETRIC_REPRESENTATION_CONTEXT(2) 
PARAMETRIC_REPRESENTATION_CONTEXT() REPRESENTATION_CONTEXT('2D SPACE',''
  ) );
#1999 = PCURVE('',#1035,#2000);
#2000 = DEFINITIONAL_REPRESENTATION('',(#2001),#2005);
#2001 = CIRCLE('',#2002,26.5);
#2002 = AXIS2_PLACEMENT_2D('',#2003,#2004);
#2003 = CARTESIAN_POINT('',(-3.722774715078E-17,4.2));
#2004 = DIRECTION('',(0.707106781187,0.707106781187));
#2005 = ( GEOMETRIC_REPRESENTATION_CONTEXT(2) 
PARAMETRIC_REPRESENTATION_CONTEXT() REPRESENTATION_CONTEXT('2D SPACE',''
  ) );
#2006 = ORIENTED_EDGE('',*,*,#2007,.T.);
#2007 = EDGE_CURVE('',#1982,#2008,#2010,.T.);
#2008 = VERTEX_POINT('',#2009);
#2009 = CARTESIAN_POINT('',(15.531637945788,-21.47133490775,123.2));
#2010 = SURFACE_CURVE('',#2011,(#2015,#2021),.PCURVE_S1.);
#2011 = LINE('',#2012,#2013);
#2012 = CARTESIAN_POINT('',(15.531637945788,-21.47133490775,-1.));
#2013 = VECTOR('',#2014,1.);
#2014 = DIRECTION('',(0.,0.,1.));
#2015 = PCURVE('',#74,#2016);
#2016 = DEFINITIONAL_REPRESENTATION('',(#2017),#2020);
#2017 = B_SPLINE_CURVE_WITH_KNOTS('',1,(#2018,#2019),.UNSPECIFIED.,.F.,
  .F.,(2,2),(95.16,126.84),.PIECEWISE_BEZIER_KNOTS.);
#2018 = CARTESIAN_POINT('',(5.338625435742,95.16));
#2019 = CARTESIAN_POINT('',(5.338625435742,126.84));
#2020 = ( GEOMETRIC_REPRESENTATION_CONTEXT(2) 
PARAMETRIC_REPRESENTATION_CONTEXT() REPRESENTATION_CONTEXT('2D SPACE',''
  ) );
#2021 = PCURVE('',#1062,#2022);
#2022 = DEFINITIONAL_REPRESENTATION('',(#2023),#2026);
#2023 = B_SPLINE_CURVE_WITH_KNOTS('',1,(#2024,#2025),.UNSPECIFIED.,.F.,
  .F.,(2,2),(95.16,126.84),.PIECEWISE_BEZIER_KNOTS.);
#2024 = CARTESIAN_POINT('',(-2.64,26.165053028802));
#2025 = CARTESIAN_POINT('',(29.04,26.165053028802));
#2026 = ( GEOMETRIC_REPRESENTATION_CONTEXT(2) 
PARAMETRIC_REPRESENTATION_CONTEXT() REPRESENTATION_CONTEXT('2D SPACE',''
  ) );
#2027 = ORIENTED_EDGE('',*,*,#2028,.T.);
#2028 = EDGE_CURVE('',#2008,#2029,#2031,.T.);
#2029 = VERTEX_POINT('',#2030);
#2030 = CARTESIAN_POINT('',(21.471334907755,-15.53163794578,123.2));
#2031 = SURFACE_CURVE('',#2032,(#2037,#2044),.PCURVE_S1.);
#2032 = CIRCLE('',#2033,26.5);
#2033 = AXIS2_PLACEMENT_3D('',#2034,#2035,#2036);
#2034 = CARTESIAN_POINT('',(0.,0.,123.2));
#2035 = DIRECTION('',(0.,0.,1.));
#2036 = DIRECTION('',(1.,0.,-0.));
#2037 = PCURVE('',#74,#2038);
#2038 = DEFINITIONAL_REPRESENTATION('',(#2039),#2043);
#2039 = LINE('',#2040,#2041);
#2040 = CARTESIAN_POINT('',(0.,124.2));
#2041 = VECTOR('',#2042,1.);
#2042 = DIRECTION('',(1.,0.));
#2043 = ( GEOMETRIC_REPRESENTATION_CONTEXT(2) 
PARAMETRIC_REPRESENTATION_CONTEXT() REPRESENTATION_CONTEXT('2D SPACE',''
  ) );
#2044 = PCURVE('',#1090,#2045);
#2045 = DEFINITIONAL_REPRESENTATION('',(#2046),#2050);
#2046 = CIRCLE('',#2047,26.5);
#2047 = AXIS2_PLACEMENT_2D('',#2048,#2049);
#2048 = CARTESIAN_POINT('',(-3.722774715078E-17,4.2));
#2049 = DIRECTION('',(0.707106781187,0.707106781187));
#2050 = ( GEOMETRIC_REPRESENTATION_CONTEXT(2) 
PARAMETRIC_REPRESENTATION_CONTEXT() REPRESENTATION_CONTEXT('2D SPACE',''
  ) );
#2051 = ORIENTED_EDGE('',*,*,#2052,.F.);
#2052 = EDGE_CURVE('',#1984,#2029,#2053,.T.);
#2053 = SURFACE_CURVE('',#2054,(#2058,#2064),.PCURVE_S1.);
#2054 = LINE('',#2055,#2056);
#2055 = CARTESIAN_POINT('',(21.471334907755,-15.53163794578,-1.));
#2056 = VECTOR('',#2057,1.);
#2057 = DIRECTION('',(0.,0.,1.));
#2058 = PCURVE('',#74,#2059);
#2059 = DEFINITIONAL_REPRESENTATION('',(#2060),#2063);
#2060 = B_SPLINE_CURVE_WITH_KNOTS('',1,(#2061,#2062),.UNSPECIFIED.,.F.,
  .F.,(2,2),(95.16,126.84),.PIECEWISE_BEZIER_KNOTS.);
#2061 = CARTESIAN_POINT('',(5.656948851822,95.16));
#2062 = CARTESIAN_POINT('',(5.656948851822,126.84));
#2063 = ( GEOMETRIC_REPRESENTATION_CONTEXT(2) 
PARAMETRIC_REPRESENTATION_CONTEXT() REPRESENTATION_CONTEXT('2D SPACE',''
  ) );
#2064 = PCURVE('',#1115,#2065);
#2065 = DEFINITIONAL_REPRESENTATION('',(#2066),#2069);
#2066 = B_SPLINE_CURVE_WITH_KNOTS('',1,(#2067,#2068),.UNSPECIFIED.,.F.,
  .F.,(2,2),(95.16,126.84),.PIECEWISE_BEZIER_KNOTS.);
#2067 = CARTESIAN_POINT('',(-2.64,26.165053028802));
#2068 = CARTESIAN_POINT('',(29.04,26.165053028802));
#2069 = ( GEOMETRIC_REPRESENTATION_CONTEXT(2) 
PARAMETRIC_REPRESENTATION_CONTEXT() REPRESENTATION_CONTEXT('2D SPACE',''
  ) );
#2070 = ADVANCED_FACE('',(#2071),#176,.F.);
#2071 = FACE_BOUND('',#2072,.T.);
#2072 = EDGE_LOOP('',(#2073,#2074,#2095,#2096,#2097,#2098,#2099,#2100));
#2073 = ORIENTED_EDGE('',*,*,#1297,.F.);
#2074 = ORIENTED_EDGE('',*,*,#2075,.T.);
#2075 = EDGE_CURVE('',#1298,#263,#2076,.T.);
#2076 = SEAM_CURVE('',#2077,(#2081,#2088),.PCURVE_S1.);
#2077 = LINE('',#2078,#2079);
#2078 = CARTESIAN_POINT('',(25.8,1.1,6.));
#2079 = VECTOR('',#2080,1.);
#2080 = DIRECTION('',(1.,0.,0.));
#2081 = PCURVE('',#176,#2082);
#2082 = DEFINITIONAL_REPRESENTATION('',(#2083),#2087);
#2083 = LINE('',#2084,#2085);
#2084 = CARTESIAN_POINT('',(-6.28318530718,0.));
#2085 = VECTOR('',#2086,1.);
#2086 = DIRECTION('',(-0.,-1.));
#2087 = ( GEOMETRIC_REPRESENTATION_CONTEXT(2) 
PARAMETRIC_REPRESENTATION_CONTEXT() REPRESENTATION_CONTEXT('2D SPACE',''
  ) );
#2088 = PCURVE('',#176,#2089);
#2089 = DEFINITIONAL_REPRESENTATION('',(#2090),#2094);
#2090 = LINE('',#2091,#2092);
#2091 = CARTESIAN_POINT('',(-0.,0.));
#2092 = VECTOR('',#2093,1.);
#2093 = DIRECTION('',(-0.,-1.));
#2094 = ( GEOMETRIC_REPRESENTATION_CONTEXT(2) 
PARAMETRIC_REPRESENTATION_CONTEXT() REPRESENTATION_CONTEXT('2D SPACE',''
  ) );
#2095 = ORIENTED_EDGE('',*,*,#262,.T.);
#2096 = ORIENTED_EDGE('',*,*,#114,.T.);
#2097 = ORIENTED_EDGE('',*,*,#318,.T.);
#2098 = ORIENTED_EDGE('',*,*,#2075,.F.);
#2099 = ORIENTED_EDGE('',*,*,#1353,.F.);
#2100 = ORIENTED_EDGE('',*,*,#1154,.F.);
#2101 = ADVANCED_FACE('',(#2102),#249,.T.);
#2102 = FACE_BOUND('',#2103,.T.);
#2103 = EDGE_LOOP('',(#2104,#2105,#2128,#2155));
#2104 = ORIENTED_EDGE('',*,*,#234,.T.);
#2105 = ORIENTED_EDGE('',*,*,#2106,.T.);
#2106 = EDGE_CURVE('',#212,#2107,#2109,.T.);
#2107 = VERTEX_POINT('',#2108);
#2108 = CARTESIAN_POINT('',(28.448161964927,0.,172.16666666666));
#2109 = SEAM_CURVE('',#2110,(#2114,#2121),.PCURVE_S1.);
#2110 = LINE('',#2111,#2112);
#2111 = CARTESIAN_POINT('',(28.5,0.,170.));
#2112 = VECTOR('',#2113,1.);
#2113 = DIRECTION('',(-2.391840228104E-02,0.,0.999713914094));
#2114 = PCURVE('',#249,#2115);
#2115 = DEFINITIONAL_REPRESENTATION('',(#2116),#2120);
#2116 = LINE('',#2117,#2118);
#2117 = CARTESIAN_POINT('',(-0.,-0.));
#2118 = VECTOR('',#2119,1.);
#2119 = DIRECTION('',(-0.,-1.));
#2120 = ( GEOMETRIC_REPRESENTATION_CONTEXT(2) 
PARAMETRIC_REPRESENTATION_CONTEXT() REPRESENTATION_CONTEXT('2D SPACE',''
  ) );
#2121 = PCURVE('',#249,#2122);
#2122 = DEFINITIONAL_REPRESENTATION('',(#2123),#2127);
#2123 = LINE('',#2124,#2125);
#2124 = CARTESIAN_POINT('',(-6.28318530718,-0.));
#2125 = VECTOR('',#2126,1.);
#2126 = DIRECTION('',(-0.,-1.));
#2127 = ( GEOMETRIC_REPRESENTATION_CONTEXT(2) 
PARAMETRIC_REPRESENTATION_CONTEXT() REPRESENTATION_CONTEXT('2D SPACE',''
  ) );
#2128 = ORIENTED_EDGE('',*,*,#2129,.F.);
#2129 = EDGE_CURVE('',#2107,#2107,#2130,.T.);
#2130 = SURFACE_CURVE('',#2131,(#2136,#2143),.PCURVE_S1.);
#2131 = CIRCLE('',#2132,28.448161964927);
#2132 = AXIS2_PLACEMENT_3D('',#2133,#2134,#2135);
#2133 = CARTESIAN_POINT('',(0.,0.,172.16666666666));
#2134 = DIRECTION('',(0.,0.,1.));
#2135 = DIRECTION('',(1.,0.,-0.));
#2136 = PCURVE('',#249,#2137);
#2137 = DEFINITIONAL_REPRESENTATION('',(#2138),#2142);
#2138 = LINE('',#2139,#2140);
#2139 = CARTESIAN_POINT('',(-0.,-2.166666666667));
#2140 = VECTOR('',#2141,1.);
#2141 = DIRECTION('',(-1.,-0.));
#2142 = ( GEOMETRIC_REPRESENTATION_CONTEXT(2) 
PARAMETRIC_REPRESENTATION_CONTEXT() REPRESENTATION_CONTEXT('2D SPACE',''
  ) );
#2143 = PCURVE('',#2144,#2149);
#2144 = CONICAL_SURFACE('',#2145,28.448161964927,4.348664403139E-02);
#2145 = AXIS2_PLACEMENT_3D('',#2146,#2147,#2148);
#2146 = CARTESIAN_POINT('',(0.,0.,172.16666666666));
#2147 = DIRECTION('',(-0.,-0.,-1.));
#2148 = DIRECTION('',(1.,0.,-0.));
#2149 = DEFINITIONAL_REPRESENTATION('',(#2150),#2154);
#2150 = LINE('',#2151,#2152);
#2151 = CARTESIAN_POINT('',(-0.,-0.));
#2152 = VECTOR('',#2153,1.);
#2153 = DIRECTION('',(-1.,-0.));
#2154 = ( GEOMETRIC_REPRESENTATION_CONTEXT(2) 
PARAMETRIC_REPRESENTATION_CONTEXT() REPRESENTATION_CONTEXT('2D SPACE',''
  ) );
#2155 = ORIENTED_EDGE('',*,*,#2106,.F.);
#2156 = ADVANCED_FACE('',(#2157),#472,.F.);
#2157 = FACE_BOUND('',#2158,.T.);
#2158 = EDGE_LOOP('',(#2159,#2160,#2181,#2182));
#2159 = ORIENTED_EDGE('',*,*,#1409,.F.);
#2160 = ORIENTED_EDGE('',*,*,#2161,.T.);
#2161 = EDGE_CURVE('',#1410,#375,#2162,.T.);
#2162 = SEAM_CURVE('',#2163,(#2167,#2174),.PCURVE_S1.);
#2163 = LINE('',#2164,#2165);
#2164 = CARTESIAN_POINT('',(-13.85262794416,21.793455417639,6.));
#2165 = VECTOR('',#2166,1.);
#2166 = DIRECTION('',(-0.5,0.866025403784,0.));
#2167 = PCURVE('',#472,#2168);
#2168 = DEFINITIONAL_REPRESENTATION('',(#2169),#2173);
#2169 = LINE('',#2170,#2171);
#2170 = CARTESIAN_POINT('',(-6.28318530718,0.));
#2171 = VECTOR('',#2172,1.);
#2172 = DIRECTION('',(-0.,-1.));
#2173 = ( GEOMETRIC_REPRESENTATION_CONTEXT(2) 
PARAMETRIC_REPRESENTATION_CONTEXT() REPRESENTATION_CONTEXT('2D SPACE',''
  ) );
#2174 = PCURVE('',#472,#2175);
#2175 = DEFINITIONAL_REPRESENTATION('',(#2176),#2180);
#2176 = LINE('',#2177,#2178);
#2177 = CARTESIAN_POINT('',(-0.,0.));
#2178 = VECTOR('',#2179,1.);
#2179 = DIRECTION('',(-0.,-1.));
#2180 = ( GEOMETRIC_REPRESENTATION_CONTEXT(2) 
PARAMETRIC_REPRESENTATION_CONTEXT() REPRESENTATION_CONTEXT('2D SPACE',''
  ) );
#2181 = ORIENTED_EDGE('',*,*,#374,.T.);
#2182 = ORIENTED_EDGE('',*,*,#2161,.F.);
#2183 = ADVANCED_FACE('',(#2184),#625,.F.);
#2184 = FACE_BOUND('',#2185,.T.);
#2185 = EDGE_LOOP('',(#2186,#2187,#2208,#2209));
#2186 = ORIENTED_EDGE('',*,*,#1557,.F.);
#2187 = ORIENTED_EDGE('',*,*,#2188,.T.);
#2188 = EDGE_CURVE('',#1558,#528,#2189,.T.);
#2189 = SEAM_CURVE('',#2190,(#2194,#2201),.PCURVE_S1.);
#2190 = LINE('',#2191,#2192);
#2191 = CARTESIAN_POINT('',(-11.94737205583,-22.89345541763,6.));
#2192 = VECTOR('',#2193,1.);
#2193 = DIRECTION('',(-0.5,-0.866025403784,0.));
#2194 = PCURVE('',#625,#2195);
#2195 = DEFINITIONAL_REPRESENTATION('',(#2196),#2200);
#2196 = LINE('',#2197,#2198);
#2197 = CARTESIAN_POINT('',(-6.28318530718,0.));
#2198 = VECTOR('',#2199,1.);
#2199 = DIRECTION('',(-0.,-1.));
#2200 = ( GEOMETRIC_REPRESENTATION_CONTEXT(2) 
PARAMETRIC_REPRESENTATION_CONTEXT() REPRESENTATION_CONTEXT('2D SPACE',''
  ) );
#2201 = PCURVE('',#625,#2202);
#2202 = DEFINITIONAL_REPRESENTATION('',(#2203),#2207);
#2203 = LINE('',#2204,#2205);
#2204 = CARTESIAN_POINT('',(-0.,0.));
#2205 = VECTOR('',#2206,1.);
#2206 = DIRECTION('',(-0.,-1.));
#2207 = ( GEOMETRIC_REPRESENTATION_CONTEXT(2) 
PARAMETRIC_REPRESENTATION_CONTEXT() REPRESENTATION_CONTEXT('2D SPACE',''
  ) );
#2208 = ORIENTED_EDGE('',*,*,#527,.T.);
#2209 = ORIENTED_EDGE('',*,*,#2188,.F.);
#2210 = ADVANCED_FACE('',(#2211),#699,.T.);
#2211 = FACE_BOUND('',#2212,.T.);
#2212 = EDGE_LOOP('',(#2213,#2234,#2235,#2256));
#2213 = ORIENTED_EDGE('',*,*,#2214,.F.);
#2214 = EDGE_CURVE('',#1708,#683,#2215,.T.);
#2215 = SURFACE_CURVE('',#2216,(#2220,#2227),.PCURVE_S1.);
#2216 = LINE('',#2217,#2218);
#2217 = CARTESIAN_POINT('',(-2.969848480983,2.969848480983,96.8));
#2218 = VECTOR('',#2219,1.);
#2219 = DIRECTION('',(0.707106781187,0.707106781187,0.));
#2220 = PCURVE('',#699,#2221);
#2221 = DEFINITIONAL_REPRESENTATION('',(#2222),#2226);
#2222 = LINE('',#2223,#2224);
#2223 = CARTESIAN_POINT('',(1.165179595421E-17,8.4));
#2224 = VECTOR('',#2225,1.);
#2225 = DIRECTION('',(1.,1.014653635757E-17));
#2226 = ( GEOMETRIC_REPRESENTATION_CONTEXT(2) 
PARAMETRIC_REPRESENTATION_CONTEXT() REPRESENTATION_CONTEXT('2D SPACE',''
  ) );
#2227 = PCURVE('',#779,#2228);
#2228 = DEFINITIONAL_REPRESENTATION('',(#2229),#2233);
#2229 = LINE('',#2230,#2231);
#2230 = CARTESIAN_POINT('',(0.,0.));
#2231 = VECTOR('',#2232,1.);
#2232 = DIRECTION('',(0.,1.));
#2233 = ( GEOMETRIC_REPRESENTATION_CONTEXT(2) 
PARAMETRIC_REPRESENTATION_CONTEXT() REPRESENTATION_CONTEXT('2D SPACE',''
  ) );
#2234 = ORIENTED_EDGE('',*,*,#1705,.F.);
#2235 = ORIENTED_EDGE('',*,*,#2236,.T.);
#2236 = EDGE_CURVE('',#1706,#681,#2237,.T.);
#2237 = SURFACE_CURVE('',#2238,(#2242,#2249),.PCURVE_S1.);
#2238 = LINE('',#2239,#2240);
#2239 = CARTESIAN_POINT('',(2.969848480983,-2.969848480983,96.8));
#2240 = VECTOR('',#2241,1.);
#2241 = DIRECTION('',(0.707106781187,0.707106781187,0.));
#2242 = PCURVE('',#699,#2243);
#2243 = DEFINITIONAL_REPRESENTATION('',(#2244),#2248);
#2244 = LINE('',#2245,#2246);
#2245 = CARTESIAN_POINT('',(0.,0.));
#2246 = VECTOR('',#2247,1.);
#2247 = DIRECTION('',(1.,1.014653635757E-17));
#2248 = ( GEOMETRIC_REPRESENTATION_CONTEXT(2) 
PARAMETRIC_REPRESENTATION_CONTEXT() REPRESENTATION_CONTEXT('2D SPACE',''
  ) );
#2249 = PCURVE('',#726,#2250);
#2250 = DEFINITIONAL_REPRESENTATION('',(#2251),#2255);
#2251 = LINE('',#2252,#2253);
#2252 = CARTESIAN_POINT('',(0.,0.));
#2253 = VECTOR('',#2254,1.);
#2254 = DIRECTION('',(0.,1.));
#2255 = ( GEOMETRIC_REPRESENTATION_CONTEXT(2) 
PARAMETRIC_REPRESENTATION_CONTEXT() REPRESENTATION_CONTEXT('2D SPACE',''
  ) );
#2256 = ORIENTED_EDGE('',*,*,#680,.T.);
#2257 = ADVANCED_FACE('',(#2258),#726,.T.);
#2258 = FACE_BOUND('',#2259,.T.);
#2259 = EDGE_LOOP('',(#2260,#2261,#2262,#2283));
#2260 = ORIENTED_EDGE('',*,*,#2236,.F.);
#2261 = ORIENTED_EDGE('',*,*,#1731,.T.);
#2262 = ORIENTED_EDGE('',*,*,#2263,.T.);
#2263 = EDGE_CURVE('',#1732,#712,#2264,.T.);
#2264 = SURFACE_CURVE('',#2265,(#2269,#2276),.PCURVE_S1.);
#2265 = LINE('',#2266,#2267);
#2266 = CARTESIAN_POINT('',(2.969848480983,-2.969848480983,123.2));
#2267 = VECTOR('',#2268,1.);
#2268 = DIRECTION('',(0.707106781187,0.707106781187,0.));
#2269 = PCURVE('',#726,#2270);
#2270 = DEFINITIONAL_REPRESENTATION('',(#2271),#2275);
#2271 = LINE('',#2272,#2273);
#2272 = CARTESIAN_POINT('',(26.4,0.));
#2273 = VECTOR('',#2274,1.);
#2274 = DIRECTION('',(0.,1.));
#2275 = ( GEOMETRIC_REPRESENTATION_CONTEXT(2) 
PARAMETRIC_REPRESENTATION_CONTEXT() REPRESENTATION_CONTEXT('2D SPACE',''
  ) );
#2276 = PCURVE('',#754,#2277);
#2277 = DEFINITIONAL_REPRESENTATION('',(#2278),#2282);
#2278 = LINE('',#2279,#2280);
#2279 = CARTESIAN_POINT('',(0.,0.));
#2280 = VECTOR('',#2281,1.);
#2281 = DIRECTION('',(1.,1.014653635757E-17));
#2282 = ( GEOMETRIC_REPRESENTATION_CONTEXT(2) 
PARAMETRIC_REPRESENTATION_CONTEXT() REPRESENTATION_CONTEXT('2D SPACE',''
  ) );
#2283 = ORIENTED_EDGE('',*,*,#711,.F.);
#2284 = ADVANCED_FACE('',(#2285),#779,.F.);
#2285 = FACE_BOUND('',#2286,.F.);
#2286 = EDGE_LOOP('',(#2287,#2288,#2289,#2310));
#2287 = ORIENTED_EDGE('',*,*,#2214,.F.);
#2288 = ORIENTED_EDGE('',*,*,#1776,.T.);
#2289 = ORIENTED_EDGE('',*,*,#2290,.T.);
#2290 = EDGE_CURVE('',#1753,#738,#2291,.T.);
#2291 = SURFACE_CURVE('',#2292,(#2296,#2303),.PCURVE_S1.);
#2292 = LINE('',#2293,#2294);
#2293 = CARTESIAN_POINT('',(-2.969848480983,2.969848480983,123.2));
#2294 = VECTOR('',#2295,1.);
#2295 = DIRECTION('',(0.707106781187,0.707106781187,0.));
#2296 = PCURVE('',#779,#2297);
#2297 = DEFINITIONAL_REPRESENTATION('',(#2298),#2302);
#2298 = LINE('',#2299,#2300);
#2299 = CARTESIAN_POINT('',(26.4,0.));
#2300 = VECTOR('',#2301,1.);
#2301 = DIRECTION('',(0.,1.));
#2302 = ( GEOMETRIC_REPRESENTATION_CONTEXT(2) 
PARAMETRIC_REPRESENTATION_CONTEXT() REPRESENTATION_CONTEXT('2D SPACE',''
  ) );
#2303 = PCURVE('',#754,#2304);
#2304 = DEFINITIONAL_REPRESENTATION('',(#2305),#2309);
#2305 = LINE('',#2306,#2307);
#2306 = CARTESIAN_POINT('',(1.165179595421E-17,8.4));
#2307 = VECTOR('',#2308,1.);
#2308 = DIRECTION('',(1.,1.014653635757E-17));
#2309 = ( GEOMETRIC_REPRESENTATION_CONTEXT(2) 
PARAMETRIC_REPRESENTATION_CONTEXT() REPRESENTATION_CONTEXT('2D SPACE',''
  ) );
#2310 = ORIENTED_EDGE('',*,*,#766,.F.);
#2311 = ADVANCED_FACE('',(#2312),#754,.F.);
#2312 = FACE_BOUND('',#2313,.F.);
#2313 = EDGE_LOOP('',(#2314,#2315,#2316,#2317));
#2314 = ORIENTED_EDGE('',*,*,#2290,.F.);
#2315 = ORIENTED_EDGE('',*,*,#1752,.F.);
#2316 = ORIENTED_EDGE('',*,*,#2263,.T.);
#2317 = ORIENTED_EDGE('',*,*,#737,.T.);
#2318 = ADVANCED_FACE('',(#2319),#811,.T.);
#2319 = FACE_BOUND('',#2320,.T.);
#2320 = EDGE_LOOP('',(#2321,#2342,#2343,#2364));
#2321 = ORIENTED_EDGE('',*,*,#2322,.F.);
#2322 = EDGE_CURVE('',#1800,#795,#2323,.T.);
#2323 = SURFACE_CURVE('',#2324,(#2328,#2335),.PCURVE_S1.);
#2324 = LINE('',#2325,#2326);
#2325 = CARTESIAN_POINT('',(-2.969848480983,-2.969848480983,96.8));
#2326 = VECTOR('',#2327,1.);
#2327 = DIRECTION('',(-0.707106781187,0.707106781187,0.));
#2328 = PCURVE('',#811,#2329);
#2329 = DEFINITIONAL_REPRESENTATION('',(#2330),#2334);
#2330 = LINE('',#2331,#2332);
#2331 = CARTESIAN_POINT('',(-4.305364512788E-17,8.4));
#2332 = VECTOR('',#2333,1.);
#2333 = DIRECTION('',(1.,-1.014653635757E-17));
#2334 = ( GEOMETRIC_REPRESENTATION_CONTEXT(2) 
PARAMETRIC_REPRESENTATION_CONTEXT() REPRESENTATION_CONTEXT('2D SPACE',''
  ) );
#2335 = PCURVE('',#891,#2336);
#2336 = DEFINITIONAL_REPRESENTATION('',(#2337),#2341);
#2337 = LINE('',#2338,#2339);
#2338 = CARTESIAN_POINT('',(0.,0.));
#2339 = VECTOR('',#2340,1.);
#2340 = DIRECTION('',(0.,1.));
#2341 = ( GEOMETRIC_REPRESENTATION_CONTEXT(2) 
PARAMETRIC_REPRESENTATION_CONTEXT() REPRESENTATION_CONTEXT('2D SPACE',''
  ) );
#2342 = ORIENTED_EDGE('',*,*,#1797,.F.);
#2343 = ORIENTED_EDGE('',*,*,#2344,.T.);
#2344 = EDGE_CURVE('',#1798,#793,#2345,.T.);
#2345 = SURFACE_CURVE('',#2346,(#2350,#2357),.PCURVE_S1.);
#2346 = LINE('',#2347,#2348);
#2347 = CARTESIAN_POINT('',(2.969848480983,2.969848480983,96.8));
#2348 = VECTOR('',#2349,1.);
#2349 = DIRECTION('',(-0.707106781187,0.707106781187,0.));
#2350 = PCURVE('',#811,#2351);
#2351 = DEFINITIONAL_REPRESENTATION('',(#2352),#2356);
#2352 = LINE('',#2353,#2354);
#2353 = CARTESIAN_POINT('',(0.,0.));
#2354 = VECTOR('',#2355,1.);
#2355 = DIRECTION('',(1.,-1.014653635757E-17));
#2356 = ( GEOMETRIC_REPRESENTATION_CONTEXT(2) 
PARAMETRIC_REPRESENTATION_CONTEXT() REPRESENTATION_CONTEXT('2D SPACE',''
  ) );
#2357 = PCURVE('',#838,#2358);
#2358 = DEFINITIONAL_REPRESENTATION('',(#2359),#2363);
#2359 = LINE('',#2360,#2361);
#2360 = CARTESIAN_POINT('',(0.,0.));
#2361 = VECTOR('',#2362,1.);
#2362 = DIRECTION('',(0.,1.));
#2363 = ( GEOMETRIC_REPRESENTATION_CONTEXT(2) 
PARAMETRIC_REPRESENTATION_CONTEXT() REPRESENTATION_CONTEXT('2D SPACE',''
  ) );
#2364 = ORIENTED_EDGE('',*,*,#792,.T.);
#2365 = ADVANCED_FACE('',(#2366),#838,.T.);
#2366 = FACE_BOUND('',#2367,.T.);
#2367 = EDGE_LOOP('',(#2368,#2369,#2370,#2391));
#2368 = ORIENTED_EDGE('',*,*,#2344,.F.);
#2369 = ORIENTED_EDGE('',*,*,#1823,.T.);
#2370 = ORIENTED_EDGE('',*,*,#2371,.T.);
#2371 = EDGE_CURVE('',#1824,#824,#2372,.T.);
#2372 = SURFACE_CURVE('',#2373,(#2377,#2384),.PCURVE_S1.);
#2373 = LINE('',#2374,#2375);
#2374 = CARTESIAN_POINT('',(2.969848480983,2.969848480983,123.2));
#2375 = VECTOR('',#2376,1.);
#2376 = DIRECTION('',(-0.707106781187,0.707106781187,0.));
#2377 = PCURVE('',#838,#2378);
#2378 = DEFINITIONAL_REPRESENTATION('',(#2379),#2383);
#2379 = LINE('',#2380,#2381);
#2380 = CARTESIAN_POINT('',(26.4,0.));
#2381 = VECTOR('',#2382,1.);
#2382 = DIRECTION('',(0.,1.));
#2383 = ( GEOMETRIC_REPRESENTATION_CONTEXT(2) 
PARAMETRIC_REPRESENTATION_CONTEXT() REPRESENTATION_CONTEXT('2D SPACE',''
  ) );
#2384 = PCURVE('',#866,#2385);
#2385 = DEFINITIONAL_REPRESENTATION('',(#2386),#2390);
#2386 = LINE('',#2387,#2388);
#2387 = CARTESIAN_POINT('',(0.,0.));
#2388 = VECTOR('',#2389,1.);
#2389 = DIRECTION('',(1.,-1.014653635757E-17));
#2390 = ( GEOMETRIC_REPRESENTATION_CONTEXT(2) 
PARAMETRIC_REPRESENTATION_CONTEXT() REPRESENTATION_CONTEXT('2D SPACE',''
  ) );
#2391 = ORIENTED_EDGE('',*,*,#823,.F.);
#2392 = ADVANCED_FACE('',(#2393),#891,.F.);
#2393 = FACE_BOUND('',#2394,.F.);
#2394 = EDGE_LOOP('',(#2395,#2396,#2397,#2418));
#2395 = ORIENTED_EDGE('',*,*,#2322,.F.);
#2396 = ORIENTED_EDGE('',*,*,#1868,.T.);
#2397 = ORIENTED_EDGE('',*,*,#2398,.T.);
#2398 = EDGE_CURVE('',#1845,#850,#2399,.T.);
#2399 = SURFACE_CURVE('',#2400,(#2404,#2411),.PCURVE_S1.);
#2400 = LINE('',#2401,#2402);
#2401 = CARTESIAN_POINT('',(-2.969848480983,-2.969848480983,123.2));
#2402 = VECTOR('',#2403,1.);
#2403 = DIRECTION('',(-0.707106781187,0.707106781187,0.));
#2404 = PCURVE('',#891,#2405);
#2405 = DEFINITIONAL_REPRESENTATION('',(#2406),#2410);
#2406 = LINE('',#2407,#2408);
#2407 = CARTESIAN_POINT('',(26.4,0.));
#2408 = VECTOR('',#2409,1.);
#2409 = DIRECTION('',(0.,1.));
#2410 = ( GEOMETRIC_REPRESENTATION_CONTEXT(2) 
PARAMETRIC_REPRESENTATION_CONTEXT() REPRESENTATION_CONTEXT('2D SPACE',''
  ) );
#2411 = PCURVE('',#866,#2412);
#2412 = DEFINITIONAL_REPRESENTATION('',(#2413),#2417);
#2413 = LINE('',#2414,#2415);
#2414 = CARTESIAN_POINT('',(-4.305364512788E-17,8.4));
#2415 = VECTOR('',#2416,1.);
#2416 = DIRECTION('',(1.,-1.014653635757E-17));
#2417 = ( GEOMETRIC_REPRESENTATION_CONTEXT(2) 
PARAMETRIC_REPRESENTATION_CONTEXT() REPRESENTATION_CONTEXT('2D SPACE',''
  ) );
#2418 = ORIENTED_EDGE('',*,*,#878,.F.);
#2419 = ADVANCED_FACE('',(#2420),#866,.F.);
#2420 = FACE_BOUND('',#2421,.F.);
#2421 = EDGE_LOOP('',(#2422,#2423,#2424,#2425));
#2422 = ORIENTED_EDGE('',*,*,#2398,.F.);
#2423 = ORIENTED_EDGE('',*,*,#1844,.F.);
#2424 = ORIENTED_EDGE('',*,*,#2371,.T.);
#2425 = ORIENTED_EDGE('',*,*,#849,.T.);
#2426 = ADVANCED_FACE('',(#2427),#923,.T.);
#2427 = FACE_BOUND('',#2428,.T.);
#2428 = EDGE_LOOP('',(#2429,#2450,#2451,#2472));
#2429 = ORIENTED_EDGE('',*,*,#2430,.F.);
#2430 = EDGE_CURVE('',#1892,#907,#2431,.T.);
#2431 = SURFACE_CURVE('',#2432,(#2436,#2443),.PCURVE_S1.);
#2432 = LINE('',#2433,#2434);
#2433 = CARTESIAN_POINT('',(2.969848480983,-2.969848480984,96.8));
#2434 = VECTOR('',#2435,1.);
#2435 = DIRECTION('',(-0.707106781187,-0.707106781187,0.));
#2436 = PCURVE('',#923,#2437);
#2437 = DEFINITIONAL_REPRESENTATION('',(#2438),#2442);
#2438 = LINE('',#2439,#2440);
#2439 = CARTESIAN_POINT('',(2.403913830071E-16,8.4));
#2440 = VECTOR('',#2441,1.);
#2441 = DIRECTION('',(1.,4.26642158859E-17));
#2442 = ( GEOMETRIC_REPRESENTATION_CONTEXT(2) 
PARAMETRIC_REPRESENTATION_CONTEXT() REPRESENTATION_CONTEXT('2D SPACE',''
  ) );
#2443 = PCURVE('',#1003,#2444);
#2444 = DEFINITIONAL_REPRESENTATION('',(#2445),#2449);
#2445 = LINE('',#2446,#2447);
#2446 = CARTESIAN_POINT('',(0.,0.));
#2447 = VECTOR('',#2448,1.);
#2448 = DIRECTION('',(0.,1.));
#2449 = ( GEOMETRIC_REPRESENTATION_CONTEXT(2) 
PARAMETRIC_REPRESENTATION_CONTEXT() REPRESENTATION_CONTEXT('2D SPACE',''
  ) );
#2450 = ORIENTED_EDGE('',*,*,#1889,.F.);
#2451 = ORIENTED_EDGE('',*,*,#2452,.T.);
#2452 = EDGE_CURVE('',#1890,#905,#2453,.T.);
#2453 = SURFACE_CURVE('',#2454,(#2458,#2465),.PCURVE_S1.);
#2454 = LINE('',#2455,#2456);
#2455 = CARTESIAN_POINT('',(-2.969848480983,2.969848480984,96.8));
#2456 = VECTOR('',#2457,1.);
#2457 = DIRECTION('',(-0.707106781187,-0.707106781187,0.));
#2458 = PCURVE('',#923,#2459);
#2459 = DEFINITIONAL_REPRESENTATION('',(#2460),#2464);
#2460 = LINE('',#2461,#2462);
#2461 = CARTESIAN_POINT('',(0.,0.));
#2462 = VECTOR('',#2463,1.);
#2463 = DIRECTION('',(1.,4.26642158859E-17));
#2464 = ( GEOMETRIC_REPRESENTATION_CONTEXT(2) 
PARAMETRIC_REPRESENTATION_CONTEXT() REPRESENTATION_CONTEXT('2D SPACE',''
  ) );
#2465 = PCURVE('',#950,#2466);
#2466 = DEFINITIONAL_REPRESENTATION('',(#2467),#2471);
#2467 = LINE('',#2468,#2469);
#2468 = CARTESIAN_POINT('',(0.,0.));
#2469 = VECTOR('',#2470,1.);
#2470 = DIRECTION('',(0.,1.));
#2471 = ( GEOMETRIC_REPRESENTATION_CONTEXT(2) 
PARAMETRIC_REPRESENTATION_CONTEXT() REPRESENTATION_CONTEXT('2D SPACE',''
  ) );
#2472 = ORIENTED_EDGE('',*,*,#904,.T.);
#2473 = ADVANCED_FACE('',(#2474),#950,.T.);
#2474 = FACE_BOUND('',#2475,.T.);
#2475 = EDGE_LOOP('',(#2476,#2477,#2478,#2499));
#2476 = ORIENTED_EDGE('',*,*,#2452,.F.);
#2477 = ORIENTED_EDGE('',*,*,#1915,.T.);
#2478 = ORIENTED_EDGE('',*,*,#2479,.T.);
#2479 = EDGE_CURVE('',#1916,#936,#2480,.T.);
#2480 = SURFACE_CURVE('',#2481,(#2485,#2492),.PCURVE_S1.);
#2481 = LINE('',#2482,#2483);
#2482 = CARTESIAN_POINT('',(-2.969848480983,2.969848480984,123.2));
#2483 = VECTOR('',#2484,1.);
#2484 = DIRECTION('',(-0.707106781187,-0.707106781187,0.));
#2485 = PCURVE('',#950,#2486);
#2486 = DEFINITIONAL_REPRESENTATION('',(#2487),#2491);
#2487 = LINE('',#2488,#2489);
#2488 = CARTESIAN_POINT('',(26.4,0.));
#2489 = VECTOR('',#2490,1.);
#2490 = DIRECTION('',(0.,1.));
#2491 = ( GEOMETRIC_REPRESENTATION_CONTEXT(2) 
PARAMETRIC_REPRESENTATION_CONTEXT() REPRESENTATION_CONTEXT('2D SPACE',''
  ) );
#2492 = PCURVE('',#978,#2493);
#2493 = DEFINITIONAL_REPRESENTATION('',(#2494),#2498);
#2494 = LINE('',#2495,#2496);
#2495 = CARTESIAN_POINT('',(0.,0.));
#2496 = VECTOR('',#2497,1.);
#2497 = DIRECTION('',(1.,4.26642158859E-17));
#2498 = ( GEOMETRIC_REPRESENTATION_CONTEXT(2) 
PARAMETRIC_REPRESENTATION_CONTEXT() REPRESENTATION_CONTEXT('2D SPACE',''
  ) );
#2499 = ORIENTED_EDGE('',*,*,#935,.F.);
#2500 = ADVANCED_FACE('',(#2501),#1003,.F.);
#2501 = FACE_BOUND('',#2502,.F.);
#2502 = EDGE_LOOP('',(#2503,#2504,#2505,#2526));
#2503 = ORIENTED_EDGE('',*,*,#2430,.F.);
#2504 = ORIENTED_EDGE('',*,*,#1960,.T.);
#2505 = ORIENTED_EDGE('',*,*,#2506,.T.);
#2506 = EDGE_CURVE('',#1937,#962,#2507,.T.);
#2507 = SURFACE_CURVE('',#2508,(#2512,#2519),.PCURVE_S1.);
#2508 = LINE('',#2509,#2510);
#2509 = CARTESIAN_POINT('',(2.969848480983,-2.969848480984,123.2));
#2510 = VECTOR('',#2511,1.);
#2511 = DIRECTION('',(-0.707106781187,-0.707106781187,0.));
#2512 = PCURVE('',#1003,#2513);
#2513 = DEFINITIONAL_REPRESENTATION('',(#2514),#2518);
#2514 = LINE('',#2515,#2516);
#2515 = CARTESIAN_POINT('',(26.4,0.));
#2516 = VECTOR('',#2517,1.);
#2517 = DIRECTION('',(0.,1.));
#2518 = ( GEOMETRIC_REPRESENTATION_CONTEXT(2) 
PARAMETRIC_REPRESENTATION_CONTEXT() REPRESENTATION_CONTEXT('2D SPACE',''
  ) );
#2519 = PCURVE('',#978,#2520);
#2520 = DEFINITIONAL_REPRESENTATION('',(#2521),#2525);
#2521 = LINE('',#2522,#2523);
#2522 = CARTESIAN_POINT('',(2.403913830071E-16,8.4));
#2523 = VECTOR('',#2524,1.);
#2524 = DIRECTION('',(1.,4.26642158859E-17));
#2525 = ( GEOMETRIC_REPRESENTATION_CONTEXT(2) 
PARAMETRIC_REPRESENTATION_CONTEXT() REPRESENTATION_CONTEXT('2D SPACE',''
  ) );
#2526 = ORIENTED_EDGE('',*,*,#990,.F.);
#2527 = ADVANCED_FACE('',(#2528),#978,.F.);
#2528 = FACE_BOUND('',#2529,.F.);
#2529 = EDGE_LOOP('',(#2530,#2531,#2532,#2533));
#2530 = ORIENTED_EDGE('',*,*,#2506,.F.);
#2531 = ORIENTED_EDGE('',*,*,#1936,.F.);
#2532 = ORIENTED_EDGE('',*,*,#2479,.T.);
#2533 = ORIENTED_EDGE('',*,*,#961,.T.);
#2534 = ADVANCED_FACE('',(#2535),#1035,.T.);
#2535 = FACE_BOUND('',#2536,.T.);
#2536 = EDGE_LOOP('',(#2537,#2558,#2559,#2580));
#2537 = ORIENTED_EDGE('',*,*,#2538,.F.);
#2538 = EDGE_CURVE('',#1984,#1019,#2539,.T.);
#2539 = SURFACE_CURVE('',#2540,(#2544,#2551),.PCURVE_S1.);
#2540 = LINE('',#2541,#2542);
#2541 = CARTESIAN_POINT('',(2.969848480984,2.969848480983,96.8));
#2542 = VECTOR('',#2543,1.);
#2543 = DIRECTION('',(0.707106781187,-0.707106781187,0.));
#2544 = PCURVE('',#1035,#2545);
#2545 = DEFINITIONAL_REPRESENTATION('',(#2546),#2550);
#2546 = LINE('',#2547,#2548);
#2547 = CARTESIAN_POINT('',(-7.445549430156E-17,8.4));
#2548 = VECTOR('',#2549,1.);
#2549 = DIRECTION('',(1.,-1.014653635757E-17));
#2550 = ( GEOMETRIC_REPRESENTATION_CONTEXT(2) 
PARAMETRIC_REPRESENTATION_CONTEXT() REPRESENTATION_CONTEXT('2D SPACE',''
  ) );
#2551 = PCURVE('',#1115,#2552);
#2552 = DEFINITIONAL_REPRESENTATION('',(#2553),#2557);
#2553 = LINE('',#2554,#2555);
#2554 = CARTESIAN_POINT('',(0.,0.));
#2555 = VECTOR('',#2556,1.);
#2556 = DIRECTION('',(0.,1.));
#2557 = ( GEOMETRIC_REPRESENTATION_CONTEXT(2) 
PARAMETRIC_REPRESENTATION_CONTEXT() REPRESENTATION_CONTEXT('2D SPACE',''
  ) );
#2558 = ORIENTED_EDGE('',*,*,#1981,.F.);
#2559 = ORIENTED_EDGE('',*,*,#2560,.T.);
#2560 = EDGE_CURVE('',#1982,#1017,#2561,.T.);
#2561 = SURFACE_CURVE('',#2562,(#2566,#2573),.PCURVE_S1.);
#2562 = LINE('',#2563,#2564);
#2563 = CARTESIAN_POINT('',(-2.969848480984,-2.969848480983,96.8));
#2564 = VECTOR('',#2565,1.);
#2565 = DIRECTION('',(0.707106781187,-0.707106781187,0.));
#2566 = PCURVE('',#1035,#2567);
#2567 = DEFINITIONAL_REPRESENTATION('',(#2568),#2572);
#2568 = LINE('',#2569,#2570);
#2569 = CARTESIAN_POINT('',(0.,0.));
#2570 = VECTOR('',#2571,1.);
#2571 = DIRECTION('',(1.,-1.014653635757E-17));
#2572 = ( GEOMETRIC_REPRESENTATION_CONTEXT(2) 
PARAMETRIC_REPRESENTATION_CONTEXT() REPRESENTATION_CONTEXT('2D SPACE',''
  ) );
#2573 = PCURVE('',#1062,#2574);
#2574 = DEFINITIONAL_REPRESENTATION('',(#2575),#2579);
#2575 = LINE('',#2576,#2577);
#2576 = CARTESIAN_POINT('',(0.,0.));
#2577 = VECTOR('',#2578,1.);
#2578 = DIRECTION('',(0.,1.));
#2579 = ( GEOMETRIC_REPRESENTATION_CONTEXT(2) 
PARAMETRIC_REPRESENTATION_CONTEXT() REPRESENTATION_CONTEXT('2D SPACE',''
  ) );
#2580 = ORIENTED_EDGE('',*,*,#1016,.T.);
#2581 = ADVANCED_FACE('',(#2582),#1062,.T.);
#2582 = FACE_BOUND('',#2583,.T.);
#2583 = EDGE_LOOP('',(#2584,#2585,#2586,#2607));
#2584 = ORIENTED_EDGE('',*,*,#2560,.F.);
#2585 = ORIENTED_EDGE('',*,*,#2007,.T.);
#2586 = ORIENTED_EDGE('',*,*,#2587,.T.);
#2587 = EDGE_CURVE('',#2008,#1048,#2588,.T.);
#2588 = SURFACE_CURVE('',#2589,(#2593,#2600),.PCURVE_S1.);
#2589 = LINE('',#2590,#2591);
#2590 = CARTESIAN_POINT('',(-2.969848480984,-2.969848480983,123.2));
#2591 = VECTOR('',#2592,1.);
#2592 = DIRECTION('',(0.707106781187,-0.707106781187,0.));
#2593 = PCURVE('',#1062,#2594);
#2594 = DEFINITIONAL_REPRESENTATION('',(#2595),#2599);
#2595 = LINE('',#2596,#2597);
#2596 = CARTESIAN_POINT('',(26.4,0.));
#2597 = VECTOR('',#2598,1.);
#2598 = DIRECTION('',(0.,1.));
#2599 = ( GEOMETRIC_REPRESENTATION_CONTEXT(2) 
PARAMETRIC_REPRESENTATION_CONTEXT() REPRESENTATION_CONTEXT('2D SPACE',''
  ) );
#2600 = PCURVE('',#1090,#2601);
#2601 = DEFINITIONAL_REPRESENTATION('',(#2602),#2606);
#2602 = LINE('',#2603,#2604);
#2603 = CARTESIAN_POINT('',(0.,0.));
#2604 = VECTOR('',#2605,1.);
#2605 = DIRECTION('',(1.,-1.014653635757E-17));
#2606 = ( GEOMETRIC_REPRESENTATION_CONTEXT(2) 
PARAMETRIC_REPRESENTATION_CONTEXT() REPRESENTATION_CONTEXT('2D SPACE',''
  ) );
#2607 = ORIENTED_EDGE('',*,*,#1047,.F.);
#2608 = ADVANCED_FACE('',(#2609),#1115,.F.);
#2609 = FACE_BOUND('',#2610,.F.);
#2610 = EDGE_LOOP('',(#2611,#2612,#2613,#2634));
#2611 = ORIENTED_EDGE('',*,*,#2538,.F.);
#2612 = ORIENTED_EDGE('',*,*,#2052,.T.);
#2613 = ORIENTED_EDGE('',*,*,#2614,.T.);
#2614 = EDGE_CURVE('',#2029,#1074,#2615,.T.);
#2615 = SURFACE_CURVE('',#2616,(#2620,#2627),.PCURVE_S1.);
#2616 = LINE('',#2617,#2618);
#2617 = CARTESIAN_POINT('',(2.969848480984,2.969848480983,123.2));
#2618 = VECTOR('',#2619,1.);
#2619 = DIRECTION('',(0.707106781187,-0.707106781187,0.));
#2620 = PCURVE('',#1115,#2621);
#2621 = DEFINITIONAL_REPRESENTATION('',(#2622),#2626);
#2622 = LINE('',#2623,#2624);
#2623 = CARTESIAN_POINT('',(26.4,0.));
#2624 = VECTOR('',#2625,1.);
#2625 = DIRECTION('',(0.,1.));
#2626 = ( GEOMETRIC_REPRESENTATION_CONTEXT(2) 
PARAMETRIC_REPRESENTATION_CONTEXT() REPRESENTATION_CONTEXT('2D SPACE',''
  ) );
#2627 = PCURVE('',#1090,#2628);
#2628 = DEFINITIONAL_REPRESENTATION('',(#2629),#2633);
#2629 = LINE('',#2630,#2631);
#2630 = CARTESIAN_POINT('',(-7.445549430156E-17,8.4));
#2631 = VECTOR('',#2632,1.);
#2632 = DIRECTION('',(1.,-1.014653635757E-17));
#2633 = ( GEOMETRIC_REPRESENTATION_CONTEXT(2) 
PARAMETRIC_REPRESENTATION_CONTEXT() REPRESENTATION_CONTEXT('2D SPACE',''
  ) );
#2634 = ORIENTED_EDGE('',*,*,#1102,.F.);
#2635 = ADVANCED_FACE('',(#2636),#1090,.F.);
#2636 = FACE_BOUND('',#2637,.F.);
#2637 = EDGE_LOOP('',(#2638,#2639,#2640,#2641));
#2638 = ORIENTED_EDGE('',*,*,#2614,.F.);
#2639 = ORIENTED_EDGE('',*,*,#2028,.F.);
#2640 = ORIENTED_EDGE('',*,*,#2587,.T.);
#2641 = ORIENTED_EDGE('',*,*,#1073,.T.);
#2642 = ADVANCED_FACE('',(#2643),#1284,.F.);
#2643 = FACE_BOUND('',#2644,.F.);
#2644 = EDGE_LOOP('',(#2645,#2646,#2666,#2693));
#2645 = ORIENTED_EDGE('',*,*,#1269,.T.);
#2646 = ORIENTED_EDGE('',*,*,#2647,.T.);
#2647 = EDGE_CURVE('',#1247,#2648,#2650,.T.);
#2648 = VERTEX_POINT('',#2649);
#2649 = CARTESIAN_POINT('',(11.828427124746,0.,152.));
#2650 = SEAM_CURVE('',#2651,(#2654,#2660),.PCURVE_S1.);
#2651 = B_SPLINE_CURVE_WITH_KNOTS('',1,(#2652,#2653),.UNSPECIFIED.,.F.,
  .F.,(2,2),(0.,1.),.PIECEWISE_BEZIER_KNOTS.);
#2652 = CARTESIAN_POINT('',(29.828427124746,0.,134.));
#2653 = CARTESIAN_POINT('',(11.828427124746,0.,152.));
#2654 = PCURVE('',#1284,#2655);
#2655 = DEFINITIONAL_REPRESENTATION('',(#2656),#2659);
#2656 = B_SPLINE_CURVE_WITH_KNOTS('',1,(#2657,#2658),.UNSPECIFIED.,.F.,
  .F.,(2,2),(0.,1.),.PIECEWISE_BEZIER_KNOTS.);
#2657 = CARTESIAN_POINT('',(0.,0.));
#2658 = CARTESIAN_POINT('',(0.,-18.));
#2659 = ( GEOMETRIC_REPRESENTATION_CONTEXT(2) 
PARAMETRIC_REPRESENTATION_CONTEXT() REPRESENTATION_CONTEXT('2D SPACE',''
  ) );
#2660 = PCURVE('',#1284,#2661);
#2661 = DEFINITIONAL_REPRESENTATION('',(#2662),#2665);
#2662 = B_SPLINE_CURVE_WITH_KNOTS('',1,(#2663,#2664),.UNSPECIFIED.,.F.,
  .F.,(2,2),(0.,1.),.PIECEWISE_BEZIER_KNOTS.);
#2663 = CARTESIAN_POINT('',(-6.28318530718,0.));
#2664 = CARTESIAN_POINT('',(-6.28318530718,-18.));
#2665 = ( GEOMETRIC_REPRESENTATION_CONTEXT(2) 
PARAMETRIC_REPRESENTATION_CONTEXT() REPRESENTATION_CONTEXT('2D SPACE',''
  ) );
#2666 = ORIENTED_EDGE('',*,*,#2667,.F.);
#2667 = EDGE_CURVE('',#2648,#2648,#2668,.T.);
#2668 = SURFACE_CURVE('',#2669,(#2674,#2681),.PCURVE_S1.);
#2669 = CIRCLE('',#2670,11.828427124746);
#2670 = AXIS2_PLACEMENT_3D('',#2671,#2672,#2673);
#2671 = CARTESIAN_POINT('',(0.,0.,152.));
#2672 = DIRECTION('',(0.,0.,1.));
#2673 = DIRECTION('',(1.,0.,0.));
#2674 = PCURVE('',#1284,#2675);
#2675 = DEFINITIONAL_REPRESENTATION('',(#2676),#2680);
#2676 = LINE('',#2677,#2678);
#2677 = CARTESIAN_POINT('',(-0.,-18.));
#2678 = VECTOR('',#2679,1.);
#2679 = DIRECTION('',(-1.,-0.));
#2680 = ( GEOMETRIC_REPRESENTATION_CONTEXT(2) 
PARAMETRIC_REPRESENTATION_CONTEXT() REPRESENTATION_CONTEXT('2D SPACE',''
  ) );
#2681 = PCURVE('',#2682,#2687);
#2682 = PLANE('',#2683);
#2683 = AXIS2_PLACEMENT_3D('',#2684,#2685,#2686);
#2684 = CARTESIAN_POINT('',(-2.43100468007E-15,-1.102182119233E-15,152.)
  );
#2685 = DIRECTION('',(0.,0.,1.));
#2686 = DIRECTION('',(1.,0.,-0.));
#2687 = DEFINITIONAL_REPRESENTATION('',(#2688),#2692);
#2688 = CIRCLE('',#2689,11.828427124746);
#2689 = AXIS2_PLACEMENT_2D('',#2690,#2691);
#2690 = CARTESIAN_POINT('',(2.43100468007E-15,1.102182119233E-15));
#2691 = DIRECTION('',(1.,0.));
#2692 = ( GEOMETRIC_REPRESENTATION_CONTEXT(2) 
PARAMETRIC_REPRESENTATION_CONTEXT() REPRESENTATION_CONTEXT('2D SPACE',''
  ) );
#2693 = ORIENTED_EDGE('',*,*,#2647,.F.);
#2694 = ADVANCED_FACE('',(#2695),#2144,.T.);
#2695 = FACE_BOUND('',#2696,.T.);
#2696 = EDGE_LOOP('',(#2697,#2698,#2721,#2748));
#2697 = ORIENTED_EDGE('',*,*,#2129,.T.);
#2698 = ORIENTED_EDGE('',*,*,#2699,.T.);
#2699 = EDGE_CURVE('',#2107,#2700,#2702,.T.);
#2700 = VERTEX_POINT('',#2701);
#2701 = CARTESIAN_POINT('',(28.35388146445,0.,174.33333333333));
#2702 = SEAM_CURVE('',#2703,(#2707,#2714),.PCURVE_S1.);
#2703 = LINE('',#2704,#2705);
#2704 = CARTESIAN_POINT('',(28.448161964927,0.,172.16666666666));
#2705 = VECTOR('',#2706,1.);
#2706 = DIRECTION('',(-4.347293914735E-02,0.,0.999054604895));
#2707 = PCURVE('',#2144,#2708);
#2708 = DEFINITIONAL_REPRESENTATION('',(#2709),#2713);
#2709 = LINE('',#2710,#2711);
#2710 = CARTESIAN_POINT('',(-0.,-0.));
#2711 = VECTOR('',#2712,1.);
#2712 = DIRECTION('',(-0.,-1.));
#2713 = ( GEOMETRIC_REPRESENTATION_CONTEXT(2) 
PARAMETRIC_REPRESENTATION_CONTEXT() REPRESENTATION_CONTEXT('2D SPACE',''
  ) );
#2714 = PCURVE('',#2144,#2715);
#2715 = DEFINITIONAL_REPRESENTATION('',(#2716),#2720);
#2716 = LINE('',#2717,#2718);
#2717 = CARTESIAN_POINT('',(-6.28318530718,-0.));
#2718 = VECTOR('',#2719,1.);
#2719 = DIRECTION('',(-0.,-1.));
#2720 = ( GEOMETRIC_REPRESENTATION_CONTEXT(2) 
PARAMETRIC_REPRESENTATION_CONTEXT() REPRESENTATION_CONTEXT('2D SPACE',''
  ) );
#2721 = ORIENTED_EDGE('',*,*,#2722,.F.);
#2722 = EDGE_CURVE('',#2700,#2700,#2723,.T.);
#2723 = SURFACE_CURVE('',#2724,(#2729,#2736),.PCURVE_S1.);
#2724 = CIRCLE('',#2725,28.35388146445);
#2725 = AXIS2_PLACEMENT_3D('',#2726,#2727,#2728);
#2726 = CARTESIAN_POINT('',(0.,0.,174.33333333333));
#2727 = DIRECTION('',(0.,0.,1.));
#2728 = DIRECTION('',(1.,0.,-0.));
#2729 = PCURVE('',#2144,#2730);
#2730 = DEFINITIONAL_REPRESENTATION('',(#2731),#2735);
#2731 = LINE('',#2732,#2733);
#2732 = CARTESIAN_POINT('',(-0.,-2.166666666667));
#2733 = VECTOR('',#2734,1.);
#2734 = DIRECTION('',(-1.,-0.));
#2735 = ( GEOMETRIC_REPRESENTATION_CONTEXT(2) 
PARAMETRIC_REPRESENTATION_CONTEXT() REPRESENTATION_CONTEXT('2D SPACE',''
  ) );
#2736 = PCURVE('',#2737,#2742);
#2737 = CONICAL_SURFACE('',#2738,28.35388146445,5.602462744066E-02);
#2738 = AXIS2_PLACEMENT_3D('',#2739,#2740,#2741);
#2739 = CARTESIAN_POINT('',(0.,0.,174.33333333333));
#2740 = DIRECTION('',(-0.,-0.,-1.));
#2741 = DIRECTION('',(1.,0.,-0.));
#2742 = DEFINITIONAL_REPRESENTATION('',(#2743),#2747);
#2743 = LINE('',#2744,#2745);
#2744 = CARTESIAN_POINT('',(-0.,-0.));
#2745 = VECTOR('',#2746,1.);
#2746 = DIRECTION('',(-1.,-0.));
#2747 = ( GEOMETRIC_REPRESENTATION_CONTEXT(2) 
PARAMETRIC_REPRESENTATION_CONTEXT() REPRESENTATION_CONTEXT('2D SPACE',''
  ) );
#2748 = ORIENTED_EDGE('',*,*,#2699,.F.);
#2749 = ADVANCED_FACE('',(#2750,#2753),#2682,.F.);
#2750 = FACE_BOUND('',#2751,.F.);
#2751 = EDGE_LOOP('',(#2752));
#2752 = ORIENTED_EDGE('',*,*,#2667,.T.);
#2753 = FACE_BOUND('',#2754,.F.);
#2754 = EDGE_LOOP('',(#2755));
#2755 = ORIENTED_EDGE('',*,*,#2756,.T.);
#2756 = EDGE_CURVE('',#2757,#2757,#2759,.T.);
#2757 = VERTEX_POINT('',#2758);
#2758 = CARTESIAN_POINT('',(9.,0.,152.));
#2759 = SURFACE_CURVE('',#2760,(#2765,#2776),.PCURVE_S1.);
#2760 = CIRCLE('',#2761,9.);
#2761 = AXIS2_PLACEMENT_3D('',#2762,#2763,#2764);
#2762 = CARTESIAN_POINT('',(0.,0.,152.));
#2763 = DIRECTION('',(0.,0.,-1.));
#2764 = DIRECTION('',(1.,0.,0.));
#2765 = PCURVE('',#2682,#2766);
#2766 = DEFINITIONAL_REPRESENTATION('',(#2767),#2775);
#2767 = ( BOUNDED_CURVE() B_SPLINE_CURVE(2,(#2768,#2769,#2770,#2771,
#2772,#2773,#2774),.UNSPECIFIED.,.T.,.F.) B_SPLINE_CURVE_WITH_KNOTS((1,2
    ,2,2,2,1),(-2.094395102393,0.,2.094395102393,4.188790204786,
6.28318530718,8.377580409573),.UNSPECIFIED.) CURVE() 
GEOMETRIC_REPRESENTATION_ITEM() RATIONAL_B_SPLINE_CURVE((1.,0.5,1.,0.5,
1.,0.5,1.)) REPRESENTATION_ITEM('') );
#2768 = CARTESIAN_POINT('',(9.,1.102182119233E-15));
#2769 = CARTESIAN_POINT('',(9.,-15.58845726812));
#2770 = CARTESIAN_POINT('',(-4.5,-7.79422863406));
#2771 = CARTESIAN_POINT('',(-18.,-1.102182119233E-15));
#2772 = CARTESIAN_POINT('',(-4.5,7.79422863406));
#2773 = CARTESIAN_POINT('',(9.,15.58845726812));
#2774 = CARTESIAN_POINT('',(9.,1.102182119233E-15));
#2775 = ( GEOMETRIC_REPRESENTATION_CONTEXT(2) 
PARAMETRIC_REPRESENTATION_CONTEXT() REPRESENTATION_CONTEXT('2D SPACE',''
  ) );
#2776 = PCURVE('',#2777,#2782);
#2777 = CYLINDRICAL_SURFACE('',#2778,9.);
#2778 = AXIS2_PLACEMENT_3D('',#2779,#2780,#2781);
#2779 = CARTESIAN_POINT('',(0.,0.,150.));
#2780 = DIRECTION('',(-0.,-0.,-1.));
#2781 = DIRECTION('',(1.,0.,0.));
#2782 = DEFINITIONAL_REPRESENTATION('',(#2783),#2787);
#2783 = LINE('',#2784,#2785);
#2784 = CARTESIAN_POINT('',(-6.28318530718,-2.));
#2785 = VECTOR('',#2786,1.);
#2786 = DIRECTION('',(1.,-0.));
#2787 = ( GEOMETRIC_REPRESENTATION_CONTEXT(2) 
PARAMETRIC_REPRESENTATION_CONTEXT() REPRESENTATION_CONTEXT('2D SPACE',''
  ) );
#2788 = ADVANCED_FACE('',(#2789),#2737,.T.);
#2789 = FACE_BOUND('',#2790,.T.);
#2790 = EDGE_LOOP('',(#2791,#2792,#2815,#2842));
#2791 = ORIENTED_EDGE('',*,*,#2722,.T.);
#2792 = ORIENTED_EDGE('',*,*,#2793,.T.);
#2793 = EDGE_CURVE('',#2700,#2794,#2796,.T.);
#2794 = VERTEX_POINT('',#2795);
#2795 = CARTESIAN_POINT('',(28.232367610822,0.,176.5));
#2796 = SEAM_CURVE('',#2797,(#2801,#2808),.PCURVE_S1.);
#2797 = LINE('',#2798,#2799);
#2798 = CARTESIAN_POINT('',(28.35388146445,0.,174.33333333333));
#2799 = VECTOR('',#2800,1.);
#2800 = DIRECTION('',(-5.599532407371E-02,0.,0.998431031009));
#2801 = PCURVE('',#2737,#2802);
#2802 = DEFINITIONAL_REPRESENTATION('',(#2803),#2807);
#2803 = LINE('',#2804,#2805);
#2804 = CARTESIAN_POINT('',(-0.,-0.));
#2805 = VECTOR('',#2806,1.);
#2806 = DIRECTION('',(-0.,-1.));
#2807 = ( GEOMETRIC_REPRESENTATION_CONTEXT(2) 
PARAMETRIC_REPRESENTATION_CONTEXT() REPRESENTATION_CONTEXT('2D SPACE',''
  ) );
#2808 = PCURVE('',#2737,#2809);
#2809 = DEFINITIONAL_REPRESENTATION('',(#2810),#2814);
#2810 = LINE('',#2811,#2812);
#2811 = CARTESIAN_POINT('',(-6.28318530718,-0.));
#2812 = VECTOR('',#2813,1.);
#2813 = DIRECTION('',(-0.,-1.));
#2814 = ( GEOMETRIC_REPRESENTATION_CONTEXT(2) 
PARAMETRIC_REPRESENTATION_CONTEXT() REPRESENTATION_CONTEXT('2D SPACE',''
  ) );
#2815 = ORIENTED_EDGE('',*,*,#2816,.F.);
#2816 = EDGE_CURVE('',#2794,#2794,#2817,.T.);
#2817 = SURFACE_CURVE('',#2818,(#2823,#2830),.PCURVE_S1.);
#2818 = CIRCLE('',#2819,28.232367610822);
#2819 = AXIS2_PLACEMENT_3D('',#2820,#2821,#2822);
#2820 = CARTESIAN_POINT('',(0.,0.,176.5));
#2821 = DIRECTION('',(0.,0.,1.));
#2822 = DIRECTION('',(1.,0.,-0.));
#2823 = PCURVE('',#2737,#2824);
#2824 = DEFINITIONAL_REPRESENTATION('',(#2825),#2829);
#2825 = LINE('',#2826,#2827);
#2826 = CARTESIAN_POINT('',(-0.,-2.166666666667));
#2827 = VECTOR('',#2828,1.);
#2828 = DIRECTION('',(-1.,-0.));
#2829 = ( GEOMETRIC_REPRESENTATION_CONTEXT(2) 
PARAMETRIC_REPRESENTATION_CONTEXT() REPRESENTATION_CONTEXT('2D SPACE',''
  ) );
#2830 = PCURVE('',#2831,#2836);
#2831 = CONICAL_SURFACE('',#2832,28.232367610822,6.60495004583E-02);
#2832 = AXIS2_PLACEMENT_3D('',#2833,#2834,#2835);
#2833 = CARTESIAN_POINT('',(0.,0.,176.5));
#2834 = DIRECTION('',(-0.,-0.,-1.));
#2835 = DIRECTION('',(1.,0.,-0.));
#2836 = DEFINITIONAL_REPRESENTATION('',(#2837),#2841);
#2837 = LINE('',#2838,#2839);
#2838 = CARTESIAN_POINT('',(-0.,-0.));
#2839 = VECTOR('',#2840,1.);
#2840 = DIRECTION('',(-1.,-0.));
#2841 = ( GEOMETRIC_REPRESENTATION_CONTEXT(2) 
PARAMETRIC_REPRESENTATION_CONTEXT() REPRESENTATION_CONTEXT('2D SPACE',''
  ) );
#2842 = ORIENTED_EDGE('',*,*,#2793,.F.);
#2843 = ADVANCED_FACE('',(#2844),#2777,.F.);
#2844 = FACE_BOUND('',#2845,.T.);
#2845 = EDGE_LOOP('',(#2846,#2847,#2870,#2901));
#2846 = ORIENTED_EDGE('',*,*,#2756,.T.);
#2847 = ORIENTED_EDGE('',*,*,#2848,.T.);
#2848 = EDGE_CURVE('',#2757,#2849,#2851,.T.);
#2849 = VERTEX_POINT('',#2850);
#2850 = CARTESIAN_POINT('',(9.,0.,155.));
#2851 = SEAM_CURVE('',#2852,(#2856,#2863),.PCURVE_S1.);
#2852 = LINE('',#2853,#2854);
#2853 = CARTESIAN_POINT('',(9.,0.,150.));
#2854 = VECTOR('',#2855,1.);
#2855 = DIRECTION('',(0.,0.,1.));
#2856 = PCURVE('',#2777,#2857);
#2857 = DEFINITIONAL_REPRESENTATION('',(#2858),#2862);
#2858 = LINE('',#2859,#2860);
#2859 = CARTESIAN_POINT('',(-6.28318530718,0.));
#2860 = VECTOR('',#2861,1.);
#2861 = DIRECTION('',(-0.,-1.));
#2862 = ( GEOMETRIC_REPRESENTATION_CONTEXT(2) 
PARAMETRIC_REPRESENTATION_CONTEXT() REPRESENTATION_CONTEXT('2D SPACE',''
  ) );
#2863 = PCURVE('',#2777,#2864);
#2864 = DEFINITIONAL_REPRESENTATION('',(#2865),#2869);
#2865 = LINE('',#2866,#2867);
#2866 = CARTESIAN_POINT('',(-0.,0.));
#2867 = VECTOR('',#2868,1.);
#2868 = DIRECTION('',(-0.,-1.));
#2869 = ( GEOMETRIC_REPRESENTATION_CONTEXT(2) 
PARAMETRIC_REPRESENTATION_CONTEXT() REPRESENTATION_CONTEXT('2D SPACE',''
  ) );
#2870 = ORIENTED_EDGE('',*,*,#2871,.F.);
#2871 = EDGE_CURVE('',#2849,#2849,#2872,.T.);
#2872 = SURFACE_CURVE('',#2873,(#2878,#2885),.PCURVE_S1.);
#2873 = CIRCLE('',#2874,9.);
#2874 = AXIS2_PLACEMENT_3D('',#2875,#2876,#2877);
#2875 = CARTESIAN_POINT('',(0.,0.,155.));
#2876 = DIRECTION('',(0.,0.,-1.));
#2877 = DIRECTION('',(1.,0.,0.));
#2878 = PCURVE('',#2777,#2879);
#2879 = DEFINITIONAL_REPRESENTATION('',(#2880),#2884);
#2880 = LINE('',#2881,#2882);
#2881 = CARTESIAN_POINT('',(-6.28318530718,-5.));
#2882 = VECTOR('',#2883,1.);
#2883 = DIRECTION('',(1.,-0.));
#2884 = ( GEOMETRIC_REPRESENTATION_CONTEXT(2) 
PARAMETRIC_REPRESENTATION_CONTEXT() REPRESENTATION_CONTEXT('2D SPACE',''
  ) );
#2885 = PCURVE('',#2886,#2891);
#2886 = PLANE('',#2887);
#2887 = AXIS2_PLACEMENT_3D('',#2888,#2889,#2890);
#2888 = CARTESIAN_POINT('',(-2.43100468007E-15,-1.102182119233E-15,155.)
  );
#2889 = DIRECTION('',(0.,0.,1.));
#2890 = DIRECTION('',(1.,0.,-0.));
#2891 = DEFINITIONAL_REPRESENTATION('',(#2892),#2900);
#2892 = ( BOUNDED_CURVE() B_SPLINE_CURVE(2,(#2893,#2894,#2895,#2896,
#2897,#2898,#2899),.UNSPECIFIED.,.T.,.F.) B_SPLINE_CURVE_WITH_KNOTS((1,2
    ,2,2,2,1),(-2.094395102393,0.,2.094395102393,4.188790204786,
6.28318530718,8.377580409573),.UNSPECIFIED.) CURVE() 
GEOMETRIC_REPRESENTATION_ITEM() RATIONAL_B_SPLINE_CURVE((1.,0.5,1.,0.5,
1.,0.5,1.)) REPRESENTATION_ITEM('') );
#2893 = CARTESIAN_POINT('',(9.,1.102182119233E-15));
#2894 = CARTESIAN_POINT('',(9.,-15.58845726812));
#2895 = CARTESIAN_POINT('',(-4.5,-7.79422863406));
#2896 = CARTESIAN_POINT('',(-18.,-1.102182119233E-15));
#2897 = CARTESIAN_POINT('',(-4.5,7.79422863406));
#2898 = CARTESIAN_POINT('',(9.,15.58845726812));
#2899 = CARTESIAN_POINT('',(9.,1.102182119233E-15));
#2900 = ( GEOMETRIC_REPRESENTATION_CONTEXT(2) 
PARAMETRIC_REPRESENTATION_CONTEXT() REPRESENTATION_CONTEXT('2D SPACE',''
  ) );
#2901 = ORIENTED_EDGE('',*,*,#2848,.F.);
#2902 = ADVANCED_FACE('',(#2903),#2831,.T.);
#2903 = FACE_BOUND('',#2904,.T.);
#2904 = EDGE_LOOP('',(#2905,#2906,#2929,#2956));
#2905 = ORIENTED_EDGE('',*,*,#2816,.T.);
#2906 = ORIENTED_EDGE('',*,*,#2907,.T.);
#2907 = EDGE_CURVE('',#2794,#2908,#2910,.T.);
#2908 = VERTEX_POINT('',#2909);
#2909 = CARTESIAN_POINT('',(28.089051892507,0.,178.66666666666));
#2910 = SEAM_CURVE('',#2911,(#2915,#2922),.PCURVE_S1.);
#2911 = LINE('',#2912,#2913);
#2912 = CARTESIAN_POINT('',(28.232367610822,0.,176.5));
#2913 = VECTOR('',#2914,1.);
#2914 = DIRECTION('',(-6.600148703964E-02,0.,0.997819524618));
#2915 = PCURVE('',#2831,#2916);
#2916 = DEFINITIONAL_REPRESENTATION('',(#2917),#2921);
#2917 = LINE('',#2918,#2919);
#2918 = CARTESIAN_POINT('',(-0.,-0.));
#2919 = VECTOR('',#2920,1.);
#2920 = DIRECTION('',(-0.,-1.));
#2921 = ( GEOMETRIC_REPRESENTATION_CONTEXT(2) 
PARAMETRIC_REPRESENTATION_CONTEXT() REPRESENTATION_CONTEXT('2D SPACE',''
  ) );
#2922 = PCURVE('',#2831,#2923);
#2923 = DEFINITIONAL_REPRESENTATION('',(#2924),#2928);
#2924 = LINE('',#2925,#2926);
#2925 = CARTESIAN_POINT('',(-6.28318530718,-0.));
#2926 = VECTOR('',#2927,1.);
#2927 = DIRECTION('',(-0.,-1.));
#2928 = ( GEOMETRIC_REPRESENTATION_CONTEXT(2) 
PARAMETRIC_REPRESENTATION_CONTEXT() REPRESENTATION_CONTEXT('2D SPACE',''
  ) );
#2929 = ORIENTED_EDGE('',*,*,#2930,.F.);
#2930 = EDGE_CURVE('',#2908,#2908,#2931,.T.);
#2931 = SURFACE_CURVE('',#2932,(#2937,#2944),.PCURVE_S1.);
#2932 = CIRCLE('',#2933,28.089051892507);
#2933 = AXIS2_PLACEMENT_3D('',#2934,#2935,#2936);
#2934 = CARTESIAN_POINT('',(0.,0.,178.66666666666));
#2935 = DIRECTION('',(0.,0.,1.));
#2936 = DIRECTION('',(1.,0.,-0.));
#2937 = PCURVE('',#2831,#2938);
#2938 = DEFINITIONAL_REPRESENTATION('',(#2939),#2943);
#2939 = LINE('',#2940,#2941);
#2940 = CARTESIAN_POINT('',(-0.,-2.166666666667));
#2941 = VECTOR('',#2942,1.);
#2942 = DIRECTION('',(-1.,-0.));
#2943 = ( GEOMETRIC_REPRESENTATION_CONTEXT(2) 
PARAMETRIC_REPRESENTATION_CONTEXT() REPRESENTATION_CONTEXT('2D SPACE',''
  ) );
#2944 = PCURVE('',#2945,#2950);
#2945 = CONICAL_SURFACE('',#2946,28.089051892507,7.46287238651E-02);
#2946 = AXIS2_PLACEMENT_3D('',#2947,#2948,#2949);
#2947 = CARTESIAN_POINT('',(0.,0.,178.66666666666));
#2948 = DIRECTION('',(-0.,-0.,-1.));
#2949 = DIRECTION('',(1.,0.,-0.));
#2950 = DEFINITIONAL_REPRESENTATION('',(#2951),#2955);
#2951 = LINE('',#2952,#2953);
#2952 = CARTESIAN_POINT('',(-0.,-0.));
#2953 = VECTOR('',#2954,1.);
#2954 = DIRECTION('',(-1.,-0.));
#2955 = ( GEOMETRIC_REPRESENTATION_CONTEXT(2) 
PARAMETRIC_REPRESENTATION_CONTEXT() REPRESENTATION_CONTEXT('2D SPACE',''
  ) );
#2956 = ORIENTED_EDGE('',*,*,#2907,.F.);
#2957 = ADVANCED_FACE('',(#2958,#2989,#3024,#3059,#3094,#3097),#2886,.T.
  );
#2958 = FACE_BOUND('',#2959,.T.);
#2959 = EDGE_LOOP('',(#2960));
#2960 = ORIENTED_EDGE('',*,*,#2961,.T.);
#2961 = EDGE_CURVE('',#2962,#2962,#2964,.T.);
#2962 = VERTEX_POINT('',#2963);
#2963 = CARTESIAN_POINT('',(26.5,0.,155.));
#2964 = SURFACE_CURVE('',#2965,(#2970,#2977),.PCURVE_S1.);
#2965 = CIRCLE('',#2966,26.5);
#2966 = AXIS2_PLACEMENT_3D('',#2967,#2968,#2969);
#2967 = CARTESIAN_POINT('',(0.,0.,155.));
#2968 = DIRECTION('',(0.,0.,1.));
#2969 = DIRECTION('',(1.,0.,-0.));
#2970 = PCURVE('',#2886,#2971);
#2971 = DEFINITIONAL_REPRESENTATION('',(#2972),#2976);
#2972 = CIRCLE('',#2973,26.5);
#2973 = AXIS2_PLACEMENT_2D('',#2974,#2975);
#2974 = CARTESIAN_POINT('',(2.43100468007E-15,1.102182119233E-15));
#2975 = DIRECTION('',(1.,0.));
#2976 = ( GEOMETRIC_REPRESENTATION_CONTEXT(2) 
PARAMETRIC_REPRESENTATION_CONTEXT() REPRESENTATION_CONTEXT('2D SPACE',''
  ) );
#2977 = PCURVE('',#2978,#2983);
#2978 = CYLINDRICAL_SURFACE('',#2979,26.5);
#2979 = AXIS2_PLACEMENT_3D('',#2980,#2981,#2982);
#2980 = CARTESIAN_POINT('',(0.,0.,-1.));
#2981 = DIRECTION('',(0.,0.,1.));
#2982 = DIRECTION('',(1.,0.,-0.));
#2983 = DEFINITIONAL_REPRESENTATION('',(#2984),#2988);
#2984 = LINE('',#2985,#2986);
#2985 = CARTESIAN_POINT('',(0.,156.));
#2986 = VECTOR('',#2987,1.);
#2987 = DIRECTION('',(1.,0.));
#2988 = ( GEOMETRIC_REPRESENTATION_CONTEXT(2) 
PARAMETRIC_REPRESENTATION_CONTEXT() REPRESENTATION_CONTEXT('2D SPACE',''
  ) );
#2989 = FACE_BOUND('',#2990,.T.);
#2990 = EDGE_LOOP('',(#2991));
#2991 = ORIENTED_EDGE('',*,*,#2992,.T.);
#2992 = EDGE_CURVE('',#2993,#2993,#2995,.T.);
#2993 = VERTEX_POINT('',#2994);
#2994 = CARTESIAN_POINT('',(-13.65,-15.25,155.));
#2995 = SURFACE_CURVE('',#2996,(#3001,#3012),.PCURVE_S1.);
#2996 = CIRCLE('',#2997,1.6);
#2997 = AXIS2_PLACEMENT_3D('',#2998,#2999,#3000);
#2998 = CARTESIAN_POINT('',(-15.25,-15.25,155.));
#2999 = DIRECTION('',(0.,0.,-1.));
#3000 = DIRECTION('',(1.,0.,0.));
#3001 = PCURVE('',#2886,#3002);
#3002 = DEFINITIONAL_REPRESENTATION('',(#3003),#3011);
#3003 = ( BOUNDED_CURVE() B_SPLINE_CURVE(2,(#3004,#3005,#3006,#3007,
#3008,#3009,#3010),.UNSPECIFIED.,.T.,.F.) B_SPLINE_CURVE_WITH_KNOTS((1,2
    ,2,2,2,1),(-2.094395102393,0.,2.094395102393,4.188790204786,
6.28318530718,8.377580409573),.UNSPECIFIED.) CURVE() 
GEOMETRIC_REPRESENTATION_ITEM() RATIONAL_B_SPLINE_CURVE((1.,0.5,1.,0.5,
1.,0.5,1.)) REPRESENTATION_ITEM('') );
#3004 = CARTESIAN_POINT('',(-13.65,-15.25));
#3005 = CARTESIAN_POINT('',(-13.65,-18.02128129211));
#3006 = CARTESIAN_POINT('',(-16.05,-16.63564064605));
#3007 = CARTESIAN_POINT('',(-18.45,-15.25));
#3008 = CARTESIAN_POINT('',(-16.05,-13.86435935394));
#3009 = CARTESIAN_POINT('',(-13.65,-12.47871870789));
#3010 = CARTESIAN_POINT('',(-13.65,-15.25));
#3011 = ( GEOMETRIC_REPRESENTATION_CONTEXT(2) 
PARAMETRIC_REPRESENTATION_CONTEXT() REPRESENTATION_CONTEXT('2D SPACE',''
  ) );
#3012 = PCURVE('',#3013,#3018);
#3013 = CYLINDRICAL_SURFACE('',#3014,1.6);
#3014 = AXIS2_PLACEMENT_3D('',#3015,#3016,#3017);
#3015 = CARTESIAN_POINT('',(-15.25,-15.25,150.));
#3016 = DIRECTION('',(-0.,-0.,-1.));
#3017 = DIRECTION('',(1.,0.,0.));
#3018 = DEFINITIONAL_REPRESENTATION('',(#3019),#3023);
#3019 = LINE('',#3020,#3021);
#3020 = CARTESIAN_POINT('',(-6.28318530718,-5.));
#3021 = VECTOR('',#3022,1.);
#3022 = DIRECTION('',(1.,-0.));
#3023 = ( GEOMETRIC_REPRESENTATION_CONTEXT(2) 
PARAMETRIC_REPRESENTATION_CONTEXT() REPRESENTATION_CONTEXT('2D SPACE',''
  ) );
#3024 = FACE_BOUND('',#3025,.T.);
#3025 = EDGE_LOOP('',(#3026));
#3026 = ORIENTED_EDGE('',*,*,#3027,.T.);
#3027 = EDGE_CURVE('',#3028,#3028,#3030,.T.);
#3028 = VERTEX_POINT('',#3029);
#3029 = CARTESIAN_POINT('',(16.85,-15.25,155.));
#3030 = SURFACE_CURVE('',#3031,(#3036,#3047),.PCURVE_S1.);
#3031 = CIRCLE('',#3032,1.6);
#3032 = AXIS2_PLACEMENT_3D('',#3033,#3034,#3035);
#3033 = CARTESIAN_POINT('',(15.25,-15.25,155.));
#3034 = DIRECTION('',(0.,0.,-1.));
#3035 = DIRECTION('',(1.,0.,0.));
#3036 = PCURVE('',#2886,#3037);
#3037 = DEFINITIONAL_REPRESENTATION('',(#3038),#3046);
#3038 = ( BOUNDED_CURVE() B_SPLINE_CURVE(2,(#3039,#3040,#3041,#3042,
#3043,#3044,#3045),.UNSPECIFIED.,.T.,.F.) B_SPLINE_CURVE_WITH_KNOTS((1,2
    ,2,2,2,1),(-2.094395102393,0.,2.094395102393,4.188790204786,
6.28318530718,8.377580409573),.UNSPECIFIED.) CURVE() 
GEOMETRIC_REPRESENTATION_ITEM() RATIONAL_B_SPLINE_CURVE((1.,0.5,1.,0.5,
1.,0.5,1.)) REPRESENTATION_ITEM('') );
#3039 = CARTESIAN_POINT('',(16.85,-15.25));
#3040 = CARTESIAN_POINT('',(16.85,-18.02128129211));
#3041 = CARTESIAN_POINT('',(14.45,-16.63564064605));
#3042 = CARTESIAN_POINT('',(12.05,-15.25));
#3043 = CARTESIAN_POINT('',(14.45,-13.86435935394));
#3044 = CARTESIAN_POINT('',(16.85,-12.47871870789));
#3045 = CARTESIAN_POINT('',(16.85,-15.25));
#3046 = ( GEOMETRIC_REPRESENTATION_CONTEXT(2) 
PARAMETRIC_REPRESENTATION_CONTEXT() REPRESENTATION_CONTEXT('2D SPACE',''
  ) );
#3047 = PCURVE('',#3048,#3053);
#3048 = CYLINDRICAL_SURFACE('',#3049,1.6);
#3049 = AXIS2_PLACEMENT_3D('',#3050,#3051,#3052);
#3050 = CARTESIAN_POINT('',(15.25,-15.25,150.));
#3051 = DIRECTION('',(-0.,-0.,-1.));
#3052 = DIRECTION('',(1.,0.,0.));
#3053 = DEFINITIONAL_REPRESENTATION('',(#3054),#3058);
#3054 = LINE('',#3055,#3056);
#3055 = CARTESIAN_POINT('',(-6.28318530718,-5.));
#3056 = VECTOR('',#3057,1.);
#3057 = DIRECTION('',(1.,-0.));
#3058 = ( GEOMETRIC_REPRESENTATION_CONTEXT(2) 
PARAMETRIC_REPRESENTATION_CONTEXT() REPRESENTATION_CONTEXT('2D SPACE',''
  ) );
#3059 = FACE_BOUND('',#3060,.T.);
#3060 = EDGE_LOOP('',(#3061));
#3061 = ORIENTED_EDGE('',*,*,#3062,.T.);
#3062 = EDGE_CURVE('',#3063,#3063,#3065,.T.);
#3063 = VERTEX_POINT('',#3064);
#3064 = CARTESIAN_POINT('',(-13.65,15.25,155.));
#3065 = SURFACE_CURVE('',#3066,(#3071,#3082),.PCURVE_S1.);
#3066 = CIRCLE('',#3067,1.6);
#3067 = AXIS2_PLACEMENT_3D('',#3068,#3069,#3070);
#3068 = CARTESIAN_POINT('',(-15.25,15.25,155.));
#3069 = DIRECTION('',(0.,0.,-1.));
#3070 = DIRECTION('',(1.,0.,0.));
#3071 = PCURVE('',#2886,#3072);
#3072 = DEFINITIONAL_REPRESENTATION('',(#3073),#3081);
#3073 = ( BOUNDED_CURVE() B_SPLINE_CURVE(2,(#3074,#3075,#3076,#3077,
#3078,#3079,#3080),.UNSPECIFIED.,.T.,.F.) B_SPLINE_CURVE_WITH_KNOTS((1,2
    ,2,2,2,1),(-2.094395102393,0.,2.094395102393,4.188790204786,
6.28318530718,8.377580409573),.UNSPECIFIED.) CURVE() 
GEOMETRIC_REPRESENTATION_ITEM() RATIONAL_B_SPLINE_CURVE((1.,0.5,1.,0.5,
1.,0.5,1.)) REPRESENTATION_ITEM('') );
#3074 = CARTESIAN_POINT('',(-13.65,15.25));
#3075 = CARTESIAN_POINT('',(-13.65,12.47871870789));
#3076 = CARTESIAN_POINT('',(-16.05,13.864359353945));
#3077 = CARTESIAN_POINT('',(-18.45,15.25));
#3078 = CARTESIAN_POINT('',(-16.05,16.635640646055));
#3079 = CARTESIAN_POINT('',(-13.65,18.02128129211));
#3080 = CARTESIAN_POINT('',(-13.65,15.25));
#3081 = ( GEOMETRIC_REPRESENTATION_CONTEXT(2) 
PARAMETRIC_REPRESENTATION_CONTEXT() REPRESENTATION_CONTEXT('2D SPACE',''
  ) );
#3082 = PCURVE('',#3083,#3088);
#3083 = CYLINDRICAL_SURFACE('',#3084,1.6);
#3084 = AXIS2_PLACEMENT_3D('',#3085,#3086,#3087);
#3085 = CARTESIAN_POINT('',(-15.25,15.25,150.));
#3086 = DIRECTION('',(-0.,-0.,-1.));
#3087 = DIRECTION('',(1.,0.,0.));
#3088 = DEFINITIONAL_REPRESENTATION('',(#3089),#3093);
#3089 = LINE('',#3090,#3091);
#3090 = CARTESIAN_POINT('',(-6.28318530718,-5.));
#3091 = VECTOR('',#3092,1.);
#3092 = DIRECTION('',(1.,-0.));
#3093 = ( GEOMETRIC_REPRESENTATION_CONTEXT(2) 
PARAMETRIC_REPRESENTATION_CONTEXT() REPRESENTATION_CONTEXT('2D SPACE',''
  ) );
#3094 = FACE_BOUND('',#3095,.T.);
#3095 = EDGE_LOOP('',(#3096));
#3096 = ORIENTED_EDGE('',*,*,#2871,.T.);
#3097 = FACE_BOUND('',#3098,.T.);
#3098 = EDGE_LOOP('',(#3099));
#3099 = ORIENTED_EDGE('',*,*,#3100,.T.);
#3100 = EDGE_CURVE('',#3101,#3101,#3103,.T.);
#3101 = VERTEX_POINT('',#3102);
#3102 = CARTESIAN_POINT('',(16.85,15.25,155.));
#3103 = SURFACE_CURVE('',#3104,(#3109,#3120),.PCURVE_S1.);
#3104 = CIRCLE('',#3105,1.6);
#3105 = AXIS2_PLACEMENT_3D('',#3106,#3107,#3108);
#3106 = CARTESIAN_POINT('',(15.25,15.25,155.));
#3107 = DIRECTION('',(0.,0.,-1.));
#3108 = DIRECTION('',(1.,0.,0.));
#3109 = PCURVE('',#2886,#3110);
#3110 = DEFINITIONAL_REPRESENTATION('',(#3111),#3119);
#3111 = ( BOUNDED_CURVE() B_SPLINE_CURVE(2,(#3112,#3113,#3114,#3115,
#3116,#3117,#3118),.UNSPECIFIED.,.T.,.F.) B_SPLINE_CURVE_WITH_KNOTS((1,2
    ,2,2,2,1),(-2.094395102393,0.,2.094395102393,4.188790204786,
6.28318530718,8.377580409573),.UNSPECIFIED.) CURVE() 
GEOMETRIC_REPRESENTATION_ITEM() RATIONAL_B_SPLINE_CURVE((1.,0.5,1.,0.5,
1.,0.5,1.)) REPRESENTATION_ITEM('') );
#3112 = CARTESIAN_POINT('',(16.85,15.25));
#3113 = CARTESIAN_POINT('',(16.85,12.47871870789));
#3114 = CARTESIAN_POINT('',(14.45,13.864359353945));
#3115 = CARTESIAN_POINT('',(12.05,15.25));
#3116 = CARTESIAN_POINT('',(14.45,16.635640646055));
#3117 = CARTESIAN_POINT('',(16.85,18.02128129211));
#3118 = CARTESIAN_POINT('',(16.85,15.25));
#3119 = ( GEOMETRIC_REPRESENTATION_CONTEXT(2) 
PARAMETRIC_REPRESENTATION_CONTEXT() REPRESENTATION_CONTEXT('2D SPACE',''
  ) );
#3120 = PCURVE('',#3121,#3126);
#3121 = CYLINDRICAL_SURFACE('',#3122,1.6);
#3122 = AXIS2_PLACEMENT_3D('',#3123,#3124,#3125);
#3123 = CARTESIAN_POINT('',(15.25,15.25,150.));
#3124 = DIRECTION('',(-0.,-0.,-1.));
#3125 = DIRECTION('',(1.,0.,0.));
#3126 = DEFINITIONAL_REPRESENTATION('',(#3127),#3131);
#3127 = LINE('',#3128,#3129);
#3128 = CARTESIAN_POINT('',(-6.28318530718,-5.));
#3129 = VECTOR('',#3130,1.);
#3130 = DIRECTION('',(1.,-0.));
#3131 = ( GEOMETRIC_REPRESENTATION_CONTEXT(2) 
PARAMETRIC_REPRESENTATION_CONTEXT() REPRESENTATION_CONTEXT('2D SPACE',''
  ) );
#3132 = ADVANCED_FACE('',(#3133),#2945,.T.);
#3133 = FACE_BOUND('',#3134,.T.);
#3134 = EDGE_LOOP('',(#3135,#3136,#3159,#3186));
#3135 = ORIENTED_EDGE('',*,*,#2930,.T.);
#3136 = ORIENTED_EDGE('',*,*,#3137,.T.);
#3137 = EDGE_CURVE('',#2908,#3138,#3140,.T.);
#3138 = VERTEX_POINT('',#3139);
#3139 = CARTESIAN_POINT('',(27.927055468941,0.,180.83333333333));
#3140 = SEAM_CURVE('',#3141,(#3145,#3152),.PCURVE_S1.);
#3141 = LINE('',#3142,#3143);
#3142 = CARTESIAN_POINT('',(28.089051892507,0.,178.66666666666));
#3143 = VECTOR('',#3144,1.);
#3144 = DIRECTION('',(-7.455946970672E-02,0.,0.997216568994));
#3145 = PCURVE('',#2945,#3146);
#3146 = DEFINITIONAL_REPRESENTATION('',(#3147),#3151);
#3147 = LINE('',#3148,#3149);
#3148 = CARTESIAN_POINT('',(-0.,-0.));
#3149 = VECTOR('',#3150,1.);
#3150 = DIRECTION('',(-0.,-1.));
#3151 = ( GEOMETRIC_REPRESENTATION_CONTEXT(2) 
PARAMETRIC_REPRESENTATION_CONTEXT() REPRESENTATION_CONTEXT('2D SPACE',''
  ) );
#3152 = PCURVE('',#2945,#3153);
#3153 = DEFINITIONAL_REPRESENTATION('',(#3154),#3158);
#3154 = LINE('',#3155,#3156);
#3155 = CARTESIAN_POINT('',(-6.28318530718,-0.));
#3156 = VECTOR('',#3157,1.);
#3157 = DIRECTION('',(-0.,-1.));
#3158 = ( GEOMETRIC_REPRESENTATION_CONTEXT(2) 
PARAMETRIC_REPRESENTATION_CONTEXT() REPRESENTATION_CONTEXT('2D SPACE',''
  ) );
#3159 = ORIENTED_EDGE('',*,*,#3160,.F.);
#3160 = EDGE_CURVE('',#3138,#3138,#3161,.T.);
#3161 = SURFACE_CURVE('',#3162,(#3167,#3174),.PCURVE_S1.);
#3162 = CIRCLE('',#3163,27.927055468941);
#3163 = AXIS2_PLACEMENT_3D('',#3164,#3165,#3166);
#3164 = CARTESIAN_POINT('',(0.,0.,180.83333333333));
#3165 = DIRECTION('',(0.,0.,1.));
#3166 = DIRECTION('',(1.,0.,-0.));
#3167 = PCURVE('',#2945,#3168);
#3168 = DEFINITIONAL_REPRESENTATION('',(#3169),#3173);
#3169 = LINE('',#3170,#3171);
#3170 = CARTESIAN_POINT('',(-0.,-2.166666666667));
#3171 = VECTOR('',#3172,1.);
#3172 = DIRECTION('',(-1.,-0.));
#3173 = ( GEOMETRIC_REPRESENTATION_CONTEXT(2) 
PARAMETRIC_REPRESENTATION_CONTEXT() REPRESENTATION_CONTEXT('2D SPACE',''
  ) );
#3174 = PCURVE('',#3175,#3180);
#3175 = CONICAL_SURFACE('',#3176,27.927055468941,8.22409896551E-02);
#3176 = AXIS2_PLACEMENT_3D('',#3177,#3178,#3179);
#3177 = CARTESIAN_POINT('',(0.,0.,180.83333333333));
#3178 = DIRECTION('',(-0.,-0.,-1.));
#3179 = DIRECTION('',(1.,0.,-0.));
#3180 = DEFINITIONAL_REPRESENTATION('',(#3181),#3185);
#3181 = LINE('',#3182,#3183);
#3182 = CARTESIAN_POINT('',(-0.,-0.));
#3183 = VECTOR('',#3184,1.);
#3184 = DIRECTION('',(-1.,-0.));
#3185 = ( GEOMETRIC_REPRESENTATION_CONTEXT(2) 
PARAMETRIC_REPRESENTATION_CONTEXT() REPRESENTATION_CONTEXT('2D SPACE',''
  ) );
#3186 = ORIENTED_EDGE('',*,*,#3137,.F.);
#3187 = ADVANCED_FACE('',(#3188),#2978,.F.);
#3188 = FACE_BOUND('',#3189,.F.);
#3189 = EDGE_LOOP('',(#3190,#3191,#3214,#3241));
#3190 = ORIENTED_EDGE('',*,*,#2961,.T.);
#3191 = ORIENTED_EDGE('',*,*,#3192,.T.);
#3192 = EDGE_CURVE('',#2962,#3193,#3195,.T.);
#3193 = VERTEX_POINT('',#3194);
#3194 = CARTESIAN_POINT('',(26.5,0.,170.));
#3195 = SEAM_CURVE('',#3196,(#3200,#3207),.PCURVE_S1.);
#3196 = LINE('',#3197,#3198);
#3197 = CARTESIAN_POINT('',(26.5,0.,-1.));
#3198 = VECTOR('',#3199,1.);
#3199 = DIRECTION('',(0.,0.,1.));
#3200 = PCURVE('',#2978,#3201);
#3201 = DEFINITIONAL_REPRESENTATION('',(#3202),#3206);
#3202 = LINE('',#3203,#3204);
#3203 = CARTESIAN_POINT('',(0.,0.));
#3204 = VECTOR('',#3205,1.);
#3205 = DIRECTION('',(0.,1.));
#3206 = ( GEOMETRIC_REPRESENTATION_CONTEXT(2) 
PARAMETRIC_REPRESENTATION_CONTEXT() REPRESENTATION_CONTEXT('2D SPACE',''
  ) );
#3207 = PCURVE('',#2978,#3208);
#3208 = DEFINITIONAL_REPRESENTATION('',(#3209),#3213);
#3209 = LINE('',#3210,#3211);
#3210 = CARTESIAN_POINT('',(6.28318530718,0.));
#3211 = VECTOR('',#3212,1.);
#3212 = DIRECTION('',(0.,1.));
#3213 = ( GEOMETRIC_REPRESENTATION_CONTEXT(2) 
PARAMETRIC_REPRESENTATION_CONTEXT() REPRESENTATION_CONTEXT('2D SPACE',''
  ) );
#3214 = ORIENTED_EDGE('',*,*,#3215,.F.);
#3215 = EDGE_CURVE('',#3193,#3193,#3216,.T.);
#3216 = SURFACE_CURVE('',#3217,(#3222,#3229),.PCURVE_S1.);
#3217 = CIRCLE('',#3218,26.5);
#3218 = AXIS2_PLACEMENT_3D('',#3219,#3220,#3221);
#3219 = CARTESIAN_POINT('',(0.,0.,170.));
#3220 = DIRECTION('',(0.,0.,1.));
#3221 = DIRECTION('',(1.,0.,-0.));
#3222 = PCURVE('',#2978,#3223);
#3223 = DEFINITIONAL_REPRESENTATION('',(#3224),#3228);
#3224 = LINE('',#3225,#3226);
#3225 = CARTESIAN_POINT('',(0.,171.));
#3226 = VECTOR('',#3227,1.);
#3227 = DIRECTION('',(1.,0.));
#3228 = ( GEOMETRIC_REPRESENTATION_CONTEXT(2) 
PARAMETRIC_REPRESENTATION_CONTEXT() REPRESENTATION_CONTEXT('2D SPACE',''
  ) );
#3229 = PCURVE('',#3230,#3235);
#3230 = CONICAL_SURFACE('',#3231,26.5,2.392068344802E-02);
#3231 = AXIS2_PLACEMENT_3D('',#3232,#3233,#3234);
#3232 = CARTESIAN_POINT('',(0.,0.,170.));
#3233 = DIRECTION('',(-0.,-0.,-1.));
#3234 = DIRECTION('',(1.,0.,-0.));
#3235 = DEFINITIONAL_REPRESENTATION('',(#3236),#3240);
#3236 = LINE('',#3237,#3238);
#3237 = CARTESIAN_POINT('',(-0.,-0.));
#3238 = VECTOR('',#3239,1.);
#3239 = DIRECTION('',(-1.,-0.));
#3240 = ( GEOMETRIC_REPRESENTATION_CONTEXT(2) 
PARAMETRIC_REPRESENTATION_CONTEXT() REPRESENTATION_CONTEXT('2D SPACE',''
  ) );
#3241 = ORIENTED_EDGE('',*,*,#3192,.F.);
#3242 = ADVANCED_FACE('',(#3243),#3013,.F.);
#3243 = FACE_BOUND('',#3244,.T.);
#3244 = EDGE_LOOP('',(#3245,#3274,#3295,#3296));
#3245 = ORIENTED_EDGE('',*,*,#3246,.F.);
#3246 = EDGE_CURVE('',#3247,#3247,#3249,.T.);
#3247 = VERTEX_POINT('',#3248);
#3248 = CARTESIAN_POINT('',(-13.65,-15.25,150.));
#3249 = SURFACE_CURVE('',#3250,(#3255,#3262),.PCURVE_S1.);
#3250 = CIRCLE('',#3251,1.6);
#3251 = AXIS2_PLACEMENT_3D('',#3252,#3253,#3254);
#3252 = CARTESIAN_POINT('',(-15.25,-15.25,150.));
#3253 = DIRECTION('',(0.,0.,1.));
#3254 = DIRECTION('',(1.,0.,0.));
#3255 = PCURVE('',#3013,#3256);
#3256 = DEFINITIONAL_REPRESENTATION('',(#3257),#3261);
#3257 = LINE('',#3258,#3259);
#3258 = CARTESIAN_POINT('',(-0.,0.));
#3259 = VECTOR('',#3260,1.);
#3260 = DIRECTION('',(-1.,0.));
#3261 = ( GEOMETRIC_REPRESENTATION_CONTEXT(2) 
PARAMETRIC_REPRESENTATION_CONTEXT() REPRESENTATION_CONTEXT('2D SPACE',''
  ) );
#3262 = PCURVE('',#3263,#3268);
#3263 = PLANE('',#3264);
#3264 = AXIS2_PLACEMENT_3D('',#3265,#3266,#3267);
#3265 = CARTESIAN_POINT('',(-15.25,-15.25,150.));
#3266 = DIRECTION('',(0.,0.,1.));
#3267 = DIRECTION('',(1.,0.,-0.));
#3268 = DEFINITIONAL_REPRESENTATION('',(#3269),#3273);
#3269 = CIRCLE('',#3270,1.6);
#3270 = AXIS2_PLACEMENT_2D('',#3271,#3272);
#3271 = CARTESIAN_POINT('',(0.,0.));
#3272 = DIRECTION('',(1.,0.));
#3273 = ( GEOMETRIC_REPRESENTATION_CONTEXT(2) 
PARAMETRIC_REPRESENTATION_CONTEXT() REPRESENTATION_CONTEXT('2D SPACE',''
  ) );
#3274 = ORIENTED_EDGE('',*,*,#3275,.T.);
#3275 = EDGE_CURVE('',#3247,#2993,#3276,.T.);
#3276 = SEAM_CURVE('',#3277,(#3281,#3288),.PCURVE_S1.);
#3277 = LINE('',#3278,#3279);
#3278 = CARTESIAN_POINT('',(-13.65,-15.25,150.));
#3279 = VECTOR('',#3280,1.);
#3280 = DIRECTION('',(0.,0.,1.));
#3281 = PCURVE('',#3013,#3282);
#3282 = DEFINITIONAL_REPRESENTATION('',(#3283),#3287);
#3283 = LINE('',#3284,#3285);
#3284 = CARTESIAN_POINT('',(-6.28318530718,0.));
#3285 = VECTOR('',#3286,1.);
#3286 = DIRECTION('',(-0.,-1.));
#3287 = ( GEOMETRIC_REPRESENTATION_CONTEXT(2) 
PARAMETRIC_REPRESENTATION_CONTEXT() REPRESENTATION_CONTEXT('2D SPACE',''
  ) );
#3288 = PCURVE('',#3013,#3289);
#3289 = DEFINITIONAL_REPRESENTATION('',(#3290),#3294);
#3290 = LINE('',#3291,#3292);
#3291 = CARTESIAN_POINT('',(-0.,0.));
#3292 = VECTOR('',#3293,1.);
#3293 = DIRECTION('',(-0.,-1.));
#3294 = ( GEOMETRIC_REPRESENTATION_CONTEXT(2) 
PARAMETRIC_REPRESENTATION_CONTEXT() REPRESENTATION_CONTEXT('2D SPACE',''
  ) );
#3295 = ORIENTED_EDGE('',*,*,#2992,.F.);
#3296 = ORIENTED_EDGE('',*,*,#3275,.F.);
#3297 = ADVANCED_FACE('',(#3298),#3048,.F.);
#3298 = FACE_BOUND('',#3299,.T.);
#3299 = EDGE_LOOP('',(#3300,#3329,#3350,#3351));
#3300 = ORIENTED_EDGE('',*,*,#3301,.F.);
#3301 = EDGE_CURVE('',#3302,#3302,#3304,.T.);
#3302 = VERTEX_POINT('',#3303);
#3303 = CARTESIAN_POINT('',(16.85,-15.25,150.));
#3304 = SURFACE_CURVE('',#3305,(#3310,#3317),.PCURVE_S1.);
#3305 = CIRCLE('',#3306,1.6);
#3306 = AXIS2_PLACEMENT_3D('',#3307,#3308,#3309);
#3307 = CARTESIAN_POINT('',(15.25,-15.25,150.));
#3308 = DIRECTION('',(0.,0.,1.));
#3309 = DIRECTION('',(1.,0.,0.));
#3310 = PCURVE('',#3048,#3311);
#3311 = DEFINITIONAL_REPRESENTATION('',(#3312),#3316);
#3312 = LINE('',#3313,#3314);
#3313 = CARTESIAN_POINT('',(-0.,0.));
#3314 = VECTOR('',#3315,1.);
#3315 = DIRECTION('',(-1.,0.));
#3316 = ( GEOMETRIC_REPRESENTATION_CONTEXT(2) 
PARAMETRIC_REPRESENTATION_CONTEXT() REPRESENTATION_CONTEXT('2D SPACE',''
  ) );
#3317 = PCURVE('',#3318,#3323);
#3318 = PLANE('',#3319);
#3319 = AXIS2_PLACEMENT_3D('',#3320,#3321,#3322);
#3320 = CARTESIAN_POINT('',(15.25,-15.25,150.));
#3321 = DIRECTION('',(0.,0.,1.));
#3322 = DIRECTION('',(1.,0.,-0.));
#3323 = DEFINITIONAL_REPRESENTATION('',(#3324),#3328);
#3324 = CIRCLE('',#3325,1.6);
#3325 = AXIS2_PLACEMENT_2D('',#3326,#3327);
#3326 = CARTESIAN_POINT('',(-1.7763568394E-15,0.));
#3327 = DIRECTION('',(1.,0.));
#3328 = ( GEOMETRIC_REPRESENTATION_CONTEXT(2) 
PARAMETRIC_REPRESENTATION_CONTEXT() REPRESENTATION_CONTEXT('2D SPACE',''
  ) );
#3329 = ORIENTED_EDGE('',*,*,#3330,.T.);
#3330 = EDGE_CURVE('',#3302,#3028,#3331,.T.);
#3331 = SEAM_CURVE('',#3332,(#3336,#3343),.PCURVE_S1.);
#3332 = LINE('',#3333,#3334);
#3333 = CARTESIAN_POINT('',(16.85,-15.25,150.));
#3334 = VECTOR('',#3335,1.);
#3335 = DIRECTION('',(0.,0.,1.));
#3336 = PCURVE('',#3048,#3337);
#3337 = DEFINITIONAL_REPRESENTATION('',(#3338),#3342);
#3338 = LINE('',#3339,#3340);
#3339 = CARTESIAN_POINT('',(-6.28318530718,0.));
#3340 = VECTOR('',#3341,1.);
#3341 = DIRECTION('',(-0.,-1.));
#3342 = ( GEOMETRIC_REPRESENTATION_CONTEXT(2) 
PARAMETRIC_REPRESENTATION_CONTEXT() REPRESENTATION_CONTEXT('2D SPACE',''
  ) );
#3343 = PCURVE('',#3048,#3344);
#3344 = DEFINITIONAL_REPRESENTATION('',(#3345),#3349);
#3345 = LINE('',#3346,#3347);
#3346 = CARTESIAN_POINT('',(-0.,0.));
#3347 = VECTOR('',#3348,1.);
#3348 = DIRECTION('',(-0.,-1.));
#3349 = ( GEOMETRIC_REPRESENTATION_CONTEXT(2) 
PARAMETRIC_REPRESENTATION_CONTEXT() REPRESENTATION_CONTEXT('2D SPACE',''
  ) );
#3350 = ORIENTED_EDGE('',*,*,#3027,.F.);
#3351 = ORIENTED_EDGE('',*,*,#3330,.F.);
#3352 = ADVANCED_FACE('',(#3353),#3083,.F.);
#3353 = FACE_BOUND('',#3354,.T.);
#3354 = EDGE_LOOP('',(#3355,#3384,#3405,#3406));
#3355 = ORIENTED_EDGE('',*,*,#3356,.F.);
#3356 = EDGE_CURVE('',#3357,#3357,#3359,.T.);
#3357 = VERTEX_POINT('',#3358);
#3358 = CARTESIAN_POINT('',(-13.65,15.25,150.));
#3359 = SURFACE_CURVE('',#3360,(#3365,#3372),.PCURVE_S1.);
#3360 = CIRCLE('',#3361,1.6);
#3361 = AXIS2_PLACEMENT_3D('',#3362,#3363,#3364);
#3362 = CARTESIAN_POINT('',(-15.25,15.25,150.));
#3363 = DIRECTION('',(0.,0.,1.));
#3364 = DIRECTION('',(1.,0.,0.));
#3365 = PCURVE('',#3083,#3366);
#3366 = DEFINITIONAL_REPRESENTATION('',(#3367),#3371);
#3367 = LINE('',#3368,#3369);
#3368 = CARTESIAN_POINT('',(-0.,0.));
#3369 = VECTOR('',#3370,1.);
#3370 = DIRECTION('',(-1.,0.));
#3371 = ( GEOMETRIC_REPRESENTATION_CONTEXT(2) 
PARAMETRIC_REPRESENTATION_CONTEXT() REPRESENTATION_CONTEXT('2D SPACE',''
  ) );
#3372 = PCURVE('',#3373,#3378);
#3373 = PLANE('',#3374);
#3374 = AXIS2_PLACEMENT_3D('',#3375,#3376,#3377);
#3375 = CARTESIAN_POINT('',(-15.25,15.25,150.));
#3376 = DIRECTION('',(0.,0.,1.));
#3377 = DIRECTION('',(1.,0.,-0.));
#3378 = DEFINITIONAL_REPRESENTATION('',(#3379),#3383);
#3379 = CIRCLE('',#3380,1.6);
#3380 = AXIS2_PLACEMENT_2D('',#3381,#3382);
#3381 = CARTESIAN_POINT('',(0.,0.));
#3382 = DIRECTION('',(1.,0.));
#3383 = ( GEOMETRIC_REPRESENTATION_CONTEXT(2) 
PARAMETRIC_REPRESENTATION_CONTEXT() REPRESENTATION_CONTEXT('2D SPACE',''
  ) );
#3384 = ORIENTED_EDGE('',*,*,#3385,.T.);
#3385 = EDGE_CURVE('',#3357,#3063,#3386,.T.);
#3386 = SEAM_CURVE('',#3387,(#3391,#3398),.PCURVE_S1.);
#3387 = LINE('',#3388,#3389);
#3388 = CARTESIAN_POINT('',(-13.65,15.25,150.));
#3389 = VECTOR('',#3390,1.);
#3390 = DIRECTION('',(0.,0.,1.));
#3391 = PCURVE('',#3083,#3392);
#3392 = DEFINITIONAL_REPRESENTATION('',(#3393),#3397);
#3393 = LINE('',#3394,#3395);
#3394 = CARTESIAN_POINT('',(-6.28318530718,0.));
#3395 = VECTOR('',#3396,1.);
#3396 = DIRECTION('',(-0.,-1.));
#3397 = ( GEOMETRIC_REPRESENTATION_CONTEXT(2) 
PARAMETRIC_REPRESENTATION_CONTEXT() REPRESENTATION_CONTEXT('2D SPACE',''
  ) );
#3398 = PCURVE('',#3083,#3399);
#3399 = DEFINITIONAL_REPRESENTATION('',(#3400),#3404);
#3400 = LINE('',#3401,#3402);
#3401 = CARTESIAN_POINT('',(-0.,0.));
#3402 = VECTOR('',#3403,1.);
#3403 = DIRECTION('',(-0.,-1.));
#3404 = ( GEOMETRIC_REPRESENTATION_CONTEXT(2) 
PARAMETRIC_REPRESENTATION_CONTEXT() REPRESENTATION_CONTEXT('2D SPACE',''
  ) );
#3405 = ORIENTED_EDGE('',*,*,#3062,.F.);
#3406 = ORIENTED_EDGE('',*,*,#3385,.F.);
#3407 = ADVANCED_FACE('',(#3408),#3121,.F.);
#3408 = FACE_BOUND('',#3409,.T.);
#3409 = EDGE_LOOP('',(#3410,#3439,#3460,#3461));
#3410 = ORIENTED_EDGE('',*,*,#3411,.F.);
#3411 = EDGE_CURVE('',#3412,#3412,#3414,.T.);
#3412 = VERTEX_POINT('',#3413);
#3413 = CARTESIAN_POINT('',(16.85,15.25,150.));
#3414 = SURFACE_CURVE('',#3415,(#3420,#3427),.PCURVE_S1.);
#3415 = CIRCLE('',#3416,1.6);
#3416 = AXIS2_PLACEMENT_3D('',#3417,#3418,#3419);
#3417 = CARTESIAN_POINT('',(15.25,15.25,150.));
#3418 = DIRECTION('',(0.,0.,1.));
#3419 = DIRECTION('',(1.,0.,0.));
#3420 = PCURVE('',#3121,#3421);
#3421 = DEFINITIONAL_REPRESENTATION('',(#3422),#3426);
#3422 = LINE('',#3423,#3424);
#3423 = CARTESIAN_POINT('',(-0.,0.));
#3424 = VECTOR('',#3425,1.);
#3425 = DIRECTION('',(-1.,0.));
#3426 = ( GEOMETRIC_REPRESENTATION_CONTEXT(2) 
PARAMETRIC_REPRESENTATION_CONTEXT() REPRESENTATION_CONTEXT('2D SPACE',''
  ) );
#3427 = PCURVE('',#3428,#3433);
#3428 = PLANE('',#3429);
#3429 = AXIS2_PLACEMENT_3D('',#3430,#3431,#3432);
#3430 = CARTESIAN_POINT('',(15.25,15.25,150.));
#3431 = DIRECTION('',(0.,0.,1.));
#3432 = DIRECTION('',(1.,0.,-0.));
#3433 = DEFINITIONAL_REPRESENTATION('',(#3434),#3438);
#3434 = CIRCLE('',#3435,1.6);
#3435 = AXIS2_PLACEMENT_2D('',#3436,#3437);
#3436 = CARTESIAN_POINT('',(-1.7763568394E-15,-1.7763568394E-15));
#3437 = DIRECTION('',(1.,0.));
#3438 = ( GEOMETRIC_REPRESENTATION_CONTEXT(2) 
PARAMETRIC_REPRESENTATION_CONTEXT() REPRESENTATION_CONTEXT('2D SPACE',''
  ) );
#3439 = ORIENTED_EDGE('',*,*,#3440,.T.);
#3440 = EDGE_CURVE('',#3412,#3101,#3441,.T.);
#3441 = SEAM_CURVE('',#3442,(#3446,#3453),.PCURVE_S1.);
#3442 = LINE('',#3443,#3444);
#3443 = CARTESIAN_POINT('',(16.85,15.25,150.));
#3444 = VECTOR('',#3445,1.);
#3445 = DIRECTION('',(0.,0.,1.));
#3446 = PCURVE('',#3121,#3447);
#3447 = DEFINITIONAL_REPRESENTATION('',(#3448),#3452);
#3448 = LINE('',#3449,#3450);
#3449 = CARTESIAN_POINT('',(-6.28318530718,0.));
#3450 = VECTOR('',#3451,1.);
#3451 = DIRECTION('',(-0.,-1.));
#3452 = ( GEOMETRIC_REPRESENTATION_CONTEXT(2) 
PARAMETRIC_REPRESENTATION_CONTEXT() REPRESENTATION_CONTEXT('2D SPACE',''
  ) );
#3453 = PCURVE('',#3121,#3454);
#3454 = DEFINITIONAL_REPRESENTATION('',(#3455),#3459);
#3455 = LINE('',#3456,#3457);
#3456 = CARTESIAN_POINT('',(-0.,0.));
#3457 = VECTOR('',#3458,1.);
#3458 = DIRECTION('',(-0.,-1.));
#3459 = ( GEOMETRIC_REPRESENTATION_CONTEXT(2) 
PARAMETRIC_REPRESENTATION_CONTEXT() REPRESENTATION_CONTEXT('2D SPACE',''
  ) );
#3460 = ORIENTED_EDGE('',*,*,#3100,.F.);
#3461 = ORIENTED_EDGE('',*,*,#3440,.F.);
#3462 = ADVANCED_FACE('',(#3463),#3175,.T.);
#3463 = FACE_BOUND('',#3464,.T.);
#3464 = EDGE_LOOP('',(#3465,#3466,#3489,#3516));
#3465 = ORIENTED_EDGE('',*,*,#3160,.T.);
#3466 = ORIENTED_EDGE('',*,*,#3467,.T.);
#3467 = EDGE_CURVE('',#3138,#3468,#3470,.T.);
#3468 = VERTEX_POINT('',#3469);
#3469 = CARTESIAN_POINT('',(27.748463836733,0.,183.));
#3470 = SEAM_CURVE('',#3471,(#3475,#3482),.PCURVE_S1.);
#3471 = LINE('',#3472,#3473);
#3472 = CARTESIAN_POINT('',(27.927055468941,0.,180.83333333333));
#3473 = VECTOR('',#3474,1.);
#3474 = DIRECTION('',(-8.214831374436E-02,0.,0.996620115465));
#3475 = PCURVE('',#3175,#3476);
#3476 = DEFINITIONAL_REPRESENTATION('',(#3477),#3481);
#3477 = LINE('',#3478,#3479);
#3478 = CARTESIAN_POINT('',(-0.,-0.));
#3479 = VECTOR('',#3480,1.);
#3480 = DIRECTION('',(-0.,-1.));
#3481 = ( GEOMETRIC_REPRESENTATION_CONTEXT(2) 
PARAMETRIC_REPRESENTATION_CONTEXT() REPRESENTATION_CONTEXT('2D SPACE',''
  ) );
#3482 = PCURVE('',#3175,#3483);
#3483 = DEFINITIONAL_REPRESENTATION('',(#3484),#3488);
#3484 = LINE('',#3485,#3486);
#3485 = CARTESIAN_POINT('',(-6.28318530718,-0.));
#3486 = VECTOR('',#3487,1.);
#3487 = DIRECTION('',(-0.,-1.));
#3488 = ( GEOMETRIC_REPRESENTATION_CONTEXT(2) 
PARAMETRIC_REPRESENTATION_CONTEXT() REPRESENTATION_CONTEXT('2D SPACE',''
  ) );
#3489 = ORIENTED_EDGE('',*,*,#3490,.F.);
#3490 = EDGE_CURVE('',#3468,#3468,#3491,.T.);
#3491 = SURFACE_CURVE('',#3492,(#3497,#3504),.PCURVE_S1.);
#3492 = CIRCLE('',#3493,27.748463836733);
#3493 = AXIS2_PLACEMENT_3D('',#3494,#3495,#3496);
#3494 = CARTESIAN_POINT('',(0.,0.,183.));
#3495 = DIRECTION('',(0.,0.,1.));
#3496 = DIRECTION('',(1.,0.,-0.));
#3497 = PCURVE('',#3175,#3498);
#3498 = DEFINITIONAL_REPRESENTATION('',(#3499),#3503);
#3499 = LINE('',#3500,#3501);
#3500 = CARTESIAN_POINT('',(-0.,-2.166666666667));
#3501 = VECTOR('',#3502,1.);
#3502 = DIRECTION('',(-1.,-0.));
#3503 = ( GEOMETRIC_REPRESENTATION_CONTEXT(2) 
PARAMETRIC_REPRESENTATION_CONTEXT() REPRESENTATION_CONTEXT('2D SPACE',''
  ) );
#3504 = PCURVE('',#3505,#3510);
#3505 = CONICAL_SURFACE('',#3506,27.748463836733,8.915189312672E-02);
#3506 = AXIS2_PLACEMENT_3D('',#3507,#3508,#3509);
#3507 = CARTESIAN_POINT('',(0.,0.,183.));
#3508 = DIRECTION('',(-0.,-0.,-1.));
#3509 = DIRECTION('',(1.,0.,-0.));
#3510 = DEFINITIONAL_REPRESENTATION('',(#3511),#3515);
#3511 = LINE('',#3512,#3513);
#3512 = CARTESIAN_POINT('',(-0.,-0.));
#3513 = VECTOR('',#3514,1.);
#3514 = DIRECTION('',(-1.,-0.));
#3515 = ( GEOMETRIC_REPRESENTATION_CONTEXT(2) 
PARAMETRIC_REPRESENTATION_CONTEXT() REPRESENTATION_CONTEXT('2D SPACE',''
  ) );
#3516 = ORIENTED_EDGE('',*,*,#3467,.F.);
#3517 = ADVANCED_FACE('',(#3518),#3230,.F.);
#3518 = FACE_BOUND('',#3519,.F.);
#3519 = EDGE_LOOP('',(#3520,#3521,#3544,#3571));
#3520 = ORIENTED_EDGE('',*,*,#3215,.T.);
#3521 = ORIENTED_EDGE('',*,*,#3522,.T.);
#3522 = EDGE_CURVE('',#3193,#3523,#3525,.T.);
#3523 = VERTEX_POINT('',#3524);
#3524 = CARTESIAN_POINT('',(26.448161964927,0.,172.16666666666));
#3525 = SEAM_CURVE('',#3526,(#3530,#3537),.PCURVE_S1.);
#3526 = LINE('',#3527,#3528);
#3527 = CARTESIAN_POINT('',(26.5,0.,170.));
#3528 = VECTOR('',#3529,1.);
#3529 = DIRECTION('',(-2.391840228104E-02,0.,0.999713914094));
#3530 = PCURVE('',#3230,#3531);
#3531 = DEFINITIONAL_REPRESENTATION('',(#3532),#3536);
#3532 = LINE('',#3533,#3534);
#3533 = CARTESIAN_POINT('',(-0.,-0.));
#3534 = VECTOR('',#3535,1.);
#3535 = DIRECTION('',(-0.,-1.));
#3536 = ( GEOMETRIC_REPRESENTATION_CONTEXT(2) 
PARAMETRIC_REPRESENTATION_CONTEXT() REPRESENTATION_CONTEXT('2D SPACE',''
  ) );
#3537 = PCURVE('',#3230,#3538);
#3538 = DEFINITIONAL_REPRESENTATION('',(#3539),#3543);
#3539 = LINE('',#3540,#3541);
#3540 = CARTESIAN_POINT('',(-6.28318530718,-0.));
#3541 = VECTOR('',#3542,1.);
#3542 = DIRECTION('',(-0.,-1.));
#3543 = ( GEOMETRIC_REPRESENTATION_CONTEXT(2) 
PARAMETRIC_REPRESENTATION_CONTEXT() REPRESENTATION_CONTEXT('2D SPACE',''
  ) );
#3544 = ORIENTED_EDGE('',*,*,#3545,.F.);
#3545 = EDGE_CURVE('',#3523,#3523,#3546,.T.);
#3546 = SURFACE_CURVE('',#3547,(#3552,#3559),.PCURVE_S1.);
#3547 = CIRCLE('',#3548,26.448161964927);
#3548 = AXIS2_PLACEMENT_3D('',#3549,#3550,#3551);
#3549 = CARTESIAN_POINT('',(0.,0.,172.16666666666));
#3550 = DIRECTION('',(0.,0.,1.));
#3551 = DIRECTION('',(1.,0.,-0.));
#3552 = PCURVE('',#3230,#3553);
#3553 = DEFINITIONAL_REPRESENTATION('',(#3554),#3558);
#3554 = LINE('',#3555,#3556);
#3555 = CARTESIAN_POINT('',(-0.,-2.166666666667));
#3556 = VECTOR('',#3557,1.);
#3557 = DIRECTION('',(-1.,-0.));
#3558 = ( GEOMETRIC_REPRESENTATION_CONTEXT(2) 
PARAMETRIC_REPRESENTATION_CONTEXT() REPRESENTATION_CONTEXT('2D SPACE',''
  ) );
#3559 = PCURVE('',#3560,#3565);
#3560 = CONICAL_SURFACE('',#3561,26.448161964927,4.348664403139E-02);
#3561 = AXIS2_PLACEMENT_3D('',#3562,#3563,#3564);
#3562 = CARTESIAN_POINT('',(0.,0.,172.16666666666));
#3563 = DIRECTION('',(-0.,-0.,-1.));
#3564 = DIRECTION('',(1.,0.,-0.));
#3565 = DEFINITIONAL_REPRESENTATION('',(#3566),#3570);
#3566 = LINE('',#3567,#3568);
#3567 = CARTESIAN_POINT('',(-0.,-0.));
#3568 = VECTOR('',#3569,1.);
#3569 = DIRECTION('',(-1.,-0.));
#3570 = ( GEOMETRIC_REPRESENTATION_CONTEXT(2) 
PARAMETRIC_REPRESENTATION_CONTEXT() REPRESENTATION_CONTEXT('2D SPACE',''
  ) );
#3571 = ORIENTED_EDGE('',*,*,#3522,.F.);
#3572 = ADVANCED_FACE('',(#3573),#3263,.T.);
#3573 = FACE_BOUND('',#3574,.T.);
#3574 = EDGE_LOOP('',(#3575));
#3575 = ORIENTED_EDGE('',*,*,#3246,.T.);
#3576 = ADVANCED_FACE('',(#3577),#3318,.T.);
#3577 = FACE_BOUND('',#3578,.T.);
#3578 = EDGE_LOOP('',(#3579));
#3579 = ORIENTED_EDGE('',*,*,#3301,.T.);
#3580 = ADVANCED_FACE('',(#3581),#3373,.T.);
#3581 = FACE_BOUND('',#3582,.T.);
#3582 = EDGE_LOOP('',(#3583));
#3583 = ORIENTED_EDGE('',*,*,#3356,.T.);
#3584 = ADVANCED_FACE('',(#3585),#3428,.T.);
#3585 = FACE_BOUND('',#3586,.T.);
#3586 = EDGE_LOOP('',(#3587));
#3587 = ORIENTED_EDGE('',*,*,#3411,.T.);
#3588 = ADVANCED_FACE('',(#3589),#3505,.T.);
#3589 = FACE_BOUND('',#3590,.T.);
#3590 = EDGE_LOOP('',(#3591,#3592,#3615,#3642));
#3591 = ORIENTED_EDGE('',*,*,#3490,.T.);
#3592 = ORIENTED_EDGE('',*,*,#3593,.T.);
#3593 = EDGE_CURVE('',#3468,#3594,#3596,.T.);
#3594 = VERTEX_POINT('',#3595);
#3595 = CARTESIAN_POINT('',(27.554788013844,0.,185.16666666666));
#3596 = SEAM_CURVE('',#3597,(#3601,#3608),.PCURVE_S1.);
#3597 = LINE('',#3598,#3599);
#3598 = CARTESIAN_POINT('',(27.748463836733,0.,183.));
#3599 = VECTOR('',#3600,1.);
#3600 = DIRECTION('',(-8.903384261678E-02,0.,0.996028601431));
#3601 = PCURVE('',#3505,#3602);
#3602 = DEFINITIONAL_REPRESENTATION('',(#3603),#3607);
#3603 = LINE('',#3604,#3605);
#3604 = CARTESIAN_POINT('',(-0.,-0.));
#3605 = VECTOR('',#3606,1.);
#3606 = DIRECTION('',(-0.,-1.));
#3607 = ( GEOMETRIC_REPRESENTATION_CONTEXT(2) 
PARAMETRIC_REPRESENTATION_CONTEXT() REPRESENTATION_CONTEXT('2D SPACE',''
  ) );
#3608 = PCURVE('',#3505,#3609);
#3609 = DEFINITIONAL_REPRESENTATION('',(#3610),#3614);
#3610 = LINE('',#3611,#3612);
#3611 = CARTESIAN_POINT('',(-6.28318530718,-0.));
#3612 = VECTOR('',#3613,1.);
#3613 = DIRECTION('',(-0.,-1.));
#3614 = ( GEOMETRIC_REPRESENTATION_CONTEXT(2) 
PARAMETRIC_REPRESENTATION_CONTEXT() REPRESENTATION_CONTEXT('2D SPACE',''
  ) );
#3615 = ORIENTED_EDGE('',*,*,#3616,.F.);
#3616 = EDGE_CURVE('',#3594,#3594,#3617,.T.);
#3617 = SURFACE_CURVE('',#3618,(#3623,#3630),.PCURVE_S1.);
#3618 = CIRCLE('',#3619,27.554788013844);
#3619 = AXIS2_PLACEMENT_3D('',#3620,#3621,#3622);
#3620 = CARTESIAN_POINT('',(0.,0.,185.16666666666));
#3621 = DIRECTION('',(0.,0.,1.));
#3622 = DIRECTION('',(1.,0.,-0.));
#3623 = PCURVE('',#3505,#3624);
#3624 = DEFINITIONAL_REPRESENTATION('',(#3625),#3629);
#3625 = LINE('',#3626,#3627);
#3626 = CARTESIAN_POINT('',(-0.,-2.166666666667));
#3627 = VECTOR('',#3628,1.);
#3628 = DIRECTION('',(-1.,-0.));
#3629 = ( GEOMETRIC_REPRESENTATION_CONTEXT(2) 
PARAMETRIC_REPRESENTATION_CONTEXT() REPRESENTATION_CONTEXT('2D SPACE',''
  ) );
#3630 = PCURVE('',#3631,#3636);
#3631 = CONICAL_SURFACE('',#3632,27.554788013844,9.552754113622E-02);
#3632 = AXIS2_PLACEMENT_3D('',#3633,#3634,#3635);
#3633 = CARTESIAN_POINT('',(0.,0.,185.16666666666));
#3634 = DIRECTION('',(-0.,-0.,-1.));
#3635 = DIRECTION('',(1.,0.,-0.));
#3636 = DEFINITIONAL_REPRESENTATION('',(#3637),#3641);
#3637 = LINE('',#3638,#3639);
#3638 = CARTESIAN_POINT('',(-0.,-0.));
#3639 = VECTOR('',#3640,1.);
#3640 = DIRECTION('',(-1.,-0.));
#3641 = ( GEOMETRIC_REPRESENTATION_CONTEXT(2) 
PARAMETRIC_REPRESENTATION_CONTEXT() REPRESENTATION_CONTEXT('2D SPACE',''
  ) );
#3642 = ORIENTED_EDGE('',*,*,#3593,.F.);
#3643 = ADVANCED_FACE('',(#3644),#3560,.F.);
#3644 = FACE_BOUND('',#3645,.F.);
#3645 = EDGE_LOOP('',(#3646,#3647,#3670,#3697));
#3646 = ORIENTED_EDGE('',*,*,#3545,.T.);
#3647 = ORIENTED_EDGE('',*,*,#3648,.T.);
#3648 = EDGE_CURVE('',#3523,#3649,#3651,.T.);
#3649 = VERTEX_POINT('',#3650);
#3650 = CARTESIAN_POINT('',(26.35388146445,0.,174.33333333333));
#3651 = SEAM_CURVE('',#3652,(#3656,#3663),.PCURVE_S1.);
#3652 = LINE('',#3653,#3654);
#3653 = CARTESIAN_POINT('',(26.448161964927,0.,172.16666666666));
#3654 = VECTOR('',#3655,1.);
#3655 = DIRECTION('',(-4.347293914735E-02,0.,0.999054604895));
#3656 = PCURVE('',#3560,#3657);
#3657 = DEFINITIONAL_REPRESENTATION('',(#3658),#3662);
#3658 = LINE('',#3659,#3660);
#3659 = CARTESIAN_POINT('',(-0.,-0.));
#3660 = VECTOR('',#3661,1.);
#3661 = DIRECTION('',(-0.,-1.));
#3662 = ( GEOMETRIC_REPRESENTATION_CONTEXT(2) 
PARAMETRIC_REPRESENTATION_CONTEXT() REPRESENTATION_CONTEXT('2D SPACE',''
  ) );
#3663 = PCURVE('',#3560,#3664);
#3664 = DEFINITIONAL_REPRESENTATION('',(#3665),#3669);
#3665 = LINE('',#3666,#3667);
#3666 = CARTESIAN_POINT('',(-6.28318530718,-0.));
#3667 = VECTOR('',#3668,1.);
#3668 = DIRECTION('',(-0.,-1.));
#3669 = ( GEOMETRIC_REPRESENTATION_CONTEXT(2) 
PARAMETRIC_REPRESENTATION_CONTEXT() REPRESENTATION_CONTEXT('2D SPACE',''
  ) );
#3670 = ORIENTED_EDGE('',*,*,#3671,.F.);
#3671 = EDGE_CURVE('',#3649,#3649,#3672,.T.);
#3672 = SURFACE_CURVE('',#3673,(#3678,#3685),.PCURVE_S1.);
#3673 = CIRCLE('',#3674,26.35388146445);
#3674 = AXIS2_PLACEMENT_3D('',#3675,#3676,#3677);
#3675 = CARTESIAN_POINT('',(0.,0.,174.33333333333));
#3676 = DIRECTION('',(0.,0.,1.));
#3677 = DIRECTION('',(1.,0.,-0.));
#3678 = PCURVE('',#3560,#3679);
#3679 = DEFINITIONAL_REPRESENTATION('',(#3680),#3684);
#3680 = LINE('',#3681,#3682);
#3681 = CARTESIAN_POINT('',(-0.,-2.166666666667));
#3682 = VECTOR('',#3683,1.);
#3683 = DIRECTION('',(-1.,-0.));
#3684 = ( GEOMETRIC_REPRESENTATION_CONTEXT(2) 
PARAMETRIC_REPRESENTATION_CONTEXT() REPRESENTATION_CONTEXT('2D SPACE',''
  ) );
#3685 = PCURVE('',#3686,#3691);
#3686 = CONICAL_SURFACE('',#3687,26.35388146445,5.602462744066E-02);
#3687 = AXIS2_PLACEMENT_3D('',#3688,#3689,#3690);
#3688 = CARTESIAN_POINT('',(0.,0.,174.33333333333));
#3689 = DIRECTION('',(-0.,-0.,-1.));
#3690 = DIRECTION('',(1.,0.,-0.));
#3691 = DEFINITIONAL_REPRESENTATION('',(#3692),#3696);
#3692 = LINE('',#3693,#3694);
#3693 = CARTESIAN_POINT('',(-0.,-0.));
#3694 = VECTOR('',#3695,1.);
#3695 = DIRECTION('',(-1.,-0.));
#3696 = ( GEOMETRIC_REPRESENTATION_CONTEXT(2) 
PARAMETRIC_REPRESENTATION_CONTEXT() REPRESENTATION_CONTEXT('2D SPACE',''
  ) );
#3697 = ORIENTED_EDGE('',*,*,#3648,.F.);
#3698 = ADVANCED_FACE('',(#3699),#3631,.T.);
#3699 = FACE_BOUND('',#3700,.T.);
#3700 = EDGE_LOOP('',(#3701,#3702,#3725,#3752));
#3701 = ORIENTED_EDGE('',*,*,#3616,.T.);
#3702 = ORIENTED_EDGE('',*,*,#3703,.T.);
#3703 = EDGE_CURVE('',#3594,#3704,#3706,.T.);
#3704 = VERTEX_POINT('',#3705);
#3705 = CARTESIAN_POINT('',(27.347179779775,0.,187.33333333333));
#3706 = SEAM_CURVE('',#3707,(#3711,#3718),.PCURVE_S1.);
#3707 = LINE('',#3708,#3709);
#3708 = CARTESIAN_POINT('',(27.554788013844,0.,185.16666666666));
#3709 = VECTOR('',#3710,1.);
#3710 = DIRECTION('',(-9.53823178075E-02,0.,0.995440713177));
#3711 = PCURVE('',#3631,#3712);
#3712 = DEFINITIONAL_REPRESENTATION('',(#3713),#3717);
#3713 = LINE('',#3714,#3715);
#3714 = CARTESIAN_POINT('',(-0.,-0.));
#3715 = VECTOR('',#3716,1.);
#3716 = DIRECTION('',(-0.,-1.));
#3717 = ( GEOMETRIC_REPRESENTATION_CONTEXT(2) 
PARAMETRIC_REPRESENTATION_CONTEXT() REPRESENTATION_CONTEXT('2D SPACE',''
  ) );
#3718 = PCURVE('',#3631,#3719);
#3719 = DEFINITIONAL_REPRESENTATION('',(#3720),#3724);
#3720 = LINE('',#3721,#3722);
#3721 = CARTESIAN_POINT('',(-6.28318530718,-0.));
#3722 = VECTOR('',#3723,1.);
#3723 = DIRECTION('',(-0.,-1.));
#3724 = ( GEOMETRIC_REPRESENTATION_CONTEXT(2) 
PARAMETRIC_REPRESENTATION_CONTEXT() REPRESENTATION_CONTEXT('2D SPACE',''
  ) );
#3725 = ORIENTED_EDGE('',*,*,#3726,.F.);
#3726 = EDGE_CURVE('',#3704,#3704,#3727,.T.);
#3727 = SURFACE_CURVE('',#3728,(#3733,#3740),.PCURVE_S1.);
#3728 = CIRCLE('',#3729,27.347179779775);
#3729 = AXIS2_PLACEMENT_3D('',#3730,#3731,#3732);
#3730 = CARTESIAN_POINT('',(0.,0.,187.33333333333));
#3731 = DIRECTION('',(0.,0.,1.));
#3732 = DIRECTION('',(1.,0.,-0.));
#3733 = PCURVE('',#3631,#3734);
#3734 = DEFINITIONAL_REPRESENTATION('',(#3735),#3739);
#3735 = LINE('',#3736,#3737);
#3736 = CARTESIAN_POINT('',(-0.,-2.166666666667));
#3737 = VECTOR('',#3738,1.);
#3738 = DIRECTION('',(-1.,-0.));
#3739 = ( GEOMETRIC_REPRESENTATION_CONTEXT(2) 
PARAMETRIC_REPRESENTATION_CONTEXT() REPRESENTATION_CONTEXT('2D SPACE',''
  ) );
#3740 = PCURVE('',#3741,#3746);
#3741 = CONICAL_SURFACE('',#3742,27.347179779775,0.101480302477);
#3742 = AXIS2_PLACEMENT_3D('',#3743,#3744,#3745);
#3743 = CARTESIAN_POINT('',(0.,0.,187.33333333333));
#3744 = DIRECTION('',(-0.,-0.,-1.));
#3745 = DIRECTION('',(1.,0.,-0.));
#3746 = DEFINITIONAL_REPRESENTATION('',(#3747),#3751);
#3747 = LINE('',#3748,#3749);
#3748 = CARTESIAN_POINT('',(-0.,-0.));
#3749 = VECTOR('',#3750,1.);
#3750 = DIRECTION('',(-1.,-0.));
#3751 = ( GEOMETRIC_REPRESENTATION_CONTEXT(2) 
PARAMETRIC_REPRESENTATION_CONTEXT() REPRESENTATION_CONTEXT('2D SPACE',''
  ) );
#3752 = ORIENTED_EDGE('',*,*,#3703,.F.);
#3753 = ADVANCED_FACE('',(#3754),#3686,.F.);
#3754 = FACE_BOUND('',#3755,.F.);
#3755 = EDGE_LOOP('',(#3756,#3757,#3780,#3807));
#3756 = ORIENTED_EDGE('',*,*,#3671,.T.);
#3757 = ORIENTED_EDGE('',*,*,#3758,.T.);
#3758 = EDGE_CURVE('',#3649,#3759,#3761,.T.);
#3759 = VERTEX_POINT('',#3760);
#3760 = CARTESIAN_POINT('',(26.232367610822,0.,176.5));
#3761 = SEAM_CURVE('',#3762,(#3766,#3773),.PCURVE_S1.);
#3762 = LINE('',#3763,#3764);
#3763 = CARTESIAN_POINT('',(26.35388146445,0.,174.33333333333));
#3764 = VECTOR('',#3765,1.);
#3765 = DIRECTION('',(-5.599532407371E-02,0.,0.998431031009));
#3766 = PCURVE('',#3686,#3767);
#3767 = DEFINITIONAL_REPRESENTATION('',(#3768),#3772);
#3768 = LINE('',#3769,#3770);
#3769 = CARTESIAN_POINT('',(-0.,-0.));
#3770 = VECTOR('',#3771,1.);
#3771 = DIRECTION('',(-0.,-1.));
#3772 = ( GEOMETRIC_REPRESENTATION_CONTEXT(2) 
PARAMETRIC_REPRESENTATION_CONTEXT() REPRESENTATION_CONTEXT('2D SPACE',''
  ) );
#3773 = PCURVE('',#3686,#3774);
#3774 = DEFINITIONAL_REPRESENTATION('',(#3775),#3779);
#3775 = LINE('',#3776,#3777);
#3776 = CARTESIAN_POINT('',(-6.28318530718,-0.));
#3777 = VECTOR('',#3778,1.);
#3778 = DIRECTION('',(-0.,-1.));
#3779 = ( GEOMETRIC_REPRESENTATION_CONTEXT(2) 
PARAMETRIC_REPRESENTATION_CONTEXT() REPRESENTATION_CONTEXT('2D SPACE',''
  ) );
#3780 = ORIENTED_EDGE('',*,*,#3781,.F.);
#3781 = EDGE_CURVE('',#3759,#3759,#3782,.T.);
#3782 = SURFACE_CURVE('',#3783,(#3788,#3795),.PCURVE_S1.);
#3783 = CIRCLE('',#3784,26.232367610822);
#3784 = AXIS2_PLACEMENT_3D('',#3785,#3786,#3787);
#3785 = CARTESIAN_POINT('',(0.,0.,176.5));
#3786 = DIRECTION('',(0.,0.,1.));
#3787 = DIRECTION('',(1.,0.,-0.));
#3788 = PCURVE('',#3686,#3789);
#3789 = DEFINITIONAL_REPRESENTATION('',(#3790),#3794);
#3790 = LINE('',#3791,#3792);
#3791 = CARTESIAN_POINT('',(-0.,-2.166666666667));
#3792 = VECTOR('',#3793,1.);
#3793 = DIRECTION('',(-1.,-0.));
#3794 = ( GEOMETRIC_REPRESENTATION_CONTEXT(2) 
PARAMETRIC_REPRESENTATION_CONTEXT() REPRESENTATION_CONTEXT('2D SPACE',''
  ) );
#3795 = PCURVE('',#3796,#3801);
#3796 = CONICAL_SURFACE('',#3797,26.232367610822,6.60495004583E-02);
#3797 = AXIS2_PLACEMENT_3D('',#3798,#3799,#3800);
#3798 = CARTESIAN_POINT('',(0.,0.,176.5));
#3799 = DIRECTION('',(-0.,-0.,-1.));
#3800 = DIRECTION('',(1.,0.,-0.));
#3801 = DEFINITIONAL_REPRESENTATION('',(#3802),#3806);
#3802 = LINE('',#3803,#3804);
#3803 = CARTESIAN_POINT('',(-0.,-0.));
#3804 = VECTOR('',#3805,1.);
#3805 = DIRECTION('',(-1.,-0.));
#3806 = ( GEOMETRIC_REPRESENTATION_CONTEXT(2) 
PARAMETRIC_REPRESENTATION_CONTEXT() REPRESENTATION_CONTEXT('2D SPACE',''
  ) );
#3807 = ORIENTED_EDGE('',*,*,#3758,.F.);
#3808 = ADVANCED_FACE('',(#3809),#3741,.T.);
#3809 = FACE_BOUND('',#3810,.T.);
#3810 = EDGE_LOOP('',(#3811,#3812,#3835,#3862));
#3811 = ORIENTED_EDGE('',*,*,#3726,.T.);
#3812 = ORIENTED_EDGE('',*,*,#3813,.T.);
#3813 = EDGE_CURVE('',#3704,#3814,#3816,.T.);
#3814 = VERTEX_POINT('',#3815);
#3815 = CARTESIAN_POINT('',(27.12654789636,0.,189.5));
#3816 = SEAM_CURVE('',#3817,(#3821,#3828),.PCURVE_S1.);
#3817 = LINE('',#3818,#3819);
#3818 = CARTESIAN_POINT('',(27.347179779775,0.,187.33333333333));
#3819 = VECTOR('',#3820,1.);
#3820 = DIRECTION('',(-0.101306213857,0.,0.994855291504));
#3821 = PCURVE('',#3741,#3822);
#3822 = DEFINITIONAL_REPRESENTATION('',(#3823),#3827);
#3823 = LINE('',#3824,#3825);
#3824 = CARTESIAN_POINT('',(-0.,-0.));
#3825 = VECTOR('',#3826,1.);
#3826 = DIRECTION('',(-0.,-1.));
#3827 = ( GEOMETRIC_REPRESENTATION_CONTEXT(2) 
PARAMETRIC_REPRESENTATION_CONTEXT() REPRESENTATION_CONTEXT('2D SPACE',''
  ) );
#3828 = PCURVE('',#3741,#3829);
#3829 = DEFINITIONAL_REPRESENTATION('',(#3830),#3834);
#3830 = LINE('',#3831,#3832);
#3831 = CARTESIAN_POINT('',(-6.28318530718,-0.));
#3832 = VECTOR('',#3833,1.);
#3833 = DIRECTION('',(-0.,-1.));
#3834 = ( GEOMETRIC_REPRESENTATION_CONTEXT(2) 
PARAMETRIC_REPRESENTATION_CONTEXT() REPRESENTATION_CONTEXT('2D SPACE',''
  ) );
#3835 = ORIENTED_EDGE('',*,*,#3836,.F.);
#3836 = EDGE_CURVE('',#3814,#3814,#3837,.T.);
#3837 = SURFACE_CURVE('',#3838,(#3843,#3850),.PCURVE_S1.);
#3838 = CIRCLE('',#3839,27.12654789636);
#3839 = AXIS2_PLACEMENT_3D('',#3840,#3841,#3842);
#3840 = CARTESIAN_POINT('',(0.,0.,189.5));
#3841 = DIRECTION('',(0.,0.,1.));
#3842 = DIRECTION('',(1.,0.,-0.));
#3843 = PCURVE('',#3741,#3844);
#3844 = DEFINITIONAL_REPRESENTATION('',(#3845),#3849);
#3845 = LINE('',#3846,#3847);
#3846 = CARTESIAN_POINT('',(-0.,-2.166666666667));
#3847 = VECTOR('',#3848,1.);
#3848 = DIRECTION('',(-1.,-0.));
#3849 = ( GEOMETRIC_REPRESENTATION_CONTEXT(2) 
PARAMETRIC_REPRESENTATION_CONTEXT() REPRESENTATION_CONTEXT('2D SPACE',''
  ) );
#3850 = PCURVE('',#3851,#3856);
#3851 = CONICAL_SURFACE('',#3852,27.12654789636,0.107090578248);
#3852 = AXIS2_PLACEMENT_3D('',#3853,#3854,#3855);
#3853 = CARTESIAN_POINT('',(0.,0.,189.5));
#3854 = DIRECTION('',(-0.,-0.,-1.));
#3855 = DIRECTION('',(1.,0.,-0.));
#3856 = DEFINITIONAL_REPRESENTATION('',(#3857),#3861);
#3857 = LINE('',#3858,#3859);
#3858 = CARTESIAN_POINT('',(-0.,-0.));
#3859 = VECTOR('',#3860,1.);
#3860 = DIRECTION('',(-1.,-0.));
#3861 = ( GEOMETRIC_REPRESENTATION_CONTEXT(2) 
PARAMETRIC_REPRESENTATION_CONTEXT() REPRESENTATION_CONTEXT('2D SPACE',''
  ) );
#3862 = ORIENTED_EDGE('',*,*,#3813,.F.);
#3863 = ADVANCED_FACE('',(#3864),#3796,.F.);
#3864 = FACE_BOUND('',#3865,.F.);
#3865 = EDGE_LOOP('',(#3866,#3867,#3890,#3917));
#3866 = ORIENTED_EDGE('',*,*,#3781,.T.);
#3867 = ORIENTED_EDGE('',*,*,#3868,.T.);
#3868 = EDGE_CURVE('',#3759,#3869,#3871,.T.);
#3869 = VERTEX_POINT('',#3870);
#3870 = CARTESIAN_POINT('',(26.089051892507,0.,178.66666666666));
#3871 = SEAM_CURVE('',#3872,(#3876,#3883),.PCURVE_S1.);
#3872 = LINE('',#3873,#3874);
#3873 = CARTESIAN_POINT('',(26.232367610822,0.,176.5));
#3874 = VECTOR('',#3875,1.);
#3875 = DIRECTION('',(-6.600148703964E-02,0.,0.997819524618));
#3876 = PCURVE('',#3796,#3877);
#3877 = DEFINITIONAL_REPRESENTATION('',(#3878),#3882);
#3878 = LINE('',#3879,#3880);
#3879 = CARTESIAN_POINT('',(-0.,-0.));
#3880 = VECTOR('',#3881,1.);
#3881 = DIRECTION('',(-0.,-1.));
#3882 = ( GEOMETRIC_REPRESENTATION_CONTEXT(2) 
PARAMETRIC_REPRESENTATION_CONTEXT() REPRESENTATION_CONTEXT('2D SPACE',''
  ) );
#3883 = PCURVE('',#3796,#3884);
#3884 = DEFINITIONAL_REPRESENTATION('',(#3885),#3889);
#3885 = LINE('',#3886,#3887);
#3886 = CARTESIAN_POINT('',(-6.28318530718,-0.));
#3887 = VECTOR('',#3888,1.);
#3888 = DIRECTION('',(-0.,-1.));
#3889 = ( GEOMETRIC_REPRESENTATION_CONTEXT(2) 
PARAMETRIC_REPRESENTATION_CONTEXT() REPRESENTATION_CONTEXT('2D SPACE',''
  ) );
#3890 = ORIENTED_EDGE('',*,*,#3891,.F.);
#3891 = EDGE_CURVE('',#3869,#3869,#3892,.T.);
#3892 = SURFACE_CURVE('',#3893,(#3898,#3905),.PCURVE_S1.);
#3893 = CIRCLE('',#3894,26.089051892507);
#3894 = AXIS2_PLACEMENT_3D('',#3895,#3896,#3897);
#3895 = CARTESIAN_POINT('',(0.,0.,178.66666666666));
#3896 = DIRECTION('',(0.,0.,1.));
#3897 = DIRECTION('',(1.,0.,-0.));
#3898 = PCURVE('',#3796,#3899);
#3899 = DEFINITIONAL_REPRESENTATION('',(#3900),#3904);
#3900 = LINE('',#3901,#3902);
#3901 = CARTESIAN_POINT('',(-0.,-2.166666666667));
#3902 = VECTOR('',#3903,1.);
#3903 = DIRECTION('',(-1.,-0.));
#3904 = ( GEOMETRIC_REPRESENTATION_CONTEXT(2) 
PARAMETRIC_REPRESENTATION_CONTEXT() REPRESENTATION_CONTEXT('2D SPACE',''
  ) );
#3905 = PCURVE('',#3906,#3911);
#3906 = CONICAL_SURFACE('',#3907,26.089051892507,7.46287238651E-02);
#3907 = AXIS2_PLACEMENT_3D('',#3908,#3909,#3910);
#3908 = CARTESIAN_POINT('',(0.,0.,178.66666666666));
#3909 = DIRECTION('',(-0.,-0.,-1.));
#3910 = DIRECTION('',(1.,0.,-0.));
#3911 = DEFINITIONAL_REPRESENTATION('',(#3912),#3916);
#3912 = LINE('',#3913,#3914);
#3913 = CARTESIAN_POINT('',(-0.,-0.));
#3914 = VECTOR('',#3915,1.);
#3915 = DIRECTION('',(-1.,-0.));
#3916 = ( GEOMETRIC_REPRESENTATION_CONTEXT(2) 
PARAMETRIC_REPRESENTATION_CONTEXT() REPRESENTATION_CONTEXT('2D SPACE',''
  ) );
#3917 = ORIENTED_EDGE('',*,*,#3868,.F.);
#3918 = ADVANCED_FACE('',(#3919),#3851,.T.);
#3919 = FACE_BOUND('',#3920,.T.);
#3920 = EDGE_LOOP('',(#3921,#3922,#3945,#3972));
#3921 = ORIENTED_EDGE('',*,*,#3836,.T.);
#3922 = ORIENTED_EDGE('',*,*,#3923,.T.);
#3923 = EDGE_CURVE('',#3814,#3924,#3926,.T.);
#3924 = VERTEX_POINT('',#3925);
#3925 = CARTESIAN_POINT('',(26.893627220106,0.,191.66666666666));
#3926 = SEAM_CURVE('',#3927,(#3931,#3938),.PCURVE_S1.);
#3927 = LINE('',#3928,#3929);
#3928 = CARTESIAN_POINT('',(27.12654789636,0.,189.5));
#3929 = VECTOR('',#3930,1.);
#3930 = DIRECTION('',(-0.106886002803,0.,0.994271282098));
#3931 = PCURVE('',#3851,#3932);
#3932 = DEFINITIONAL_REPRESENTATION('',(#3933),#3937);
#3933 = LINE('',#3934,#3935);
#3934 = CARTESIAN_POINT('',(-0.,-0.));
#3935 = VECTOR('',#3936,1.);
#3936 = DIRECTION('',(-0.,-1.));
#3937 = ( GEOMETRIC_REPRESENTATION_CONTEXT(2) 
PARAMETRIC_REPRESENTATION_CONTEXT() REPRESENTATION_CONTEXT('2D SPACE',''
  ) );
#3938 = PCURVE('',#3851,#3939);
#3939 = DEFINITIONAL_REPRESENTATION('',(#3940),#3944);
#3940 = LINE('',#3941,#3942);
#3941 = CARTESIAN_POINT('',(-6.28318530718,-0.));
#3942 = VECTOR('',#3943,1.);
#3943 = DIRECTION('',(-0.,-1.));
#3944 = ( GEOMETRIC_REPRESENTATION_CONTEXT(2) 
PARAMETRIC_REPRESENTATION_CONTEXT() REPRESENTATION_CONTEXT('2D SPACE',''
  ) );
#3945 = ORIENTED_EDGE('',*,*,#3946,.F.);
#3946 = EDGE_CURVE('',#3924,#3924,#3947,.T.);
#3947 = SURFACE_CURVE('',#3948,(#3953,#3960),.PCURVE_S1.);
#3948 = CIRCLE('',#3949,26.893627220106);
#3949 = AXIS2_PLACEMENT_3D('',#3950,#3951,#3952);
#3950 = CARTESIAN_POINT('',(0.,0.,191.66666666666));
#3951 = DIRECTION('',(0.,0.,1.));
#3952 = DIRECTION('',(1.,0.,-0.));
#3953 = PCURVE('',#3851,#3954);
#3954 = DEFINITIONAL_REPRESENTATION('',(#3955),#3959);
#3955 = LINE('',#3956,#3957);
#3956 = CARTESIAN_POINT('',(-0.,-2.166666666667));
#3957 = VECTOR('',#3958,1.);
#3958 = DIRECTION('',(-1.,-0.));
#3959 = ( GEOMETRIC_REPRESENTATION_CONTEXT(2) 
PARAMETRIC_REPRESENTATION_CONTEXT() REPRESENTATION_CONTEXT('2D SPACE',''
  ) );
#3960 = PCURVE('',#3961,#3966);
#3961 = CONICAL_SURFACE('',#3962,26.893627220106,0.112418392306);
#3962 = AXIS2_PLACEMENT_3D('',#3963,#3964,#3965);
#3963 = CARTESIAN_POINT('',(0.,0.,191.66666666666));
#3964 = DIRECTION('',(-0.,-0.,-1.));
#3965 = DIRECTION('',(1.,0.,-0.));
#3966 = DEFINITIONAL_REPRESENTATION('',(#3967),#3971);
#3967 = LINE('',#3968,#3969);
#3968 = CARTESIAN_POINT('',(-0.,-0.));
#3969 = VECTOR('',#3970,1.);
#3970 = DIRECTION('',(-1.,-0.));
#3971 = ( GEOMETRIC_REPRESENTATION_CONTEXT(2) 
PARAMETRIC_REPRESENTATION_CONTEXT() REPRESENTATION_CONTEXT('2D SPACE',''
  ) );
#3972 = ORIENTED_EDGE('',*,*,#3923,.F.);
#3973 = ADVANCED_FACE('',(#3974),#3906,.F.);
#3974 = FACE_BOUND('',#3975,.F.);
#3975 = EDGE_LOOP('',(#3976,#3977,#4000,#4027));
#3976 = ORIENTED_EDGE('',*,*,#3891,.T.);
#3977 = ORIENTED_EDGE('',*,*,#3978,.T.);
#3978 = EDGE_CURVE('',#3869,#3979,#3981,.T.);
#3979 = VERTEX_POINT('',#3980);
#3980 = CARTESIAN_POINT('',(25.927055468941,0.,180.83333333333));
#3981 = SEAM_CURVE('',#3982,(#3986,#3993),.PCURVE_S1.);
#3982 = LINE('',#3983,#3984);
#3983 = CARTESIAN_POINT('',(26.089051892507,0.,178.66666666666));
#3984 = VECTOR('',#3985,1.);
#3985 = DIRECTION('',(-7.455946970672E-02,0.,0.997216568994));
#3986 = PCURVE('',#3906,#3987);
#3987 = DEFINITIONAL_REPRESENTATION('',(#3988),#3992);
#3988 = LINE('',#3989,#3990);
#3989 = CARTESIAN_POINT('',(-0.,-0.));
#3990 = VECTOR('',#3991,1.);
#3991 = DIRECTION('',(-0.,-1.));
#3992 = ( GEOMETRIC_REPRESENTATION_CONTEXT(2) 
PARAMETRIC_REPRESENTATION_CONTEXT() REPRESENTATION_CONTEXT('2D SPACE',''
  ) );
#3993 = PCURVE('',#3906,#3994);
#3994 = DEFINITIONAL_REPRESENTATION('',(#3995),#3999);
#3995 = LINE('',#3996,#3997);
#3996 = CARTESIAN_POINT('',(-6.28318530718,-0.));
#3997 = VECTOR('',#3998,1.);
#3998 = DIRECTION('',(-0.,-1.));
#3999 = ( GEOMETRIC_REPRESENTATION_CONTEXT(2) 
PARAMETRIC_REPRESENTATION_CONTEXT() REPRESENTATION_CONTEXT('2D SPACE',''
  ) );
#4000 = ORIENTED_EDGE('',*,*,#4001,.F.);
#4001 = EDGE_CURVE('',#3979,#3979,#4002,.T.);
#4002 = SURFACE_CURVE('',#4003,(#4008,#4015),.PCURVE_S1.);
#4003 = CIRCLE('',#4004,25.927055468941);
#4004 = AXIS2_PLACEMENT_3D('',#4005,#4006,#4007);
#4005 = CARTESIAN_POINT('',(0.,0.,180.83333333333));
#4006 = DIRECTION('',(0.,0.,1.));
#4007 = DIRECTION('',(1.,0.,-0.));
#4008 = PCURVE('',#3906,#4009);
#4009 = DEFINITIONAL_REPRESENTATION('',(#4010),#4014);
#4010 = LINE('',#4011,#4012);
#4011 = CARTESIAN_POINT('',(-0.,-2.166666666667));
#4012 = VECTOR('',#4013,1.);
#4013 = DIRECTION('',(-1.,-0.));
#4014 = ( GEOMETRIC_REPRESENTATION_CONTEXT(2) 
PARAMETRIC_REPRESENTATION_CONTEXT() REPRESENTATION_CONTEXT('2D SPACE',''
  ) );
#4015 = PCURVE('',#4016,#4021);
#4016 = CONICAL_SURFACE('',#4017,25.927055468941,8.22409896551E-02);
#4017 = AXIS2_PLACEMENT_3D('',#4018,#4019,#4020);
#4018 = CARTESIAN_POINT('',(0.,0.,180.83333333333));
#4019 = DIRECTION('',(-0.,-0.,-1.));
#4020 = DIRECTION('',(1.,0.,-0.));
#4021 = DEFINITIONAL_REPRESENTATION('',(#4022),#4026);
#4022 = LINE('',#4023,#4024);
#4023 = CARTESIAN_POINT('',(-0.,-0.));
#4024 = VECTOR('',#4025,1.);
#4025 = DIRECTION('',(-1.,-0.));
#4026 = ( GEOMETRIC_REPRESENTATION_CONTEXT(2) 
PARAMETRIC_REPRESENTATION_CONTEXT() REPRESENTATION_CONTEXT('2D SPACE',''
  ) );
#4027 = ORIENTED_EDGE('',*,*,#3978,.F.);
#4028 = ADVANCED_FACE('',(#4029),#3961,.T.);
#4029 = FACE_BOUND('',#4030,.T.);
#4030 = EDGE_LOOP('',(#4031,#4032,#4055,#4082));
#4031 = ORIENTED_EDGE('',*,*,#3946,.T.);
#4032 = ORIENTED_EDGE('',*,*,#4033,.T.);
#4033 = EDGE_CURVE('',#3924,#4034,#4036,.T.);
#4034 = VERTEX_POINT('',#4035);
#4035 = CARTESIAN_POINT('',(26.649022738989,0.,193.83333333333));
#4036 = SEAM_CURVE('',#4037,(#4041,#4048),.PCURVE_S1.);
#4037 = LINE('',#4038,#4039);
#4038 = CARTESIAN_POINT('',(26.893627220106,0.,191.66666666666));
#4039 = VECTOR('',#4040,1.);
#4040 = DIRECTION('',(-0.112181753248,0.,0.993687704582));
#4041 = PCURVE('',#3961,#4042);
#4042 = DEFINITIONAL_REPRESENTATION('',(#4043),#4047);
#4043 = LINE('',#4044,#4045);
#4044 = CARTESIAN_POINT('',(-0.,-0.));
#4045 = VECTOR('',#4046,1.);
#4046 = DIRECTION('',(-0.,-1.));
#4047 = ( GEOMETRIC_REPRESENTATION_CONTEXT(2) 
PARAMETRIC_REPRESENTATION_CONTEXT() REPRESENTATION_CONTEXT('2D SPACE',''
  ) );
#4048 = PCURVE('',#3961,#4049);
#4049 = DEFINITIONAL_REPRESENTATION('',(#4050),#4054);
#4050 = LINE('',#4051,#4052);
#4051 = CARTESIAN_POINT('',(-6.28318530718,-0.));
#4052 = VECTOR('',#4053,1.);
#4053 = DIRECTION('',(-0.,-1.));
#4054 = ( GEOMETRIC_REPRESENTATION_CONTEXT(2) 
PARAMETRIC_REPRESENTATION_CONTEXT() REPRESENTATION_CONTEXT('2D SPACE',''
  ) );
#4055 = ORIENTED_EDGE('',*,*,#4056,.F.);
#4056 = EDGE_CURVE('',#4034,#4034,#4057,.T.);
#4057 = SURFACE_CURVE('',#4058,(#4063,#4070),.PCURVE_S1.);
#4058 = CIRCLE('',#4059,26.649022738989);
#4059 = AXIS2_PLACEMENT_3D('',#4060,#4061,#4062);
#4060 = CARTESIAN_POINT('',(0.,0.,193.83333333333));
#4061 = DIRECTION('',(0.,0.,1.));
#4062 = DIRECTION('',(1.,0.,-0.));
#4063 = PCURVE('',#3961,#4064);
#4064 = DEFINITIONAL_REPRESENTATION('',(#4065),#4069);
#4065 = LINE('',#4066,#4067);
#4066 = CARTESIAN_POINT('',(-0.,-2.166666666667));
#4067 = VECTOR('',#4068,1.);
#4068 = DIRECTION('',(-1.,-0.));
#4069 = ( GEOMETRIC_REPRESENTATION_CONTEXT(2) 
PARAMETRIC_REPRESENTATION_CONTEXT() REPRESENTATION_CONTEXT('2D SPACE',''
  ) );
#4070 = PCURVE('',#4071,#4076);
#4071 = CONICAL_SURFACE('',#4072,26.649022738989,0.11751008691);
#4072 = AXIS2_PLACEMENT_3D('',#4073,#4074,#4075);
#4073 = CARTESIAN_POINT('',(0.,0.,193.83333333333));
#4074 = DIRECTION('',(-0.,-0.,-1.));
#4075 = DIRECTION('',(1.,0.,-0.));
#4076 = DEFINITIONAL_REPRESENTATION('',(#4077),#4081);
#4077 = LINE('',#4078,#4079);
#4078 = CARTESIAN_POINT('',(-0.,-0.));
#4079 = VECTOR('',#4080,1.);
#4080 = DIRECTION('',(-1.,-0.));
#4081 = ( GEOMETRIC_REPRESENTATION_CONTEXT(2) 
PARAMETRIC_REPRESENTATION_CONTEXT() REPRESENTATION_CONTEXT('2D SPACE',''
  ) );
#4082 = ORIENTED_EDGE('',*,*,#4033,.F.);
#4083 = ADVANCED_FACE('',(#4084),#4016,.F.);
#4084 = FACE_BOUND('',#4085,.F.);
#4085 = EDGE_LOOP('',(#4086,#4087,#4110,#4137));
#4086 = ORIENTED_EDGE('',*,*,#4001,.T.);
#4087 = ORIENTED_EDGE('',*,*,#4088,.T.);
#4088 = EDGE_CURVE('',#3979,#4089,#4091,.T.);
#4089 = VERTEX_POINT('',#4090);
#4090 = CARTESIAN_POINT('',(25.748463836733,0.,183.));
#4091 = SEAM_CURVE('',#4092,(#4096,#4103),.PCURVE_S1.);
#4092 = LINE('',#4093,#4094);
#4093 = CARTESIAN_POINT('',(25.927055468941,0.,180.83333333333));
#4094 = VECTOR('',#4095,1.);
#4095 = DIRECTION('',(-8.214831374436E-02,0.,0.996620115465));
#4096 = PCURVE('',#4016,#4097);
#4097 = DEFINITIONAL_REPRESENTATION('',(#4098),#4102);
#4098 = LINE('',#4099,#4100);
#4099 = CARTESIAN_POINT('',(-0.,-0.));
#4100 = VECTOR('',#4101,1.);
#4101 = DIRECTION('',(-0.,-1.));
#4102 = ( GEOMETRIC_REPRESENTATION_CONTEXT(2) 
PARAMETRIC_REPRESENTATION_CONTEXT() REPRESENTATION_CONTEXT('2D SPACE',''
  ) );
#4103 = PCURVE('',#4016,#4104);
#4104 = DEFINITIONAL_REPRESENTATION('',(#4105),#4109);
#4105 = LINE('',#4106,#4107);
#4106 = CARTESIAN_POINT('',(-6.28318530718,-0.));
#4107 = VECTOR('',#4108,1.);
#4108 = DIRECTION('',(-0.,-1.));
#4109 = ( GEOMETRIC_REPRESENTATION_CONTEXT(2) 
PARAMETRIC_REPRESENTATION_CONTEXT() REPRESENTATION_CONTEXT('2D SPACE',''
  ) );
#4110 = ORIENTED_EDGE('',*,*,#4111,.F.);
#4111 = EDGE_CURVE('',#4089,#4089,#4112,.T.);
#4112 = SURFACE_CURVE('',#4113,(#4118,#4125),.PCURVE_S1.);
#4113 = CIRCLE('',#4114,25.748463836733);
#4114 = AXIS2_PLACEMENT_3D('',#4115,#4116,#4117);
#4115 = CARTESIAN_POINT('',(0.,0.,183.));
#4116 = DIRECTION('',(0.,0.,1.));
#4117 = DIRECTION('',(1.,0.,-0.));
#4118 = PCURVE('',#4016,#4119);
#4119 = DEFINITIONAL_REPRESENTATION('',(#4120),#4124);
#4120 = LINE('',#4121,#4122);
#4121 = CARTESIAN_POINT('',(-0.,-2.166666666667));
#4122 = VECTOR('',#4123,1.);
#4123 = DIRECTION('',(-1.,-0.));
#4124 = ( GEOMETRIC_REPRESENTATION_CONTEXT(2) 
PARAMETRIC_REPRESENTATION_CONTEXT() REPRESENTATION_CONTEXT('2D SPACE',''
  ) );
#4125 = PCURVE('',#4126,#4131);
#4126 = CONICAL_SURFACE('',#4127,25.748463836733,8.915189312672E-02);
#4127 = AXIS2_PLACEMENT_3D('',#4128,#4129,#4130);
#4128 = CARTESIAN_POINT('',(0.,0.,183.));
#4129 = DIRECTION('',(-0.,-0.,-1.));
#4130 = DIRECTION('',(1.,0.,-0.));
#4131 = DEFINITIONAL_REPRESENTATION('',(#4132),#4136);
#4132 = LINE('',#4133,#4134);
#4133 = CARTESIAN_POINT('',(-0.,-0.));
#4134 = VECTOR('',#4135,1.);
#4135 = DIRECTION('',(-1.,-0.));
#4136 = ( GEOMETRIC_REPRESENTATION_CONTEXT(2) 
PARAMETRIC_REPRESENTATION_CONTEXT() REPRESENTATION_CONTEXT('2D SPACE',''
  ) );
#4137 = ORIENTED_EDGE('',*,*,#4088,.F.);
#4138 = ADVANCED_FACE('',(#4139),#4071,.T.);
#4139 = FACE_BOUND('',#4140,.T.);
#4140 = EDGE_LOOP('',(#4141,#4142,#4165,#4192));
#4141 = ORIENTED_EDGE('',*,*,#4056,.T.);
#4142 = ORIENTED_EDGE('',*,*,#4143,.T.);
#4143 = EDGE_CURVE('',#4034,#4144,#4146,.T.);
#4144 = VERTEX_POINT('',#4145);
#4145 = CARTESIAN_POINT('',(26.39323912581,0.,196.));
#4146 = SEAM_CURVE('',#4147,(#4151,#4158),.PCURVE_S1.);
#4147 = LINE('',#4148,#4149);
#4148 = CARTESIAN_POINT('',(26.649022738989,0.,193.83333333333));
#4149 = VECTOR('',#4150,1.);
#4150 = DIRECTION('',(-0.117239831537,0.,0.993103630998));
#4151 = PCURVE('',#4071,#4152);
#4152 = DEFINITIONAL_REPRESENTATION('',(#4153),#4157);
#4153 = LINE('',#4154,#4155);
#4154 = CARTESIAN_POINT('',(-0.,-0.));
#4155 = VECTOR('',#4156,1.);
#4156 = DIRECTION('',(-0.,-1.));
#4157 = ( GEOMETRIC_REPRESENTATION_CONTEXT(2) 
PARAMETRIC_REPRESENTATION_CONTEXT() REPRESENTATION_CONTEXT('2D SPACE',''
  ) );
#4158 = PCURVE('',#4071,#4159);
#4159 = DEFINITIONAL_REPRESENTATION('',(#4160),#4164);
#4160 = LINE('',#4161,#4162);
#4161 = CARTESIAN_POINT('',(-6.28318530718,-0.));
#4162 = VECTOR('',#4163,1.);
#4163 = DIRECTION('',(-0.,-1.));
#4164 = ( GEOMETRIC_REPRESENTATION_CONTEXT(2) 
PARAMETRIC_REPRESENTATION_CONTEXT() REPRESENTATION_CONTEXT('2D SPACE',''
  ) );
#4165 = ORIENTED_EDGE('',*,*,#4166,.F.);
#4166 = EDGE_CURVE('',#4144,#4144,#4167,.T.);
#4167 = SURFACE_CURVE('',#4168,(#4173,#4180),.PCURVE_S1.);
#4168 = CIRCLE('',#4169,26.39323912581);
#4169 = AXIS2_PLACEMENT_3D('',#4170,#4171,#4172);
#4170 = CARTESIAN_POINT('',(0.,0.,196.));
#4171 = DIRECTION('',(0.,0.,1.));
#4172 = DIRECTION('',(1.,0.,-0.));
#4173 = PCURVE('',#4071,#4174);
#4174 = DEFINITIONAL_REPRESENTATION('',(#4175),#4179);
#4175 = LINE('',#4176,#4177);
#4176 = CARTESIAN_POINT('',(-0.,-2.166666666667));
#4177 = VECTOR('',#4178,1.);
#4178 = DIRECTION('',(-1.,-0.));
#4179 = ( GEOMETRIC_REPRESENTATION_CONTEXT(2) 
PARAMETRIC_REPRESENTATION_CONTEXT() REPRESENTATION_CONTEXT('2D SPACE',''
  ) );
#4180 = PCURVE('',#4181,#4186);
#4181 = CONICAL_SURFACE('',#4182,26.39323912581,0.122402440038);
#4182 = AXIS2_PLACEMENT_3D('',#4183,#4184,#4185);
#4183 = CARTESIAN_POINT('',(0.,0.,196.));
#4184 = DIRECTION('',(-0.,-0.,-1.));
#4185 = DIRECTION('',(1.,0.,-0.));
#4186 = DEFINITIONAL_REPRESENTATION('',(#4187),#4191);
#4187 = LINE('',#4188,#4189);
#4188 = CARTESIAN_POINT('',(-0.,-0.));
#4189 = VECTOR('',#4190,1.);
#4190 = DIRECTION('',(-1.,-0.));
#4191 = ( GEOMETRIC_REPRESENTATION_CONTEXT(2) 
PARAMETRIC_REPRESENTATION_CONTEXT() REPRESENTATION_CONTEXT('2D SPACE',''
  ) );
#4192 = ORIENTED_EDGE('',*,*,#4143,.F.);
#4193 = ADVANCED_FACE('',(#4194),#4126,.F.);
#4194 = FACE_BOUND('',#4195,.F.);
#4195 = EDGE_LOOP('',(#4196,#4197,#4220,#4247));
#4196 = ORIENTED_EDGE('',*,*,#4111,.T.);
#4197 = ORIENTED_EDGE('',*,*,#4198,.T.);
#4198 = EDGE_CURVE('',#4089,#4199,#4201,.T.);
#4199 = VERTEX_POINT('',#4200);
#4200 = CARTESIAN_POINT('',(25.554788013844,0.,185.16666666666));
#4201 = SEAM_CURVE('',#4202,(#4206,#4213),.PCURVE_S1.);
#4202 = LINE('',#4203,#4204);
#4203 = CARTESIAN_POINT('',(25.748463836733,0.,183.));
#4204 = VECTOR('',#4205,1.);
#4205 = DIRECTION('',(-8.903384261678E-02,0.,0.996028601431));
#4206 = PCURVE('',#4126,#4207);
#4207 = DEFINITIONAL_REPRESENTATION('',(#4208),#4212);
#4208 = LINE('',#4209,#4210);
#4209 = CARTESIAN_POINT('',(-0.,-0.));
#4210 = VECTOR('',#4211,1.);
#4211 = DIRECTION('',(-0.,-1.));
#4212 = ( GEOMETRIC_REPRESENTATION_CONTEXT(2) 
PARAMETRIC_REPRESENTATION_CONTEXT() REPRESENTATION_CONTEXT('2D SPACE',''
  ) );
#4213 = PCURVE('',#4126,#4214);
#4214 = DEFINITIONAL_REPRESENTATION('',(#4215),#4219);
#4215 = LINE('',#4216,#4217);
#4216 = CARTESIAN_POINT('',(-6.28318530718,-0.));
#4217 = VECTOR('',#4218,1.);
#4218 = DIRECTION('',(-0.,-1.));
#4219 = ( GEOMETRIC_REPRESENTATION_CONTEXT(2) 
PARAMETRIC_REPRESENTATION_CONTEXT() REPRESENTATION_CONTEXT('2D SPACE',''
  ) );
#4220 = ORIENTED_EDGE('',*,*,#4221,.F.);
#4221 = EDGE_CURVE('',#4199,#4199,#4222,.T.);
#4222 = SURFACE_CURVE('',#4223,(#4228,#4235),.PCURVE_S1.);
#4223 = CIRCLE('',#4224,25.554788013844);
#4224 = AXIS2_PLACEMENT_3D('',#4225,#4226,#4227);
#4225 = CARTESIAN_POINT('',(0.,0.,185.16666666666));
#4226 = DIRECTION('',(0.,0.,1.));
#4227 = DIRECTION('',(1.,0.,-0.));
#4228 = PCURVE('',#4126,#4229);
#4229 = DEFINITIONAL_REPRESENTATION('',(#4230),#4234);
#4230 = LINE('',#4231,#4232);
#4231 = CARTESIAN_POINT('',(-0.,-2.166666666667));
#4232 = VECTOR('',#4233,1.);
#4233 = DIRECTION('',(-1.,-0.));
#4234 = ( GEOMETRIC_REPRESENTATION_CONTEXT(2) 
PARAMETRIC_REPRESENTATION_CONTEXT() REPRESENTATION_CONTEXT('2D SPACE',''
  ) );
#4235 = PCURVE('',#4236,#4241);
#4236 = CONICAL_SURFACE('',#4237,25.554788013844,9.552754113622E-02);
#4237 = AXIS2_PLACEMENT_3D('',#4238,#4239,#4240);
#4238 = CARTESIAN_POINT('',(0.,0.,185.16666666666));
#4239 = DIRECTION('',(-0.,-0.,-1.));
#4240 = DIRECTION('',(1.,0.,-0.));
#4241 = DEFINITIONAL_REPRESENTATION('',(#4242),#4246);
#4242 = LINE('',#4243,#4244);
#4243 = CARTESIAN_POINT('',(-0.,-0.));
#4244 = VECTOR('',#4245,1.);
#4245 = DIRECTION('',(-1.,-0.));
#4246 = ( GEOMETRIC_REPRESENTATION_CONTEXT(2) 
PARAMETRIC_REPRESENTATION_CONTEXT() REPRESENTATION_CONTEXT('2D SPACE',''
  ) );
#4247 = ORIENTED_EDGE('',*,*,#4198,.F.);
#4248 = ADVANCED_FACE('',(#4249),#4181,.T.);
#4249 = FACE_BOUND('',#4250,.T.);
#4250 = EDGE_LOOP('',(#4251,#4252,#4275,#4302));
#4251 = ORIENTED_EDGE('',*,*,#4166,.T.);
#4252 = ORIENTED_EDGE('',*,*,#4253,.T.);
#4253 = EDGE_CURVE('',#4144,#4254,#4256,.T.);
#4254 = VERTEX_POINT('',#4255);
#4255 = CARTESIAN_POINT('',(26.126701386389,0.,198.16666666666));
#4256 = SEAM_CURVE('',#4257,(#4261,#4268),.PCURVE_S1.);
#4257 = LINE('',#4258,#4259);
#4258 = CARTESIAN_POINT('',(26.39323912581,0.,196.));
#4259 = VECTOR('',#4260,1.);
#4260 = DIRECTION('',(-0.122097022739,0.,0.992518169626));
#4261 = PCURVE('',#4181,#4262);
#4262 = DEFINITIONAL_REPRESENTATION('',(#4263),#4267);
#4263 = LINE('',#4264,#4265);
#4264 = CARTESIAN_POINT('',(-0.,-0.));
#4265 = VECTOR('',#4266,1.);
#4266 = DIRECTION('',(-0.,-1.));
#4267 = ( GEOMETRIC_REPRESENTATION_CONTEXT(2) 
PARAMETRIC_REPRESENTATION_CONTEXT() REPRESENTATION_CONTEXT('2D SPACE',''
  ) );
#4268 = PCURVE('',#4181,#4269);
#4269 = DEFINITIONAL_REPRESENTATION('',(#4270),#4274);
#4270 = LINE('',#4271,#4272);
#4271 = CARTESIAN_POINT('',(-6.28318530718,-0.));
#4272 = VECTOR('',#4273,1.);
#4273 = DIRECTION('',(-0.,-1.));
#4274 = ( GEOMETRIC_REPRESENTATION_CONTEXT(2) 
PARAMETRIC_REPRESENTATION_CONTEXT() REPRESENTATION_CONTEXT('2D SPACE',''
  ) );
#4275 = ORIENTED_EDGE('',*,*,#4276,.F.);
#4276 = EDGE_CURVE('',#4254,#4254,#4277,.T.);
#4277 = SURFACE_CURVE('',#4278,(#4283,#4290),.PCURVE_S1.);
#4278 = CIRCLE('',#4279,26.126701386389);
#4279 = AXIS2_PLACEMENT_3D('',#4280,#4281,#4282);
#4280 = CARTESIAN_POINT('',(0.,0.,198.16666666666));
#4281 = DIRECTION('',(0.,0.,1.));
#4282 = DIRECTION('',(1.,0.,-0.));
#4283 = PCURVE('',#4181,#4284);
#4284 = DEFINITIONAL_REPRESENTATION('',(#4285),#4289);
#4285 = LINE('',#4286,#4287);
#4286 = CARTESIAN_POINT('',(-0.,-2.166666666667));
#4287 = VECTOR('',#4288,1.);
#4288 = DIRECTION('',(-1.,-0.));
#4289 = ( GEOMETRIC_REPRESENTATION_CONTEXT(2) 
PARAMETRIC_REPRESENTATION_CONTEXT() REPRESENTATION_CONTEXT('2D SPACE',''
  ) );
#4290 = PCURVE('',#4291,#4296);
#4291 = CONICAL_SURFACE('',#4292,26.126701386389,0.127125325975);
#4292 = AXIS2_PLACEMENT_3D('',#4293,#4294,#4295);
#4293 = CARTESIAN_POINT('',(0.,0.,198.16666666666));
#4294 = DIRECTION('',(-0.,-0.,-1.));
#4295 = DIRECTION('',(1.,0.,-0.));
#4296 = DEFINITIONAL_REPRESENTATION('',(#4297),#4301);
#4297 = LINE('',#4298,#4299);
#4298 = CARTESIAN_POINT('',(-0.,-0.));
#4299 = VECTOR('',#4300,1.);
#4300 = DIRECTION('',(-1.,-0.));
#4301 = ( GEOMETRIC_REPRESENTATION_CONTEXT(2) 
PARAMETRIC_REPRESENTATION_CONTEXT() REPRESENTATION_CONTEXT('2D SPACE',''
  ) );
#4302 = ORIENTED_EDGE('',*,*,#4253,.F.);
#4303 = ADVANCED_FACE('',(#4304),#4236,.F.);
#4304 = FACE_BOUND('',#4305,.F.);
#4305 = EDGE_LOOP('',(#4306,#4307,#4330,#4357));
#4306 = ORIENTED_EDGE('',*,*,#4221,.T.);
#4307 = ORIENTED_EDGE('',*,*,#4308,.T.);
#4308 = EDGE_CURVE('',#4199,#4309,#4311,.T.);
#4309 = VERTEX_POINT('',#4310);
#4310 = CARTESIAN_POINT('',(25.347179779775,0.,187.33333333333));
#4311 = SEAM_CURVE('',#4312,(#4316,#4323),.PCURVE_S1.);
#4312 = LINE('',#4313,#4314);
#4313 = CARTESIAN_POINT('',(25.554788013844,0.,185.16666666666));
#4314 = VECTOR('',#4315,1.);
#4315 = DIRECTION('',(-9.53823178075E-02,0.,0.995440713177));
#4316 = PCURVE('',#4236,#4317);
#4317 = DEFINITIONAL_REPRESENTATION('',(#4318),#4322);
#4318 = LINE('',#4319,#4320);
#4319 = CARTESIAN_POINT('',(-0.,-0.));
#4320 = VECTOR('',#4321,1.);
#4321 = DIRECTION('',(-0.,-1.));
#4322 = ( GEOMETRIC_REPRESENTATION_CONTEXT(2) 
PARAMETRIC_REPRESENTATION_CONTEXT() REPRESENTATION_CONTEXT('2D SPACE',''
  ) );
#4323 = PCURVE('',#4236,#4324);
#4324 = DEFINITIONAL_REPRESENTATION('',(#4325),#4329);
#4325 = LINE('',#4326,#4327);
#4326 = CARTESIAN_POINT('',(-6.28318530718,-0.));
#4327 = VECTOR('',#4328,1.);
#4328 = DIRECTION('',(-0.,-1.));
#4329 = ( GEOMETRIC_REPRESENTATION_CONTEXT(2) 
PARAMETRIC_REPRESENTATION_CONTEXT() REPRESENTATION_CONTEXT('2D SPACE',''
  ) );
#4330 = ORIENTED_EDGE('',*,*,#4331,.F.);
#4331 = EDGE_CURVE('',#4309,#4309,#4332,.T.);
#4332 = SURFACE_CURVE('',#4333,(#4338,#4345),.PCURVE_S1.);
#4333 = CIRCLE('',#4334,25.347179779775);
#4334 = AXIS2_PLACEMENT_3D('',#4335,#4336,#4337);
#4335 = CARTESIAN_POINT('',(0.,0.,187.33333333333));
#4336 = DIRECTION('',(0.,0.,1.));
#4337 = DIRECTION('',(1.,0.,-0.));
#4338 = PCURVE('',#4236,#4339);
#4339 = DEFINITIONAL_REPRESENTATION('',(#4340),#4344);
#4340 = LINE('',#4341,#4342);
#4341 = CARTESIAN_POINT('',(-0.,-2.166666666667));
#4342 = VECTOR('',#4343,1.);
#4343 = DIRECTION('',(-1.,-0.));
#4344 = ( GEOMETRIC_REPRESENTATION_CONTEXT(2) 
PARAMETRIC_REPRESENTATION_CONTEXT() REPRESENTATION_CONTEXT('2D SPACE',''
  ) );
#4345 = PCURVE('',#4346,#4351);
#4346 = CONICAL_SURFACE('',#4347,25.347179779775,0.101480302477);
#4347 = AXIS2_PLACEMENT_3D('',#4348,#4349,#4350);
#4348 = CARTESIAN_POINT('',(0.,0.,187.33333333333));
#4349 = DIRECTION('',(-0.,-0.,-1.));
#4350 = DIRECTION('',(1.,0.,-0.));
#4351 = DEFINITIONAL_REPRESENTATION('',(#4352),#4356);
#4352 = LINE('',#4353,#4354);
#4353 = CARTESIAN_POINT('',(-0.,-0.));
#4354 = VECTOR('',#4355,1.);
#4355 = DIRECTION('',(-1.,-0.));
#4356 = ( GEOMETRIC_REPRESENTATION_CONTEXT(2) 
PARAMETRIC_REPRESENTATION_CONTEXT() REPRESENTATION_CONTEXT('2D SPACE',''
  ) );
#4357 = ORIENTED_EDGE('',*,*,#4308,.F.);
#4358 = ADVANCED_FACE('',(#4359),#4291,.T.);
#4359 = FACE_BOUND('',#4360,.T.);
#4360 = EDGE_LOOP('',(#4361,#4362,#4385,#4412));
#4361 = ORIENTED_EDGE('',*,*,#4276,.T.);
#4362 = ORIENTED_EDGE('',*,*,#4363,.T.);
#4363 = EDGE_CURVE('',#4254,#4364,#4366,.T.);
#4364 = VERTEX_POINT('',#4365);
#4365 = CARTESIAN_POINT('',(25.849769753642,0.,200.33333333333));
#4366 = SEAM_CURVE('',#4367,(#4371,#4378),.PCURVE_S1.);
#4367 = LINE('',#4368,#4369);
#4368 = CARTESIAN_POINT('',(26.126701386389,0.,198.16666666666));
#4369 = VECTOR('',#4370,1.);
#4370 = DIRECTION('',(-0.126783193694,0.,0.991930452097));
#4371 = PCURVE('',#4291,#4372);
#4372 = DEFINITIONAL_REPRESENTATION('',(#4373),#4377);
#4373 = LINE('',#4374,#4375);
#4374 = CARTESIAN_POINT('',(-0.,-0.));
#4375 = VECTOR('',#4376,1.);
#4376 = DIRECTION('',(-0.,-1.));
#4377 = ( GEOMETRIC_REPRESENTATION_CONTEXT(2) 
PARAMETRIC_REPRESENTATION_CONTEXT() REPRESENTATION_CONTEXT('2D SPACE',''
  ) );
#4378 = PCURVE('',#4291,#4379);
#4379 = DEFINITIONAL_REPRESENTATION('',(#4380),#4384);
#4380 = LINE('',#4381,#4382);
#4381 = CARTESIAN_POINT('',(-6.28318530718,-0.));
#4382 = VECTOR('',#4383,1.);
#4383 = DIRECTION('',(-0.,-1.));
#4384 = ( GEOMETRIC_REPRESENTATION_CONTEXT(2) 
PARAMETRIC_REPRESENTATION_CONTEXT() REPRESENTATION_CONTEXT('2D SPACE',''
  ) );
#4385 = ORIENTED_EDGE('',*,*,#4386,.F.);
#4386 = EDGE_CURVE('',#4364,#4364,#4387,.T.);
#4387 = SURFACE_CURVE('',#4388,(#4393,#4400),.PCURVE_S1.);
#4388 = CIRCLE('',#4389,25.849769753642);
#4389 = AXIS2_PLACEMENT_3D('',#4390,#4391,#4392);
#4390 = CARTESIAN_POINT('',(0.,0.,200.33333333333));
#4391 = DIRECTION('',(0.,0.,1.));
#4392 = DIRECTION('',(1.,0.,-0.));
#4393 = PCURVE('',#4291,#4394);
#4394 = DEFINITIONAL_REPRESENTATION('',(#4395),#4399);
#4395 = LINE('',#4396,#4397);
#4396 = CARTESIAN_POINT('',(-0.,-2.166666666667));
#4397 = VECTOR('',#4398,1.);
#4398 = DIRECTION('',(-1.,-0.));
#4399 = ( GEOMETRIC_REPRESENTATION_CONTEXT(2) 
PARAMETRIC_REPRESENTATION_CONTEXT() REPRESENTATION_CONTEXT('2D SPACE',''
  ) );
#4400 = PCURVE('',#4401,#4406);
#4401 = CONICAL_SURFACE('',#4402,25.849769753642,0.131703505768);
#4402 = AXIS2_PLACEMENT_3D('',#4403,#4404,#4405);
#4403 = CARTESIAN_POINT('',(0.,0.,200.33333333333));
#4404 = DIRECTION('',(-0.,-0.,-1.));
#4405 = DIRECTION('',(1.,0.,-0.));
#4406 = DEFINITIONAL_REPRESENTATION('',(#4407),#4411);
#4407 = LINE('',#4408,#4409);
#4408 = CARTESIAN_POINT('',(-0.,-0.));
#4409 = VECTOR('',#4410,1.);
#4410 = DIRECTION('',(-1.,-0.));
#4411 = ( GEOMETRIC_REPRESENTATION_CONTEXT(2) 
PARAMETRIC_REPRESENTATION_CONTEXT() REPRESENTATION_CONTEXT('2D SPACE',''
  ) );
#4412 = ORIENTED_EDGE('',*,*,#4363,.F.);
#4413 = ADVANCED_FACE('',(#4414),#4346,.F.);
#4414 = FACE_BOUND('',#4415,.F.);
#4415 = EDGE_LOOP('',(#4416,#4417,#4440,#4467));
#4416 = ORIENTED_EDGE('',*,*,#4331,.T.);
#4417 = ORIENTED_EDGE('',*,*,#4418,.T.);
#4418 = EDGE_CURVE('',#4309,#4419,#4421,.T.);
#4419 = VERTEX_POINT('',#4420);
#4420 = CARTESIAN_POINT('',(25.12654789636,0.,189.5));
#4421 = SEAM_CURVE('',#4422,(#4426,#4433),.PCURVE_S1.);
#4422 = LINE('',#4423,#4424);
#4423 = CARTESIAN_POINT('',(25.347179779775,0.,187.33333333333));
#4424 = VECTOR('',#4425,1.);
#4425 = DIRECTION('',(-0.101306213857,0.,0.994855291504));
#4426 = PCURVE('',#4346,#4427);
#4427 = DEFINITIONAL_REPRESENTATION('',(#4428),#4432);
#4428 = LINE('',#4429,#4430);
#4429 = CARTESIAN_POINT('',(-0.,-0.));
#4430 = VECTOR('',#4431,1.);
#4431 = DIRECTION('',(-0.,-1.));
#4432 = ( GEOMETRIC_REPRESENTATION_CONTEXT(2) 
PARAMETRIC_REPRESENTATION_CONTEXT() REPRESENTATION_CONTEXT('2D SPACE',''
  ) );
#4433 = PCURVE('',#4346,#4434);
#4434 = DEFINITIONAL_REPRESENTATION('',(#4435),#4439);
#4435 = LINE('',#4436,#4437);
#4436 = CARTESIAN_POINT('',(-6.28318530718,-0.));
#4437 = VECTOR('',#4438,1.);
#4438 = DIRECTION('',(-0.,-1.));
#4439 = ( GEOMETRIC_REPRESENTATION_CONTEXT(2) 
PARAMETRIC_REPRESENTATION_CONTEXT() REPRESENTATION_CONTEXT('2D SPACE',''
  ) );
#4440 = ORIENTED_EDGE('',*,*,#4441,.F.);
#4441 = EDGE_CURVE('',#4419,#4419,#4442,.T.);
#4442 = SURFACE_CURVE('',#4443,(#4448,#4455),.PCURVE_S1.);
#4443 = CIRCLE('',#4444,25.12654789636);
#4444 = AXIS2_PLACEMENT_3D('',#4445,#4446,#4447);
#4445 = CARTESIAN_POINT('',(0.,0.,189.5));
#4446 = DIRECTION('',(0.,0.,1.));
#4447 = DIRECTION('',(1.,0.,-0.));
#4448 = PCURVE('',#4346,#4449);
#4449 = DEFINITIONAL_REPRESENTATION('',(#4450),#4454);
#4450 = LINE('',#4451,#4452);
#4451 = CARTESIAN_POINT('',(-0.,-2.166666666667));
#4452 = VECTOR('',#4453,1.);
#4453 = DIRECTION('',(-1.,-0.));
#4454 = ( GEOMETRIC_REPRESENTATION_CONTEXT(2) 
PARAMETRIC_REPRESENTATION_CONTEXT() REPRESENTATION_CONTEXT('2D SPACE',''
  ) );
#4455 = PCURVE('',#4456,#4461);
#4456 = CONICAL_SURFACE('',#4457,25.12654789636,0.107090578248);
#4457 = AXIS2_PLACEMENT_3D('',#4458,#4459,#4460);
#4458 = CARTESIAN_POINT('',(0.,0.,189.5));
#4459 = DIRECTION('',(-0.,-0.,-1.));
#4460 = DIRECTION('',(1.,0.,-0.));
#4461 = DEFINITIONAL_REPRESENTATION('',(#4462),#4466);
#4462 = LINE('',#4463,#4464);
#4463 = CARTESIAN_POINT('',(-0.,-0.));
#4464 = VECTOR('',#4465,1.);
#4465 = DIRECTION('',(-1.,-0.));
#4466 = ( GEOMETRIC_REPRESENTATION_CONTEXT(2) 
PARAMETRIC_REPRESENTATION_CONTEXT() REPRESENTATION_CONTEXT('2D SPACE',''
  ) );
#4467 = ORIENTED_EDGE('',*,*,#4418,.F.);
#4468 = ADVANCED_FACE('',(#4469),#4401,.T.);
#4469 = FACE_BOUND('',#4470,.T.);
#4470 = EDGE_LOOP('',(#4471,#4472,#4495,#4522));
#4471 = ORIENTED_EDGE('',*,*,#4386,.T.);
#4472 = ORIENTED_EDGE('',*,*,#4473,.T.);
#4473 = EDGE_CURVE('',#4364,#4474,#4476,.T.);
#4474 = VERTEX_POINT('',#4475);
#4475 = CARTESIAN_POINT('',(25.562750709315,0.,202.5));
#4476 = SEAM_CURVE('',#4477,(#4481,#4488),.PCURVE_S1.);
#4477 = LINE('',#4478,#4479);
#4478 = CARTESIAN_POINT('',(25.849769753642,0.,200.33333333333));
#4479 = VECTOR('',#4480,1.);
#4480 = DIRECTION('',(-0.131323085113,0.,0.99133962259));
#4481 = PCURVE('',#4401,#4482);
#4482 = DEFINITIONAL_REPRESENTATION('',(#4483),#4487);
#4483 = LINE('',#4484,#4485);
#4484 = CARTESIAN_POINT('',(-0.,-0.));
#4485 = VECTOR('',#4486,1.);
#4486 = DIRECTION('',(-0.,-1.));
#4487 = ( GEOMETRIC_REPRESENTATION_CONTEXT(2) 
PARAMETRIC_REPRESENTATION_CONTEXT() REPRESENTATION_CONTEXT('2D SPACE',''
  ) );
#4488 = PCURVE('',#4401,#4489);
#4489 = DEFINITIONAL_REPRESENTATION('',(#4490),#4494);
#4490 = LINE('',#4491,#4492);
#4491 = CARTESIAN_POINT('',(-6.28318530718,-0.));
#4492 = VECTOR('',#4493,1.);
#4493 = DIRECTION('',(-0.,-1.));
#4494 = ( GEOMETRIC_REPRESENTATION_CONTEXT(2) 
PARAMETRIC_REPRESENTATION_CONTEXT() REPRESENTATION_CONTEXT('2D SPACE',''
  ) );
#4495 = ORIENTED_EDGE('',*,*,#4496,.F.);
#4496 = EDGE_CURVE('',#4474,#4474,#4497,.T.);
#4497 = SURFACE_CURVE('',#4498,(#4503,#4510),.PCURVE_S1.);
#4498 = CIRCLE('',#4499,25.562750709315);
#4499 = AXIS2_PLACEMENT_3D('',#4500,#4501,#4502);
#4500 = CARTESIAN_POINT('',(0.,0.,202.5));
#4501 = DIRECTION('',(0.,0.,1.));
#4502 = DIRECTION('',(1.,0.,-0.));
#4503 = PCURVE('',#4401,#4504);
#4504 = DEFINITIONAL_REPRESENTATION('',(#4505),#4509);
#4505 = LINE('',#4506,#4507);
#4506 = CARTESIAN_POINT('',(-0.,-2.166666666667));
#4507 = VECTOR('',#4508,1.);
#4508 = DIRECTION('',(-1.,-0.));
#4509 = ( GEOMETRIC_REPRESENTATION_CONTEXT(2) 
PARAMETRIC_REPRESENTATION_CONTEXT() REPRESENTATION_CONTEXT('2D SPACE',''
  ) );
#4510 = PCURVE('',#4511,#4516);
#4511 = CONICAL_SURFACE('',#4512,25.562750709315,0.136157873828);
#4512 = AXIS2_PLACEMENT_3D('',#4513,#4514,#4515);
#4513 = CARTESIAN_POINT('',(0.,0.,202.5));
#4514 = DIRECTION('',(-0.,-0.,-1.));
#4515 = DIRECTION('',(1.,0.,-0.));
#4516 = DEFINITIONAL_REPRESENTATION('',(#4517),#4521);
#4517 = LINE('',#4518,#4519);
#4518 = CARTESIAN_POINT('',(-0.,-0.));
#4519 = VECTOR('',#4520,1.);
#4520 = DIRECTION('',(-1.,-0.));
#4521 = ( GEOMETRIC_REPRESENTATION_CONTEXT(2) 
PARAMETRIC_REPRESENTATION_CONTEXT() REPRESENTATION_CONTEXT('2D SPACE',''
  ) );
#4522 = ORIENTED_EDGE('',*,*,#4473,.F.);
#4523 = ADVANCED_FACE('',(#4524),#4456,.F.);
#4524 = FACE_BOUND('',#4525,.F.);
#4525 = EDGE_LOOP('',(#4526,#4527,#4550,#4577));
#4526 = ORIENTED_EDGE('',*,*,#4441,.T.);
#4527 = ORIENTED_EDGE('',*,*,#4528,.T.);
#4528 = EDGE_CURVE('',#4419,#4529,#4531,.T.);
#4529 = VERTEX_POINT('',#4530);
#4530 = CARTESIAN_POINT('',(24.893627220106,0.,191.66666666666));
#4531 = SEAM_CURVE('',#4532,(#4536,#4543),.PCURVE_S1.);
#4532 = LINE('',#4533,#4534);
#4533 = CARTESIAN_POINT('',(25.12654789636,0.,189.5));
#4534 = VECTOR('',#4535,1.);
#4535 = DIRECTION('',(-0.106886002803,0.,0.994271282098));
#4536 = PCURVE('',#4456,#4537);
#4537 = DEFINITIONAL_REPRESENTATION('',(#4538),#4542);
#4538 = LINE('',#4539,#4540);
#4539 = CARTESIAN_POINT('',(-0.,-0.));
#4540 = VECTOR('',#4541,1.);
#4541 = DIRECTION('',(-0.,-1.));
#4542 = ( GEOMETRIC_REPRESENTATION_CONTEXT(2) 
PARAMETRIC_REPRESENTATION_CONTEXT() REPRESENTATION_CONTEXT('2D SPACE',''
  ) );
#4543 = PCURVE('',#4456,#4544);
#4544 = DEFINITIONAL_REPRESENTATION('',(#4545),#4549);
#4545 = LINE('',#4546,#4547);
#4546 = CARTESIAN_POINT('',(-6.28318530718,-0.));
#4547 = VECTOR('',#4548,1.);
#4548 = DIRECTION('',(-0.,-1.));
#4549 = ( GEOMETRIC_REPRESENTATION_CONTEXT(2) 
PARAMETRIC_REPRESENTATION_CONTEXT() REPRESENTATION_CONTEXT('2D SPACE',''
  ) );
#4550 = ORIENTED_EDGE('',*,*,#4551,.F.);
#4551 = EDGE_CURVE('',#4529,#4529,#4552,.T.);
#4552 = SURFACE_CURVE('',#4553,(#4558,#4565),.PCURVE_S1.);
#4553 = CIRCLE('',#4554,24.893627220106);
#4554 = AXIS2_PLACEMENT_3D('',#4555,#4556,#4557);
#4555 = CARTESIAN_POINT('',(0.,0.,191.66666666666));
#4556 = DIRECTION('',(0.,0.,1.));
#4557 = DIRECTION('',(1.,0.,-0.));
#4558 = PCURVE('',#4456,#4559);
#4559 = DEFINITIONAL_REPRESENTATION('',(#4560),#4564);
#4560 = LINE('',#4561,#4562);
#4561 = CARTESIAN_POINT('',(-0.,-2.166666666667));
#4562 = VECTOR('',#4563,1.);
#4563 = DIRECTION('',(-1.,-0.));
#4564 = ( GEOMETRIC_REPRESENTATION_CONTEXT(2) 
PARAMETRIC_REPRESENTATION_CONTEXT() REPRESENTATION_CONTEXT('2D SPACE',''
  ) );
#4565 = PCURVE('',#4566,#4571);
#4566 = CONICAL_SURFACE('',#4567,24.893627220106,0.112418392306);
#4567 = AXIS2_PLACEMENT_3D('',#4568,#4569,#4570);
#4568 = CARTESIAN_POINT('',(0.,0.,191.66666666666));
#4569 = DIRECTION('',(-0.,-0.,-1.));
#4570 = DIRECTION('',(1.,0.,-0.));
#4571 = DEFINITIONAL_REPRESENTATION('',(#4572),#4576);
#4572 = LINE('',#4573,#4574);
#4573 = CARTESIAN_POINT('',(-0.,-0.));
#4574 = VECTOR('',#4575,1.);
#4575 = DIRECTION('',(-1.,-0.));
#4576 = ( GEOMETRIC_REPRESENTATION_CONTEXT(2) 
PARAMETRIC_REPRESENTATION_CONTEXT() REPRESENTATION_CONTEXT('2D SPACE',''
  ) );
#4577 = ORIENTED_EDGE('',*,*,#4528,.F.);
#4578 = ADVANCED_FACE('',(#4579),#4511,.T.);
#4579 = FACE_BOUND('',#4580,.T.);
#4580 = EDGE_LOOP('',(#4581,#4582,#4605,#4632));
#4581 = ORIENTED_EDGE('',*,*,#4496,.T.);
#4582 = ORIENTED_EDGE('',*,*,#4583,.T.);
#4583 = EDGE_CURVE('',#4474,#4584,#4586,.T.);
#4584 = VERTEX_POINT('',#4585);
#4585 = CARTESIAN_POINT('',(25.265905309162,0.,204.66666666666));
#4586 = SEAM_CURVE('',#4587,(#4591,#4598),.PCURVE_S1.);
#4587 = LINE('',#4588,#4589);
#4588 = CARTESIAN_POINT('',(25.562750709315,0.,202.5));
#4589 = VECTOR('',#4590,1.);
#4590 = DIRECTION('',(-0.135737559248,0.,0.990744828404));
#4591 = PCURVE('',#4511,#4592);
#4592 = DEFINITIONAL_REPRESENTATION('',(#4593),#4597);
#4593 = LINE('',#4594,#4595);
#4594 = CARTESIAN_POINT('',(-0.,-0.));
#4595 = VECTOR('',#4596,1.);
#4596 = DIRECTION('',(-0.,-1.));
#4597 = ( GEOMETRIC_REPRESENTATION_CONTEXT(2) 
PARAMETRIC_REPRESENTATION_CONTEXT() REPRESENTATION_CONTEXT('2D SPACE',''
  ) );
#4598 = PCURVE('',#4511,#4599);
#4599 = DEFINITIONAL_REPRESENTATION('',(#4600),#4604);
#4600 = LINE('',#4601,#4602);
#4601 = CARTESIAN_POINT('',(-6.28318530718,-0.));
#4602 = VECTOR('',#4603,1.);
#4603 = DIRECTION('',(-0.,-1.));
#4604 = ( GEOMETRIC_REPRESENTATION_CONTEXT(2) 
PARAMETRIC_REPRESENTATION_CONTEXT() REPRESENTATION_CONTEXT('2D SPACE',''
  ) );
#4605 = ORIENTED_EDGE('',*,*,#4606,.F.);
#4606 = EDGE_CURVE('',#4584,#4584,#4607,.T.);
#4607 = SURFACE_CURVE('',#4608,(#4613,#4620),.PCURVE_S1.);
#4608 = CIRCLE('',#4609,25.265905309162);
#4609 = AXIS2_PLACEMENT_3D('',#4610,#4611,#4612);
#4610 = CARTESIAN_POINT('',(0.,0.,204.66666666666));
#4611 = DIRECTION('',(0.,0.,1.));
#4612 = DIRECTION('',(1.,0.,-0.));
#4613 = PCURVE('',#4511,#4614);
#4614 = DEFINITIONAL_REPRESENTATION('',(#4615),#4619);
#4615 = LINE('',#4616,#4617);
#4616 = CARTESIAN_POINT('',(-0.,-2.166666666667));
#4617 = VECTOR('',#4618,1.);
#4618 = DIRECTION('',(-1.,-0.));
#4619 = ( GEOMETRIC_REPRESENTATION_CONTEXT(2) 
PARAMETRIC_REPRESENTATION_CONTEXT() REPRESENTATION_CONTEXT('2D SPACE',''
  ) );
#4620 = PCURVE('',#4621,#4626);
#4621 = CONICAL_SURFACE('',#4622,25.265905309162,0.140506351671);
#4622 = AXIS2_PLACEMENT_3D('',#4623,#4624,#4625);
#4623 = CARTESIAN_POINT('',(0.,0.,204.66666666666));
#4624 = DIRECTION('',(-0.,-0.,-1.));
#4625 = DIRECTION('',(1.,0.,-0.));
#4626 = DEFINITIONAL_REPRESENTATION('',(#4627),#4631);
#4627 = LINE('',#4628,#4629);
#4628 = CARTESIAN_POINT('',(-0.,-0.));
#4629 = VECTOR('',#4630,1.);
#4630 = DIRECTION('',(-1.,-0.));
#4631 = ( GEOMETRIC_REPRESENTATION_CONTEXT(2) 
PARAMETRIC_REPRESENTATION_CONTEXT() REPRESENTATION_CONTEXT('2D SPACE',''
  ) );
#4632 = ORIENTED_EDGE('',*,*,#4583,.F.);
#4633 = ADVANCED_FACE('',(#4634),#4566,.F.);
#4634 = FACE_BOUND('',#4635,.F.);
#4635 = EDGE_LOOP('',(#4636,#4637,#4660,#4687));
#4636 = ORIENTED_EDGE('',*,*,#4551,.T.);
#4637 = ORIENTED_EDGE('',*,*,#4638,.T.);
#4638 = EDGE_CURVE('',#4529,#4639,#4641,.T.);
#4639 = VERTEX_POINT('',#4640);
#4640 = CARTESIAN_POINT('',(24.649022738989,0.,193.83333333333));
#4641 = SEAM_CURVE('',#4642,(#4646,#4653),.PCURVE_S1.);
#4642 = LINE('',#4643,#4644);
#4643 = CARTESIAN_POINT('',(24.893627220106,0.,191.66666666666));
#4644 = VECTOR('',#4645,1.);
#4645 = DIRECTION('',(-0.112181753248,0.,0.993687704582));
#4646 = PCURVE('',#4566,#4647);
#4647 = DEFINITIONAL_REPRESENTATION('',(#4648),#4652);
#4648 = LINE('',#4649,#4650);
#4649 = CARTESIAN_POINT('',(-0.,-0.));
#4650 = VECTOR('',#4651,1.);
#4651 = DIRECTION('',(-0.,-1.));
#4652 = ( GEOMETRIC_REPRESENTATION_CONTEXT(2) 
PARAMETRIC_REPRESENTATION_CONTEXT() REPRESENTATION_CONTEXT('2D SPACE',''
  ) );
#4653 = PCURVE('',#4566,#4654);
#4654 = DEFINITIONAL_REPRESENTATION('',(#4655),#4659);
#4655 = LINE('',#4656,#4657);
#4656 = CARTESIAN_POINT('',(-6.28318530718,-0.));
#4657 = VECTOR('',#4658,1.);
#4658 = DIRECTION('',(-0.,-1.));
#4659 = ( GEOMETRIC_REPRESENTATION_CONTEXT(2) 
PARAMETRIC_REPRESENTATION_CONTEXT() REPRESENTATION_CONTEXT('2D SPACE',''
  ) );
#4660 = ORIENTED_EDGE('',*,*,#4661,.F.);
#4661 = EDGE_CURVE('',#4639,#4639,#4662,.T.);
#4662 = SURFACE_CURVE('',#4663,(#4668,#4675),.PCURVE_S1.);
#4663 = CIRCLE('',#4664,24.649022738989);
#4664 = AXIS2_PLACEMENT_3D('',#4665,#4666,#4667);
#4665 = CARTESIAN_POINT('',(0.,0.,193.83333333333));
#4666 = DIRECTION('',(0.,0.,1.));
#4667 = DIRECTION('',(1.,0.,-0.));
#4668 = PCURVE('',#4566,#4669);
#4669 = DEFINITIONAL_REPRESENTATION('',(#4670),#4674);
#4670 = LINE('',#4671,#4672);
#4671 = CARTESIAN_POINT('',(-0.,-2.166666666667));
#4672 = VECTOR('',#4673,1.);
#4673 = DIRECTION('',(-1.,-0.));
#4674 = ( GEOMETRIC_REPRESENTATION_CONTEXT(2) 
PARAMETRIC_REPRESENTATION_CONTEXT() REPRESENTATION_CONTEXT('2D SPACE',''
  ) );
#4675 = PCURVE('',#4676,#4681);
#4676 = CONICAL_SURFACE('',#4677,24.649022738989,0.11751008691);
#4677 = AXIS2_PLACEMENT_3D('',#4678,#4679,#4680);
#4678 = CARTESIAN_POINT('',(0.,0.,193.83333333333));
#4679 = DIRECTION('',(-0.,-0.,-1.));
#4680 = DIRECTION('',(1.,0.,-0.));
#4681 = DEFINITIONAL_REPRESENTATION('',(#4682),#4686);
#4682 = LINE('',#4683,#4684);
#4683 = CARTESIAN_POINT('',(-0.,-0.));
#4684 = VECTOR('',#4685,1.);
#4685 = DIRECTION('',(-1.,-0.));
#4686 = ( GEOMETRIC_REPRESENTATION_CONTEXT(2) 
PARAMETRIC_REPRESENTATION_CONTEXT() REPRESENTATION_CONTEXT('2D SPACE',''
  ) );
#4687 = ORIENTED_EDGE('',*,*,#4638,.F.);
#4688 = ADVANCED_FACE('',(#4689),#4621,.T.);
#4689 = FACE_BOUND('',#4690,.T.);
#4690 = EDGE_LOOP('',(#4691,#4692,#4715,#4742));
#4691 = ORIENTED_EDGE('',*,*,#4606,.T.);
#4692 = ORIENTED_EDGE('',*,*,#4693,.T.);
#4693 = EDGE_CURVE('',#4584,#4694,#4696,.T.);
#4694 = VERTEX_POINT('',#4695);
#4695 = CARTESIAN_POINT('',(24.959455574244,0.,206.83333333333));
#4696 = SEAM_CURVE('',#4697,(#4701,#4708),.PCURVE_S1.);
#4697 = LINE('',#4698,#4699);
#4698 = CARTESIAN_POINT('',(25.265905309162,0.,204.66666666666));
#4699 = VECTOR('',#4700,1.);
#4700 = DIRECTION('',(-0.140044494258,0.,0.990145211385));
#4701 = PCURVE('',#4621,#4702);
#4702 = DEFINITIONAL_REPRESENTATION('',(#4703),#4707);
#4703 = LINE('',#4704,#4705);
#4704 = CARTESIAN_POINT('',(-0.,-0.));
#4705 = VECTOR('',#4706,1.);
#4706 = DIRECTION('',(-0.,-1.));
#4707 = ( GEOMETRIC_REPRESENTATION_CONTEXT(2) 
PARAMETRIC_REPRESENTATION_CONTEXT() REPRESENTATION_CONTEXT('2D SPACE',''
  ) );
#4708 = PCURVE('',#4621,#4709);
#4709 = DEFINITIONAL_REPRESENTATION('',(#4710),#4714);
#4710 = LINE('',#4711,#4712);
#4711 = CARTESIAN_POINT('',(-6.28318530718,-0.));
#4712 = VECTOR('',#4713,1.);
#4713 = DIRECTION('',(-0.,-1.));
#4714 = ( GEOMETRIC_REPRESENTATION_CONTEXT(2) 
PARAMETRIC_REPRESENTATION_CONTEXT() REPRESENTATION_CONTEXT('2D SPACE',''
  ) );
#4715 = ORIENTED_EDGE('',*,*,#4716,.F.);
#4716 = EDGE_CURVE('',#4694,#4694,#4717,.T.);
#4717 = SURFACE_CURVE('',#4718,(#4723,#4730),.PCURVE_S1.);
#4718 = CIRCLE('',#4719,24.959455574244);
#4719 = AXIS2_PLACEMENT_3D('',#4720,#4721,#4722);
#4720 = CARTESIAN_POINT('',(0.,0.,206.83333333333));
#4721 = DIRECTION('',(0.,0.,1.));
#4722 = DIRECTION('',(1.,0.,-0.));
#4723 = PCURVE('',#4621,#4724);
#4724 = DEFINITIONAL_REPRESENTATION('',(#4725),#4729);
#4725 = LINE('',#4726,#4727);
#4726 = CARTESIAN_POINT('',(-0.,-2.166666666667));
#4727 = VECTOR('',#4728,1.);
#4728 = DIRECTION('',(-1.,-0.));
#4729 = ( GEOMETRIC_REPRESENTATION_CONTEXT(2) 
PARAMETRIC_REPRESENTATION_CONTEXT() REPRESENTATION_CONTEXT('2D SPACE',''
  ) );
#4730 = PCURVE('',#4731,#4736);
#4731 = CONICAL_SURFACE('',#4732,24.959455574244,0.144764545379);
#4732 = AXIS2_PLACEMENT_3D('',#4733,#4734,#4735);
#4733 = CARTESIAN_POINT('',(0.,0.,206.83333333333));
#4734 = DIRECTION('',(-0.,-0.,-1.));
#4735 = DIRECTION('',(1.,0.,-0.));
#4736 = DEFINITIONAL_REPRESENTATION('',(#4737),#4741);
#4737 = LINE('',#4738,#4739);
#4738 = CARTESIAN_POINT('',(-0.,-0.));
#4739 = VECTOR('',#4740,1.);
#4740 = DIRECTION('',(-1.,-0.));
#4741 = ( GEOMETRIC_REPRESENTATION_CONTEXT(2) 
PARAMETRIC_REPRESENTATION_CONTEXT() REPRESENTATION_CONTEXT('2D SPACE',''
  ) );
#4742 = ORIENTED_EDGE('',*,*,#4693,.F.);
#4743 = ADVANCED_FACE('',(#4744),#4676,.F.);
#4744 = FACE_BOUND('',#4745,.F.);
#4745 = EDGE_LOOP('',(#4746,#4747,#4770,#4797));
#4746 = ORIENTED_EDGE('',*,*,#4661,.T.);
#4747 = ORIENTED_EDGE('',*,*,#4748,.T.);
#4748 = EDGE_CURVE('',#4639,#4749,#4751,.T.);
#4749 = VERTEX_POINT('',#4750);
#4750 = CARTESIAN_POINT('',(24.39323912581,0.,196.));
#4751 = SEAM_CURVE('',#4752,(#4756,#4763),.PCURVE_S1.);
#4752 = LINE('',#4753,#4754);
#4753 = CARTESIAN_POINT('',(24.649022738989,0.,193.83333333333));
#4754 = VECTOR('',#4755,1.);
#4755 = DIRECTION('',(-0.117239831537,0.,0.993103630998));
#4756 = PCURVE('',#4676,#4757);
#4757 = DEFINITIONAL_REPRESENTATION('',(#4758),#4762);
#4758 = LINE('',#4759,#4760);
#4759 = CARTESIAN_POINT('',(-0.,-0.));
#4760 = VECTOR('',#4761,1.);
#4761 = DIRECTION('',(-0.,-1.));
#4762 = ( GEOMETRIC_REPRESENTATION_CONTEXT(2) 
PARAMETRIC_REPRESENTATION_CONTEXT() REPRESENTATION_CONTEXT('2D SPACE',''
  ) );
#4763 = PCURVE('',#4676,#4764);
#4764 = DEFINITIONAL_REPRESENTATION('',(#4765),#4769);
#4765 = LINE('',#4766,#4767);
#4766 = CARTESIAN_POINT('',(-6.28318530718,-0.));
#4767 = VECTOR('',#4768,1.);
#4768 = DIRECTION('',(-0.,-1.));
#4769 = ( GEOMETRIC_REPRESENTATION_CONTEXT(2) 
PARAMETRIC_REPRESENTATION_CONTEXT() REPRESENTATION_CONTEXT('2D SPACE',''
  ) );
#4770 = ORIENTED_EDGE('',*,*,#4771,.F.);
#4771 = EDGE_CURVE('',#4749,#4749,#4772,.T.);
#4772 = SURFACE_CURVE('',#4773,(#4778,#4785),.PCURVE_S1.);
#4773 = CIRCLE('',#4774,24.39323912581);
#4774 = AXIS2_PLACEMENT_3D('',#4775,#4776,#4777);
#4775 = CARTESIAN_POINT('',(0.,0.,196.));
#4776 = DIRECTION('',(0.,0.,1.));
#4777 = DIRECTION('',(1.,0.,-0.));
#4778 = PCURVE('',#4676,#4779);
#4779 = DEFINITIONAL_REPRESENTATION('',(#4780),#4784);
#4780 = LINE('',#4781,#4782);
#4781 = CARTESIAN_POINT('',(-0.,-2.166666666667));
#4782 = VECTOR('',#4783,1.);
#4783 = DIRECTION('',(-1.,-0.));
#4784 = ( GEOMETRIC_REPRESENTATION_CONTEXT(2) 
PARAMETRIC_REPRESENTATION_CONTEXT() REPRESENTATION_CONTEXT('2D SPACE',''
  ) );
#4785 = PCURVE('',#4786,#4791);
#4786 = CONICAL_SURFACE('',#4787,24.39323912581,0.122402440038);
#4787 = AXIS2_PLACEMENT_3D('',#4788,#4789,#4790);
#4788 = CARTESIAN_POINT('',(0.,0.,196.));
#4789 = DIRECTION('',(-0.,-0.,-1.));
#4790 = DIRECTION('',(1.,0.,-0.));
#4791 = DEFINITIONAL_REPRESENTATION('',(#4792),#4796);
#4792 = LINE('',#4793,#4794);
#4793 = CARTESIAN_POINT('',(-0.,-0.));
#4794 = VECTOR('',#4795,1.);
#4795 = DIRECTION('',(-1.,-0.));
#4796 = ( GEOMETRIC_REPRESENTATION_CONTEXT(2) 
PARAMETRIC_REPRESENTATION_CONTEXT() REPRESENTATION_CONTEXT('2D SPACE',''
  ) );
#4797 = ORIENTED_EDGE('',*,*,#4748,.F.);
#4798 = ADVANCED_FACE('',(#4799),#4731,.T.);
#4799 = FACE_BOUND('',#4800,.T.);
#4800 = EDGE_LOOP('',(#4801,#4802,#4825,#4852));
#4801 = ORIENTED_EDGE('',*,*,#4716,.T.);
#4802 = ORIENTED_EDGE('',*,*,#4803,.T.);
#4803 = EDGE_CURVE('',#4694,#4804,#4806,.T.);
#4804 = VERTEX_POINT('',#4805);
#4805 = CARTESIAN_POINT('',(24.643589458778,0.,209.));
#4806 = SEAM_CURVE('',#4807,(#4811,#4818),.PCURVE_S1.);
#4807 = LINE('',#4808,#4809);
#4808 = CARTESIAN_POINT('',(24.959455574244,0.,206.83333333333));
#4809 = VECTOR('',#4810,1.);
#4810 = DIRECTION('',(-0.144259441969,0.,0.989539899854));
#4811 = PCURVE('',#4731,#4812);
#4812 = DEFINITIONAL_REPRESENTATION('',(#4813),#4817);
#4813 = LINE('',#4814,#4815);
#4814 = CARTESIAN_POINT('',(-0.,-0.));
#4815 = VECTOR('',#4816,1.);
#4816 = DIRECTION('',(-0.,-1.));
#4817 = ( GEOMETRIC_REPRESENTATION_CONTEXT(2) 
PARAMETRIC_REPRESENTATION_CONTEXT() REPRESENTATION_CONTEXT('2D SPACE',''
  ) );
#4818 = PCURVE('',#4731,#4819);
#4819 = DEFINITIONAL_REPRESENTATION('',(#4820),#4824);
#4820 = LINE('',#4821,#4822);
#4821 = CARTESIAN_POINT('',(-6.28318530718,-0.));
#4822 = VECTOR('',#4823,1.);
#4823 = DIRECTION('',(-0.,-1.));
#4824 = ( GEOMETRIC_REPRESENTATION_CONTEXT(2) 
PARAMETRIC_REPRESENTATION_CONTEXT() REPRESENTATION_CONTEXT('2D SPACE',''
  ) );
#4825 = ORIENTED_EDGE('',*,*,#4826,.F.);
#4826 = EDGE_CURVE('',#4804,#4804,#4827,.T.);
#4827 = SURFACE_CURVE('',#4828,(#4833,#4840),.PCURVE_S1.);
#4828 = CIRCLE('',#4829,24.643589458778);
#4829 = AXIS2_PLACEMENT_3D('',#4830,#4831,#4832);
#4830 = CARTESIAN_POINT('',(0.,0.,209.));
#4831 = DIRECTION('',(0.,0.,1.));
#4832 = DIRECTION('',(1.,0.,-0.));
#4833 = PCURVE('',#4731,#4834);
#4834 = DEFINITIONAL_REPRESENTATION('',(#4835),#4839);
#4835 = LINE('',#4836,#4837);
#4836 = CARTESIAN_POINT('',(-0.,-2.166666666667));
#4837 = VECTOR('',#4838,1.);
#4838 = DIRECTION('',(-1.,-0.));
#4839 = ( GEOMETRIC_REPRESENTATION_CONTEXT(2) 
PARAMETRIC_REPRESENTATION_CONTEXT() REPRESENTATION_CONTEXT('2D SPACE',''
  ) );
#4840 = PCURVE('',#4841,#4846);
#4841 = CONICAL_SURFACE('',#4842,24.643589458778,0.148946240666);
#4842 = AXIS2_PLACEMENT_3D('',#4843,#4844,#4845);
#4843 = CARTESIAN_POINT('',(0.,0.,209.));
#4844 = DIRECTION('',(-0.,-0.,-1.));
#4845 = DIRECTION('',(1.,0.,-0.));
#4846 = DEFINITIONAL_REPRESENTATION('',(#4847),#4851);
#4847 = LINE('',#4848,#4849);
#4848 = CARTESIAN_POINT('',(-0.,-0.));
#4849 = VECTOR('',#4850,1.);
#4850 = DIRECTION('',(-1.,-0.));
#4851 = ( GEOMETRIC_REPRESENTATION_CONTEXT(2) 
PARAMETRIC_REPRESENTATION_CONTEXT() REPRESENTATION_CONTEXT('2D SPACE',''
  ) );
#4852 = ORIENTED_EDGE('',*,*,#4803,.F.);
#4853 = ADVANCED_FACE('',(#4854),#4786,.F.);
#4854 = FACE_BOUND('',#4855,.F.);
#4855 = EDGE_LOOP('',(#4856,#4857,#4880,#4907));
#4856 = ORIENTED_EDGE('',*,*,#4771,.T.);
#4857 = ORIENTED_EDGE('',*,*,#4858,.T.);
#4858 = EDGE_CURVE('',#4749,#4859,#4861,.T.);
#4859 = VERTEX_POINT('',#4860);
#4860 = CARTESIAN_POINT('',(24.126701386389,0.,198.16666666666));
#4861 = SEAM_CURVE('',#4862,(#4866,#4873),.PCURVE_S1.);
#4862 = LINE('',#4863,#4864);
#4863 = CARTESIAN_POINT('',(24.39323912581,0.,196.));
#4864 = VECTOR('',#4865,1.);
#4865 = DIRECTION('',(-0.122097022739,0.,0.992518169626));
#4866 = PCURVE('',#4786,#4867);
#4867 = DEFINITIONAL_REPRESENTATION('',(#4868),#4872);
#4868 = LINE('',#4869,#4870);
#4869 = CARTESIAN_POINT('',(-0.,-0.));
#4870 = VECTOR('',#4871,1.);
#4871 = DIRECTION('',(-0.,-1.));
#4872 = ( GEOMETRIC_REPRESENTATION_CONTEXT(2) 
PARAMETRIC_REPRESENTATION_CONTEXT() REPRESENTATION_CONTEXT('2D SPACE',''
  ) );
#4873 = PCURVE('',#4786,#4874);
#4874 = DEFINITIONAL_REPRESENTATION('',(#4875),#4879);
#4875 = LINE('',#4876,#4877);
#4876 = CARTESIAN_POINT('',(-6.28318530718,-0.));
#4877 = VECTOR('',#4878,1.);
#4878 = DIRECTION('',(-0.,-1.));
#4879 = ( GEOMETRIC_REPRESENTATION_CONTEXT(2) 
PARAMETRIC_REPRESENTATION_CONTEXT() REPRESENTATION_CONTEXT('2D SPACE',''
  ) );
#4880 = ORIENTED_EDGE('',*,*,#4881,.F.);
#4881 = EDGE_CURVE('',#4859,#4859,#4882,.T.);
#4882 = SURFACE_CURVE('',#4883,(#4888,#4895),.PCURVE_S1.);
#4883 = CIRCLE('',#4884,24.126701386389);
#4884 = AXIS2_PLACEMENT_3D('',#4885,#4886,#4887);
#4885 = CARTESIAN_POINT('',(0.,0.,198.16666666666));
#4886 = DIRECTION('',(0.,0.,1.));
#4887 = DIRECTION('',(1.,0.,-0.));
#4888 = PCURVE('',#4786,#4889);
#4889 = DEFINITIONAL_REPRESENTATION('',(#4890),#4894);
#4890 = LINE('',#4891,#4892);
#4891 = CARTESIAN_POINT('',(-0.,-2.166666666667));
#4892 = VECTOR('',#4893,1.);
#4893 = DIRECTION('',(-1.,-0.));
#4894 = ( GEOMETRIC_REPRESENTATION_CONTEXT(2) 
PARAMETRIC_REPRESENTATION_CONTEXT() REPRESENTATION_CONTEXT('2D SPACE',''
  ) );
#4895 = PCURVE('',#4896,#4901);
#4896 = CONICAL_SURFACE('',#4897,24.126701386389,0.127125325975);
#4897 = AXIS2_PLACEMENT_3D('',#4898,#4899,#4900);
#4898 = CARTESIAN_POINT('',(0.,0.,198.16666666666));
#4899 = DIRECTION('',(-0.,-0.,-1.));
#4900 = DIRECTION('',(1.,0.,-0.));
#4901 = DEFINITIONAL_REPRESENTATION('',(#4902),#4906);
#4902 = LINE('',#4903,#4904);
#4903 = CARTESIAN_POINT('',(-0.,-0.));
#4904 = VECTOR('',#4905,1.);
#4905 = DIRECTION('',(-1.,-0.));
#4906 = ( GEOMETRIC_REPRESENTATION_CONTEXT(2) 
PARAMETRIC_REPRESENTATION_CONTEXT() REPRESENTATION_CONTEXT('2D SPACE',''
  ) );
#4907 = ORIENTED_EDGE('',*,*,#4858,.F.);
#4908 = ADVANCED_FACE('',(#4909),#4841,.T.);
#4909 = FACE_BOUND('',#4910,.T.);
#4910 = EDGE_LOOP('',(#4911,#4912,#4935,#4962));
#4911 = ORIENTED_EDGE('',*,*,#4826,.T.);
#4912 = ORIENTED_EDGE('',*,*,#4913,.T.);
#4913 = EDGE_CURVE('',#4804,#4914,#4916,.T.);
#4914 = VERTEX_POINT('',#4915);
#4915 = CARTESIAN_POINT('',(24.318464745149,0.,211.16666666666));
#4916 = SEAM_CURVE('',#4917,(#4921,#4928),.PCURVE_S1.);
#4917 = LINE('',#4918,#4919);
#4918 = CARTESIAN_POINT('',(24.643589458778,0.,209.));
#4919 = VECTOR('',#4920,1.);
#4920 = DIRECTION('',(-0.148396122945,0.,0.988928000764));
#4921 = PCURVE('',#4841,#4922);
#4922 = DEFINITIONAL_REPRESENTATION('',(#4923),#4927);
#4923 = LINE('',#4924,#4925);
#4924 = CARTESIAN_POINT('',(-0.,-0.));
#4925 = VECTOR('',#4926,1.);
#4926 = DIRECTION('',(-0.,-1.));
#4927 = ( GEOMETRIC_REPRESENTATION_CONTEXT(2) 
PARAMETRIC_REPRESENTATION_CONTEXT() REPRESENTATION_CONTEXT('2D SPACE',''
  ) );
#4928 = PCURVE('',#4841,#4929);
#4929 = DEFINITIONAL_REPRESENTATION('',(#4930),#4934);
#4930 = LINE('',#4931,#4932);
#4931 = CARTESIAN_POINT('',(-6.28318530718,-0.));
#4932 = VECTOR('',#4933,1.);
#4933 = DIRECTION('',(-0.,-1.));
#4934 = ( GEOMETRIC_REPRESENTATION_CONTEXT(2) 
PARAMETRIC_REPRESENTATION_CONTEXT() REPRESENTATION_CONTEXT('2D SPACE',''
  ) );
#4935 = ORIENTED_EDGE('',*,*,#4936,.F.);
#4936 = EDGE_CURVE('',#4914,#4914,#4937,.T.);
#4937 = SURFACE_CURVE('',#4938,(#4943,#4950),.PCURVE_S1.);
#4938 = CIRCLE('',#4939,24.318464745149);
#4939 = AXIS2_PLACEMENT_3D('',#4940,#4941,#4942);
#4940 = CARTESIAN_POINT('',(0.,0.,211.16666666666));
#4941 = DIRECTION('',(0.,0.,1.));
#4942 = DIRECTION('',(1.,0.,-0.));
#4943 = PCURVE('',#4841,#4944);
#4944 = DEFINITIONAL_REPRESENTATION('',(#4945),#4949);
#4945 = LINE('',#4946,#4947);
#4946 = CARTESIAN_POINT('',(-0.,-2.166666666667));
#4947 = VECTOR('',#4948,1.);
#4948 = DIRECTION('',(-1.,-0.));
#4949 = ( GEOMETRIC_REPRESENTATION_CONTEXT(2) 
PARAMETRIC_REPRESENTATION_CONTEXT() REPRESENTATION_CONTEXT('2D SPACE',''
  ) );
#4950 = PCURVE('',#4951,#4956);
#4951 = CONICAL_SURFACE('',#4952,24.318464745149,0.15306378382);
#4952 = AXIS2_PLACEMENT_3D('',#4953,#4954,#4955);
#4953 = CARTESIAN_POINT('',(0.,0.,211.16666666666));
#4954 = DIRECTION('',(-0.,-0.,-1.));
#4955 = DIRECTION('',(1.,0.,-0.));
#4956 = DEFINITIONAL_REPRESENTATION('',(#4957),#4961);
#4957 = LINE('',#4958,#4959);
#4958 = CARTESIAN_POINT('',(-0.,-0.));
#4959 = VECTOR('',#4960,1.);
#4960 = DIRECTION('',(-1.,-0.));
#4961 = ( GEOMETRIC_REPRESENTATION_CONTEXT(2) 
PARAMETRIC_REPRESENTATION_CONTEXT() REPRESENTATION_CONTEXT('2D SPACE',''
  ) );
#4962 = ORIENTED_EDGE('',*,*,#4913,.F.);
#4963 = ADVANCED_FACE('',(#4964),#4896,.F.);
#4964 = FACE_BOUND('',#4965,.F.);
#4965 = EDGE_LOOP('',(#4966,#4967,#4990,#5017));
#4966 = ORIENTED_EDGE('',*,*,#4881,.T.);
#4967 = ORIENTED_EDGE('',*,*,#4968,.T.);
#4968 = EDGE_CURVE('',#4859,#4969,#4971,.T.);
#4969 = VERTEX_POINT('',#4970);
#4970 = CARTESIAN_POINT('',(23.849769753642,0.,200.33333333333));
#4971 = SEAM_CURVE('',#4972,(#4976,#4983),.PCURVE_S1.);
#4972 = LINE('',#4973,#4974);
#4973 = CARTESIAN_POINT('',(24.126701386389,0.,198.16666666666));
#4974 = VECTOR('',#4975,1.);
#4975 = DIRECTION('',(-0.126783193694,0.,0.991930452097));
#4976 = PCURVE('',#4896,#4977);
#4977 = DEFINITIONAL_REPRESENTATION('',(#4978),#4982);
#4978 = LINE('',#4979,#4980);
#4979 = CARTESIAN_POINT('',(-0.,-0.));
#4980 = VECTOR('',#4981,1.);
#4981 = DIRECTION('',(-0.,-1.));
#4982 = ( GEOMETRIC_REPRESENTATION_CONTEXT(2) 
PARAMETRIC_REPRESENTATION_CONTEXT() REPRESENTATION_CONTEXT('2D SPACE',''
  ) );
#4983 = PCURVE('',#4896,#4984);
#4984 = DEFINITIONAL_REPRESENTATION('',(#4985),#4989);
#4985 = LINE('',#4986,#4987);
#4986 = CARTESIAN_POINT('',(-6.28318530718,-0.));
#4987 = VECTOR('',#4988,1.);
#4988 = DIRECTION('',(-0.,-1.));
#4989 = ( GEOMETRIC_REPRESENTATION_CONTEXT(2) 
PARAMETRIC_REPRESENTATION_CONTEXT() REPRESENTATION_CONTEXT('2D SPACE',''
  ) );
#4990 = ORIENTED_EDGE('',*,*,#4991,.F.);
#4991 = EDGE_CURVE('',#4969,#4969,#4992,.T.);
#4992 = SURFACE_CURVE('',#4993,(#4998,#5005),.PCURVE_S1.);
#4993 = CIRCLE('',#4994,23.849769753642);
#4994 = AXIS2_PLACEMENT_3D('',#4995,#4996,#4997);
#4995 = CARTESIAN_POINT('',(0.,0.,200.33333333333));
#4996 = DIRECTION('',(0.,0.,1.));
#4997 = DIRECTION('',(1.,0.,-0.));
#4998 = PCURVE('',#4896,#4999);
#4999 = DEFINITIONAL_REPRESENTATION('',(#5000),#5004);
#5000 = LINE('',#5001,#5002);
#5001 = CARTESIAN_POINT('',(-0.,-2.166666666667));
#5002 = VECTOR('',#5003,1.);
#5003 = DIRECTION('',(-1.,-0.));
#5004 = ( GEOMETRIC_REPRESENTATION_CONTEXT(2) 
PARAMETRIC_REPRESENTATION_CONTEXT() REPRESENTATION_CONTEXT('2D SPACE',''
  ) );
#5005 = PCURVE('',#5006,#5011);
#5006 = CONICAL_SURFACE('',#5007,23.849769753642,0.131703505768);
#5007 = AXIS2_PLACEMENT_3D('',#5008,#5009,#5010);
#5008 = CARTESIAN_POINT('',(0.,0.,200.33333333333));
#5009 = DIRECTION('',(-0.,-0.,-1.));
#5010 = DIRECTION('',(1.,0.,-0.));
#5011 = DEFINITIONAL_REPRESENTATION('',(#5012),#5016);
#5012 = LINE('',#5013,#5014);
#5013 = CARTESIAN_POINT('',(-0.,-0.));
#5014 = VECTOR('',#5015,1.);
#5015 = DIRECTION('',(-1.,-0.));
#5016 = ( GEOMETRIC_REPRESENTATION_CONTEXT(2) 
PARAMETRIC_REPRESENTATION_CONTEXT() REPRESENTATION_CONTEXT('2D SPACE',''
  ) );
#5017 = ORIENTED_EDGE('',*,*,#4968,.F.);
#5018 = ADVANCED_FACE('',(#5019),#4951,.T.);
#5019 = FACE_BOUND('',#5020,.T.);
#5020 = EDGE_LOOP('',(#5021,#5022,#5045,#5072));
#5021 = ORIENTED_EDGE('',*,*,#4936,.T.);
#5022 = ORIENTED_EDGE('',*,*,#5023,.T.);
#5023 = EDGE_CURVE('',#4914,#5024,#5026,.T.);
#5024 = VERTEX_POINT('',#5025);
#5025 = CARTESIAN_POINT('',(23.984212112269,0.,213.33333333333));
#5026 = SEAM_CURVE('',#5027,(#5031,#5038),.PCURVE_S1.);
#5027 = LINE('',#5028,#5029);
#5028 = CARTESIAN_POINT('',(24.318464745149,0.,211.16666666666));
#5029 = VECTOR('',#5030,1.);
#5030 = DIRECTION('',(-0.152466807194,0.,0.98830859184));
#5031 = PCURVE('',#4951,#5032);
#5032 = DEFINITIONAL_REPRESENTATION('',(#5033),#5037);
#5033 = LINE('',#5034,#5035);
#5034 = CARTESIAN_POINT('',(-0.,-0.));
#5035 = VECTOR('',#5036,1.);
#5036 = DIRECTION('',(-0.,-1.));
#5037 = ( GEOMETRIC_REPRESENTATION_CONTEXT(2) 
PARAMETRIC_REPRESENTATION_CONTEXT() REPRESENTATION_CONTEXT('2D SPACE',''
  ) );
#5038 = PCURVE('',#4951,#5039);
#5039 = DEFINITIONAL_REPRESENTATION('',(#5040),#5044);
#5040 = LINE('',#5041,#5042);
#5041 = CARTESIAN_POINT('',(-6.28318530718,-0.));
#5042 = VECTOR('',#5043,1.);
#5043 = DIRECTION('',(-0.,-1.));
#5044 = ( GEOMETRIC_REPRESENTATION_CONTEXT(2) 
PARAMETRIC_REPRESENTATION_CONTEXT() REPRESENTATION_CONTEXT('2D SPACE',''
  ) );
#5045 = ORIENTED_EDGE('',*,*,#5046,.F.);
#5046 = EDGE_CURVE('',#5024,#5024,#5047,.T.);
#5047 = SURFACE_CURVE('',#5048,(#5053,#5060),.PCURVE_S1.);
#5048 = CIRCLE('',#5049,23.984212112269);
#5049 = AXIS2_PLACEMENT_3D('',#5050,#5051,#5052);
#5050 = CARTESIAN_POINT('',(0.,0.,213.33333333333));
#5051 = DIRECTION('',(0.,0.,1.));
#5052 = DIRECTION('',(1.,0.,-0.));
#5053 = PCURVE('',#4951,#5054);
#5054 = DEFINITIONAL_REPRESENTATION('',(#5055),#5059);
#5055 = LINE('',#5056,#5057);
#5056 = CARTESIAN_POINT('',(-0.,-2.166666666667));
#5057 = VECTOR('',#5058,1.);
#5058 = DIRECTION('',(-1.,-0.));
#5059 = ( GEOMETRIC_REPRESENTATION_CONTEXT(2) 
PARAMETRIC_REPRESENTATION_CONTEXT() REPRESENTATION_CONTEXT('2D SPACE',''
  ) );
#5060 = PCURVE('',#5061,#5066);
#5061 = CONICAL_SURFACE('',#5062,23.984212112269,0.157128380999);
#5062 = AXIS2_PLACEMENT_3D('',#5063,#5064,#5065);
#5063 = CARTESIAN_POINT('',(0.,0.,213.33333333333));
#5064 = DIRECTION('',(-0.,-0.,-1.));
#5065 = DIRECTION('',(1.,0.,-0.));
#5066 = DEFINITIONAL_REPRESENTATION('',(#5067),#5071);
#5067 = LINE('',#5068,#5069);
#5068 = CARTESIAN_POINT('',(-0.,-0.));
#5069 = VECTOR('',#5070,1.);
#5070 = DIRECTION('',(-1.,-0.));
#5071 = ( GEOMETRIC_REPRESENTATION_CONTEXT(2) 
PARAMETRIC_REPRESENTATION_CONTEXT() REPRESENTATION_CONTEXT('2D SPACE',''
  ) );
#5072 = ORIENTED_EDGE('',*,*,#5023,.F.);
#5073 = ADVANCED_FACE('',(#5074),#5006,.F.);
#5074 = FACE_BOUND('',#5075,.F.);
#5075 = EDGE_LOOP('',(#5076,#5077,#5100,#5127));
#5076 = ORIENTED_EDGE('',*,*,#4991,.T.);
#5077 = ORIENTED_EDGE('',*,*,#5078,.T.);
#5078 = EDGE_CURVE('',#4969,#5079,#5081,.T.);
#5079 = VERTEX_POINT('',#5080);
#5080 = CARTESIAN_POINT('',(23.562750709315,0.,202.5));
#5081 = SEAM_CURVE('',#5082,(#5086,#5093),.PCURVE_S1.);
#5082 = LINE('',#5083,#5084);
#5083 = CARTESIAN_POINT('',(23.849769753642,0.,200.33333333333));
#5084 = VECTOR('',#5085,1.);
#5085 = DIRECTION('',(-0.131323085113,0.,0.99133962259));
#5086 = PCURVE('',#5006,#5087);
#5087 = DEFINITIONAL_REPRESENTATION('',(#5088),#5092);
#5088 = LINE('',#5089,#5090);
#5089 = CARTESIAN_POINT('',(-0.,-0.));
#5090 = VECTOR('',#5091,1.);
#5091 = DIRECTION('',(-0.,-1.));
#5092 = ( GEOMETRIC_REPRESENTATION_CONTEXT(2) 
PARAMETRIC_REPRESENTATION_CONTEXT() REPRESENTATION_CONTEXT('2D SPACE',''
  ) );
#5093 = PCURVE('',#5006,#5094);
#5094 = DEFINITIONAL_REPRESENTATION('',(#5095),#5099);
#5095 = LINE('',#5096,#5097);
#5096 = CARTESIAN_POINT('',(-6.28318530718,-0.));
#5097 = VECTOR('',#5098,1.);
#5098 = DIRECTION('',(-0.,-1.));
#5099 = ( GEOMETRIC_REPRESENTATION_CONTEXT(2) 
PARAMETRIC_REPRESENTATION_CONTEXT() REPRESENTATION_CONTEXT('2D SPACE',''
  ) );
#5100 = ORIENTED_EDGE('',*,*,#5101,.F.);
#5101 = EDGE_CURVE('',#5079,#5079,#5102,.T.);
#5102 = SURFACE_CURVE('',#5103,(#5108,#5115),.PCURVE_S1.);
#5103 = CIRCLE('',#5104,23.562750709315);
#5104 = AXIS2_PLACEMENT_3D('',#5105,#5106,#5107);
#5105 = CARTESIAN_POINT('',(0.,0.,202.5));
#5106 = DIRECTION('',(0.,0.,1.));
#5107 = DIRECTION('',(1.,0.,-0.));
#5108 = PCURVE('',#5006,#5109);
#5109 = DEFINITIONAL_REPRESENTATION('',(#5110),#5114);
#5110 = LINE('',#5111,#5112);
#5111 = CARTESIAN_POINT('',(-0.,-2.166666666667));
#5112 = VECTOR('',#5113,1.);
#5113 = DIRECTION('',(-1.,-0.));
#5114 = ( GEOMETRIC_REPRESENTATION_CONTEXT(2) 
PARAMETRIC_REPRESENTATION_CONTEXT() REPRESENTATION_CONTEXT('2D SPACE',''
  ) );
#5115 = PCURVE('',#5116,#5121);
#5116 = CONICAL_SURFACE('',#5117,23.562750709315,0.136157873828);
#5117 = AXIS2_PLACEMENT_3D('',#5118,#5119,#5120);
#5118 = CARTESIAN_POINT('',(0.,0.,202.5));
#5119 = DIRECTION('',(-0.,-0.,-1.));
#5120 = DIRECTION('',(1.,0.,-0.));
#5121 = DEFINITIONAL_REPRESENTATION('',(#5122),#5126);
#5122 = LINE('',#5123,#5124);
#5123 = CARTESIAN_POINT('',(-0.,-0.));
#5124 = VECTOR('',#5125,1.);
#5125 = DIRECTION('',(-1.,-0.));
#5126 = ( GEOMETRIC_REPRESENTATION_CONTEXT(2) 
PARAMETRIC_REPRESENTATION_CONTEXT() REPRESENTATION_CONTEXT('2D SPACE',''
  ) );
#5127 = ORIENTED_EDGE('',*,*,#5078,.F.);
#5128 = ADVANCED_FACE('',(#5129),#5061,.T.);
#5129 = FACE_BOUND('',#5130,.T.);
#5130 = EDGE_LOOP('',(#5131,#5132,#5155,#5182));
#5131 = ORIENTED_EDGE('',*,*,#5046,.T.);
#5132 = ORIENTED_EDGE('',*,*,#5133,.T.);
#5133 = EDGE_CURVE('',#5024,#5134,#5136,.T.);
#5134 = VERTEX_POINT('',#5135);
#5135 = CARTESIAN_POINT('',(23.640937553126,0.,215.5));
#5136 = SEAM_CURVE('',#5137,(#5141,#5148),.PCURVE_S1.);
#5137 = LINE('',#5138,#5139);
#5138 = CARTESIAN_POINT('',(23.984212112269,0.,213.33333333333));
#5139 = VECTOR('',#5140,1.);
#5140 = DIRECTION('',(-0.156482613001,0.,0.987680713504));
#5141 = PCURVE('',#5061,#5142);
#5142 = DEFINITIONAL_REPRESENTATION('',(#5143),#5147);
#5143 = LINE('',#5144,#5145);
#5144 = CARTESIAN_POINT('',(-0.,-0.));
#5145 = VECTOR('',#5146,1.);
#5146 = DIRECTION('',(-0.,-1.));
#5147 = ( GEOMETRIC_REPRESENTATION_CONTEXT(2) 
PARAMETRIC_REPRESENTATION_CONTEXT() REPRESENTATION_CONTEXT('2D SPACE',''
  ) );
#5148 = PCURVE('',#5061,#5149);
#5149 = DEFINITIONAL_REPRESENTATION('',(#5150),#5154);
#5150 = LINE('',#5151,#5152);
#5151 = CARTESIAN_POINT('',(-6.28318530718,-0.));
#5152 = VECTOR('',#5153,1.);
#5153 = DIRECTION('',(-0.,-1.));
#5154 = ( GEOMETRIC_REPRESENTATION_CONTEXT(2) 
PARAMETRIC_REPRESENTATION_CONTEXT() REPRESENTATION_CONTEXT('2D SPACE',''
  ) );
#5155 = ORIENTED_EDGE('',*,*,#5156,.F.);
#5156 = EDGE_CURVE('',#5134,#5134,#5157,.T.);
#5157 = SURFACE_CURVE('',#5158,(#5163,#5170),.PCURVE_S1.);
#5158 = CIRCLE('',#5159,23.640937553126);
#5159 = AXIS2_PLACEMENT_3D('',#5160,#5161,#5162);
#5160 = CARTESIAN_POINT('',(0.,0.,215.5));
#5161 = DIRECTION('',(0.,0.,1.));
#5162 = DIRECTION('',(1.,0.,-0.));
#5163 = PCURVE('',#5061,#5164);
#5164 = DEFINITIONAL_REPRESENTATION('',(#5165),#5169);
#5165 = LINE('',#5166,#5167);
#5166 = CARTESIAN_POINT('',(-0.,-2.166666666667));
#5167 = VECTOR('',#5168,1.);
#5168 = DIRECTION('',(-1.,-0.));
#5169 = ( GEOMETRIC_REPRESENTATION_CONTEXT(2) 
PARAMETRIC_REPRESENTATION_CONTEXT() REPRESENTATION_CONTEXT('2D SPACE',''
  ) );
#5170 = PCURVE('',#5171,#5176);
#5171 = CONICAL_SURFACE('',#5172,23.640937553126,0.161150338313);
#5172 = AXIS2_PLACEMENT_3D('',#5173,#5174,#5175);
#5173 = CARTESIAN_POINT('',(0.,0.,215.5));
#5174 = DIRECTION('',(-0.,-0.,-1.));
#5175 = DIRECTION('',(1.,0.,-0.));
#5176 = DEFINITIONAL_REPRESENTATION('',(#5177),#5181);
#5177 = LINE('',#5178,#5179);
#5178 = CARTESIAN_POINT('',(-0.,-0.));
#5179 = VECTOR('',#5180,1.);
#5180 = DIRECTION('',(-1.,-0.));
#5181 = ( GEOMETRIC_REPRESENTATION_CONTEXT(2) 
PARAMETRIC_REPRESENTATION_CONTEXT() REPRESENTATION_CONTEXT('2D SPACE',''
  ) );
#5182 = ORIENTED_EDGE('',*,*,#5133,.F.);
#5183 = ADVANCED_FACE('',(#5184),#5116,.F.);
#5184 = FACE_BOUND('',#5185,.F.);
#5185 = EDGE_LOOP('',(#5186,#5187,#5210,#5237));
#5186 = ORIENTED_EDGE('',*,*,#5101,.T.);
#5187 = ORIENTED_EDGE('',*,*,#5188,.T.);
#5188 = EDGE_CURVE('',#5079,#5189,#5191,.T.);
#5189 = VERTEX_POINT('',#5190);
#5190 = CARTESIAN_POINT('',(23.265905309162,0.,204.66666666666));
#5191 = SEAM_CURVE('',#5192,(#5196,#5203),.PCURVE_S1.);
#5192 = LINE('',#5193,#5194);
#5193 = CARTESIAN_POINT('',(23.562750709315,0.,202.5));
#5194 = VECTOR('',#5195,1.);
#5195 = DIRECTION('',(-0.135737559248,0.,0.990744828404));
#5196 = PCURVE('',#5116,#5197);
#5197 = DEFINITIONAL_REPRESENTATION('',(#5198),#5202);
#5198 = LINE('',#5199,#5200);
#5199 = CARTESIAN_POINT('',(-0.,-0.));
#5200 = VECTOR('',#5201,1.);
#5201 = DIRECTION('',(-0.,-1.));
#5202 = ( GEOMETRIC_REPRESENTATION_CONTEXT(2) 
PARAMETRIC_REPRESENTATION_CONTEXT() REPRESENTATION_CONTEXT('2D SPACE',''
  ) );
#5203 = PCURVE('',#5116,#5204);
#5204 = DEFINITIONAL_REPRESENTATION('',(#5205),#5209);
#5205 = LINE('',#5206,#5207);
#5206 = CARTESIAN_POINT('',(-6.28318530718,-0.));
#5207 = VECTOR('',#5208,1.);
#5208 = DIRECTION('',(-0.,-1.));
#5209 = ( GEOMETRIC_REPRESENTATION_CONTEXT(2) 
PARAMETRIC_REPRESENTATION_CONTEXT() REPRESENTATION_CONTEXT('2D SPACE',''
  ) );
#5210 = ORIENTED_EDGE('',*,*,#5211,.F.);
#5211 = EDGE_CURVE('',#5189,#5189,#5212,.T.);
#5212 = SURFACE_CURVE('',#5213,(#5218,#5225),.PCURVE_S1.);
#5213 = CIRCLE('',#5214,23.265905309162);
#5214 = AXIS2_PLACEMENT_3D('',#5215,#5216,#5217);
#5215 = CARTESIAN_POINT('',(0.,0.,204.66666666666));
#5216 = DIRECTION('',(0.,0.,1.));
#5217 = DIRECTION('',(1.,0.,-0.));
#5218 = PCURVE('',#5116,#5219);
#5219 = DEFINITIONAL_REPRESENTATION('',(#5220),#5224);
#5220 = LINE('',#5221,#5222);
#5221 = CARTESIAN_POINT('',(-0.,-2.166666666667));
#5222 = VECTOR('',#5223,1.);
#5223 = DIRECTION('',(-1.,-0.));
#5224 = ( GEOMETRIC_REPRESENTATION_CONTEXT(2) 
PARAMETRIC_REPRESENTATION_CONTEXT() REPRESENTATION_CONTEXT('2D SPACE',''
  ) );
#5225 = PCURVE('',#5226,#5231);
#5226 = CONICAL_SURFACE('',#5227,23.265905309162,0.140506351671);
#5227 = AXIS2_PLACEMENT_3D('',#5228,#5229,#5230);
#5228 = CARTESIAN_POINT('',(0.,0.,204.66666666666));
#5229 = DIRECTION('',(-0.,-0.,-1.));
#5230 = DIRECTION('',(1.,0.,-0.));
#5231 = DEFINITIONAL_REPRESENTATION('',(#5232),#5236);
#5232 = LINE('',#5233,#5234);
#5233 = CARTESIAN_POINT('',(-0.,-0.));
#5234 = VECTOR('',#5235,1.);
#5235 = DIRECTION('',(-1.,-0.));
#5236 = ( GEOMETRIC_REPRESENTATION_CONTEXT(2) 
PARAMETRIC_REPRESENTATION_CONTEXT() REPRESENTATION_CONTEXT('2D SPACE',''
  ) );
#5237 = ORIENTED_EDGE('',*,*,#5188,.F.);
#5238 = ADVANCED_FACE('',(#5239),#5171,.T.);
#5239 = FACE_BOUND('',#5240,.T.);
#5240 = EDGE_LOOP('',(#5241,#5242,#5265,#5292));
#5241 = ORIENTED_EDGE('',*,*,#5156,.T.);
#5242 = ORIENTED_EDGE('',*,*,#5243,.T.);
#5243 = EDGE_CURVE('',#5134,#5244,#5246,.T.);
#5244 = VERTEX_POINT('',#5245);
#5245 = CARTESIAN_POINT('',(23.288724268842,0.,217.66666666666));
#5246 = SEAM_CURVE('',#5247,(#5251,#5258),.PCURVE_S1.);
#5247 = LINE('',#5248,#5249);
#5248 = CARTESIAN_POINT('',(23.640937553126,0.,215.5));
#5249 = VECTOR('',#5250,1.);
#5250 = DIRECTION('',(-0.16045374632,0.,0.987043360391));
#5251 = PCURVE('',#5171,#5252);
#5252 = DEFINITIONAL_REPRESENTATION('',(#5253),#5257);
#5253 = LINE('',#5254,#5255);
#5254 = CARTESIAN_POINT('',(-0.,-0.));
#5255 = VECTOR('',#5256,1.);
#5256 = DIRECTION('',(-0.,-1.));
#5257 = ( GEOMETRIC_REPRESENTATION_CONTEXT(2) 
PARAMETRIC_REPRESENTATION_CONTEXT() REPRESENTATION_CONTEXT('2D SPACE',''
  ) );
#5258 = PCURVE('',#5171,#5259);
#5259 = DEFINITIONAL_REPRESENTATION('',(#5260),#5264);
#5260 = LINE('',#5261,#5262);
#5261 = CARTESIAN_POINT('',(-6.28318530718,-0.));
#5262 = VECTOR('',#5263,1.);
#5263 = DIRECTION('',(-0.,-1.));
#5264 = ( GEOMETRIC_REPRESENTATION_CONTEXT(2) 
PARAMETRIC_REPRESENTATION_CONTEXT() REPRESENTATION_CONTEXT('2D SPACE',''
  ) );
#5265 = ORIENTED_EDGE('',*,*,#5266,.F.);
#5266 = EDGE_CURVE('',#5244,#5244,#5267,.T.);
#5267 = SURFACE_CURVE('',#5268,(#5273,#5280),.PCURVE_S1.);
#5268 = CIRCLE('',#5269,23.288724268842);
#5269 = AXIS2_PLACEMENT_3D('',#5270,#5271,#5272);
#5270 = CARTESIAN_POINT('',(0.,0.,217.66666666666));
#5271 = DIRECTION('',(0.,0.,1.));
#5272 = DIRECTION('',(1.,0.,-0.));
#5273 = PCURVE('',#5171,#5274);
#5274 = DEFINITIONAL_REPRESENTATION('',(#5275),#5279);
#5275 = LINE('',#5276,#5277);
#5276 = CARTESIAN_POINT('',(-0.,-2.166666666667));
#5277 = VECTOR('',#5278,1.);
#5278 = DIRECTION('',(-1.,-0.));
#5279 = ( GEOMETRIC_REPRESENTATION_CONTEXT(2) 
PARAMETRIC_REPRESENTATION_CONTEXT() REPRESENTATION_CONTEXT('2D SPACE',''
  ) );
#5280 = PCURVE('',#5281,#5286);
#5281 = CONICAL_SURFACE('',#5282,23.288724268842,0.165139258526);
#5282 = AXIS2_PLACEMENT_3D('',#5283,#5284,#5285);
#5283 = CARTESIAN_POINT('',(0.,0.,217.66666666666));
#5284 = DIRECTION('',(-0.,-0.,-1.));
#5285 = DIRECTION('',(1.,0.,-0.));
#5286 = DEFINITIONAL_REPRESENTATION('',(#5287),#5291);
#5287 = LINE('',#5288,#5289);
#5288 = CARTESIAN_POINT('',(-0.,-0.));
#5289 = VECTOR('',#5290,1.);
#5290 = DIRECTION('',(-1.,-0.));
#5291 = ( GEOMETRIC_REPRESENTATION_CONTEXT(2) 
PARAMETRIC_REPRESENTATION_CONTEXT() REPRESENTATION_CONTEXT('2D SPACE',''
  ) );
#5292 = ORIENTED_EDGE('',*,*,#5243,.F.);
#5293 = ADVANCED_FACE('',(#5294),#5226,.F.);
#5294 = FACE_BOUND('',#5295,.F.);
#5295 = EDGE_LOOP('',(#5296,#5297,#5320,#5347));
#5296 = ORIENTED_EDGE('',*,*,#5211,.T.);
#5297 = ORIENTED_EDGE('',*,*,#5298,.T.);
#5298 = EDGE_CURVE('',#5189,#5299,#5301,.T.);
#5299 = VERTEX_POINT('',#5300);
#5300 = CARTESIAN_POINT('',(22.959455574244,0.,206.83333333333));
#5301 = SEAM_CURVE('',#5302,(#5306,#5313),.PCURVE_S1.);
#5302 = LINE('',#5303,#5304);
#5303 = CARTESIAN_POINT('',(23.265905309162,0.,204.66666666666));
#5304 = VECTOR('',#5305,1.);
#5305 = DIRECTION('',(-0.140044494258,0.,0.990145211385));
#5306 = PCURVE('',#5226,#5307);
#5307 = DEFINITIONAL_REPRESENTATION('',(#5308),#5312);
#5308 = LINE('',#5309,#5310);
#5309 = CARTESIAN_POINT('',(-0.,-0.));
#5310 = VECTOR('',#5311,1.);
#5311 = DIRECTION('',(-0.,-1.));
#5312 = ( GEOMETRIC_REPRESENTATION_CONTEXT(2) 
PARAMETRIC_REPRESENTATION_CONTEXT() REPRESENTATION_CONTEXT('2D SPACE',''
  ) );
#5313 = PCURVE('',#5226,#5314);
#5314 = DEFINITIONAL_REPRESENTATION('',(#5315),#5319);
#5315 = LINE('',#5316,#5317);
#5316 = CARTESIAN_POINT('',(-6.28318530718,-0.));
#5317 = VECTOR('',#5318,1.);
#5318 = DIRECTION('',(-0.,-1.));
#5319 = ( GEOMETRIC_REPRESENTATION_CONTEXT(2) 
PARAMETRIC_REPRESENTATION_CONTEXT() REPRESENTATION_CONTEXT('2D SPACE',''
  ) );
#5320 = ORIENTED_EDGE('',*,*,#5321,.F.);
#5321 = EDGE_CURVE('',#5299,#5299,#5322,.T.);
#5322 = SURFACE_CURVE('',#5323,(#5328,#5335),.PCURVE_S1.);
#5323 = CIRCLE('',#5324,22.959455574244);
#5324 = AXIS2_PLACEMENT_3D('',#5325,#5326,#5327);
#5325 = CARTESIAN_POINT('',(0.,0.,206.83333333333));
#5326 = DIRECTION('',(0.,0.,1.));
#5327 = DIRECTION('',(1.,0.,-0.));
#5328 = PCURVE('',#5226,#5329);
#5329 = DEFINITIONAL_REPRESENTATION('',(#5330),#5334);
#5330 = LINE('',#5331,#5332);
#5331 = CARTESIAN_POINT('',(-0.,-2.166666666667));
#5332 = VECTOR('',#5333,1.);
#5333 = DIRECTION('',(-1.,-0.));
#5334 = ( GEOMETRIC_REPRESENTATION_CONTEXT(2) 
PARAMETRIC_REPRESENTATION_CONTEXT() REPRESENTATION_CONTEXT('2D SPACE',''
  ) );
#5335 = PCURVE('',#5336,#5341);
#5336 = CONICAL_SURFACE('',#5337,22.959455574244,0.144764545379);
#5337 = AXIS2_PLACEMENT_3D('',#5338,#5339,#5340);
#5338 = CARTESIAN_POINT('',(0.,0.,206.83333333333));
#5339 = DIRECTION('',(-0.,-0.,-1.));
#5340 = DIRECTION('',(1.,0.,-0.));
#5341 = DEFINITIONAL_REPRESENTATION('',(#5342),#5346);
#5342 = LINE('',#5343,#5344);
#5343 = CARTESIAN_POINT('',(-0.,-0.));
#5344 = VECTOR('',#5345,1.);
#5345 = DIRECTION('',(-1.,-0.));
#5346 = ( GEOMETRIC_REPRESENTATION_CONTEXT(2) 
PARAMETRIC_REPRESENTATION_CONTEXT() REPRESENTATION_CONTEXT('2D SPACE',''
  ) );
#5347 = ORIENTED_EDGE('',*,*,#5298,.F.);
#5348 = ADVANCED_FACE('',(#5349),#5281,.T.);
#5349 = FACE_BOUND('',#5350,.T.);
#5350 = EDGE_LOOP('',(#5351,#5352,#5375,#5402));
#5351 = ORIENTED_EDGE('',*,*,#5266,.T.);
#5352 = ORIENTED_EDGE('',*,*,#5353,.T.);
#5353 = EDGE_CURVE('',#5244,#5354,#5356,.T.);
#5354 = VERTEX_POINT('',#5355);
#5355 = CARTESIAN_POINT('',(22.927634132168,0.,219.83333333333));
#5356 = SEAM_CURVE('',#5357,(#5361,#5368),.PCURVE_S1.);
#5357 = LINE('',#5358,#5359);
#5358 = CARTESIAN_POINT('',(23.288724268842,0.,217.66666666666));
#5359 = VECTOR('',#5360,1.);
#5360 = DIRECTION('',(-0.164389696563,0.,0.986395472244));
#5361 = PCURVE('',#5281,#5362);
#5362 = DEFINITIONAL_REPRESENTATION('',(#5363),#5367);
#5363 = LINE('',#5364,#5365);
#5364 = CARTESIAN_POINT('',(-0.,-0.));
#5365 = VECTOR('',#5366,1.);
#5366 = DIRECTION('',(-0.,-1.));
#5367 = ( GEOMETRIC_REPRESENTATION_CONTEXT(2) 
PARAMETRIC_REPRESENTATION_CONTEXT() REPRESENTATION_CONTEXT('2D SPACE',''
  ) );
#5368 = PCURVE('',#5281,#5369);
#5369 = DEFINITIONAL_REPRESENTATION('',(#5370),#5374);
#5370 = LINE('',#5371,#5372);
#5371 = CARTESIAN_POINT('',(-6.28318530718,-0.));
#5372 = VECTOR('',#5373,1.);
#5373 = DIRECTION('',(-0.,-1.));
#5374 = ( GEOMETRIC_REPRESENTATION_CONTEXT(2) 
PARAMETRIC_REPRESENTATION_CONTEXT() REPRESENTATION_CONTEXT('2D SPACE',''
  ) );
#5375 = ORIENTED_EDGE('',*,*,#5376,.F.);
#5376 = EDGE_CURVE('',#5354,#5354,#5377,.T.);
#5377 = SURFACE_CURVE('',#5378,(#5383,#5390),.PCURVE_S1.);
#5378 = CIRCLE('',#5379,22.927634132168);
#5379 = AXIS2_PLACEMENT_3D('',#5380,#5381,#5382);
#5380 = CARTESIAN_POINT('',(0.,0.,219.83333333333));
#5381 = DIRECTION('',(0.,0.,1.));
#5382 = DIRECTION('',(1.,0.,-0.));
#5383 = PCURVE('',#5281,#5384);
#5384 = DEFINITIONAL_REPRESENTATION('',(#5385),#5389);
#5385 = LINE('',#5386,#5387);
#5386 = CARTESIAN_POINT('',(-0.,-2.166666666667));
#5387 = VECTOR('',#5388,1.);
#5388 = DIRECTION('',(-1.,-0.));
#5389 = ( GEOMETRIC_REPRESENTATION_CONTEXT(2) 
PARAMETRIC_REPRESENTATION_CONTEXT() REPRESENTATION_CONTEXT('2D SPACE',''
  ) );
#5390 = PCURVE('',#5391,#5396);
#5391 = CONICAL_SURFACE('',#5392,22.927634132168,0.169104205893);
#5392 = AXIS2_PLACEMENT_3D('',#5393,#5394,#5395);
#5393 = CARTESIAN_POINT('',(0.,0.,219.83333333333));
#5394 = DIRECTION('',(-0.,-0.,-1.));
#5395 = DIRECTION('',(1.,0.,-0.));
#5396 = DEFINITIONAL_REPRESENTATION('',(#5397),#5401);
#5397 = LINE('',#5398,#5399);
#5398 = CARTESIAN_POINT('',(-0.,-0.));
#5399 = VECTOR('',#5400,1.);
#5400 = DIRECTION('',(-1.,-0.));
#5401 = ( GEOMETRIC_REPRESENTATION_CONTEXT(2) 
PARAMETRIC_REPRESENTATION_CONTEXT() REPRESENTATION_CONTEXT('2D SPACE',''
  ) );
#5402 = ORIENTED_EDGE('',*,*,#5353,.F.);
#5403 = ADVANCED_FACE('',(#5404),#5336,.F.);
#5404 = FACE_BOUND('',#5405,.F.);
#5405 = EDGE_LOOP('',(#5406,#5407,#5430,#5457));
#5406 = ORIENTED_EDGE('',*,*,#5321,.T.);
#5407 = ORIENTED_EDGE('',*,*,#5408,.T.);
#5408 = EDGE_CURVE('',#5299,#5409,#5411,.T.);
#5409 = VERTEX_POINT('',#5410);
#5410 = CARTESIAN_POINT('',(22.643589458778,0.,209.));
#5411 = SEAM_CURVE('',#5412,(#5416,#5423),.PCURVE_S1.);
#5412 = LINE('',#5413,#5414);
#5413 = CARTESIAN_POINT('',(22.959455574244,0.,206.83333333333));
#5414 = VECTOR('',#5415,1.);
#5415 = DIRECTION('',(-0.144259441969,0.,0.989539899854));
#5416 = PCURVE('',#5336,#5417);
#5417 = DEFINITIONAL_REPRESENTATION('',(#5418),#5422);
#5418 = LINE('',#5419,#5420);
#5419 = CARTESIAN_POINT('',(-0.,-0.));
#5420 = VECTOR('',#5421,1.);
#5421 = DIRECTION('',(-0.,-1.));
#5422 = ( GEOMETRIC_REPRESENTATION_CONTEXT(2) 
PARAMETRIC_REPRESENTATION_CONTEXT() REPRESENTATION_CONTEXT('2D SPACE',''
  ) );
#5423 = PCURVE('',#5336,#5424);
#5424 = DEFINITIONAL_REPRESENTATION('',(#5425),#5429);
#5425 = LINE('',#5426,#5427);
#5426 = CARTESIAN_POINT('',(-6.28318530718,-0.));
#5427 = VECTOR('',#5428,1.);
#5428 = DIRECTION('',(-0.,-1.));
#5429 = ( GEOMETRIC_REPRESENTATION_CONTEXT(2) 
PARAMETRIC_REPRESENTATION_CONTEXT() REPRESENTATION_CONTEXT('2D SPACE',''
  ) );
#5430 = ORIENTED_EDGE('',*,*,#5431,.F.);
#5431 = EDGE_CURVE('',#5409,#5409,#5432,.T.);
#5432 = SURFACE_CURVE('',#5433,(#5438,#5445),.PCURVE_S1.);
#5433 = CIRCLE('',#5434,22.643589458778);
#5434 = AXIS2_PLACEMENT_3D('',#5435,#5436,#5437);
#5435 = CARTESIAN_POINT('',(0.,0.,209.));
#5436 = DIRECTION('',(0.,0.,1.));
#5437 = DIRECTION('',(1.,0.,-0.));
#5438 = PCURVE('',#5336,#5439);
#5439 = DEFINITIONAL_REPRESENTATION('',(#5440),#5444);
#5440 = LINE('',#5441,#5442);
#5441 = CARTESIAN_POINT('',(-0.,-2.166666666667));
#5442 = VECTOR('',#5443,1.);
#5443 = DIRECTION('',(-1.,-0.));
#5444 = ( GEOMETRIC_REPRESENTATION_CONTEXT(2) 
PARAMETRIC_REPRESENTATION_CONTEXT() REPRESENTATION_CONTEXT('2D SPACE',''
  ) );
#5445 = PCURVE('',#5446,#5451);
#5446 = CONICAL_SURFACE('',#5447,22.643589458778,0.148946240666);
#5447 = AXIS2_PLACEMENT_3D('',#5448,#5449,#5450);
#5448 = CARTESIAN_POINT('',(0.,0.,209.));
#5449 = DIRECTION('',(-0.,-0.,-1.));
#5450 = DIRECTION('',(1.,0.,-0.));
#5451 = DEFINITIONAL_REPRESENTATION('',(#5452),#5456);
#5452 = LINE('',#5453,#5454);
#5453 = CARTESIAN_POINT('',(-0.,-0.));
#5454 = VECTOR('',#5455,1.);
#5455 = DIRECTION('',(-1.,-0.));
#5456 = ( GEOMETRIC_REPRESENTATION_CONTEXT(2) 
PARAMETRIC_REPRESENTATION_CONTEXT() REPRESENTATION_CONTEXT('2D SPACE',''
  ) );
#5457 = ORIENTED_EDGE('',*,*,#5408,.F.);
#5458 = ADVANCED_FACE('',(#5459),#5391,.T.);
#5459 = FACE_BOUND('',#5460,.T.);
#5460 = EDGE_LOOP('',(#5461,#5462,#5485,#5512));
#5461 = ORIENTED_EDGE('',*,*,#5376,.T.);
#5462 = ORIENTED_EDGE('',*,*,#5463,.T.);
#5463 = EDGE_CURVE('',#5354,#5464,#5466,.T.);
#5464 = VERTEX_POINT('',#5465);
#5465 = CARTESIAN_POINT('',(22.557708788344,0.,222.));
#5466 = SEAM_CURVE('',#5467,(#5471,#5478),.PCURVE_S1.);
#5467 = LINE('',#5468,#5469);
#5468 = CARTESIAN_POINT('',(22.927634132168,0.,219.83333333333));
#5469 = VECTOR('',#5470,1.);
#5470 = DIRECTION('',(-0.168299400279,0.,0.985735924001));
#5471 = PCURVE('',#5391,#5472);
#5472 = DEFINITIONAL_REPRESENTATION('',(#5473),#5477);
#5473 = LINE('',#5474,#5475);
#5474 = CARTESIAN_POINT('',(-0.,-0.));
#5475 = VECTOR('',#5476,1.);
#5476 = DIRECTION('',(-0.,-1.));
#5477 = ( GEOMETRIC_REPRESENTATION_CONTEXT(2) 
PARAMETRIC_REPRESENTATION_CONTEXT() REPRESENTATION_CONTEXT('2D SPACE',''
  ) );
#5478 = PCURVE('',#5391,#5479);
#5479 = DEFINITIONAL_REPRESENTATION('',(#5480),#5484);
#5480 = LINE('',#5481,#5482);
#5481 = CARTESIAN_POINT('',(-6.28318530718,-0.));
#5482 = VECTOR('',#5483,1.);
#5483 = DIRECTION('',(-0.,-1.));
#5484 = ( GEOMETRIC_REPRESENTATION_CONTEXT(2) 
PARAMETRIC_REPRESENTATION_CONTEXT() REPRESENTATION_CONTEXT('2D SPACE',''
  ) );
#5485 = ORIENTED_EDGE('',*,*,#5486,.F.);
#5486 = EDGE_CURVE('',#5464,#5464,#5487,.T.);
#5487 = SURFACE_CURVE('',#5488,(#5493,#5500),.PCURVE_S1.);
#5488 = CIRCLE('',#5489,22.557708788344);
#5489 = AXIS2_PLACEMENT_3D('',#5490,#5491,#5492);
#5490 = CARTESIAN_POINT('',(0.,0.,222.));
#5491 = DIRECTION('',(0.,0.,1.));
#5492 = DIRECTION('',(1.,0.,-0.));
#5493 = PCURVE('',#5391,#5494);
#5494 = DEFINITIONAL_REPRESENTATION('',(#5495),#5499);
#5495 = LINE('',#5496,#5497);
#5496 = CARTESIAN_POINT('',(-0.,-2.166666666667));
#5497 = VECTOR('',#5498,1.);
#5498 = DIRECTION('',(-1.,-0.));
#5499 = ( GEOMETRIC_REPRESENTATION_CONTEXT(2) 
PARAMETRIC_REPRESENTATION_CONTEXT() REPRESENTATION_CONTEXT('2D SPACE',''
  ) );
#5500 = PCURVE('',#5501,#5506);
#5501 = CONICAL_SURFACE('',#5502,22.557708788344,0.173053847669);
#5502 = AXIS2_PLACEMENT_3D('',#5503,#5504,#5505);
#5503 = CARTESIAN_POINT('',(0.,0.,222.));
#5504 = DIRECTION('',(-0.,-0.,-1.));
#5505 = DIRECTION('',(1.,0.,-0.));
#5506 = DEFINITIONAL_REPRESENTATION('',(#5507),#5511);
#5507 = LINE('',#5508,#5509);
#5508 = CARTESIAN_POINT('',(-0.,-0.));
#5509 = VECTOR('',#5510,1.);
#5510 = DIRECTION('',(-1.,-0.));
#5511 = ( GEOMETRIC_REPRESENTATION_CONTEXT(2) 
PARAMETRIC_REPRESENTATION_CONTEXT() REPRESENTATION_CONTEXT('2D SPACE',''
  ) );
#5512 = ORIENTED_EDGE('',*,*,#5463,.F.);
#5513 = ADVANCED_FACE('',(#5514),#5446,.F.);
#5514 = FACE_BOUND('',#5515,.F.);
#5515 = EDGE_LOOP('',(#5516,#5517,#5540,#5567));
#5516 = ORIENTED_EDGE('',*,*,#5431,.T.);
#5517 = ORIENTED_EDGE('',*,*,#5518,.T.);
#5518 = EDGE_CURVE('',#5409,#5519,#5521,.T.);
#5519 = VERTEX_POINT('',#5520);
#5520 = CARTESIAN_POINT('',(22.318464745149,0.,211.16666666666));
#5521 = SEAM_CURVE('',#5522,(#5526,#5533),.PCURVE_S1.);
#5522 = LINE('',#5523,#5524);
#5523 = CARTESIAN_POINT('',(22.643589458778,0.,209.));
#5524 = VECTOR('',#5525,1.);
#5525 = DIRECTION('',(-0.148396122945,0.,0.988928000764));
#5526 = PCURVE('',#5446,#5527);
#5527 = DEFINITIONAL_REPRESENTATION('',(#5528),#5532);
#5528 = LINE('',#5529,#5530);
#5529 = CARTESIAN_POINT('',(-0.,-0.));
#5530 = VECTOR('',#5531,1.);
#5531 = DIRECTION('',(-0.,-1.));
#5532 = ( GEOMETRIC_REPRESENTATION_CONTEXT(2) 
PARAMETRIC_REPRESENTATION_CONTEXT() REPRESENTATION_CONTEXT('2D SPACE',''
  ) );
#5533 = PCURVE('',#5446,#5534);
#5534 = DEFINITIONAL_REPRESENTATION('',(#5535),#5539);
#5535 = LINE('',#5536,#5537);
#5536 = CARTESIAN_POINT('',(-6.28318530718,-0.));
#5537 = VECTOR('',#5538,1.);
#5538 = DIRECTION('',(-0.,-1.));
#5539 = ( GEOMETRIC_REPRESENTATION_CONTEXT(2) 
PARAMETRIC_REPRESENTATION_CONTEXT() REPRESENTATION_CONTEXT('2D SPACE',''
  ) );
#5540 = ORIENTED_EDGE('',*,*,#5541,.F.);
#5541 = EDGE_CURVE('',#5519,#5519,#5542,.T.);
#5542 = SURFACE_CURVE('',#5543,(#5548,#5555),.PCURVE_S1.);
#5543 = CIRCLE('',#5544,22.318464745149);
#5544 = AXIS2_PLACEMENT_3D('',#5545,#5546,#5547);
#5545 = CARTESIAN_POINT('',(0.,0.,211.16666666666));
#5546 = DIRECTION('',(0.,0.,1.));
#5547 = DIRECTION('',(1.,0.,-0.));
#5548 = PCURVE('',#5446,#5549);
#5549 = DEFINITIONAL_REPRESENTATION('',(#5550),#5554);
#5550 = LINE('',#5551,#5552);
#5551 = CARTESIAN_POINT('',(-0.,-2.166666666667));
#5552 = VECTOR('',#5553,1.);
#5553 = DIRECTION('',(-1.,-0.));
#5554 = ( GEOMETRIC_REPRESENTATION_CONTEXT(2) 
PARAMETRIC_REPRESENTATION_CONTEXT() REPRESENTATION_CONTEXT('2D SPACE',''
  ) );
#5555 = PCURVE('',#5556,#5561);
#5556 = CONICAL_SURFACE('',#5557,22.318464745149,0.15306378382);
#5557 = AXIS2_PLACEMENT_3D('',#5558,#5559,#5560);
#5558 = CARTESIAN_POINT('',(0.,0.,211.16666666666));
#5559 = DIRECTION('',(-0.,-0.,-1.));
#5560 = DIRECTION('',(1.,0.,-0.));
#5561 = DEFINITIONAL_REPRESENTATION('',(#5562),#5566);
#5562 = LINE('',#5563,#5564);
#5563 = CARTESIAN_POINT('',(-0.,-0.));
#5564 = VECTOR('',#5565,1.);
#5565 = DIRECTION('',(-1.,-0.));
#5566 = ( GEOMETRIC_REPRESENTATION_CONTEXT(2) 
PARAMETRIC_REPRESENTATION_CONTEXT() REPRESENTATION_CONTEXT('2D SPACE',''
  ) );
#5567 = ORIENTED_EDGE('',*,*,#5518,.F.);
#5568 = ADVANCED_FACE('',(#5569),#5501,.T.);
#5569 = FACE_BOUND('',#5570,.T.);
#5570 = EDGE_LOOP('',(#5571,#5572,#5595,#5622));
#5571 = ORIENTED_EDGE('',*,*,#5486,.T.);
#5572 = ORIENTED_EDGE('',*,*,#5573,.T.);
#5573 = EDGE_CURVE('',#5464,#5574,#5576,.T.);
#5574 = VERTEX_POINT('',#5575);
#5575 = CARTESIAN_POINT('',(22.178970442643,0.,224.16666666666));
#5576 = SEAM_CURVE('',#5577,(#5581,#5588),.PCURVE_S1.);
#5577 = LINE('',#5578,#5579);
#5578 = CARTESIAN_POINT('',(22.557708788344,0.,222.));
#5579 = VECTOR('',#5580,1.);
#5580 = DIRECTION('',(-0.172191381237,0.,0.985063514819));
#5581 = PCURVE('',#5501,#5582);
#5582 = DEFINITIONAL_REPRESENTATION('',(#5583),#5587);
#5583 = LINE('',#5584,#5585);
#5584 = CARTESIAN_POINT('',(-0.,-0.));
#5585 = VECTOR('',#5586,1.);
#5586 = DIRECTION('',(-0.,-1.));
#5587 = ( GEOMETRIC_REPRESENTATION_CONTEXT(2) 
PARAMETRIC_REPRESENTATION_CONTEXT() REPRESENTATION_CONTEXT('2D SPACE',''
  ) );
#5588 = PCURVE('',#5501,#5589);
#5589 = DEFINITIONAL_REPRESENTATION('',(#5590),#5594);
#5590 = LINE('',#5591,#5592);
#5591 = CARTESIAN_POINT('',(-6.28318530718,-0.));
#5592 = VECTOR('',#5593,1.);
#5593 = DIRECTION('',(-0.,-1.));
#5594 = ( GEOMETRIC_REPRESENTATION_CONTEXT(2) 
PARAMETRIC_REPRESENTATION_CONTEXT() REPRESENTATION_CONTEXT('2D SPACE',''
  ) );
#5595 = ORIENTED_EDGE('',*,*,#5596,.F.);
#5596 = EDGE_CURVE('',#5574,#5574,#5597,.T.);
#5597 = SURFACE_CURVE('',#5598,(#5603,#5610),.PCURVE_S1.);
#5598 = CIRCLE('',#5599,22.178970442643);
#5599 = AXIS2_PLACEMENT_3D('',#5600,#5601,#5602);
#5600 = CARTESIAN_POINT('',(0.,0.,224.16666666666));
#5601 = DIRECTION('',(0.,0.,1.));
#5602 = DIRECTION('',(1.,0.,-0.));
#5603 = PCURVE('',#5501,#5604);
#5604 = DEFINITIONAL_REPRESENTATION('',(#5605),#5609);
#5605 = LINE('',#5606,#5607);
#5606 = CARTESIAN_POINT('',(-0.,-2.166666666667));
#5607 = VECTOR('',#5608,1.);
#5608 = DIRECTION('',(-1.,-0.));
#5609 = ( GEOMETRIC_REPRESENTATION_CONTEXT(2) 
PARAMETRIC_REPRESENTATION_CONTEXT() REPRESENTATION_CONTEXT('2D SPACE',''
  ) );
#5610 = PCURVE('',#5611,#5616);
#5611 = CONICAL_SURFACE('',#5612,22.178970442643,0.17699657882);
#5612 = AXIS2_PLACEMENT_3D('',#5613,#5614,#5615);
#5613 = CARTESIAN_POINT('',(0.,0.,224.16666666666));
#5614 = DIRECTION('',(-0.,-0.,-1.));
#5615 = DIRECTION('',(1.,0.,-0.));
#5616 = DEFINITIONAL_REPRESENTATION('',(#5617),#5621);
#5617 = LINE('',#5618,#5619);
#5618 = CARTESIAN_POINT('',(-0.,-0.));
#5619 = VECTOR('',#5620,1.);
#5620 = DIRECTION('',(-1.,-0.));
#5621 = ( GEOMETRIC_REPRESENTATION_CONTEXT(2) 
PARAMETRIC_REPRESENTATION_CONTEXT() REPRESENTATION_CONTEXT('2D SPACE',''
  ) );
#5622 = ORIENTED_EDGE('',*,*,#5573,.F.);
#5623 = ADVANCED_FACE('',(#5624),#5556,.F.);
#5624 = FACE_BOUND('',#5625,.F.);
#5625 = EDGE_LOOP('',(#5626,#5627,#5650,#5677));
#5626 = ORIENTED_EDGE('',*,*,#5541,.T.);
#5627 = ORIENTED_EDGE('',*,*,#5628,.T.);
#5628 = EDGE_CURVE('',#5519,#5629,#5631,.T.);
#5629 = VERTEX_POINT('',#5630);
#5630 = CARTESIAN_POINT('',(21.984212112269,0.,213.33333333333));
#5631 = SEAM_CURVE('',#5632,(#5636,#5643),.PCURVE_S1.);
#5632 = LINE('',#5633,#5634);
#5633 = CARTESIAN_POINT('',(22.318464745149,0.,211.16666666666));
#5634 = VECTOR('',#5635,1.);
#5635 = DIRECTION('',(-0.152466807194,0.,0.98830859184));
#5636 = PCURVE('',#5556,#5637);
#5637 = DEFINITIONAL_REPRESENTATION('',(#5638),#5642);
#5638 = LINE('',#5639,#5640);
#5639 = CARTESIAN_POINT('',(-0.,-0.));
#5640 = VECTOR('',#5641,1.);
#5641 = DIRECTION('',(-0.,-1.));
#5642 = ( GEOMETRIC_REPRESENTATION_CONTEXT(2) 
PARAMETRIC_REPRESENTATION_CONTEXT() REPRESENTATION_CONTEXT('2D SPACE',''
  ) );
#5643 = PCURVE('',#5556,#5644);
#5644 = DEFINITIONAL_REPRESENTATION('',(#5645),#5649);
#5645 = LINE('',#5646,#5647);
#5646 = CARTESIAN_POINT('',(-6.28318530718,-0.));
#5647 = VECTOR('',#5648,1.);
#5648 = DIRECTION('',(-0.,-1.));
#5649 = ( GEOMETRIC_REPRESENTATION_CONTEXT(2) 
PARAMETRIC_REPRESENTATION_CONTEXT() REPRESENTATION_CONTEXT('2D SPACE',''
  ) );
#5650 = ORIENTED_EDGE('',*,*,#5651,.F.);
#5651 = EDGE_CURVE('',#5629,#5629,#5652,.T.);
#5652 = SURFACE_CURVE('',#5653,(#5658,#5665),.PCURVE_S1.);
#5653 = CIRCLE('',#5654,21.984212112269);
#5654 = AXIS2_PLACEMENT_3D('',#5655,#5656,#5657);
#5655 = CARTESIAN_POINT('',(0.,0.,213.33333333333));
#5656 = DIRECTION('',(0.,0.,1.));
#5657 = DIRECTION('',(1.,0.,-0.));
#5658 = PCURVE('',#5556,#5659);
#5659 = DEFINITIONAL_REPRESENTATION('',(#5660),#5664);
#5660 = LINE('',#5661,#5662);
#5661 = CARTESIAN_POINT('',(-0.,-2.166666666667));
#5662 = VECTOR('',#5663,1.);
#5663 = DIRECTION('',(-1.,-0.));
#5664 = ( GEOMETRIC_REPRESENTATION_CONTEXT(2) 
PARAMETRIC_REPRESENTATION_CONTEXT() REPRESENTATION_CONTEXT('2D SPACE',''
  ) );
#5665 = PCURVE('',#5666,#5671);
#5666 = CONICAL_SURFACE('',#5667,21.984212112269,0.157128380999);
#5667 = AXIS2_PLACEMENT_3D('',#5668,#5669,#5670);
#5668 = CARTESIAN_POINT('',(0.,0.,213.33333333333));
#5669 = DIRECTION('',(-0.,-0.,-1.));
#5670 = DIRECTION('',(1.,0.,-0.));
#5671 = DEFINITIONAL_REPRESENTATION('',(#5672),#5676);
#5672 = LINE('',#5673,#5674);
#5673 = CARTESIAN_POINT('',(-0.,-0.));
#5674 = VECTOR('',#5675,1.);
#5675 = DIRECTION('',(-1.,-0.));
#5676 = ( GEOMETRIC_REPRESENTATION_CONTEXT(2) 
PARAMETRIC_REPRESENTATION_CONTEXT() REPRESENTATION_CONTEXT('2D SPACE',''
  ) );
#5677 = ORIENTED_EDGE('',*,*,#5628,.F.);
#5678 = ADVANCED_FACE('',(#5679),#5611,.T.);
#5679 = FACE_BOUND('',#5680,.T.);
#5680 = EDGE_LOOP('',(#5681,#5682,#5705,#5732));
#5681 = ORIENTED_EDGE('',*,*,#5596,.T.);
#5682 = ORIENTED_EDGE('',*,*,#5683,.T.);
#5683 = EDGE_CURVE('',#5574,#5684,#5686,.T.);
#5684 = VERTEX_POINT('',#5685);
#5685 = CARTESIAN_POINT('',(21.791422369573,0.,226.33333333333));
#5686 = SEAM_CURVE('',#5687,(#5691,#5698),.PCURVE_S1.);
#5687 = LINE('',#5688,#5689);
#5688 = CARTESIAN_POINT('',(22.178970442643,0.,224.16666666666));
#5689 = VECTOR('',#5690,1.);
#5690 = DIRECTION('',(-0.176073873412,0.,0.984376955796));
#5691 = PCURVE('',#5611,#5692);
#5692 = DEFINITIONAL_REPRESENTATION('',(#5693),#5697);
#5693 = LINE('',#5694,#5695);
#5694 = CARTESIAN_POINT('',(-0.,-0.));
#5695 = VECTOR('',#5696,1.);
#5696 = DIRECTION('',(-0.,-1.));
#5697 = ( GEOMETRIC_REPRESENTATION_CONTEXT(2) 
PARAMETRIC_REPRESENTATION_CONTEXT() REPRESENTATION_CONTEXT('2D SPACE',''
  ) );
#5698 = PCURVE('',#5611,#5699);
#5699 = DEFINITIONAL_REPRESENTATION('',(#5700),#5704);
#5700 = LINE('',#5701,#5702);
#5701 = CARTESIAN_POINT('',(-6.28318530718,-0.));
#5702 = VECTOR('',#5703,1.);
#5703 = DIRECTION('',(-0.,-1.));
#5704 = ( GEOMETRIC_REPRESENTATION_CONTEXT(2) 
PARAMETRIC_REPRESENTATION_CONTEXT() REPRESENTATION_CONTEXT('2D SPACE',''
  ) );
#5705 = ORIENTED_EDGE('',*,*,#5706,.F.);
#5706 = EDGE_CURVE('',#5684,#5684,#5707,.T.);
#5707 = SURFACE_CURVE('',#5708,(#5713,#5720),.PCURVE_S1.);
#5708 = CIRCLE('',#5709,21.791422369573);
#5709 = AXIS2_PLACEMENT_3D('',#5710,#5711,#5712);
#5710 = CARTESIAN_POINT('',(0.,0.,226.33333333333));
#5711 = DIRECTION('',(0.,0.,1.));
#5712 = DIRECTION('',(1.,0.,-0.));
#5713 = PCURVE('',#5611,#5714);
#5714 = DEFINITIONAL_REPRESENTATION('',(#5715),#5719);
#5715 = LINE('',#5716,#5717);
#5716 = CARTESIAN_POINT('',(-0.,-2.166666666667));
#5717 = VECTOR('',#5718,1.);
#5718 = DIRECTION('',(-1.,-0.));
#5719 = ( GEOMETRIC_REPRESENTATION_CONTEXT(2) 
PARAMETRIC_REPRESENTATION_CONTEXT() REPRESENTATION_CONTEXT('2D SPACE',''
  ) );
#5720 = PCURVE('',#5721,#5726);
#5721 = CONICAL_SURFACE('',#5722,21.791422369573,0.180940635113);
#5722 = AXIS2_PLACEMENT_3D('',#5723,#5724,#5725);
#5723 = CARTESIAN_POINT('',(0.,0.,226.33333333333));
#5724 = DIRECTION('',(-0.,-0.,-1.));
#5725 = DIRECTION('',(1.,0.,-0.));
#5726 = DEFINITIONAL_REPRESENTATION('',(#5727),#5731);
#5727 = LINE('',#5728,#5729);
#5728 = CARTESIAN_POINT('',(-0.,-0.));
#5729 = VECTOR('',#5730,1.);
#5730 = DIRECTION('',(-1.,-0.));
#5731 = ( GEOMETRIC_REPRESENTATION_CONTEXT(2) 
PARAMETRIC_REPRESENTATION_CONTEXT() REPRESENTATION_CONTEXT('2D SPACE',''
  ) );
#5732 = ORIENTED_EDGE('',*,*,#5683,.F.);
#5733 = ADVANCED_FACE('',(#5734),#5666,.F.);
#5734 = FACE_BOUND('',#5735,.F.);
#5735 = EDGE_LOOP('',(#5736,#5737,#5760,#5787));
#5736 = ORIENTED_EDGE('',*,*,#5651,.T.);
#5737 = ORIENTED_EDGE('',*,*,#5738,.T.);
#5738 = EDGE_CURVE('',#5629,#5739,#5741,.T.);
#5739 = VERTEX_POINT('',#5740);
#5740 = CARTESIAN_POINT('',(21.640937553126,0.,215.5));
#5741 = SEAM_CURVE('',#5742,(#5746,#5753),.PCURVE_S1.);
#5742 = LINE('',#5743,#5744);
#5743 = CARTESIAN_POINT('',(21.984212112269,0.,213.33333333333));
#5744 = VECTOR('',#5745,1.);
#5745 = DIRECTION('',(-0.156482613001,0.,0.987680713504));
#5746 = PCURVE('',#5666,#5747);
#5747 = DEFINITIONAL_REPRESENTATION('',(#5748),#5752);
#5748 = LINE('',#5749,#5750);
#5749 = CARTESIAN_POINT('',(-0.,-0.));
#5750 = VECTOR('',#5751,1.);
#5751 = DIRECTION('',(-0.,-1.));
#5752 = ( GEOMETRIC_REPRESENTATION_CONTEXT(2) 
PARAMETRIC_REPRESENTATION_CONTEXT() REPRESENTATION_CONTEXT('2D SPACE',''
  ) );
#5753 = PCURVE('',#5666,#5754);
#5754 = DEFINITIONAL_REPRESENTATION('',(#5755),#5759);
#5755 = LINE('',#5756,#5757);
#5756 = CARTESIAN_POINT('',(-6.28318530718,-0.));
#5757 = VECTOR('',#5758,1.);
#5758 = DIRECTION('',(-0.,-1.));
#5759 = ( GEOMETRIC_REPRESENTATION_CONTEXT(2) 
PARAMETRIC_REPRESENTATION_CONTEXT() REPRESENTATION_CONTEXT('2D SPACE',''
  ) );
#5760 = ORIENTED_EDGE('',*,*,#5761,.F.);
#5761 = EDGE_CURVE('',#5739,#5739,#5762,.T.);
#5762 = SURFACE_CURVE('',#5763,(#5768,#5775),.PCURVE_S1.);
#5763 = CIRCLE('',#5764,21.640937553126);
#5764 = AXIS2_PLACEMENT_3D('',#5765,#5766,#5767);
#5765 = CARTESIAN_POINT('',(0.,0.,215.5));
#5766 = DIRECTION('',(0.,0.,1.));
#5767 = DIRECTION('',(1.,0.,-0.));
#5768 = PCURVE('',#5666,#5769);
#5769 = DEFINITIONAL_REPRESENTATION('',(#5770),#5774);
#5770 = LINE('',#5771,#5772);
#5771 = CARTESIAN_POINT('',(-0.,-2.166666666667));
#5772 = VECTOR('',#5773,1.);
#5773 = DIRECTION('',(-1.,-0.));
#5774 = ( GEOMETRIC_REPRESENTATION_CONTEXT(2) 
PARAMETRIC_REPRESENTATION_CONTEXT() REPRESENTATION_CONTEXT('2D SPACE',''
  ) );
#5775 = PCURVE('',#5776,#5781);
#5776 = CONICAL_SURFACE('',#5777,21.640937553126,0.161150338313);
#5777 = AXIS2_PLACEMENT_3D('',#5778,#5779,#5780);
#5778 = CARTESIAN_POINT('',(0.,0.,215.5));
#5779 = DIRECTION('',(-0.,-0.,-1.));
#5780 = DIRECTION('',(1.,0.,-0.));
#5781 = DEFINITIONAL_REPRESENTATION('',(#5782),#5786);
#5782 = LINE('',#5783,#5784);
#5783 = CARTESIAN_POINT('',(-0.,-0.));
#5784 = VECTOR('',#5785,1.);
#5785 = DIRECTION('',(-1.,-0.));
#5786 = ( GEOMETRIC_REPRESENTATION_CONTEXT(2) 
PARAMETRIC_REPRESENTATION_CONTEXT() REPRESENTATION_CONTEXT('2D SPACE',''
  ) );
#5787 = ORIENTED_EDGE('',*,*,#5738,.F.);
#5788 = ADVANCED_FACE('',(#5789),#5721,.T.);
#5789 = FACE_BOUND('',#5790,.T.);
#5790 = EDGE_LOOP('',(#5791,#5792,#5815,#5842));
#5791 = ORIENTED_EDGE('',*,*,#5706,.T.);
#5792 = ORIENTED_EDGE('',*,*,#5793,.T.);
#5793 = EDGE_CURVE('',#5684,#5794,#5796,.T.);
#5794 = VERTEX_POINT('',#5795);
#5795 = CARTESIAN_POINT('',(21.395049167303,0.,228.5));
#5796 = SEAM_CURVE('',#5797,(#5801,#5808),.PCURVE_S1.);
#5797 = LINE('',#5798,#5799);
#5798 = CARTESIAN_POINT('',(21.791422369573,0.,226.33333333333));
#5799 = VECTOR('',#5800,1.);
#5800 = DIRECTION('',(-0.17995493201,0.,0.98367485606));
#5801 = PCURVE('',#5721,#5802);
#5802 = DEFINITIONAL_REPRESENTATION('',(#5803),#5807);
#5803 = LINE('',#5804,#5805);
#5804 = CARTESIAN_POINT('',(-0.,-0.));
#5805 = VECTOR('',#5806,1.);
#5806 = DIRECTION('',(-0.,-1.));
#5807 = ( GEOMETRIC_REPRESENTATION_CONTEXT(2) 
PARAMETRIC_REPRESENTATION_CONTEXT() REPRESENTATION_CONTEXT('2D SPACE',''
  ) );
#5808 = PCURVE('',#5721,#5809);
#5809 = DEFINITIONAL_REPRESENTATION('',(#5810),#5814);
#5810 = LINE('',#5811,#5812);
#5811 = CARTESIAN_POINT('',(-6.28318530718,-0.));
#5812 = VECTOR('',#5813,1.);
#5813 = DIRECTION('',(-0.,-1.));
#5814 = ( GEOMETRIC_REPRESENTATION_CONTEXT(2) 
PARAMETRIC_REPRESENTATION_CONTEXT() REPRESENTATION_CONTEXT('2D SPACE',''
  ) );
#5815 = ORIENTED_EDGE('',*,*,#5816,.F.);
#5816 = EDGE_CURVE('',#5794,#5794,#5817,.T.);
#5817 = SURFACE_CURVE('',#5818,(#5823,#5830),.PCURVE_S1.);
#5818 = CIRCLE('',#5819,21.395049167303);
#5819 = AXIS2_PLACEMENT_3D('',#5820,#5821,#5822);
#5820 = CARTESIAN_POINT('',(0.,0.,228.5));
#5821 = DIRECTION('',(0.,0.,1.));
#5822 = DIRECTION('',(1.,0.,-0.));
#5823 = PCURVE('',#5721,#5824);
#5824 = DEFINITIONAL_REPRESENTATION('',(#5825),#5829);
#5825 = LINE('',#5826,#5827);
#5826 = CARTESIAN_POINT('',(-0.,-2.166666666667));
#5827 = VECTOR('',#5828,1.);
#5828 = DIRECTION('',(-1.,-0.));
#5829 = ( GEOMETRIC_REPRESENTATION_CONTEXT(2) 
PARAMETRIC_REPRESENTATION_CONTEXT() REPRESENTATION_CONTEXT('2D SPACE',''
  ) );
#5830 = PCURVE('',#5831,#5836);
#5831 = CONICAL_SURFACE('',#5832,21.395049167303,0.184894198834);
#5832 = AXIS2_PLACEMENT_3D('',#5833,#5834,#5835);
#5833 = CARTESIAN_POINT('',(0.,0.,228.5));
#5834 = DIRECTION('',(-0.,-0.,-1.));
#5835 = DIRECTION('',(1.,0.,-0.));
#5836 = DEFINITIONAL_REPRESENTATION('',(#5837),#5841);
#5837 = LINE('',#5838,#5839);
#5838 = CARTESIAN_POINT('',(-0.,-0.));
#5839 = VECTOR('',#5840,1.);
#5840 = DIRECTION('',(-1.,-0.));
#5841 = ( GEOMETRIC_REPRESENTATION_CONTEXT(2) 
PARAMETRIC_REPRESENTATION_CONTEXT() REPRESENTATION_CONTEXT('2D SPACE',''
  ) );
#5842 = ORIENTED_EDGE('',*,*,#5793,.F.);
#5843 = ADVANCED_FACE('',(#5844),#5776,.F.);
#5844 = FACE_BOUND('',#5845,.F.);
#5845 = EDGE_LOOP('',(#5846,#5847,#5870,#5897));
#5846 = ORIENTED_EDGE('',*,*,#5761,.T.);
#5847 = ORIENTED_EDGE('',*,*,#5848,.T.);
#5848 = EDGE_CURVE('',#5739,#5849,#5851,.T.);
#5849 = VERTEX_POINT('',#5850);
#5850 = CARTESIAN_POINT('',(21.288724268842,0.,217.66666666666));
#5851 = SEAM_CURVE('',#5852,(#5856,#5863),.PCURVE_S1.);
#5852 = LINE('',#5853,#5854);
#5853 = CARTESIAN_POINT('',(21.640937553126,0.,215.5));
#5854 = VECTOR('',#5855,1.);
#5855 = DIRECTION('',(-0.16045374632,0.,0.987043360391));
#5856 = PCURVE('',#5776,#5857);
#5857 = DEFINITIONAL_REPRESENTATION('',(#5858),#5862);
#5858 = LINE('',#5859,#5860);
#5859 = CARTESIAN_POINT('',(-0.,-0.));
#5860 = VECTOR('',#5861,1.);
#5861 = DIRECTION('',(-0.,-1.));
#5862 = ( GEOMETRIC_REPRESENTATION_CONTEXT(2) 
PARAMETRIC_REPRESENTATION_CONTEXT() REPRESENTATION_CONTEXT('2D SPACE',''
  ) );
#5863 = PCURVE('',#5776,#5864);
#5864 = DEFINITIONAL_REPRESENTATION('',(#5865),#5869);
#5865 = LINE('',#5866,#5867);
#5866 = CARTESIAN_POINT('',(-6.28318530718,-0.));
#5867 = VECTOR('',#5868,1.);
#5868 = DIRECTION('',(-0.,-1.));
#5869 = ( GEOMETRIC_REPRESENTATION_CONTEXT(2) 
PARAMETRIC_REPRESENTATION_CONTEXT() REPRESENTATION_CONTEXT('2D SPACE',''
  ) );
#5870 = ORIENTED_EDGE('',*,*,#5871,.F.);
#5871 = EDGE_CURVE('',#5849,#5849,#5872,.T.);
#5872 = SURFACE_CURVE('',#5873,(#5878,#5885),.PCURVE_S1.);
#5873 = CIRCLE('',#5874,21.288724268842);
#5874 = AXIS2_PLACEMENT_3D('',#5875,#5876,#5877);
#5875 = CARTESIAN_POINT('',(0.,0.,217.66666666666));
#5876 = DIRECTION('',(0.,0.,1.));
#5877 = DIRECTION('',(1.,0.,-0.));
#5878 = PCURVE('',#5776,#5879);
#5879 = DEFINITIONAL_REPRESENTATION('',(#5880),#5884);
#5880 = LINE('',#5881,#5882);
#5881 = CARTESIAN_POINT('',(-0.,-2.166666666667));
#5882 = VECTOR('',#5883,1.);
#5883 = DIRECTION('',(-1.,-0.));
#5884 = ( GEOMETRIC_REPRESENTATION_CONTEXT(2) 
PARAMETRIC_REPRESENTATION_CONTEXT() REPRESENTATION_CONTEXT('2D SPACE',''
  ) );
#5885 = PCURVE('',#5886,#5891);
#5886 = CONICAL_SURFACE('',#5887,21.288724268842,0.165139258526);
#5887 = AXIS2_PLACEMENT_3D('',#5888,#5889,#5890);
#5888 = CARTESIAN_POINT('',(0.,0.,217.66666666666));
#5889 = DIRECTION('',(-0.,-0.,-1.));
#5890 = DIRECTION('',(1.,0.,-0.));
#5891 = DEFINITIONAL_REPRESENTATION('',(#5892),#5896);
#5892 = LINE('',#5893,#5894);
#5893 = CARTESIAN_POINT('',(-0.,-0.));
#5894 = VECTOR('',#5895,1.);
#5895 = DIRECTION('',(-1.,-0.));
#5896 = ( GEOMETRIC_REPRESENTATION_CONTEXT(2) 
PARAMETRIC_REPRESENTATION_CONTEXT() REPRESENTATION_CONTEXT('2D SPACE',''
  ) );
#5897 = ORIENTED_EDGE('',*,*,#5848,.F.);
#5898 = ADVANCED_FACE('',(#5899),#5831,.T.);
#5899 = FACE_BOUND('',#5900,.T.);
#5900 = EDGE_LOOP('',(#5901,#5902,#5925,#5952));
#5901 = ORIENTED_EDGE('',*,*,#5816,.T.);
#5902 = ORIENTED_EDGE('',*,*,#5903,.T.);
#5903 = EDGE_CURVE('',#5794,#5904,#5906,.T.);
#5904 = VERTEX_POINT('',#5905);
#5905 = CARTESIAN_POINT('',(20.98981677139,0.,230.66666666666));
#5906 = SEAM_CURVE('',#5907,(#5911,#5918),.PCURVE_S1.);
#5907 = LINE('',#5908,#5909);
#5908 = CARTESIAN_POINT('',(21.395049167303,0.,228.5));
#5909 = VECTOR('',#5910,1.);
#5910 = DIRECTION('',(-0.183842536698,0.,0.982955706886));
#5911 = PCURVE('',#5831,#5912);
#5912 = DEFINITIONAL_REPRESENTATION('',(#5913),#5917);
#5913 = LINE('',#5914,#5915);
#5914 = CARTESIAN_POINT('',(-0.,-0.));
#5915 = VECTOR('',#5916,1.);
#5916 = DIRECTION('',(-0.,-1.));
#5917 = ( GEOMETRIC_REPRESENTATION_CONTEXT(2) 
PARAMETRIC_REPRESENTATION_CONTEXT() REPRESENTATION_CONTEXT('2D SPACE',''
  ) );
#5918 = PCURVE('',#5831,#5919);
#5919 = DEFINITIONAL_REPRESENTATION('',(#5920),#5924);
#5920 = LINE('',#5921,#5922);
#5921 = CARTESIAN_POINT('',(-6.28318530718,-0.));
#5922 = VECTOR('',#5923,1.);
#5923 = DIRECTION('',(-0.,-1.));
#5924 = ( GEOMETRIC_REPRESENTATION_CONTEXT(2) 
PARAMETRIC_REPRESENTATION_CONTEXT() REPRESENTATION_CONTEXT('2D SPACE',''
  ) );
#5925 = ORIENTED_EDGE('',*,*,#5926,.F.);
#5926 = EDGE_CURVE('',#5904,#5904,#5927,.T.);
#5927 = SURFACE_CURVE('',#5928,(#5933,#5940),.PCURVE_S1.);
#5928 = CIRCLE('',#5929,20.98981677139);
#5929 = AXIS2_PLACEMENT_3D('',#5930,#5931,#5932);
#5930 = CARTESIAN_POINT('',(0.,0.,230.66666666666));
#5931 = DIRECTION('',(0.,0.,1.));
#5932 = DIRECTION('',(1.,0.,-0.));
#5933 = PCURVE('',#5831,#5934);
#5934 = DEFINITIONAL_REPRESENTATION('',(#5935),#5939);
#5935 = LINE('',#5936,#5937);
#5936 = CARTESIAN_POINT('',(-0.,-2.166666666667));
#5937 = VECTOR('',#5938,1.);
#5938 = DIRECTION('',(-1.,-0.));
#5939 = ( GEOMETRIC_REPRESENTATION_CONTEXT(2) 
PARAMETRIC_REPRESENTATION_CONTEXT() REPRESENTATION_CONTEXT('2D SPACE',''
  ) );
#5940 = PCURVE('',#5941,#5946);
#5941 = CONICAL_SURFACE('',#5942,20.98981677139,0.188865500782);
#5942 = AXIS2_PLACEMENT_3D('',#5943,#5944,#5945);
#5943 = CARTESIAN_POINT('',(0.,0.,230.66666666666));
#5944 = DIRECTION('',(-0.,-0.,-1.));
#5945 = DIRECTION('',(1.,0.,-0.));
#5946 = DEFINITIONAL_REPRESENTATION('',(#5947),#5951);
#5947 = LINE('',#5948,#5949);
#5948 = CARTESIAN_POINT('',(-0.,-0.));
#5949 = VECTOR('',#5950,1.);
#5950 = DIRECTION('',(-1.,-0.));
#5951 = ( GEOMETRIC_REPRESENTATION_CONTEXT(2) 
PARAMETRIC_REPRESENTATION_CONTEXT() REPRESENTATION_CONTEXT('2D SPACE',''
  ) );
#5952 = ORIENTED_EDGE('',*,*,#5903,.F.);
#5953 = ADVANCED_FACE('',(#5954),#5886,.F.);
#5954 = FACE_BOUND('',#5955,.F.);
#5955 = EDGE_LOOP('',(#5956,#5957,#5980,#6007));
#5956 = ORIENTED_EDGE('',*,*,#5871,.T.);
#5957 = ORIENTED_EDGE('',*,*,#5958,.T.);
#5958 = EDGE_CURVE('',#5849,#5959,#5961,.T.);
#5959 = VERTEX_POINT('',#5960);
#5960 = CARTESIAN_POINT('',(20.927634132168,0.,219.83333333333));
#5961 = SEAM_CURVE('',#5962,(#5966,#5973),.PCURVE_S1.);
#5962 = LINE('',#5963,#5964);
#5963 = CARTESIAN_POINT('',(21.288724268842,0.,217.66666666666));
#5964 = VECTOR('',#5965,1.);
#5965 = DIRECTION('',(-0.164389696563,0.,0.986395472244));
#5966 = PCURVE('',#5886,#5967);
#5967 = DEFINITIONAL_REPRESENTATION('',(#5968),#5972);
#5968 = LINE('',#5969,#5970);
#5969 = CARTESIAN_POINT('',(-0.,-0.));
#5970 = VECTOR('',#5971,1.);
#5971 = DIRECTION('',(-0.,-1.));
#5972 = ( GEOMETRIC_REPRESENTATION_CONTEXT(2) 
PARAMETRIC_REPRESENTATION_CONTEXT() REPRESENTATION_CONTEXT('2D SPACE',''
  ) );
#5973 = PCURVE('',#5886,#5974);
#5974 = DEFINITIONAL_REPRESENTATION('',(#5975),#5979);
#5975 = LINE('',#5976,#5977);
#5976 = CARTESIAN_POINT('',(-6.28318530718,-0.));
#5977 = VECTOR('',#5978,1.);
#5978 = DIRECTION('',(-0.,-1.));
#5979 = ( GEOMETRIC_REPRESENTATION_CONTEXT(2) 
PARAMETRIC_REPRESENTATION_CONTEXT() REPRESENTATION_CONTEXT('2D SPACE',''
  ) );
#5980 = ORIENTED_EDGE('',*,*,#5981,.F.);
#5981 = EDGE_CURVE('',#5959,#5959,#5982,.T.);
#5982 = SURFACE_CURVE('',#5983,(#5988,#5995),.PCURVE_S1.);
#5983 = CIRCLE('',#5984,20.927634132168);
#5984 = AXIS2_PLACEMENT_3D('',#5985,#5986,#5987);
#5985 = CARTESIAN_POINT('',(0.,0.,219.83333333333));
#5986 = DIRECTION('',(0.,0.,1.));
#5987 = DIRECTION('',(1.,0.,-0.));
#5988 = PCURVE('',#5886,#5989);
#5989 = DEFINITIONAL_REPRESENTATION('',(#5990),#5994);
#5990 = LINE('',#5991,#5992);
#5991 = CARTESIAN_POINT('',(-0.,-2.166666666667));
#5992 = VECTOR('',#5993,1.);
#5993 = DIRECTION('',(-1.,-0.));
#5994 = ( GEOMETRIC_REPRESENTATION_CONTEXT(2) 
PARAMETRIC_REPRESENTATION_CONTEXT() REPRESENTATION_CONTEXT('2D SPACE',''
  ) );
#5995 = PCURVE('',#5996,#6001);
#5996 = CONICAL_SURFACE('',#5997,20.927634132168,0.169104205893);
#5997 = AXIS2_PLACEMENT_3D('',#5998,#5999,#6000);
#5998 = CARTESIAN_POINT('',(0.,0.,219.83333333333));
#5999 = DIRECTION('',(-0.,-0.,-1.));
#6000 = DIRECTION('',(1.,0.,-0.));
#6001 = DEFINITIONAL_REPRESENTATION('',(#6002),#6006);
#6002 = LINE('',#6003,#6004);
#6003 = CARTESIAN_POINT('',(-0.,-0.));
#6004 = VECTOR('',#6005,1.);
#6005 = DIRECTION('',(-1.,-0.));
#6006 = ( GEOMETRIC_REPRESENTATION_CONTEXT(2) 
PARAMETRIC_REPRESENTATION_CONTEXT() REPRESENTATION_CONTEXT('2D SPACE',''
  ) );
#6007 = ORIENTED_EDGE('',*,*,#5958,.F.);
#6008 = ADVANCED_FACE('',(#6009),#5941,.T.);
#6009 = FACE_BOUND('',#6010,.T.);
#6010 = EDGE_LOOP('',(#6011,#6012,#6035,#6062));
#6011 = ORIENTED_EDGE('',*,*,#5926,.T.);
#6012 = ORIENTED_EDGE('',*,*,#6013,.T.);
#6013 = EDGE_CURVE('',#5904,#6014,#6016,.T.);
#6014 = VERTEX_POINT('',#6015);
#6015 = CARTESIAN_POINT('',(20.575672233583,0.,232.83333333333));
#6016 = SEAM_CURVE('',#6017,(#6021,#6028),.PCURVE_S1.);
#6017 = LINE('',#6018,#6019);
#6018 = CARTESIAN_POINT('',(20.98981677139,0.,230.66666666666));
#6019 = VECTOR('',#6020,1.);
#6020 = DIRECTION('',(-0.18774469064,0.,0.982217863377));
#6021 = PCURVE('',#5941,#6022);
#6022 = DEFINITIONAL_REPRESENTATION('',(#6023),#6027);
#6023 = LINE('',#6024,#6025);
#6024 = CARTESIAN_POINT('',(-0.,-0.));
#6025 = VECTOR('',#6026,1.);
#6026 = DIRECTION('',(-0.,-1.));
#6027 = ( GEOMETRIC_REPRESENTATION_CONTEXT(2) 
PARAMETRIC_REPRESENTATION_CONTEXT() REPRESENTATION_CONTEXT('2D SPACE',''
  ) );
#6028 = PCURVE('',#5941,#6029);
#6029 = DEFINITIONAL_REPRESENTATION('',(#6030),#6034);
#6030 = LINE('',#6031,#6032);
#6031 = CARTESIAN_POINT('',(-6.28318530718,-0.));
#6032 = VECTOR('',#6033,1.);
#6033 = DIRECTION('',(-0.,-1.));
#6034 = ( GEOMETRIC_REPRESENTATION_CONTEXT(2) 
PARAMETRIC_REPRESENTATION_CONTEXT() REPRESENTATION_CONTEXT('2D SPACE',''
  ) );
#6035 = ORIENTED_EDGE('',*,*,#6036,.F.);
#6036 = EDGE_CURVE('',#6014,#6014,#6037,.T.);
#6037 = SURFACE_CURVE('',#6038,(#6043,#6050),.PCURVE_S1.);
#6038 = CIRCLE('',#6039,20.575672233583);
#6039 = AXIS2_PLACEMENT_3D('',#6040,#6041,#6042);
#6040 = CARTESIAN_POINT('',(0.,0.,232.83333333333));
#6041 = DIRECTION('',(0.,0.,1.));
#6042 = DIRECTION('',(1.,0.,-0.));
#6043 = PCURVE('',#5941,#6044);
#6044 = DEFINITIONAL_REPRESENTATION('',(#6045),#6049);
#6045 = LINE('',#6046,#6047);
#6046 = CARTESIAN_POINT('',(-0.,-2.166666666667));
#6047 = VECTOR('',#6048,1.);
#6048 = DIRECTION('',(-1.,-0.));
#6049 = ( GEOMETRIC_REPRESENTATION_CONTEXT(2) 
PARAMETRIC_REPRESENTATION_CONTEXT() REPRESENTATION_CONTEXT('2D SPACE',''
  ) );
#6050 = PCURVE('',#6051,#6056);
#6051 = CONICAL_SURFACE('',#6052,20.575672233583,0.192862921882);
#6052 = AXIS2_PLACEMENT_3D('',#6053,#6054,#6055);
#6053 = CARTESIAN_POINT('',(0.,0.,232.83333333333));
#6054 = DIRECTION('',(-0.,-0.,-1.));
#6055 = DIRECTION('',(1.,0.,-0.));
#6056 = DEFINITIONAL_REPRESENTATION('',(#6057),#6061);
#6057 = LINE('',#6058,#6059);
#6058 = CARTESIAN_POINT('',(-0.,-0.));
#6059 = VECTOR('',#6060,1.);
#6060 = DIRECTION('',(-1.,-0.));
#6061 = ( GEOMETRIC_REPRESENTATION_CONTEXT(2) 
PARAMETRIC_REPRESENTATION_CONTEXT() REPRESENTATION_CONTEXT('2D SPACE',''
  ) );
#6062 = ORIENTED_EDGE('',*,*,#6013,.F.);
#6063 = ADVANCED_FACE('',(#6064),#5996,.F.);
#6064 = FACE_BOUND('',#6065,.F.);
#6065 = EDGE_LOOP('',(#6066,#6067,#6090,#6117));
#6066 = ORIENTED_EDGE('',*,*,#5981,.T.);
#6067 = ORIENTED_EDGE('',*,*,#6068,.T.);
#6068 = EDGE_CURVE('',#5959,#6069,#6071,.T.);
#6069 = VERTEX_POINT('',#6070);
#6070 = CARTESIAN_POINT('',(20.557708788344,0.,222.));
#6071 = SEAM_CURVE('',#6072,(#6076,#6083),.PCURVE_S1.);
#6072 = LINE('',#6073,#6074);
#6073 = CARTESIAN_POINT('',(20.927634132168,0.,219.83333333333));
#6074 = VECTOR('',#6075,1.);
#6075 = DIRECTION('',(-0.168299400279,0.,0.985735924001));
#6076 = PCURVE('',#5996,#6077);
#6077 = DEFINITIONAL_REPRESENTATION('',(#6078),#6082);
#6078 = LINE('',#6079,#6080);
#6079 = CARTESIAN_POINT('',(-0.,-0.));
#6080 = VECTOR('',#6081,1.);
#6081 = DIRECTION('',(-0.,-1.));
#6082 = ( GEOMETRIC_REPRESENTATION_CONTEXT(2) 
PARAMETRIC_REPRESENTATION_CONTEXT() REPRESENTATION_CONTEXT('2D SPACE',''
  ) );
#6083 = PCURVE('',#5996,#6084);
#6084 = DEFINITIONAL_REPRESENTATION('',(#6085),#6089);
#6085 = LINE('',#6086,#6087);
#6086 = CARTESIAN_POINT('',(-6.28318530718,-0.));
#6087 = VECTOR('',#6088,1.);
#6088 = DIRECTION('',(-0.,-1.));
#6089 = ( GEOMETRIC_REPRESENTATION_CONTEXT(2) 
PARAMETRIC_REPRESENTATION_CONTEXT() REPRESENTATION_CONTEXT('2D SPACE',''
  ) );
#6090 = ORIENTED_EDGE('',*,*,#6091,.F.);
#6091 = EDGE_CURVE('',#6069,#6069,#6092,.T.);
#6092 = SURFACE_CURVE('',#6093,(#6098,#6105),.PCURVE_S1.);
#6093 = CIRCLE('',#6094,20.557708788344);
#6094 = AXIS2_PLACEMENT_3D('',#6095,#6096,#6097);
#6095 = CARTESIAN_POINT('',(0.,0.,222.));
#6096 = DIRECTION('',(0.,0.,1.));
#6097 = DIRECTION('',(1.,0.,-0.));
#6098 = PCURVE('',#5996,#6099);
#6099 = DEFINITIONAL_REPRESENTATION('',(#6100),#6104);
#6100 = LINE('',#6101,#6102);
#6101 = CARTESIAN_POINT('',(-0.,-2.166666666667));
#6102 = VECTOR('',#6103,1.);
#6103 = DIRECTION('',(-1.,-0.));
#6104 = ( GEOMETRIC_REPRESENTATION_CONTEXT(2) 
PARAMETRIC_REPRESENTATION_CONTEXT() REPRESENTATION_CONTEXT('2D SPACE',''
  ) );
#6105 = PCURVE('',#6106,#6111);
#6106 = CONICAL_SURFACE('',#6107,20.557708788344,0.173053847669);
#6107 = AXIS2_PLACEMENT_3D('',#6108,#6109,#6110);
#6108 = CARTESIAN_POINT('',(0.,0.,222.));
#6109 = DIRECTION('',(-0.,-0.,-1.));
#6110 = DIRECTION('',(1.,0.,-0.));
#6111 = DEFINITIONAL_REPRESENTATION('',(#6112),#6116);
#6112 = LINE('',#6113,#6114);
#6113 = CARTESIAN_POINT('',(-0.,-0.));
#6114 = VECTOR('',#6115,1.);
#6115 = DIRECTION('',(-1.,-0.));
#6116 = ( GEOMETRIC_REPRESENTATION_CONTEXT(2) 
PARAMETRIC_REPRESENTATION_CONTEXT() REPRESENTATION_CONTEXT('2D SPACE',''
  ) );
#6117 = ORIENTED_EDGE('',*,*,#6068,.F.);
#6118 = ADVANCED_FACE('',(#6119),#6051,.T.);
#6119 = FACE_BOUND('',#6120,.T.);
#6120 = EDGE_LOOP('',(#6121,#6122,#6145,#6172));
#6121 = ORIENTED_EDGE('',*,*,#6036,.T.);
#6122 = ORIENTED_EDGE('',*,*,#6123,.T.);
#6123 = EDGE_CURVE('',#6014,#6124,#6126,.T.);
#6124 = VERTEX_POINT('',#6125);
#6125 = CARTESIAN_POINT('',(20.152543263817,0.,235.));
#6126 = SEAM_CURVE('',#6127,(#6131,#6138),.PCURVE_S1.);
#6127 = LINE('',#6128,#6129);
#6128 = CARTESIAN_POINT('',(20.575672233583,0.,232.83333333333));
#6129 = VECTOR('',#6130,1.);
#6130 = DIRECTION('',(-0.191669518575,0.,0.981459523184));
#6131 = PCURVE('',#6051,#6132);
#6132 = DEFINITIONAL_REPRESENTATION('',(#6133),#6137);
#6133 = LINE('',#6134,#6135);
#6134 = CARTESIAN_POINT('',(-0.,-0.));
#6135 = VECTOR('',#6136,1.);
#6136 = DIRECTION('',(-0.,-1.));
#6137 = ( GEOMETRIC_REPRESENTATION_CONTEXT(2) 
PARAMETRIC_REPRESENTATION_CONTEXT() REPRESENTATION_CONTEXT('2D SPACE',''
  ) );
#6138 = PCURVE('',#6051,#6139);
#6139 = DEFINITIONAL_REPRESENTATION('',(#6140),#6144);
#6140 = LINE('',#6141,#6142);
#6141 = CARTESIAN_POINT('',(-6.28318530718,-0.));
#6142 = VECTOR('',#6143,1.);
#6143 = DIRECTION('',(-0.,-1.));
#6144 = ( GEOMETRIC_REPRESENTATION_CONTEXT(2) 
PARAMETRIC_REPRESENTATION_CONTEXT() REPRESENTATION_CONTEXT('2D SPACE',''
  ) );
#6145 = ORIENTED_EDGE('',*,*,#6146,.F.);
#6146 = EDGE_CURVE('',#6124,#6124,#6147,.T.);
#6147 = SURFACE_CURVE('',#6148,(#6153,#6160),.PCURVE_S1.);
#6148 = CIRCLE('',#6149,20.152543263817);
#6149 = AXIS2_PLACEMENT_3D('',#6150,#6151,#6152);
#6150 = CARTESIAN_POINT('',(0.,0.,235.));
#6151 = DIRECTION('',(0.,0.,1.));
#6152 = DIRECTION('',(1.,0.,-0.));
#6153 = PCURVE('',#6051,#6154);
#6154 = DEFINITIONAL_REPRESENTATION('',(#6155),#6159);
#6155 = LINE('',#6156,#6157);
#6156 = CARTESIAN_POINT('',(-0.,-2.166666666667));
#6157 = VECTOR('',#6158,1.);
#6158 = DIRECTION('',(-1.,-0.));
#6159 = ( GEOMETRIC_REPRESENTATION_CONTEXT(2) 
PARAMETRIC_REPRESENTATION_CONTEXT() REPRESENTATION_CONTEXT('2D SPACE',''
  ) );
#6160 = PCURVE('',#6161,#6166);
#6161 = CONICAL_SURFACE('',#6162,20.152543263817,0.196895097629);
#6162 = AXIS2_PLACEMENT_3D('',#6163,#6164,#6165);
#6163 = CARTESIAN_POINT('',(0.,0.,235.));
#6164 = DIRECTION('',(-0.,-0.,-1.));
#6165 = DIRECTION('',(1.,0.,-0.));
#6166 = DEFINITIONAL_REPRESENTATION('',(#6167),#6171);
#6167 = LINE('',#6168,#6169);
#6168 = CARTESIAN_POINT('',(-0.,-0.));
#6169 = VECTOR('',#6170,1.);
#6170 = DIRECTION('',(-1.,-0.));
#6171 = ( GEOMETRIC_REPRESENTATION_CONTEXT(2) 
PARAMETRIC_REPRESENTATION_CONTEXT() REPRESENTATION_CONTEXT('2D SPACE',''
  ) );
#6172 = ORIENTED_EDGE('',*,*,#6123,.F.);
#6173 = ADVANCED_FACE('',(#6174),#6106,.F.);
#6174 = FACE_BOUND('',#6175,.F.);
#6175 = EDGE_LOOP('',(#6176,#6177,#6200,#6227));
#6176 = ORIENTED_EDGE('',*,*,#6091,.T.);
#6177 = ORIENTED_EDGE('',*,*,#6178,.T.);
#6178 = EDGE_CURVE('',#6069,#6179,#6181,.T.);
#6179 = VERTEX_POINT('',#6180);
#6180 = CARTESIAN_POINT('',(20.178970442643,0.,224.16666666666));
#6181 = SEAM_CURVE('',#6182,(#6186,#6193),.PCURVE_S1.);
#6182 = LINE('',#6183,#6184);
#6183 = CARTESIAN_POINT('',(20.557708788344,0.,222.));
#6184 = VECTOR('',#6185,1.);
#6185 = DIRECTION('',(-0.172191381237,0.,0.985063514819));
#6186 = PCURVE('',#6106,#6187);
#6187 = DEFINITIONAL_REPRESENTATION('',(#6188),#6192);
#6188 = LINE('',#6189,#6190);
#6189 = CARTESIAN_POINT('',(-0.,-0.));
#6190 = VECTOR('',#6191,1.);
#6191 = DIRECTION('',(-0.,-1.));
#6192 = ( GEOMETRIC_REPRESENTATION_CONTEXT(2) 
PARAMETRIC_REPRESENTATION_CONTEXT() REPRESENTATION_CONTEXT('2D SPACE',''
  ) );
#6193 = PCURVE('',#6106,#6194);
#6194 = DEFINITIONAL_REPRESENTATION('',(#6195),#6199);
#6195 = LINE('',#6196,#6197);
#6196 = CARTESIAN_POINT('',(-6.28318530718,-0.));
#6197 = VECTOR('',#6198,1.);
#6198 = DIRECTION('',(-0.,-1.));
#6199 = ( GEOMETRIC_REPRESENTATION_CONTEXT(2) 
PARAMETRIC_REPRESENTATION_CONTEXT() REPRESENTATION_CONTEXT('2D SPACE',''
  ) );
#6200 = ORIENTED_EDGE('',*,*,#6201,.F.);
#6201 = EDGE_CURVE('',#6179,#6179,#6202,.T.);
#6202 = SURFACE_CURVE('',#6203,(#6208,#6215),.PCURVE_S1.);
#6203 = CIRCLE('',#6204,20.178970442643);
#6204 = AXIS2_PLACEMENT_3D('',#6205,#6206,#6207);
#6205 = CARTESIAN_POINT('',(0.,0.,224.16666666666));
#6206 = DIRECTION('',(0.,0.,1.));
#6207 = DIRECTION('',(1.,0.,-0.));
#6208 = PCURVE('',#6106,#6209);
#6209 = DEFINITIONAL_REPRESENTATION('',(#6210),#6214);
#6210 = LINE('',#6211,#6212);
#6211 = CARTESIAN_POINT('',(-0.,-2.166666666667));
#6212 = VECTOR('',#6213,1.);
#6213 = DIRECTION('',(-1.,-0.));
#6214 = ( GEOMETRIC_REPRESENTATION_CONTEXT(2) 
PARAMETRIC_REPRESENTATION_CONTEXT() REPRESENTATION_CONTEXT('2D SPACE',''
  ) );
#6215 = PCURVE('',#6216,#6221);
#6216 = CONICAL_SURFACE('',#6217,20.178970442643,0.17699657882);
#6217 = AXIS2_PLACEMENT_3D('',#6218,#6219,#6220);
#6218 = CARTESIAN_POINT('',(0.,0.,224.16666666666));
#6219 = DIRECTION('',(-0.,-0.,-1.));
#6220 = DIRECTION('',(1.,0.,-0.));
#6221 = DEFINITIONAL_REPRESENTATION('',(#6222),#6226);
#6222 = LINE('',#6223,#6224);
#6223 = CARTESIAN_POINT('',(-0.,-0.));
#6224 = VECTOR('',#6225,1.);
#6225 = DIRECTION('',(-1.,-0.));
#6226 = ( GEOMETRIC_REPRESENTATION_CONTEXT(2) 
PARAMETRIC_REPRESENTATION_CONTEXT() REPRESENTATION_CONTEXT('2D SPACE',''
  ) );
#6227 = ORIENTED_EDGE('',*,*,#6178,.F.);
#6228 = ADVANCED_FACE('',(#6229),#6161,.T.);
#6229 = FACE_BOUND('',#6230,.T.);
#6230 = EDGE_LOOP('',(#6231,#6232,#6255,#6282));
#6231 = ORIENTED_EDGE('',*,*,#6146,.T.);
#6232 = ORIENTED_EDGE('',*,*,#6233,.T.);
#6233 = EDGE_CURVE('',#6124,#6234,#6236,.T.);
#6234 = VERTEX_POINT('',#6235);
#6235 = CARTESIAN_POINT('',(19.720337525919,0.,237.16666666666));
#6236 = SEAM_CURVE('',#6237,(#6241,#6248),.PCURVE_S1.);
#6237 = LINE('',#6238,#6239);
#6238 = CARTESIAN_POINT('',(20.152543263817,0.,235.));
#6239 = VECTOR('',#6240,1.);
#6240 = DIRECTION('',(-0.195625367016,0.,0.980678701604));
#6241 = PCURVE('',#6161,#6242);
#6242 = DEFINITIONAL_REPRESENTATION('',(#6243),#6247);
#6243 = LINE('',#6244,#6245);
#6244 = CARTESIAN_POINT('',(-0.,-0.));
#6245 = VECTOR('',#6246,1.);
#6246 = DIRECTION('',(-0.,-1.));
#6247 = ( GEOMETRIC_REPRESENTATION_CONTEXT(2) 
PARAMETRIC_REPRESENTATION_CONTEXT() REPRESENTATION_CONTEXT('2D SPACE',''
  ) );
#6248 = PCURVE('',#6161,#6249);
#6249 = DEFINITIONAL_REPRESENTATION('',(#6250),#6254);
#6250 = LINE('',#6251,#6252);
#6251 = CARTESIAN_POINT('',(-6.28318530718,-0.));
#6252 = VECTOR('',#6253,1.);
#6253 = DIRECTION('',(-0.,-1.));
#6254 = ( GEOMETRIC_REPRESENTATION_CONTEXT(2) 
PARAMETRIC_REPRESENTATION_CONTEXT() REPRESENTATION_CONTEXT('2D SPACE',''
  ) );
#6255 = ORIENTED_EDGE('',*,*,#6256,.F.);
#6256 = EDGE_CURVE('',#6234,#6234,#6257,.T.);
#6257 = SURFACE_CURVE('',#6258,(#6263,#6270),.PCURVE_S1.);
#6258 = CIRCLE('',#6259,19.720337525919);
#6259 = AXIS2_PLACEMENT_3D('',#6260,#6261,#6262);
#6260 = CARTESIAN_POINT('',(0.,0.,237.16666666666));
#6261 = DIRECTION('',(0.,0.,1.));
#6262 = DIRECTION('',(1.,0.,-0.));
#6263 = PCURVE('',#6161,#6264);
#6264 = DEFINITIONAL_REPRESENTATION('',(#6265),#6269);
#6265 = LINE('',#6266,#6267);
#6266 = CARTESIAN_POINT('',(-0.,-2.166666666667));
#6267 = VECTOR('',#6268,1.);
#6268 = DIRECTION('',(-1.,-0.));
#6269 = ( GEOMETRIC_REPRESENTATION_CONTEXT(2) 
PARAMETRIC_REPRESENTATION_CONTEXT() REPRESENTATION_CONTEXT('2D SPACE',''
  ) );
#6270 = PCURVE('',#6271,#6276);
#6271 = CONICAL_SURFACE('',#6272,19.720337525919,0.20097102867);
#6272 = AXIS2_PLACEMENT_3D('',#6273,#6274,#6275);
#6273 = CARTESIAN_POINT('',(0.,0.,237.16666666666));
#6274 = DIRECTION('',(-0.,-0.,-1.));
#6275 = DIRECTION('',(1.,0.,-0.));
#6276 = DEFINITIONAL_REPRESENTATION('',(#6277),#6281);
#6277 = LINE('',#6278,#6279);
#6278 = CARTESIAN_POINT('',(-0.,-0.));
#6279 = VECTOR('',#6280,1.);
#6280 = DIRECTION('',(-1.,-0.));
#6281 = ( GEOMETRIC_REPRESENTATION_CONTEXT(2) 
PARAMETRIC_REPRESENTATION_CONTEXT() REPRESENTATION_CONTEXT('2D SPACE',''
  ) );
#6282 = ORIENTED_EDGE('',*,*,#6233,.F.);
#6283 = ADVANCED_FACE('',(#6284),#6216,.F.);
#6284 = FACE_BOUND('',#6285,.F.);
#6285 = EDGE_LOOP('',(#6286,#6287,#6310,#6337));
#6286 = ORIENTED_EDGE('',*,*,#6201,.T.);
#6287 = ORIENTED_EDGE('',*,*,#6288,.T.);
#6288 = EDGE_CURVE('',#6179,#6289,#6291,.T.);
#6289 = VERTEX_POINT('',#6290);
#6290 = CARTESIAN_POINT('',(19.791422369573,0.,226.33333333333));
#6291 = SEAM_CURVE('',#6292,(#6296,#6303),.PCURVE_S1.);
#6292 = LINE('',#6293,#6294);
#6293 = CARTESIAN_POINT('',(20.178970442643,0.,224.16666666666));
#6294 = VECTOR('',#6295,1.);
#6295 = DIRECTION('',(-0.176073873412,0.,0.984376955796));
#6296 = PCURVE('',#6216,#6297);
#6297 = DEFINITIONAL_REPRESENTATION('',(#6298),#6302);
#6298 = LINE('',#6299,#6300);
#6299 = CARTESIAN_POINT('',(-0.,-0.));
#6300 = VECTOR('',#6301,1.);
#6301 = DIRECTION('',(-0.,-1.));
#6302 = ( GEOMETRIC_REPRESENTATION_CONTEXT(2) 
PARAMETRIC_REPRESENTATION_CONTEXT() REPRESENTATION_CONTEXT('2D SPACE',''
  ) );
#6303 = PCURVE('',#6216,#6304);
#6304 = DEFINITIONAL_REPRESENTATION('',(#6305),#6309);
#6305 = LINE('',#6306,#6307);
#6306 = CARTESIAN_POINT('',(-6.28318530718,-0.));
#6307 = VECTOR('',#6308,1.);
#6308 = DIRECTION('',(-0.,-1.));
#6309 = ( GEOMETRIC_REPRESENTATION_CONTEXT(2) 
PARAMETRIC_REPRESENTATION_CONTEXT() REPRESENTATION_CONTEXT('2D SPACE',''
  ) );
#6310 = ORIENTED_EDGE('',*,*,#6311,.F.);
#6311 = EDGE_CURVE('',#6289,#6289,#6312,.T.);
#6312 = SURFACE_CURVE('',#6313,(#6318,#6325),.PCURVE_S1.);
#6313 = CIRCLE('',#6314,19.791422369573);
#6314 = AXIS2_PLACEMENT_3D('',#6315,#6316,#6317);
#6315 = CARTESIAN_POINT('',(0.,0.,226.33333333333));
#6316 = DIRECTION('',(0.,0.,1.));
#6317 = DIRECTION('',(1.,0.,-0.));
#6318 = PCURVE('',#6216,#6319);
#6319 = DEFINITIONAL_REPRESENTATION('',(#6320),#6324);
#6320 = LINE('',#6321,#6322);
#6321 = CARTESIAN_POINT('',(-0.,-2.166666666667));
#6322 = VECTOR('',#6323,1.);
#6323 = DIRECTION('',(-1.,-0.));
#6324 = ( GEOMETRIC_REPRESENTATION_CONTEXT(2) 
PARAMETRIC_REPRESENTATION_CONTEXT() REPRESENTATION_CONTEXT('2D SPACE',''
  ) );
#6325 = PCURVE('',#6326,#6331);
#6326 = CONICAL_SURFACE('',#6327,19.791422369573,0.180940635113);
#6327 = AXIS2_PLACEMENT_3D('',#6328,#6329,#6330);
#6328 = CARTESIAN_POINT('',(0.,0.,226.33333333333));
#6329 = DIRECTION('',(-0.,-0.,-1.));
#6330 = DIRECTION('',(1.,0.,-0.));
#6331 = DEFINITIONAL_REPRESENTATION('',(#6332),#6336);
#6332 = LINE('',#6333,#6334);
#6333 = CARTESIAN_POINT('',(-0.,-0.));
#6334 = VECTOR('',#6335,1.);
#6335 = DIRECTION('',(-1.,-0.));
#6336 = ( GEOMETRIC_REPRESENTATION_CONTEXT(2) 
PARAMETRIC_REPRESENTATION_CONTEXT() REPRESENTATION_CONTEXT('2D SPACE',''
  ) );
#6337 = ORIENTED_EDGE('',*,*,#6288,.F.);
#6338 = ADVANCED_FACE('',(#6339),#6271,.T.);
#6339 = FACE_BOUND('',#6340,.T.);
#6340 = EDGE_LOOP('',(#6341,#6342,#6365,#6392));
#6341 = ORIENTED_EDGE('',*,*,#6256,.T.);
#6342 = ORIENTED_EDGE('',*,*,#6343,.T.);
#6343 = EDGE_CURVE('',#6234,#6344,#6346,.T.);
#6344 = VERTEX_POINT('',#6345);
#6345 = CARTESIAN_POINT('',(19.278941669695,0.,239.33333333333));
#6346 = SEAM_CURVE('',#6347,(#6351,#6358),.PCURVE_S1.);
#6347 = LINE('',#6348,#6349);
#6348 = CARTESIAN_POINT('',(19.720337525919,0.,237.16666666666));
#6349 = VECTOR('',#6350,1.);
#6350 = DIRECTION('',(-0.199620909728,0.,0.979873202205));
#6351 = PCURVE('',#6271,#6352);
#6352 = DEFINITIONAL_REPRESENTATION('',(#6353),#6357);
#6353 = LINE('',#6354,#6355);
#6354 = CARTESIAN_POINT('',(-0.,-0.));
#6355 = VECTOR('',#6356,1.);
#6356 = DIRECTION('',(-0.,-1.));
#6357 = ( GEOMETRIC_REPRESENTATION_CONTEXT(2) 
PARAMETRIC_REPRESENTATION_CONTEXT() REPRESENTATION_CONTEXT('2D SPACE',''
  ) );
#6358 = PCURVE('',#6271,#6359);
#6359 = DEFINITIONAL_REPRESENTATION('',(#6360),#6364);
#6360 = LINE('',#6361,#6362);
#6361 = CARTESIAN_POINT('',(-6.28318530718,-0.));
#6362 = VECTOR('',#6363,1.);
#6363 = DIRECTION('',(-0.,-1.));
#6364 = ( GEOMETRIC_REPRESENTATION_CONTEXT(2) 
PARAMETRIC_REPRESENTATION_CONTEXT() REPRESENTATION_CONTEXT('2D SPACE',''
  ) );
#6365 = ORIENTED_EDGE('',*,*,#6366,.F.);
#6366 = EDGE_CURVE('',#6344,#6344,#6367,.T.);
#6367 = SURFACE_CURVE('',#6368,(#6373,#6380),.PCURVE_S1.);
#6368 = CIRCLE('',#6369,19.278941669695);
#6369 = AXIS2_PLACEMENT_3D('',#6370,#6371,#6372);
#6370 = CARTESIAN_POINT('',(0.,0.,239.33333333333));
#6371 = DIRECTION('',(0.,0.,1.));
#6372 = DIRECTION('',(1.,0.,-0.));
#6373 = PCURVE('',#6271,#6374);
#6374 = DEFINITIONAL_REPRESENTATION('',(#6375),#6379);
#6375 = LINE('',#6376,#6377);
#6376 = CARTESIAN_POINT('',(-0.,-2.166666666667));
#6377 = VECTOR('',#6378,1.);
#6378 = DIRECTION('',(-1.,-0.));
#6379 = ( GEOMETRIC_REPRESENTATION_CONTEXT(2) 
PARAMETRIC_REPRESENTATION_CONTEXT() REPRESENTATION_CONTEXT('2D SPACE',''
  ) );
#6380 = PCURVE('',#6381,#6386);
#6381 = CONICAL_SURFACE('',#6382,19.278941669695,0.20510020109);
#6382 = AXIS2_PLACEMENT_3D('',#6383,#6384,#6385);
#6383 = CARTESIAN_POINT('',(0.,0.,239.33333333333));
#6384 = DIRECTION('',(-0.,-0.,-1.));
#6385 = DIRECTION('',(1.,0.,-0.));
#6386 = DEFINITIONAL_REPRESENTATION('',(#6387),#6391);
#6387 = LINE('',#6388,#6389);
#6388 = CARTESIAN_POINT('',(-0.,-0.));
#6389 = VECTOR('',#6390,1.);
#6390 = DIRECTION('',(-1.,-0.));
#6391 = ( GEOMETRIC_REPRESENTATION_CONTEXT(2) 
PARAMETRIC_REPRESENTATION_CONTEXT() REPRESENTATION_CONTEXT('2D SPACE',''
  ) );
#6392 = ORIENTED_EDGE('',*,*,#6343,.F.);
#6393 = ADVANCED_FACE('',(#6394),#6326,.F.);
#6394 = FACE_BOUND('',#6395,.F.);
#6395 = EDGE_LOOP('',(#6396,#6397,#6420,#6447));
#6396 = ORIENTED_EDGE('',*,*,#6311,.T.);
#6397 = ORIENTED_EDGE('',*,*,#6398,.T.);
#6398 = EDGE_CURVE('',#6289,#6399,#6401,.T.);
#6399 = VERTEX_POINT('',#6400);
#6400 = CARTESIAN_POINT('',(19.395049167303,0.,228.5));
#6401 = SEAM_CURVE('',#6402,(#6406,#6413),.PCURVE_S1.);
#6402 = LINE('',#6403,#6404);
#6403 = CARTESIAN_POINT('',(19.791422369573,0.,226.33333333333));
#6404 = VECTOR('',#6405,1.);
#6405 = DIRECTION('',(-0.17995493201,0.,0.98367485606));
#6406 = PCURVE('',#6326,#6407);
#6407 = DEFINITIONAL_REPRESENTATION('',(#6408),#6412);
#6408 = LINE('',#6409,#6410);
#6409 = CARTESIAN_POINT('',(-0.,-0.));
#6410 = VECTOR('',#6411,1.);
#6411 = DIRECTION('',(-0.,-1.));
#6412 = ( GEOMETRIC_REPRESENTATION_CONTEXT(2) 
PARAMETRIC_REPRESENTATION_CONTEXT() REPRESENTATION_CONTEXT('2D SPACE',''
  ) );
#6413 = PCURVE('',#6326,#6414);
#6414 = DEFINITIONAL_REPRESENTATION('',(#6415),#6419);
#6415 = LINE('',#6416,#6417);
#6416 = CARTESIAN_POINT('',(-6.28318530718,-0.));
#6417 = VECTOR('',#6418,1.);
#6418 = DIRECTION('',(-0.,-1.));
#6419 = ( GEOMETRIC_REPRESENTATION_CONTEXT(2) 
PARAMETRIC_REPRESENTATION_CONTEXT() REPRESENTATION_CONTEXT('2D SPACE',''
  ) );
#6420 = ORIENTED_EDGE('',*,*,#6421,.F.);
#6421 = EDGE_CURVE('',#6399,#6399,#6422,.T.);
#6422 = SURFACE_CURVE('',#6423,(#6428,#6435),.PCURVE_S1.);
#6423 = CIRCLE('',#6424,19.395049167303);
#6424 = AXIS2_PLACEMENT_3D('',#6425,#6426,#6427);
#6425 = CARTESIAN_POINT('',(0.,0.,228.5));
#6426 = DIRECTION('',(0.,0.,1.));
#6427 = DIRECTION('',(1.,0.,-0.));
#6428 = PCURVE('',#6326,#6429);
#6429 = DEFINITIONAL_REPRESENTATION('',(#6430),#6434);
#6430 = LINE('',#6431,#6432);
#6431 = CARTESIAN_POINT('',(-0.,-2.166666666667));
#6432 = VECTOR('',#6433,1.);
#6433 = DIRECTION('',(-1.,-0.));
#6434 = ( GEOMETRIC_REPRESENTATION_CONTEXT(2) 
PARAMETRIC_REPRESENTATION_CONTEXT() REPRESENTATION_CONTEXT('2D SPACE',''
  ) );
#6435 = PCURVE('',#6436,#6441);
#6436 = CONICAL_SURFACE('',#6437,19.395049167303,0.184894198834);
#6437 = AXIS2_PLACEMENT_3D('',#6438,#6439,#6440);
#6438 = CARTESIAN_POINT('',(0.,0.,228.5));
#6439 = DIRECTION('',(-0.,-0.,-1.));
#6440 = DIRECTION('',(1.,0.,-0.));
#6441 = DEFINITIONAL_REPRESENTATION('',(#6442),#6446);
#6442 = LINE('',#6443,#6444);
#6443 = CARTESIAN_POINT('',(-0.,-0.));
#6444 = VECTOR('',#6445,1.);
#6445 = DIRECTION('',(-1.,-0.));
#6446 = ( GEOMETRIC_REPRESENTATION_CONTEXT(2) 
PARAMETRIC_REPRESENTATION_CONTEXT() REPRESENTATION_CONTEXT('2D SPACE',''
  ) );
#6447 = ORIENTED_EDGE('',*,*,#6398,.F.);
#6448 = ADVANCED_FACE('',(#6449),#6381,.T.);
#6449 = FACE_BOUND('',#6450,.T.);
#6450 = EDGE_LOOP('',(#6451,#6452,#6475,#6502));
#6451 = ORIENTED_EDGE('',*,*,#6366,.T.);
#6452 = ORIENTED_EDGE('',*,*,#6453,.T.);
#6453 = EDGE_CURVE('',#6344,#6454,#6456,.T.);
#6454 = VERTEX_POINT('',#6455);
#6455 = CARTESIAN_POINT('',(18.828220073302,0.,241.5));
#6456 = SEAM_CURVE('',#6457,(#6461,#6468),.PCURVE_S1.);
#6457 = LINE('',#6458,#6459);
#6458 = CARTESIAN_POINT('',(19.278941669695,0.,239.33333333333));
#6459 = VECTOR('',#6460,1.);
#6460 = DIRECTION('',(-0.203665261861,0.,0.979040581953));
#6461 = PCURVE('',#6381,#6462);
#6462 = DEFINITIONAL_REPRESENTATION('',(#6463),#6467);
#6463 = LINE('',#6464,#6465);
#6464 = CARTESIAN_POINT('',(-0.,-0.));
#6465 = VECTOR('',#6466,1.);
#6466 = DIRECTION('',(-0.,-1.));
#6467 = ( GEOMETRIC_REPRESENTATION_CONTEXT(2) 
PARAMETRIC_REPRESENTATION_CONTEXT() REPRESENTATION_CONTEXT('2D SPACE',''
  ) );
#6468 = PCURVE('',#6381,#6469);
#6469 = DEFINITIONAL_REPRESENTATION('',(#6470),#6474);
#6470 = LINE('',#6471,#6472);
#6471 = CARTESIAN_POINT('',(-6.28318530718,-0.));
#6472 = VECTOR('',#6473,1.);
#6473 = DIRECTION('',(-0.,-1.));
#6474 = ( GEOMETRIC_REPRESENTATION_CONTEXT(2) 
PARAMETRIC_REPRESENTATION_CONTEXT() REPRESENTATION_CONTEXT('2D SPACE',''
  ) );
#6475 = ORIENTED_EDGE('',*,*,#6476,.F.);
#6476 = EDGE_CURVE('',#6454,#6454,#6477,.T.);
#6477 = SURFACE_CURVE('',#6478,(#6483,#6490),.PCURVE_S1.);
#6478 = CIRCLE('',#6479,18.828220073302);
#6479 = AXIS2_PLACEMENT_3D('',#6480,#6481,#6482);
#6480 = CARTESIAN_POINT('',(0.,0.,241.5));
#6481 = DIRECTION('',(0.,0.,1.));
#6482 = DIRECTION('',(1.,0.,-0.));
#6483 = PCURVE('',#6381,#6484);
#6484 = DEFINITIONAL_REPRESENTATION('',(#6485),#6489);
#6485 = LINE('',#6486,#6487);
#6486 = CARTESIAN_POINT('',(-0.,-2.166666666667));
#6487 = VECTOR('',#6488,1.);
#6488 = DIRECTION('',(-1.,-0.));
#6489 = ( GEOMETRIC_REPRESENTATION_CONTEXT(2) 
PARAMETRIC_REPRESENTATION_CONTEXT() REPRESENTATION_CONTEXT('2D SPACE',''
  ) );
#6490 = PCURVE('',#6491,#6496);
#6491 = CONICAL_SURFACE('',#6492,18.828220073302,0.209292720497);
#6492 = AXIS2_PLACEMENT_3D('',#6493,#6494,#6495);
#6493 = CARTESIAN_POINT('',(0.,0.,241.5));
#6494 = DIRECTION('',(-0.,-0.,-1.));
#6495 = DIRECTION('',(1.,0.,-0.));
#6496 = DEFINITIONAL_REPRESENTATION('',(#6497),#6501);
#6497 = LINE('',#6498,#6499);
#6498 = CARTESIAN_POINT('',(-0.,-0.));
#6499 = VECTOR('',#6500,1.);
#6500 = DIRECTION('',(-1.,-0.));
#6501 = ( GEOMETRIC_REPRESENTATION_CONTEXT(2) 
PARAMETRIC_REPRESENTATION_CONTEXT() REPRESENTATION_CONTEXT('2D SPACE',''
  ) );
#6502 = ORIENTED_EDGE('',*,*,#6453,.F.);
#6503 = ADVANCED_FACE('',(#6504),#6436,.F.);
#6504 = FACE_BOUND('',#6505,.F.);
#6505 = EDGE_LOOP('',(#6506,#6507,#6530,#6557));
#6506 = ORIENTED_EDGE('',*,*,#6421,.T.);
#6507 = ORIENTED_EDGE('',*,*,#6508,.T.);
#6508 = EDGE_CURVE('',#6399,#6509,#6511,.T.);
#6509 = VERTEX_POINT('',#6510);
#6510 = CARTESIAN_POINT('',(18.98981677139,0.,230.66666666666));
#6511 = SEAM_CURVE('',#6512,(#6516,#6523),.PCURVE_S1.);
#6512 = LINE('',#6513,#6514);
#6513 = CARTESIAN_POINT('',(19.395049167303,0.,228.5));
#6514 = VECTOR('',#6515,1.);
#6515 = DIRECTION('',(-0.183842536698,0.,0.982955706886));
#6516 = PCURVE('',#6436,#6517);
#6517 = DEFINITIONAL_REPRESENTATION('',(#6518),#6522);
#6518 = LINE('',#6519,#6520);
#6519 = CARTESIAN_POINT('',(-0.,-0.));
#6520 = VECTOR('',#6521,1.);
#6521 = DIRECTION('',(-0.,-1.));
#6522 = ( GEOMETRIC_REPRESENTATION_CONTEXT(2) 
PARAMETRIC_REPRESENTATION_CONTEXT() REPRESENTATION_CONTEXT('2D SPACE',''
  ) );
#6523 = PCURVE('',#6436,#6524);
#6524 = DEFINITIONAL_REPRESENTATION('',(#6525),#6529);
#6525 = LINE('',#6526,#6527);
#6526 = CARTESIAN_POINT('',(-6.28318530718,-0.));
#6527 = VECTOR('',#6528,1.);
#6528 = DIRECTION('',(-0.,-1.));
#6529 = ( GEOMETRIC_REPRESENTATION_CONTEXT(2) 
PARAMETRIC_REPRESENTATION_CONTEXT() REPRESENTATION_CONTEXT('2D SPACE',''
  ) );
#6530 = ORIENTED_EDGE('',*,*,#6531,.F.);
#6531 = EDGE_CURVE('',#6509,#6509,#6532,.T.);
#6532 = SURFACE_CURVE('',#6533,(#6538,#6545),.PCURVE_S1.);
#6533 = CIRCLE('',#6534,18.98981677139);
#6534 = AXIS2_PLACEMENT_3D('',#6535,#6536,#6537);
#6535 = CARTESIAN_POINT('',(0.,0.,230.66666666666));
#6536 = DIRECTION('',(0.,0.,1.));
#6537 = DIRECTION('',(1.,0.,-0.));
#6538 = PCURVE('',#6436,#6539);
#6539 = DEFINITIONAL_REPRESENTATION('',(#6540),#6544);
#6540 = LINE('',#6541,#6542);
#6541 = CARTESIAN_POINT('',(-0.,-2.166666666667));
#6542 = VECTOR('',#6543,1.);
#6543 = DIRECTION('',(-1.,-0.));
#6544 = ( GEOMETRIC_REPRESENTATION_CONTEXT(2) 
PARAMETRIC_REPRESENTATION_CONTEXT() REPRESENTATION_CONTEXT('2D SPACE',''
  ) );
#6545 = PCURVE('',#6546,#6551);
#6546 = CONICAL_SURFACE('',#6547,18.98981677139,0.188865500782);
#6547 = AXIS2_PLACEMENT_3D('',#6548,#6549,#6550);
#6548 = CARTESIAN_POINT('',(0.,0.,230.66666666666));
#6549 = DIRECTION('',(-0.,-0.,-1.));
#6550 = DIRECTION('',(1.,0.,-0.));
#6551 = DEFINITIONAL_REPRESENTATION('',(#6552),#6556);
#6552 = LINE('',#6553,#6554);
#6553 = CARTESIAN_POINT('',(-0.,-0.));
#6554 = VECTOR('',#6555,1.);
#6555 = DIRECTION('',(-1.,-0.));
#6556 = ( GEOMETRIC_REPRESENTATION_CONTEXT(2) 
PARAMETRIC_REPRESENTATION_CONTEXT() REPRESENTATION_CONTEXT('2D SPACE',''
  ) );
#6557 = ORIENTED_EDGE('',*,*,#6508,.F.);
#6558 = ADVANCED_FACE('',(#6559),#6491,.T.);
#6559 = FACE_BOUND('',#6560,.T.);
#6560 = EDGE_LOOP('',(#6561,#6562,#6585,#6612));
#6561 = ORIENTED_EDGE('',*,*,#6476,.T.);
#6562 = ORIENTED_EDGE('',*,*,#6563,.T.);
#6563 = EDGE_CURVE('',#6454,#6564,#6566,.T.);
#6564 = VERTEX_POINT('',#6565);
#6565 = CARTESIAN_POINT('',(18.368013259764,0.,243.66666666666));
#6566 = SEAM_CURVE('',#6567,(#6571,#6578),.PCURVE_S1.);
#6567 = LINE('',#6568,#6569);
#6568 = CARTESIAN_POINT('',(18.828220073302,0.,241.5));
#6569 = VECTOR('',#6570,1.);
#6570 = DIRECTION('',(-0.207768106544,0.,0.978178109499));
#6571 = PCURVE('',#6491,#6572);
#6572 = DEFINITIONAL_REPRESENTATION('',(#6573),#6577);
#6573 = LINE('',#6574,#6575);
#6574 = CARTESIAN_POINT('',(-0.,-0.));
#6575 = VECTOR('',#6576,1.);
#6576 = DIRECTION('',(-0.,-1.));
#6577 = ( GEOMETRIC_REPRESENTATION_CONTEXT(2) 
PARAMETRIC_REPRESENTATION_CONTEXT() REPRESENTATION_CONTEXT('2D SPACE',''
  ) );
#6578 = PCURVE('',#6491,#6579);
#6579 = DEFINITIONAL_REPRESENTATION('',(#6580),#6584);
#6580 = LINE('',#6581,#6582);
#6581 = CARTESIAN_POINT('',(-6.28318530718,-0.));
#6582 = VECTOR('',#6583,1.);
#6583 = DIRECTION('',(-0.,-1.));
#6584 = ( GEOMETRIC_REPRESENTATION_CONTEXT(2) 
PARAMETRIC_REPRESENTATION_CONTEXT() REPRESENTATION_CONTEXT('2D SPACE',''
  ) );
#6585 = ORIENTED_EDGE('',*,*,#6586,.F.);
#6586 = EDGE_CURVE('',#6564,#6564,#6587,.T.);
#6587 = SURFACE_CURVE('',#6588,(#6593,#6600),.PCURVE_S1.);
#6588 = CIRCLE('',#6589,18.368013259764);
#6589 = AXIS2_PLACEMENT_3D('',#6590,#6591,#6592);
#6590 = CARTESIAN_POINT('',(0.,0.,243.66666666666));
#6591 = DIRECTION('',(0.,0.,1.));
#6592 = DIRECTION('',(1.,0.,-0.));
#6593 = PCURVE('',#6491,#6594);
#6594 = DEFINITIONAL_REPRESENTATION('',(#6595),#6599);
#6595 = LINE('',#6596,#6597);
#6596 = CARTESIAN_POINT('',(-0.,-2.166666666667));
#6597 = VECTOR('',#6598,1.);
#6598 = DIRECTION('',(-1.,-0.));
#6599 = ( GEOMETRIC_REPRESENTATION_CONTEXT(2) 
PARAMETRIC_REPRESENTATION_CONTEXT() REPRESENTATION_CONTEXT('2D SPACE',''
  ) );
#6600 = PCURVE('',#6601,#6606);
#6601 = CONICAL_SURFACE('',#6602,18.368013259764,0.213559464727);
#6602 = AXIS2_PLACEMENT_3D('',#6603,#6604,#6605);
#6603 = CARTESIAN_POINT('',(0.,0.,243.66666666666));
#6604 = DIRECTION('',(-0.,-0.,-1.));
#6605 = DIRECTION('',(1.,0.,-0.));
#6606 = DEFINITIONAL_REPRESENTATION('',(#6607),#6611);
#6607 = LINE('',#6608,#6609);
#6608 = CARTESIAN_POINT('',(-0.,-0.));
#6609 = VECTOR('',#6610,1.);
#6610 = DIRECTION('',(-1.,-0.));
#6611 = ( GEOMETRIC_REPRESENTATION_CONTEXT(2) 
PARAMETRIC_REPRESENTATION_CONTEXT() REPRESENTATION_CONTEXT('2D SPACE',''
  ) );
#6612 = ORIENTED_EDGE('',*,*,#6563,.F.);
#6613 = ADVANCED_FACE('',(#6614),#6546,.F.);
#6614 = FACE_BOUND('',#6615,.F.);
#6615 = EDGE_LOOP('',(#6616,#6617,#6640,#6667));
#6616 = ORIENTED_EDGE('',*,*,#6531,.T.);
#6617 = ORIENTED_EDGE('',*,*,#6618,.T.);
#6618 = EDGE_CURVE('',#6509,#6619,#6621,.T.);
#6619 = VERTEX_POINT('',#6620);
#6620 = CARTESIAN_POINT('',(18.575672233583,0.,232.83333333333));
#6621 = SEAM_CURVE('',#6622,(#6626,#6633),.PCURVE_S1.);
#6622 = LINE('',#6623,#6624);
#6623 = CARTESIAN_POINT('',(18.98981677139,0.,230.66666666666));
#6624 = VECTOR('',#6625,1.);
#6625 = DIRECTION('',(-0.18774469064,0.,0.982217863377));
#6626 = PCURVE('',#6546,#6627);
#6627 = DEFINITIONAL_REPRESENTATION('',(#6628),#6632);
#6628 = LINE('',#6629,#6630);
#6629 = CARTESIAN_POINT('',(-0.,-0.));
#6630 = VECTOR('',#6631,1.);
#6631 = DIRECTION('',(-0.,-1.));
#6632 = ( GEOMETRIC_REPRESENTATION_CONTEXT(2) 
PARAMETRIC_REPRESENTATION_CONTEXT() REPRESENTATION_CONTEXT('2D SPACE',''
  ) );
#6633 = PCURVE('',#6546,#6634);
#6634 = DEFINITIONAL_REPRESENTATION('',(#6635),#6639);
#6635 = LINE('',#6636,#6637);
#6636 = CARTESIAN_POINT('',(-6.28318530718,-0.));
#6637 = VECTOR('',#6638,1.);
#6638 = DIRECTION('',(-0.,-1.));
#6639 = ( GEOMETRIC_REPRESENTATION_CONTEXT(2) 
PARAMETRIC_REPRESENTATION_CONTEXT() REPRESENTATION_CONTEXT('2D SPACE',''
  ) );
#6640 = ORIENTED_EDGE('',*,*,#6641,.F.);
#6641 = EDGE_CURVE('',#6619,#6619,#6642,.T.);
#6642 = SURFACE_CURVE('',#6643,(#6648,#6655),.PCURVE_S1.);
#6643 = CIRCLE('',#6644,18.575672233583);
#6644 = AXIS2_PLACEMENT_3D('',#6645,#6646,#6647);
#6645 = CARTESIAN_POINT('',(0.,0.,232.83333333333));
#6646 = DIRECTION('',(0.,0.,1.));
#6647 = DIRECTION('',(1.,0.,-0.));
#6648 = PCURVE('',#6546,#6649);
#6649 = DEFINITIONAL_REPRESENTATION('',(#6650),#6654);
#6650 = LINE('',#6651,#6652);
#6651 = CARTESIAN_POINT('',(-0.,-2.166666666667));
#6652 = VECTOR('',#6653,1.);
#6653 = DIRECTION('',(-1.,-0.));
#6654 = ( GEOMETRIC_REPRESENTATION_CONTEXT(2) 
PARAMETRIC_REPRESENTATION_CONTEXT() REPRESENTATION_CONTEXT('2D SPACE',''
  ) );
#6655 = PCURVE('',#6656,#6661);
#6656 = CONICAL_SURFACE('',#6657,18.575672233583,0.192862921882);
#6657 = AXIS2_PLACEMENT_3D('',#6658,#6659,#6660);
#6658 = CARTESIAN_POINT('',(0.,0.,232.83333333333));
#6659 = DIRECTION('',(-0.,-0.,-1.));
#6660 = DIRECTION('',(1.,0.,-0.));
#6661 = DEFINITIONAL_REPRESENTATION('',(#6662),#6666);
#6662 = LINE('',#6663,#6664);
#6663 = CARTESIAN_POINT('',(-0.,-0.));
#6664 = VECTOR('',#6665,1.);
#6665 = DIRECTION('',(-1.,-0.));
#6666 = ( GEOMETRIC_REPRESENTATION_CONTEXT(2) 
PARAMETRIC_REPRESENTATION_CONTEXT() REPRESENTATION_CONTEXT('2D SPACE',''
  ) );
#6667 = ORIENTED_EDGE('',*,*,#6618,.F.);
#6668 = ADVANCED_FACE('',(#6669),#6601,.T.);
#6669 = FACE_BOUND('',#6670,.T.);
#6670 = EDGE_LOOP('',(#6671,#6672,#6695,#6722));
#6671 = ORIENTED_EDGE('',*,*,#6586,.T.);
#6672 = ORIENTED_EDGE('',*,*,#6673,.T.);
#6673 = EDGE_CURVE('',#6564,#6674,#6676,.T.);
#6674 = VERTEX_POINT('',#6675);
#6675 = CARTESIAN_POINT('',(17.898135939375,0.,245.83333333333));
#6676 = SEAM_CURVE('',#6677,(#6681,#6688),.PCURVE_S1.);
#6677 = LINE('',#6678,#6679);
#6678 = CARTESIAN_POINT('',(18.368013259764,0.,243.66666666666));
#6679 = VECTOR('',#6680,1.);
#6680 = DIRECTION('',(-0.211939838467,0.,0.977282714914));
#6681 = PCURVE('',#6601,#6682);
#6682 = DEFINITIONAL_REPRESENTATION('',(#6683),#6687);
#6683 = LINE('',#6684,#6685);
#6684 = CARTESIAN_POINT('',(-0.,-0.));
#6685 = VECTOR('',#6686,1.);
#6686 = DIRECTION('',(-0.,-1.));
#6687 = ( GEOMETRIC_REPRESENTATION_CONTEXT(2) 
PARAMETRIC_REPRESENTATION_CONTEXT() REPRESENTATION_CONTEXT('2D SPACE',''
  ) );
#6688 = PCURVE('',#6601,#6689);
#6689 = DEFINITIONAL_REPRESENTATION('',(#6690),#6694);
#6690 = LINE('',#6691,#6692);
#6691 = CARTESIAN_POINT('',(-6.28318530718,-0.));
#6692 = VECTOR('',#6693,1.);
#6693 = DIRECTION('',(-0.,-1.));
#6694 = ( GEOMETRIC_REPRESENTATION_CONTEXT(2) 
PARAMETRIC_REPRESENTATION_CONTEXT() REPRESENTATION_CONTEXT('2D SPACE',''
  ) );
#6695 = ORIENTED_EDGE('',*,*,#6696,.F.);
#6696 = EDGE_CURVE('',#6674,#6674,#6697,.T.);
#6697 = SURFACE_CURVE('',#6698,(#6703,#6710),.PCURVE_S1.);
#6698 = CIRCLE('',#6699,17.898135939375);
#6699 = AXIS2_PLACEMENT_3D('',#6700,#6701,#6702);
#6700 = CARTESIAN_POINT('',(0.,0.,245.83333333333));
#6701 = DIRECTION('',(0.,0.,1.));
#6702 = DIRECTION('',(1.,0.,-0.));
#6703 = PCURVE('',#6601,#6704);
#6704 = DEFINITIONAL_REPRESENTATION('',(#6705),#6709);
#6705 = LINE('',#6706,#6707);
#6706 = CARTESIAN_POINT('',(-0.,-2.166666666667));
#6707 = VECTOR('',#6708,1.);
#6708 = DIRECTION('',(-1.,-0.));
#6709 = ( GEOMETRIC_REPRESENTATION_CONTEXT(2) 
PARAMETRIC_REPRESENTATION_CONTEXT() REPRESENTATION_CONTEXT('2D SPACE',''
  ) );
#6710 = PCURVE('',#6711,#6716);
#6711 = CONICAL_SURFACE('',#6712,17.898135939375,0.217912261119);
#6712 = AXIS2_PLACEMENT_3D('',#6713,#6714,#6715);
#6713 = CARTESIAN_POINT('',(0.,0.,245.83333333333));
#6714 = DIRECTION('',(-0.,-0.,-1.));
#6715 = DIRECTION('',(1.,0.,-0.));
#6716 = DEFINITIONAL_REPRESENTATION('',(#6717),#6721);
#6717 = LINE('',#6718,#6719);
#6718 = CARTESIAN_POINT('',(-0.,-0.));
#6719 = VECTOR('',#6720,1.);
#6720 = DIRECTION('',(-1.,-0.));
#6721 = ( GEOMETRIC_REPRESENTATION_CONTEXT(2) 
PARAMETRIC_REPRESENTATION_CONTEXT() REPRESENTATION_CONTEXT('2D SPACE',''
  ) );
#6722 = ORIENTED_EDGE('',*,*,#6673,.F.);
#6723 = ADVANCED_FACE('',(#6724),#6656,.F.);
#6724 = FACE_BOUND('',#6725,.F.);
#6725 = EDGE_LOOP('',(#6726,#6727,#6750,#6777));
#6726 = ORIENTED_EDGE('',*,*,#6641,.T.);
#6727 = ORIENTED_EDGE('',*,*,#6728,.T.);
#6728 = EDGE_CURVE('',#6619,#6729,#6731,.T.);
#6729 = VERTEX_POINT('',#6730);
#6730 = CARTESIAN_POINT('',(18.152543263817,0.,235.));
#6731 = SEAM_CURVE('',#6732,(#6736,#6743),.PCURVE_S1.);
#6732 = LINE('',#6733,#6734);
#6733 = CARTESIAN_POINT('',(18.575672233583,0.,232.83333333333));
#6734 = VECTOR('',#6735,1.);
#6735 = DIRECTION('',(-0.191669518575,0.,0.981459523184));
#6736 = PCURVE('',#6656,#6737);
#6737 = DEFINITIONAL_REPRESENTATION('',(#6738),#6742);
#6738 = LINE('',#6739,#6740);
#6739 = CARTESIAN_POINT('',(-0.,-0.));
#6740 = VECTOR('',#6741,1.);
#6741 = DIRECTION('',(-0.,-1.));
#6742 = ( GEOMETRIC_REPRESENTATION_CONTEXT(2) 
PARAMETRIC_REPRESENTATION_CONTEXT() REPRESENTATION_CONTEXT('2D SPACE',''
  ) );
#6743 = PCURVE('',#6656,#6744);
#6744 = DEFINITIONAL_REPRESENTATION('',(#6745),#6749);
#6745 = LINE('',#6746,#6747);
#6746 = CARTESIAN_POINT('',(-6.28318530718,-0.));
#6747 = VECTOR('',#6748,1.);
#6748 = DIRECTION('',(-0.,-1.));
#6749 = ( GEOMETRIC_REPRESENTATION_CONTEXT(2) 
PARAMETRIC_REPRESENTATION_CONTEXT() REPRESENTATION_CONTEXT('2D SPACE',''
  ) );
#6750 = ORIENTED_EDGE('',*,*,#6751,.F.);
#6751 = EDGE_CURVE('',#6729,#6729,#6752,.T.);
#6752 = SURFACE_CURVE('',#6753,(#6758,#6765),.PCURVE_S1.);
#6753 = CIRCLE('',#6754,18.152543263817);
#6754 = AXIS2_PLACEMENT_3D('',#6755,#6756,#6757);
#6755 = CARTESIAN_POINT('',(0.,0.,235.));
#6756 = DIRECTION('',(0.,0.,1.));
#6757 = DIRECTION('',(1.,0.,-0.));
#6758 = PCURVE('',#6656,#6759);
#6759 = DEFINITIONAL_REPRESENTATION('',(#6760),#6764);
#6760 = LINE('',#6761,#6762);
#6761 = CARTESIAN_POINT('',(-0.,-2.166666666667));
#6762 = VECTOR('',#6763,1.);
#6763 = DIRECTION('',(-1.,-0.));
#6764 = ( GEOMETRIC_REPRESENTATION_CONTEXT(2) 
PARAMETRIC_REPRESENTATION_CONTEXT() REPRESENTATION_CONTEXT('2D SPACE',''
  ) );
#6765 = PCURVE('',#6766,#6771);
#6766 = CONICAL_SURFACE('',#6767,18.152543263817,0.196895097629);
#6767 = AXIS2_PLACEMENT_3D('',#6768,#6769,#6770);
#6768 = CARTESIAN_POINT('',(0.,0.,235.));
#6769 = DIRECTION('',(-0.,-0.,-1.));
#6770 = DIRECTION('',(1.,0.,-0.));
#6771 = DEFINITIONAL_REPRESENTATION('',(#6772),#6776);
#6772 = LINE('',#6773,#6774);
#6773 = CARTESIAN_POINT('',(-0.,-0.));
#6774 = VECTOR('',#6775,1.);
#6775 = DIRECTION('',(-1.,-0.));
#6776 = ( GEOMETRIC_REPRESENTATION_CONTEXT(2) 
PARAMETRIC_REPRESENTATION_CONTEXT() REPRESENTATION_CONTEXT('2D SPACE',''
  ) );
#6777 = ORIENTED_EDGE('',*,*,#6728,.F.);
#6778 = ADVANCED_FACE('',(#6779),#6711,.T.);
#6779 = FACE_BOUND('',#6780,.T.);
#6780 = EDGE_LOOP('',(#6781,#6782,#6805,#6832));
#6781 = ORIENTED_EDGE('',*,*,#6696,.T.);
#6782 = ORIENTED_EDGE('',*,*,#6783,.T.);
#6783 = EDGE_CURVE('',#6674,#6784,#6786,.T.);
#6784 = VERTEX_POINT('',#6785);
#6785 = CARTESIAN_POINT('',(17.418374614764,0.,248.));
#6786 = SEAM_CURVE('',#6787,(#6791,#6798),.PCURVE_S1.);
#6787 = LINE('',#6788,#6789);
#6788 = CARTESIAN_POINT('',(17.898135939375,0.,245.83333333333));
#6789 = VECTOR('',#6790,1.);
#6790 = DIRECTION('',(-0.216191729919,0.,0.97635092867));
#6791 = PCURVE('',#6711,#6792);
#6792 = DEFINITIONAL_REPRESENTATION('',(#6793),#6797);
#6793 = LINE('',#6794,#6795);
#6794 = CARTESIAN_POINT('',(-0.,-0.));
#6795 = VECTOR('',#6796,1.);
#6796 = DIRECTION('',(-0.,-1.));
#6797 = ( GEOMETRIC_REPRESENTATION_CONTEXT(2) 
PARAMETRIC_REPRESENTATION_CONTEXT() REPRESENTATION_CONTEXT('2D SPACE',''
  ) );
#6798 = PCURVE('',#6711,#6799);
#6799 = DEFINITIONAL_REPRESENTATION('',(#6800),#6804);
#6800 = LINE('',#6801,#6802);
#6801 = CARTESIAN_POINT('',(-6.28318530718,-0.));
#6802 = VECTOR('',#6803,1.);
#6803 = DIRECTION('',(-0.,-1.));
#6804 = ( GEOMETRIC_REPRESENTATION_CONTEXT(2) 
PARAMETRIC_REPRESENTATION_CONTEXT() REPRESENTATION_CONTEXT('2D SPACE',''
  ) );
#6805 = ORIENTED_EDGE('',*,*,#6806,.F.);
#6806 = EDGE_CURVE('',#6784,#6784,#6807,.T.);
#6807 = SURFACE_CURVE('',#6808,(#6813,#6820),.PCURVE_S1.);
#6808 = CIRCLE('',#6809,17.418374614764);
#6809 = AXIS2_PLACEMENT_3D('',#6810,#6811,#6812);
#6810 = CARTESIAN_POINT('',(0.,0.,248.));
#6811 = DIRECTION('',(0.,0.,1.));
#6812 = DIRECTION('',(1.,0.,-0.));
#6813 = PCURVE('',#6711,#6814);
#6814 = DEFINITIONAL_REPRESENTATION('',(#6815),#6819);
#6815 = LINE('',#6816,#6817);
#6816 = CARTESIAN_POINT('',(-0.,-2.166666666667));
#6817 = VECTOR('',#6818,1.);
#6818 = DIRECTION('',(-1.,-0.));
#6819 = ( GEOMETRIC_REPRESENTATION_CONTEXT(2) 
PARAMETRIC_REPRESENTATION_CONTEXT() REPRESENTATION_CONTEXT('2D SPACE',''
  ) );
#6820 = PCURVE('',#6821,#6826);
#6821 = CONICAL_SURFACE('',#6822,17.418374614764,0.222364095805);
#6822 = AXIS2_PLACEMENT_3D('',#6823,#6824,#6825);
#6823 = CARTESIAN_POINT('',(0.,0.,248.));
#6824 = DIRECTION('',(-0.,-0.,-1.));
#6825 = DIRECTION('',(1.,0.,-0.));
#6826 = DEFINITIONAL_REPRESENTATION('',(#6827),#6831);
#6827 = LINE('',#6828,#6829);
#6828 = CARTESIAN_POINT('',(-0.,-0.));
#6829 = VECTOR('',#6830,1.);
#6830 = DIRECTION('',(-1.,-0.));
#6831 = ( GEOMETRIC_REPRESENTATION_CONTEXT(2) 
PARAMETRIC_REPRESENTATION_CONTEXT() REPRESENTATION_CONTEXT('2D SPACE',''
  ) );
#6832 = ORIENTED_EDGE('',*,*,#6783,.F.);
#6833 = ADVANCED_FACE('',(#6834),#6766,.F.);
#6834 = FACE_BOUND('',#6835,.F.);
#6835 = EDGE_LOOP('',(#6836,#6837,#6860,#6887));
#6836 = ORIENTED_EDGE('',*,*,#6751,.T.);
#6837 = ORIENTED_EDGE('',*,*,#6838,.T.);
#6838 = EDGE_CURVE('',#6729,#6839,#6841,.T.);
#6839 = VERTEX_POINT('',#6840);
#6840 = CARTESIAN_POINT('',(17.720337525919,0.,237.16666666666));
#6841 = SEAM_CURVE('',#6842,(#6846,#6853),.PCURVE_S1.);
#6842 = LINE('',#6843,#6844);
#6843 = CARTESIAN_POINT('',(18.152543263817,0.,235.));
#6844 = VECTOR('',#6845,1.);
#6845 = DIRECTION('',(-0.195625367016,0.,0.980678701604));
#6846 = PCURVE('',#6766,#6847);
#6847 = DEFINITIONAL_REPRESENTATION('',(#6848),#6852);
#6848 = LINE('',#6849,#6850);
#6849 = CARTESIAN_POINT('',(-0.,-0.));
#6850 = VECTOR('',#6851,1.);
#6851 = DIRECTION('',(-0.,-1.));
#6852 = ( GEOMETRIC_REPRESENTATION_CONTEXT(2) 
PARAMETRIC_REPRESENTATION_CONTEXT() REPRESENTATION_CONTEXT('2D SPACE',''
  ) );
#6853 = PCURVE('',#6766,#6854);
#6854 = DEFINITIONAL_REPRESENTATION('',(#6855),#6859);
#6855 = LINE('',#6856,#6857);
#6856 = CARTESIAN_POINT('',(-6.28318530718,-0.));
#6857 = VECTOR('',#6858,1.);
#6858 = DIRECTION('',(-0.,-1.));
#6859 = ( GEOMETRIC_REPRESENTATION_CONTEXT(2) 
PARAMETRIC_REPRESENTATION_CONTEXT() REPRESENTATION_CONTEXT('2D SPACE',''
  ) );
#6860 = ORIENTED_EDGE('',*,*,#6861,.F.);
#6861 = EDGE_CURVE('',#6839,#6839,#6862,.T.);
#6862 = SURFACE_CURVE('',#6863,(#6868,#6875),.PCURVE_S1.);
#6863 = CIRCLE('',#6864,17.720337525919);
#6864 = AXIS2_PLACEMENT_3D('',#6865,#6866,#6867);
#6865 = CARTESIAN_POINT('',(0.,0.,237.16666666666));
#6866 = DIRECTION('',(0.,0.,1.));
#6867 = DIRECTION('',(1.,0.,-0.));
#6868 = PCURVE('',#6766,#6869);
#6869 = DEFINITIONAL_REPRESENTATION('',(#6870),#6874);
#6870 = LINE('',#6871,#6872);
#6871 = CARTESIAN_POINT('',(-0.,-2.166666666667));
#6872 = VECTOR('',#6873,1.);
#6873 = DIRECTION('',(-1.,-0.));
#6874 = ( GEOMETRIC_REPRESENTATION_CONTEXT(2) 
PARAMETRIC_REPRESENTATION_CONTEXT() REPRESENTATION_CONTEXT('2D SPACE',''
  ) );
#6875 = PCURVE('',#6876,#6881);
#6876 = CONICAL_SURFACE('',#6877,17.720337525919,0.20097102867);
#6877 = AXIS2_PLACEMENT_3D('',#6878,#6879,#6880);
#6878 = CARTESIAN_POINT('',(0.,0.,237.16666666666));
#6879 = DIRECTION('',(-0.,-0.,-1.));
#6880 = DIRECTION('',(1.,0.,-0.));
#6881 = DEFINITIONAL_REPRESENTATION('',(#6882),#6886);
#6882 = LINE('',#6883,#6884);
#6883 = CARTESIAN_POINT('',(-0.,-0.));
#6884 = VECTOR('',#6885,1.);
#6885 = DIRECTION('',(-1.,-0.));
#6886 = ( GEOMETRIC_REPRESENTATION_CONTEXT(2) 
PARAMETRIC_REPRESENTATION_CONTEXT() REPRESENTATION_CONTEXT('2D SPACE',''
  ) );
#6887 = ORIENTED_EDGE('',*,*,#6838,.F.);
#6888 = ADVANCED_FACE('',(#6889),#6821,.T.);
#6889 = FACE_BOUND('',#6890,.T.);
#6890 = EDGE_LOOP('',(#6891,#6892,#6915,#6942));
#6891 = ORIENTED_EDGE('',*,*,#6806,.T.);
#6892 = ORIENTED_EDGE('',*,*,#6893,.T.);
#6893 = EDGE_CURVE('',#6784,#6894,#6896,.T.);
#6894 = VERTEX_POINT('',#6895);
#6895 = CARTESIAN_POINT('',(16.928484666427,0.,250.16666666666));
#6896 = SEAM_CURVE('',#6897,(#6901,#6908),.PCURVE_S1.);
#6897 = LINE('',#6898,#6899);
#6898 = CARTESIAN_POINT('',(17.418374614764,0.,248.));
#6899 = VECTOR('',#6900,1.);
#6900 = DIRECTION('',(-0.220536126161,0.,0.975378806955));
#6901 = PCURVE('',#6821,#6902);
#6902 = DEFINITIONAL_REPRESENTATION('',(#6903),#6907);
#6903 = LINE('',#6904,#6905);
#6904 = CARTESIAN_POINT('',(-0.,-0.));
#6905 = VECTOR('',#6906,1.);
#6906 = DIRECTION('',(-0.,-1.));
#6907 = ( GEOMETRIC_REPRESENTATION_CONTEXT(2) 
PARAMETRIC_REPRESENTATION_CONTEXT() REPRESENTATION_CONTEXT('2D SPACE',''
  ) );
#6908 = PCURVE('',#6821,#6909);
#6909 = DEFINITIONAL_REPRESENTATION('',(#6910),#6914);
#6910 = LINE('',#6911,#6912);
#6911 = CARTESIAN_POINT('',(-6.28318530718,-0.));
#6912 = VECTOR('',#6913,1.);
#6913 = DIRECTION('',(-0.,-1.));
#6914 = ( GEOMETRIC_REPRESENTATION_CONTEXT(2) 
PARAMETRIC_REPRESENTATION_CONTEXT() REPRESENTATION_CONTEXT('2D SPACE',''
  ) );
#6915 = ORIENTED_EDGE('',*,*,#6916,.F.);
#6916 = EDGE_CURVE('',#6894,#6894,#6917,.T.);
#6917 = SURFACE_CURVE('',#6918,(#6923,#6930),.PCURVE_S1.);
#6918 = CIRCLE('',#6919,16.928484666427);
#6919 = AXIS2_PLACEMENT_3D('',#6920,#6921,#6922);
#6920 = CARTESIAN_POINT('',(0.,0.,250.16666666666));
#6921 = DIRECTION('',(0.,0.,1.));
#6922 = DIRECTION('',(1.,0.,-0.));
#6923 = PCURVE('',#6821,#6924);
#6924 = DEFINITIONAL_REPRESENTATION('',(#6925),#6929);
#6925 = LINE('',#6926,#6927);
#6926 = CARTESIAN_POINT('',(-0.,-2.166666666667));
#6927 = VECTOR('',#6928,1.);
#6928 = DIRECTION('',(-1.,-0.));
#6929 = ( GEOMETRIC_REPRESENTATION_CONTEXT(2) 
PARAMETRIC_REPRESENTATION_CONTEXT() REPRESENTATION_CONTEXT('2D SPACE',''
  ) );
#6930 = PCURVE('',#6931,#6936);
#6931 = CONICAL_SURFACE('',#6932,16.928484666427,0.226929364603);
#6932 = AXIS2_PLACEMENT_3D('',#6933,#6934,#6935);
#6933 = CARTESIAN_POINT('',(0.,0.,250.16666666666));
#6934 = DIRECTION('',(-0.,-0.,-1.));
#6935 = DIRECTION('',(1.,0.,-0.));
#6936 = DEFINITIONAL_REPRESENTATION('',(#6937),#6941);
#6937 = LINE('',#6938,#6939);
#6938 = CARTESIAN_POINT('',(-0.,-0.));
#6939 = VECTOR('',#6940,1.);
#6940 = DIRECTION('',(-1.,-0.));
#6941 = ( GEOMETRIC_REPRESENTATION_CONTEXT(2) 
PARAMETRIC_REPRESENTATION_CONTEXT() REPRESENTATION_CONTEXT('2D SPACE',''
  ) );
#6942 = ORIENTED_EDGE('',*,*,#6893,.F.);
#6943 = ADVANCED_FACE('',(#6944),#6876,.F.);
#6944 = FACE_BOUND('',#6945,.F.);
#6945 = EDGE_LOOP('',(#6946,#6947,#6970,#6997));
#6946 = ORIENTED_EDGE('',*,*,#6861,.T.);
#6947 = ORIENTED_EDGE('',*,*,#6948,.T.);
#6948 = EDGE_CURVE('',#6839,#6949,#6951,.T.);
#6949 = VERTEX_POINT('',#6950);
#6950 = CARTESIAN_POINT('',(17.278941669695,0.,239.33333333333));
#6951 = SEAM_CURVE('',#6952,(#6956,#6963),.PCURVE_S1.);
#6952 = LINE('',#6953,#6954);
#6953 = CARTESIAN_POINT('',(17.720337525919,0.,237.16666666666));
#6954 = VECTOR('',#6955,1.);
#6955 = DIRECTION('',(-0.199620909728,0.,0.979873202205));
#6956 = PCURVE('',#6876,#6957);
#6957 = DEFINITIONAL_REPRESENTATION('',(#6958),#6962);
#6958 = LINE('',#6959,#6960);
#6959 = CARTESIAN_POINT('',(-0.,-0.));
#6960 = VECTOR('',#6961,1.);
#6961 = DIRECTION('',(-0.,-1.));
#6962 = ( GEOMETRIC_REPRESENTATION_CONTEXT(2) 
PARAMETRIC_REPRESENTATION_CONTEXT() REPRESENTATION_CONTEXT('2D SPACE',''
  ) );
#6963 = PCURVE('',#6876,#6964);
#6964 = DEFINITIONAL_REPRESENTATION('',(#6965),#6969);
#6965 = LINE('',#6966,#6967);
#6966 = CARTESIAN_POINT('',(-6.28318530718,-0.));
#6967 = VECTOR('',#6968,1.);
#6968 = DIRECTION('',(-0.,-1.));
#6969 = ( GEOMETRIC_REPRESENTATION_CONTEXT(2) 
PARAMETRIC_REPRESENTATION_CONTEXT() REPRESENTATION_CONTEXT('2D SPACE',''
  ) );
#6970 = ORIENTED_EDGE('',*,*,#6971,.F.);
#6971 = EDGE_CURVE('',#6949,#6949,#6972,.T.);
#6972 = SURFACE_CURVE('',#6973,(#6978,#6985),.PCURVE_S1.);
#6973 = CIRCLE('',#6974,17.278941669695);
#6974 = AXIS2_PLACEMENT_3D('',#6975,#6976,#6977);
#6975 = CARTESIAN_POINT('',(0.,0.,239.33333333333));
#6976 = DIRECTION('',(0.,0.,1.));
#6977 = DIRECTION('',(1.,0.,-0.));
#6978 = PCURVE('',#6876,#6979);
#6979 = DEFINITIONAL_REPRESENTATION('',(#6980),#6984);
#6980 = LINE('',#6981,#6982);
#6981 = CARTESIAN_POINT('',(-0.,-2.166666666667));
#6982 = VECTOR('',#6983,1.);
#6983 = DIRECTION('',(-1.,-0.));
#6984 = ( GEOMETRIC_REPRESENTATION_CONTEXT(2) 
PARAMETRIC_REPRESENTATION_CONTEXT() REPRESENTATION_CONTEXT('2D SPACE',''
  ) );
#6985 = PCURVE('',#6986,#6991);
#6986 = CONICAL_SURFACE('',#6987,17.278941669695,0.20510020109);
#6987 = AXIS2_PLACEMENT_3D('',#6988,#6989,#6990);
#6988 = CARTESIAN_POINT('',(0.,0.,239.33333333333));
#6989 = DIRECTION('',(-0.,-0.,-1.));
#6990 = DIRECTION('',(1.,0.,-0.));
#6991 = DEFINITIONAL_REPRESENTATION('',(#6992),#6996);
#6992 = LINE('',#6993,#6994);
#6993 = CARTESIAN_POINT('',(-0.,-0.));
#6994 = VECTOR('',#6995,1.);
#6995 = DIRECTION('',(-1.,-0.));
#6996 = ( GEOMETRIC_REPRESENTATION_CONTEXT(2) 
PARAMETRIC_REPRESENTATION_CONTEXT() REPRESENTATION_CONTEXT('2D SPACE',''
  ) );
#6997 = ORIENTED_EDGE('',*,*,#6948,.F.);
#6998 = ADVANCED_FACE('',(#6999),#6931,.T.);
#6999 = FACE_BOUND('',#7000,.T.);
#7000 = EDGE_LOOP('',(#7001,#7002,#7025,#7052));
#7001 = ORIENTED_EDGE('',*,*,#6916,.T.);
#7002 = ORIENTED_EDGE('',*,*,#7003,.T.);
#7003 = EDGE_CURVE('',#6894,#7004,#7006,.T.);
#7004 = VERTEX_POINT('',#7005);
#7005 = CARTESIAN_POINT('',(16.428186811996,0.,252.33333333333));
#7006 = SEAM_CURVE('',#7007,(#7011,#7018),.PCURVE_S1.);
#7007 = LINE('',#7008,#7009);
#7008 = CARTESIAN_POINT('',(16.928484666427,0.,250.16666666666));
#7009 = VECTOR('',#7010,1.);
#7010 = DIRECTION('',(-0.224986678959,0.,0.974361839509));
#7011 = PCURVE('',#6931,#7012);
#7012 = DEFINITIONAL_REPRESENTATION('',(#7013),#7017);
#7013 = LINE('',#7014,#7015);
#7014 = CARTESIAN_POINT('',(-0.,-0.));
#7015 = VECTOR('',#7016,1.);
#7016 = DIRECTION('',(-0.,-1.));
#7017 = ( GEOMETRIC_REPRESENTATION_CONTEXT(2) 
PARAMETRIC_REPRESENTATION_CONTEXT() REPRESENTATION_CONTEXT('2D SPACE',''
  ) );
#7018 = PCURVE('',#6931,#7019);
#7019 = DEFINITIONAL_REPRESENTATION('',(#7020),#7024);
#7020 = LINE('',#7021,#7022);
#7021 = CARTESIAN_POINT('',(-6.28318530718,-0.));
#7022 = VECTOR('',#7023,1.);
#7023 = DIRECTION('',(-0.,-1.));
#7024 = ( GEOMETRIC_REPRESENTATION_CONTEXT(2) 
PARAMETRIC_REPRESENTATION_CONTEXT() REPRESENTATION_CONTEXT('2D SPACE',''
  ) );
#7025 = ORIENTED_EDGE('',*,*,#7026,.F.);
#7026 = EDGE_CURVE('',#7004,#7004,#7027,.T.);
#7027 = SURFACE_CURVE('',#7028,(#7033,#7040),.PCURVE_S1.);
#7028 = CIRCLE('',#7029,16.428186811996);
#7029 = AXIS2_PLACEMENT_3D('',#7030,#7031,#7032);
#7030 = CARTESIAN_POINT('',(0.,0.,252.33333333333));
#7031 = DIRECTION('',(0.,0.,1.));
#7032 = DIRECTION('',(1.,0.,-0.));
#7033 = PCURVE('',#6931,#7034);
#7034 = DEFINITIONAL_REPRESENTATION('',(#7035),#7039);
#7035 = LINE('',#7036,#7037);
#7036 = CARTESIAN_POINT('',(-0.,-2.166666666667));
#7037 = VECTOR('',#7038,1.);
#7038 = DIRECTION('',(-1.,-0.));
#7039 = ( GEOMETRIC_REPRESENTATION_CONTEXT(2) 
PARAMETRIC_REPRESENTATION_CONTEXT() REPRESENTATION_CONTEXT('2D SPACE',''
  ) );
#7040 = PCURVE('',#7041,#7046);
#7041 = CONICAL_SURFACE('',#7042,16.428186811996,0.231624178069);
#7042 = AXIS2_PLACEMENT_3D('',#7043,#7044,#7045);
#7043 = CARTESIAN_POINT('',(0.,0.,252.33333333333));
#7044 = DIRECTION('',(-0.,-0.,-1.));
#7045 = DIRECTION('',(1.,0.,-0.));
#7046 = DEFINITIONAL_REPRESENTATION('',(#7047),#7051);
#7047 = LINE('',#7048,#7049);
#7048 = CARTESIAN_POINT('',(-0.,-0.));
#7049 = VECTOR('',#7050,1.);
#7050 = DIRECTION('',(-1.,-0.));
#7051 = ( GEOMETRIC_REPRESENTATION_CONTEXT(2) 
PARAMETRIC_REPRESENTATION_CONTEXT() REPRESENTATION_CONTEXT('2D SPACE',''
  ) );
#7052 = ORIENTED_EDGE('',*,*,#7003,.F.);
#7053 = ADVANCED_FACE('',(#7054),#6986,.F.);
#7054 = FACE_BOUND('',#7055,.F.);
#7055 = EDGE_LOOP('',(#7056,#7057,#7080,#7107));
#7056 = ORIENTED_EDGE('',*,*,#6971,.T.);
#7057 = ORIENTED_EDGE('',*,*,#7058,.T.);
#7058 = EDGE_CURVE('',#6949,#7059,#7061,.T.);
#7059 = VERTEX_POINT('',#7060);
#7060 = CARTESIAN_POINT('',(16.828220073302,0.,241.5));
#7061 = SEAM_CURVE('',#7062,(#7066,#7073),.PCURVE_S1.);
#7062 = LINE('',#7063,#7064);
#7063 = CARTESIAN_POINT('',(17.278941669695,0.,239.33333333333));
#7064 = VECTOR('',#7065,1.);
#7065 = DIRECTION('',(-0.203665261861,0.,0.979040581953));
#7066 = PCURVE('',#6986,#7067);
#7067 = DEFINITIONAL_REPRESENTATION('',(#7068),#7072);
#7068 = LINE('',#7069,#7070);
#7069 = CARTESIAN_POINT('',(-0.,-0.));
#7070 = VECTOR('',#7071,1.);
#7071 = DIRECTION('',(-0.,-1.));
#7072 = ( GEOMETRIC_REPRESENTATION_CONTEXT(2) 
PARAMETRIC_REPRESENTATION_CONTEXT() REPRESENTATION_CONTEXT('2D SPACE',''
  ) );
#7073 = PCURVE('',#6986,#7074);
#7074 = DEFINITIONAL_REPRESENTATION('',(#7075),#7079);
#7075 = LINE('',#7076,#7077);
#7076 = CARTESIAN_POINT('',(-6.28318530718,-0.));
#7077 = VECTOR('',#7078,1.);
#7078 = DIRECTION('',(-0.,-1.));
#7079 = ( GEOMETRIC_REPRESENTATION_CONTEXT(2) 
PARAMETRIC_REPRESENTATION_CONTEXT() REPRESENTATION_CONTEXT('2D SPACE',''
  ) );
#7080 = ORIENTED_EDGE('',*,*,#7081,.F.);
#7081 = EDGE_CURVE('',#7059,#7059,#7082,.T.);
#7082 = SURFACE_CURVE('',#7083,(#7088,#7095),.PCURVE_S1.);
#7083 = CIRCLE('',#7084,16.828220073302);
#7084 = AXIS2_PLACEMENT_3D('',#7085,#7086,#7087);
#7085 = CARTESIAN_POINT('',(0.,0.,241.5));
#7086 = DIRECTION('',(0.,0.,1.));
#7087 = DIRECTION('',(1.,0.,-0.));
#7088 = PCURVE('',#6986,#7089);
#7089 = DEFINITIONAL_REPRESENTATION('',(#7090),#7094);
#7090 = LINE('',#7091,#7092);
#7091 = CARTESIAN_POINT('',(-0.,-2.166666666667));
#7092 = VECTOR('',#7093,1.);
#7093 = DIRECTION('',(-1.,-0.));
#7094 = ( GEOMETRIC_REPRESENTATION_CONTEXT(2) 
PARAMETRIC_REPRESENTATION_CONTEXT() REPRESENTATION_CONTEXT('2D SPACE',''
  ) );
#7095 = PCURVE('',#7096,#7101);
#7096 = CONICAL_SURFACE('',#7097,16.828220073302,0.209292720497);
#7097 = AXIS2_PLACEMENT_3D('',#7098,#7099,#7100);
#7098 = CARTESIAN_POINT('',(0.,0.,241.5));
#7099 = DIRECTION('',(-0.,-0.,-1.));
#7100 = DIRECTION('',(1.,0.,-0.));
#7101 = DEFINITIONAL_REPRESENTATION('',(#7102),#7106);
#7102 = LINE('',#7103,#7104);
#7103 = CARTESIAN_POINT('',(-0.,-0.));
#7104 = VECTOR('',#7105,1.);
#7105 = DIRECTION('',(-1.,-0.));
#7106 = ( GEOMETRIC_REPRESENTATION_CONTEXT(2) 
PARAMETRIC_REPRESENTATION_CONTEXT() REPRESENTATION_CONTEXT('2D SPACE',''
  ) );
#7107 = ORIENTED_EDGE('',*,*,#7058,.F.);
#7108 = ADVANCED_FACE('',(#7109),#7041,.T.);
#7109 = FACE_BOUND('',#7110,.T.);
#7110 = EDGE_LOOP('',(#7111,#7112,#7135,#7162));
#7111 = ORIENTED_EDGE('',*,*,#7026,.T.);
#7112 = ORIENTED_EDGE('',*,*,#7113,.T.);
#7113 = EDGE_CURVE('',#7004,#7114,#7116,.T.);
#7114 = VERTEX_POINT('',#7115);
#7115 = CARTESIAN_POINT('',(15.917162800236,0.,254.5));
#7116 = SEAM_CURVE('',#7117,(#7121,#7128),.PCURVE_S1.);
#7117 = LINE('',#7118,#7119);
#7118 = CARTESIAN_POINT('',(16.428186811996,0.,252.33333333333));
#7119 = VECTOR('',#7120,1.);
#7120 = DIRECTION('',(-0.229558629748,0.,0.973294834831));
#7121 = PCURVE('',#7041,#7122);
#7122 = DEFINITIONAL_REPRESENTATION('',(#7123),#7127);
#7123 = LINE('',#7124,#7125);
#7124 = CARTESIAN_POINT('',(-0.,-0.));
#7125 = VECTOR('',#7126,1.);
#7126 = DIRECTION('',(-0.,-1.));
#7127 = ( GEOMETRIC_REPRESENTATION_CONTEXT(2) 
PARAMETRIC_REPRESENTATION_CONTEXT() REPRESENTATION_CONTEXT('2D SPACE',''
  ) );
#7128 = PCURVE('',#7041,#7129);
#7129 = DEFINITIONAL_REPRESENTATION('',(#7130),#7134);
#7130 = LINE('',#7131,#7132);
#7131 = CARTESIAN_POINT('',(-6.28318530718,-0.));
#7132 = VECTOR('',#7133,1.);
#7133 = DIRECTION('',(-0.,-1.));
#7134 = ( GEOMETRIC_REPRESENTATION_CONTEXT(2) 
PARAMETRIC_REPRESENTATION_CONTEXT() REPRESENTATION_CONTEXT('2D SPACE',''
  ) );
#7135 = ORIENTED_EDGE('',*,*,#7136,.F.);
#7136 = EDGE_CURVE('',#7114,#7114,#7137,.T.);
#7137 = SURFACE_CURVE('',#7138,(#7143,#7150),.PCURVE_S1.);
#7138 = CIRCLE('',#7139,15.917162800236);
#7139 = AXIS2_PLACEMENT_3D('',#7140,#7141,#7142);
#7140 = CARTESIAN_POINT('',(0.,0.,254.5));
#7141 = DIRECTION('',(0.,0.,1.));
#7142 = DIRECTION('',(1.,0.,-0.));
#7143 = PCURVE('',#7041,#7144);
#7144 = DEFINITIONAL_REPRESENTATION('',(#7145),#7149);
#7145 = LINE('',#7146,#7147);
#7146 = CARTESIAN_POINT('',(-0.,-2.166666666667));
#7147 = VECTOR('',#7148,1.);
#7148 = DIRECTION('',(-1.,-0.));
#7149 = ( GEOMETRIC_REPRESENTATION_CONTEXT(2) 
PARAMETRIC_REPRESENTATION_CONTEXT() REPRESENTATION_CONTEXT('2D SPACE',''
  ) );
#7150 = PCURVE('',#7151,#7156);
#7151 = CONICAL_SURFACE('',#7152,15.917162800236,0.236466737406);
#7152 = AXIS2_PLACEMENT_3D('',#7153,#7154,#7155);
#7153 = CARTESIAN_POINT('',(0.,0.,254.5));
#7154 = DIRECTION('',(-0.,-0.,-1.));
#7155 = DIRECTION('',(1.,0.,-0.));
#7156 = DEFINITIONAL_REPRESENTATION('',(#7157),#7161);
#7157 = LINE('',#7158,#7159);
#7158 = CARTESIAN_POINT('',(-0.,-0.));
#7159 = VECTOR('',#7160,1.);
#7160 = DIRECTION('',(-1.,-0.));
#7161 = ( GEOMETRIC_REPRESENTATION_CONTEXT(2) 
PARAMETRIC_REPRESENTATION_CONTEXT() REPRESENTATION_CONTEXT('2D SPACE',''
  ) );
#7162 = ORIENTED_EDGE('',*,*,#7113,.F.);
#7163 = ADVANCED_FACE('',(#7164),#7096,.F.);
#7164 = FACE_BOUND('',#7165,.F.);
#7165 = EDGE_LOOP('',(#7166,#7167,#7190,#7217));
#7166 = ORIENTED_EDGE('',*,*,#7081,.T.);
#7167 = ORIENTED_EDGE('',*,*,#7168,.T.);
#7168 = EDGE_CURVE('',#7059,#7169,#7171,.T.);
#7169 = VERTEX_POINT('',#7170);
#7170 = CARTESIAN_POINT('',(16.368013259764,0.,243.66666666666));
#7171 = SEAM_CURVE('',#7172,(#7176,#7183),.PCURVE_S1.);
#7172 = LINE('',#7173,#7174);
#7173 = CARTESIAN_POINT('',(16.828220073302,0.,241.5));
#7174 = VECTOR('',#7175,1.);
#7175 = DIRECTION('',(-0.207768106544,0.,0.978178109499));
#7176 = PCURVE('',#7096,#7177);
#7177 = DEFINITIONAL_REPRESENTATION('',(#7178),#7182);
#7178 = LINE('',#7179,#7180);
#7179 = CARTESIAN_POINT('',(-0.,-0.));
#7180 = VECTOR('',#7181,1.);
#7181 = DIRECTION('',(-0.,-1.));
#7182 = ( GEOMETRIC_REPRESENTATION_CONTEXT(2) 
PARAMETRIC_REPRESENTATION_CONTEXT() REPRESENTATION_CONTEXT('2D SPACE',''
  ) );
#7183 = PCURVE('',#7096,#7184);
#7184 = DEFINITIONAL_REPRESENTATION('',(#7185),#7189);
#7185 = LINE('',#7186,#7187);
#7186 = CARTESIAN_POINT('',(-6.28318530718,-0.));
#7187 = VECTOR('',#7188,1.);
#7188 = DIRECTION('',(-0.,-1.));
#7189 = ( GEOMETRIC_REPRESENTATION_CONTEXT(2) 
PARAMETRIC_REPRESENTATION_CONTEXT() REPRESENTATION_CONTEXT('2D SPACE',''
  ) );
#7190 = ORIENTED_EDGE('',*,*,#7191,.F.);
#7191 = EDGE_CURVE('',#7169,#7169,#7192,.T.);
#7192 = SURFACE_CURVE('',#7193,(#7198,#7205),.PCURVE_S1.);
#7193 = CIRCLE('',#7194,16.368013259764);
#7194 = AXIS2_PLACEMENT_3D('',#7195,#7196,#7197);
#7195 = CARTESIAN_POINT('',(0.,0.,243.66666666666));
#7196 = DIRECTION('',(0.,0.,1.));
#7197 = DIRECTION('',(1.,0.,-0.));
#7198 = PCURVE('',#7096,#7199);
#7199 = DEFINITIONAL_REPRESENTATION('',(#7200),#7204);
#7200 = LINE('',#7201,#7202);
#7201 = CARTESIAN_POINT('',(-0.,-2.166666666667));
#7202 = VECTOR('',#7203,1.);
#7203 = DIRECTION('',(-1.,-0.));
#7204 = ( GEOMETRIC_REPRESENTATION_CONTEXT(2) 
PARAMETRIC_REPRESENTATION_CONTEXT() REPRESENTATION_CONTEXT('2D SPACE',''
  ) );
#7205 = PCURVE('',#7206,#7211);
#7206 = CONICAL_SURFACE('',#7207,16.368013259764,0.213559464727);
#7207 = AXIS2_PLACEMENT_3D('',#7208,#7209,#7210);
#7208 = CARTESIAN_POINT('',(0.,0.,243.66666666666));
#7209 = DIRECTION('',(-0.,-0.,-1.));
#7210 = DIRECTION('',(1.,0.,-0.));
#7211 = DEFINITIONAL_REPRESENTATION('',(#7212),#7216);
#7212 = LINE('',#7213,#7214);
#7213 = CARTESIAN_POINT('',(-0.,-0.));
#7214 = VECTOR('',#7215,1.);
#7215 = DIRECTION('',(-1.,-0.));
#7216 = ( GEOMETRIC_REPRESENTATION_CONTEXT(2) 
PARAMETRIC_REPRESENTATION_CONTEXT() REPRESENTATION_CONTEXT('2D SPACE',''
  ) );
#7217 = ORIENTED_EDGE('',*,*,#7168,.F.);
#7218 = ADVANCED_FACE('',(#7219),#7151,.T.);
#7219 = FACE_BOUND('',#7220,.T.);
#7220 = EDGE_LOOP('',(#7221,#7222,#7245,#7272));
#7221 = ORIENTED_EDGE('',*,*,#7136,.T.);
#7222 = ORIENTED_EDGE('',*,*,#7223,.T.);
#7223 = EDGE_CURVE('',#7114,#7224,#7226,.T.);
#7224 = VERTEX_POINT('',#7225);
#7225 = CARTESIAN_POINT('',(15.395050157557,0.,256.66666666666));
#7226 = SEAM_CURVE('',#7227,(#7231,#7238),.PCURVE_S1.);
#7227 = LINE('',#7228,#7229);
#7228 = CARTESIAN_POINT('',(15.917162800236,0.,254.5));
#7229 = VECTOR('',#7230,1.);
#7230 = DIRECTION('',(-0.234269157704,0.,0.972171775845));
#7231 = PCURVE('',#7151,#7232);
#7232 = DEFINITIONAL_REPRESENTATION('',(#7233),#7237);
#7233 = LINE('',#7234,#7235);
#7234 = CARTESIAN_POINT('',(-0.,-0.));
#7235 = VECTOR('',#7236,1.);
#7236 = DIRECTION('',(-0.,-1.));
#7237 = ( GEOMETRIC_REPRESENTATION_CONTEXT(2) 
PARAMETRIC_REPRESENTATION_CONTEXT() REPRESENTATION_CONTEXT('2D SPACE',''
  ) );
#7238 = PCURVE('',#7151,#7239);
#7239 = DEFINITIONAL_REPRESENTATION('',(#7240),#7244);
#7240 = LINE('',#7241,#7242);
#7241 = CARTESIAN_POINT('',(-6.28318530718,-0.));
#7242 = VECTOR('',#7243,1.);
#7243 = DIRECTION('',(-0.,-1.));
#7244 = ( GEOMETRIC_REPRESENTATION_CONTEXT(2) 
PARAMETRIC_REPRESENTATION_CONTEXT() REPRESENTATION_CONTEXT('2D SPACE',''
  ) );
#7245 = ORIENTED_EDGE('',*,*,#7246,.F.);
#7246 = EDGE_CURVE('',#7224,#7224,#7247,.T.);
#7247 = SURFACE_CURVE('',#7248,(#7253,#7260),.PCURVE_S1.);
#7248 = CIRCLE('',#7249,15.395050157557);
#7249 = AXIS2_PLACEMENT_3D('',#7250,#7251,#7252);
#7250 = CARTESIAN_POINT('',(0.,0.,256.66666666666));
#7251 = DIRECTION('',(0.,0.,1.));
#7252 = DIRECTION('',(1.,0.,-0.));
#7253 = PCURVE('',#7151,#7254);
#7254 = DEFINITIONAL_REPRESENTATION('',(#7255),#7259);
#7255 = LINE('',#7256,#7257);
#7256 = CARTESIAN_POINT('',(-0.,-2.166666666667));
#7257 = VECTOR('',#7258,1.);
#7258 = DIRECTION('',(-1.,-0.));
#7259 = ( GEOMETRIC_REPRESENTATION_CONTEXT(2) 
PARAMETRIC_REPRESENTATION_CONTEXT() REPRESENTATION_CONTEXT('2D SPACE',''
  ) );
#7260 = PCURVE('',#7261,#7266);
#7261 = CONICAL_SURFACE('',#7262,15.395050157557,0.24147780381);
#7262 = AXIS2_PLACEMENT_3D('',#7263,#7264,#7265);
#7263 = CARTESIAN_POINT('',(0.,0.,256.66666666666));
#7264 = DIRECTION('',(-0.,-0.,-1.));
#7265 = DIRECTION('',(1.,0.,-0.));
#7266 = DEFINITIONAL_REPRESENTATION('',(#7267),#7271);
#7267 = LINE('',#7268,#7269);
#7268 = CARTESIAN_POINT('',(-0.,-0.));
#7269 = VECTOR('',#7270,1.);
#7270 = DIRECTION('',(-1.,-0.));
#7271 = ( GEOMETRIC_REPRESENTATION_CONTEXT(2) 
PARAMETRIC_REPRESENTATION_CONTEXT() REPRESENTATION_CONTEXT('2D SPACE',''
  ) );
#7272 = ORIENTED_EDGE('',*,*,#7223,.F.);
#7273 = ADVANCED_FACE('',(#7274),#7206,.F.);
#7274 = FACE_BOUND('',#7275,.F.);
#7275 = EDGE_LOOP('',(#7276,#7277,#7300,#7327));
#7276 = ORIENTED_EDGE('',*,*,#7191,.T.);
#7277 = ORIENTED_EDGE('',*,*,#7278,.T.);
#7278 = EDGE_CURVE('',#7169,#7279,#7281,.T.);
#7279 = VERTEX_POINT('',#7280);
#7280 = CARTESIAN_POINT('',(15.898135939375,0.,245.83333333333));
#7281 = SEAM_CURVE('',#7282,(#7286,#7293),.PCURVE_S1.);
#7282 = LINE('',#7283,#7284);
#7283 = CARTESIAN_POINT('',(16.368013259764,0.,243.66666666666));
#7284 = VECTOR('',#7285,1.);
#7285 = DIRECTION('',(-0.211939838467,0.,0.977282714914));
#7286 = PCURVE('',#7206,#7287);
#7287 = DEFINITIONAL_REPRESENTATION('',(#7288),#7292);
#7288 = LINE('',#7289,#7290);
#7289 = CARTESIAN_POINT('',(-0.,-0.));
#7290 = VECTOR('',#7291,1.);
#7291 = DIRECTION('',(-0.,-1.));
#7292 = ( GEOMETRIC_REPRESENTATION_CONTEXT(2) 
PARAMETRIC_REPRESENTATION_CONTEXT() REPRESENTATION_CONTEXT('2D SPACE',''
  ) );
#7293 = PCURVE('',#7206,#7294);
#7294 = DEFINITIONAL_REPRESENTATION('',(#7295),#7299);
#7295 = LINE('',#7296,#7297);
#7296 = CARTESIAN_POINT('',(-6.28318530718,-0.));
#7297 = VECTOR('',#7298,1.);
#7298 = DIRECTION('',(-0.,-1.));
#7299 = ( GEOMETRIC_REPRESENTATION_CONTEXT(2) 
PARAMETRIC_REPRESENTATION_CONTEXT() REPRESENTATION_CONTEXT('2D SPACE',''
  ) );
#7300 = ORIENTED_EDGE('',*,*,#7301,.F.);
#7301 = EDGE_CURVE('',#7279,#7279,#7302,.T.);
#7302 = SURFACE_CURVE('',#7303,(#7308,#7315),.PCURVE_S1.);
#7303 = CIRCLE('',#7304,15.898135939375);
#7304 = AXIS2_PLACEMENT_3D('',#7305,#7306,#7307);
#7305 = CARTESIAN_POINT('',(0.,0.,245.83333333333));
#7306 = DIRECTION('',(0.,0.,1.));
#7307 = DIRECTION('',(1.,0.,-0.));
#7308 = PCURVE('',#7206,#7309);
#7309 = DEFINITIONAL_REPRESENTATION('',(#7310),#7314);
#7310 = LINE('',#7311,#7312);
#7311 = CARTESIAN_POINT('',(-0.,-2.166666666667));
#7312 = VECTOR('',#7313,1.);
#7313 = DIRECTION('',(-1.,-0.));
#7314 = ( GEOMETRIC_REPRESENTATION_CONTEXT(2) 
PARAMETRIC_REPRESENTATION_CONTEXT() REPRESENTATION_CONTEXT('2D SPACE',''
  ) );
#7315 = PCURVE('',#7316,#7321);
#7316 = CONICAL_SURFACE('',#7317,15.898135939375,0.217912261119);
#7317 = AXIS2_PLACEMENT_3D('',#7318,#7319,#7320);
#7318 = CARTESIAN_POINT('',(0.,0.,245.83333333333));
#7319 = DIRECTION('',(-0.,-0.,-1.));
#7320 = DIRECTION('',(1.,0.,-0.));
#7321 = DEFINITIONAL_REPRESENTATION('',(#7322),#7326);
#7322 = LINE('',#7323,#7324);
#7323 = CARTESIAN_POINT('',(-0.,-0.));
#7324 = VECTOR('',#7325,1.);
#7325 = DIRECTION('',(-1.,-0.));
#7326 = ( GEOMETRIC_REPRESENTATION_CONTEXT(2) 
PARAMETRIC_REPRESENTATION_CONTEXT() REPRESENTATION_CONTEXT('2D SPACE',''
  ) );
#7327 = ORIENTED_EDGE('',*,*,#7278,.F.);
#7328 = ADVANCED_FACE('',(#7329),#7261,.T.);
#7329 = FACE_BOUND('',#7330,.T.);
#7330 = EDGE_LOOP('',(#7331,#7332,#7355,#7382));
#7331 = ORIENTED_EDGE('',*,*,#7246,.T.);
#7332 = ORIENTED_EDGE('',*,*,#7333,.T.);
#7333 = EDGE_CURVE('',#7224,#7334,#7336,.T.);
#7334 = VERTEX_POINT('',#7335);
#7335 = CARTESIAN_POINT('',(14.861435746217,0.,258.83333333333));
#7336 = SEAM_CURVE('',#7337,(#7341,#7348),.PCURVE_S1.);
#7337 = LINE('',#7338,#7339);
#7338 = CARTESIAN_POINT('',(15.395050157557,0.,256.66666666666));
#7339 = VECTOR('',#7340,1.);
#7340 = DIRECTION('',(-0.239137813305,0.,0.970985636478));
#7341 = PCURVE('',#7261,#7342);
#7342 = DEFINITIONAL_REPRESENTATION('',(#7343),#7347);
#7343 = LINE('',#7344,#7345);
#7344 = CARTESIAN_POINT('',(-0.,-0.));
#7345 = VECTOR('',#7346,1.);
#7346 = DIRECTION('',(-0.,-1.));
#7347 = ( GEOMETRIC_REPRESENTATION_CONTEXT(2) 
PARAMETRIC_REPRESENTATION_CONTEXT() REPRESENTATION_CONTEXT('2D SPACE',''
  ) );
#7348 = PCURVE('',#7261,#7349);
#7349 = DEFINITIONAL_REPRESENTATION('',(#7350),#7354);
#7350 = LINE('',#7351,#7352);
#7351 = CARTESIAN_POINT('',(-6.28318530718,-0.));
#7352 = VECTOR('',#7353,1.);
#7353 = DIRECTION('',(-0.,-1.));
#7354 = ( GEOMETRIC_REPRESENTATION_CONTEXT(2) 
PARAMETRIC_REPRESENTATION_CONTEXT() REPRESENTATION_CONTEXT('2D SPACE',''
  ) );
#7355 = ORIENTED_EDGE('',*,*,#7356,.F.);
#7356 = EDGE_CURVE('',#7334,#7334,#7357,.T.);
#7357 = SURFACE_CURVE('',#7358,(#7363,#7370),.PCURVE_S1.);
#7358 = CIRCLE('',#7359,14.861435746217);
#7359 = AXIS2_PLACEMENT_3D('',#7360,#7361,#7362);
#7360 = CARTESIAN_POINT('',(0.,0.,258.83333333333));
#7361 = DIRECTION('',(0.,0.,1.));
#7362 = DIRECTION('',(1.,0.,-0.));
#7363 = PCURVE('',#7261,#7364);
#7364 = DEFINITIONAL_REPRESENTATION('',(#7365),#7369);
#7365 = LINE('',#7366,#7367);
#7366 = CARTESIAN_POINT('',(-0.,-2.166666666667));
#7367 = VECTOR('',#7368,1.);
#7368 = DIRECTION('',(-1.,-0.));
#7369 = ( GEOMETRIC_REPRESENTATION_CONTEXT(2) 
PARAMETRIC_REPRESENTATION_CONTEXT() REPRESENTATION_CONTEXT('2D SPACE',''
  ) );
#7370 = PCURVE('',#7371,#7376);
#7371 = CONICAL_SURFACE('',#7372,14.861435746217,0.24668129231);
#7372 = AXIS2_PLACEMENT_3D('',#7373,#7374,#7375);
#7373 = CARTESIAN_POINT('',(0.,0.,258.83333333333));
#7374 = DIRECTION('',(-0.,-0.,-1.));
#7375 = DIRECTION('',(1.,0.,-0.));
#7376 = DEFINITIONAL_REPRESENTATION('',(#7377),#7381);
#7377 = LINE('',#7378,#7379);
#7378 = CARTESIAN_POINT('',(-0.,-0.));
#7379 = VECTOR('',#7380,1.);
#7380 = DIRECTION('',(-1.,-0.));
#7381 = ( GEOMETRIC_REPRESENTATION_CONTEXT(2) 
PARAMETRIC_REPRESENTATION_CONTEXT() REPRESENTATION_CONTEXT('2D SPACE',''
  ) );
#7382 = ORIENTED_EDGE('',*,*,#7333,.F.);
#7383 = ADVANCED_FACE('',(#7384),#7316,.F.);
#7384 = FACE_BOUND('',#7385,.F.);
#7385 = EDGE_LOOP('',(#7386,#7387,#7410,#7437));
#7386 = ORIENTED_EDGE('',*,*,#7301,.T.);
#7387 = ORIENTED_EDGE('',*,*,#7388,.T.);
#7388 = EDGE_CURVE('',#7279,#7389,#7391,.T.);
#7389 = VERTEX_POINT('',#7390);
#7390 = CARTESIAN_POINT('',(15.418374614764,0.,248.));
#7391 = SEAM_CURVE('',#7392,(#7396,#7403),.PCURVE_S1.);
#7392 = LINE('',#7393,#7394);
#7393 = CARTESIAN_POINT('',(15.898135939375,0.,245.83333333333));
#7394 = VECTOR('',#7395,1.);
#7395 = DIRECTION('',(-0.216191729919,0.,0.97635092867));
#7396 = PCURVE('',#7316,#7397);
#7397 = DEFINITIONAL_REPRESENTATION('',(#7398),#7402);
#7398 = LINE('',#7399,#7400);
#7399 = CARTESIAN_POINT('',(-0.,-0.));
#7400 = VECTOR('',#7401,1.);
#7401 = DIRECTION('',(-0.,-1.));
#7402 = ( GEOMETRIC_REPRESENTATION_CONTEXT(2) 
PARAMETRIC_REPRESENTATION_CONTEXT() REPRESENTATION_CONTEXT('2D SPACE',''
  ) );
#7403 = PCURVE('',#7316,#7404);
#7404 = DEFINITIONAL_REPRESENTATION('',(#7405),#7409);
#7405 = LINE('',#7406,#7407);
#7406 = CARTESIAN_POINT('',(-6.28318530718,-0.));
#7407 = VECTOR('',#7408,1.);
#7408 = DIRECTION('',(-0.,-1.));
#7409 = ( GEOMETRIC_REPRESENTATION_CONTEXT(2) 
PARAMETRIC_REPRESENTATION_CONTEXT() REPRESENTATION_CONTEXT('2D SPACE',''
  ) );
#7410 = ORIENTED_EDGE('',*,*,#7411,.F.);
#7411 = EDGE_CURVE('',#7389,#7389,#7412,.T.);
#7412 = SURFACE_CURVE('',#7413,(#7418,#7425),.PCURVE_S1.);
#7413 = CIRCLE('',#7414,15.418374614764);
#7414 = AXIS2_PLACEMENT_3D('',#7415,#7416,#7417);
#7415 = CARTESIAN_POINT('',(0.,0.,248.));
#7416 = DIRECTION('',(0.,0.,1.));
#7417 = DIRECTION('',(1.,0.,-0.));
#7418 = PCURVE('',#7316,#7419);
#7419 = DEFINITIONAL_REPRESENTATION('',(#7420),#7424);
#7420 = LINE('',#7421,#7422);
#7421 = CARTESIAN_POINT('',(-0.,-2.166666666667));
#7422 = VECTOR('',#7423,1.);
#7423 = DIRECTION('',(-1.,-0.));
#7424 = ( GEOMETRIC_REPRESENTATION_CONTEXT(2) 
PARAMETRIC_REPRESENTATION_CONTEXT() REPRESENTATION_CONTEXT('2D SPACE',''
  ) );
#7425 = PCURVE('',#7426,#7431);
#7426 = CONICAL_SURFACE('',#7427,15.418374614764,0.222364095805);
#7427 = AXIS2_PLACEMENT_3D('',#7428,#7429,#7430);
#7428 = CARTESIAN_POINT('',(0.,0.,248.));
#7429 = DIRECTION('',(-0.,-0.,-1.));
#7430 = DIRECTION('',(1.,0.,-0.));
#7431 = DEFINITIONAL_REPRESENTATION('',(#7432),#7436);
#7432 = LINE('',#7433,#7434);
#7433 = CARTESIAN_POINT('',(-0.,-0.));
#7434 = VECTOR('',#7435,1.);
#7435 = DIRECTION('',(-1.,-0.));
#7436 = ( GEOMETRIC_REPRESENTATION_CONTEXT(2) 
PARAMETRIC_REPRESENTATION_CONTEXT() REPRESENTATION_CONTEXT('2D SPACE',''
  ) );
#7437 = ORIENTED_EDGE('',*,*,#7388,.F.);
#7438 = ADVANCED_FACE('',(#7439),#7371,.T.);
#7439 = FACE_BOUND('',#7440,.T.);
#7440 = EDGE_LOOP('',(#7441,#7442,#7465,#7492));
#7441 = ORIENTED_EDGE('',*,*,#7356,.T.);
#7442 = ORIENTED_EDGE('',*,*,#7443,.T.);
#7443 = EDGE_CURVE('',#7334,#7444,#7446,.T.);
#7444 = VERTEX_POINT('',#7445);
#7445 = CARTESIAN_POINT('',(14.31584781238,0.,261.));
#7446 = SEAM_CURVE('',#7447,(#7451,#7458),.PCURVE_S1.);
#7447 = LINE('',#7448,#7449);
#7448 = CARTESIAN_POINT('',(14.861435746217,0.,258.83333333333));
#7449 = VECTOR('',#7450,1.);
#7450 = DIRECTION('',(-0.244187065622,0.,0.969728145917));
#7451 = PCURVE('',#7371,#7452);
#7452 = DEFINITIONAL_REPRESENTATION('',(#7453),#7457);
#7453 = LINE('',#7454,#7455);
#7454 = CARTESIAN_POINT('',(-0.,-0.));
#7455 = VECTOR('',#7456,1.);
#7456 = DIRECTION('',(-0.,-1.));
#7457 = ( GEOMETRIC_REPRESENTATION_CONTEXT(2) 
PARAMETRIC_REPRESENTATION_CONTEXT() REPRESENTATION_CONTEXT('2D SPACE',''
  ) );
#7458 = PCURVE('',#7371,#7459);
#7459 = DEFINITIONAL_REPRESENTATION('',(#7460),#7464);
#7460 = LINE('',#7461,#7462);
#7461 = CARTESIAN_POINT('',(-6.28318530718,-0.));
#7462 = VECTOR('',#7463,1.);
#7463 = DIRECTION('',(-0.,-1.));
#7464 = ( GEOMETRIC_REPRESENTATION_CONTEXT(2) 
PARAMETRIC_REPRESENTATION_CONTEXT() REPRESENTATION_CONTEXT('2D SPACE',''
  ) );
#7465 = ORIENTED_EDGE('',*,*,#7466,.F.);
#7466 = EDGE_CURVE('',#7444,#7444,#7467,.T.);
#7467 = SURFACE_CURVE('',#7468,(#7473,#7480),.PCURVE_S1.);
#7468 = CIRCLE('',#7469,14.31584781238);
#7469 = AXIS2_PLACEMENT_3D('',#7470,#7471,#7472);
#7470 = CARTESIAN_POINT('',(0.,0.,261.));
#7471 = DIRECTION('',(0.,0.,1.));
#7472 = DIRECTION('',(1.,0.,-0.));
#7473 = PCURVE('',#7371,#7474);
#7474 = DEFINITIONAL_REPRESENTATION('',(#7475),#7479);
#7475 = LINE('',#7476,#7477);
#7476 = CARTESIAN_POINT('',(-0.,-2.166666666667));
#7477 = VECTOR('',#7478,1.);
#7478 = DIRECTION('',(-1.,-0.));
#7479 = ( GEOMETRIC_REPRESENTATION_CONTEXT(2) 
PARAMETRIC_REPRESENTATION_CONTEXT() REPRESENTATION_CONTEXT('2D SPACE',''
  ) );
#7480 = PCURVE('',#7481,#7486);
#7481 = CONICAL_SURFACE('',#7482,14.31584781238,0.252105033453);
#7482 = AXIS2_PLACEMENT_3D('',#7483,#7484,#7485);
#7483 = CARTESIAN_POINT('',(0.,0.,261.));
#7484 = DIRECTION('',(-0.,-0.,-1.));
#7485 = DIRECTION('',(1.,0.,-0.));
#7486 = DEFINITIONAL_REPRESENTATION('',(#7487),#7491);
#7487 = LINE('',#7488,#7489);
#7488 = CARTESIAN_POINT('',(-0.,-0.));
#7489 = VECTOR('',#7490,1.);
#7490 = DIRECTION('',(-1.,-0.));
#7491 = ( GEOMETRIC_REPRESENTATION_CONTEXT(2) 
PARAMETRIC_REPRESENTATION_CONTEXT() REPRESENTATION_CONTEXT('2D SPACE',''
  ) );
#7492 = ORIENTED_EDGE('',*,*,#7443,.F.);
#7493 = ADVANCED_FACE('',(#7494),#7426,.F.);
#7494 = FACE_BOUND('',#7495,.F.);
#7495 = EDGE_LOOP('',(#7496,#7497,#7520,#7547));
#7496 = ORIENTED_EDGE('',*,*,#7411,.T.);
#7497 = ORIENTED_EDGE('',*,*,#7498,.T.);
#7498 = EDGE_CURVE('',#7389,#7499,#7501,.T.);
#7499 = VERTEX_POINT('',#7500);
#7500 = CARTESIAN_POINT('',(14.928484666427,0.,250.16666666666));
#7501 = SEAM_CURVE('',#7502,(#7506,#7513),.PCURVE_S1.);
#7502 = LINE('',#7503,#7504);
#7503 = CARTESIAN_POINT('',(15.418374614764,0.,248.));
#7504 = VECTOR('',#7505,1.);
#7505 = DIRECTION('',(-0.220536126161,0.,0.975378806955));
#7506 = PCURVE('',#7426,#7507);
#7507 = DEFINITIONAL_REPRESENTATION('',(#7508),#7512);
#7508 = LINE('',#7509,#7510);
#7509 = CARTESIAN_POINT('',(-0.,-0.));
#7510 = VECTOR('',#7511,1.);
#7511 = DIRECTION('',(-0.,-1.));
#7512 = ( GEOMETRIC_REPRESENTATION_CONTEXT(2) 
PARAMETRIC_REPRESENTATION_CONTEXT() REPRESENTATION_CONTEXT('2D SPACE',''
  ) );
#7513 = PCURVE('',#7426,#7514);
#7514 = DEFINITIONAL_REPRESENTATION('',(#7515),#7519);
#7515 = LINE('',#7516,#7517);
#7516 = CARTESIAN_POINT('',(-6.28318530718,-0.));
#7517 = VECTOR('',#7518,1.);
#7518 = DIRECTION('',(-0.,-1.));
#7519 = ( GEOMETRIC_REPRESENTATION_CONTEXT(2) 
PARAMETRIC_REPRESENTATION_CONTEXT() REPRESENTATION_CONTEXT('2D SPACE',''
  ) );
#7520 = ORIENTED_EDGE('',*,*,#7521,.F.);
#7521 = EDGE_CURVE('',#7499,#7499,#7522,.T.);
#7522 = SURFACE_CURVE('',#7523,(#7528,#7535),.PCURVE_S1.);
#7523 = CIRCLE('',#7524,14.928484666427);
#7524 = AXIS2_PLACEMENT_3D('',#7525,#7526,#7527);
#7525 = CARTESIAN_POINT('',(0.,0.,250.16666666666));
#7526 = DIRECTION('',(0.,0.,1.));
#7527 = DIRECTION('',(1.,0.,-0.));
#7528 = PCURVE('',#7426,#7529);
#7529 = DEFINITIONAL_REPRESENTATION('',(#7530),#7534);
#7530 = LINE('',#7531,#7532);
#7531 = CARTESIAN_POINT('',(-0.,-2.166666666667));
#7532 = VECTOR('',#7533,1.);
#7533 = DIRECTION('',(-1.,-0.));
#7534 = ( GEOMETRIC_REPRESENTATION_CONTEXT(2) 
PARAMETRIC_REPRESENTATION_CONTEXT() REPRESENTATION_CONTEXT('2D SPACE',''
  ) );
#7535 = PCURVE('',#7536,#7541);
#7536 = CONICAL_SURFACE('',#7537,14.928484666427,0.226929364603);
#7537 = AXIS2_PLACEMENT_3D('',#7538,#7539,#7540);
#7538 = CARTESIAN_POINT('',(0.,0.,250.16666666666));
#7539 = DIRECTION('',(-0.,-0.,-1.));
#7540 = DIRECTION('',(1.,0.,-0.));
#7541 = DEFINITIONAL_REPRESENTATION('',(#7542),#7546);
#7542 = LINE('',#7543,#7544);
#7543 = CARTESIAN_POINT('',(-0.,-0.));
#7544 = VECTOR('',#7545,1.);
#7545 = DIRECTION('',(-1.,-0.));
#7546 = ( GEOMETRIC_REPRESENTATION_CONTEXT(2) 
PARAMETRIC_REPRESENTATION_CONTEXT() REPRESENTATION_CONTEXT('2D SPACE',''
  ) );
#7547 = ORIENTED_EDGE('',*,*,#7498,.F.);
#7548 = ADVANCED_FACE('',(#7549),#7481,.T.);
#7549 = FACE_BOUND('',#7550,.T.);
#7550 = EDGE_LOOP('',(#7551,#7552,#7575,#7602));
#7551 = ORIENTED_EDGE('',*,*,#7466,.T.);
#7552 = ORIENTED_EDGE('',*,*,#7553,.T.);
#7553 = EDGE_CURVE('',#7444,#7554,#7556,.T.);
#7554 = VERTEX_POINT('',#7555);
#7555 = CARTESIAN_POINT('',(13.757746088561,0.,263.16666666666));
#7556 = SEAM_CURVE('',#7557,(#7561,#7568),.PCURVE_S1.);
#7557 = LINE('',#7558,#7559);
#7558 = CARTESIAN_POINT('',(14.31584781238,0.,261.));
#7559 = VECTOR('',#7560,1.);
#7560 = DIRECTION('',(-0.249443002666,0.,0.968389481779));
#7561 = PCURVE('',#7481,#7562);
#7562 = DEFINITIONAL_REPRESENTATION('',(#7563),#7567);
#7563 = LINE('',#7564,#7565);
#7564 = CARTESIAN_POINT('',(-0.,-0.));
#7565 = VECTOR('',#7566,1.);
#7566 = DIRECTION('',(-0.,-1.));
#7567 = ( GEOMETRIC_REPRESENTATION_CONTEXT(2) 
PARAMETRIC_REPRESENTATION_CONTEXT() REPRESENTATION_CONTEXT('2D SPACE',''
  ) );
#7568 = PCURVE('',#7481,#7569);
#7569 = DEFINITIONAL_REPRESENTATION('',(#7570),#7574);
#7570 = LINE('',#7571,#7572);
#7571 = CARTESIAN_POINT('',(-6.28318530718,-0.));
#7572 = VECTOR('',#7573,1.);
#7573 = DIRECTION('',(-0.,-1.));
#7574 = ( GEOMETRIC_REPRESENTATION_CONTEXT(2) 
PARAMETRIC_REPRESENTATION_CONTEXT() REPRESENTATION_CONTEXT('2D SPACE',''
  ) );
#7575 = ORIENTED_EDGE('',*,*,#7576,.F.);
#7576 = EDGE_CURVE('',#7554,#7554,#7577,.T.);
#7577 = SURFACE_CURVE('',#7578,(#7583,#7590),.PCURVE_S1.);
#7578 = CIRCLE('',#7579,13.757746088561);
#7579 = AXIS2_PLACEMENT_3D('',#7580,#7581,#7582);
#7580 = CARTESIAN_POINT('',(0.,0.,263.16666666666));
#7581 = DIRECTION('',(0.,0.,1.));
#7582 = DIRECTION('',(1.,0.,-0.));
#7583 = PCURVE('',#7481,#7584);
#7584 = DEFINITIONAL_REPRESENTATION('',(#7585),#7589);
#7585 = LINE('',#7586,#7587);
#7586 = CARTESIAN_POINT('',(-0.,-2.166666666667));
#7587 = VECTOR('',#7588,1.);
#7588 = DIRECTION('',(-1.,-0.));
#7589 = ( GEOMETRIC_REPRESENTATION_CONTEXT(2) 
PARAMETRIC_REPRESENTATION_CONTEXT() REPRESENTATION_CONTEXT('2D SPACE',''
  ) );
#7590 = PCURVE('',#7591,#7596);
#7591 = CONICAL_SURFACE('',#7592,13.757746088561,0.257781764523);
#7592 = AXIS2_PLACEMENT_3D('',#7593,#7594,#7595);
#7593 = CARTESIAN_POINT('',(0.,0.,263.16666666666));
#7594 = DIRECTION('',(-0.,-0.,-1.));
#7595 = DIRECTION('',(1.,0.,-0.));
#7596 = DEFINITIONAL_REPRESENTATION('',(#7597),#7601);
#7597 = LINE('',#7598,#7599);
#7598 = CARTESIAN_POINT('',(-0.,-0.));
#7599 = VECTOR('',#7600,1.);
#7600 = DIRECTION('',(-1.,-0.));
#7601 = ( GEOMETRIC_REPRESENTATION_CONTEXT(2) 
PARAMETRIC_REPRESENTATION_CONTEXT() REPRESENTATION_CONTEXT('2D SPACE',''
  ) );
#7602 = ORIENTED_EDGE('',*,*,#7553,.F.);
#7603 = ADVANCED_FACE('',(#7604),#7536,.F.);
#7604 = FACE_BOUND('',#7605,.F.);
#7605 = EDGE_LOOP('',(#7606,#7607,#7630,#7657));
#7606 = ORIENTED_EDGE('',*,*,#7521,.T.);
#7607 = ORIENTED_EDGE('',*,*,#7608,.T.);
#7608 = EDGE_CURVE('',#7499,#7609,#7611,.T.);
#7609 = VERTEX_POINT('',#7610);
#7610 = CARTESIAN_POINT('',(14.428186811996,0.,252.33333333333));
#7611 = SEAM_CURVE('',#7612,(#7616,#7623),.PCURVE_S1.);
#7612 = LINE('',#7613,#7614);
#7613 = CARTESIAN_POINT('',(14.928484666427,0.,250.16666666666));
#7614 = VECTOR('',#7615,1.);
#7615 = DIRECTION('',(-0.224986678959,0.,0.974361839509));
#7616 = PCURVE('',#7536,#7617);
#7617 = DEFINITIONAL_REPRESENTATION('',(#7618),#7622);
#7618 = LINE('',#7619,#7620);
#7619 = CARTESIAN_POINT('',(-0.,-0.));
#7620 = VECTOR('',#7621,1.);
#7621 = DIRECTION('',(-0.,-1.));
#7622 = ( GEOMETRIC_REPRESENTATION_CONTEXT(2) 
PARAMETRIC_REPRESENTATION_CONTEXT() REPRESENTATION_CONTEXT('2D SPACE',''
  ) );
#7623 = PCURVE('',#7536,#7624);
#7624 = DEFINITIONAL_REPRESENTATION('',(#7625),#7629);
#7625 = LINE('',#7626,#7627);
#7626 = CARTESIAN_POINT('',(-6.28318530718,-0.));
#7627 = VECTOR('',#7628,1.);
#7628 = DIRECTION('',(-0.,-1.));
#7629 = ( GEOMETRIC_REPRESENTATION_CONTEXT(2) 
PARAMETRIC_REPRESENTATION_CONTEXT() REPRESENTATION_CONTEXT('2D SPACE',''
  ) );
#7630 = ORIENTED_EDGE('',*,*,#7631,.F.);
#7631 = EDGE_CURVE('',#7609,#7609,#7632,.T.);
#7632 = SURFACE_CURVE('',#7633,(#7638,#7645),.PCURVE_S1.);
#7633 = CIRCLE('',#7634,14.428186811996);
#7634 = AXIS2_PLACEMENT_3D('',#7635,#7636,#7637);
#7635 = CARTESIAN_POINT('',(0.,0.,252.33333333333));
#7636 = DIRECTION('',(0.,0.,1.));
#7637 = DIRECTION('',(1.,0.,-0.));
#7638 = PCURVE('',#7536,#7639);
#7639 = DEFINITIONAL_REPRESENTATION('',(#7640),#7644);
#7640 = LINE('',#7641,#7642);
#7641 = CARTESIAN_POINT('',(-0.,-2.166666666667));
#7642 = VECTOR('',#7643,1.);
#7643 = DIRECTION('',(-1.,-0.));
#7644 = ( GEOMETRIC_REPRESENTATION_CONTEXT(2) 
PARAMETRIC_REPRESENTATION_CONTEXT() REPRESENTATION_CONTEXT('2D SPACE',''
  ) );
#7645 = PCURVE('',#7646,#7651);
#7646 = CONICAL_SURFACE('',#7647,14.428186811996,0.231624178069);
#7647 = AXIS2_PLACEMENT_3D('',#7648,#7649,#7650);
#7648 = CARTESIAN_POINT('',(0.,0.,252.33333333333));
#7649 = DIRECTION('',(-0.,-0.,-1.));
#7650 = DIRECTION('',(1.,0.,-0.));
#7651 = DEFINITIONAL_REPRESENTATION('',(#7652),#7656);
#7652 = LINE('',#7653,#7654);
#7653 = CARTESIAN_POINT('',(-0.,-0.));
#7654 = VECTOR('',#7655,1.);
#7655 = DIRECTION('',(-1.,-0.));
#7656 = ( GEOMETRIC_REPRESENTATION_CONTEXT(2) 
PARAMETRIC_REPRESENTATION_CONTEXT() REPRESENTATION_CONTEXT('2D SPACE',''
  ) );
#7657 = ORIENTED_EDGE('',*,*,#7608,.F.);
#7658 = ADVANCED_FACE('',(#7659),#7591,.T.);
#7659 = FACE_BOUND('',#7660,.T.);
#7660 = EDGE_LOOP('',(#7661,#7662,#7685,#7712));
#7661 = ORIENTED_EDGE('',*,*,#7576,.T.);
#7662 = ORIENTED_EDGE('',*,*,#7663,.T.);
#7663 = EDGE_CURVE('',#7554,#7664,#7666,.T.);
#7664 = VERTEX_POINT('',#7665);
#7665 = CARTESIAN_POINT('',(13.186509352686,0.,265.33333333333));
#7666 = SEAM_CURVE('',#7667,(#7671,#7678),.PCURVE_S1.);
#7667 = LINE('',#7668,#7669);
#7668 = CARTESIAN_POINT('',(13.757746088561,0.,263.16666666666));
#7669 = VECTOR('',#7670,1.);
#7670 = DIRECTION('',(-0.254936240626,0.,0.966957865274));
#7671 = PCURVE('',#7591,#7672);
#7672 = DEFINITIONAL_REPRESENTATION('',(#7673),#7677);
#7673 = LINE('',#7674,#7675);
#7674 = CARTESIAN_POINT('',(-0.,-0.));
#7675 = VECTOR('',#7676,1.);
#7676 = DIRECTION('',(-0.,-1.));
#7677 = ( GEOMETRIC_REPRESENTATION_CONTEXT(2) 
PARAMETRIC_REPRESENTATION_CONTEXT() REPRESENTATION_CONTEXT('2D SPACE',''
  ) );
#7678 = PCURVE('',#7591,#7679);
#7679 = DEFINITIONAL_REPRESENTATION('',(#7680),#7684);
#7680 = LINE('',#7681,#7682);
#7681 = CARTESIAN_POINT('',(-6.28318530718,-0.));
#7682 = VECTOR('',#7683,1.);
#7683 = DIRECTION('',(-0.,-1.));
#7684 = ( GEOMETRIC_REPRESENTATION_CONTEXT(2) 
PARAMETRIC_REPRESENTATION_CONTEXT() REPRESENTATION_CONTEXT('2D SPACE',''
  ) );
#7685 = ORIENTED_EDGE('',*,*,#7686,.F.);
#7686 = EDGE_CURVE('',#7664,#7664,#7687,.T.);
#7687 = SURFACE_CURVE('',#7688,(#7693,#7700),.PCURVE_S1.);
#7688 = CIRCLE('',#7689,13.186509352686);
#7689 = AXIS2_PLACEMENT_3D('',#7690,#7691,#7692);
#7690 = CARTESIAN_POINT('',(0.,0.,265.33333333333));
#7691 = DIRECTION('',(0.,0.,1.));
#7692 = DIRECTION('',(1.,0.,-0.));
#7693 = PCURVE('',#7591,#7694);
#7694 = DEFINITIONAL_REPRESENTATION('',(#7695),#7699);
#7695 = LINE('',#7696,#7697);
#7696 = CARTESIAN_POINT('',(-0.,-2.166666666667));
#7697 = VECTOR('',#7698,1.);
#7698 = DIRECTION('',(-1.,-0.));
#7699 = ( GEOMETRIC_REPRESENTATION_CONTEXT(2) 
PARAMETRIC_REPRESENTATION_CONTEXT() REPRESENTATION_CONTEXT('2D SPACE',''
  ) );
#7700 = PCURVE('',#7701,#7706);
#7701 = CONICAL_SURFACE('',#7702,13.186509352686,0.263750439666);
#7702 = AXIS2_PLACEMENT_3D('',#7703,#7704,#7705);
#7703 = CARTESIAN_POINT('',(0.,0.,265.33333333333));
#7704 = DIRECTION('',(-0.,-0.,-1.));
#7705 = DIRECTION('',(1.,0.,-0.));
#7706 = DEFINITIONAL_REPRESENTATION('',(#7707),#7711);
#7707 = LINE('',#7708,#7709);
#7708 = CARTESIAN_POINT('',(-0.,-0.));
#7709 = VECTOR('',#7710,1.);
#7710 = DIRECTION('',(-1.,-0.));
#7711 = ( GEOMETRIC_REPRESENTATION_CONTEXT(2) 
PARAMETRIC_REPRESENTATION_CONTEXT() REPRESENTATION_CONTEXT('2D SPACE',''
  ) );
#7712 = ORIENTED_EDGE('',*,*,#7663,.F.);
#7713 = ADVANCED_FACE('',(#7714),#7646,.F.);
#7714 = FACE_BOUND('',#7715,.F.);
#7715 = EDGE_LOOP('',(#7716,#7717,#7740,#7767));
#7716 = ORIENTED_EDGE('',*,*,#7631,.T.);
#7717 = ORIENTED_EDGE('',*,*,#7718,.T.);
#7718 = EDGE_CURVE('',#7609,#7719,#7721,.T.);
#7719 = VERTEX_POINT('',#7720);
#7720 = CARTESIAN_POINT('',(13.917162800236,0.,254.5));
#7721 = SEAM_CURVE('',#7722,(#7726,#7733),.PCURVE_S1.);
#7722 = LINE('',#7723,#7724);
#7723 = CARTESIAN_POINT('',(14.428186811996,0.,252.33333333333));
#7724 = VECTOR('',#7725,1.);
#7725 = DIRECTION('',(-0.229558629748,0.,0.973294834831));
#7726 = PCURVE('',#7646,#7727);
#7727 = DEFINITIONAL_REPRESENTATION('',(#7728),#7732);
#7728 = LINE('',#7729,#7730);
#7729 = CARTESIAN_POINT('',(-0.,-0.));
#7730 = VECTOR('',#7731,1.);
#7731 = DIRECTION('',(-0.,-1.));
#7732 = ( GEOMETRIC_REPRESENTATION_CONTEXT(2) 
PARAMETRIC_REPRESENTATION_CONTEXT() REPRESENTATION_CONTEXT('2D SPACE',''
  ) );
#7733 = PCURVE('',#7646,#7734);
#7734 = DEFINITIONAL_REPRESENTATION('',(#7735),#7739);
#7735 = LINE('',#7736,#7737);
#7736 = CARTESIAN_POINT('',(-6.28318530718,-0.));
#7737 = VECTOR('',#7738,1.);
#7738 = DIRECTION('',(-0.,-1.));
#7739 = ( GEOMETRIC_REPRESENTATION_CONTEXT(2) 
PARAMETRIC_REPRESENTATION_CONTEXT() REPRESENTATION_CONTEXT('2D SPACE',''
  ) );
#7740 = ORIENTED_EDGE('',*,*,#7741,.F.);
#7741 = EDGE_CURVE('',#7719,#7719,#7742,.T.);
#7742 = SURFACE_CURVE('',#7743,(#7748,#7755),.PCURVE_S1.);
#7743 = CIRCLE('',#7744,13.917162800236);
#7744 = AXIS2_PLACEMENT_3D('',#7745,#7746,#7747);
#7745 = CARTESIAN_POINT('',(0.,0.,254.5));
#7746 = DIRECTION('',(0.,0.,1.));
#7747 = DIRECTION('',(1.,0.,-0.));
#7748 = PCURVE('',#7646,#7749);
#7749 = DEFINITIONAL_REPRESENTATION('',(#7750),#7754);
#7750 = LINE('',#7751,#7752);
#7751 = CARTESIAN_POINT('',(-0.,-2.166666666667));
#7752 = VECTOR('',#7753,1.);
#7753 = DIRECTION('',(-1.,-0.));
#7754 = ( GEOMETRIC_REPRESENTATION_CONTEXT(2) 
PARAMETRIC_REPRESENTATION_CONTEXT() REPRESENTATION_CONTEXT('2D SPACE',''
  ) );
#7755 = PCURVE('',#7756,#7761);
#7756 = CONICAL_SURFACE('',#7757,13.917162800236,0.236466737406);
#7757 = AXIS2_PLACEMENT_3D('',#7758,#7759,#7760);
#7758 = CARTESIAN_POINT('',(0.,0.,254.5));
#7759 = DIRECTION('',(-0.,-0.,-1.));
#7760 = DIRECTION('',(1.,0.,-0.));
#7761 = DEFINITIONAL_REPRESENTATION('',(#7762),#7766);
#7762 = LINE('',#7763,#7764);
#7763 = CARTESIAN_POINT('',(-0.,-0.));
#7764 = VECTOR('',#7765,1.);
#7765 = DIRECTION('',(-1.,-0.));
#7766 = ( GEOMETRIC_REPRESENTATION_CONTEXT(2) 
PARAMETRIC_REPRESENTATION_CONTEXT() REPRESENTATION_CONTEXT('2D SPACE',''
  ) );
#7767 = ORIENTED_EDGE('',*,*,#7718,.F.);
#7768 = ADVANCED_FACE('',(#7769),#7701,.T.);
#7769 = FACE_BOUND('',#7770,.T.);
#7770 = EDGE_LOOP('',(#7771,#7772,#7795,#7822));
#7771 = ORIENTED_EDGE('',*,*,#7686,.T.);
#7772 = ORIENTED_EDGE('',*,*,#7773,.T.);
#7773 = EDGE_CURVE('',#7664,#7774,#7776,.T.);
#7774 = VERTEX_POINT('',#7775);
#7775 = CARTESIAN_POINT('',(12.601419609449,0.,267.5));
#7776 = SEAM_CURVE('',#7777,(#7781,#7788),.PCURVE_S1.);
#7777 = LINE('',#7778,#7779);
#7778 = CARTESIAN_POINT('',(13.186509352686,0.,265.33333333333));
#7779 = VECTOR('',#7780,1.);
#7780 = DIRECTION('',(-0.260703122683,0.,0.965419018781));
#7781 = PCURVE('',#7701,#7782);
#7782 = DEFINITIONAL_REPRESENTATION('',(#7783),#7787);
#7783 = LINE('',#7784,#7785);
#7784 = CARTESIAN_POINT('',(-0.,-0.));
#7785 = VECTOR('',#7786,1.);
#7786 = DIRECTION('',(-0.,-1.));
#7787 = ( GEOMETRIC_REPRESENTATION_CONTEXT(2) 
PARAMETRIC_REPRESENTATION_CONTEXT() REPRESENTATION_CONTEXT('2D SPACE',''
  ) );
#7788 = PCURVE('',#7701,#7789);
#7789 = DEFINITIONAL_REPRESENTATION('',(#7790),#7794);
#7790 = LINE('',#7791,#7792);
#7791 = CARTESIAN_POINT('',(-6.28318530718,-0.));
#7792 = VECTOR('',#7793,1.);
#7793 = DIRECTION('',(-0.,-1.));
#7794 = ( GEOMETRIC_REPRESENTATION_CONTEXT(2) 
PARAMETRIC_REPRESENTATION_CONTEXT() REPRESENTATION_CONTEXT('2D SPACE',''
  ) );
#7795 = ORIENTED_EDGE('',*,*,#7796,.F.);
#7796 = EDGE_CURVE('',#7774,#7774,#7797,.T.);
#7797 = SURFACE_CURVE('',#7798,(#7803,#7810),.PCURVE_S1.);
#7798 = CIRCLE('',#7799,12.601419609449);
#7799 = AXIS2_PLACEMENT_3D('',#7800,#7801,#7802);
#7800 = CARTESIAN_POINT('',(0.,0.,267.5));
#7801 = DIRECTION('',(0.,0.,1.));
#7802 = DIRECTION('',(1.,0.,-0.));
#7803 = PCURVE('',#7701,#7804);
#7804 = DEFINITIONAL_REPRESENTATION('',(#7805),#7809);
#7805 = LINE('',#7806,#7807);
#7806 = CARTESIAN_POINT('',(-0.,-2.166666666667));
#7807 = VECTOR('',#7808,1.);
#7808 = DIRECTION('',(-1.,-0.));
#7809 = ( GEOMETRIC_REPRESENTATION_CONTEXT(2) 
PARAMETRIC_REPRESENTATION_CONTEXT() REPRESENTATION_CONTEXT('2D SPACE',''
  ) );
#7810 = PCURVE('',#7811,#7816);
#7811 = CONICAL_SURFACE('',#7812,12.601419609449,0.270057991246);
#7812 = AXIS2_PLACEMENT_3D('',#7813,#7814,#7815);
#7813 = CARTESIAN_POINT('',(0.,0.,267.5));
#7814 = DIRECTION('',(-0.,-0.,-1.));
#7815 = DIRECTION('',(1.,0.,-0.));
#7816 = DEFINITIONAL_REPRESENTATION('',(#7817),#7821);
#7817 = LINE('',#7818,#7819);
#7818 = CARTESIAN_POINT('',(-0.,-0.));
#7819 = VECTOR('',#7820,1.);
#7820 = DIRECTION('',(-1.,-0.));
#7821 = ( GEOMETRIC_REPRESENTATION_CONTEXT(2) 
PARAMETRIC_REPRESENTATION_CONTEXT() REPRESENTATION_CONTEXT('2D SPACE',''
  ) );
#7822 = ORIENTED_EDGE('',*,*,#7773,.F.);
#7823 = ADVANCED_FACE('',(#7824),#7756,.F.);
#7824 = FACE_BOUND('',#7825,.F.);
#7825 = EDGE_LOOP('',(#7826,#7827,#7850,#7877));
#7826 = ORIENTED_EDGE('',*,*,#7741,.T.);
#7827 = ORIENTED_EDGE('',*,*,#7828,.T.);
#7828 = EDGE_CURVE('',#7719,#7829,#7831,.T.);
#7829 = VERTEX_POINT('',#7830);
#7830 = CARTESIAN_POINT('',(13.395050157557,0.,256.66666666666));
#7831 = SEAM_CURVE('',#7832,(#7836,#7843),.PCURVE_S1.);
#7832 = LINE('',#7833,#7834);
#7833 = CARTESIAN_POINT('',(13.917162800236,0.,254.5));
#7834 = VECTOR('',#7835,1.);
#7835 = DIRECTION('',(-0.234269157704,0.,0.972171775845));
#7836 = PCURVE('',#7756,#7837);
#7837 = DEFINITIONAL_REPRESENTATION('',(#7838),#7842);
#7838 = LINE('',#7839,#7840);
#7839 = CARTESIAN_POINT('',(-0.,-0.));
#7840 = VECTOR('',#7841,1.);
#7841 = DIRECTION('',(-0.,-1.));
#7842 = ( GEOMETRIC_REPRESENTATION_CONTEXT(2) 
PARAMETRIC_REPRESENTATION_CONTEXT() REPRESENTATION_CONTEXT('2D SPACE',''
  ) );
#7843 = PCURVE('',#7756,#7844);
#7844 = DEFINITIONAL_REPRESENTATION('',(#7845),#7849);
#7845 = LINE('',#7846,#7847);
#7846 = CARTESIAN_POINT('',(-6.28318530718,-0.));
#7847 = VECTOR('',#7848,1.);
#7848 = DIRECTION('',(-0.,-1.));
#7849 = ( GEOMETRIC_REPRESENTATION_CONTEXT(2) 
PARAMETRIC_REPRESENTATION_CONTEXT() REPRESENTATION_CONTEXT('2D SPACE',''
  ) );
#7850 = ORIENTED_EDGE('',*,*,#7851,.F.);
#7851 = EDGE_CURVE('',#7829,#7829,#7852,.T.);
#7852 = SURFACE_CURVE('',#7853,(#7858,#7865),.PCURVE_S1.);
#7853 = CIRCLE('',#7854,13.395050157557);
#7854 = AXIS2_PLACEMENT_3D('',#7855,#7856,#7857);
#7855 = CARTESIAN_POINT('',(0.,0.,256.66666666666));
#7856 = DIRECTION('',(0.,0.,1.));
#7857 = DIRECTION('',(1.,0.,-0.));
#7858 = PCURVE('',#7756,#7859);
#7859 = DEFINITIONAL_REPRESENTATION('',(#7860),#7864);
#7860 = LINE('',#7861,#7862);
#7861 = CARTESIAN_POINT('',(-0.,-2.166666666667));
#7862 = VECTOR('',#7863,1.);
#7863 = DIRECTION('',(-1.,-0.));
#7864 = ( GEOMETRIC_REPRESENTATION_CONTEXT(2) 
PARAMETRIC_REPRESENTATION_CONTEXT() REPRESENTATION_CONTEXT('2D SPACE',''
  ) );
#7865 = PCURVE('',#7866,#7871);
#7866 = CONICAL_SURFACE('',#7867,13.395050157557,0.24147780381);
#7867 = AXIS2_PLACEMENT_3D('',#7868,#7869,#7870);
#7868 = CARTESIAN_POINT('',(0.,0.,256.66666666666));
#7869 = DIRECTION('',(-0.,-0.,-1.));
#7870 = DIRECTION('',(1.,0.,-0.));
#7871 = DEFINITIONAL_REPRESENTATION('',(#7872),#7876);
#7872 = LINE('',#7873,#7874);
#7873 = CARTESIAN_POINT('',(-0.,-0.));
#7874 = VECTOR('',#7875,1.);
#7875 = DIRECTION('',(-1.,-0.));
#7876 = ( GEOMETRIC_REPRESENTATION_CONTEXT(2) 
PARAMETRIC_REPRESENTATION_CONTEXT() REPRESENTATION_CONTEXT('2D SPACE',''
  ) );
#7877 = ORIENTED_EDGE('',*,*,#7828,.F.);
#7878 = ADVANCED_FACE('',(#7879),#7811,.T.);
#7879 = FACE_BOUND('',#7880,.T.);
#7880 = EDGE_LOOP('',(#7881,#7882,#7905,#7932));
#7881 = ORIENTED_EDGE('',*,*,#7796,.T.);
#7882 = ORIENTED_EDGE('',*,*,#7883,.T.);
#7883 = EDGE_CURVE('',#7774,#7884,#7886,.T.);
#7884 = VERTEX_POINT('',#7885);
#7885 = CARTESIAN_POINT('',(12.001641707855,0.,269.66666666666));
#7886 = SEAM_CURVE('',#7887,(#7891,#7898),.PCURVE_S1.);
#7887 = LINE('',#7888,#7889);
#7888 = CARTESIAN_POINT('',(12.601419609449,0.,267.5));
#7889 = VECTOR('',#7890,1.);
#7890 = DIRECTION('',(-0.266787326516,0.,0.963755426657));
#7891 = PCURVE('',#7811,#7892);
#7892 = DEFINITIONAL_REPRESENTATION('',(#7893),#7897);
#7893 = LINE('',#7894,#7895);
#7894 = CARTESIAN_POINT('',(-0.,-0.));
#7895 = VECTOR('',#7896,1.);
#7896 = DIRECTION('',(-0.,-1.));
#7897 = ( GEOMETRIC_REPRESENTATION_CONTEXT(2) 
PARAMETRIC_REPRESENTATION_CONTEXT() REPRESENTATION_CONTEXT('2D SPACE',''
  ) );
#7898 = PCURVE('',#7811,#7899);
#7899 = DEFINITIONAL_REPRESENTATION('',(#7900),#7904);
#7900 = LINE('',#7901,#7902);
#7901 = CARTESIAN_POINT('',(-6.28318530718,-0.));
#7902 = VECTOR('',#7903,1.);
#7903 = DIRECTION('',(-0.,-1.));
#7904 = ( GEOMETRIC_REPRESENTATION_CONTEXT(2) 
PARAMETRIC_REPRESENTATION_CONTEXT() REPRESENTATION_CONTEXT('2D SPACE',''
  ) );
#7905 = ORIENTED_EDGE('',*,*,#7906,.F.);
#7906 = EDGE_CURVE('',#7884,#7884,#7907,.T.);
#7907 = SURFACE_CURVE('',#7908,(#7913,#7920),.PCURVE_S1.);
#7908 = CIRCLE('',#7909,12.001641707855);
#7909 = AXIS2_PLACEMENT_3D('',#7910,#7911,#7912);
#7910 = CARTESIAN_POINT('',(0.,0.,269.66666666666));
#7911 = DIRECTION('',(0.,0.,1.));
#7912 = DIRECTION('',(1.,0.,-0.));
#7913 = PCURVE('',#7811,#7914);
#7914 = DEFINITIONAL_REPRESENTATION('',(#7915),#7919);
#7915 = LINE('',#7916,#7917);
#7916 = CARTESIAN_POINT('',(-0.,-2.166666666667));
#7917 = VECTOR('',#7918,1.);
#7918 = DIRECTION('',(-1.,-0.));
#7919 = ( GEOMETRIC_REPRESENTATION_CONTEXT(2) 
PARAMETRIC_REPRESENTATION_CONTEXT() REPRESENTATION_CONTEXT('2D SPACE',''
  ) );
#7920 = PCURVE('',#7921,#7926);
#7921 = CONICAL_SURFACE('',#7922,12.001641707855,0.276761742908);
#7922 = AXIS2_PLACEMENT_3D('',#7923,#7924,#7925);
#7923 = CARTESIAN_POINT('',(0.,0.,269.66666666666));
#7924 = DIRECTION('',(-0.,-0.,-1.));
#7925 = DIRECTION('',(1.,0.,-0.));
#7926 = DEFINITIONAL_REPRESENTATION('',(#7927),#7931);
#7927 = LINE('',#7928,#7929);
#7928 = CARTESIAN_POINT('',(-0.,-0.));
#7929 = VECTOR('',#7930,1.);
#7930 = DIRECTION('',(-1.,-0.));
#7931 = ( GEOMETRIC_REPRESENTATION_CONTEXT(2) 
PARAMETRIC_REPRESENTATION_CONTEXT() REPRESENTATION_CONTEXT('2D SPACE',''
  ) );
#7932 = ORIENTED_EDGE('',*,*,#7883,.F.);
#7933 = ADVANCED_FACE('',(#7934),#7866,.F.);
#7934 = FACE_BOUND('',#7935,.F.);
#7935 = EDGE_LOOP('',(#7936,#7937,#7960,#7987));
#7936 = ORIENTED_EDGE('',*,*,#7851,.T.);
#7937 = ORIENTED_EDGE('',*,*,#7938,.T.);
#7938 = EDGE_CURVE('',#7829,#7939,#7941,.T.);
#7939 = VERTEX_POINT('',#7940);
#7940 = CARTESIAN_POINT('',(12.861435746217,0.,258.83333333333));
#7941 = SEAM_CURVE('',#7942,(#7946,#7953),.PCURVE_S1.);
#7942 = LINE('',#7943,#7944);
#7943 = CARTESIAN_POINT('',(13.395050157557,0.,256.66666666666));
#7944 = VECTOR('',#7945,1.);
#7945 = DIRECTION('',(-0.239137813305,0.,0.970985636478));
#7946 = PCURVE('',#7866,#7947);
#7947 = DEFINITIONAL_REPRESENTATION('',(#7948),#7952);
#7948 = LINE('',#7949,#7950);
#7949 = CARTESIAN_POINT('',(-0.,-0.));
#7950 = VECTOR('',#7951,1.);
#7951 = DIRECTION('',(-0.,-1.));
#7952 = ( GEOMETRIC_REPRESENTATION_CONTEXT(2) 
PARAMETRIC_REPRESENTATION_CONTEXT() REPRESENTATION_CONTEXT('2D SPACE',''
  ) );
#7953 = PCURVE('',#7866,#7954);
#7954 = DEFINITIONAL_REPRESENTATION('',(#7955),#7959);
#7955 = LINE('',#7956,#7957);
#7956 = CARTESIAN_POINT('',(-6.28318530718,-0.));
#7957 = VECTOR('',#7958,1.);
#7958 = DIRECTION('',(-0.,-1.));
#7959 = ( GEOMETRIC_REPRESENTATION_CONTEXT(2) 
PARAMETRIC_REPRESENTATION_CONTEXT() REPRESENTATION_CONTEXT('2D SPACE',''
  ) );
#7960 = ORIENTED_EDGE('',*,*,#7961,.F.);
#7961 = EDGE_CURVE('',#7939,#7939,#7962,.T.);
#7962 = SURFACE_CURVE('',#7963,(#7968,#7975),.PCURVE_S1.);
#7963 = CIRCLE('',#7964,12.861435746217);
#7964 = AXIS2_PLACEMENT_3D('',#7965,#7966,#7967);
#7965 = CARTESIAN_POINT('',(0.,0.,258.83333333333));
#7966 = DIRECTION('',(0.,0.,1.));
#7967 = DIRECTION('',(1.,0.,-0.));
#7968 = PCURVE('',#7866,#7969);
#7969 = DEFINITIONAL_REPRESENTATION('',(#7970),#7974);
#7970 = LINE('',#7971,#7972);
#7971 = CARTESIAN_POINT('',(-0.,-2.166666666667));
#7972 = VECTOR('',#7973,1.);
#7973 = DIRECTION('',(-1.,-0.));
#7974 = ( GEOMETRIC_REPRESENTATION_CONTEXT(2) 
PARAMETRIC_REPRESENTATION_CONTEXT() REPRESENTATION_CONTEXT('2D SPACE',''
  ) );
#7975 = PCURVE('',#7976,#7981);
#7976 = CONICAL_SURFACE('',#7977,12.861435746217,0.24668129231);
#7977 = AXIS2_PLACEMENT_3D('',#7978,#7979,#7980);
#7978 = CARTESIAN_POINT('',(0.,0.,258.83333333333));
#7979 = DIRECTION('',(-0.,-0.,-1.));
#7980 = DIRECTION('',(1.,0.,-0.));
#7981 = DEFINITIONAL_REPRESENTATION('',(#7982),#7986);
#7982 = LINE('',#7983,#7984);
#7983 = CARTESIAN_POINT('',(-0.,-0.));
#7984 = VECTOR('',#7985,1.);
#7985 = DIRECTION('',(-1.,-0.));
#7986 = ( GEOMETRIC_REPRESENTATION_CONTEXT(2) 
PARAMETRIC_REPRESENTATION_CONTEXT() REPRESENTATION_CONTEXT('2D SPACE',''
  ) );
#7987 = ORIENTED_EDGE('',*,*,#7938,.F.);
#7988 = ADVANCED_FACE('',(#7989),#7921,.T.);
#7989 = FACE_BOUND('',#7990,.T.);
#7990 = EDGE_LOOP('',(#7991,#7992,#8015,#8042));
#7991 = ORIENTED_EDGE('',*,*,#7906,.T.);
#7992 = ORIENTED_EDGE('',*,*,#7993,.T.);
#7993 = EDGE_CURVE('',#7884,#7994,#7996,.T.);
#7994 = VERTEX_POINT('',#7995);
#7995 = CARTESIAN_POINT('',(11.386196672571,0.,271.83333333333));
#7996 = SEAM_CURVE('',#7997,(#8001,#8008),.PCURVE_S1.);
#7997 = LINE('',#7998,#7999);
#7998 = CARTESIAN_POINT('',(12.001641707855,0.,269.66666666666));
#7999 = VECTOR('',#8000,1.);
#8000 = DIRECTION('',(-0.27324206044,0.,0.961945308428));
#8001 = PCURVE('',#7921,#8002);
#8002 = DEFINITIONAL_REPRESENTATION('',(#8003),#8007);
#8003 = LINE('',#8004,#8005);
#8004 = CARTESIAN_POINT('',(-0.,-0.));
#8005 = VECTOR('',#8006,1.);
#8006 = DIRECTION('',(-0.,-1.));
#8007 = ( GEOMETRIC_REPRESENTATION_CONTEXT(2) 
PARAMETRIC_REPRESENTATION_CONTEXT() REPRESENTATION_CONTEXT('2D SPACE',''
  ) );
#8008 = PCURVE('',#7921,#8009);
#8009 = DEFINITIONAL_REPRESENTATION('',(#8010),#8014);
#8010 = LINE('',#8011,#8012);
#8011 = CARTESIAN_POINT('',(-6.28318530718,-0.));
#8012 = VECTOR('',#8013,1.);
#8013 = DIRECTION('',(-0.,-1.));
#8014 = ( GEOMETRIC_REPRESENTATION_CONTEXT(2) 
PARAMETRIC_REPRESENTATION_CONTEXT() REPRESENTATION_CONTEXT('2D SPACE',''
  ) );
#8015 = ORIENTED_EDGE('',*,*,#8016,.F.);
#8016 = EDGE_CURVE('',#7994,#7994,#8017,.T.);
#8017 = SURFACE_CURVE('',#8018,(#8023,#8030),.PCURVE_S1.);
#8018 = CIRCLE('',#8019,11.386196672571);
#8019 = AXIS2_PLACEMENT_3D('',#8020,#8021,#8022);
#8020 = CARTESIAN_POINT('',(0.,0.,271.83333333333));
#8021 = DIRECTION('',(0.,0.,1.));
#8022 = DIRECTION('',(1.,0.,-0.));
#8023 = PCURVE('',#7921,#8024);
#8024 = DEFINITIONAL_REPRESENTATION('',(#8025),#8029);
#8025 = LINE('',#8026,#8027);
#8026 = CARTESIAN_POINT('',(-0.,-2.166666666667));
#8027 = VECTOR('',#8028,1.);
#8028 = DIRECTION('',(-1.,-0.));
#8029 = ( GEOMETRIC_REPRESENTATION_CONTEXT(2) 
PARAMETRIC_REPRESENTATION_CONTEXT() REPRESENTATION_CONTEXT('2D SPACE',''
  ) );
#8030 = PCURVE('',#8031,#8036);
#8031 = CONICAL_SURFACE('',#8032,11.386196672571,0.283932786201);
#8032 = AXIS2_PLACEMENT_3D('',#8033,#8034,#8035);
#8033 = CARTESIAN_POINT('',(0.,0.,271.83333333333));
#8034 = DIRECTION('',(-0.,-0.,-1.));
#8035 = DIRECTION('',(1.,0.,-0.));
#8036 = DEFINITIONAL_REPRESENTATION('',(#8037),#8041);
#8037 = LINE('',#8038,#8039);
#8038 = CARTESIAN_POINT('',(-0.,-0.));
#8039 = VECTOR('',#8040,1.);
#8040 = DIRECTION('',(-1.,-0.));
#8041 = ( GEOMETRIC_REPRESENTATION_CONTEXT(2) 
PARAMETRIC_REPRESENTATION_CONTEXT() REPRESENTATION_CONTEXT('2D SPACE',''
  ) );
#8042 = ORIENTED_EDGE('',*,*,#7993,.F.);
#8043 = ADVANCED_FACE('',(#8044),#7976,.F.);
#8044 = FACE_BOUND('',#8045,.F.);
#8045 = EDGE_LOOP('',(#8046,#8047,#8070,#8097));
#8046 = ORIENTED_EDGE('',*,*,#7961,.T.);
#8047 = ORIENTED_EDGE('',*,*,#8048,.T.);
#8048 = EDGE_CURVE('',#7939,#8049,#8051,.T.);
#8049 = VERTEX_POINT('',#8050);
#8050 = CARTESIAN_POINT('',(12.31584781238,0.,261.));
#8051 = SEAM_CURVE('',#8052,(#8056,#8063),.PCURVE_S1.);
#8052 = LINE('',#8053,#8054);
#8053 = CARTESIAN_POINT('',(12.861435746217,0.,258.83333333333));
#8054 = VECTOR('',#8055,1.);
#8055 = DIRECTION('',(-0.244187065622,0.,0.969728145917));
#8056 = PCURVE('',#7976,#8057);
#8057 = DEFINITIONAL_REPRESENTATION('',(#8058),#8062);
#8058 = LINE('',#8059,#8060);
#8059 = CARTESIAN_POINT('',(-0.,-0.));
#8060 = VECTOR('',#8061,1.);
#8061 = DIRECTION('',(-0.,-1.));
#8062 = ( GEOMETRIC_REPRESENTATION_CONTEXT(2) 
PARAMETRIC_REPRESENTATION_CONTEXT() REPRESENTATION_CONTEXT('2D SPACE',''
  ) );
#8063 = PCURVE('',#7976,#8064);
#8064 = DEFINITIONAL_REPRESENTATION('',(#8065),#8069);
#8065 = LINE('',#8066,#8067);
#8066 = CARTESIAN_POINT('',(-6.28318530718,-0.));
#8067 = VECTOR('',#8068,1.);
#8068 = DIRECTION('',(-0.,-1.));
#8069 = ( GEOMETRIC_REPRESENTATION_CONTEXT(2) 
PARAMETRIC_REPRESENTATION_CONTEXT() REPRESENTATION_CONTEXT('2D SPACE',''
  ) );
#8070 = ORIENTED_EDGE('',*,*,#8071,.F.);
#8071 = EDGE_CURVE('',#8049,#8049,#8072,.T.);
#8072 = SURFACE_CURVE('',#8073,(#8078,#8085),.PCURVE_S1.);
#8073 = CIRCLE('',#8074,12.31584781238);
#8074 = AXIS2_PLACEMENT_3D('',#8075,#8076,#8077);
#8075 = CARTESIAN_POINT('',(0.,0.,261.));
#8076 = DIRECTION('',(0.,0.,1.));
#8077 = DIRECTION('',(1.,0.,-0.));
#8078 = PCURVE('',#7976,#8079);
#8079 = DEFINITIONAL_REPRESENTATION('',(#8080),#8084);
#8080 = LINE('',#8081,#8082);
#8081 = CARTESIAN_POINT('',(-0.,-2.166666666667));
#8082 = VECTOR('',#8083,1.);
#8083 = DIRECTION('',(-1.,-0.));
#8084 = ( GEOMETRIC_REPRESENTATION_CONTEXT(2) 
PARAMETRIC_REPRESENTATION_CONTEXT() REPRESENTATION_CONTEXT('2D SPACE',''
  ) );
#8085 = PCURVE('',#8086,#8091);
#8086 = CONICAL_SURFACE('',#8087,12.31584781238,0.252105033453);
#8087 = AXIS2_PLACEMENT_3D('',#8088,#8089,#8090);
#8088 = CARTESIAN_POINT('',(0.,0.,261.));
#8089 = DIRECTION('',(-0.,-0.,-1.));
#8090 = DIRECTION('',(1.,0.,-0.));
#8091 = DEFINITIONAL_REPRESENTATION('',(#8092),#8096);
#8092 = LINE('',#8093,#8094);
#8093 = CARTESIAN_POINT('',(-0.,-0.));
#8094 = VECTOR('',#8095,1.);
#8095 = DIRECTION('',(-1.,-0.));
#8096 = ( GEOMETRIC_REPRESENTATION_CONTEXT(2) 
PARAMETRIC_REPRESENTATION_CONTEXT() REPRESENTATION_CONTEXT('2D SPACE',''
  ) );
#8097 = ORIENTED_EDGE('',*,*,#8048,.F.);
#8098 = ADVANCED_FACE('',(#8099),#8031,.T.);
#8099 = FACE_BOUND('',#8100,.T.);
#8100 = EDGE_LOOP('',(#8101,#8102,#8125,#8152));
#8101 = ORIENTED_EDGE('',*,*,#8016,.T.);
#8102 = ORIENTED_EDGE('',*,*,#8103,.T.);
#8103 = EDGE_CURVE('',#7994,#8104,#8106,.T.);
#8104 = VERTEX_POINT('',#8105);
#8105 = CARTESIAN_POINT('',(10.753926187574,0.,274.));
#8106 = SEAM_CURVE('',#8107,(#8111,#8118),.PCURVE_S1.);
#8107 = LINE('',#8108,#8109);
#8108 = CARTESIAN_POINT('',(11.386196672571,0.,271.83333333333));
#8109 = VECTOR('',#8110,1.);
#8110 = DIRECTION('',(-0.28013312722,0.,0.959961161211));
#8111 = PCURVE('',#8031,#8112);
#8112 = DEFINITIONAL_REPRESENTATION('',(#8113),#8117);
#8113 = LINE('',#8114,#8115);
#8114 = CARTESIAN_POINT('',(-0.,-0.));
#8115 = VECTOR('',#8116,1.);
#8116 = DIRECTION('',(-0.,-1.));
#8117 = ( GEOMETRIC_REPRESENTATION_CONTEXT(2) 
PARAMETRIC_REPRESENTATION_CONTEXT() REPRESENTATION_CONTEXT('2D SPACE',''
  ) );
#8118 = PCURVE('',#8031,#8119);
#8119 = DEFINITIONAL_REPRESENTATION('',(#8120),#8124);
#8120 = LINE('',#8121,#8122);
#8121 = CARTESIAN_POINT('',(-6.28318530718,-0.));
#8122 = VECTOR('',#8123,1.);
#8123 = DIRECTION('',(-0.,-1.));
#8124 = ( GEOMETRIC_REPRESENTATION_CONTEXT(2) 
PARAMETRIC_REPRESENTATION_CONTEXT() REPRESENTATION_CONTEXT('2D SPACE',''
  ) );
#8125 = ORIENTED_EDGE('',*,*,#8126,.F.);
#8126 = EDGE_CURVE('',#8104,#8104,#8127,.T.);
#8127 = SURFACE_CURVE('',#8128,(#8133,#8140),.PCURVE_S1.);
#8128 = CIRCLE('',#8129,10.753926187574);
#8129 = AXIS2_PLACEMENT_3D('',#8130,#8131,#8132);
#8130 = CARTESIAN_POINT('',(0.,0.,274.));
#8131 = DIRECTION('',(0.,0.,1.));
#8132 = DIRECTION('',(1.,0.,-0.));
#8133 = PCURVE('',#8031,#8134);
#8134 = DEFINITIONAL_REPRESENTATION('',(#8135),#8139);
#8135 = LINE('',#8136,#8137);
#8136 = CARTESIAN_POINT('',(-0.,-2.166666666667));
#8137 = VECTOR('',#8138,1.);
#8138 = DIRECTION('',(-1.,-0.));
#8139 = ( GEOMETRIC_REPRESENTATION_CONTEXT(2) 
PARAMETRIC_REPRESENTATION_CONTEXT() REPRESENTATION_CONTEXT('2D SPACE',''
  ) );
#8140 = PCURVE('',#8141,#8146);
#8141 = CONICAL_SURFACE('',#8142,10.753926187574,0.291660820545);
#8142 = AXIS2_PLACEMENT_3D('',#8143,#8144,#8145);
#8143 = CARTESIAN_POINT('',(0.,0.,274.));
#8144 = DIRECTION('',(-0.,-0.,-1.));
#8145 = DIRECTION('',(1.,0.,-0.));
#8146 = DEFINITIONAL_REPRESENTATION('',(#8147),#8151);
#8147 = LINE('',#8148,#8149);
#8148 = CARTESIAN_POINT('',(-0.,-0.));
#8149 = VECTOR('',#8150,1.);
#8150 = DIRECTION('',(-1.,-0.));
#8151 = ( GEOMETRIC_REPRESENTATION_CONTEXT(2) 
PARAMETRIC_REPRESENTATION_CONTEXT() REPRESENTATION_CONTEXT('2D SPACE',''
  ) );
#8152 = ORIENTED_EDGE('',*,*,#8103,.F.);
#8153 = ADVANCED_FACE('',(#8154),#8086,.F.);
#8154 = FACE_BOUND('',#8155,.F.);
#8155 = EDGE_LOOP('',(#8156,#8157,#8180,#8207));
#8156 = ORIENTED_EDGE('',*,*,#8071,.T.);
#8157 = ORIENTED_EDGE('',*,*,#8158,.T.);
#8158 = EDGE_CURVE('',#8049,#8159,#8161,.T.);
#8159 = VERTEX_POINT('',#8160);
#8160 = CARTESIAN_POINT('',(11.757746088561,0.,263.16666666666));
#8161 = SEAM_CURVE('',#8162,(#8166,#8173),.PCURVE_S1.);
#8162 = LINE('',#8163,#8164);
#8163 = CARTESIAN_POINT('',(12.31584781238,0.,261.));
#8164 = VECTOR('',#8165,1.);
#8165 = DIRECTION('',(-0.249443002666,0.,0.968389481779));
#8166 = PCURVE('',#8086,#8167);
#8167 = DEFINITIONAL_REPRESENTATION('',(#8168),#8172);
#8168 = LINE('',#8169,#8170);
#8169 = CARTESIAN_POINT('',(-0.,-0.));
#8170 = VECTOR('',#8171,1.);
#8171 = DIRECTION('',(-0.,-1.));
#8172 = ( GEOMETRIC_REPRESENTATION_CONTEXT(2) 
PARAMETRIC_REPRESENTATION_CONTEXT() REPRESENTATION_CONTEXT('2D SPACE',''
  ) );
#8173 = PCURVE('',#8086,#8174);
#8174 = DEFINITIONAL_REPRESENTATION('',(#8175),#8179);
#8175 = LINE('',#8176,#8177);
#8176 = CARTESIAN_POINT('',(-6.28318530718,-0.));
#8177 = VECTOR('',#8178,1.);
#8178 = DIRECTION('',(-0.,-1.));
#8179 = ( GEOMETRIC_REPRESENTATION_CONTEXT(2) 
PARAMETRIC_REPRESENTATION_CONTEXT() REPRESENTATION_CONTEXT('2D SPACE',''
  ) );
#8180 = ORIENTED_EDGE('',*,*,#8181,.F.);
#8181 = EDGE_CURVE('',#8159,#8159,#8182,.T.);
#8182 = SURFACE_CURVE('',#8183,(#8188,#8195),.PCURVE_S1.);
#8183 = CIRCLE('',#8184,11.757746088561);
#8184 = AXIS2_PLACEMENT_3D('',#8185,#8186,#8187);
#8185 = CARTESIAN_POINT('',(0.,0.,263.16666666666));
#8186 = DIRECTION('',(0.,0.,1.));
#8187 = DIRECTION('',(1.,0.,-0.));
#8188 = PCURVE('',#8086,#8189);
#8189 = DEFINITIONAL_REPRESENTATION('',(#8190),#8194);
#8190 = LINE('',#8191,#8192);
#8191 = CARTESIAN_POINT('',(-0.,-2.166666666667));
#8192 = VECTOR('',#8193,1.);
#8193 = DIRECTION('',(-1.,-0.));
#8194 = ( GEOMETRIC_REPRESENTATION_CONTEXT(2) 
PARAMETRIC_REPRESENTATION_CONTEXT() REPRESENTATION_CONTEXT('2D SPACE',''
  ) );
#8195 = PCURVE('',#8196,#8201);
#8196 = CONICAL_SURFACE('',#8197,11.757746088561,0.257781764523);
#8197 = AXIS2_PLACEMENT_3D('',#8198,#8199,#8200);
#8198 = CARTESIAN_POINT('',(0.,0.,263.16666666666));
#8199 = DIRECTION('',(-0.,-0.,-1.));
#8200 = DIRECTION('',(1.,0.,-0.));
#8201 = DEFINITIONAL_REPRESENTATION('',(#8202),#8206);
#8202 = LINE('',#8203,#8204);
#8203 = CARTESIAN_POINT('',(-0.,-0.));
#8204 = VECTOR('',#8205,1.);
#8205 = DIRECTION('',(-1.,-0.));
#8206 = ( GEOMETRIC_REPRESENTATION_CONTEXT(2) 
PARAMETRIC_REPRESENTATION_CONTEXT() REPRESENTATION_CONTEXT('2D SPACE',''
  ) );
#8207 = ORIENTED_EDGE('',*,*,#8158,.F.);
#8208 = ADVANCED_FACE('',(#8209),#8141,.T.);
#8209 = FACE_BOUND('',#8210,.T.);
#8210 = EDGE_LOOP('',(#8211,#8212,#8235,#8262));
#8211 = ORIENTED_EDGE('',*,*,#8126,.T.);
#8212 = ORIENTED_EDGE('',*,*,#8213,.T.);
#8213 = EDGE_CURVE('',#8104,#8214,#8216,.T.);
#8214 = VERTEX_POINT('',#8215);
#8215 = CARTESIAN_POINT('',(10.103444316511,0.,276.16666666666));
#8216 = SEAM_CURVE('',#8217,(#8221,#8228),.PCURVE_S1.);
#8217 = LINE('',#8218,#8219);
#8218 = CARTESIAN_POINT('',(10.753926187574,0.,274.));
#8219 = VECTOR('',#8220,1.);
#8220 = DIRECTION('',(-0.287543301114,0.,0.957767638827));
#8221 = PCURVE('',#8141,#8222);
#8222 = DEFINITIONAL_REPRESENTATION('',(#8223),#8227);
#8223 = LINE('',#8224,#8225);
#8224 = CARTESIAN_POINT('',(-0.,-0.));
#8225 = VECTOR('',#8226,1.);
#8226 = DIRECTION('',(-0.,-1.));
#8227 = ( GEOMETRIC_REPRESENTATION_CONTEXT(2) 
PARAMETRIC_REPRESENTATION_CONTEXT() REPRESENTATION_CONTEXT('2D SPACE',''
  ) );
#8228 = PCURVE('',#8141,#8229);
#8229 = DEFINITIONAL_REPRESENTATION('',(#8230),#8234);
#8230 = LINE('',#8231,#8232);
#8231 = CARTESIAN_POINT('',(-6.28318530718,-0.));
#8232 = VECTOR('',#8233,1.);
#8233 = DIRECTION('',(-0.,-1.));
#8234 = ( GEOMETRIC_REPRESENTATION_CONTEXT(2) 
PARAMETRIC_REPRESENTATION_CONTEXT() REPRESENTATION_CONTEXT('2D SPACE',''
  ) );
#8235 = ORIENTED_EDGE('',*,*,#8236,.F.);
#8236 = EDGE_CURVE('',#8214,#8214,#8237,.T.);
#8237 = SURFACE_CURVE('',#8238,(#8243,#8250),.PCURVE_S1.);
#8238 = CIRCLE('',#8239,10.103444316511);
#8239 = AXIS2_PLACEMENT_3D('',#8240,#8241,#8242);
#8240 = CARTESIAN_POINT('',(0.,0.,276.16666666666));
#8241 = DIRECTION('',(0.,0.,1.));
#8242 = DIRECTION('',(1.,0.,-0.));
#8243 = PCURVE('',#8141,#8244);
#8244 = DEFINITIONAL_REPRESENTATION('',(#8245),#8249);
#8245 = LINE('',#8246,#8247);
#8246 = CARTESIAN_POINT('',(-0.,-2.166666666667));
#8247 = VECTOR('',#8248,1.);
#8248 = DIRECTION('',(-1.,-0.));
#8249 = ( GEOMETRIC_REPRESENTATION_CONTEXT(2) 
PARAMETRIC_REPRESENTATION_CONTEXT() REPRESENTATION_CONTEXT('2D SPACE',''
  ) );
#8250 = PCURVE('',#8251,#8256);
#8251 = CONICAL_SURFACE('',#8252,10.103444316511,0.300061285315);
#8252 = AXIS2_PLACEMENT_3D('',#8253,#8254,#8255);
#8253 = CARTESIAN_POINT('',(0.,0.,276.16666666666));
#8254 = DIRECTION('',(-0.,-0.,-1.));
#8255 = DIRECTION('',(1.,0.,-0.));
#8256 = DEFINITIONAL_REPRESENTATION('',(#8257),#8261);
#8257 = LINE('',#8258,#8259);
#8258 = CARTESIAN_POINT('',(-0.,-0.));
#8259 = VECTOR('',#8260,1.);
#8260 = DIRECTION('',(-1.,-0.));
#8261 = ( GEOMETRIC_REPRESENTATION_CONTEXT(2) 
PARAMETRIC_REPRESENTATION_CONTEXT() REPRESENTATION_CONTEXT('2D SPACE',''
  ) );
#8262 = ORIENTED_EDGE('',*,*,#8213,.F.);
#8263 = ADVANCED_FACE('',(#8264),#8196,.F.);
#8264 = FACE_BOUND('',#8265,.F.);
#8265 = EDGE_LOOP('',(#8266,#8267,#8290,#8317));
#8266 = ORIENTED_EDGE('',*,*,#8181,.T.);
#8267 = ORIENTED_EDGE('',*,*,#8268,.T.);
#8268 = EDGE_CURVE('',#8159,#8269,#8271,.T.);
#8269 = VERTEX_POINT('',#8270);
#8270 = CARTESIAN_POINT('',(11.186509352686,0.,265.33333333333));
#8271 = SEAM_CURVE('',#8272,(#8276,#8283),.PCURVE_S1.);
#8272 = LINE('',#8273,#8274);
#8273 = CARTESIAN_POINT('',(11.757746088561,0.,263.16666666666));
#8274 = VECTOR('',#8275,1.);
#8275 = DIRECTION('',(-0.254936240626,0.,0.966957865274));
#8276 = PCURVE('',#8196,#8277);
#8277 = DEFINITIONAL_REPRESENTATION('',(#8278),#8282);
#8278 = LINE('',#8279,#8280);
#8279 = CARTESIAN_POINT('',(-0.,-0.));
#8280 = VECTOR('',#8281,1.);
#8281 = DIRECTION('',(-0.,-1.));
#8282 = ( GEOMETRIC_REPRESENTATION_CONTEXT(2) 
PARAMETRIC_REPRESENTATION_CONTEXT() REPRESENTATION_CONTEXT('2D SPACE',''
  ) );
#8283 = PCURVE('',#8196,#8284);
#8284 = DEFINITIONAL_REPRESENTATION('',(#8285),#8289);
#8285 = LINE('',#8286,#8287);
#8286 = CARTESIAN_POINT('',(-6.28318530718,-0.));
#8287 = VECTOR('',#8288,1.);
#8288 = DIRECTION('',(-0.,-1.));
#8289 = ( GEOMETRIC_REPRESENTATION_CONTEXT(2) 
PARAMETRIC_REPRESENTATION_CONTEXT() REPRESENTATION_CONTEXT('2D SPACE',''
  ) );
#8290 = ORIENTED_EDGE('',*,*,#8291,.F.);
#8291 = EDGE_CURVE('',#8269,#8269,#8292,.T.);
#8292 = SURFACE_CURVE('',#8293,(#8298,#8305),.PCURVE_S1.);
#8293 = CIRCLE('',#8294,11.186509352686);
#8294 = AXIS2_PLACEMENT_3D('',#8295,#8296,#8297);
#8295 = CARTESIAN_POINT('',(0.,0.,265.33333333333));
#8296 = DIRECTION('',(0.,0.,1.));
#8297 = DIRECTION('',(1.,0.,-0.));
#8298 = PCURVE('',#8196,#8299);
#8299 = DEFINITIONAL_REPRESENTATION('',(#8300),#8304);
#8300 = LINE('',#8301,#8302);
#8301 = CARTESIAN_POINT('',(-0.,-2.166666666667));
#8302 = VECTOR('',#8303,1.);
#8303 = DIRECTION('',(-1.,-0.));
#8304 = ( GEOMETRIC_REPRESENTATION_CONTEXT(2) 
PARAMETRIC_REPRESENTATION_CONTEXT() REPRESENTATION_CONTEXT('2D SPACE',''
  ) );
#8305 = PCURVE('',#8306,#8311);
#8306 = CONICAL_SURFACE('',#8307,11.186509352686,0.263750439666);
#8307 = AXIS2_PLACEMENT_3D('',#8308,#8309,#8310);
#8308 = CARTESIAN_POINT('',(0.,0.,265.33333333333));
#8309 = DIRECTION('',(-0.,-0.,-1.));
#8310 = DIRECTION('',(1.,0.,-0.));
#8311 = DEFINITIONAL_REPRESENTATION('',(#8312),#8316);
#8312 = LINE('',#8313,#8314);
#8313 = CARTESIAN_POINT('',(-0.,-0.));
#8314 = VECTOR('',#8315,1.);
#8315 = DIRECTION('',(-1.,-0.));
#8316 = ( GEOMETRIC_REPRESENTATION_CONTEXT(2) 
PARAMETRIC_REPRESENTATION_CONTEXT() REPRESENTATION_CONTEXT('2D SPACE',''
  ) );
#8317 = ORIENTED_EDGE('',*,*,#8268,.F.);
#8318 = ADVANCED_FACE('',(#8319),#8251,.T.);
#8319 = FACE_BOUND('',#8320,.T.);
#8320 = EDGE_LOOP('',(#8321,#8322,#8345,#8372));
#8321 = ORIENTED_EDGE('',*,*,#8236,.T.);
#8322 = ORIENTED_EDGE('',*,*,#8323,.T.);
#8323 = EDGE_CURVE('',#8214,#8324,#8326,.T.);
#8324 = VERTEX_POINT('',#8325);
#8325 = CARTESIAN_POINT('',(9.433070282045,0.,278.33333333333));
#8326 = SEAM_CURVE('',#8327,(#8331,#8338),.PCURVE_S1.);
#8327 = LINE('',#8328,#8329);
#8328 = CARTESIAN_POINT('',(10.103444316511,0.,276.16666666666));
#8329 = VECTOR('',#8330,1.);
#8330 = DIRECTION('',(-0.295578754204,0.,0.955318376283));
#8331 = PCURVE('',#8251,#8332);
#8332 = DEFINITIONAL_REPRESENTATION('',(#8333),#8337);
#8333 = LINE('',#8334,#8335);
#8334 = CARTESIAN_POINT('',(-0.,-0.));
#8335 = VECTOR('',#8336,1.);
#8336 = DIRECTION('',(-0.,-1.));
#8337 = ( GEOMETRIC_REPRESENTATION_CONTEXT(2) 
PARAMETRIC_REPRESENTATION_CONTEXT() REPRESENTATION_CONTEXT('2D SPACE',''
  ) );
#8338 = PCURVE('',#8251,#8339);
#8339 = DEFINITIONAL_REPRESENTATION('',(#8340),#8344);
#8340 = LINE('',#8341,#8342);
#8341 = CARTESIAN_POINT('',(-6.28318530718,-0.));
#8342 = VECTOR('',#8343,1.);
#8343 = DIRECTION('',(-0.,-1.));
#8344 = ( GEOMETRIC_REPRESENTATION_CONTEXT(2) 
PARAMETRIC_REPRESENTATION_CONTEXT() REPRESENTATION_CONTEXT('2D SPACE',''
  ) );
#8345 = ORIENTED_EDGE('',*,*,#8346,.F.);
#8346 = EDGE_CURVE('',#8324,#8324,#8347,.T.);
#8347 = SURFACE_CURVE('',#8348,(#8353,#8360),.PCURVE_S1.);
#8348 = CIRCLE('',#8349,9.433070282045);
#8349 = AXIS2_PLACEMENT_3D('',#8350,#8351,#8352);
#8350 = CARTESIAN_POINT('',(0.,0.,278.33333333333));
#8351 = DIRECTION('',(0.,0.,1.));
#8352 = DIRECTION('',(1.,0.,-0.));
#8353 = PCURVE('',#8251,#8354);
#8354 = DEFINITIONAL_REPRESENTATION('',(#8355),#8359);
#8355 = LINE('',#8356,#8357);
#8356 = CARTESIAN_POINT('',(-0.,-2.166666666667));
#8357 = VECTOR('',#8358,1.);
#8358 = DIRECTION('',(-1.,-0.));
#8359 = ( GEOMETRIC_REPRESENTATION_CONTEXT(2) 
PARAMETRIC_REPRESENTATION_CONTEXT() REPRESENTATION_CONTEXT('2D SPACE',''
  ) );
#8360 = PCURVE('',#8361,#8366);
#8361 = CONICAL_SURFACE('',#8362,9.433070282045,0.309286214133);
#8362 = AXIS2_PLACEMENT_3D('',#8363,#8364,#8365);
#8363 = CARTESIAN_POINT('',(0.,0.,278.33333333333));
#8364 = DIRECTION('',(-0.,-0.,-1.));
#8365 = DIRECTION('',(1.,0.,-0.));
#8366 = DEFINITIONAL_REPRESENTATION('',(#8367),#8371);
#8367 = LINE('',#8368,#8369);
#8368 = CARTESIAN_POINT('',(-0.,-0.));
#8369 = VECTOR('',#8370,1.);
#8370 = DIRECTION('',(-1.,-0.));
#8371 = ( GEOMETRIC_REPRESENTATION_CONTEXT(2) 
PARAMETRIC_REPRESENTATION_CONTEXT() REPRESENTATION_CONTEXT('2D SPACE',''
  ) );
#8372 = ORIENTED_EDGE('',*,*,#8323,.F.);
#8373 = ADVANCED_FACE('',(#8374),#8306,.F.);
#8374 = FACE_BOUND('',#8375,.F.);
#8375 = EDGE_LOOP('',(#8376,#8377,#8400,#8427));
#8376 = ORIENTED_EDGE('',*,*,#8291,.T.);
#8377 = ORIENTED_EDGE('',*,*,#8378,.T.);
#8378 = EDGE_CURVE('',#8269,#8379,#8381,.T.);
#8379 = VERTEX_POINT('',#8380);
#8380 = CARTESIAN_POINT('',(10.601419609449,0.,267.5));
#8381 = SEAM_CURVE('',#8382,(#8386,#8393),.PCURVE_S1.);
#8382 = LINE('',#8383,#8384);
#8383 = CARTESIAN_POINT('',(11.186509352686,0.,265.33333333333));
#8384 = VECTOR('',#8385,1.);
#8385 = DIRECTION('',(-0.260703122683,0.,0.965419018781));
#8386 = PCURVE('',#8306,#8387);
#8387 = DEFINITIONAL_REPRESENTATION('',(#8388),#8392);
#8388 = LINE('',#8389,#8390);
#8389 = CARTESIAN_POINT('',(-0.,-0.));
#8390 = VECTOR('',#8391,1.);
#8391 = DIRECTION('',(-0.,-1.));
#8392 = ( GEOMETRIC_REPRESENTATION_CONTEXT(2) 
PARAMETRIC_REPRESENTATION_CONTEXT() REPRESENTATION_CONTEXT('2D SPACE',''
  ) );
#8393 = PCURVE('',#8306,#8394);
#8394 = DEFINITIONAL_REPRESENTATION('',(#8395),#8399);
#8395 = LINE('',#8396,#8397);
#8396 = CARTESIAN_POINT('',(-6.28318530718,-0.));
#8397 = VECTOR('',#8398,1.);
#8398 = DIRECTION('',(-0.,-1.));
#8399 = ( GEOMETRIC_REPRESENTATION_CONTEXT(2) 
PARAMETRIC_REPRESENTATION_CONTEXT() REPRESENTATION_CONTEXT('2D SPACE',''
  ) );
#8400 = ORIENTED_EDGE('',*,*,#8401,.F.);
#8401 = EDGE_CURVE('',#8379,#8379,#8402,.T.);
#8402 = SURFACE_CURVE('',#8403,(#8408,#8415),.PCURVE_S1.);
#8403 = CIRCLE('',#8404,10.601419609449);
#8404 = AXIS2_PLACEMENT_3D('',#8405,#8406,#8407);
#8405 = CARTESIAN_POINT('',(0.,0.,267.5));
#8406 = DIRECTION('',(0.,0.,1.));
#8407 = DIRECTION('',(1.,0.,-0.));
#8408 = PCURVE('',#8306,#8409);
#8409 = DEFINITIONAL_REPRESENTATION('',(#8410),#8414);
#8410 = LINE('',#8411,#8412);
#8411 = CARTESIAN_POINT('',(-0.,-2.166666666667));
#8412 = VECTOR('',#8413,1.);
#8413 = DIRECTION('',(-1.,-0.));
#8414 = ( GEOMETRIC_REPRESENTATION_CONTEXT(2) 
PARAMETRIC_REPRESENTATION_CONTEXT() REPRESENTATION_CONTEXT('2D SPACE',''
  ) );
#8415 = PCURVE('',#8416,#8421);
#8416 = CONICAL_SURFACE('',#8417,10.601419609449,0.270057991246);
#8417 = AXIS2_PLACEMENT_3D('',#8418,#8419,#8420);
#8418 = CARTESIAN_POINT('',(0.,0.,267.5));
#8419 = DIRECTION('',(-0.,-0.,-1.));
#8420 = DIRECTION('',(1.,0.,-0.));
#8421 = DEFINITIONAL_REPRESENTATION('',(#8422),#8426);
#8422 = LINE('',#8423,#8424);
#8423 = CARTESIAN_POINT('',(-0.,-0.));
#8424 = VECTOR('',#8425,1.);
#8425 = DIRECTION('',(-1.,-0.));
#8426 = ( GEOMETRIC_REPRESENTATION_CONTEXT(2) 
PARAMETRIC_REPRESENTATION_CONTEXT() REPRESENTATION_CONTEXT('2D SPACE',''
  ) );
#8427 = ORIENTED_EDGE('',*,*,#8378,.F.);
#8428 = ADVANCED_FACE('',(#8429),#8361,.T.);
#8429 = FACE_BOUND('',#8430,.T.);
#8430 = EDGE_LOOP('',(#8431,#8432,#8455,#8482));
#8431 = ORIENTED_EDGE('',*,*,#8346,.T.);
#8432 = ORIENTED_EDGE('',*,*,#8433,.T.);
#8433 = EDGE_CURVE('',#8324,#8434,#8436,.T.);
#8434 = VERTEX_POINT('',#8435);
#8435 = CARTESIAN_POINT('',(8.740732190524,0.,280.5));
#8436 = SEAM_CURVE('',#8437,(#8441,#8448),.PCURVE_S1.);
#8437 = LINE('',#8438,#8439);
#8438 = CARTESIAN_POINT('',(9.433070282045,0.,278.33333333333));
#8439 = VECTOR('',#8440,1.);
#8440 = DIRECTION('',(-0.304378796546,0.,0.952551073808));
#8441 = PCURVE('',#8361,#8442);
#8442 = DEFINITIONAL_REPRESENTATION('',(#8443),#8447);
#8443 = LINE('',#8444,#8445);
#8444 = CARTESIAN_POINT('',(-0.,-0.));
#8445 = VECTOR('',#8446,1.);
#8446 = DIRECTION('',(-0.,-1.));
#8447 = ( GEOMETRIC_REPRESENTATION_CONTEXT(2) 
PARAMETRIC_REPRESENTATION_CONTEXT() REPRESENTATION_CONTEXT('2D SPACE',''
  ) );
#8448 = PCURVE('',#8361,#8449);
#8449 = DEFINITIONAL_REPRESENTATION('',(#8450),#8454);
#8450 = LINE('',#8451,#8452);
#8451 = CARTESIAN_POINT('',(-6.28318530718,-0.));
#8452 = VECTOR('',#8453,1.);
#8453 = DIRECTION('',(-0.,-1.));
#8454 = ( GEOMETRIC_REPRESENTATION_CONTEXT(2) 
PARAMETRIC_REPRESENTATION_CONTEXT() REPRESENTATION_CONTEXT('2D SPACE',''
  ) );
#8455 = ORIENTED_EDGE('',*,*,#8456,.F.);
#8456 = EDGE_CURVE('',#8434,#8434,#8457,.T.);
#8457 = SURFACE_CURVE('',#8458,(#8463,#8470),.PCURVE_S1.);
#8458 = CIRCLE('',#8459,8.740732190524);
#8459 = AXIS2_PLACEMENT_3D('',#8460,#8461,#8462);
#8460 = CARTESIAN_POINT('',(0.,0.,280.5));
#8461 = DIRECTION('',(0.,0.,1.));
#8462 = DIRECTION('',(1.,0.,-0.));
#8463 = PCURVE('',#8361,#8464);
#8464 = DEFINITIONAL_REPRESENTATION('',(#8465),#8469);
#8465 = LINE('',#8466,#8467);
#8466 = CARTESIAN_POINT('',(-0.,-2.166666666667));
#8467 = VECTOR('',#8468,1.);
#8468 = DIRECTION('',(-1.,-0.));
#8469 = ( GEOMETRIC_REPRESENTATION_CONTEXT(2) 
PARAMETRIC_REPRESENTATION_CONTEXT() REPRESENTATION_CONTEXT('2D SPACE',''
  ) );
#8470 = PCURVE('',#8471,#8476);
#8471 = CONICAL_SURFACE('',#8472,8.740732190524,0.319541396877);
#8472 = AXIS2_PLACEMENT_3D('',#8473,#8474,#8475);
#8473 = CARTESIAN_POINT('',(0.,0.,280.5));
#8474 = DIRECTION('',(-0.,-0.,-1.));
#8475 = DIRECTION('',(1.,0.,-0.));
#8476 = DEFINITIONAL_REPRESENTATION('',(#8477),#8481);
#8477 = LINE('',#8478,#8479);
#8478 = CARTESIAN_POINT('',(-0.,-0.));
#8479 = VECTOR('',#8480,1.);
#8480 = DIRECTION('',(-1.,-0.));
#8481 = ( GEOMETRIC_REPRESENTATION_CONTEXT(2) 
PARAMETRIC_REPRESENTATION_CONTEXT() REPRESENTATION_CONTEXT('2D SPACE',''
  ) );
#8482 = ORIENTED_EDGE('',*,*,#8433,.F.);
#8483 = ADVANCED_FACE('',(#8484),#8416,.F.);
#8484 = FACE_BOUND('',#8485,.F.);
#8485 = EDGE_LOOP('',(#8486,#8487,#8510,#8537));
#8486 = ORIENTED_EDGE('',*,*,#8401,.T.);
#8487 = ORIENTED_EDGE('',*,*,#8488,.T.);
#8488 = EDGE_CURVE('',#8379,#8489,#8491,.T.);
#8489 = VERTEX_POINT('',#8490);
#8490 = CARTESIAN_POINT('',(10.001641707855,0.,269.66666666666));
#8491 = SEAM_CURVE('',#8492,(#8496,#8503),.PCURVE_S1.);
#8492 = LINE('',#8493,#8494);
#8493 = CARTESIAN_POINT('',(10.601419609449,0.,267.5));
#8494 = VECTOR('',#8495,1.);
#8495 = DIRECTION('',(-0.266787326516,0.,0.963755426657));
#8496 = PCURVE('',#8416,#8497);
#8497 = DEFINITIONAL_REPRESENTATION('',(#8498),#8502);
#8498 = LINE('',#8499,#8500);
#8499 = CARTESIAN_POINT('',(-0.,-0.));
#8500 = VECTOR('',#8501,1.);
#8501 = DIRECTION('',(-0.,-1.));
#8502 = ( GEOMETRIC_REPRESENTATION_CONTEXT(2) 
PARAMETRIC_REPRESENTATION_CONTEXT() REPRESENTATION_CONTEXT('2D SPACE',''
  ) );
#8503 = PCURVE('',#8416,#8504);
#8504 = DEFINITIONAL_REPRESENTATION('',(#8505),#8509);
#8505 = LINE('',#8506,#8507);
#8506 = CARTESIAN_POINT('',(-6.28318530718,-0.));
#8507 = VECTOR('',#8508,1.);
#8508 = DIRECTION('',(-0.,-1.));
#8509 = ( GEOMETRIC_REPRESENTATION_CONTEXT(2) 
PARAMETRIC_REPRESENTATION_CONTEXT() REPRESENTATION_CONTEXT('2D SPACE',''
  ) );
#8510 = ORIENTED_EDGE('',*,*,#8511,.F.);
#8511 = EDGE_CURVE('',#8489,#8489,#8512,.T.);
#8512 = SURFACE_CURVE('',#8513,(#8518,#8525),.PCURVE_S1.);
#8513 = CIRCLE('',#8514,10.001641707855);
#8514 = AXIS2_PLACEMENT_3D('',#8515,#8516,#8517);
#8515 = CARTESIAN_POINT('',(0.,0.,269.66666666666));
#8516 = DIRECTION('',(0.,0.,1.));
#8517 = DIRECTION('',(1.,0.,-0.));
#8518 = PCURVE('',#8416,#8519);
#8519 = DEFINITIONAL_REPRESENTATION('',(#8520),#8524);
#8520 = LINE('',#8521,#8522);
#8521 = CARTESIAN_POINT('',(-0.,-2.166666666667));
#8522 = VECTOR('',#8523,1.);
#8523 = DIRECTION('',(-1.,-0.));
#8524 = ( GEOMETRIC_REPRESENTATION_CONTEXT(2) 
PARAMETRIC_REPRESENTATION_CONTEXT() REPRESENTATION_CONTEXT('2D SPACE',''
  ) );
#8525 = PCURVE('',#8526,#8531);
#8526 = CONICAL_SURFACE('',#8527,10.001641707855,0.276761742908);
#8527 = AXIS2_PLACEMENT_3D('',#8528,#8529,#8530);
#8528 = CARTESIAN_POINT('',(0.,0.,269.66666666666));
#8529 = DIRECTION('',(-0.,-0.,-1.));
#8530 = DIRECTION('',(1.,0.,-0.));
#8531 = DEFINITIONAL_REPRESENTATION('',(#8532),#8536);
#8532 = LINE('',#8533,#8534);
#8533 = CARTESIAN_POINT('',(-0.,-0.));
#8534 = VECTOR('',#8535,1.);
#8535 = DIRECTION('',(-1.,-0.));
#8536 = ( GEOMETRIC_REPRESENTATION_CONTEXT(2) 
PARAMETRIC_REPRESENTATION_CONTEXT() REPRESENTATION_CONTEXT('2D SPACE',''
  ) );
#8537 = ORIENTED_EDGE('',*,*,#8488,.F.);
#8538 = ADVANCED_FACE('',(#8539),#8471,.T.);
#8539 = FACE_BOUND('',#8540,.T.);
#8540 = EDGE_LOOP('',(#8541,#8542,#8565,#8592));
#8541 = ORIENTED_EDGE('',*,*,#8456,.T.);
#8542 = ORIENTED_EDGE('',*,*,#8543,.T.);
#8543 = EDGE_CURVE('',#8434,#8544,#8546,.T.);
#8544 = VERTEX_POINT('',#8545);
#8545 = CARTESIAN_POINT('',(8.023824405648,0.,282.66666666666));
#8546 = SEAM_CURVE('',#8547,(#8551,#8558),.PCURVE_S1.);
#8547 = LINE('',#8548,#8549);
#8548 = CARTESIAN_POINT('',(8.740732190524,0.,280.5));
#8549 = VECTOR('',#8550,1.);
#8550 = DIRECTION('',(-0.314131205225,0.,0.949379579464));
#8551 = PCURVE('',#8471,#8552);
#8552 = DEFINITIONAL_REPRESENTATION('',(#8553),#8557);
#8553 = LINE('',#8554,#8555);
#8554 = CARTESIAN_POINT('',(-0.,-0.));
#8555 = VECTOR('',#8556,1.);
#8556 = DIRECTION('',(-0.,-1.));
#8557 = ( GEOMETRIC_REPRESENTATION_CONTEXT(2) 
PARAMETRIC_REPRESENTATION_CONTEXT() REPRESENTATION_CONTEXT('2D SPACE',''
  ) );
#8558 = PCURVE('',#8471,#8559);
#8559 = DEFINITIONAL_REPRESENTATION('',(#8560),#8564);
#8560 = LINE('',#8561,#8562);
#8561 = CARTESIAN_POINT('',(-6.28318530718,-0.));
#8562 = VECTOR('',#8563,1.);
#8563 = DIRECTION('',(-0.,-1.));
#8564 = ( GEOMETRIC_REPRESENTATION_CONTEXT(2) 
PARAMETRIC_REPRESENTATION_CONTEXT() REPRESENTATION_CONTEXT('2D SPACE',''
  ) );
#8565 = ORIENTED_EDGE('',*,*,#8566,.F.);
#8566 = EDGE_CURVE('',#8544,#8544,#8567,.T.);
#8567 = SURFACE_CURVE('',#8568,(#8573,#8580),.PCURVE_S1.);
#8568 = CIRCLE('',#8569,8.023824405648);
#8569 = AXIS2_PLACEMENT_3D('',#8570,#8571,#8572);
#8570 = CARTESIAN_POINT('',(0.,0.,282.66666666666));
#8571 = DIRECTION('',(0.,0.,1.));
#8572 = DIRECTION('',(1.,0.,-0.));
#8573 = PCURVE('',#8471,#8574);
#8574 = DEFINITIONAL_REPRESENTATION('',(#8575),#8579);
#8575 = LINE('',#8576,#8577);
#8576 = CARTESIAN_POINT('',(-0.,-2.166666666667));
#8577 = VECTOR('',#8578,1.);
#8578 = DIRECTION('',(-1.,-0.));
#8579 = ( GEOMETRIC_REPRESENTATION_CONTEXT(2) 
PARAMETRIC_REPRESENTATION_CONTEXT() REPRESENTATION_CONTEXT('2D SPACE',''
  ) );
#8580 = PCURVE('',#8581,#8586);
#8581 = CONICAL_SURFACE('',#8582,8.023824405648,0.33111479253);
#8582 = AXIS2_PLACEMENT_3D('',#8583,#8584,#8585);
#8583 = CARTESIAN_POINT('',(0.,0.,282.66666666666));
#8584 = DIRECTION('',(-0.,-0.,-1.));
#8585 = DIRECTION('',(1.,0.,-0.));
#8586 = DEFINITIONAL_REPRESENTATION('',(#8587),#8591);
#8587 = LINE('',#8588,#8589);
#8588 = CARTESIAN_POINT('',(-0.,-0.));
#8589 = VECTOR('',#8590,1.);
#8590 = DIRECTION('',(-1.,-0.));
#8591 = ( GEOMETRIC_REPRESENTATION_CONTEXT(2) 
PARAMETRIC_REPRESENTATION_CONTEXT() REPRESENTATION_CONTEXT('2D SPACE',''
  ) );
#8592 = ORIENTED_EDGE('',*,*,#8543,.F.);
#8593 = ADVANCED_FACE('',(#8594),#8526,.F.);
#8594 = FACE_BOUND('',#8595,.F.);
#8595 = EDGE_LOOP('',(#8596,#8597,#8620,#8647));
#8596 = ORIENTED_EDGE('',*,*,#8511,.T.);
#8597 = ORIENTED_EDGE('',*,*,#8598,.T.);
#8598 = EDGE_CURVE('',#8489,#8599,#8601,.T.);
#8599 = VERTEX_POINT('',#8600);
#8600 = CARTESIAN_POINT('',(9.386196672571,0.,271.83333333333));
#8601 = SEAM_CURVE('',#8602,(#8606,#8613),.PCURVE_S1.);
#8602 = LINE('',#8603,#8604);
#8603 = CARTESIAN_POINT('',(10.001641707855,0.,269.66666666666));
#8604 = VECTOR('',#8605,1.);
#8605 = DIRECTION('',(-0.27324206044,0.,0.961945308428));
#8606 = PCURVE('',#8526,#8607);
#8607 = DEFINITIONAL_REPRESENTATION('',(#8608),#8612);
#8608 = LINE('',#8609,#8610);
#8609 = CARTESIAN_POINT('',(-0.,-0.));
#8610 = VECTOR('',#8611,1.);
#8611 = DIRECTION('',(-0.,-1.));
#8612 = ( GEOMETRIC_REPRESENTATION_CONTEXT(2) 
PARAMETRIC_REPRESENTATION_CONTEXT() REPRESENTATION_CONTEXT('2D SPACE',''
  ) );
#8613 = PCURVE('',#8526,#8614);
#8614 = DEFINITIONAL_REPRESENTATION('',(#8615),#8619);
#8615 = LINE('',#8616,#8617);
#8616 = CARTESIAN_POINT('',(-6.28318530718,-0.));
#8617 = VECTOR('',#8618,1.);
#8618 = DIRECTION('',(-0.,-1.));
#8619 = ( GEOMETRIC_REPRESENTATION_CONTEXT(2) 
PARAMETRIC_REPRESENTATION_CONTEXT() REPRESENTATION_CONTEXT('2D SPACE',''
  ) );
#8620 = ORIENTED_EDGE('',*,*,#8621,.F.);
#8621 = EDGE_CURVE('',#8599,#8599,#8622,.T.);
#8622 = SURFACE_CURVE('',#8623,(#8628,#8635),.PCURVE_S1.);
#8623 = CIRCLE('',#8624,9.386196672571);
#8624 = AXIS2_PLACEMENT_3D('',#8625,#8626,#8627);
#8625 = CARTESIAN_POINT('',(0.,0.,271.83333333333));
#8626 = DIRECTION('',(0.,0.,1.));
#8627 = DIRECTION('',(1.,0.,-0.));
#8628 = PCURVE('',#8526,#8629);
#8629 = DEFINITIONAL_REPRESENTATION('',(#8630),#8634);
#8630 = LINE('',#8631,#8632);
#8631 = CARTESIAN_POINT('',(-0.,-2.166666666667));
#8632 = VECTOR('',#8633,1.);
#8633 = DIRECTION('',(-1.,-0.));
#8634 = ( GEOMETRIC_REPRESENTATION_CONTEXT(2) 
PARAMETRIC_REPRESENTATION_CONTEXT() REPRESENTATION_CONTEXT('2D SPACE',''
  ) );
#8635 = PCURVE('',#8636,#8641);
#8636 = CONICAL_SURFACE('',#8637,9.386196672571,0.283932786201);
#8637 = AXIS2_PLACEMENT_3D('',#8638,#8639,#8640);
#8638 = CARTESIAN_POINT('',(0.,0.,271.83333333333));
#8639 = DIRECTION('',(-0.,-0.,-1.));
#8640 = DIRECTION('',(1.,0.,-0.));
#8641 = DEFINITIONAL_REPRESENTATION('',(#8642),#8646);
#8642 = LINE('',#8643,#8644);
#8643 = CARTESIAN_POINT('',(-0.,-0.));
#8644 = VECTOR('',#8645,1.);
#8645 = DIRECTION('',(-1.,-0.));
#8646 = ( GEOMETRIC_REPRESENTATION_CONTEXT(2) 
PARAMETRIC_REPRESENTATION_CONTEXT() REPRESENTATION_CONTEXT('2D SPACE',''
  ) );
#8647 = ORIENTED_EDGE('',*,*,#8598,.F.);
#8648 = ADVANCED_FACE('',(#8649),#8581,.T.);
#8649 = FACE_BOUND('',#8650,.T.);
#8650 = EDGE_LOOP('',(#8651,#8652,#8675,#8702));
#8651 = ORIENTED_EDGE('',*,*,#8566,.T.);
#8652 = ORIENTED_EDGE('',*,*,#8653,.T.);
#8653 = EDGE_CURVE('',#8544,#8654,#8656,.T.);
#8654 = VERTEX_POINT('',#8655);
#8655 = CARTESIAN_POINT('',(7.278987396069,0.,284.83333333333));
#8656 = SEAM_CURVE('',#8657,(#8661,#8668),.PCURVE_S1.);
#8657 = LINE('',#8658,#8659);
#8658 = CARTESIAN_POINT('',(8.023824405648,0.,282.66666666666));
#8659 = VECTOR('',#8660,1.);
#8660 = DIRECTION('',(-0.325097467759,0.,0.945680515003));
#8661 = PCURVE('',#8581,#8662);
#8662 = DEFINITIONAL_REPRESENTATION('',(#8663),#8667);
#8663 = LINE('',#8664,#8665);
#8664 = CARTESIAN_POINT('',(-0.,-0.));
#8665 = VECTOR('',#8666,1.);
#8666 = DIRECTION('',(-0.,-1.));
#8667 = ( GEOMETRIC_REPRESENTATION_CONTEXT(2) 
PARAMETRIC_REPRESENTATION_CONTEXT() REPRESENTATION_CONTEXT('2D SPACE',''
  ) );
#8668 = PCURVE('',#8581,#8669);
#8669 = DEFINITIONAL_REPRESENTATION('',(#8670),#8674);
#8670 = LINE('',#8671,#8672);
#8671 = CARTESIAN_POINT('',(-6.28318530718,-0.));
#8672 = VECTOR('',#8673,1.);
#8673 = DIRECTION('',(-0.,-1.));
#8674 = ( GEOMETRIC_REPRESENTATION_CONTEXT(2) 
PARAMETRIC_REPRESENTATION_CONTEXT() REPRESENTATION_CONTEXT('2D SPACE',''
  ) );
#8675 = ORIENTED_EDGE('',*,*,#8676,.F.);
#8676 = EDGE_CURVE('',#8654,#8654,#8677,.T.);
#8677 = SURFACE_CURVE('',#8678,(#8683,#8690),.PCURVE_S1.);
#8678 = CIRCLE('',#8679,7.278987396069);
#8679 = AXIS2_PLACEMENT_3D('',#8680,#8681,#8682);
#8680 = CARTESIAN_POINT('',(0.,0.,284.83333333333));
#8681 = DIRECTION('',(0.,0.,1.));
#8682 = DIRECTION('',(1.,0.,-0.));
#8683 = PCURVE('',#8581,#8684);
#8684 = DEFINITIONAL_REPRESENTATION('',(#8685),#8689);
#8685 = LINE('',#8686,#8687);
#8686 = CARTESIAN_POINT('',(-0.,-2.166666666667));
#8687 = VECTOR('',#8688,1.);
#8688 = DIRECTION('',(-1.,-0.));
#8689 = ( GEOMETRIC_REPRESENTATION_CONTEXT(2) 
PARAMETRIC_REPRESENTATION_CONTEXT() REPRESENTATION_CONTEXT('2D SPACE',''
  ) );
#8690 = PCURVE('',#8691,#8696);
#8691 = CONICAL_SURFACE('',#8692,7.278987396069,0.344426310062);
#8692 = AXIS2_PLACEMENT_3D('',#8693,#8694,#8695);
#8693 = CARTESIAN_POINT('',(0.,0.,284.83333333333));
#8694 = DIRECTION('',(-0.,-0.,-1.));
#8695 = DIRECTION('',(1.,0.,-0.));
#8696 = DEFINITIONAL_REPRESENTATION('',(#8697),#8701);
#8697 = LINE('',#8698,#8699);
#8698 = CARTESIAN_POINT('',(-0.,-0.));
#8699 = VECTOR('',#8700,1.);
#8700 = DIRECTION('',(-1.,-0.));
#8701 = ( GEOMETRIC_REPRESENTATION_CONTEXT(2) 
PARAMETRIC_REPRESENTATION_CONTEXT() REPRESENTATION_CONTEXT('2D SPACE',''
  ) );
#8702 = ORIENTED_EDGE('',*,*,#8653,.F.);
#8703 = ADVANCED_FACE('',(#8704),#8636,.F.);
#8704 = FACE_BOUND('',#8705,.F.);
#8705 = EDGE_LOOP('',(#8706,#8707,#8730,#8757));
#8706 = ORIENTED_EDGE('',*,*,#8621,.T.);
#8707 = ORIENTED_EDGE('',*,*,#8708,.T.);
#8708 = EDGE_CURVE('',#8599,#8709,#8711,.T.);
#8709 = VERTEX_POINT('',#8710);
#8710 = CARTESIAN_POINT('',(8.753926187574,0.,274.));
#8711 = SEAM_CURVE('',#8712,(#8716,#8723),.PCURVE_S1.);
#8712 = LINE('',#8713,#8714);
#8713 = CARTESIAN_POINT('',(9.386196672571,0.,271.83333333333));
#8714 = VECTOR('',#8715,1.);
#8715 = DIRECTION('',(-0.28013312722,0.,0.959961161211));
#8716 = PCURVE('',#8636,#8717);
#8717 = DEFINITIONAL_REPRESENTATION('',(#8718),#8722);
#8718 = LINE('',#8719,#8720);
#8719 = CARTESIAN_POINT('',(-0.,-0.));
#8720 = VECTOR('',#8721,1.);
#8721 = DIRECTION('',(-0.,-1.));
#8722 = ( GEOMETRIC_REPRESENTATION_CONTEXT(2) 
PARAMETRIC_REPRESENTATION_CONTEXT() REPRESENTATION_CONTEXT('2D SPACE',''
  ) );
#8723 = PCURVE('',#8636,#8724);
#8724 = DEFINITIONAL_REPRESENTATION('',(#8725),#8729);
#8725 = LINE('',#8726,#8727);
#8726 = CARTESIAN_POINT('',(-6.28318530718,-0.));
#8727 = VECTOR('',#8728,1.);
#8728 = DIRECTION('',(-0.,-1.));
#8729 = ( GEOMETRIC_REPRESENTATION_CONTEXT(2) 
PARAMETRIC_REPRESENTATION_CONTEXT() REPRESENTATION_CONTEXT('2D SPACE',''
  ) );
#8730 = ORIENTED_EDGE('',*,*,#8731,.F.);
#8731 = EDGE_CURVE('',#8709,#8709,#8732,.T.);
#8732 = SURFACE_CURVE('',#8733,(#8738,#8745),.PCURVE_S1.);
#8733 = CIRCLE('',#8734,8.753926187574);
#8734 = AXIS2_PLACEMENT_3D('',#8735,#8736,#8737);
#8735 = CARTESIAN_POINT('',(0.,0.,274.));
#8736 = DIRECTION('',(0.,0.,1.));
#8737 = DIRECTION('',(1.,0.,-0.));
#8738 = PCURVE('',#8636,#8739);
#8739 = DEFINITIONAL_REPRESENTATION('',(#8740),#8744);
#8740 = LINE('',#8741,#8742);
#8741 = CARTESIAN_POINT('',(-0.,-2.166666666667));
#8742 = VECTOR('',#8743,1.);
#8743 = DIRECTION('',(-1.,-0.));
#8744 = ( GEOMETRIC_REPRESENTATION_CONTEXT(2) 
PARAMETRIC_REPRESENTATION_CONTEXT() REPRESENTATION_CONTEXT('2D SPACE',''
  ) );
#8745 = PCURVE('',#8746,#8751);
#8746 = CONICAL_SURFACE('',#8747,8.753926187574,0.291660820545);
#8747 = AXIS2_PLACEMENT_3D('',#8748,#8749,#8750);
#8748 = CARTESIAN_POINT('',(0.,0.,274.));
#8749 = DIRECTION('',(-0.,-0.,-1.));
#8750 = DIRECTION('',(1.,0.,-0.));
#8751 = DEFINITIONAL_REPRESENTATION('',(#8752),#8756);
#8752 = LINE('',#8753,#8754);
#8753 = CARTESIAN_POINT('',(-0.,-0.));
#8754 = VECTOR('',#8755,1.);
#8755 = DIRECTION('',(-1.,-0.));
#8756 = ( GEOMETRIC_REPRESENTATION_CONTEXT(2) 
PARAMETRIC_REPRESENTATION_CONTEXT() REPRESENTATION_CONTEXT('2D SPACE',''
  ) );
#8757 = ORIENTED_EDGE('',*,*,#8708,.F.);
#8758 = ADVANCED_FACE('',(#8759),#8691,.T.);
#8759 = FACE_BOUND('',#8760,.T.);
#8760 = EDGE_LOOP('',(#8761,#8762,#8785,#8812));
#8761 = ORIENTED_EDGE('',*,*,#8676,.T.);
#8762 = ORIENTED_EDGE('',*,*,#8763,.T.);
#8763 = EDGE_CURVE('',#8654,#8764,#8766,.T.);
#8764 = VERTEX_POINT('',#8765);
#8765 = CARTESIAN_POINT('',(6.501750126046,0.,287.));
#8766 = SEAM_CURVE('',#8767,(#8771,#8778),.PCURVE_S1.);
#8767 = LINE('',#8768,#8769);
#8768 = CARTESIAN_POINT('',(7.278987396069,0.,284.83333333333));
#8769 = VECTOR('',#8770,1.);
#8770 = DIRECTION('',(-0.337656736105,0.,0.941269317763));
#8771 = PCURVE('',#8691,#8772);
#8772 = DEFINITIONAL_REPRESENTATION('',(#8773),#8777);
#8773 = LINE('',#8774,#8775);
#8774 = CARTESIAN_POINT('',(-0.,-0.));
#8775 = VECTOR('',#8776,1.);
#8776 = DIRECTION('',(-0.,-1.));
#8777 = ( GEOMETRIC_REPRESENTATION_CONTEXT(2) 
PARAMETRIC_REPRESENTATION_CONTEXT() REPRESENTATION_CONTEXT('2D SPACE',''
  ) );
#8778 = PCURVE('',#8691,#8779);
#8779 = DEFINITIONAL_REPRESENTATION('',(#8780),#8784);
#8780 = LINE('',#8781,#8782);
#8781 = CARTESIAN_POINT('',(-6.28318530718,-0.));
#8782 = VECTOR('',#8783,1.);
#8783 = DIRECTION('',(-0.,-1.));
#8784 = ( GEOMETRIC_REPRESENTATION_CONTEXT(2) 
PARAMETRIC_REPRESENTATION_CONTEXT() REPRESENTATION_CONTEXT('2D SPACE',''
  ) );
#8785 = ORIENTED_EDGE('',*,*,#8786,.F.);
#8786 = EDGE_CURVE('',#8764,#8764,#8787,.T.);
#8787 = SURFACE_CURVE('',#8788,(#8793,#8800),.PCURVE_S1.);
#8788 = CIRCLE('',#8789,6.501750126046);
#8789 = AXIS2_PLACEMENT_3D('',#8790,#8791,#8792);
#8790 = CARTESIAN_POINT('',(0.,0.,287.));
#8791 = DIRECTION('',(0.,0.,1.));
#8792 = DIRECTION('',(1.,0.,-0.));
#8793 = PCURVE('',#8691,#8794);
#8794 = DEFINITIONAL_REPRESENTATION('',(#8795),#8799);
#8795 = LINE('',#8796,#8797);
#8796 = CARTESIAN_POINT('',(-0.,-2.166666666667));
#8797 = VECTOR('',#8798,1.);
#8798 = DIRECTION('',(-1.,-0.));
#8799 = ( GEOMETRIC_REPRESENTATION_CONTEXT(2) 
PARAMETRIC_REPRESENTATION_CONTEXT() REPRESENTATION_CONTEXT('2D SPACE',''
  ) );
#8800 = PCURVE('',#8801,#8806);
#8801 = CONICAL_SURFACE('',#8802,6.501750126046,0.360121510681);
#8802 = AXIS2_PLACEMENT_3D('',#8803,#8804,#8805);
#8803 = CARTESIAN_POINT('',(0.,0.,287.));
#8804 = DIRECTION('',(-0.,-0.,-1.));
#8805 = DIRECTION('',(1.,0.,-0.));
#8806 = DEFINITIONAL_REPRESENTATION('',(#8807),#8811);
#8807 = LINE('',#8808,#8809);
#8808 = CARTESIAN_POINT('',(-0.,-0.));
#8809 = VECTOR('',#8810,1.);
#8810 = DIRECTION('',(-1.,-0.));
#8811 = ( GEOMETRIC_REPRESENTATION_CONTEXT(2) 
PARAMETRIC_REPRESENTATION_CONTEXT() REPRESENTATION_CONTEXT('2D SPACE',''
  ) );
#8812 = ORIENTED_EDGE('',*,*,#8763,.F.);
#8813 = ADVANCED_FACE('',(#8814),#8746,.F.);
#8814 = FACE_BOUND('',#8815,.F.);
#8815 = EDGE_LOOP('',(#8816,#8817,#8840,#8867));
#8816 = ORIENTED_EDGE('',*,*,#8731,.T.);
#8817 = ORIENTED_EDGE('',*,*,#8818,.T.);
#8818 = EDGE_CURVE('',#8709,#8819,#8821,.T.);
#8819 = VERTEX_POINT('',#8820);
#8820 = CARTESIAN_POINT('',(8.103444316511,0.,276.16666666666));
#8821 = SEAM_CURVE('',#8822,(#8826,#8833),.PCURVE_S1.);
#8822 = LINE('',#8823,#8824);
#8823 = CARTESIAN_POINT('',(8.753926187574,0.,274.));
#8824 = VECTOR('',#8825,1.);
#8825 = DIRECTION('',(-0.287543301114,0.,0.957767638827));
#8826 = PCURVE('',#8746,#8827);
#8827 = DEFINITIONAL_REPRESENTATION('',(#8828),#8832);
#8828 = LINE('',#8829,#8830);
#8829 = CARTESIAN_POINT('',(-0.,-0.));
#8830 = VECTOR('',#8831,1.);
#8831 = DIRECTION('',(-0.,-1.));
#8832 = ( GEOMETRIC_REPRESENTATION_CONTEXT(2) 
PARAMETRIC_REPRESENTATION_CONTEXT() REPRESENTATION_CONTEXT('2D SPACE',''
  ) );
#8833 = PCURVE('',#8746,#8834);
#8834 = DEFINITIONAL_REPRESENTATION('',(#8835),#8839);
#8835 = LINE('',#8836,#8837);
#8836 = CARTESIAN_POINT('',(-6.28318530718,-0.));
#8837 = VECTOR('',#8838,1.);
#8838 = DIRECTION('',(-0.,-1.));
#8839 = ( GEOMETRIC_REPRESENTATION_CONTEXT(2) 
PARAMETRIC_REPRESENTATION_CONTEXT() REPRESENTATION_CONTEXT('2D SPACE',''
  ) );
#8840 = ORIENTED_EDGE('',*,*,#8841,.F.);
#8841 = EDGE_CURVE('',#8819,#8819,#8842,.T.);
#8842 = SURFACE_CURVE('',#8843,(#8848,#8855),.PCURVE_S1.);
#8843 = CIRCLE('',#8844,8.103444316511);
#8844 = AXIS2_PLACEMENT_3D('',#8845,#8846,#8847);
#8845 = CARTESIAN_POINT('',(0.,0.,276.16666666666));
#8846 = DIRECTION('',(0.,0.,1.));
#8847 = DIRECTION('',(1.,0.,-0.));
#8848 = PCURVE('',#8746,#8849);
#8849 = DEFINITIONAL_REPRESENTATION('',(#8850),#8854);
#8850 = LINE('',#8851,#8852);
#8851 = CARTESIAN_POINT('',(-0.,-2.166666666667));
#8852 = VECTOR('',#8853,1.);
#8853 = DIRECTION('',(-1.,-0.));
#8854 = ( GEOMETRIC_REPRESENTATION_CONTEXT(2) 
PARAMETRIC_REPRESENTATION_CONTEXT() REPRESENTATION_CONTEXT('2D SPACE',''
  ) );
#8855 = PCURVE('',#8856,#8861);
#8856 = CONICAL_SURFACE('',#8857,8.103444316511,0.300061285315);
#8857 = AXIS2_PLACEMENT_3D('',#8858,#8859,#8860);
#8858 = CARTESIAN_POINT('',(0.,0.,276.16666666666));
#8859 = DIRECTION('',(-0.,-0.,-1.));
#8860 = DIRECTION('',(1.,0.,-0.));
#8861 = DEFINITIONAL_REPRESENTATION('',(#8862),#8866);
#8862 = LINE('',#8863,#8864);
#8863 = CARTESIAN_POINT('',(-0.,-0.));
#8864 = VECTOR('',#8865,1.);
#8865 = DIRECTION('',(-1.,-0.));
#8866 = ( GEOMETRIC_REPRESENTATION_CONTEXT(2) 
PARAMETRIC_REPRESENTATION_CONTEXT() REPRESENTATION_CONTEXT('2D SPACE',''
  ) );
#8867 = ORIENTED_EDGE('',*,*,#8818,.F.);
#8868 = ADVANCED_FACE('',(#8869),#8801,.T.);
#8869 = FACE_BOUND('',#8870,.T.);
#8870 = EDGE_LOOP('',(#8871,#8872,#8895,#8922));
#8871 = ORIENTED_EDGE('',*,*,#8786,.T.);
#8872 = ORIENTED_EDGE('',*,*,#8873,.T.);
#8873 = EDGE_CURVE('',#8764,#8874,#8876,.T.);
#8874 = VERTEX_POINT('',#8875);
#8875 = CARTESIAN_POINT('',(5.685910026959,0.,289.16666666666));
#8876 = SEAM_CURVE('',#8877,(#8881,#8888),.PCURVE_S1.);
#8877 = LINE('',#8878,#8879);
#8878 = CARTESIAN_POINT('',(6.501750126046,0.,287.));
#8879 = VECTOR('',#8880,1.);
#8880 = DIRECTION('',(-0.352387952135,0.,0.935854011687));
#8881 = PCURVE('',#8801,#8882);
#8882 = DEFINITIONAL_REPRESENTATION('',(#8883),#8887);
#8883 = LINE('',#8884,#8885);
#8884 = CARTESIAN_POINT('',(-0.,-0.));
#8885 = VECTOR('',#8886,1.);
#8886 = DIRECTION('',(-0.,-1.));
#8887 = ( GEOMETRIC_REPRESENTATION_CONTEXT(2) 
PARAMETRIC_REPRESENTATION_CONTEXT() REPRESENTATION_CONTEXT('2D SPACE',''
  ) );
#8888 = PCURVE('',#8801,#8889);
#8889 = DEFINITIONAL_REPRESENTATION('',(#8890),#8894);
#8890 = LINE('',#8891,#8892);
#8891 = CARTESIAN_POINT('',(-6.28318530718,-0.));
#8892 = VECTOR('',#8893,1.);
#8893 = DIRECTION('',(-0.,-1.));
#8894 = ( GEOMETRIC_REPRESENTATION_CONTEXT(2) 
PARAMETRIC_REPRESENTATION_CONTEXT() REPRESENTATION_CONTEXT('2D SPACE',''
  ) );
#8895 = ORIENTED_EDGE('',*,*,#8896,.F.);
#8896 = EDGE_CURVE('',#8874,#8874,#8897,.T.);
#8897 = SURFACE_CURVE('',#8898,(#8903,#8910),.PCURVE_S1.);
#8898 = CIRCLE('',#8899,5.685910026959);
#8899 = AXIS2_PLACEMENT_3D('',#8900,#8901,#8902);
#8900 = CARTESIAN_POINT('',(0.,0.,289.16666666666));
#8901 = DIRECTION('',(0.,0.,1.));
#8902 = DIRECTION('',(1.,0.,-0.));
#8903 = PCURVE('',#8801,#8904);
#8904 = DEFINITIONAL_REPRESENTATION('',(#8905),#8909);
#8905 = LINE('',#8906,#8907);
#8906 = CARTESIAN_POINT('',(-0.,-2.166666666667));
#8907 = VECTOR('',#8908,1.);
#8908 = DIRECTION('',(-1.,-0.));
#8909 = ( GEOMETRIC_REPRESENTATION_CONTEXT(2) 
PARAMETRIC_REPRESENTATION_CONTEXT() REPRESENTATION_CONTEXT('2D SPACE',''
  ) );
#8910 = PCURVE('',#8911,#8916);
#8911 = CONICAL_SURFACE('',#8912,5.685910026959,0.379265397511);
#8912 = AXIS2_PLACEMENT_3D('',#8913,#8914,#8915);
#8913 = CARTESIAN_POINT('',(0.,0.,289.16666666666));
#8914 = DIRECTION('',(-0.,-0.,-1.));
#8915 = DIRECTION('',(1.,0.,-0.));
#8916 = DEFINITIONAL_REPRESENTATION('',(#8917),#8921);
#8917 = LINE('',#8918,#8919);
#8918 = CARTESIAN_POINT('',(-0.,-0.));
#8919 = VECTOR('',#8920,1.);
#8920 = DIRECTION('',(-1.,-0.));
#8921 = ( GEOMETRIC_REPRESENTATION_CONTEXT(2) 
PARAMETRIC_REPRESENTATION_CONTEXT() REPRESENTATION_CONTEXT('2D SPACE',''
  ) );
#8922 = ORIENTED_EDGE('',*,*,#8873,.F.);
#8923 = ADVANCED_FACE('',(#8924),#8856,.F.);
#8924 = FACE_BOUND('',#8925,.F.);
#8925 = EDGE_LOOP('',(#8926,#8927,#8950,#8977));
#8926 = ORIENTED_EDGE('',*,*,#8841,.T.);
#8927 = ORIENTED_EDGE('',*,*,#8928,.T.);
#8928 = EDGE_CURVE('',#8819,#8929,#8931,.T.);
#8929 = VERTEX_POINT('',#8930);
#8930 = CARTESIAN_POINT('',(7.433070282045,0.,278.33333333333));
#8931 = SEAM_CURVE('',#8932,(#8936,#8943),.PCURVE_S1.);
#8932 = LINE('',#8933,#8934);
#8933 = CARTESIAN_POINT('',(8.103444316511,0.,276.16666666666));
#8934 = VECTOR('',#8935,1.);
#8935 = DIRECTION('',(-0.295578754204,0.,0.955318376283));
#8936 = PCURVE('',#8856,#8937);
#8937 = DEFINITIONAL_REPRESENTATION('',(#8938),#8942);
#8938 = LINE('',#8939,#8940);
#8939 = CARTESIAN_POINT('',(-0.,-0.));
#8940 = VECTOR('',#8941,1.);
#8941 = DIRECTION('',(-0.,-1.));
#8942 = ( GEOMETRIC_REPRESENTATION_CONTEXT(2) 
PARAMETRIC_REPRESENTATION_CONTEXT() REPRESENTATION_CONTEXT('2D SPACE',''
  ) );
#8943 = PCURVE('',#8856,#8944);
#8944 = DEFINITIONAL_REPRESENTATION('',(#8945),#8949);
#8945 = LINE('',#8946,#8947);
#8946 = CARTESIAN_POINT('',(-6.28318530718,-0.));
#8947 = VECTOR('',#8948,1.);
#8948 = DIRECTION('',(-0.,-1.));
#8949 = ( GEOMETRIC_REPRESENTATION_CONTEXT(2) 
PARAMETRIC_REPRESENTATION_CONTEXT() REPRESENTATION_CONTEXT('2D SPACE',''
  ) );
#8950 = ORIENTED_EDGE('',*,*,#8951,.F.);
#8951 = EDGE_CURVE('',#8929,#8929,#8952,.T.);
#8952 = SURFACE_CURVE('',#8953,(#8958,#8965),.PCURVE_S1.);
#8953 = CIRCLE('',#8954,7.433070282045);
#8954 = AXIS2_PLACEMENT_3D('',#8955,#8956,#8957);
#8955 = CARTESIAN_POINT('',(0.,0.,278.33333333333));
#8956 = DIRECTION('',(0.,0.,1.));
#8957 = DIRECTION('',(1.,0.,-0.));
#8958 = PCURVE('',#8856,#8959);
#8959 = DEFINITIONAL_REPRESENTATION('',(#8960),#8964);
#8960 = LINE('',#8961,#8962);
#8961 = CARTESIAN_POINT('',(-0.,-2.166666666667));
#8962 = VECTOR('',#8963,1.);
#8963 = DIRECTION('',(-1.,-0.));
#8964 = ( GEOMETRIC_REPRESENTATION_CONTEXT(2) 
PARAMETRIC_REPRESENTATION_CONTEXT() REPRESENTATION_CONTEXT('2D SPACE',''
  ) );
#8965 = PCURVE('',#8966,#8971);
#8966 = CONICAL_SURFACE('',#8967,7.433070282045,0.309286214133);
#8967 = AXIS2_PLACEMENT_3D('',#8968,#8969,#8970);
#8968 = CARTESIAN_POINT('',(0.,0.,278.33333333333));
#8969 = DIRECTION('',(-0.,-0.,-1.));
#8970 = DIRECTION('',(1.,0.,-0.));
#8971 = DEFINITIONAL_REPRESENTATION('',(#8972),#8976);
#8972 = LINE('',#8973,#8974);
#8973 = CARTESIAN_POINT('',(-0.,-0.));
#8974 = VECTOR('',#8975,1.);
#8975 = DIRECTION('',(-1.,-0.));
#8976 = ( GEOMETRIC_REPRESENTATION_CONTEXT(2) 
PARAMETRIC_REPRESENTATION_CONTEXT() REPRESENTATION_CONTEXT('2D SPACE',''
  ) );
#8977 = ORIENTED_EDGE('',*,*,#8928,.F.);
#8978 = ADVANCED_FACE('',(#8979),#8911,.T.);
#8979 = FACE_BOUND('',#8980,.T.);
#8980 = EDGE_LOOP('',(#8981,#8982,#9005,#9032));
#8981 = ORIENTED_EDGE('',*,*,#8896,.T.);
#8982 = ORIENTED_EDGE('',*,*,#8983,.T.);
#8983 = EDGE_CURVE('',#8874,#8984,#8986,.T.);
#8984 = VERTEX_POINT('',#8985);
#8985 = CARTESIAN_POINT('',(4.822360809814,0.,291.33333333333));
#8986 = SEAM_CURVE('',#8987,(#8991,#8998),.PCURVE_S1.);
#8987 = LINE('',#8988,#8989);
#8988 = CARTESIAN_POINT('',(5.685910026959,0.,289.16666666666));
#8989 = VECTOR('',#8990,1.);
#8990 = DIRECTION('',(-0.37023817004,0.,0.928936864079));
#8991 = PCURVE('',#8911,#8992);
#8992 = DEFINITIONAL_REPRESENTATION('',(#8993),#8997);
#8993 = LINE('',#8994,#8995);
#8994 = CARTESIAN_POINT('',(-0.,-0.));
#8995 = VECTOR('',#8996,1.);
#8996 = DIRECTION('',(-0.,-1.));
#8997 = ( GEOMETRIC_REPRESENTATION_CONTEXT(2) 
PARAMETRIC_REPRESENTATION_CONTEXT() REPRESENTATION_CONTEXT('2D SPACE',''
  ) );
#8998 = PCURVE('',#8911,#8999);
#8999 = DEFINITIONAL_REPRESENTATION('',(#9000),#9004);
#9000 = LINE('',#9001,#9002);
#9001 = CARTESIAN_POINT('',(-6.28318530718,-0.));
#9002 = VECTOR('',#9003,1.);
#9003 = DIRECTION('',(-0.,-1.));
#9004 = ( GEOMETRIC_REPRESENTATION_CONTEXT(2) 
PARAMETRIC_REPRESENTATION_CONTEXT() REPRESENTATION_CONTEXT('2D SPACE',''
  ) );
#9005 = ORIENTED_EDGE('',*,*,#9006,.F.);
#9006 = EDGE_CURVE('',#8984,#8984,#9007,.T.);
#9007 = SURFACE_CURVE('',#9008,(#9013,#9020),.PCURVE_S1.);
#9008 = CIRCLE('',#9009,4.822360809814);
#9009 = AXIS2_PLACEMENT_3D('',#9010,#9011,#9012);
#9010 = CARTESIAN_POINT('',(0.,0.,291.33333333333));
#9011 = DIRECTION('',(0.,0.,1.));
#9012 = DIRECTION('',(1.,0.,-0.));
#9013 = PCURVE('',#8911,#9014);
#9014 = DEFINITIONAL_REPRESENTATION('',(#9015),#9019);
#9015 = LINE('',#9016,#9017);
#9016 = CARTESIAN_POINT('',(-0.,-2.166666666667));
#9017 = VECTOR('',#9018,1.);
#9018 = DIRECTION('',(-1.,-0.));
#9019 = ( GEOMETRIC_REPRESENTATION_CONTEXT(2) 
PARAMETRIC_REPRESENTATION_CONTEXT() REPRESENTATION_CONTEXT('2D SPACE',''
  ) );
#9020 = PCURVE('',#9021,#9026);
#9021 = CONICAL_SURFACE('',#9022,4.822360809814,0.403798983549);
#9022 = AXIS2_PLACEMENT_3D('',#9023,#9024,#9025);
#9023 = CARTESIAN_POINT('',(0.,0.,291.33333333333));
#9024 = DIRECTION('',(-0.,-0.,-1.));
#9025 = DIRECTION('',(1.,0.,-0.));
#9026 = DEFINITIONAL_REPRESENTATION('',(#9027),#9031);
#9027 = LINE('',#9028,#9029);
#9028 = CARTESIAN_POINT('',(-0.,-0.));
#9029 = VECTOR('',#9030,1.);
#9030 = DIRECTION('',(-1.,-0.));
#9031 = ( GEOMETRIC_REPRESENTATION_CONTEXT(2) 
PARAMETRIC_REPRESENTATION_CONTEXT() REPRESENTATION_CONTEXT('2D SPACE',''
  ) );
#9032 = ORIENTED_EDGE('',*,*,#8983,.F.);
#9033 = ADVANCED_FACE('',(#9034),#8966,.F.);
#9034 = FACE_BOUND('',#9035,.F.);
#9035 = EDGE_LOOP('',(#9036,#9037,#9060,#9087));
#9036 = ORIENTED_EDGE('',*,*,#8951,.T.);
#9037 = ORIENTED_EDGE('',*,*,#9038,.T.);
#9038 = EDGE_CURVE('',#8929,#9039,#9041,.T.);
#9039 = VERTEX_POINT('',#9040);
#9040 = CARTESIAN_POINT('',(6.740732190524,0.,280.5));
#9041 = SEAM_CURVE('',#9042,(#9046,#9053),.PCURVE_S1.);
#9042 = LINE('',#9043,#9044);
#9043 = CARTESIAN_POINT('',(7.433070282045,0.,278.33333333333));
#9044 = VECTOR('',#9045,1.);
#9045 = DIRECTION('',(-0.304378796546,0.,0.952551073808));
#9046 = PCURVE('',#8966,#9047);
#9047 = DEFINITIONAL_REPRESENTATION('',(#9048),#9052);
#9048 = LINE('',#9049,#9050);
#9049 = CARTESIAN_POINT('',(-0.,-0.));
#9050 = VECTOR('',#9051,1.);
#9051 = DIRECTION('',(-0.,-1.));
#9052 = ( GEOMETRIC_REPRESENTATION_CONTEXT(2) 
PARAMETRIC_REPRESENTATION_CONTEXT() REPRESENTATION_CONTEXT('2D SPACE',''
  ) );
#9053 = PCURVE('',#8966,#9054);
#9054 = DEFINITIONAL_REPRESENTATION('',(#9055),#9059);
#9055 = LINE('',#9056,#9057);
#9056 = CARTESIAN_POINT('',(-6.28318530718,-0.));
#9057 = VECTOR('',#9058,1.);
#9058 = DIRECTION('',(-0.,-1.));
#9059 = ( GEOMETRIC_REPRESENTATION_CONTEXT(2) 
PARAMETRIC_REPRESENTATION_CONTEXT() REPRESENTATION_CONTEXT('2D SPACE',''
  ) );
#9060 = ORIENTED_EDGE('',*,*,#9061,.F.);
#9061 = EDGE_CURVE('',#9039,#9039,#9062,.T.);
#9062 = SURFACE_CURVE('',#9063,(#9068,#9075),.PCURVE_S1.);
#9063 = CIRCLE('',#9064,6.740732190524);
#9064 = AXIS2_PLACEMENT_3D('',#9065,#9066,#9067);
#9065 = CARTESIAN_POINT('',(0.,0.,280.5));
#9066 = DIRECTION('',(0.,0.,1.));
#9067 = DIRECTION('',(1.,0.,-0.));
#9068 = PCURVE('',#8966,#9069);
#9069 = DEFINITIONAL_REPRESENTATION('',(#9070),#9074);
#9070 = LINE('',#9071,#9072);
#9071 = CARTESIAN_POINT('',(-0.,-2.166666666667));
#9072 = VECTOR('',#9073,1.);
#9073 = DIRECTION('',(-1.,-0.));
#9074 = ( GEOMETRIC_REPRESENTATION_CONTEXT(2) 
PARAMETRIC_REPRESENTATION_CONTEXT() REPRESENTATION_CONTEXT('2D SPACE',''
  ) );
#9075 = PCURVE('',#9076,#9081);
#9076 = CONICAL_SURFACE('',#9077,6.740732190524,0.319541396877);
#9077 = AXIS2_PLACEMENT_3D('',#9078,#9079,#9080);
#9078 = CARTESIAN_POINT('',(0.,0.,280.5));
#9079 = DIRECTION('',(-0.,-0.,-1.));
#9080 = DIRECTION('',(1.,0.,-0.));
#9081 = DEFINITIONAL_REPRESENTATION('',(#9082),#9086);
#9082 = LINE('',#9083,#9084);
#9083 = CARTESIAN_POINT('',(-0.,-0.));
#9084 = VECTOR('',#9085,1.);
#9085 = DIRECTION('',(-1.,-0.));
#9086 = ( GEOMETRIC_REPRESENTATION_CONTEXT(2) 
PARAMETRIC_REPRESENTATION_CONTEXT() REPRESENTATION_CONTEXT('2D SPACE',''
  ) );
#9087 = ORIENTED_EDGE('',*,*,#9038,.F.);
#9088 = ADVANCED_FACE('',(#9089),#9021,.T.);
#9089 = FACE_BOUND('',#9090,.T.);
#9090 = EDGE_LOOP('',(#9091,#9092,#9115,#9142));
#9091 = ORIENTED_EDGE('',*,*,#9006,.T.);
#9092 = ORIENTED_EDGE('',*,*,#9093,.T.);
#9093 = EDGE_CURVE('',#8984,#9094,#9096,.T.);
#9094 = VERTEX_POINT('',#9095);
#9095 = CARTESIAN_POINT('',(3.896590700522,0.,293.5));
#9096 = SEAM_CURVE('',#9097,(#9101,#9108),.PCURVE_S1.);
#9097 = LINE('',#9098,#9099);
#9098 = CARTESIAN_POINT('',(4.822360809814,0.,291.33333333333));
#9099 = VECTOR('',#9100,1.);
#9100 = DIRECTION('',(-0.392914619363,0.,0.91957495719));
#9101 = PCURVE('',#9021,#9102);
#9102 = DEFINITIONAL_REPRESENTATION('',(#9103),#9107);
#9103 = LINE('',#9104,#9105);
#9104 = CARTESIAN_POINT('',(-0.,-0.));
#9105 = VECTOR('',#9106,1.);
#9106 = DIRECTION('',(-0.,-1.));
#9107 = ( GEOMETRIC_REPRESENTATION_CONTEXT(2) 
PARAMETRIC_REPRESENTATION_CONTEXT() REPRESENTATION_CONTEXT('2D SPACE',''
  ) );
#9108 = PCURVE('',#9021,#9109);
#9109 = DEFINITIONAL_REPRESENTATION('',(#9110),#9114);
#9110 = LINE('',#9111,#9112);
#9111 = CARTESIAN_POINT('',(-6.28318530718,-0.));
#9112 = VECTOR('',#9113,1.);
#9113 = DIRECTION('',(-0.,-1.));
#9114 = ( GEOMETRIC_REPRESENTATION_CONTEXT(2) 
PARAMETRIC_REPRESENTATION_CONTEXT() REPRESENTATION_CONTEXT('2D SPACE',''
  ) );
#9115 = ORIENTED_EDGE('',*,*,#9116,.F.);
#9116 = EDGE_CURVE('',#9094,#9094,#9117,.T.);
#9117 = SURFACE_CURVE('',#9118,(#9123,#9130),.PCURVE_S1.);
#9118 = CIRCLE('',#9119,3.896590700522);
#9119 = AXIS2_PLACEMENT_3D('',#9120,#9121,#9122);
#9120 = CARTESIAN_POINT('',(0.,0.,293.5));
#9121 = DIRECTION('',(0.,0.,1.));
#9122 = DIRECTION('',(1.,0.,-0.));
#9123 = PCURVE('',#9021,#9124);
#9124 = DEFINITIONAL_REPRESENTATION('',(#9125),#9129);
#9125 = LINE('',#9126,#9127);
#9126 = CARTESIAN_POINT('',(-0.,-2.166666666667));
#9127 = VECTOR('',#9128,1.);
#9128 = DIRECTION('',(-1.,-0.));
#9129 = ( GEOMETRIC_REPRESENTATION_CONTEXT(2) 
PARAMETRIC_REPRESENTATION_CONTEXT() REPRESENTATION_CONTEXT('2D SPACE',''
  ) );
#9130 = PCURVE('',#9131,#9136);
#9131 = CONICAL_SURFACE('',#9132,3.896590700522,0.437847794753);
#9132 = AXIS2_PLACEMENT_3D('',#9133,#9134,#9135);
#9133 = CARTESIAN_POINT('',(0.,0.,293.5));
#9134 = DIRECTION('',(-0.,-0.,-1.));
#9135 = DIRECTION('',(1.,0.,-0.));
#9136 = DEFINITIONAL_REPRESENTATION('',(#9137),#9141);
#9137 = LINE('',#9138,#9139);
#9138 = CARTESIAN_POINT('',(-0.,-0.));
#9139 = VECTOR('',#9140,1.);
#9140 = DIRECTION('',(-1.,-0.));
#9141 = ( GEOMETRIC_REPRESENTATION_CONTEXT(2) 
PARAMETRIC_REPRESENTATION_CONTEXT() REPRESENTATION_CONTEXT('2D SPACE',''
  ) );
#9142 = ORIENTED_EDGE('',*,*,#9093,.F.);
#9143 = ADVANCED_FACE('',(#9144),#9076,.F.);
#9144 = FACE_BOUND('',#9145,.F.);
#9145 = EDGE_LOOP('',(#9146,#9147,#9170,#9197));
#9146 = ORIENTED_EDGE('',*,*,#9061,.T.);
#9147 = ORIENTED_EDGE('',*,*,#9148,.T.);
#9148 = EDGE_CURVE('',#9039,#9149,#9151,.T.);
#9149 = VERTEX_POINT('',#9150);
#9150 = CARTESIAN_POINT('',(6.023824405648,0.,282.66666666666));
#9151 = SEAM_CURVE('',#9152,(#9156,#9163),.PCURVE_S1.);
#9152 = LINE('',#9153,#9154);
#9153 = CARTESIAN_POINT('',(6.740732190524,0.,280.5));
#9154 = VECTOR('',#9155,1.);
#9155 = DIRECTION('',(-0.314131205225,0.,0.949379579464));
#9156 = PCURVE('',#9076,#9157);
#9157 = DEFINITIONAL_REPRESENTATION('',(#9158),#9162);
#9158 = LINE('',#9159,#9160);
#9159 = CARTESIAN_POINT('',(-0.,-0.));
#9160 = VECTOR('',#9161,1.);
#9161 = DIRECTION('',(-0.,-1.));
#9162 = ( GEOMETRIC_REPRESENTATION_CONTEXT(2) 
PARAMETRIC_REPRESENTATION_CONTEXT() REPRESENTATION_CONTEXT('2D SPACE',''
  ) );
#9163 = PCURVE('',#9076,#9164);
#9164 = DEFINITIONAL_REPRESENTATION('',(#9165),#9169);
#9165 = LINE('',#9166,#9167);
#9166 = CARTESIAN_POINT('',(-6.28318530718,-0.));
#9167 = VECTOR('',#9168,1.);
#9168 = DIRECTION('',(-0.,-1.));
#9169 = ( GEOMETRIC_REPRESENTATION_CONTEXT(2) 
PARAMETRIC_REPRESENTATION_CONTEXT() REPRESENTATION_CONTEXT('2D SPACE',''
  ) );
#9170 = ORIENTED_EDGE('',*,*,#9171,.F.);
#9171 = EDGE_CURVE('',#9149,#9149,#9172,.T.);
#9172 = SURFACE_CURVE('',#9173,(#9178,#9185),.PCURVE_S1.);
#9173 = CIRCLE('',#9174,6.023824405648);
#9174 = AXIS2_PLACEMENT_3D('',#9175,#9176,#9177);
#9175 = CARTESIAN_POINT('',(0.,0.,282.66666666666));
#9176 = DIRECTION('',(0.,0.,1.));
#9177 = DIRECTION('',(1.,0.,-0.));
#9178 = PCURVE('',#9076,#9179);
#9179 = DEFINITIONAL_REPRESENTATION('',(#9180),#9184);
#9180 = LINE('',#9181,#9182);
#9181 = CARTESIAN_POINT('',(-0.,-2.166666666667));
#9182 = VECTOR('',#9183,1.);
#9183 = DIRECTION('',(-1.,-0.));
#9184 = ( GEOMETRIC_REPRESENTATION_CONTEXT(2) 
PARAMETRIC_REPRESENTATION_CONTEXT() REPRESENTATION_CONTEXT('2D SPACE',''
  ) );
#9185 = PCURVE('',#9186,#9191);
#9186 = CONICAL_SURFACE('',#9187,6.023824405648,0.33111479253);
#9187 = AXIS2_PLACEMENT_3D('',#9188,#9189,#9190);
#9188 = CARTESIAN_POINT('',(0.,0.,282.66666666666));
#9189 = DIRECTION('',(-0.,-0.,-1.));
#9190 = DIRECTION('',(1.,0.,-0.));
#9191 = DEFINITIONAL_REPRESENTATION('',(#9192),#9196);
#9192 = LINE('',#9193,#9194);
#9193 = CARTESIAN_POINT('',(-0.,-0.));
#9194 = VECTOR('',#9195,1.);
#9195 = DIRECTION('',(-1.,-0.));
#9196 = ( GEOMETRIC_REPRESENTATION_CONTEXT(2) 
PARAMETRIC_REPRESENTATION_CONTEXT() REPRESENTATION_CONTEXT('2D SPACE',''
  ) );
#9197 = ORIENTED_EDGE('',*,*,#9148,.F.);
#9198 = ADVANCED_FACE('',(#9199),#9131,.T.);
#9199 = FACE_BOUND('',#9200,.T.);
#9200 = EDGE_LOOP('',(#9201,#9202,#9225,#9252));
#9201 = ORIENTED_EDGE('',*,*,#9116,.T.);
#9202 = ORIENTED_EDGE('',*,*,#9203,.T.);
#9203 = EDGE_CURVE('',#9094,#9204,#9206,.T.);
#9204 = VERTEX_POINT('',#9205);
#9205 = CARTESIAN_POINT('',(2.882257084284,0.,295.66666666666));
#9206 = SEAM_CURVE('',#9207,(#9211,#9218),.PCURVE_S1.);
#9207 = LINE('',#9208,#9209);
#9208 = CARTESIAN_POINT('',(3.896590700522,0.,293.5));
#9209 = VECTOR('',#9210,1.);
#9210 = DIRECTION('',(-0.42399126882,0.,0.905666276266));
#9211 = PCURVE('',#9131,#9212);
#9212 = DEFINITIONAL_REPRESENTATION('',(#9213),#9217);
#9213 = LINE('',#9214,#9215);
#9214 = CARTESIAN_POINT('',(-0.,-0.));
#9215 = VECTOR('',#9216,1.);
#9216 = DIRECTION('',(-0.,-1.));
#9217 = ( GEOMETRIC_REPRESENTATION_CONTEXT(2) 
PARAMETRIC_REPRESENTATION_CONTEXT() REPRESENTATION_CONTEXT('2D SPACE',''
  ) );
#9218 = PCURVE('',#9131,#9219);
#9219 = DEFINITIONAL_REPRESENTATION('',(#9220),#9224);
#9220 = LINE('',#9221,#9222);
#9221 = CARTESIAN_POINT('',(-6.28318530718,-0.));
#9222 = VECTOR('',#9223,1.);
#9223 = DIRECTION('',(-0.,-1.));
#9224 = ( GEOMETRIC_REPRESENTATION_CONTEXT(2) 
PARAMETRIC_REPRESENTATION_CONTEXT() REPRESENTATION_CONTEXT('2D SPACE',''
  ) );
#9225 = ORIENTED_EDGE('',*,*,#9226,.F.);
#9226 = EDGE_CURVE('',#9204,#9204,#9227,.T.);
#9227 = SURFACE_CURVE('',#9228,(#9233,#9240),.PCURVE_S1.);
#9228 = CIRCLE('',#9229,2.882257084284);
#9229 = AXIS2_PLACEMENT_3D('',#9230,#9231,#9232);
#9230 = CARTESIAN_POINT('',(0.,0.,295.66666666666));
#9231 = DIRECTION('',(0.,0.,1.));
#9232 = DIRECTION('',(1.,0.,-0.));
#9233 = PCURVE('',#9131,#9234);
#9234 = DEFINITIONAL_REPRESENTATION('',(#9235),#9239);
#9235 = LINE('',#9236,#9237);
#9236 = CARTESIAN_POINT('',(-0.,-2.166666666667));
#9237 = VECTOR('',#9238,1.);
#9238 = DIRECTION('',(-1.,-0.));
#9239 = ( GEOMETRIC_REPRESENTATION_CONTEXT(2) 
PARAMETRIC_REPRESENTATION_CONTEXT() REPRESENTATION_CONTEXT('2D SPACE',''
  ) );
#9240 = PCURVE('',#9241,#9246);
#9241 = CONICAL_SURFACE('',#9242,2.882257084284,0.493020789057);
#9242 = AXIS2_PLACEMENT_3D('',#9243,#9244,#9245);
#9243 = CARTESIAN_POINT('',(0.,0.,295.66666666666));
#9244 = DIRECTION('',(-0.,-0.,-1.));
#9245 = DIRECTION('',(1.,0.,-0.));
#9246 = DEFINITIONAL_REPRESENTATION('',(#9247),#9251);
#9247 = LINE('',#9248,#9249);
#9248 = CARTESIAN_POINT('',(-0.,-0.));
#9249 = VECTOR('',#9250,1.);
#9250 = DIRECTION('',(-1.,-0.));
#9251 = ( GEOMETRIC_REPRESENTATION_CONTEXT(2) 
PARAMETRIC_REPRESENTATION_CONTEXT() REPRESENTATION_CONTEXT('2D SPACE',''
  ) );
#9252 = ORIENTED_EDGE('',*,*,#9203,.F.);
#9253 = ADVANCED_FACE('',(#9254),#9186,.F.);
#9254 = FACE_BOUND('',#9255,.F.);
#9255 = EDGE_LOOP('',(#9256,#9257,#9280,#9307));
#9256 = ORIENTED_EDGE('',*,*,#9171,.T.);
#9257 = ORIENTED_EDGE('',*,*,#9258,.T.);
#9258 = EDGE_CURVE('',#9149,#9259,#9261,.T.);
#9259 = VERTEX_POINT('',#9260);
#9260 = CARTESIAN_POINT('',(5.278987396069,0.,284.83333333333));
#9261 = SEAM_CURVE('',#9262,(#9266,#9273),.PCURVE_S1.);
#9262 = LINE('',#9263,#9264);
#9263 = CARTESIAN_POINT('',(6.023824405648,0.,282.66666666666));
#9264 = VECTOR('',#9265,1.);
#9265 = DIRECTION('',(-0.325097467759,0.,0.945680515003));
#9266 = PCURVE('',#9186,#9267);
#9267 = DEFINITIONAL_REPRESENTATION('',(#9268),#9272);
#9268 = LINE('',#9269,#9270);
#9269 = CARTESIAN_POINT('',(-0.,-0.));
#9270 = VECTOR('',#9271,1.);
#9271 = DIRECTION('',(-0.,-1.));
#9272 = ( GEOMETRIC_REPRESENTATION_CONTEXT(2) 
PARAMETRIC_REPRESENTATION_CONTEXT() REPRESENTATION_CONTEXT('2D SPACE',''
  ) );
#9273 = PCURVE('',#9186,#9274);
#9274 = DEFINITIONAL_REPRESENTATION('',(#9275),#9279);
#9275 = LINE('',#9276,#9277);
#9276 = CARTESIAN_POINT('',(-6.28318530718,-0.));
#9277 = VECTOR('',#9278,1.);
#9278 = DIRECTION('',(-0.,-1.));
#9279 = ( GEOMETRIC_REPRESENTATION_CONTEXT(2) 
PARAMETRIC_REPRESENTATION_CONTEXT() REPRESENTATION_CONTEXT('2D SPACE',''
  ) );
#9280 = ORIENTED_EDGE('',*,*,#9281,.F.);
#9281 = EDGE_CURVE('',#9259,#9259,#9282,.T.);
#9282 = SURFACE_CURVE('',#9283,(#9288,#9295),.PCURVE_S1.);
#9283 = CIRCLE('',#9284,5.278987396069);
#9284 = AXIS2_PLACEMENT_3D('',#9285,#9286,#9287);
#9285 = CARTESIAN_POINT('',(0.,0.,284.83333333333));
#9286 = DIRECTION('',(0.,0.,1.));
#9287 = DIRECTION('',(1.,0.,-0.));
#9288 = PCURVE('',#9186,#9289);
#9289 = DEFINITIONAL_REPRESENTATION('',(#9290),#9294);
#9290 = LINE('',#9291,#9292);
#9291 = CARTESIAN_POINT('',(-0.,-2.166666666667));
#9292 = VECTOR('',#9293,1.);
#9293 = DIRECTION('',(-1.,-0.));
#9294 = ( GEOMETRIC_REPRESENTATION_CONTEXT(2) 
PARAMETRIC_REPRESENTATION_CONTEXT() REPRESENTATION_CONTEXT('2D SPACE',''
  ) );
#9295 = PCURVE('',#9296,#9301);
#9296 = CONICAL_SURFACE('',#9297,5.278987396069,0.344426310062);
#9297 = AXIS2_PLACEMENT_3D('',#9298,#9299,#9300);
#9298 = CARTESIAN_POINT('',(0.,0.,284.83333333333));
#9299 = DIRECTION('',(-0.,-0.,-1.));
#9300 = DIRECTION('',(1.,0.,-0.));
#9301 = DEFINITIONAL_REPRESENTATION('',(#9302),#9306);
#9302 = LINE('',#9303,#9304);
#9303 = CARTESIAN_POINT('',(-0.,-0.));
#9304 = VECTOR('',#9305,1.);
#9305 = DIRECTION('',(-1.,-0.));
#9306 = ( GEOMETRIC_REPRESENTATION_CONTEXT(2) 
PARAMETRIC_REPRESENTATION_CONTEXT() REPRESENTATION_CONTEXT('2D SPACE',''
  ) );
#9307 = ORIENTED_EDGE('',*,*,#9258,.F.);
#9308 = ADVANCED_FACE('',(#9309),#9241,.T.);
#9309 = FACE_BOUND('',#9310,.T.);
#9310 = EDGE_LOOP('',(#9311,#9312,#9335,#9362));
#9311 = ORIENTED_EDGE('',*,*,#9226,.T.);
#9312 = ORIENTED_EDGE('',*,*,#9313,.T.);
#9313 = EDGE_CURVE('',#9204,#9314,#9316,.T.);
#9314 = VERTEX_POINT('',#9315);
#9315 = CARTESIAN_POINT('',(1.718162046289,0.,297.83333333333));
#9316 = SEAM_CURVE('',#9317,(#9321,#9328),.PCURVE_S1.);
#9317 = LINE('',#9318,#9319);
#9318 = CARTESIAN_POINT('',(2.882257084284,0.,295.66666666666));
#9319 = VECTOR('',#9320,1.);
#9320 = DIRECTION('',(-0.473289078293,0.,0.880907173525));
#9321 = PCURVE('',#9241,#9322);
#9322 = DEFINITIONAL_REPRESENTATION('',(#9323),#9327);
#9323 = LINE('',#9324,#9325);
#9324 = CARTESIAN_POINT('',(-0.,-0.));
#9325 = VECTOR('',#9326,1.);
#9326 = DIRECTION('',(-0.,-1.));
#9327 = ( GEOMETRIC_REPRESENTATION_CONTEXT(2) 
PARAMETRIC_REPRESENTATION_CONTEXT() REPRESENTATION_CONTEXT('2D SPACE',''
  ) );
#9328 = PCURVE('',#9241,#9329);
#9329 = DEFINITIONAL_REPRESENTATION('',(#9330),#9334);
#9330 = LINE('',#9331,#9332);
#9331 = CARTESIAN_POINT('',(-6.28318530718,-0.));
#9332 = VECTOR('',#9333,1.);
#9333 = DIRECTION('',(-0.,-1.));
#9334 = ( GEOMETRIC_REPRESENTATION_CONTEXT(2) 
PARAMETRIC_REPRESENTATION_CONTEXT() REPRESENTATION_CONTEXT('2D SPACE',''
  ) );
#9335 = ORIENTED_EDGE('',*,*,#9336,.F.);
#9336 = EDGE_CURVE('',#9314,#9314,#9337,.T.);
#9337 = SURFACE_CURVE('',#9338,(#9343,#9350),.PCURVE_S1.);
#9338 = CIRCLE('',#9339,1.718162046289);
#9339 = AXIS2_PLACEMENT_3D('',#9340,#9341,#9342);
#9340 = CARTESIAN_POINT('',(0.,0.,297.83333333333));
#9341 = DIRECTION('',(0.,0.,1.));
#9342 = DIRECTION('',(1.,0.,-0.));
#9343 = PCURVE('',#9241,#9344);
#9344 = DEFINITIONAL_REPRESENTATION('',(#9345),#9349);
#9345 = LINE('',#9346,#9347);
#9346 = CARTESIAN_POINT('',(-0.,-2.166666666667));
#9347 = VECTOR('',#9348,1.);
#9348 = DIRECTION('',(-1.,-0.));
#9349 = ( GEOMETRIC_REPRESENTATION_CONTEXT(2) 
PARAMETRIC_REPRESENTATION_CONTEXT() REPRESENTATION_CONTEXT('2D SPACE',''
  ) );
#9350 = PCURVE('',#9351,#9356);
#9351 = CONICAL_SURFACE('',#9352,1.718162046289,0.476424586778);
#9352 = AXIS2_PLACEMENT_3D('',#9353,#9354,#9355);
#9353 = CARTESIAN_POINT('',(0.,0.,297.83333333333));
#9354 = DIRECTION('',(-0.,-0.,-1.));
#9355 = DIRECTION('',(1.,0.,-0.));
#9356 = DEFINITIONAL_REPRESENTATION('',(#9357),#9361);
#9357 = LINE('',#9358,#9359);
#9358 = CARTESIAN_POINT('',(-0.,-0.));
#9359 = VECTOR('',#9360,1.);
#9360 = DIRECTION('',(-1.,-0.));
#9361 = ( GEOMETRIC_REPRESENTATION_CONTEXT(2) 
PARAMETRIC_REPRESENTATION_CONTEXT() REPRESENTATION_CONTEXT('2D SPACE',''
  ) );
#9362 = ORIENTED_EDGE('',*,*,#9313,.F.);
#9363 = ADVANCED_FACE('',(#9364),#9296,.F.);
#9364 = FACE_BOUND('',#9365,.F.);
#9365 = EDGE_LOOP('',(#9366,#9367,#9390,#9417));
#9366 = ORIENTED_EDGE('',*,*,#9281,.T.);
#9367 = ORIENTED_EDGE('',*,*,#9368,.T.);
#9368 = EDGE_CURVE('',#9259,#9369,#9371,.T.);
#9369 = VERTEX_POINT('',#9370);
#9370 = CARTESIAN_POINT('',(4.501750126046,0.,287.));
#9371 = SEAM_CURVE('',#9372,(#9376,#9383),.PCURVE_S1.);
#9372 = LINE('',#9373,#9374);
#9373 = CARTESIAN_POINT('',(5.278987396069,0.,284.83333333333));
#9374 = VECTOR('',#9375,1.);
#9375 = DIRECTION('',(-0.337656736105,0.,0.941269317763));
#9376 = PCURVE('',#9296,#9377);
#9377 = DEFINITIONAL_REPRESENTATION('',(#9378),#9382);
#9378 = LINE('',#9379,#9380);
#9379 = CARTESIAN_POINT('',(-0.,-0.));
#9380 = VECTOR('',#9381,1.);
#9381 = DIRECTION('',(-0.,-1.));
#9382 = ( GEOMETRIC_REPRESENTATION_CONTEXT(2) 
PARAMETRIC_REPRESENTATION_CONTEXT() REPRESENTATION_CONTEXT('2D SPACE',''
  ) );
#9383 = PCURVE('',#9296,#9384);
#9384 = DEFINITIONAL_REPRESENTATION('',(#9385),#9389);
#9385 = LINE('',#9386,#9387);
#9386 = CARTESIAN_POINT('',(-6.28318530718,-0.));
#9387 = VECTOR('',#9388,1.);
#9388 = DIRECTION('',(-0.,-1.));
#9389 = ( GEOMETRIC_REPRESENTATION_CONTEXT(2) 
PARAMETRIC_REPRESENTATION_CONTEXT() REPRESENTATION_CONTEXT('2D SPACE',''
  ) );
#9390 = ORIENTED_EDGE('',*,*,#9391,.F.);
#9391 = EDGE_CURVE('',#9369,#9369,#9392,.T.);
#9392 = SURFACE_CURVE('',#9393,(#9398,#9405),.PCURVE_S1.);
#9393 = CIRCLE('',#9394,4.501750126046);
#9394 = AXIS2_PLACEMENT_3D('',#9395,#9396,#9397);
#9395 = CARTESIAN_POINT('',(0.,0.,287.));
#9396 = DIRECTION('',(0.,0.,1.));
#9397 = DIRECTION('',(1.,0.,-0.));
#9398 = PCURVE('',#9296,#9399);
#9399 = DEFINITIONAL_REPRESENTATION('',(#9400),#9404);
#9400 = LINE('',#9401,#9402);
#9401 = CARTESIAN_POINT('',(-0.,-2.166666666667));
#9402 = VECTOR('',#9403,1.);
#9403 = DIRECTION('',(-1.,-0.));
#9404 = ( GEOMETRIC_REPRESENTATION_CONTEXT(2) 
PARAMETRIC_REPRESENTATION_CONTEXT() REPRESENTATION_CONTEXT('2D SPACE',''
  ) );
#9405 = PCURVE('',#9406,#9411);
#9406 = CONICAL_SURFACE('',#9407,4.501750126046,0.360121510681);
#9407 = AXIS2_PLACEMENT_3D('',#9408,#9409,#9410);
#9408 = CARTESIAN_POINT('',(0.,0.,287.));
#9409 = DIRECTION('',(-0.,-0.,-1.));
#9410 = DIRECTION('',(1.,0.,-0.));
#9411 = DEFINITIONAL_REPRESENTATION('',(#9412),#9416);
#9412 = LINE('',#9413,#9414);
#9413 = CARTESIAN_POINT('',(-0.,-0.));
#9414 = VECTOR('',#9415,1.);
#9415 = DIRECTION('',(-1.,-0.));
#9416 = ( GEOMETRIC_REPRESENTATION_CONTEXT(2) 
PARAMETRIC_REPRESENTATION_CONTEXT() REPRESENTATION_CONTEXT('2D SPACE',''
  ) );
#9417 = ORIENTED_EDGE('',*,*,#9368,.F.);
#9418 = ADVANCED_FACE('',(#9419),#9351,.T.);
#9419 = FACE_BOUND('',#9420,.T.);
#9420 = EDGE_LOOP('',(#9421,#9422,#9445,#9472));
#9421 = ORIENTED_EDGE('',*,*,#9336,.T.);
#9422 = ORIENTED_EDGE('',*,*,#9423,.T.);
#9423 = EDGE_CURVE('',#9314,#9424,#9426,.T.);
#9424 = VERTEX_POINT('',#9425);
#9425 = CARTESIAN_POINT('',(0.6,0.,300.));
#9426 = SEAM_CURVE('',#9427,(#9431,#9438),.PCURVE_S1.);
#9427 = LINE('',#9428,#9429);
#9428 = CARTESIAN_POINT('',(1.718162046289,0.,297.83333333333));
#9429 = VECTOR('',#9430,1.);
#9430 = DIRECTION('',(-0.458604857331,0.,0.888640301152));
#9431 = PCURVE('',#9351,#9432);
#9432 = DEFINITIONAL_REPRESENTATION('',(#9433),#9437);
#9433 = LINE('',#9434,#9435);
#9434 = CARTESIAN_POINT('',(-0.,-0.));
#9435 = VECTOR('',#9436,1.);
#9436 = DIRECTION('',(-0.,-1.));
#9437 = ( GEOMETRIC_REPRESENTATION_CONTEXT(2) 
PARAMETRIC_REPRESENTATION_CONTEXT() REPRESENTATION_CONTEXT('2D SPACE',''
  ) );
#9438 = PCURVE('',#9351,#9439);
#9439 = DEFINITIONAL_REPRESENTATION('',(#9440),#9444);
#9440 = LINE('',#9441,#9442);
#9441 = CARTESIAN_POINT('',(-6.28318530718,-0.));
#9442 = VECTOR('',#9443,1.);
#9443 = DIRECTION('',(-0.,-1.));
#9444 = ( GEOMETRIC_REPRESENTATION_CONTEXT(2) 
PARAMETRIC_REPRESENTATION_CONTEXT() REPRESENTATION_CONTEXT('2D SPACE',''
  ) );
#9445 = ORIENTED_EDGE('',*,*,#9446,.F.);
#9446 = EDGE_CURVE('',#9424,#9424,#9447,.T.);
#9447 = SURFACE_CURVE('',#9448,(#9453,#9460),.PCURVE_S1.);
#9448 = CIRCLE('',#9449,0.6);
#9449 = AXIS2_PLACEMENT_3D('',#9450,#9451,#9452);
#9450 = CARTESIAN_POINT('',(0.,0.,300.));
#9451 = DIRECTION('',(0.,0.,1.));
#9452 = DIRECTION('',(1.,0.,-0.));
#9453 = PCURVE('',#9351,#9454);
#9454 = DEFINITIONAL_REPRESENTATION('',(#9455),#9459);
#9455 = LINE('',#9456,#9457);
#9456 = CARTESIAN_POINT('',(-0.,-2.166666666667));
#9457 = VECTOR('',#9458,1.);
#9458 = DIRECTION('',(-1.,-0.));
#9459 = ( GEOMETRIC_REPRESENTATION_CONTEXT(2) 
PARAMETRIC_REPRESENTATION_CONTEXT() REPRESENTATION_CONTEXT('2D SPACE',''
  ) );
#9460 = PCURVE('',#9461,#9466);
#9461 = PLANE('',#9462);
#9462 = AXIS2_PLACEMENT_3D('',#9463,#9464,#9465);
#9463 = CARTESIAN_POINT('',(0.,0.,300.));
#9464 = DIRECTION('',(0.,0.,1.));
#9465 = DIRECTION('',(1.,0.,-0.));
#9466 = DEFINITIONAL_REPRESENTATION('',(#9467),#9471);
#9467 = CIRCLE('',#9468,0.6);
#9468 = AXIS2_PLACEMENT_2D('',#9469,#9470);
#9469 = CARTESIAN_POINT('',(0.,0.));
#9470 = DIRECTION('',(1.,0.));
#9471 = ( GEOMETRIC_REPRESENTATION_CONTEXT(2) 
PARAMETRIC_REPRESENTATION_CONTEXT() REPRESENTATION_CONTEXT('2D SPACE',''
  ) );
#9472 = ORIENTED_EDGE('',*,*,#9423,.F.);
#9473 = ADVANCED_FACE('',(#9474),#9406,.F.);
#9474 = FACE_BOUND('',#9475,.F.);
#9475 = EDGE_LOOP('',(#9476,#9477,#9500,#9527));
#9476 = ORIENTED_EDGE('',*,*,#9391,.T.);
#9477 = ORIENTED_EDGE('',*,*,#9478,.T.);
#9478 = EDGE_CURVE('',#9369,#9479,#9481,.T.);
#9479 = VERTEX_POINT('',#9480);
#9480 = CARTESIAN_POINT('',(3.685910026959,0.,289.16666666666));
#9481 = SEAM_CURVE('',#9482,(#9486,#9493),.PCURVE_S1.);
#9482 = LINE('',#9483,#9484);
#9483 = CARTESIAN_POINT('',(4.501750126046,0.,287.));
#9484 = VECTOR('',#9485,1.);
#9485 = DIRECTION('',(-0.352387952135,0.,0.935854011687));
#9486 = PCURVE('',#9406,#9487);
#9487 = DEFINITIONAL_REPRESENTATION('',(#9488),#9492);
#9488 = LINE('',#9489,#9490);
#9489 = CARTESIAN_POINT('',(-0.,-0.));
#9490 = VECTOR('',#9491,1.);
#9491 = DIRECTION('',(-0.,-1.));
#9492 = ( GEOMETRIC_REPRESENTATION_CONTEXT(2) 
PARAMETRIC_REPRESENTATION_CONTEXT() REPRESENTATION_CONTEXT('2D SPACE',''
  ) );
#9493 = PCURVE('',#9406,#9494);
#9494 = DEFINITIONAL_REPRESENTATION('',(#9495),#9499);
#9495 = LINE('',#9496,#9497);
#9496 = CARTESIAN_POINT('',(-6.28318530718,-0.));
#9497 = VECTOR('',#9498,1.);
#9498 = DIRECTION('',(-0.,-1.));
#9499 = ( GEOMETRIC_REPRESENTATION_CONTEXT(2) 
PARAMETRIC_REPRESENTATION_CONTEXT() REPRESENTATION_CONTEXT('2D SPACE',''
  ) );
#9500 = ORIENTED_EDGE('',*,*,#9501,.F.);
#9501 = EDGE_CURVE('',#9479,#9479,#9502,.T.);
#9502 = SURFACE_CURVE('',#9503,(#9508,#9515),.PCURVE_S1.);
#9503 = CIRCLE('',#9504,3.685910026959);
#9504 = AXIS2_PLACEMENT_3D('',#9505,#9506,#9507);
#9505 = CARTESIAN_POINT('',(0.,0.,289.16666666666));
#9506 = DIRECTION('',(0.,0.,1.));
#9507 = DIRECTION('',(1.,0.,-0.));
#9508 = PCURVE('',#9406,#9509);
#9509 = DEFINITIONAL_REPRESENTATION('',(#9510),#9514);
#9510 = LINE('',#9511,#9512);
#9511 = CARTESIAN_POINT('',(-0.,-2.166666666667));
#9512 = VECTOR('',#9513,1.);
#9513 = DIRECTION('',(-1.,-0.));
#9514 = ( GEOMETRIC_REPRESENTATION_CONTEXT(2) 
PARAMETRIC_REPRESENTATION_CONTEXT() REPRESENTATION_CONTEXT('2D SPACE',''
  ) );
#9515 = PCURVE('',#9516,#9521);
#9516 = CONICAL_SURFACE('',#9517,3.685910026959,0.379265397511);
#9517 = AXIS2_PLACEMENT_3D('',#9518,#9519,#9520);
#9518 = CARTESIAN_POINT('',(0.,0.,289.16666666666));
#9519 = DIRECTION('',(-0.,-0.,-1.));
#9520 = DIRECTION('',(1.,0.,-0.));
#9521 = DEFINITIONAL_REPRESENTATION('',(#9522),#9526);
#9522 = LINE('',#9523,#9524);
#9523 = CARTESIAN_POINT('',(-0.,-0.));
#9524 = VECTOR('',#9525,1.);
#9525 = DIRECTION('',(-1.,-0.));
#9526 = ( GEOMETRIC_REPRESENTATION_CONTEXT(2) 
PARAMETRIC_REPRESENTATION_CONTEXT() REPRESENTATION_CONTEXT('2D SPACE',''
  ) );
#9527 = ORIENTED_EDGE('',*,*,#9478,.F.);
#9528 = ADVANCED_FACE('',(#9529),#9461,.T.);
#9529 = FACE_BOUND('',#9530,.T.);
#9530 = EDGE_LOOP('',(#9531));
#9531 = ORIENTED_EDGE('',*,*,#9446,.T.);
#9532 = ADVANCED_FACE('',(#9533),#9516,.F.);
#9533 = FACE_BOUND('',#9534,.F.);
#9534 = EDGE_LOOP('',(#9535,#9536,#9559,#9586));
#9535 = ORIENTED_EDGE('',*,*,#9501,.T.);
#9536 = ORIENTED_EDGE('',*,*,#9537,.T.);
#9537 = EDGE_CURVE('',#9479,#9538,#9540,.T.);
#9538 = VERTEX_POINT('',#9539);
#9539 = CARTESIAN_POINT('',(2.822360809814,0.,291.33333333333));
#9540 = SEAM_CURVE('',#9541,(#9545,#9552),.PCURVE_S1.);
#9541 = LINE('',#9542,#9543);
#9542 = CARTESIAN_POINT('',(3.685910026959,0.,289.16666666666));
#9543 = VECTOR('',#9544,1.);
#9544 = DIRECTION('',(-0.37023817004,0.,0.928936864079));
#9545 = PCURVE('',#9516,#9546);
#9546 = DEFINITIONAL_REPRESENTATION('',(#9547),#9551);
#9547 = LINE('',#9548,#9549);
#9548 = CARTESIAN_POINT('',(-0.,-0.));
#9549 = VECTOR('',#9550,1.);
#9550 = DIRECTION('',(-0.,-1.));
#9551 = ( GEOMETRIC_REPRESENTATION_CONTEXT(2) 
PARAMETRIC_REPRESENTATION_CONTEXT() REPRESENTATION_CONTEXT('2D SPACE',''
  ) );
#9552 = PCURVE('',#9516,#9553);
#9553 = DEFINITIONAL_REPRESENTATION('',(#9554),#9558);
#9554 = LINE('',#9555,#9556);
#9555 = CARTESIAN_POINT('',(-6.28318530718,-0.));
#9556 = VECTOR('',#9557,1.);
#9557 = DIRECTION('',(-0.,-1.));
#9558 = ( GEOMETRIC_REPRESENTATION_CONTEXT(2) 
PARAMETRIC_REPRESENTATION_CONTEXT() REPRESENTATION_CONTEXT('2D SPACE',''
  ) );
#9559 = ORIENTED_EDGE('',*,*,#9560,.F.);
#9560 = EDGE_CURVE('',#9538,#9538,#9561,.T.);
#9561 = SURFACE_CURVE('',#9562,(#9567,#9574),.PCURVE_S1.);
#9562 = CIRCLE('',#9563,2.822360809814);
#9563 = AXIS2_PLACEMENT_3D('',#9564,#9565,#9566);
#9564 = CARTESIAN_POINT('',(0.,0.,291.33333333333));
#9565 = DIRECTION('',(0.,0.,1.));
#9566 = DIRECTION('',(1.,0.,-0.));
#9567 = PCURVE('',#9516,#9568);
#9568 = DEFINITIONAL_REPRESENTATION('',(#9569),#9573);
#9569 = LINE('',#9570,#9571);
#9570 = CARTESIAN_POINT('',(-0.,-2.166666666667));
#9571 = VECTOR('',#9572,1.);
#9572 = DIRECTION('',(-1.,-0.));
#9573 = ( GEOMETRIC_REPRESENTATION_CONTEXT(2) 
PARAMETRIC_REPRESENTATION_CONTEXT() REPRESENTATION_CONTEXT('2D SPACE',''
  ) );
#9574 = PCURVE('',#9575,#9580);
#9575 = PLANE('',#9576);
#9576 = AXIS2_PLACEMENT_3D('',#9577,#9578,#9579);
#9577 = CARTESIAN_POINT('',(0.,0.,291.33333333333));
#9578 = DIRECTION('',(0.,0.,1.));
#9579 = DIRECTION('',(1.,0.,-0.));
#9580 = DEFINITIONAL_REPRESENTATION('',(#9581),#9585);
#9581 = CIRCLE('',#9582,2.822360809814);
#9582 = AXIS2_PLACEMENT_2D('',#9583,#9584);
#9583 = CARTESIAN_POINT('',(0.,0.));
#9584 = DIRECTION('',(1.,0.));
#9585 = ( GEOMETRIC_REPRESENTATION_CONTEXT(2) 
PARAMETRIC_REPRESENTATION_CONTEXT() REPRESENTATION_CONTEXT('2D SPACE',''
  ) );
#9586 = ORIENTED_EDGE('',*,*,#9537,.F.);
#9587 = ADVANCED_FACE('',(#9588),#9575,.F.);
#9588 = FACE_BOUND('',#9589,.F.);
#9589 = EDGE_LOOP('',(#9590));
#9590 = ORIENTED_EDGE('',*,*,#9560,.T.);
#9591 = ( GEOMETRIC_REPRESENTATION_CONTEXT(3) 
GLOBAL_UNCERTAINTY_ASSIGNED_CONTEXT((#9595)) 
GLOBAL_UNIT_ASSIGNED_CONTEXT((#9592,#9593,#9594)) REPRESENTATION_CONTEXT
('Context #1','3D Context with UNIT and UNCERTAINTY') );
#9592 = ( LENGTH_UNIT() NAMED_UNIT(*) SI_UNIT(.MILLI.,.METRE.) );
#9593 = ( NAMED_UNIT(*) PLANE_ANGLE_UNIT() SI_UNIT($,.RADIAN.) );
#9594 = ( NAMED_UNIT(*) SI_UNIT($,.STERADIAN.) SOLID_ANGLE_UNIT() );
#9595 = UNCERTAINTY_MEASURE_WITH_UNIT(LENGTH_MEASURE(1.E-07),#9592,
  'distance_accuracy_value','confusion accuracy');
#9596 = PRODUCT_RELATED_PRODUCT_CATEGORY('part',$,(#7));
ENDSEC;
END-ISO-10303-21;
