; HEADER_BLOCK_START
; generated by OrcaSlicer 2.4.2 on 2026-08-08 at 18:01:08
; total layer number: 37
; filament_density: 1.27
; filament_diameter: 1.75
; max_z_height: 7.40
; filament: 1
; HEADER_BLOCK_END

; external perimeters extrusion width = 0.40mm
; perimeters extrusion width = 0.45mm
; infill extrusion width = 0.45mm
; solid infill extrusion width = 0.45mm
; top infill extrusion width = 0.38mm
; first layer extrusion width = 0.42mm

; EXECUTABLE_BLOCK_START
EXCLUDE_OBJECT_DEFINE NAME=vyper_electronics_cassette.stl_id_0_copy_0 CENTER=112.5,112.5 POLYGON=[[93.5,74],[131.5,74],[131.5,151],[93.5,151],[93.5,74]]
M73 P0 R12
;TYPE:Custom
;ELEGOO NEPTUNE 4
M220 S100 ;Set the feed speed to 100%
M221 S100 ;Set the flow rate to 100%
M104 S140
M190 S80
G90
G28 ;home
G1 Z10 F300
G1 X67.5 Y0 F6000
G1 Z0 F300
M109 S240
G92 E0 ;Reset Extruder
G1 X67.5 Y0 Z0.4 F300 ;Move to start position
G1 X167.5 E30 F400 ;Draw the first line
G1 Z0.6 F120.0 ;Move to side a little
M73 P2 R12
G1 X162.5 F3000
G92 E0 ;Reset Extruder
G90
G21
M83 ; use relative distances for extrusion
; VYPER PETG derived from Orca/Elegoo Generic PETG
M106 S0
;LAYER_CHANGE
;Z:0.2
;HEIGHT:0.2
;BEFORE_LAYER_CHANGE
G92 E0
;0.2


G1 E-.8 F3600
;AFTER_LAYER_CHANGE
;0.2
;_SET_FAN_SPEED_CHANGING_LAYER
SET_VELOCITY_LIMIT ACCEL=1000 ACCEL_TO_DECEL=500
SET_VELOCITY_LIMIT SQUARE_CORNER_VELOCITY=7
SET_VELOCITY_LIMIT ACCEL=5000 ACCEL_TO_DECEL=2500 SQUARE_CORNER_VELOCITY=9
G1 X89.188 Y80.9 F21000
G1 Z.6
G1 Z.2
G1 E.8 F2700
SET_VELOCITY_LIMIT ACCEL=1000 ACCEL_TO_DECEL=500 SQUARE_CORNER_VELOCITY=7
;TYPE:Skirt
;WIDTH:0.42
G1 F3000
G1 X89.33 Y79.465 E.04298
G1 X89.796 Y77.877 E.0493
G1 X90.332 Y76.789 E.03611
G1 X90.941 Y75.893 E.03226
G1 X91.613 Y75.131 E.0303
G1 X92.403 Y74.433 E.03138
G1 X93.243 Y73.86 E.03029
G1 X94.327 Y73.316 E.03612
G1 X95.353 Y72.969 E.03227
G1 X96.35 Y72.767 E.0303
G1 X97.43 Y72.687 E.03226
G1 X127.432 Y72.687 E.89365
G1 X129.043 Y72.832 E.04819
G1 X130.421 Y73.217 E.0426
G1 X131.768 Y73.867 E.04456
G1 X133.073 Y74.832 E.04836
G1 X134.057 Y75.89 E.04301
G1 X134.866 Y77.147 E.04453
G1 X135.475 Y78.653 E.04838
G1 X135.759 Y80.053 E.04257
G1 X135.812 Y81.106 E.0314
G1 X135.812 Y145.106 E1.90634
G1 X135.627 Y146.748 E.04922
G1 X135.207 Y148.114 E.04257
G1 X134.673 Y149.201 E.03608
G1 X134.066 Y150.098 E.03224
G1 X133.389 Y150.867 E.03055
G1 X132.469 Y151.664 E.03623
G1 X131.536 Y152.268 E.03312
G1 X130.436 Y152.777 E.03611
G1 X129.464 Y153.078 E.0303
G1 X128.397 Y153.264 E.03226
G1 X97.417 Y153.312 E.9228
G1 X95.8 Y153.137 E.04843
M73 P3 R12
G1 X94.341 Y152.689 E.04546
G1 X93.257 Y152.148 E.0361
G1 X92.416 Y151.577 E.0303
G1 X91.513 Y150.767 E.03611
G1 X90.721 Y149.811 E.037
G1 X90.139 Y148.862 E.03315
G1 X89.655 Y147.75 E.03611
G1 X89.378 Y146.772 E.03029
G1 X89.205 Y145.542 E.03699
G1 X89.188 Y80.94 E1.92427
SET_VELOCITY_LIMIT ACCEL=5000 ACCEL_TO_DECEL=2500 SQUARE_CORNER_VELOCITY=9
G1 E-.68 F3600
;WIPE_START
G1 F3000
G1 X89.284 Y79.945 E-.12
;WIPE_END
G1 X93.143 Y86.53 Z.6 F21000
G1 X123.929 Y139.054 Z.6
G1 Z.2
G1 E.8 F2700
SET_VELOCITY_LIMIT ACCEL=1000 ACCEL_TO_DECEL=500 SQUARE_CORNER_VELOCITY=7
;TYPE:Brim
G1 F4800
G1 X124.538 Y138.728 E.02059
G1 X125.177 Y138.465 E.02057
G1 X125.839 Y138.266 E.02058
G1 X126.52 Y138.134 E.02069
G1 X127.206 Y138.071 E.02049
G1 X127.789 Y138.07 E.01738
G1 X128.467 Y138.132 E.02028
G1 X129.144 Y138.262 E.02054
G1 X129.805 Y138.459 E.02054
G1 X130.443 Y138.72 E.02053
G1 X131.053 Y139.044 E.02058
G1 X131.628 Y139.427 E.02057
G1 X132.162 Y139.865 E.02056
G1 X132.658 Y140.363 E.02095
G1 X133.093 Y140.899 E.02057
G1 X133.473 Y141.476 E.02057
G1 X133.794 Y142.087 E.02058
G1 X134.053 Y142.728 E.02056
G1 X134.246 Y143.391 E.02057
G1 X134.373 Y144.071 E.02061
G1 X134.42 Y144.537 E.01396
G1 X134.432 Y145.229 E.02062
G1 X134.375 Y145.917 E.02057
G1 X134.249 Y146.596 E.02057
G1 X134.057 Y147.26 E.02057
G1 X133.8 Y147.901 E.02057
G1 X133.48 Y148.513 E.02057
G1 X133.101 Y149.09 E.02058
G1 X132.666 Y149.627 E.02057
G1 X132.177 Y150.121 E.02071
G1 X131.74 Y150.489 E.01701
G1 X131.172 Y150.884 E.02061
G1 X130.569 Y151.22 E.02057
G1 X129.935 Y151.494 E.02059
G1 X129.276 Y151.704 E.02059
G1 X128.6 Y151.848 E.02058
G1 X127.913 Y151.923 E.0206
G1 X127.222 Y151.93 E.02058
G1 X126.533 Y151.868 E.02059
G1 X125.853 Y151.737 E.02063
G1 X125.401 Y151.611 E.01397
G1 X124.752 Y151.368 E.02064
G1 X124.132 Y151.063 E.0206
G1 X123.545 Y150.698 E.02058
G1 X122.997 Y150.275 E.0206
G1 X122.495 Y149.801 E.02058
G1 X122.042 Y149.279 E.02059
G1 X121.643 Y148.714 E.02059
G1 X121.302 Y148.113 E.02059
G1 X121.023 Y147.481 E.02059
G1 X120.808 Y146.824 E.02059
G1 X120.66 Y146.148 E.02059
G1 X120.58 Y145.462 E.02059
G1 X120.568 Y144.771 E.02059
G1 X120.625 Y144.082 E.02059
G1 X120.751 Y143.402 E.02059
G1 X120.944 Y142.738 E.02059
G1 X121.201 Y142.097 E.02059
G1 X121.521 Y141.484 E.02059
G1 X121.901 Y140.907 E.02059
G1 X122.336 Y140.37 E.02057
G1 X122.823 Y139.879 E.02059
G1 X123.355 Y139.439 E.02057
G1 X123.896 Y139.077 E.01939
SET_VELOCITY_LIMIT ACCEL=5000 ACCEL_TO_DECEL=2500 SQUARE_CORNER_VELOCITY=9
G1 X124.106 Y139.39 F21000
SET_VELOCITY_LIMIT ACCEL=1000 ACCEL_TO_DECEL=500 SQUARE_CORNER_VELOCITY=7
G1 F4800
G1 X124.119 Y139.381 E.00045
G1 X124.695 Y139.073 E.01947
G1 X125.298 Y138.823 E.01945
G1 X125.923 Y138.635 E.01945
G1 X126.568 Y138.509 E.01957
G1 X127.218 Y138.448 E.01943
G1 X127.777 Y138.448 E.01666
G1 X128.42 Y138.507 E.01922
G1 X129.06 Y138.631 E.01943
G1 X129.685 Y138.817 E.01942
G1 X130.288 Y139.064 E.01941
G1 X130.865 Y139.371 E.01946
G1 X131.408 Y139.734 E.01945
G1 X131.912 Y140.148 E.01944
G1 X132.373 Y140.612 E.01948
G1 X132.785 Y141.118 E.01944
G1 X133.145 Y141.663 E.01945
G1 X133.449 Y142.241 E.01945
G1 X133.694 Y142.846 E.01944
G1 X133.877 Y143.473 E.01945
G1 X133.999 Y144.12 E.01961
G1 X134.044 Y144.564 E.0133
G1 X134.054 Y145.222 E.01961
G1 X133.999 Y145.873 E.01945
G1 X133.88 Y146.515 E.01945
G1 X133.698 Y147.142 E.01945
G1 X133.454 Y147.748 E.01945
G1 X133.152 Y148.326 E.01945
G1 X132.793 Y148.872 E.01946
G1 X132.381 Y149.379 E.01945
G1 X131.925 Y149.84 E.01931
G1 X131.506 Y150.192 E.01629
G1 X130.967 Y150.566 E.01955
G1 X130.397 Y150.883 E.01944
G1 X129.797 Y151.142 E.01947
G1 X129.174 Y151.341 E.01947
G1 X128.534 Y151.476 E.01946
G1 X127.884 Y151.547 E.01948
G1 X127.231 Y151.552 E.01946
G1 X126.58 Y151.493 E.01947
G1 X125.944 Y151.371 E.01929
G1 X125.514 Y151.25 E.01331
G1 X124.897 Y151.019 E.01963
G1 X124.31 Y150.73 E.01947
G1 X123.756 Y150.384 E.01946
G1 X123.238 Y149.984 E.01948
G1 X122.764 Y149.536 E.01946
G1 X122.336 Y149.041 E.01947
G1 X121.959 Y148.507 E.01947
G1 X121.637 Y147.938 E.01946
G1 X121.374 Y147.34 E.01946
G1 X121.171 Y146.719 E.01947
G1 X121.032 Y146.08 E.01947
G1 X120.956 Y145.431 E.01947
G1 X120.946 Y144.778 E.01947
G1 X121.001 Y144.126 E.01947
G1 X121.117 Y143.495 E.01913
G1 X121.299 Y142.867 E.01947
G1 X121.542 Y142.26 E.01947
G1 X121.844 Y141.681 E.01947
G1 X122.203 Y141.134 E.01947
G1 X122.614 Y140.626 E.01945
G1 X123.073 Y140.162 E.01947
G1 X123.576 Y139.746 E.01945
G1 X124.073 Y139.412 E.01781
SET_VELOCITY_LIMIT ACCEL=5000 ACCEL_TO_DECEL=2500 SQUARE_CORNER_VELOCITY=9
G1 X124.283 Y139.725 F21000
SET_VELOCITY_LIMIT ACCEL=1000 ACCEL_TO_DECEL=500 SQUARE_CORNER_VELOCITY=7
G1 F4800
G1 X124.309 Y139.708 E.00091
G1 X124.851 Y139.416 E.01835
G1 X125.42 Y139.181 E.01833
G1 X126.009 Y139.003 E.01833
G1 X126.617 Y138.883 E.01845
G1 X127.23 Y138.826 E.01836
G1 X127.765 Y138.825 E.01593
G1 X128.372 Y138.882 E.01816
G1 X128.976 Y138.999 E.01832
G1 X129.564 Y139.175 E.0183
G1 X130.132 Y139.409 E.01829
G1 X130.676 Y139.698 E.01834
G1 X131.187 Y140.04 E.01833
G1 X131.662 Y140.431 E.01831
G1 X132.089 Y140.86 E.01802
G1 X132.477 Y141.337 E.01832
G1 X132.817 Y141.85 E.01833
G1 X133.104 Y142.395 E.01833
G1 X133.335 Y142.965 E.01832
G1 X133.509 Y143.555 E.01833
G1 X133.624 Y144.169 E.0186
G1 X133.667 Y144.591 E.01263
G1 X133.676 Y145.215 E.0186
G1 X133.624 Y145.828 E.01833
G1 X133.512 Y146.433 E.01833
G1 X133.343 Y147.013 E.018
G1 X133.114 Y147.584 E.01833
G1 X132.829 Y148.13 E.01833
G1 X132.491 Y148.644 E.01833
G1 X132.104 Y149.123 E.01833
G1 X131.673 Y149.559 E.01826
G1 X131.273 Y149.895 E.01557
G1 X130.763 Y150.248 E.01849
G1 X130.225 Y150.547 E.01832
G1 X129.659 Y150.791 E.01835
G1 X129.072 Y150.977 E.01835
G1 X128.469 Y151.103 E.01834
G1 X127.857 Y151.17 E.01835
G1 X127.241 Y151.175 E.01834
G1 X126.638 Y151.12 E.01802
G1 X126.036 Y151.004 E.01829
G1 X125.627 Y150.89 E.01265
G1 X125.042 Y150.67 E.01862
G1 X124.489 Y150.397 E.01835
G1 X123.967 Y150.071 E.01834
G1 X123.48 Y149.694 E.01835
G1 X123.033 Y149.27 E.01834
G1 X122.63 Y148.804 E.01835
G1 X122.275 Y148.3 E.01835
G1 X121.973 Y147.764 E.01834
G1 X121.725 Y147.2 E.01834
G1 X121.535 Y146.614 E.01835
G1 X121.404 Y146.013 E.01835
G1 X121.333 Y145.401 E.01835
G1 X121.324 Y144.785 E.01835
G1 X121.376 Y144.171 E.01835
G1 X121.486 Y143.576 E.01802
G1 X121.658 Y142.984 E.01835
G1 X121.888 Y142.413 E.01835
G1 X122.173 Y141.867 E.01835
G1 X122.505 Y141.361 E.01801
G1 X122.891 Y140.883 E.01833
G1 X123.324 Y140.444 E.01835
G1 X123.798 Y140.052 E.01833
G1 X124.25 Y139.747 E.01624
SET_VELOCITY_LIMIT ACCEL=5000 ACCEL_TO_DECEL=2500 SQUARE_CORNER_VELOCITY=9
G1 X124.461 Y140.06 F21000
SET_VELOCITY_LIMIT ACCEL=1000 ACCEL_TO_DECEL=500 SQUARE_CORNER_VELOCITY=7
G1 F4800
G1 X124.499 Y140.034 E.00136
G1 X125.008 Y139.76 E.01723
G1 X125.542 Y139.538 E.01721
G1 X126.094 Y139.371 E.01721
G1 X126.665 Y139.258 E.01732
G1 X127.243 Y139.203 E.01728
G1 X127.753 Y139.203 E.0152
G1 X128.324 Y139.257 E.01709
G1 X128.891 Y139.367 E.0172
G1 X129.433 Y139.529 E.01685
G1 X129.966 Y139.748 E.01717
G1 X130.477 Y140.02 E.01722
G1 X130.957 Y140.34 E.01721
G1 X131.403 Y140.707 E.0172
G1 X131.804 Y141.109 E.01691
G1 X132.17 Y141.556 E.0172
G1 X132.489 Y142.038 E.01721
G1 X132.759 Y142.549 E.01721
G1 X132.977 Y143.084 E.0172
G1 X133.14 Y143.638 E.01721
G1 X133.25 Y144.218 E.01758
G1 X133.29 Y144.617 E.01196
G1 X133.298 Y145.208 E.01758
G1 X133.249 Y145.783 E.01721
G1 X133.143 Y146.351 E.01721
G1 X132.984 Y146.895 E.01689
G1 X132.768 Y147.432 E.01722
G1 X132.506 Y147.934 E.01687
G1 X132.189 Y148.417 E.01721
G1 X131.826 Y148.867 E.01722
G1 X131.421 Y149.278 E.01719
G1 X131.039 Y149.598 E.01484
G1 X130.558 Y149.931 E.01741
G1 X130.053 Y150.21 E.0172
G1 X129.522 Y150.438 E.01722
G1 X128.97 Y150.613 E.01723
G1 X128.404 Y150.731 E.01722
G1 X127.829 Y150.793 E.01723
G1 X127.251 Y150.797 E.01722
G1 X126.686 Y150.745 E.01691
G1 X126.127 Y150.638 E.01695
G1 X125.74 Y150.529 E.01198
G1 X125.187 Y150.321 E.0176
G1 X124.668 Y150.064 E.01723
G1 X124.178 Y149.757 E.01722
G1 X123.721 Y149.403 E.01723
G1 X123.302 Y149.005 E.01722
G1 X122.924 Y148.567 E.01723
G1 X122.592 Y148.094 E.01723
G1 X122.308 Y147.59 E.01722
G1 X122.076 Y147.06 E.01722
G1 X121.898 Y146.51 E.01723
G1 X121.775 Y145.945 E.01723
G1 X121.71 Y145.371 E.01722
G1 X121.702 Y144.792 E.01723
G1 X121.751 Y144.216 E.01723
G1 X121.855 Y143.658 E.01691
G1 X122.013 Y143.113 E.0169
G1 X122.228 Y142.576 E.01722
G1 X122.496 Y142.063 E.01723
G1 X122.807 Y141.589 E.0169
G1 X123.169 Y141.139 E.01721
G1 X123.575 Y140.727 E.01723
G1 X124.02 Y140.358 E.01721
G1 X124.428 Y140.082 E.01467
SET_VELOCITY_LIMIT ACCEL=5000 ACCEL_TO_DECEL=2500 SQUARE_CORNER_VELOCITY=9
G1 X124.639 Y140.395 F21000
SET_VELOCITY_LIMIT ACCEL=1000 ACCEL_TO_DECEL=500 SQUARE_CORNER_VELOCITY=7
G1 F4800
G1 X124.689 Y140.361 E.00181
G1 X125.165 Y140.104 E.01611
G1 X125.664 Y139.896 E.01609
G1 X126.18 Y139.739 E.01609
G1 X126.714 Y139.633 E.0162
G1 X127.255 Y139.581 E.0162
G1 X127.741 Y139.581 E.01446
G1 X128.276 Y139.631 E.01601
G1 X128.806 Y139.735 E.01609
G1 X129.312 Y139.887 E.01574
G1 X129.811 Y140.092 E.01606
G1 X130.288 Y140.347 E.0161
G1 X130.728 Y140.64 E.01575
G1 X131.145 Y140.983 E.01609
G1 X131.52 Y141.358 E.0158
G1 X131.862 Y141.776 E.01609
G1 X132.161 Y142.226 E.01609
G1 X132.414 Y142.703 E.01609
G1 X132.618 Y143.203 E.01608
G1 X132.771 Y143.721 E.01609
G1 X132.875 Y144.267 E.01655
G1 X132.913 Y144.644 E.01127
G1 X132.921 Y145.2 E.01656
G1 X132.874 Y145.738 E.01609
G1 X132.774 Y146.269 E.01609
G1 X132.625 Y146.777 E.01578
G1 X132.423 Y147.278 E.01611
G1 X132.177 Y147.747 E.01576
G1 X131.881 Y148.199 E.0161
G1 X131.54 Y148.619 E.0161
G1 X131.16 Y149.004 E.0161
G1 X130.806 Y149.301 E.01379
G1 X130.354 Y149.613 E.01634
G1 X129.882 Y149.873 E.01608
G1 X129.385 Y150.086 E.0161
G1 X128.869 Y150.249 E.01611
G1 X128.34 Y150.359 E.0161
G1 X127.802 Y150.416 E.01611
G1 X127.262 Y150.419 E.0161
G1 X126.733 Y150.37 E.01581
G1 X126.218 Y150.271 E.01562
G1 X125.853 Y150.169 E.0113
G1 X125.332 Y149.972 E.01657
G1 X124.848 Y149.732 E.01611
G1 X124.39 Y149.444 E.0161
G1 X123.963 Y149.113 E.01611
G1 X123.571 Y148.74 E.0161
G1 X123.218 Y148.33 E.01611
G1 X122.908 Y147.888 E.01611
G1 X122.644 Y147.416 E.0161
G1 X122.427 Y146.921 E.0161
G1 X122.261 Y146.406 E.0161
G1 X122.147 Y145.878 E.0161
G1 X122.086 Y145.341 E.0161
G1 X122.079 Y144.8 E.0161
G1 X122.126 Y144.261 E.01611
G1 X122.224 Y143.74 E.0158
G1 X122.372 Y143.231 E.0158
G1 X122.574 Y142.729 E.01611
G1 X122.825 Y142.25 E.01611
G1 X123.115 Y141.806 E.01579
G1 X123.455 Y141.386 E.0161
G1 X123.827 Y141.009 E.01577
G1 X124.242 Y140.663 E.01608
G1 X124.606 Y140.417 E.01309
SET_VELOCITY_LIMIT ACCEL=5000 ACCEL_TO_DECEL=2500 SQUARE_CORNER_VELOCITY=9
G1 X124.818 Y140.729 F21000
SET_VELOCITY_LIMIT ACCEL=1000 ACCEL_TO_DECEL=500 SQUARE_CORNER_VELOCITY=7
G1 F4800
G1 X124.88 Y140.687 E.00226
G1 X125.323 Y140.447 E.01498
G1 X125.786 Y140.253 E.01497
G1 X126.267 Y140.107 E.01496
G1 X126.763 Y140.008 E.01508
G1 X127.268 Y139.958 E.01511
G1 X127.728 Y139.958 E.01371
G1 X128.227 Y140.006 E.01493
G1 X128.71 Y140.101 E.01465
G1 X129.181 Y140.241 E.01463
G1 X129.645 Y140.432 E.01494
G1 X130.089 Y140.668 E.01499
G1 X130.498 Y140.941 E.01464
G1 X130.887 Y141.259 E.01498
G1 X131.236 Y141.608 E.01469
G1 X131.555 Y141.996 E.01497
G1 X131.834 Y142.414 E.01497
G1 X132.07 Y142.858 E.01497
G1 X132.26 Y143.323 E.01496
G1 X132.403 Y143.805 E.01497
G1 X132.501 Y144.317 E.01552
G1 X132.537 Y144.67 E.01058
G1 X132.543 Y145.191 E.01552
G1 X132.499 Y145.692 E.01497
G1 X132.405 Y146.186 E.01498
G1 X132.266 Y146.658 E.01467
G1 X132.077 Y147.125 E.015
G1 X131.849 Y147.561 E.01465
G1 X131.572 Y147.981 E.01499
G1 X131.255 Y148.371 E.01498
G1 X130.901 Y148.729 E.01501
G1 X130.573 Y149.004 E.01273
G1 X130.151 Y149.294 E.01526
G1 X129.711 Y149.536 E.01496
G1 X129.248 Y149.734 E.01498
G1 X128.768 Y149.885 E.01499
G1 X128.276 Y149.986 E.01498
G1 X127.775 Y150.039 E.01499
G1 X127.272 Y150.041 E.01499
G1 X126.791 Y149.997 E.01439
G1 X126.309 Y149.905 E.01462
G1 X125.966 Y149.809 E.01062
G1 X125.478 Y149.624 E.01554
G1 X125.028 Y149.399 E.01499
G1 X124.602 Y149.132 E.01498
G1 X124.205 Y148.822 E.01499
G1 X123.841 Y148.476 E.01498
G1 X123.513 Y148.094 E.01499
G1 X123.225 Y147.682 E.01498
G1 X122.979 Y147.243 E.01498
G1 X122.779 Y146.782 E.01498
G1 X122.625 Y146.303 E.01498
G1 X122.519 Y145.811 E.01498
G1 X122.463 Y145.311 E.01498
G1 X122.457 Y144.808 E.01498
G1 X122.5 Y144.318 E.01466
G1 X122.59 Y143.833 E.01469
G1 X122.728 Y143.359 E.01469
G1 X122.915 Y142.892 E.01499
G1 X123.148 Y142.446 E.015
G1 X123.417 Y142.033 E.01468
G1 X123.733 Y141.642 E.01499
G1 X124.078 Y141.291 E.01466
G1 X124.464 Y140.969 E.01497
G1 X124.784 Y140.752 E.01152
SET_VELOCITY_LIMIT ACCEL=5000 ACCEL_TO_DECEL=2500 SQUARE_CORNER_VELOCITY=9
G1 X124.994 Y141.064 F21000
SET_VELOCITY_LIMIT ACCEL=1000 ACCEL_TO_DECEL=500 SQUARE_CORNER_VELOCITY=7
G1 F4800
G1 X125.089 Y141 E.0034
G1 X125.499 Y140.78 E.01386
G1 X125.93 Y140.601 E.01391
G1 X126.362 Y140.47 E.01345
G1 X126.81 Y140.381 E.01359
G1 X127.272 Y140.335 E.01383
G1 X127.736 Y140.336 E.01382
G1 X128.198 Y140.382 E.01383
G1 X128.606 Y140.463 E.0124
G1 X129.051 Y140.595 E.01383
G1 X129.481 Y140.771 E.01383
G1 X129.892 Y140.989 E.01385
G1 X130.279 Y141.247 E.01385
G1 X130.628 Y141.532 E.01343
G1 X131.328 Y142.326 E.03153
G1 X131.543 Y142.662 E.01188
G1 X131.715 Y142.987 E.01095
G1 X131.893 Y143.413 E.01376
G1 X132.026 Y143.848 E.01355
G1 X132.117 Y144.298 E.01369
G1 X132.164 Y144.761 E.01385
G1 X132.165 Y145.226 E.01386
G1 X132.126 Y145.641 E.01242
G1 X132.039 Y146.1 E.01391
G1 X131.912 Y146.533 E.01344
G1 X131.741 Y146.956 E.01359
G1 X131.526 Y147.368 E.01382
G1 X131.27 Y147.756 E.01385
G1 X130.978 Y148.117 E.01384
G1 X130.655 Y148.443 E.01366
G1 X130.293 Y148.743 E.014
G1 X129.947 Y148.978 E.01245
G1 X129.539 Y149.202 E.01387
G1 X129.111 Y149.384 E.01386
G1 X128.665 Y149.523 E.01389
G1 X128.234 Y149.613 E.01311
G1 X127.778 Y149.662 E.01368
G1 X127.264 Y149.664 E.01532
G1 X126.798 Y149.617 E.01392
G1 X126.342 Y149.525 E.01386
G1 X125.897 Y149.387 E.01389
G1 X125.514 Y149.227 E.01237
G1 X125.117 Y149.016 E.01339
G1 X124.334 Y148.43 E.02914
G1 X123.997 Y148.089 E.01428
G1 X123.737 Y147.766 E.01235
G1 X123.481 Y147.378 E.01383
G1 X123.286 Y147.014 E.01231
G1 X123.11 Y146.594 E.01354
G1 X122.973 Y146.15 E.01386
G1 X122.881 Y145.693 E.01389
G1 X122.838 Y145.282 E.01229
G1 X122.833 Y144.821 E.01373
G1 X122.874 Y144.359 E.01381
G1 X122.955 Y143.926 E.01313
G1 X123.083 Y143.483 E.01373
G1 X123.256 Y143.052 E.01384
G1 X123.47 Y142.639 E.01386
G1 X123.726 Y142.25 E.01386
G1 X124.018 Y141.888 E.01386
G1 X124.345 Y141.557 E.01386
G1 X124.703 Y141.26 E.01386
G1 X124.961 Y141.086 E.00927
SET_VELOCITY_LIMIT ACCEL=5000 ACCEL_TO_DECEL=2500 SQUARE_CORNER_VELOCITY=9
G1 X125.17 Y141.399 F21000
SET_VELOCITY_LIMIT ACCEL=1000 ACCEL_TO_DECEL=500 SQUARE_CORNER_VELOCITY=7
G1 F4800
G1 X125.302 Y141.311 E.00474
G1 X125.68 Y141.111 E.01274
G1 X126.078 Y140.948 E.01279
G1 X126.433 Y140.84 E.01106
G1 X126.844 Y140.756 E.0125
G1 X127.269 Y140.712 E.01272
G1 X127.695 Y140.711 E.0127
G1 X128.12 Y140.751 E.01271
G1 X128.539 Y140.834 E.01271
G1 X128.947 Y140.957 E.01271
G1 X129.341 Y141.121 E.01272
G1 X129.718 Y141.323 E.01273
G1 X130.073 Y141.562 E.01274
G1 X130.394 Y141.828 E.01241
G1 X131.007 Y142.523 E.02762
G1 X131.207 Y142.834 E.011
G1 X131.383 Y143.167 E.01124
G1 X131.546 Y143.562 E.0127
G1 X131.656 Y143.92 E.01116
G1 X131.742 Y144.333 E.01259
G1 X131.787 Y144.758 E.01273
G1 X131.79 Y145.186 E.01274
G1 X131.75 Y145.612 E.01274
G1 X131.668 Y146.033 E.01279
G1 X131.564 Y146.389 E.01105
G1 X131.408 Y146.779 E.0125
G1 X131.212 Y147.158 E.01271
G1 X130.979 Y147.516 E.01274
G1 X130.712 Y147.85 E.01274
G1 X130.417 Y148.151 E.01254
G1 X130.086 Y148.428 E.01287
G1 X129.731 Y148.669 E.01277
G1 X129.355 Y148.873 E.01274
G1 X128.96 Y149.038 E.01275
G1 X128.55 Y149.163 E.01277
G1 X128.154 Y149.244 E.01203
G1 X127.734 Y149.288 E.0126
G1 X127.259 Y149.287 E.01416
G1 X126.833 Y149.242 E.01274
G1 X126.414 Y149.154 E.01275
G1 X126.006 Y149.026 E.01276
G1 X125.656 Y148.878 E.01131
G1 X125.288 Y148.68 E.01244
G1 X124.555 Y148.124 E.02739
G1 X124.265 Y147.824 E.01244
G1 X124.028 Y147.527 E.01131
G1 X123.794 Y147.168 E.01278
G1 X123.617 Y146.834 E.01126
G1 X123.457 Y146.446 E.0125
G1 X123.333 Y146.036 E.01275
G1 X123.25 Y145.615 E.01277
G1 X123.213 Y145.24 E.01125
G1 X123.21 Y144.814 E.01268
G1 X123.25 Y144.389 E.0127
G1 X123.326 Y143.992 E.01205
G1 X123.446 Y143.585 E.01264
G1 X123.607 Y143.189 E.01274
G1 X123.806 Y142.81 E.01275
G1 X124.043 Y142.454 E.01275
G1 X124.313 Y142.122 E.01274
G1 X124.615 Y141.819 E.01274
G1 X124.946 Y141.548 E.01274
G1 X125.136 Y141.421 E.00681
SET_VELOCITY_LIMIT ACCEL=5000 ACCEL_TO_DECEL=2500 SQUARE_CORNER_VELOCITY=9
G1 X125.343 Y141.736 F21000
SET_VELOCITY_LIMIT ACCEL=1000 ACCEL_TO_DECEL=500 SQUARE_CORNER_VELOCITY=7
G1 F4800
G1 X125.514 Y141.623 E.00608
G1 X125.859 Y141.443 E.01162
G1 X126.223 Y141.297 E.01166
G1 X126.545 Y141.2 E.01003
G1 X126.922 Y141.125 E.01145
G1 X127.311 Y141.087 E.01162
G1 X127.7 Y141.088 E.01159
G1 X128.087 Y141.127 E.0116
G1 X128.469 Y141.204 E.0116
G1 X128.841 Y141.319 E.0116
G1 X129.2 Y141.47 E.0116
G1 X129.542 Y141.657 E.01162
G1 X129.864 Y141.877 E.01162
G1 X130.158 Y142.122 E.01139
G1 X130.686 Y142.72 E.02377
G1 X130.893 Y143.042 E.01141
G1 X131.051 Y143.346 E.01019
G1 X131.198 Y143.708 E.01165
G1 X131.297 Y144.033 E.01011
G1 X131.373 Y144.413 E.01155
G1 X131.412 Y144.801 E.01162
G1 X131.413 Y145.191 E.01162
G1 X131.374 Y145.579 E.01162
G1 X131.297 Y145.963 E.01166
G1 X131.201 Y146.286 E.01002
G1 X131.057 Y146.642 E.01145
G1 X130.876 Y146.987 E.01161
G1 X130.662 Y147.313 E.01162
G1 X130.416 Y147.616 E.01162
G1 X130.146 Y147.889 E.01144
G1 X129.842 Y148.141 E.01175
G1 X129.517 Y148.358 E.01165
G1 X129.173 Y148.542 E.01162
G1 X128.812 Y148.691 E.01163
G1 X128.437 Y148.804 E.01165
G1 X128.077 Y148.875 E.01096
G1 X127.692 Y148.913 E.01152
G1 X127.302 Y148.913 E.01162
G1 X126.913 Y148.873 E.01163
G1 X126.531 Y148.796 E.01163
G1 X126.158 Y148.68 E.01163
G1 X125.798 Y148.528 E.01163
G1 X125.462 Y148.345 E.01141
G1 X124.831 Y147.867 E.02357
G1 X124.563 Y147.593 E.01141
G1 X124.32 Y147.288 E.01163
G1 X124.108 Y146.959 E.01164
G1 X123.949 Y146.655 E.01021
G1 X123.804 Y146.299 E.01147
G1 X123.693 Y145.924 E.01164
G1 X123.62 Y145.54 E.01164
G1 X123.588 Y145.199 E.0102
G1 X123.587 Y144.808 E.01164
G1 X123.625 Y144.421 E.01158
G1 X123.697 Y144.06 E.01097
G1 X123.808 Y143.689 E.01156
G1 X123.957 Y143.328 E.01163
G1 X124.141 Y142.984 E.01163
G1 X124.359 Y142.659 E.01163
G1 X124.607 Y142.358 E.01163
G1 X124.884 Y142.084 E.01162
G1 X125.187 Y141.838 E.01162
G1 X125.31 Y141.758 E.00435
SET_VELOCITY_LIMIT ACCEL=5000 ACCEL_TO_DECEL=2500 SQUARE_CORNER_VELOCITY=9
G1 X125.514 Y142.073 F21000
SET_VELOCITY_LIMIT ACCEL=1000 ACCEL_TO_DECEL=500 SQUARE_CORNER_VELOCITY=7
G1 F4800
G1 X125.723 Y141.937 E.00742
G1 X126.036 Y141.775 E.01051
G1 X126.365 Y141.646 E.01053
G1 X126.655 Y141.561 E.009
G1 X126.999 Y141.495 E.01042
G1 X127.35 Y141.462 E.01051
G1 X127.702 Y141.465 E.01047
G1 X128.052 Y141.502 E.01048
G1 X128.396 Y141.574 E.01048
G1 X128.732 Y141.68 E.01048
G1 X129.055 Y141.819 E.01049
G1 X129.364 Y141.989 E.0105
G1 X129.654 Y142.19 E.0105
G1 X129.92 Y142.415 E.01036
G1 X130.366 Y142.92 E.02009
M73 P4 R12
G1 X130.556 Y143.212 E.01036
G1 X130.719 Y143.524 E.0105
G1 X130.85 Y143.852 E.01051
G1 X130.936 Y144.144 E.00907
G1 X131.004 Y144.491 E.01051
G1 X131.038 Y144.842 E.0105
G1 X131.036 Y145.194 E.0105
G1 X130.999 Y145.545 E.0105
G1 X130.927 Y145.891 E.01053
G1 X130.839 Y146.18 E.00899
G1 X130.706 Y146.503 E.01042
G1 X130.541 Y146.815 E.0105
G1 X130.345 Y147.108 E.0105
G1 X130.121 Y147.381 E.0105
G1 X129.876 Y147.626 E.01033
G1 X129.599 Y147.852 E.01064
G1 X129.305 Y148.047 E.01052
G1 X128.993 Y148.211 E.0105
G1 X128.666 Y148.344 E.01051
G1 X128.327 Y148.443 E.01053
G1 X128.001 Y148.506 E.00988
G1 X127.652 Y148.538 E.01043
G1 X127.299 Y148.535 E.01051
G1 X126.948 Y148.498 E.01051
G1 X126.603 Y148.426 E.01051
G1 X126.266 Y148.319 E.01051
G1 X125.942 Y148.18 E.01051
G1 X125.637 Y148.011 E.01038
G1 X125.104 Y147.608 E.01991
G1 X124.86 Y147.36 E.01038
G1 X124.638 Y147.085 E.01051
G1 X124.445 Y146.79 E.01051
G1 X124.281 Y146.477 E.01052
G1 X124.166 Y146.194 E.00908
G1 X124.064 Y145.856 E.01052
G1 X123.996 Y145.51 E.01051
G1 X123.962 Y145.158 E.01051
G1 X123.964 Y144.805 E.01051
G1 X124.001 Y144.456 E.01047
G1 X124.067 Y144.131 E.00988
G1 X124.17 Y143.795 E.01048
G1 X124.307 Y143.469 E.01051
G1 X124.475 Y143.159 E.01051
G1 X124.673 Y142.867 E.01051
G1 X124.9 Y142.596 E.01051
G1 X125.152 Y142.35 E.01051
G1 X125.427 Y142.129 E.01051
G1 X125.48 Y142.094 E.0019
SET_VELOCITY_LIMIT ACCEL=5000 ACCEL_TO_DECEL=2500 SQUARE_CORNER_VELOCITY=9
G1 X125.682 Y142.41 F21000
SET_VELOCITY_LIMIT ACCEL=1000 ACCEL_TO_DECEL=500 SQUARE_CORNER_VELOCITY=7
G1 F4800
G1 X125.93 Y142.252 E.00876
G1 X126.211 Y142.11 E.00939
G1 X126.506 Y141.996 E.0094
G1 X126.763 Y141.922 E.00797
G1 X127.073 Y141.864 E.0094
G1 X127.387 Y141.837 E.00939
G1 X127.701 Y141.842 E.00936
G1 X128.014 Y141.877 E.00937
G1 X128.321 Y141.944 E.00937
G1 X128.621 Y142.04 E.00937
G1 X128.909 Y142.166 E.00938
G1 X129.184 Y142.32 E.00939
G1 X129.442 Y142.501 E.00939
G1 X129.679 Y142.705 E.00932
G1 X130.048 Y143.123 E.01658
G1 X130.221 Y143.383 E.00932
G1 X130.368 Y143.662 E.00939
G1 X130.487 Y143.954 E.00939
G1 X130.576 Y144.256 E.00939
G1 X130.635 Y144.566 E.00939
G1 X130.662 Y144.88 E.00939
G1 X130.659 Y145.195 E.00939
G1 X130.624 Y145.508 E.00939
G1 X130.558 Y145.817 E.0094
G1 X130.478 Y146.072 E.00796
G1 X130.356 Y146.363 E.0094
G1 X130.207 Y146.64 E.00939
G1 X130.03 Y146.901 E.00939
G1 X129.828 Y147.143 E.00938
G1 X129.608 Y147.361 E.00923
G1 X129.359 Y147.561 E.00952
G1 X129.095 Y147.734 E.0094
G1 X128.815 Y147.879 E.00939
G1 X128.522 Y147.995 E.0094
G1 X128.218 Y148.082 E.0094
G1 X127.928 Y148.136 E.0088
G1 X127.615 Y148.163 E.00935
G1 X127.3 Y148.158 E.0094
G1 X126.986 Y148.123 E.0094
G1 X126.678 Y148.056 E.00939
G1 X126.378 Y147.959 E.0094
G1 X126.089 Y147.833 E.0094
G1 X125.816 Y147.679 E.00933
G1 X125.376 Y147.346 E.01642
G1 X125.154 Y147.125 E.00933
G1 X124.955 Y146.881 E.0094
G1 X124.78 Y146.618 E.0094
G1 X124.633 Y146.339 E.00939
G1 X124.514 Y146.047 E.0094
G1 X124.424 Y145.745 E.0094
G1 X124.365 Y145.435 E.00939
G1 X124.338 Y145.12 E.0094
G1 X124.341 Y144.805 E.0094
G1 X124.376 Y144.493 E.00935
G1 X124.437 Y144.204 E.0088
G1 X124.532 Y143.903 E.0094
G1 X124.655 Y143.613 E.0094
G1 X124.808 Y143.337 E.00939
G1 X124.987 Y143.077 E.00939
G1 X125.19 Y142.836 E.00939
G1 X125.417 Y142.617 E.00939
G1 X125.65 Y142.434 E.00883
SET_VELOCITY_LIMIT ACCEL=5000 ACCEL_TO_DECEL=2500 SQUARE_CORNER_VELOCITY=9
G1 X125.866 Y142.741 F21000
SET_VELOCITY_LIMIT ACCEL=1000 ACCEL_TO_DECEL=500 SQUARE_CORNER_VELOCITY=7
G1 F4800
G1 X126.099 Y142.589 E.00827
G1 X126.346 Y142.462 E.00827
G1 X126.604 Y142.36 E.00827
G1 X126.871 Y142.284 E.00828
G1 X127.144 Y142.235 E.00827
G1 X127.421 Y142.213 E.00828
G1 X127.698 Y142.219 E.00824
G1 X127.973 Y142.252 E.00825
G1 X128.244 Y142.313 E.00826
G1 X128.507 Y142.4 E.00825
G1 X128.76 Y142.513 E.00826
G1 X129.001 Y142.65 E.00827
G1 X129.227 Y142.811 E.00827
G1 X129.436 Y142.994 E.00827
G1 X129.731 Y143.328 E.01326
G1 X129.886 Y143.558 E.00827
G1 X130.018 Y143.802 E.00827
G1 X130.125 Y144.059 E.00827
G1 X130.205 Y144.324 E.00827
G1 X130.259 Y144.597 E.00827
G1 X130.285 Y144.873 E.00827
G1 X130.284 Y145.151 E.00827
G1 X130.255 Y145.427 E.00827
G1 X130.199 Y145.699 E.00827
G1 X130.116 Y145.964 E.00827
G1 X130.008 Y146.219 E.00827
G1 X129.874 Y146.463 E.00827
G1 X129.717 Y146.692 E.00827
G1 X129.537 Y146.903 E.00827
G1 X129.342 Y147.093 E.00812
G1 X129.121 Y147.269 E.00841
G1 X128.887 Y147.419 E.00827
G1 X128.639 Y147.545 E.00827
G1 X128.38 Y147.646 E.00828
G1 X128.113 Y147.72 E.00828
G1 X127.858 Y147.765 E.00772
G1 X127.581 Y147.787 E.00828
G1 X127.303 Y147.781 E.00828
G1 X127.027 Y147.748 E.00828
G1 X126.756 Y147.687 E.00828
G1 X126.492 Y147.6 E.00828
G1 X126.238 Y147.486 E.00828
G1 X125.997 Y147.348 E.00828
G1 X125.646 Y147.082 E.01313
G1 X125.447 Y146.887 E.00828
G1 X125.27 Y146.674 E.00828
G1 X125.114 Y146.443 E.00828
G1 X124.982 Y146.199 E.00828
G1 X124.876 Y145.942 E.00828
G1 X124.795 Y145.676 E.00828
G1 X124.741 Y145.404 E.00828
G1 X124.715 Y145.127 E.00828
G1 X124.716 Y144.849 E.00828
G1 X124.745 Y144.573 E.00828
G1 X124.796 Y144.319 E.00772
G1 X124.877 Y144.053 E.00828
G1 X124.985 Y143.797 E.00828
G1 X125.117 Y143.552 E.00828
G1 X125.273 Y143.322 E.00828
G1 X125.451 Y143.109 E.00827
G1 X125.649 Y142.914 E.00827
G1 X125.835 Y142.766 E.00708
SET_VELOCITY_LIMIT ACCEL=5000 ACCEL_TO_DECEL=2500 SQUARE_CORNER_VELOCITY=9
G1 E-.68 F3600
;WIPE_START
G1 F4800
G1 X126.099 Y142.589 E-.03811
G1 X126.346 Y142.462 E-.03333
G1 X126.604 Y142.36 E-.03333
G1 X126.726 Y142.325 E-.01523
;WIPE_END
G1 X119.131 Y143.078 Z.6 F21000
G1 X104.42 Y144.538 Z.6
G1 Z.2
G1 E.8 F2700
SET_VELOCITY_LIMIT ACCEL=1000 ACCEL_TO_DECEL=500 SQUARE_CORNER_VELOCITY=7
G1 F4800
G1 X104.432 Y145.229 E.02059
G1 X104.375 Y145.918 E.02059
G1 X104.249 Y146.598 E.02059
G1 X104.056 Y147.262 E.02059
G1 X103.799 Y147.903 E.02059
G1 X103.479 Y148.516 E.02059
G1 X103.099 Y149.093 E.02059
G1 X102.663 Y149.631 E.02061
G1 X102.266 Y150.039 E.01695
G1 X101.744 Y150.485 E.02045
G1 X101.177 Y150.881 E.0206
G1 X100.574 Y151.217 E.02059
G1 X99.939 Y151.492 E.02059
G1 X99.281 Y151.703 E.0206
G1 X98.605 Y151.847 E.02058
G1 X97.918 Y151.923 E.02059
G1 X97.227 Y151.93 E.02058
G1 X96.538 Y151.869 E.0206
G1 X95.858 Y151.738 E.02063
G1 X95.406 Y151.612 E.01398
G1 X94.757 Y151.37 E.02064
G1 X94.136 Y151.065 E.02059
G1 X93.55 Y150.701 E.02058
G1 X93.002 Y150.279 E.02059
G1 X92.499 Y149.805 E.02058
G1 X92.045 Y149.283 E.02059
G1 X91.646 Y148.719 E.02059
G1 X91.305 Y148.118 E.02058
G1 X91.025 Y147.486 E.02058
G1 X90.81 Y146.829 E.02059
G1 X90.661 Y146.154 E.02059
G1 X90.58 Y145.468 E.02058
G1 X90.568 Y144.776 E.02061
G1 X90.61 Y144.202 E.01715
G1 X90.724 Y143.519 E.02062
G1 X90.905 Y142.852 E.02059
G1 X91.152 Y142.207 E.02059
G1 X91.461 Y141.589 E.02059
G1 X91.831 Y141.004 E.02059
G1 X92.257 Y140.46 E.02058
G1 X92.735 Y139.961 E.0206
G1 X93.26 Y139.512 E.02058
G1 X93.827 Y139.117 E.02059
G1 X94.431 Y138.78 E.0206
G1 X95.064 Y138.506 E.02054
G1 X95.721 Y138.296 E.02054
G1 X96.395 Y138.153 E.02054
G1 X97.08 Y138.077 E.02053
G1 X97.782 Y138.07 E.02089
G1 X98.47 Y138.133 E.02058
G1 X99.149 Y138.263 E.02059
G1 X99.81 Y138.461 E.02057
G1 X100.449 Y138.723 E.02057
G1 X101.06 Y139.048 E.02059
G1 X101.634 Y139.431 E.02058
G1 X102.168 Y139.87 E.02057
G1 X102.655 Y140.36 E.02059
G1 X103.091 Y140.896 E.02057
G1 X103.472 Y141.473 E.02059
G1 X103.793 Y142.085 E.02059
G1 X104.053 Y142.727 E.02063
G1 X104.191 Y143.175 E.01396
G1 X104.34 Y143.852 E.02064
G1 X104.416 Y144.498 E.0194
SET_VELOCITY_LIMIT ACCEL=5000 ACCEL_TO_DECEL=2500 SQUARE_CORNER_VELOCITY=9
G1 X104.04 Y144.542 F21000
SET_VELOCITY_LIMIT ACCEL=1000 ACCEL_TO_DECEL=500 SQUARE_CORNER_VELOCITY=7
G1 F4800
G1 X104.044 Y144.569 E.00081
G1 X104.054 Y145.222 E.01947
G1 X103.999 Y145.874 E.01947
G1 X103.883 Y146.505 E.01913
G1 X103.701 Y147.133 E.01947
G1 X103.458 Y147.74 E.01947
G1 X103.156 Y148.319 E.01947
G1 X102.797 Y148.866 E.01947
G1 X102.384 Y149.376 E.01956
G1 X102.004 Y149.767 E.01623
G1 X101.509 Y150.19 E.0194
G1 X100.972 Y150.563 E.01948
G1 X100.401 Y150.881 E.01947
G1 X99.801 Y151.141 E.01947
G1 X99.178 Y151.339 E.01948
G1 X98.539 Y151.475 E.01946
G1 X97.889 Y151.546 E.01947
G1 X97.236 Y151.552 E.01946
G1 X96.585 Y151.494 E.01948
G1 X95.949 Y151.372 E.01929
G1 X95.518 Y151.252 E.01331
G1 X94.901 Y151.021 E.01963
G1 X94.315 Y150.732 E.01946
G1 X93.76 Y150.387 E.01946
G1 X93.242 Y149.988 E.01947
G1 X92.767 Y149.539 E.01946
G1 X92.339 Y149.046 E.01947
G1 X91.962 Y148.512 E.01947
G1 X91.64 Y147.943 E.01946
G1 X91.376 Y147.346 E.01946
G1 X91.173 Y146.724 E.01947
G1 X91.033 Y146.086 E.01947
G1 X90.957 Y145.437 E.01946
G1 X90.946 Y144.782 E.01952
G1 X90.986 Y144.242 E.01612
G1 X91.095 Y143.594 E.01955
G1 X91.266 Y142.964 E.01947
G1 X91.5 Y142.354 E.01946
G1 X91.793 Y141.769 E.01947
G1 X92.143 Y141.218 E.01947
G1 X92.546 Y140.703 E.01946
G1 X92.999 Y140.231 E.01948
G1 X93.495 Y139.807 E.01945
G1 X94.032 Y139.434 E.01947
G1 X94.603 Y139.117 E.01948
G1 X95.202 Y138.858 E.01942
G1 X95.823 Y138.66 E.01942
G1 X96.461 Y138.525 E.01942
G1 X97.109 Y138.454 E.01941
G1 X97.772 Y138.448 E.01977
G1 X98.423 Y138.507 E.01945
G1 X99.064 Y138.632 E.01947
G1 X99.69 Y138.819 E.01945
G1 X100.294 Y139.067 E.01945
G1 X100.871 Y139.375 E.01947
G1 X101.405 Y139.731 E.01913
G1 X101.909 Y140.146 E.01945
G1 X102.37 Y140.609 E.01947
G1 X102.783 Y141.115 E.01945
G1 X103.144 Y141.66 E.01947
G1 X103.448 Y142.239 E.01947
G1 X103.695 Y142.849 E.01963
G1 X103.827 Y143.276 E.0133
G1 X103.968 Y143.92 E.01963
G1 X104.036 Y144.502 E.01747
SET_VELOCITY_LIMIT ACCEL=5000 ACCEL_TO_DECEL=2500 SQUARE_CORNER_VELOCITY=9
G1 X103.661 Y144.545 F21000
SET_VELOCITY_LIMIT ACCEL=1000 ACCEL_TO_DECEL=500 SQUARE_CORNER_VELOCITY=7
G1 F4800
G1 X103.667 Y144.599 E.00162
G1 X103.676 Y145.215 E.01835
G1 X103.624 Y145.829 E.01835
G1 X103.514 Y146.424 E.01802
G1 X103.342 Y147.016 E.01835
G1 X103.117 Y147.577 E.01801
G1 X102.833 Y148.123 E.01835
G1 X102.495 Y148.639 E.01835
G1 X102.105 Y149.122 E.01849
G1 X101.742 Y149.495 E.01551
G1 X101.273 Y149.894 E.01834
G1 X100.767 Y150.246 E.01836
G1 X100.229 Y150.545 E.01834
G1 X99.663 Y150.789 E.01835
G1 X99.076 Y150.976 E.01835
G1 X98.474 Y151.103 E.01834
G1 X97.861 Y151.169 E.01835
G1 X97.246 Y151.175 E.01834
G1 X96.643 Y151.12 E.01803
G1 X96.04 Y151.005 E.01828
G1 X95.631 Y150.891 E.01265
G1 X95.046 Y150.672 E.01862
G1 X94.493 Y150.399 E.01834
G1 X93.971 Y150.073 E.01834
G1 X93.483 Y149.697 E.01835
G1 X93.036 Y149.274 E.01834
G1 X92.633 Y148.808 E.01835
G1 X92.278 Y148.305 E.01835
G1 X91.975 Y147.769 E.01834
G1 X91.727 Y147.205 E.01834
G1 X91.536 Y146.62 E.01835
G1 X91.404 Y146.018 E.01835
G1 X91.333 Y145.406 E.01834
G1 X91.323 Y144.787 E.01843
G1 X91.362 Y144.282 E.01509
G1 X91.465 Y143.67 E.01849
G1 X91.627 Y143.076 E.01834
G1 X91.848 Y142.501 E.01834
G1 X92.125 Y141.951 E.01835
G1 X92.455 Y141.431 E.01834
G1 X92.835 Y140.947 E.01834
G1 X93.262 Y140.502 E.01836
G1 X93.73 Y140.103 E.01833
G1 X94.237 Y139.752 E.01834
G1 X94.775 Y139.453 E.01835
G1 X95.34 Y139.21 E.0183
G1 X95.925 Y139.024 E.0183
G1 X96.526 Y138.897 E.0183
G1 X97.137 Y138.831 E.01828
G1 X97.762 Y138.826 E.01864
G1 X98.375 Y138.882 E.01833
G1 X98.969 Y138.997 E.01801
G1 X99.558 Y139.173 E.01833
G1 X100.128 Y139.407 E.01833
G1 X100.672 Y139.696 E.01835
G1 X101.175 Y140.031 E.01801
G1 X101.651 Y140.422 E.01833
G1 X102.086 Y140.858 E.01835
G1 X102.475 Y141.334 E.01833
G1 X102.816 Y141.848 E.01835
G1 X103.103 Y142.393 E.01835
G1 X103.338 Y142.972 E.01861
G1 X103.463 Y143.377 E.01264
G1 X103.596 Y143.987 E.01862
G1 X103.656 Y144.506 E.01554
SET_VELOCITY_LIMIT ACCEL=5000 ACCEL_TO_DECEL=2500 SQUARE_CORNER_VELOCITY=9
G1 X103.281 Y144.549 F21000
SET_VELOCITY_LIMIT ACCEL=1000 ACCEL_TO_DECEL=500 SQUARE_CORNER_VELOCITY=7
G1 F4800
G1 X103.29 Y144.629 E.00243
G1 X103.298 Y145.208 E.01723
G1 X103.25 Y145.773 E.0169
G1 X103.147 Y146.331 E.01691
G1 X102.987 Y146.887 E.01724
G1 X102.776 Y147.414 E.0169
G1 X102.51 Y147.927 E.01723
G1 X102.193 Y148.412 E.01723
G1 X101.826 Y148.867 E.01742
G1 X101.48 Y149.222 E.01478
G1 X101.038 Y149.598 E.01727
G1 X100.563 Y149.928 E.01724
G1 X100.057 Y150.208 E.01722
G1 X99.526 Y150.437 E.01722
G1 X98.974 Y150.612 E.01723
G1 X98.409 Y150.731 E.01722
G1 X97.834 Y150.793 E.01723
G1 X97.255 Y150.797 E.01722
G1 X96.69 Y150.745 E.01692
G1 X96.131 Y150.639 E.01695
G1 X95.744 Y150.531 E.01198
G1 X95.19 Y150.323 E.0176
G1 X94.672 Y150.066 E.01722
G1 X94.182 Y149.76 E.01722
G1 X93.725 Y149.406 E.01723
G1 X93.305 Y149.008 E.01721
G1 X92.927 Y148.571 E.01723
G1 X92.594 Y148.098 E.01723
G1 X92.31 Y147.594 E.01722
G1 X92.078 Y147.065 E.01722
G1 X91.899 Y146.515 E.01723
G1 X91.776 Y145.95 E.01723
G1 X91.71 Y145.376 E.01722
G1 X91.701 Y144.793 E.01735
G1 X91.737 Y144.323 E.01406
G1 X91.835 Y143.746 E.01743
G1 X91.988 Y143.188 E.01722
G1 X92.196 Y142.649 E.01722
G1 X92.456 Y142.132 E.01722
G1 X92.767 Y141.644 E.01722
G1 X93.124 Y141.19 E.01722
G1 X93.525 Y140.773 E.01724
G1 X93.965 Y140.399 E.01721
G1 X94.441 Y140.07 E.01722
G1 X94.947 Y139.79 E.01723
G1 X95.477 Y139.562 E.01718
G1 X96.027 Y139.388 E.01718
G1 X96.592 Y139.269 E.01718
G1 X97.164 Y139.208 E.01716
G1 X97.752 Y139.203 E.01751
G1 X98.327 Y139.257 E.0172
G1 X98.884 Y139.365 E.0169
G1 X99.438 Y139.531 E.01722
G1 X99.972 Y139.751 E.01721
G1 X100.483 Y140.023 E.01724
G1 X100.955 Y140.338 E.0169
G1 X101.401 Y140.705 E.01721
G1 X101.802 Y141.107 E.01689
G1 X102.168 Y141.554 E.01721
G1 X102.488 Y142.036 E.01723
G1 X102.758 Y142.547 E.01723
G1 X102.981 Y143.094 E.0176
G1 X103.099 Y143.478 E.01196
G1 X103.225 Y144.055 E.0176
G1 X103.277 Y144.509 E.01361
SET_VELOCITY_LIMIT ACCEL=5000 ACCEL_TO_DECEL=2500 SQUARE_CORNER_VELOCITY=9
G1 X102.901 Y144.551 F21000
SET_VELOCITY_LIMIT ACCEL=1000 ACCEL_TO_DECEL=500 SQUARE_CORNER_VELOCITY=7
G1 F4800
G1 X102.914 Y144.659 E.00324
G1 X102.921 Y145.2 E.01611
G1 X102.875 Y145.728 E.01579
G1 X102.778 Y146.25 E.0158
G1 X102.631 Y146.759 E.0158
G1 X102.435 Y147.252 E.01579
G1 X102.186 Y147.732 E.01611
G1 X101.891 Y148.185 E.01611
G1 X101.547 Y148.612 E.01634
G1 X101.218 Y148.95 E.01405
G1 X100.804 Y149.302 E.0162
G1 X100.358 Y149.61 E.01612
G1 X99.885 Y149.872 E.0161
G1 X99.389 Y150.085 E.0161
G1 X98.873 Y150.248 E.01611
G1 X98.344 Y150.358 E.0161
G1 X97.806 Y150.416 E.01611
G1 X97.266 Y150.419 E.0161
G1 X96.737 Y150.37 E.01581
G1 X96.222 Y150.272 E.01562
G1 X95.856 Y150.17 E.0113
G1 X95.336 Y149.974 E.01657
G1 X94.851 Y149.734 E.0161
G1 X94.394 Y149.447 E.0161
G1 X93.966 Y149.115 E.01611
G1 X93.574 Y148.743 E.01609
G1 X93.221 Y148.334 E.01611
G1 X92.911 Y147.891 E.0161
G1 X92.646 Y147.42 E.0161
G1 X92.429 Y146.925 E.0161
G1 X92.262 Y146.411 E.0161
G1 X92.148 Y145.883 E.0161
G1 X92.087 Y145.346 E.0161
G1 X92.079 Y144.8 E.01626
G1 X92.113 Y144.364 E.01303
G1 X92.205 Y143.822 E.01637
G1 X92.349 Y143.301 E.0161
G1 X92.543 Y142.797 E.0161
G1 X92.787 Y142.314 E.0161
G1 X93.078 Y141.858 E.0161
G1 X93.413 Y141.434 E.0161
G1 X93.788 Y141.045 E.01611
G1 X94.2 Y140.695 E.01609
G1 X94.645 Y140.388 E.0161
G1 X95.118 Y140.126 E.01611
G1 X95.614 Y139.914 E.01606
G1 X96.128 Y139.752 E.01606
G1 X96.656 Y139.642 E.01607
G1 X97.192 Y139.585 E.01604
G1 X97.742 Y139.581 E.01638
G1 X98.279 Y139.632 E.01608
G1 X98.799 Y139.734 E.01579
G1 X99.306 Y139.885 E.01577
G1 X99.806 Y140.09 E.01609
G1 X100.284 Y140.345 E.01612
G1 X100.725 Y140.639 E.01579
G1 X101.143 Y140.981 E.0161
G1 X101.518 Y141.356 E.01578
G1 X101.867 Y141.783 E.01643
G1 X102.166 Y142.233 E.0161
G1 X102.418 Y142.712 E.0161
G1 X102.624 Y143.216 E.01623
G1 X102.735 Y143.578 E.01128
G1 X102.853 Y144.122 E.01657
G1 X102.897 Y144.512 E.01167
SET_VELOCITY_LIMIT ACCEL=5000 ACCEL_TO_DECEL=2500 SQUARE_CORNER_VELOCITY=9
G1 X102.522 Y144.554 F21000
SET_VELOCITY_LIMIT ACCEL=1000 ACCEL_TO_DECEL=500 SQUARE_CORNER_VELOCITY=7
G1 F4800
G1 X102.537 Y144.689 E.00405
G1 X102.543 Y145.192 E.01499
G1 X102.5 Y145.683 E.01468
G1 X102.412 Y146.157 E.01437
G1 X102.276 Y146.632 E.0147
G1 X102.094 Y147.09 E.01468
G1 X101.863 Y147.537 E.01499
G1 X101.588 Y147.958 E.01498
G1 X101.268 Y148.358 E.01526
G1 X100.956 Y148.678 E.0133
G1 X100.569 Y149.006 E.01512
G1 X100.155 Y149.292 E.015
G1 X99.714 Y149.535 E.01498
G1 X99.252 Y149.733 E.01498
G1 X98.772 Y149.884 E.01499
G1 X98.28 Y149.986 E.01497
G1 X97.779 Y150.039 E.01499
G1 X97.276 Y150.042 E.01498
G1 X96.795 Y149.997 E.01439
G1 X96.313 Y149.906 E.01462
G1 X95.969 Y149.81 E.01062
G1 X95.481 Y149.625 E.01554
G1 X95.031 Y149.401 E.01498
G1 X94.605 Y149.134 E.01498
G1 X94.208 Y148.825 E.01498
G1 X93.844 Y148.479 E.01497
G1 X93.516 Y148.097 E.01499
G1 X93.227 Y147.685 E.01498
G1 X92.981 Y147.247 E.01498
G1 X92.78 Y146.786 E.01498
G1 X92.626 Y146.307 E.01498
G1 X92.52 Y145.816 E.01498
G1 X92.463 Y145.316 E.01498
G1 X92.456 Y144.806 E.01517
G1 X92.488 Y144.405 E.012
G1 X92.575 Y143.898 E.01531
G1 X92.709 Y143.414 E.01498
G1 X92.891 Y142.945 E.01498
G1 X93.118 Y142.496 E.01498
G1 X93.389 Y142.073 E.01498
G1 X93.701 Y141.678 E.01497
G1 X94.051 Y141.316 E.01499
G1 X94.434 Y140.991 E.01497
G1 X94.849 Y140.706 E.01498
G1 X95.289 Y140.463 E.01499
G1 X95.751 Y140.266 E.01494
G1 X96.229 Y140.116 E.01494
G1 X96.721 Y140.014 E.01495
G1 X97.219 Y139.961 E.01492
G1 X97.731 Y139.959 E.01525
G1 X98.23 Y140.007 E.01496
G1 X98.714 Y140.102 E.01468
G1 X99.186 Y140.243 E.01467
G1 X99.651 Y140.435 E.01498
G1 X100.085 Y140.666 E.01467
G1 X100.496 Y140.939 E.01468
G1 X100.885 Y141.258 E.01499
G1 X101.234 Y141.605 E.01467
G1 X101.56 Y142.002 E.0153
G1 X101.838 Y142.421 E.01498
G1 X102.073 Y142.866 E.01499
G1 X102.266 Y143.339 E.01521
G1 X102.371 Y143.679 E.01059
G1 X102.481 Y144.189 E.01554
G1 X102.517 Y144.514 E.00974
SET_VELOCITY_LIMIT ACCEL=5000 ACCEL_TO_DECEL=2500 SQUARE_CORNER_VELOCITY=9
G1 X102.144 Y144.555 F21000
SET_VELOCITY_LIMIT ACCEL=1000 ACCEL_TO_DECEL=500 SQUARE_CORNER_VELOCITY=7
G1 F4800
G1 X102.161 Y144.713 E.00473
G1 X102.167 Y145.179 E.01386
G1 X102.126 Y145.642 E.01385
G1 X102.041 Y146.092 E.01366
G1 X101.91 Y146.538 E.01383
G1 X101.735 Y146.969 E.01386
G1 X101.517 Y147.382 E.01393
G1 X101.295 Y147.723 E.01209
G1 X101.012 Y148.079 E.01356
G1 X100.689 Y148.412 E.01382
G1 X100.334 Y148.712 E.01386
G1 X99.95 Y148.976 E.01387
G1 X99.542 Y149.2 E.01386
G1 X99.113 Y149.383 E.01389
G1 X98.693 Y149.516 E.01312
G1 X98.244 Y149.611 E.01369
G1 X97.796 Y149.66 E.01341
G1 X96.747 Y149.609 E.03129
G1 X96.355 Y149.528 E.0119
G1 X96.002 Y149.424 E.01096
G1 X95.573 Y149.254 E.01374
G1 X95.16 Y149.042 E.01386
G1 X94.769 Y148.789 E.01386
G1 X94.406 Y148.498 E.01386
G1 X94.073 Y148.173 E.01386
G1 X93.774 Y147.815 E.01388
G1 X93.515 Y147.436 E.01368
G1 X93.293 Y147.027 E.01386
G1 X93.112 Y146.599 E.01386
G1 X92.974 Y146.153 E.01389
G1 X92.89 Y145.749 E.01229
G1 X92.839 Y145.291 E.01373
G1 X92.833 Y144.826 E.01386
G1 X92.873 Y144.362 E.01385
G1 X92.96 Y143.905 E.01386
G1 X93.091 Y143.459 E.01386
G1 X93.267 Y143.028 E.01386
G1 X93.484 Y142.616 E.01387
G1 X93.74 Y142.229 E.01382
G1 X94.018 Y141.887 E.01313
G1 X94.342 Y141.559 E.01373
G1 X94.699 Y141.262 E.01384
G1 X95.087 Y141.001 E.01393
G1 X95.443 Y140.806 E.01209
G1 X95.86 Y140.627 E.01353
G1 X96.301 Y140.486 E.01378
G1 X96.755 Y140.389 E.01383
G1 X97.202 Y140.34 E.0134
G1 X98.259 Y140.392 E.03151
G1 X98.65 Y140.473 E.01189
G1 X99.002 Y140.578 E.01096
G1 X99.431 Y140.748 E.01373
G1 X99.844 Y140.961 E.01385
G1 X100.234 Y141.214 E.01386
G1 X100.598 Y141.505 E.01386
G1 X100.93 Y141.83 E.01386
G1 X101.228 Y142.187 E.01386
G1 X101.49 Y142.572 E.01386
G1 X101.712 Y142.982 E.01386
G1 X101.892 Y143.412 E.01391
G1 X102.015 Y143.803 E.0122
G1 X102.11 Y144.251 E.01365
G1 X102.139 Y144.516 E.00792
SET_VELOCITY_LIMIT ACCEL=5000 ACCEL_TO_DECEL=2500 SQUARE_CORNER_VELOCITY=9
G1 X101.766 Y144.556 F21000
SET_VELOCITY_LIMIT ACCEL=1000 ACCEL_TO_DECEL=500 SQUARE_CORNER_VELOCITY=7
G1 F4800
G1 X101.787 Y144.758 E.00607
G1 X101.79 Y145.186 E.01275
G1 X101.75 Y145.612 E.01273
G1 X101.67 Y146.025 E.01256
G1 X101.547 Y146.434 E.01272
G1 X101.384 Y146.83 E.01274
G1 X101.182 Y147.209 E.0128
G1 X100.978 Y147.519 E.01106
G1 X100.715 Y147.847 E.01251
G1 X100.416 Y148.152 E.01272
G1 X100.088 Y148.426 E.01275
G1 X99.734 Y148.667 E.01275
G1 X99.358 Y148.871 E.01275
G1 X98.963 Y149.037 E.01277
G1 X98.577 Y149.157 E.01204
G1 X98.162 Y149.243 E.0126
G1 X97.748 Y149.286 E.01241
G1 X96.829 Y149.241 E.0274
G1 X96.467 Y149.168 E.01102
G1 X96.104 Y149.061 E.01126
G1 X95.709 Y148.903 E.01268
G1 X95.329 Y148.705 E.01275
G1 X94.971 Y148.47 E.01275
G1 X94.639 Y148.202 E.01275
G1 X94.334 Y147.901 E.01275
G1 X94.061 Y147.571 E.01276
G1 X93.825 Y147.221 E.01257
G1 X93.622 Y146.844 E.01275
G1 X93.458 Y146.449 E.01274
G1 X93.334 Y146.039 E.01277
G1 X93.258 Y145.669 E.01124
G1 X93.213 Y145.246 E.01268
G1 X93.21 Y144.818 E.01275
G1 X93.249 Y144.392 E.01273
G1 X93.331 Y143.972 E.01274
G1 X93.454 Y143.562 E.01275
G1 X93.617 Y143.167 E.01275
G1 X93.819 Y142.789 E.01275
G1 X94.056 Y142.435 E.0127
G1 X94.313 Y142.122 E.01205
G1 X94.612 Y141.822 E.01264
G1 X94.943 Y141.551 E.01273
G1 X95.3 Y141.312 E.0128
G1 X95.627 Y141.136 E.01106
G1 X96.012 Y140.972 E.01248
G1 X96.419 Y140.844 E.01269
G1 X96.837 Y140.758 E.01271
G1 X97.25 Y140.714 E.01239
G1 X98.176 Y140.76 E.0276
G1 X98.538 Y140.833 E.01101
G1 X98.9 Y140.941 E.01125
G1 X99.295 Y141.099 E.01267
G1 X99.674 Y141.297 E.01274
G1 X100.032 Y141.532 E.01274
G1 X100.364 Y141.801 E.01274
G1 X100.668 Y142.102 E.01274
G1 X100.941 Y142.431 E.01274
G1 X101.18 Y142.787 E.01275
G1 X101.382 Y143.164 E.01275
G1 X101.546 Y143.561 E.01278
G1 X101.656 Y143.919 E.01116
G1 X101.742 Y144.333 E.0126
G1 X101.761 Y144.516 E.00548
SET_VELOCITY_LIMIT ACCEL=5000 ACCEL_TO_DECEL=2500 SQUARE_CORNER_VELOCITY=9
G1 X101.387 Y144.554 F21000
SET_VELOCITY_LIMIT ACCEL=1000 ACCEL_TO_DECEL=500 SQUARE_CORNER_VELOCITY=7
G1 F4800
G1 X101.412 Y144.801 E.00741
G1 X101.413 Y145.191 E.01163
G1 X101.374 Y145.579 E.01161
G1 X101.299 Y145.956 E.01145
G1 X101.185 Y146.329 E.01161
G1 X101.035 Y146.689 E.01163
G1 X100.848 Y147.034 E.01167
G1 X100.662 Y147.314 E.01003
G1 X100.419 Y147.613 E.01146
G1 X100.145 Y147.89 E.01162
G1 X99.844 Y148.139 E.01163
G1 X99.52 Y148.357 E.01163
G1 X99.175 Y148.541 E.01163
G1 X98.814 Y148.691 E.01165
G1 X98.462 Y148.798 E.01096
G1 X98.083 Y148.874 E.01152
G1 X97.702 Y148.912 E.0114
G1 X96.912 Y148.873 E.02357
G1 X96.536 Y148.797 E.01142
G1 X96.208 Y148.698 E.0102
G1 X95.846 Y148.551 E.01164
G1 X95.501 Y148.369 E.01163
G1 X95.176 Y148.153 E.01163
G1 X94.873 Y147.906 E.01163
G1 X94.597 Y147.631 E.01163
G1 X94.349 Y147.328 E.01164
G1 X94.136 Y147.008 E.01146
G1 X93.953 Y146.663 E.01164
G1 X93.805 Y146.302 E.01163
G1 X93.694 Y145.927 E.01164
G1 X93.627 Y145.591 E.0102
G1 X93.588 Y145.203 E.01164
G1 X93.587 Y144.812 E.01163
G1 X93.625 Y144.424 E.01162
G1 X93.702 Y144.041 E.01163
G1 X93.816 Y143.668 E.01163
G1 X93.967 Y143.308 E.01163
G1 X94.153 Y142.965 E.01163
G1 X94.371 Y142.643 E.01158
G1 X94.606 Y142.359 E.01097
G1 X94.882 Y142.086 E.01156
G1 X95.184 Y141.84 E.01162
G1 X95.511 Y141.625 E.01167
G1 X95.809 Y141.466 E.01003
G1 X96.163 Y141.318 E.01144
G1 X96.535 Y141.203 E.01159
G1 X96.916 Y141.126 E.0116
G1 X97.296 Y141.088 E.01137
G1 X98.093 Y141.128 E.02376
G1 X98.468 Y141.204 E.01141
G1 X98.796 Y141.303 E.01019
G1 X99.157 Y141.45 E.01163
G1 X99.502 Y141.633 E.01163
G1 X99.827 Y141.849 E.01162
G1 X100.129 Y142.096 E.01162
G1 X100.405 Y142.372 E.01163
G1 X100.652 Y142.674 E.01162
G1 X100.868 Y142.999 E.01163
G1 X101.051 Y143.345 E.01163
G1 X101.198 Y143.707 E.01165
G1 X101.296 Y144.032 E.01012
G1 X101.373 Y144.412 E.01155
G1 X101.383 Y144.514 E.00303
SET_VELOCITY_LIMIT ACCEL=5000 ACCEL_TO_DECEL=2500 SQUARE_CORNER_VELOCITY=9
G1 X101.01 Y144.549 F21000
SET_VELOCITY_LIMIT ACCEL=1000 ACCEL_TO_DECEL=500 SQUARE_CORNER_VELOCITY=7
G1 F4800
G1 X101.038 Y144.842 E.00875
G1 X101.036 Y145.194 E.01051
G1 X100.999 Y145.545 E.01049
G1 X100.929 Y145.885 E.01034
G1 X100.824 Y146.221 E.0105
G1 X100.686 Y146.546 E.01051
G1 X100.516 Y146.856 E.01054
G1 X100.346 Y147.107 E.009
G1 X100.124 Y147.377 E.01043
G1 X99.875 Y147.627 E.01051
G1 X99.601 Y147.85 E.01051
G1 X99.307 Y148.045 E.01051
G1 X98.995 Y148.21 E.01051
G1 X98.668 Y148.343 E.01052
G1 X98.35 Y148.438 E.00988
G1 X98.006 Y148.505 E.01043
G1 X97.659 Y148.537 E.01037
G1 X96.992 Y148.504 E.01991
G1 X96.65 Y148.438 E.01038
G1 X96.312 Y148.336 E.01052
G1 X95.986 Y148.201 E.01051
G1 X95.675 Y148.034 E.01051
G1 X95.382 Y147.838 E.01051
G1 X95.11 Y147.613 E.01051
G1 X94.862 Y147.362 E.01051
G1 X94.639 Y147.087 E.01052
G1 X94.47 Y146.833 E.00908
G1 X94.303 Y146.522 E.01052
G1 X94.167 Y146.197 E.01051
G1 X94.065 Y145.859 E.01051
G1 X93.996 Y145.513 E.01051
G1 X93.963 Y145.162 E.01051
G1 X93.964 Y144.809 E.01051
G1 X94.001 Y144.458 E.0105
G1 X94.072 Y144.113 E.01051
G1 X94.177 Y143.776 E.01051
G1 X94.316 Y143.451 E.01051
G1 X94.486 Y143.142 E.01051
G1 X94.685 Y142.852 E.01047
G1 X94.898 Y142.598 E.00988
G1 X95.149 Y142.352 E.01048
G1 X95.424 Y142.131 E.01051
G1 X95.721 Y141.938 E.01054
G1 X95.988 Y141.798 E.009
G1 X96.311 Y141.664 E.0104
G1 X96.648 Y141.563 E.01049
G1 X96.993 Y141.495 E.01048
G1 X97.339 Y141.463 E.01034
G1 X98.012 Y141.496 E.02008
G1 X98.354 Y141.563 E.01037
G1 X98.692 Y141.665 E.01051
G1 X99.018 Y141.801 E.01051
G1 X99.328 Y141.967 E.01051
G1 X99.621 Y142.164 E.01051
G1 X99.893 Y142.389 E.01051
G1 X100.14 Y142.64 E.01051
G1 X100.362 Y142.915 E.01051
G1 X100.555 Y143.21 E.01051
G1 X100.718 Y143.523 E.01051
G1 X100.85 Y143.851 E.01052
G1 X100.936 Y144.144 E.00908
G1 X101.004 Y144.49 E.01052
G1 X101.006 Y144.509 E.00057
SET_VELOCITY_LIMIT ACCEL=5000 ACCEL_TO_DECEL=2500 SQUARE_CORNER_VELOCITY=9
G1 X100.635 Y144.565 F21000
SET_VELOCITY_LIMIT ACCEL=1000 ACCEL_TO_DECEL=500 SQUARE_CORNER_VELOCITY=7
G1 F4800
G1 X100.662 Y144.88 E.0094
G1 X100.659 Y145.195 E.00939
G1 X100.624 Y145.508 E.00938
G1 X100.559 Y145.811 E.00923
G1 X100.463 Y146.111 E.0094
G1 X100.338 Y146.401 E.00939
G1 X100.184 Y146.677 E.00941
G1 X100.033 Y146.897 E.00797
G1 X99.831 Y147.14 E.00941
G1 X99.606 Y147.362 E.0094
G1 X99.361 Y147.56 E.0094
G1 X99.097 Y147.732 E.0094
G1 X98.817 Y147.878 E.0094
G1 X98.524 Y147.995 E.0094
G1 X98.24 Y148.077 E.0088
G1 X97.932 Y148.135 E.00935
G1 X97.619 Y148.162 E.00933
G1 X97.069 Y148.135 E.01642
G1 X96.761 Y148.077 E.00933
G1 X96.458 Y147.988 E.0094
G1 X96.166 Y147.87 E.0094
G1 X95.887 Y147.723 E.00939
G1 X95.624 Y147.549 E.00939
G1 X95.38 Y147.349 E.00939
G1 X95.156 Y147.127 E.00939
G1 X94.956 Y146.883 E.00939
G1 X94.781 Y146.62 E.00939
G1 X94.634 Y146.342 E.00939
G1 X94.514 Y146.05 E.00939
G1 X94.425 Y145.747 E.00939
G1 X94.366 Y145.437 E.00939
G1 X94.338 Y145.123 E.00939
G1 X94.341 Y144.808 E.0094
G1 X94.376 Y144.495 E.00938
G1 X94.442 Y144.186 E.00939
G1 X94.538 Y143.886 E.00939
G1 X94.663 Y143.597 E.00939
G1 X94.817 Y143.321 E.00939
G1 X94.997 Y143.064 E.00935
G1 X95.188 Y142.839 E.0088
G1 X95.415 Y142.619 E.0094
G1 X95.662 Y142.424 E.00939
G1 X95.928 Y142.253 E.00941
G1 X96.165 Y142.13 E.00797
G1 X96.457 Y142.012 E.00938
G1 X96.759 Y141.923 E.00937
G1 X97.068 Y141.865 E.00937
G1 X97.379 Y141.838 E.00931
G1 X97.935 Y141.865 E.01657
G1 X98.243 Y141.924 E.00933
G1 X98.545 Y142.013 E.00939
G1 X98.837 Y142.132 E.00939
G1 X99.116 Y142.279 E.00939
G1 X99.379 Y142.453 E.00939
G1 X99.623 Y142.653 E.00939
G1 X99.846 Y142.876 E.00939
G1 X100.045 Y143.119 E.00939
G1 X100.22 Y143.382 E.0094
G1 X100.367 Y143.661 E.00939
G1 X100.487 Y143.953 E.0094
G1 X100.576 Y144.255 E.0094
G1 X100.627 Y144.526 E.0082
SET_VELOCITY_LIMIT ACCEL=5000 ACCEL_TO_DECEL=2500 SQUARE_CORNER_VELOCITY=9
G1 X100.259 Y144.596 F21000
SET_VELOCITY_LIMIT ACCEL=1000 ACCEL_TO_DECEL=500 SQUARE_CORNER_VELOCITY=7
G1 F4800
G1 X100.285 Y144.873 E.00828
G1 X100.284 Y145.151 E.00828
G1 X100.255 Y145.427 E.00827
G1 X100.2 Y145.694 E.00812
G1 X100.118 Y145.96 E.00828
G1 X100.009 Y146.216 E.00828
G1 X99.876 Y146.459 E.00828
G1 X99.719 Y146.689 E.00828
G1 X99.54 Y146.901 E.00828
G1 X99.34 Y147.095 E.00828
G1 X99.123 Y147.267 E.00828
G1 X98.889 Y147.418 E.00828
G1 X98.641 Y147.544 E.00828
G1 X98.382 Y147.645 E.00828
G1 X98.133 Y147.715 E.00772
G1 X97.86 Y147.765 E.00828
G1 X97.583 Y147.787 E.00828
G1 X97.142 Y147.765 E.01313
G1 X96.869 Y147.716 E.00828
G1 X96.602 Y147.64 E.00828
G1 X96.343 Y147.537 E.00828
G1 X96.097 Y147.409 E.00827
G1 X95.864 Y147.258 E.00828
G1 X95.647 Y147.084 E.00828
G1 X95.449 Y146.889 E.00828
G1 X95.271 Y146.675 E.00828
G1 X95.116 Y146.445 E.00828
G1 X94.984 Y146.201 E.00828
G1 X94.877 Y145.944 E.00828
G1 X94.796 Y145.679 E.00828
G1 X94.741 Y145.406 E.00828
G1 X94.715 Y145.129 E.00828
G1 X94.716 Y144.851 E.00828
G1 X94.744 Y144.575 E.00827
G1 X94.8 Y144.303 E.00828
G1 X94.883 Y144.038 E.00828
G1 X94.992 Y143.782 E.00828
G1 X95.125 Y143.539 E.00828
G1 X95.283 Y143.31 E.00828
G1 X95.449 Y143.111 E.00772
G1 X95.647 Y142.916 E.00828
G1 X95.864 Y142.742 E.00828
G1 X96.097 Y142.591 E.00828
G1 X96.343 Y142.463 E.00828
G1 X96.601 Y142.361 E.00825
G1 X96.867 Y142.284 E.00826
G1 X97.14 Y142.235 E.00825
G1 X97.416 Y142.213 E.00825
G1 X97.861 Y142.235 E.01326
G1 X98.134 Y142.285 E.00827
G1 X98.401 Y142.361 E.00827
M73 P5 R12
G1 X98.659 Y142.464 E.00827
G1 X98.906 Y142.592 E.00827
G1 X99.138 Y142.744 E.00827
G1 X99.355 Y142.918 E.00827
G1 X99.553 Y143.113 E.00827
G1 X99.73 Y143.326 E.00827
G1 X99.886 Y143.557 E.00828
G1 X100.018 Y143.801 E.00828
G1 X100.124 Y144.058 E.00828
G1 X100.205 Y144.324 E.00828
G1 X100.251 Y144.557 E.00709
SET_VELOCITY_LIMIT ACCEL=5000 ACCEL_TO_DECEL=2500 SQUARE_CORNER_VELOCITY=9
G1 E-.68 F3600
;WIPE_START
G1 F4800
G1 X100.285 Y144.873 E-.03813
G1 X100.284 Y145.151 E-.03335
G1 X100.255 Y145.427 E-.03333
G1 X100.23 Y145.551 E-.0152
;WIPE_END
G1 X99.924 Y137.925 Z.6 F21000
G1 X97.921 Y87.923 Z.6
G1 Z.2
G1 E.8 F2700
SET_VELOCITY_LIMIT ACCEL=1000 ACCEL_TO_DECEL=500 SQUARE_CORNER_VELOCITY=7
G1 F4800
G1 X97.219 Y87.93 E.02091
G1 X96.533 Y87.868 E.02054
G1 X95.856 Y87.738 E.02054
G1 X95.195 Y87.541 E.02054
G1 X94.557 Y87.28 E.02053
G1 X93.946 Y86.956 E.0206
G1 X93.371 Y86.573 E.02059
G1 X92.837 Y86.134 E.02057
G1 X92.349 Y85.644 E.0206
G1 X91.912 Y85.109 E.02058
G1 X91.531 Y84.532 E.02059
G1 X91.209 Y83.92 E.02059
G1 X90.95 Y83.28 E.02058
G1 X90.755 Y82.617 E.02059
G1 X90.628 Y81.936 E.02063
G1 X90.58 Y81.47 E.01396
G1 X90.568 Y80.776 E.02066
G1 X90.61 Y80.202 E.01715
G1 X90.724 Y79.519 E.02062
G1 X90.905 Y78.852 E.02059
G1 X91.152 Y78.207 E.02059
G1 X91.461 Y77.589 E.02059
G1 X91.831 Y77.004 E.02059
G1 X92.257 Y76.46 E.02058
G1 X92.735 Y75.961 E.0206
G1 X93.26 Y75.512 E.02058
G1 X93.827 Y75.117 E.02059
G1 X94.431 Y74.78 E.02059
G1 X95.065 Y74.506 E.02059
G1 X95.724 Y74.296 E.02059
G1 X96.4 Y74.152 E.0206
G1 X97.087 Y74.077 E.02059
G1 X97.778 Y74.07 E.02058
G1 X98.467 Y74.132 E.02059
G1 X99.146 Y74.263 E.0206
G1 X99.808 Y74.46 E.02059
G1 X100.449 Y74.723 E.02063
G1 X100.867 Y74.936 E.01397
G1 X101.455 Y75.302 E.02063
G1 X102.002 Y75.724 E.02059
G1 X102.505 Y76.199 E.02059
G1 X102.958 Y76.721 E.02059
G1 X103.357 Y77.285 E.02059
G1 X103.698 Y77.887 E.02059
G1 X103.977 Y78.519 E.02059
G1 X104.192 Y79.176 E.02059
G1 X104.34 Y79.852 E.02059
G1 X104.42 Y80.538 E.02059
G1 X104.432 Y81.229 E.02059
G1 X104.375 Y81.918 E.02059
G1 X104.249 Y82.598 E.02059
G1 X104.056 Y83.262 E.02059
G1 X103.799 Y83.903 E.02059
G1 X103.479 Y84.516 E.02059
G1 X103.099 Y85.093 E.02059
G1 X102.664 Y85.63 E.02057
G1 X102.177 Y86.121 E.02059
G1 X101.645 Y86.561 E.02057
G1 X101.071 Y86.946 E.02058
G1 X100.462 Y87.272 E.02059
G1 X99.823 Y87.535 E.02057
G1 X99.161 Y87.734 E.0206
G1 X98.601 Y87.848 E.01702
G1 X97.961 Y87.918 E.01917
SET_VELOCITY_LIMIT ACCEL=5000 ACCEL_TO_DECEL=2500 SQUARE_CORNER_VELOCITY=9
G1 X97.92 Y87.543 F21000
SET_VELOCITY_LIMIT ACCEL=1000 ACCEL_TO_DECEL=500 SQUARE_CORNER_VELOCITY=7
G1 F4800
G1 X97.893 Y87.546 E.00081
G1 X97.229 Y87.552 E.01978
G1 X96.58 Y87.493 E.01941
G1 X95.94 Y87.369 E.01942
G1 X95.315 Y87.183 E.01942
G1 X94.712 Y86.936 E.01941
G1 X94.135 Y86.629 E.01948
G1 X93.6 Y86.272 E.01913
G1 X93.095 Y85.858 E.01945
G1 X92.633 Y85.395 E.01948
G1 X92.22 Y84.889 E.01946
G1 X91.859 Y84.345 E.01947
G1 X91.554 Y83.766 E.01947
G1 X91.309 Y83.161 E.01946
G1 X91.124 Y82.534 E.01947
G1 X91.002 Y81.887 E.01963
G1 X90.957 Y81.442 E.0133
G1 X90.946 Y80.782 E.01968
G1 X90.986 Y80.242 E.01612
G1 X91.095 Y79.594 E.01955
G1 X91.266 Y78.964 E.01947
G1 X91.5 Y78.354 E.01946
G1 X91.793 Y77.769 E.01947
G1 X92.143 Y77.218 E.01947
G1 X92.546 Y76.703 E.01946
G1 X92.999 Y76.231 E.01948
G1 X93.495 Y75.807 E.01945
G1 X94.032 Y75.434 E.01947
G1 X94.603 Y75.117 E.01947
G1 X95.203 Y74.858 E.01946
G1 X95.826 Y74.659 E.01947
G1 X96.466 Y74.524 E.01947
G1 X97.116 Y74.453 E.01947
G1 X97.769 Y74.448 E.01946
G1 X98.42 Y74.507 E.01947
G1 X99.062 Y74.631 E.01948
G1 X99.688 Y74.818 E.01947
G1 X100.287 Y75.064 E.01929
G1 X100.685 Y75.267 E.01331
G1 X101.244 Y75.616 E.01963
G1 X101.761 Y76.015 E.01947
G1 X102.236 Y76.464 E.01947
G1 X102.664 Y76.958 E.01947
G1 X103.041 Y77.493 E.01947
G1 X103.363 Y78.062 E.01947
G1 X103.626 Y78.66 E.01947
G1 X103.829 Y79.281 E.01947
G1 X103.968 Y79.92 E.01947
G1 X104.044 Y80.569 E.01947
G1 X104.054 Y81.222 E.01947
G1 X103.999 Y81.874 E.01947
G1 X103.883 Y82.505 E.01913
G1 X103.701 Y83.133 E.01947
G1 X103.458 Y83.74 E.01947
G1 X103.156 Y84.319 E.01947
G1 X102.797 Y84.866 E.01947
G1 X102.386 Y85.374 E.01945
G1 X101.927 Y85.838 E.01947
G1 X101.424 Y86.254 E.01945
G1 X100.881 Y86.619 E.01946
G1 X100.305 Y86.927 E.01947
G1 X99.702 Y87.177 E.01945
G1 X99.074 Y87.366 E.01954
G1 X98.537 Y87.475 E.01631
G1 X97.96 Y87.539 E.0173
SET_VELOCITY_LIMIT ACCEL=5000 ACCEL_TO_DECEL=2500 SQUARE_CORNER_VELOCITY=9
G1 X97.919 Y87.163 F21000
SET_VELOCITY_LIMIT ACCEL=1000 ACCEL_TO_DECEL=500 SQUARE_CORNER_VELOCITY=7
G1 F4800
G1 X97.865 Y87.169 E.00162
G1 X97.239 Y87.174 E.01866
G1 X96.627 Y87.118 E.01828
G1 X96.024 Y87.001 E.0183
G1 X95.436 Y86.825 E.0183
G1 X94.878 Y86.596 E.01796
G1 X94.333 Y86.307 E.01836
G1 X93.83 Y85.972 E.01802
G1 X93.353 Y85.582 E.01834
G1 X92.918 Y85.146 E.01836
G1 X92.528 Y84.67 E.01834
G1 X92.187 Y84.157 E.01834
G1 X91.899 Y83.612 E.01835
G1 X91.667 Y83.042 E.01834
G1 X91.493 Y82.451 E.01834
G1 X91.377 Y81.837 E.01861
G1 X91.334 Y81.415 E.01264
G1 X91.323 Y80.787 E.0187
G1 X91.362 Y80.282 E.01509
G1 X91.465 Y79.67 E.01849
G1 X91.627 Y79.076 E.01834
G1 X91.848 Y78.501 E.01834
G1 X92.125 Y77.951 E.01835
G1 X92.455 Y77.431 E.01834
G1 X92.835 Y76.947 E.01834
G1 X93.262 Y76.502 E.01836
G1 X93.73 Y76.103 E.01833
G1 X94.237 Y75.752 E.01835
G1 X94.775 Y75.453 E.01835
G1 X95.341 Y75.209 E.01834
G1 X95.928 Y75.023 E.01835
G1 X96.531 Y74.896 E.01835
G1 X97.143 Y74.83 E.01835
G1 X97.759 Y74.825 E.01834
G1 X98.361 Y74.88 E.01801
G1 X98.966 Y74.996 E.01835
G1 X99.557 Y75.172 E.01835
G1 X100.125 Y75.405 E.01829
G1 X100.503 Y75.598 E.01265
G1 X101.033 Y75.929 E.01862
G1 X101.52 Y76.306 E.01835
G1 X101.967 Y76.73 E.01835
G1 X102.37 Y77.196 E.01835
G1 X102.725 Y77.699 E.01834
G1 X103.027 Y78.236 E.01835
G1 X103.275 Y78.8 E.01835
G1 X103.465 Y79.386 E.01835
G1 X103.596 Y79.987 E.01835
G1 X103.667 Y80.599 E.01835
G1 X103.676 Y81.215 E.01835
G1 X103.624 Y81.829 E.01835
G1 X103.514 Y82.424 E.01802
G1 X103.342 Y83.016 E.01835
G1 X103.112 Y83.587 E.01835
G1 X102.827 Y84.133 E.01835
G1 X102.495 Y84.639 E.01801
G1 X102.109 Y85.117 E.01833
G1 X101.676 Y85.556 E.01835
G1 X101.202 Y85.948 E.01833
G1 X100.691 Y86.292 E.01834
G1 X100.149 Y86.584 E.01835
G1 X99.58 Y86.819 E.01833
G1 X98.986 Y86.999 E.01848
G1 X98.474 Y87.103 E.01559
G1 X97.959 Y87.159 E.01543
SET_VELOCITY_LIMIT ACCEL=5000 ACCEL_TO_DECEL=2500 SQUARE_CORNER_VELOCITY=9
G1 X97.918 Y86.784 F21000
SET_VELOCITY_LIMIT ACCEL=1000 ACCEL_TO_DECEL=500 SQUARE_CORNER_VELOCITY=7
G1 F4800
G1 X97.837 Y86.792 E.00243
G1 X97.249 Y86.797 E.01753
G1 X96.675 Y86.743 E.01716
G1 X96.109 Y86.633 E.01719
G1 X95.556 Y86.467 E.01718
G1 X95.033 Y86.252 E.01685
G1 X94.522 Y85.98 E.01725
G1 X94.05 Y85.665 E.01691
G1 X93.611 Y85.306 E.01689
G1 X93.201 Y84.897 E.01724
G1 X92.835 Y84.45 E.01722
G1 X92.515 Y83.969 E.01722
G1 X92.244 Y83.458 E.01722
G1 X92.026 Y82.922 E.01722
G1 X91.861 Y82.368 E.01722
G1 X91.751 Y81.788 E.01759
G1 X91.71 Y81.388 E.01196
G1 X91.701 Y80.793 E.01772
G1 X91.737 Y80.323 E.01406
G1 X91.835 Y79.746 E.01743
G1 X91.988 Y79.188 E.01722
G1 X92.196 Y78.649 E.01722
G1 X92.456 Y78.132 E.01722
G1 X92.767 Y77.644 E.01722
G1 X93.124 Y77.19 E.01722
G1 X93.525 Y76.773 E.01724
G1 X93.965 Y76.399 E.01721
G1 X94.441 Y76.07 E.01722
G1 X94.947 Y75.79 E.01723
G1 X95.478 Y75.562 E.01722
G1 X96.03 Y75.387 E.01723
G1 X96.596 Y75.269 E.01723
G1 X97.171 Y75.207 E.01722
G1 X97.749 Y75.203 E.01722
G1 X98.314 Y75.255 E.0169
G1 X98.882 Y75.365 E.01724
G1 X99.436 Y75.531 E.01723
G1 X99.963 Y75.746 E.01695
G1 X100.321 Y75.929 E.01198
G1 X100.822 Y76.243 E.0176
G1 X101.279 Y76.597 E.01722
G1 X101.698 Y76.995 E.01723
G1 X102.076 Y77.433 E.01723
G1 X102.408 Y77.906 E.01722
G1 X102.692 Y78.41 E.01722
G1 X102.924 Y78.94 E.01723
G1 X103.102 Y79.49 E.01723
G1 X103.225 Y80.055 E.01723
G1 X103.29 Y80.629 E.01722
G1 X103.298 Y81.208 E.01723
G1 X103.249 Y81.784 E.01723
G1 X103.145 Y82.342 E.01691
G1 X102.987 Y82.887 E.0169
G1 X102.772 Y83.424 E.01722
G1 X102.504 Y83.937 E.01723
G1 X102.193 Y84.411 E.0169
G1 X101.831 Y84.861 E.01721
G1 X101.425 Y85.273 E.01723
G1 X100.98 Y85.642 E.01721
G1 X100.501 Y85.966 E.01722
G1 X99.992 Y86.24 E.01723
G1 X99.458 Y86.462 E.01721
G1 X98.899 Y86.631 E.01741
G1 X98.411 Y86.731 E.01485
G1 X97.958 Y86.779 E.01356
SET_VELOCITY_LIMIT ACCEL=5000 ACCEL_TO_DECEL=2500 SQUARE_CORNER_VELOCITY=9
G1 X97.918 Y86.404 F21000
SET_VELOCITY_LIMIT ACCEL=1000 ACCEL_TO_DECEL=500 SQUARE_CORNER_VELOCITY=7
G1 F4800
G1 X97.81 Y86.415 E.00324
G1 X97.259 Y86.419 E.01641
G1 X96.723 Y86.368 E.01603
G1 X96.205 Y86.267 E.01573
G1 X95.688 Y86.113 E.01607
G1 X95.199 Y85.912 E.01574
G1 X94.721 Y85.658 E.01614
G1 X94.279 Y85.364 E.0158
G1 X93.869 Y85.029 E.01578
G1 X93.485 Y84.647 E.01612
G1 X93.142 Y84.23 E.0161
G1 X92.842 Y83.78 E.0161
G1 X92.589 Y83.303 E.0161
G1 X92.384 Y82.803 E.0161
G1 X92.23 Y82.284 E.0161
G1 X92.125 Y81.738 E.01657
G1 X92.087 Y81.361 E.01128
G1 X92.079 Y80.8 E.01673
G1 X92.113 Y80.364 E.01303
G1 X92.205 Y79.822 E.01637
G1 X92.349 Y79.301 E.0161
G1 X92.543 Y78.797 E.0161
G1 X92.787 Y78.314 E.0161
G1 X93.078 Y77.858 E.0161
G1 X93.413 Y77.434 E.0161
G1 X93.788 Y77.045 E.01611
G1 X94.2 Y76.695 E.01609
G1 X94.645 Y76.388 E.0161
G1 X95.118 Y76.127 E.01611
G1 X95.615 Y75.914 E.0161
G1 X96.131 Y75.751 E.01611
G1 X96.66 Y75.641 E.01611
G1 X97.198 Y75.584 E.0161
G1 X97.738 Y75.581 E.0161
G1 X98.266 Y75.63 E.01579
G1 X98.798 Y75.733 E.01612
G1 X99.305 Y75.885 E.01579
G1 X99.801 Y76.087 E.01594
G1 X100.139 Y76.26 E.0113
G1 X100.61 Y76.556 E.01657
G1 X101.037 Y76.887 E.0161
G1 X101.429 Y77.26 E.01611
G1 X101.782 Y77.67 E.0161
G1 X102.092 Y78.112 E.0161
G1 X102.356 Y78.584 E.0161
G1 X102.573 Y79.079 E.0161
G1 X102.739 Y79.594 E.0161
G1 X102.853 Y80.122 E.0161
G1 X102.914 Y80.659 E.0161
G1 X102.921 Y81.2 E.0161
G1 X102.874 Y81.739 E.01611
G1 X102.776 Y82.26 E.0158
G1 X102.628 Y82.769 E.0158
G1 X102.426 Y83.271 E.01611
G1 X102.175 Y83.75 E.01611
G1 X101.885 Y84.194 E.01579
G1 X101.545 Y84.614 E.0161
G1 X101.173 Y84.991 E.01577
G1 X100.758 Y85.337 E.01608
G1 X100.311 Y85.639 E.0161
G1 X99.835 Y85.896 E.01611
G1 X99.336 Y86.104 E.01609
G1 X98.812 Y86.264 E.01633
G1 X98.347 Y86.358 E.01412
G1 X97.958 Y86.4 E.01167
SET_VELOCITY_LIMIT ACCEL=5000 ACCEL_TO_DECEL=2500 SQUARE_CORNER_VELOCITY=9
G1 X97.918 Y86.024 F21000
SET_VELOCITY_LIMIT ACCEL=1000 ACCEL_TO_DECEL=500 SQUARE_CORNER_VELOCITY=7
G1 F4800
G1 X97.783 Y86.038 E.00405
G1 X97.27 Y86.041 E.01528
G1 X96.772 Y85.994 E.01491
G1 X96.29 Y85.899 E.01462
G1 X95.809 Y85.755 E.01496
G1 X95.355 Y85.568 E.01463
G1 X94.919 Y85.336 E.0147
G1 X94.508 Y85.064 E.0147
G1 X94.126 Y84.753 E.01467
G1 X93.769 Y84.398 E.015
G1 X93.449 Y84.009 E.01498
G1 X93.17 Y83.591 E.01498
G1 X92.933 Y83.147 E.01498
G1 X92.742 Y82.682 E.01498
G1 X92.598 Y82.2 E.01498
G1 X92.5 Y81.688 E.01554
G1 X92.464 Y81.334 E.0106
G1 X92.456 Y80.806 E.01573
G1 X92.488 Y80.405 E.012
G1 X92.575 Y79.898 E.01531
G1 X92.709 Y79.414 E.01498
G1 X92.891 Y78.945 E.01498
G1 X93.118 Y78.496 E.01498
G1 X93.389 Y78.073 E.01498
G1 X93.701 Y77.678 E.01497
G1 X94.051 Y77.316 E.01499
G1 X94.434 Y76.991 E.01497
G1 X94.849 Y76.706 E.01498
G1 X95.289 Y76.464 E.01499
G1 X95.752 Y76.266 E.01498
G1 X96.232 Y76.116 E.01498
G1 X96.724 Y76.013 E.01499
G1 X97.225 Y75.961 E.01498
G1 X97.728 Y75.959 E.01499
G1 X98.218 Y76.005 E.01468
G1 X98.702 Y76.099 E.01468
G1 X99.175 Y76.239 E.01469
G1 X99.639 Y76.428 E.01493
G1 X99.956 Y76.591 E.01062
G1 X100.398 Y76.869 E.01554
G1 X100.795 Y77.177 E.01498
G1 X101.159 Y77.524 E.01498
G1 X101.487 Y77.906 E.01498
G1 X101.775 Y78.318 E.01498
G1 X102.021 Y78.757 E.01498
G1 X102.221 Y79.218 E.01498
G1 X102.375 Y79.697 E.01498
G1 X102.481 Y80.189 E.01498
G1 X102.537 Y80.689 E.01498
G1 X102.543 Y81.192 E.01498
G1 X102.5 Y81.682 E.01466
G1 X102.41 Y82.167 E.01469
G1 X102.272 Y82.641 E.01469
G1 X102.085 Y83.108 E.01499
G1 X101.852 Y83.554 E.015
G1 X101.583 Y83.967 E.01468
G1 X101.267 Y84.358 E.01499
G1 X100.922 Y84.709 E.01466
G1 X100.536 Y85.031 E.01497
G1 X100.12 Y85.313 E.01497
G1 X99.677 Y85.553 E.01498
G1 X99.214 Y85.747 E.01497
G1 X98.724 Y85.896 E.01524
G1 X98.284 Y85.986 E.01337
G1 X97.958 Y86.02 E.00977
SET_VELOCITY_LIMIT ACCEL=5000 ACCEL_TO_DECEL=2500 SQUARE_CORNER_VELOCITY=9
G1 X97.916 Y85.647 F21000
SET_VELOCITY_LIMIT ACCEL=1000 ACCEL_TO_DECEL=500 SQUARE_CORNER_VELOCITY=7
G1 F4800
G1 X97.799 Y85.66 E.00353
G1 X96.743 Y85.608 E.03148
G1 X96.353 Y85.528 E.01186
G1 X96.001 Y85.424 E.01093
G1 X95.573 Y85.254 E.0137
G1 X95.16 Y85.042 E.01385
G1 X94.769 Y84.789 E.01386
G1 X94.406 Y84.498 E.01386
G1 X94.073 Y84.173 E.01386
G1 X93.774 Y83.816 E.01386
G1 X93.512 Y83.431 E.01386
G1 X93.29 Y83.022 E.01386
G1 X93.11 Y82.593 E.01386
G1 X92.973 Y82.147 E.0139
G1 X92.882 Y81.701 E.01356
G1 X92.836 Y81.243 E.0137
G1 X92.835 Y80.778 E.01386
G1 X92.88 Y80.315 E.01386
G1 X92.96 Y79.905 E.01243
G1 X93.091 Y79.459 E.01387
G1 X93.267 Y79.026 E.01392
G1 X93.477 Y78.626 E.01345
G1 X93.729 Y78.245 E.0136
G1 X94.021 Y77.884 E.01384
G1 X94.348 Y77.553 E.01387
G1 X94.707 Y77.257 E.01386
G1 X95.094 Y76.997 E.01386
G1 X95.504 Y76.778 E.01386
G1 X95.933 Y76.6 E.01385
G1 X96.355 Y76.472 E.01313
G1 X96.807 Y76.381 E.01371
G1 X97.269 Y76.335 E.01384
G1 X97.734 Y76.336 E.01386
G1 X98.197 Y76.382 E.01387
G1 X98.654 Y76.475 E.01388
G1 X99.053 Y76.596 E.01243
G1 X99.484 Y76.772 E.01387
G1 X99.895 Y76.991 E.01387
G1 X100.283 Y77.249 E.01387
G1 X100.631 Y77.536 E.01345
G1 X101.327 Y78.323 E.0313
G1 X101.542 Y78.66 E.0119
G1 X101.714 Y78.985 E.01096
G1 X101.892 Y79.412 E.01378
G1 X102.015 Y79.803 E.0122
G1 X102.11 Y80.251 E.01365
G1 X102.161 Y80.713 E.01384
G1 X102.167 Y81.179 E.01386
G1 X102.126 Y81.642 E.01385
G1 X102.041 Y82.092 E.01366
G1 X101.91 Y82.538 E.01383
G1 X101.734 Y82.971 E.01392
G1 X101.548 Y83.331 E.01209
G1 X101.301 Y83.714 E.01356
G1 X101.013 Y84.077 E.01381
G1 X100.69 Y84.411 E.01386
G1 X100.334 Y84.712 E.01386
G1 X99.951 Y84.975 E.01386
G1 X99.543 Y85.2 E.01389
G1 X99.138 Y85.374 E.01311
G1 X98.701 Y85.513 E.01369
G1 X98.247 Y85.61 E.01382
G1 X97.956 Y85.643 E.0087
SET_VELOCITY_LIMIT ACCEL=5000 ACCEL_TO_DECEL=2500 SQUARE_CORNER_VELOCITY=9
G1 X97.916 Y85.269 F21000
SET_VELOCITY_LIMIT ACCEL=1000 ACCEL_TO_DECEL=500 SQUARE_CORNER_VELOCITY=7
G1 F4800
G1 X97.75 Y85.286 E.00497
G1 X96.826 Y85.24 E.02757
G1 X96.464 Y85.167 E.01098
G1 X96.103 Y85.06 E.01122
G1 X95.709 Y84.903 E.01265
G1 X95.329 Y84.705 E.01274
G1 X94.971 Y84.47 E.01275
G1 X94.639 Y84.202 E.01274
G1 X94.334 Y83.901 E.01275
G1 X94.061 Y83.571 E.01275
G1 X93.822 Y83.216 E.01274
G1 X93.62 Y82.839 E.01274
G1 X93.456 Y82.444 E.01275
G1 X93.332 Y82.033 E.01278
G1 X93.258 Y81.666 E.01116
G1 X93.213 Y81.246 E.01259
G1 X93.21 Y80.818 E.01274
G1 X93.249 Y80.392 E.01273
G1 X93.331 Y79.972 E.01274
G1 X93.454 Y79.562 E.01275
G1 X93.618 Y79.165 E.0128
G1 X93.79 Y78.836 E.01106
G1 X94.02 Y78.485 E.01251
G1 X94.287 Y78.152 E.01272
G1 X94.586 Y77.846 E.01275
G1 X94.915 Y77.572 E.01274
G1 X95.269 Y77.331 E.01274
G1 X95.645 Y77.127 E.01275
G1 X96.04 Y76.962 E.01277
G1 X96.426 Y76.842 E.01203
G1 X96.841 Y76.757 E.01261
G1 X97.266 Y76.712 E.01272
G1 X97.694 Y76.71 E.01275
G1 X98.12 Y76.751 E.01275
G1 X98.539 Y76.834 E.01275
G1 X98.949 Y76.958 E.01275
G1 X99.344 Y77.122 E.01275
G1 X99.721 Y77.325 E.01275
G1 X100.076 Y77.565 E.01275
G1 X100.397 Y77.831 E.01243
G1 X101.006 Y78.521 E.0274
G1 X101.206 Y78.832 E.01102
G1 X101.383 Y79.166 E.01125
G1 X101.546 Y79.561 E.01271
G1 X101.656 Y79.919 E.01116
G1 X101.742 Y80.333 E.0126
G1 X101.787 Y80.758 E.01274
G1 X101.79 Y81.186 E.01275
G1 X101.75 Y81.612 E.01273
G1 X101.67 Y82.025 E.01256
G1 X101.547 Y82.434 E.01272
G1 X101.384 Y82.831 E.01279
G1 X101.211 Y83.16 E.01106
G1 X100.982 Y83.512 E.01251
G1 X100.716 Y83.846 E.01271
G1 X100.417 Y84.151 E.01274
G1 X100.089 Y84.426 E.01274
G1 X99.735 Y84.666 E.01274
G1 X99.358 Y84.871 E.01276
G1 X98.987 Y85.029 E.01203
G1 X98.583 Y85.155 E.0126
G1 X98.165 Y85.242 E.01272
G1 X97.956 Y85.264 E.00625
SET_VELOCITY_LIMIT ACCEL=5000 ACCEL_TO_DECEL=2500 SQUARE_CORNER_VELOCITY=9
G1 X97.919 Y84.89 F21000
SET_VELOCITY_LIMIT ACCEL=1000 ACCEL_TO_DECEL=500 SQUARE_CORNER_VELOCITY=7
G1 F4800
G1 X97.704 Y84.912 E.00641
G1 X96.909 Y84.872 E.02373
G1 X96.534 Y84.797 E.01139
G1 X96.207 Y84.698 E.01017
G1 X95.846 Y84.551 E.01161
G1 X95.501 Y84.369 E.01163
G1 X95.176 Y84.153 E.01163
G1 X94.873 Y83.906 E.01163
G1 X94.597 Y83.631 E.01163
G1 X94.35 Y83.329 E.01163
G1 X94.134 Y83.003 E.01163
G1 X93.951 Y82.658 E.01163
G1 X93.803 Y82.297 E.01163
G1 X93.692 Y81.922 E.01165
G1 X93.627 Y81.588 E.01012
G1 X93.588 Y81.203 E.01155
G1 X93.587 Y80.812 E.01163
G1 X93.625 Y80.424 E.01162
G1 X93.702 Y80.041 E.01163
G1 X93.816 Y79.668 E.01163
G1 X93.967 Y79.307 E.01167
G1 X94.126 Y79.009 E.01003
G1 X94.337 Y78.688 E.01146
G1 X94.583 Y78.385 E.01162
G1 X94.858 Y78.108 E.01163
G1 X95.159 Y77.859 E.01163
G1 X95.483 Y77.642 E.01163
G1 X95.827 Y77.458 E.01163
G1 X96.189 Y77.308 E.01165
G1 X96.541 Y77.202 E.01096
G1 X96.92 Y77.126 E.01152
G1 X97.308 Y77.087 E.01162
G1 X97.698 Y77.087 E.01163
G1 X98.087 Y77.127 E.01163
G1 X98.469 Y77.204 E.01163
G1 X98.842 Y77.32 E.01163
G1 X99.202 Y77.472 E.01163
G1 X99.545 Y77.659 E.01163
G1 X99.867 Y77.879 E.01163
G1 X100.161 Y78.125 E.01141
G1 X100.684 Y78.719 E.02357
G1 X100.892 Y79.041 E.01142
G1 X101.05 Y79.344 E.0102
G1 X101.198 Y79.707 E.01166
G1 X101.296 Y80.032 E.01012
G1 X101.373 Y80.412 E.01155
G1 X101.412 Y80.801 E.01163
G1 X101.413 Y81.191 E.01163
G1 X101.374 Y81.579 E.01161
G1 X101.299 Y81.956 E.01145
G1 X101.185 Y82.329 E.01161
G1 X101.034 Y82.69 E.01167
G1 X100.876 Y82.988 E.01003
G1 X100.665 Y83.309 E.01146
G1 X100.419 Y83.612 E.01162
G1 X100.145 Y83.89 E.01163
G1 X99.844 Y84.139 E.01162
G1 X99.52 Y84.356 E.01162
G1 X99.176 Y84.541 E.01164
G1 X98.837 Y84.683 E.01095
G1 X98.467 Y84.796 E.01151
G1 X98.085 Y84.874 E.01161
G1 X97.958 Y84.886 E.0038
SET_VELOCITY_LIMIT ACCEL=5000 ACCEL_TO_DECEL=2500 SQUARE_CORNER_VELOCITY=9
G1 X97.923 Y84.512 F21000
SET_VELOCITY_LIMIT ACCEL=1000 ACCEL_TO_DECEL=500 SQUARE_CORNER_VELOCITY=7
G1 F4800
G1 X97.661 Y84.537 E.00783
G1 X96.989 Y84.504 E.02005
G1 X96.648 Y84.437 E.01035
G1 X96.311 Y84.336 E.01048
G1 X95.986 Y84.201 E.01049
G1 X95.675 Y84.034 E.01051
G1 X95.382 Y83.838 E.01051
G1 X95.11 Y83.613 E.01051
G1 X94.862 Y83.362 E.01051
G1 X94.64 Y83.088 E.01051
G1 X94.446 Y82.792 E.01051
G1 X94.283 Y82.48 E.01051
G1 X94.152 Y82.152 E.01051
G1 X94.053 Y81.813 E.01052
G1 X93.996 Y81.513 E.00908
G1 X93.963 Y81.162 E.01052
G1 X93.964 Y80.809 E.01051
G1 X94.001 Y80.458 E.0105
G1 X94.072 Y80.113 E.01051
G1 X94.177 Y79.776 E.01051
G1 X94.316 Y79.45 E.01054
G1 X94.459 Y79.185 E.009
G1 X94.654 Y78.893 E.01043
G1 X94.878 Y78.62 E.01051
G1 X95.127 Y78.371 E.01051
G1 X95.401 Y78.148 E.01051
G1 X95.695 Y77.953 E.01051
G1 X96.007 Y77.789 E.01051
G1 X96.335 Y77.656 E.01053
G1 X96.653 Y77.562 E.00988
G1 X96.996 Y77.495 E.01043
G1 X97.348 Y77.462 E.01051
G1 X97.701 Y77.465 E.01051
G1 X98.052 Y77.502 E.01051
G1 X98.397 Y77.574 E.01051
G1 X98.734 Y77.681 E.01051
G1 X99.058 Y77.82 E.01051
G1 X99.367 Y77.991 E.01051
G1 X99.657 Y78.192 E.01051
G1 X99.922 Y78.417 E.01038
G1 X100.365 Y78.919 E.01991
G1 X100.555 Y79.21 E.01038
G1 X100.718 Y79.523 E.01051
G1 X100.85 Y79.851 E.01052
G1 X100.936 Y80.144 E.00908
G1 X101.004 Y80.49 E.01052
G1 X101.038 Y80.842 E.01051
G1 X101.036 Y81.194 E.01051
G1 X100.999 Y81.545 E.01049
G1 X100.929 Y81.885 E.01034
G1 X100.824 Y82.221 E.0105
G1 X100.685 Y82.547 E.01054
G1 X100.542 Y82.813 E.009
G1 X100.348 Y83.104 E.01043
G1 X100.124 Y83.377 E.01051
G1 X99.875 Y83.627 E.01051
G1 X99.602 Y83.85 E.01051
G1 X99.308 Y84.045 E.01051
G1 X98.996 Y84.21 E.01052
G1 X98.689 Y84.336 E.00987
G1 X98.354 Y84.437 E.01043
G1 X98.008 Y84.505 E.01051
G1 X97.963 Y84.509 E.00134
SET_VELOCITY_LIMIT ACCEL=5000 ACCEL_TO_DECEL=2500 SQUARE_CORNER_VELOCITY=9
G1 X97.93 Y84.135 F21000
SET_VELOCITY_LIMIT ACCEL=1000 ACCEL_TO_DECEL=500 SQUARE_CORNER_VELOCITY=7
G1 F4800
G1 X97.621 Y84.162 E.00924
G1 X97.066 Y84.135 E.01655
G1 X96.759 Y84.077 E.00931
G1 X96.457 Y83.988 E.00937
G1 X96.166 Y83.87 E.00937
G1 X95.887 Y83.723 E.00939
G1 X95.624 Y83.549 E.00939
G1 X95.38 Y83.349 E.00939
G1 X95.156 Y83.127 E.0094
G1 X94.956 Y82.883 E.00939
G1 X94.781 Y82.62 E.00939
G1 X94.634 Y82.342 E.00939
G1 X94.514 Y82.05 E.00939
G1 X94.425 Y81.747 E.00939
G1 X94.366 Y81.437 E.00939
G1 X94.338 Y81.123 E.00939
G1 X94.341 Y80.808 E.0094
G1 X94.376 Y80.495 E.00938
G1 X94.442 Y80.186 E.00939
G1 X94.538 Y79.886 E.00939
G1 X94.664 Y79.596 E.00941
G1 X94.792 Y79.362 E.00796
G1 X94.969 Y79.1 E.00941
G1 X95.171 Y78.858 E.00939
G1 X95.395 Y78.637 E.0094
G1 X95.641 Y78.439 E.00939
G1 X95.905 Y78.266 E.00939
G1 X96.185 Y78.121 E.00939
G1 X96.478 Y78.005 E.0094
G1 X96.762 Y77.922 E.0088
G1 X97.071 Y77.865 E.00935
G1 X97.385 Y77.837 E.0094
G1 X97.7 Y77.842 E.0094
G1 X98.014 Y77.877 E.0094
G1 X98.322 Y77.944 E.0094
G1 X98.622 Y78.041 E.00939
G1 X98.911 Y78.167 E.0094
G1 X99.186 Y78.322 E.0094
G1 X99.444 Y78.503 E.0094
G1 X99.682 Y78.708 E.00933
G1 X100.047 Y79.121 E.01642
G1 X100.22 Y79.382 E.00933
G1 X100.367 Y79.661 E.00939
G1 X100.487 Y79.953 E.0094
G1 X100.576 Y80.255 E.0094
G1 X100.635 Y80.565 E.00939
G1 X100.662 Y80.88 E.0094
G1 X100.659 Y81.195 E.00939
G1 X100.624 Y81.508 E.00938
G1 X100.559 Y81.811 E.00923
G1 X100.463 Y82.111 E.0094
G1 X100.338 Y82.401 E.00941
G1 X100.209 Y82.636 E.00797
G1 X100.033 Y82.898 E.00941
G1 X99.831 Y83.14 E.00939
G1 X99.607 Y83.362 E.00939
G1 X99.361 Y83.559 E.00939
G1 X99.097 Y83.732 E.00939
G1 X98.818 Y83.877 E.0094
G1 X98.544 Y83.988 E.00879
G1 X98.243 Y84.076 E.00935
G1 X97.97 Y84.128 E.00828
SET_VELOCITY_LIMIT ACCEL=5000 ACCEL_TO_DECEL=2500 SQUARE_CORNER_VELOCITY=9
G1 X97.902 Y83.757 F21000
SET_VELOCITY_LIMIT ACCEL=1000 ACCEL_TO_DECEL=500 SQUARE_CORNER_VELOCITY=7
G1 F4800
G1 X97.861 Y83.765 E.00125
G1 X97.584 Y83.787 E.00827
G1 X97.14 Y83.765 E.01324
G1 X96.867 Y83.716 E.00825
G1 X96.601 Y83.639 E.00826
G1 X96.343 Y83.537 E.00825
G1 X96.097 Y83.409 E.00828
G1 X95.864 Y83.258 E.00828
G1 X95.647 Y83.084 E.00828
G1 X95.449 Y82.889 E.00828
G1 X95.271 Y82.675 E.00828
G1 X95.116 Y82.445 E.00828
G1 X94.984 Y82.201 E.00828
G1 X94.877 Y81.944 E.00828
G1 X94.796 Y81.679 E.00828
G1 X94.741 Y81.406 E.00828
G1 X94.715 Y81.129 E.00828
G1 X94.716 Y80.851 E.00828
G1 X94.744 Y80.575 E.00827
G1 X94.8 Y80.303 E.00828
G1 X94.883 Y80.038 E.00828
G1 X94.992 Y79.782 E.00828
G1 X95.125 Y79.539 E.00828
G1 X95.283 Y79.31 E.00828
G1 X95.462 Y79.097 E.00828
G1 X95.661 Y78.904 E.00828
G1 X95.879 Y78.731 E.00828
G1 X96.113 Y78.581 E.00828
G1 X96.361 Y78.455 E.00828
G1 X96.62 Y78.354 E.00828
G1 X96.869 Y78.284 E.00772
G1 X97.142 Y78.235 E.00828
G1 X97.419 Y78.213 E.00828
G1 X97.697 Y78.219 E.00828
G1 X97.973 Y78.252 E.00828
G1 X98.244 Y78.313 E.00828
G1 X98.508 Y78.4 E.00828
G1 X98.762 Y78.514 E.00828
G1 X99.003 Y78.652 E.00828
G1 X99.23 Y78.813 E.00828
G1 X99.439 Y78.996 E.00828
G1 X99.73 Y79.326 E.01313
G1 X99.886 Y79.557 E.00828
G1 X100.018 Y79.801 E.00828
G1 X100.124 Y80.058 E.00828
G1 X100.205 Y80.324 E.00828
G1 X100.259 Y80.596 E.00828
G1 X100.285 Y80.873 E.00828
G1 X100.284 Y81.151 E.00828
G1 X100.255 Y81.427 E.00827
G1 X100.2 Y81.694 E.00812
G1 X100.118 Y81.96 E.00828
G1 X100.009 Y82.216 E.00828
G1 X99.876 Y82.459 E.00828
G1 X99.719 Y82.689 E.00828
G1 X99.54 Y82.901 E.00827
G1 X99.341 Y83.094 E.00827
G1 X99.123 Y83.267 E.00827
G1 X98.89 Y83.417 E.00827
G1 X98.642 Y83.544 E.00827
G1 X98.401 Y83.639 E.00771
G1 X98.134 Y83.715 E.00827
G1 X97.942 Y83.75 E.00583
SET_VELOCITY_LIMIT ACCEL=5000 ACCEL_TO_DECEL=2500 SQUARE_CORNER_VELOCITY=9
G1 E-.68 F3600
;WIPE_START
G1 F4800
G1 X97.861 Y83.765 E-.00985
G1 X97.584 Y83.787 E-.03332
G1 X97.14 Y83.765 E-.05334
G1 X96.947 Y83.73 E-.02349
;WIPE_END
G1 X104.549 Y83.041 Z.6 F21000
G1 X120.589 Y81.588 Z.6
G1 Z.2
G1 E.8 F2700
SET_VELOCITY_LIMIT ACCEL=1000 ACCEL_TO_DECEL=500 SQUARE_CORNER_VELOCITY=7
G1 F4800
G1 X120.565 Y80.897 E.02059
G1 X120.61 Y80.207 E.02059
G1 X120.723 Y79.525 E.02059
G1 X120.903 Y78.858 E.02059
G1 X121.149 Y78.212 E.02059
G1 X121.459 Y77.594 E.02059
G1 X121.828 Y77.009 E.02059
G1 X122.253 Y76.464 E.02059
G1 X122.731 Y75.964 E.0206
G1 X123.255 Y75.515 E.02058
G1 X123.823 Y75.119 E.0206
G1 X124.427 Y74.783 E.0206
G1 X125.061 Y74.508 E.02059
G1 X125.719 Y74.297 E.02059
G1 X126.395 Y74.153 E.0206
G1 X127.084 Y74.077 E.02063
G1 X127.563 Y74.065 E.01429
G1 X128.244 Y74.104 E.02032
G1 X128.927 Y74.213 E.02059
G1 X129.595 Y74.388 E.02059
G1 X130.243 Y74.63 E.02059
G1 X130.863 Y74.934 E.02057
G1 X131.45 Y75.299 E.02058
G1 X131.997 Y75.72 E.02057
G1 X132.506 Y76.2 E.02085
G1 X132.882 Y76.625 E.01689
G1 X133.29 Y77.183 E.02059
G1 X133.641 Y77.777 E.02057
G1 X133.931 Y78.404 E.02057
G1 X134.158 Y79.057 E.02057
G1 X134.318 Y79.729 E.02058
G1 X134.411 Y80.413 E.02057
G1 X134.435 Y81.103 E.02057
G1 X134.39 Y81.792 E.02057
G1 X134.277 Y82.474 E.02057
G1 X134.097 Y83.14 E.02057
G1 X133.852 Y83.786 E.02057
G1 X133.543 Y84.404 E.02058
G1 X133.174 Y84.988 E.02058
G1 X132.75 Y85.532 E.02056
G1 X132.272 Y86.033 E.02063
G1 X131.915 Y86.349 E.01418
G1 X131.357 Y86.765 E.02074
G1 X130.764 Y87.12 E.02057
G1 X130.14 Y87.414 E.02056
G1 X129.49 Y87.644 E.02053
G1 X128.821 Y87.809 E.02053
G1 X128.138 Y87.906 E.02053
G1 X127.44 Y87.935 E.02082
G1 X126.874 Y87.907 E.01689
G1 X126.189 Y87.811 E.0206
G1 X125.518 Y87.646 E.02058
G1 X124.867 Y87.416 E.02058
G1 X124.241 Y87.122 E.02058
G1 X123.648 Y86.768 E.02058
G1 X123.094 Y86.356 E.02057
G1 X122.583 Y85.891 E.02058
G1 X122.12 Y85.378 E.02058
G1 X121.711 Y84.82 E.02058
G1 X121.36 Y84.225 E.02059
G1 X121.069 Y83.598 E.02059
M73 P6 R12
G1 X120.843 Y82.945 E.02059
G1 X120.682 Y82.273 E.02059
G1 X120.595 Y81.627 E.0194
SET_VELOCITY_LIMIT ACCEL=5000 ACCEL_TO_DECEL=2500 SQUARE_CORNER_VELOCITY=9
G1 X120.968 Y81.576 F21000
SET_VELOCITY_LIMIT ACCEL=1000 ACCEL_TO_DECEL=500 SQUARE_CORNER_VELOCITY=7
G1 F4800
G1 X120.966 Y81.561 E.00045
G1 X120.943 Y80.908 E.01947
G1 X120.985 Y80.256 E.01947
G1 X121.091 Y79.611 E.01947
G1 X121.261 Y78.98 E.01947
G1 X121.493 Y78.369 E.01947
G1 X121.785 Y77.784 E.01947
G1 X122.133 Y77.231 E.01947
G1 X122.535 Y76.716 E.01946
G1 X122.986 Y76.243 E.01948
G1 X123.482 Y75.817 E.01946
G1 X124.018 Y75.443 E.01947
G1 X124.589 Y75.124 E.01948
G1 X125.188 Y74.863 E.01946
G1 X125.811 Y74.664 E.01947
G1 X126.45 Y74.527 E.01947
G1 X127.104 Y74.454 E.01962
G1 X127.562 Y74.442 E.01363
G1 X128.209 Y74.481 E.01931
G1 X128.855 Y74.584 E.01947
G1 X129.487 Y74.75 E.01946
G1 X130.099 Y74.979 E.01947
G1 X130.685 Y75.267 E.01945
G1 X131.239 Y75.613 E.01946
G1 X131.756 Y76.011 E.01944
G1 X132.231 Y76.459 E.01945
G1 X132.591 Y76.866 E.01617
G1 X132.978 Y77.395 E.01954
G1 X133.309 Y77.958 E.01945
G1 X133.583 Y78.551 E.01945
G1 X133.794 Y79.157 E.01912
G1 X133.946 Y79.792 E.01946
G1 X134.034 Y80.439 E.01945
G1 X134.057 Y81.092 E.01945
G1 X134.016 Y81.744 E.01945
G1 X133.909 Y82.388 E.01945
G1 X133.739 Y83.018 E.01945
G1 X133.508 Y83.629 E.01945
G1 X133.217 Y84.213 E.01946
G1 X132.869 Y84.766 E.01945
G1 X132.468 Y85.281 E.01944
G1 X132.013 Y85.758 E.01962
G1 X131.673 Y86.059 E.01352
G1 X131.142 Y86.454 E.01973
G1 X130.581 Y86.789 E.01945
G1 X129.991 Y87.066 E.01944
G1 X129.376 Y87.284 E.01941
G1 X128.743 Y87.439 E.01942
G1 X128.098 Y87.53 E.01941
G1 X127.436 Y87.558 E.01973
G1 X126.904 Y87.531 E.01587
G1 X126.255 Y87.438 E.01954
G1 X125.621 Y87.283 E.01946
G1 X125.005 Y87.065 E.01946
G1 X124.414 Y86.786 E.01946
G1 X123.853 Y86.45 E.01946
G1 X123.329 Y86.061 E.01945
G1 X122.847 Y85.621 E.01946
G1 X122.41 Y85.135 E.01946
G1 X122.024 Y84.608 E.01946
G1 X121.692 Y84.045 E.01947
G1 X121.422 Y83.462 E.01913
G1 X121.207 Y82.844 E.01947
G1 X121.055 Y82.209 E.01947
G1 X120.974 Y81.616 E.01782
SET_VELOCITY_LIMIT ACCEL=5000 ACCEL_TO_DECEL=2500 SQUARE_CORNER_VELOCITY=9
G1 X121.347 Y81.565 F21000
SET_VELOCITY_LIMIT ACCEL=1000 ACCEL_TO_DECEL=500 SQUARE_CORNER_VELOCITY=7
G1 F4800
G1 X121.343 Y81.535 E.00091
G1 X121.321 Y80.919 E.01835
G1 X121.359 Y80.304 E.01834
G1 X121.459 Y79.697 E.01835
G1 X121.619 Y79.102 E.01835
G1 X121.837 Y78.526 E.01834
G1 X122.111 Y77.974 E.01835
G1 X122.439 Y77.453 E.01835
G1 X122.817 Y76.967 E.01834
G1 X123.242 Y76.521 E.01836
G1 X123.709 Y76.119 E.01834
G1 X124.214 Y75.766 E.01835
G1 X124.752 Y75.465 E.01835
G1 X125.316 Y75.219 E.01834
G1 X125.902 Y75.03 E.01835
G1 X126.505 Y74.901 E.01835
G1 X127.125 Y74.831 E.0186
G1 X127.56 Y74.82 E.01296
G1 X128.174 Y74.857 E.01831
G1 X128.782 Y74.955 E.01835
G1 X129.377 Y75.112 E.01834
G1 X129.954 Y75.328 E.01835
G1 X130.506 Y75.6 E.01833
G1 X131.028 Y75.926 E.01834
G1 X131.515 Y76.302 E.01832
G1 X131.956 Y76.718 E.01805
G1 X132.3 Y77.107 E.01545
G1 X132.666 Y77.608 E.01847
G1 X132.977 Y78.138 E.01833
G1 X133.235 Y78.697 E.01834
G1 X133.432 Y79.268 E.01801
G1 X133.575 Y79.867 E.01834
G1 X133.657 Y80.466 E.01799
G1 X133.679 Y81.081 E.01833
G1 X133.641 Y81.695 E.01833
G1 X133.541 Y82.302 E.01833
G1 X133.382 Y82.897 E.01833
G1 X133.164 Y83.472 E.01833
G1 X132.89 Y84.023 E.01833
G1 X132.563 Y84.544 E.01833
G1 X132.185 Y85.03 E.01832
G1 X131.755 Y85.483 E.0186
G1 X131.432 Y85.768 E.01285
G1 X130.927 Y86.143 E.01871
G1 X130.399 Y86.458 E.01833
G1 X129.842 Y86.719 E.01832
G1 X129.263 Y86.923 E.01829
G1 X128.666 Y87.069 E.0183
G1 X128.058 Y87.155 E.01829
G1 X127.433 Y87.18 E.01864
G1 X126.935 Y87.154 E.01484
G1 X126.321 Y87.066 E.01848
G1 X125.723 Y86.919 E.01833
G1 X125.143 Y86.713 E.01834
G1 X124.587 Y86.45 E.01834
G1 X124.059 Y86.133 E.01834
G1 X123.565 Y85.766 E.01833
G1 X123.111 Y85.35 E.01834
G1 X122.7 Y84.892 E.01834
G1 X122.336 Y84.395 E.01834
G1 X122.024 Y83.864 E.01835
G1 X121.77 Y83.315 E.01802
G1 X121.568 Y82.733 E.01835
G1 X121.427 Y82.145 E.01801
G1 X121.353 Y81.604 E.01625
SET_VELOCITY_LIMIT ACCEL=5000 ACCEL_TO_DECEL=2500 SQUARE_CORNER_VELOCITY=9
G1 X121.726 Y81.553 F21000
SET_VELOCITY_LIMIT ACCEL=1000 ACCEL_TO_DECEL=500 SQUARE_CORNER_VELOCITY=7
G1 F4800
G1 X121.72 Y81.508 E.00136
G1 X121.698 Y80.93 E.01723
G1 X121.734 Y80.353 E.01722
G1 X121.827 Y79.782 E.01722
G1 X121.977 Y79.223 E.01723
G1 X122.181 Y78.682 E.01722
G1 X122.438 Y78.164 E.01723
G1 X122.745 Y77.674 E.01722
G1 X123.1 Y77.218 E.01722
G1 X123.499 Y76.798 E.01724
G1 X123.937 Y76.421 E.01722
G1 X124.41 Y76.089 E.01723
G1 X124.915 Y75.806 E.01723
G1 X125.444 Y75.574 E.01722
G1 X125.995 Y75.397 E.01722
G1 X126.56 Y75.274 E.01723
G1 X127.146 Y75.208 E.01757
G1 X127.559 Y75.198 E.01228
G1 X128.127 Y75.232 E.01696
G1 X128.698 Y75.323 E.01723
G1 X129.257 Y75.47 E.01722
G1 X129.799 Y75.673 E.01722
G1 X130.317 Y75.928 E.01721
G1 X130.808 Y76.233 E.01721
G1 X131.266 Y76.586 E.01721
G1 X131.681 Y76.977 E.017
G1 X132.009 Y77.348 E.01473
G1 X132.353 Y77.82 E.0174
G1 X132.645 Y78.318 E.01721
G1 X132.886 Y78.843 E.01722
G1 X133.071 Y79.379 E.01689
G1 X133.205 Y79.942 E.01723
G1 X133.281 Y80.504 E.01688
G1 X133.302 Y81.07 E.01688
G1 X133.266 Y81.647 E.01721
G1 X133.173 Y82.217 E.01721
G1 X133.024 Y82.775 E.01721
G1 X132.82 Y83.316 E.0172
G1 X132.563 Y83.834 E.01721
G1 X132.256 Y84.323 E.01721
G1 X131.902 Y84.779 E.0172
G1 X131.496 Y85.207 E.01758
G1 X131.19 Y85.478 E.01217
G1 X130.713 Y85.831 E.01769
G1 X130.217 Y86.127 E.0172
G1 X129.694 Y86.372 E.0172
G1 X129.15 Y86.563 E.01717
G1 X128.589 Y86.699 E.01718
G1 X128.019 Y86.779 E.01717
G1 X127.43 Y86.802 E.01755
G1 X126.967 Y86.778 E.01382
G1 X126.388 Y86.695 E.01743
G1 X125.827 Y86.556 E.01721
G1 X125.282 Y86.362 E.01722
G1 X124.76 Y86.114 E.01722
G1 X124.265 Y85.816 E.01722
G1 X123.802 Y85.471 E.01721
G1 X123.375 Y85.08 E.01722
G1 X122.997 Y84.659 E.01688
G1 X122.655 Y84.192 E.01722
G1 X122.361 Y83.694 E.01723
G1 X122.122 Y83.179 E.01691
G1 X121.932 Y82.632 E.01724
G1 X121.799 Y82.08 E.0169
G1 X121.732 Y81.592 E.01468
SET_VELOCITY_LIMIT ACCEL=5000 ACCEL_TO_DECEL=2500 SQUARE_CORNER_VELOCITY=9
G1 X122.105 Y81.541 F21000
SET_VELOCITY_LIMIT ACCEL=1000 ACCEL_TO_DECEL=500 SQUARE_CORNER_VELOCITY=7
G1 F4800
G1 X122.097 Y81.48 E.00182
G1 X122.076 Y80.94 E.0161
G1 X122.109 Y80.4 E.0161
G1 X122.195 Y79.867 E.0161
G1 X122.335 Y79.344 E.01611
G1 X122.525 Y78.838 E.0161
G1 X122.765 Y78.354 E.0161
G1 X123.052 Y77.896 E.0161
G1 X123.383 Y77.468 E.0161
G1 X123.755 Y77.076 E.01612
G1 X124.164 Y76.723 E.01609
G1 X124.607 Y76.412 E.01611
G1 X125.078 Y76.146 E.01611
G1 X125.573 Y75.93 E.0161
G1 X126.087 Y75.763 E.0161
G1 X126.616 Y75.648 E.01611
G1 X127.168 Y75.585 E.01654
G1 X127.557 Y75.575 E.0116
G1 X128.091 Y75.608 E.01595
G1 X128.626 Y75.694 E.01613
G1 X129.138 Y75.829 E.01576
G1 X129.644 Y76.017 E.0161
G1 X130.129 Y76.255 E.01609
G1 X130.588 Y76.54 E.01609
G1 X131.017 Y76.87 E.0161
G1 X131.406 Y77.236 E.01593
G1 X131.717 Y77.588 E.01399
G1 X132.04 Y78.032 E.01633
G1 X132.313 Y78.498 E.01608
G1 X132.538 Y78.989 E.0161
G1 X132.71 Y79.49 E.01578
G1 X132.832 Y80.006 E.01579
G1 X132.904 Y80.531 E.01578
G1 X132.924 Y81.06 E.01577
G1 X132.891 Y81.599 E.0161
G1 X132.805 Y82.132 E.01609
G1 X132.666 Y82.654 E.01609
G1 X132.471 Y83.17 E.01642
G1 X132.231 Y83.654 E.01609
G1 X131.943 Y84.111 E.01609
G1 X131.612 Y84.537 E.01608
G1 X131.237 Y84.932 E.01622
G1 X130.949 Y85.188 E.01148
G1 X130.499 Y85.52 E.01666
G1 X130.035 Y85.796 E.01608
G1 X129.546 Y86.024 E.01608
G1 X129.037 Y86.202 E.01605
G1 X128.513 Y86.329 E.01606
G1 X127.979 Y86.403 E.01605
G1 X127.427 Y86.424 E.01646
G1 X126.998 Y86.402 E.01279
G1 X126.455 Y86.323 E.01637
G1 X125.93 Y86.192 E.01609
G1 X125.421 Y86.01 E.01609
G1 X124.933 Y85.779 E.01609
G1 X124.471 Y85.5 E.0161
G1 X124.038 Y85.176 E.01609
G1 X123.64 Y84.811 E.0161
G1 X123.286 Y84.416 E.01577
G1 X122.967 Y83.98 E.01611
G1 X122.693 Y83.513 E.01612
G1 X122.471 Y83.032 E.0158
G1 X122.293 Y82.52 E.01613
G1 X122.17 Y82.005 E.01579
G1 X122.111 Y81.58 E.01276
SET_VELOCITY_LIMIT ACCEL=5000 ACCEL_TO_DECEL=2500 SQUARE_CORNER_VELOCITY=9
G1 X122.485 Y81.529 F21000
SET_VELOCITY_LIMIT ACCEL=1000 ACCEL_TO_DECEL=500 SQUARE_CORNER_VELOCITY=7
G1 F4800
G1 X122.473 Y81.441 E.00264
G1 X122.454 Y80.938 E.01499
G1 X122.485 Y80.436 E.01498
G1 X122.566 Y79.94 E.01498
G1 X122.696 Y79.454 E.01498
G1 X122.874 Y78.984 E.01498
G1 X123.097 Y78.533 E.01498
G1 X123.365 Y78.107 E.01498
G1 X123.673 Y77.71 E.01498
G1 X124.012 Y77.353 E.01466
G1 X124.392 Y77.024 E.01497
G1 X124.803 Y76.734 E.01499
G1 X125.242 Y76.487 E.01499
G1 X125.702 Y76.285 E.01498
G1 X126.18 Y76.129 E.01498
G1 X126.672 Y76.022 E.01499
G1 X127.189 Y75.962 E.0155
G1 X127.555 Y75.953 E.01091
G1 X128.055 Y75.984 E.01493
G1 X128.553 Y76.065 E.01502
G1 X129.029 Y76.191 E.01466
G1 X129.5 Y76.367 E.01499
G1 X129.941 Y76.583 E.01463
G1 X130.368 Y76.848 E.01497
G1 X130.768 Y77.154 E.01499
G1 X131.132 Y77.495 E.01486
G1 X131.426 Y77.829 E.01325
G1 X131.727 Y78.243 E.01524
G1 X131.98 Y78.677 E.01496
G1 X132.189 Y79.135 E.01498
G1 X132.349 Y79.601 E.01468
G1 X132.462 Y80.081 E.01469
G1 X132.528 Y80.569 E.01468
G1 X132.546 Y81.061 E.01467
G1 X132.515 Y81.563 E.01498
G1 X132.434 Y82.059 E.01497
G1 X132.304 Y82.544 E.01497
G1 X132.127 Y83.014 E.01495
G1 X131.904 Y83.464 E.01497
G1 X131.637 Y83.89 E.01497
G1 X131.329 Y84.287 E.01496
G1 X130.979 Y84.657 E.01519
G1 X130.707 Y84.897 E.01079
G1 X130.285 Y85.208 E.01562
G1 X129.853 Y85.464 E.01495
G1 X129.398 Y85.676 E.01496
G1 X128.924 Y85.841 E.01494
G1 X128.437 Y85.959 E.01494
G1 X127.94 Y86.027 E.01493
G1 X127.425 Y86.047 E.01537
G1 X127.031 Y86.025 E.01176
G1 X126.522 Y85.951 E.01531
G1 X126.034 Y85.829 E.01497
G1 X125.561 Y85.659 E.01497
G1 X125.107 Y85.443 E.01497
G1 X124.677 Y85.183 E.01498
G1 X124.275 Y84.881 E.01497
G1 X123.904 Y84.541 E.01498
G1 X123.577 Y84.174 E.01466
G1 X123.28 Y83.767 E.01499
G1 X123.025 Y83.333 E.015
G1 X122.819 Y82.885 E.01468
G1 X122.654 Y82.409 E.01502
G1 X122.54 Y81.929 E.01468
G1 X122.49 Y81.569 E.01085
SET_VELOCITY_LIMIT ACCEL=5000 ACCEL_TO_DECEL=2500 SQUARE_CORNER_VELOCITY=9
G1 X122.865 Y81.527 F21000
SET_VELOCITY_LIMIT ACCEL=1000 ACCEL_TO_DECEL=500 SQUARE_CORNER_VELOCITY=7
G1 F4800
G1 X122.839 Y81.287 E.00719
G1 X122.833 Y80.821 E.01386
G1 X122.874 Y80.358 E.01386
G1 X122.961 Y79.901 E.01386
G1 X123.093 Y79.454 E.01386
G1 X123.269 Y79.023 E.01387
G1 X123.486 Y78.613 E.01382
G1 X123.729 Y78.245 E.01313
G1 X124.019 Y77.887 E.01373
G1 X124.345 Y77.556 E.01384
G1 X124.704 Y77.259 E.01386
G1 X125.09 Y77 E.01385
G1 X125.494 Y76.783 E.01367
G1 X125.922 Y76.604 E.01382
G1 X126.369 Y76.469 E.01391
G1 X126.812 Y76.38 E.01345
G1 X127.266 Y76.335 E.0136
G1 X127.731 Y76.335 E.01384
G1 X128.194 Y76.382 E.01387
G1 X128.604 Y76.462 E.01243
G1 X129.05 Y76.595 E.01387
G1 X129.481 Y76.771 E.01386
G1 X129.892 Y76.989 E.01386
G1 X130.279 Y77.247 E.01386
G1 X130.628 Y77.532 E.01343
G1 X131.328 Y78.326 E.03153
G1 X131.543 Y78.662 E.01188
G1 X131.715 Y78.987 E.01095
G1 X131.893 Y79.414 E.01377
G1 X132.015 Y79.804 E.01219
G1 X132.11 Y80.252 E.01364
G1 X132.162 Y80.713 E.01383
G1 X132.167 Y81.178 E.01385
G1 X132.126 Y81.642 E.01385
G1 X132.039 Y82.099 E.01386
G1 X131.908 Y82.543 E.01381
G1 X131.743 Y82.952 E.01312
G1 X131.53 Y83.36 E.01372
G1 X131.276 Y83.748 E.01383
G1 X130.984 Y84.11 E.01385
G1 X130.657 Y84.441 E.01385
G1 X130.299 Y84.738 E.01385
G1 X129.92 Y84.994 E.01363
G1 X129.511 Y85.215 E.01386
G1 X129.088 Y85.392 E.01364
G1 X128.643 Y85.528 E.01386
G1 X128.24 Y85.612 E.01226
G1 X127.798 Y85.66 E.01326
G1 X126.741 Y85.608 E.03151
G1 X126.35 Y85.527 E.01189
G1 X125.998 Y85.422 E.01096
G1 X125.569 Y85.252 E.01373
G1 X125.156 Y85.039 E.01385
G1 X124.766 Y84.786 E.01386
G1 X124.402 Y84.495 E.01386
G1 X124.07 Y84.17 E.01386
G1 X123.772 Y83.813 E.01386
G1 X123.51 Y83.428 E.01386
G1 X123.288 Y83.018 E.01386
G1 X123.108 Y82.588 E.01391
G1 X122.985 Y82.197 E.0122
G1 X122.89 Y81.749 E.01365
G1 X122.87 Y81.567 E.00546
SET_VELOCITY_LIMIT ACCEL=5000 ACCEL_TO_DECEL=2500 SQUARE_CORNER_VELOCITY=9
G1 X123.243 Y81.527 F21000
SET_VELOCITY_LIMIT ACCEL=1000 ACCEL_TO_DECEL=500 SQUARE_CORNER_VELOCITY=7
G1 F4800
G1 X123.213 Y81.242 E.00853
G1 X123.21 Y80.814 E.01275
G1 X123.25 Y80.388 E.01275
G1 X123.332 Y79.968 E.01275
G1 X123.455 Y79.558 E.01275
G1 X123.619 Y79.163 E.01275
G1 X123.82 Y78.787 E.0127
G1 X124.045 Y78.45 E.01205
G1 X124.314 Y78.122 E.01264
G1 X124.616 Y77.819 E.01274
G1 X124.947 Y77.548 E.01275
G1 X125.303 Y77.311 E.01274
G1 X125.675 Y77.113 E.01256
G1 X126.07 Y76.951 E.01271
G1 X126.481 Y76.829 E.01279
G1 X126.846 Y76.756 E.01106
G1 X127.263 Y76.713 E.01251
G1 X127.69 Y76.71 E.01272
G1 X128.116 Y76.751 E.01275
G1 X128.536 Y76.833 E.01275
G1 X128.946 Y76.957 E.01275
G1 X129.341 Y77.121 E.01274
G1 X129.718 Y77.323 E.01274
G1 X130.073 Y77.562 E.01274
G1 X130.394 Y77.828 E.01241
G1 X131.007 Y78.523 E.02761
G1 X131.207 Y78.834 E.011
G1 X131.383 Y79.167 E.01124
G1 X131.546 Y79.562 E.0127
G1 X131.656 Y79.92 E.01116
G1 X131.742 Y80.333 E.01259
G1 X131.787 Y80.758 E.01273
G1 X131.79 Y81.186 E.01274
G1 X131.75 Y81.612 E.01274
G1 X131.668 Y82.031 E.01274
G1 X131.546 Y82.439 E.01269
G1 X131.392 Y82.813 E.01204
G1 X131.194 Y83.188 E.01263
G1 X130.959 Y83.545 E.01272
G1 X130.689 Y83.876 E.01274
G1 X130.387 Y84.179 E.01274
G1 X130.056 Y84.45 E.01273
G1 X129.707 Y84.684 E.01253
G1 X129.329 Y84.885 E.01275
G1 X128.94 Y85.045 E.01254
G1 X128.53 Y85.169 E.01274
G1 X128.161 Y85.243 E.01122
G1 X127.75 Y85.286 E.01232
G1 X126.824 Y85.24 E.0276
G1 X126.462 Y85.167 E.01101
G1 X126.1 Y85.059 E.01125
G1 X125.705 Y84.901 E.01267
G1 X125.326 Y84.703 E.01274
G1 X124.968 Y84.468 E.01274
G1 X124.636 Y84.199 E.01274
G1 X124.332 Y83.898 E.01274
G1 X124.059 Y83.569 E.01274
G1 X123.82 Y83.213 E.01275
G1 X123.618 Y82.836 E.01275
G1 X123.454 Y82.439 E.01278
G1 X123.344 Y82.081 E.01116
G1 X123.258 Y81.667 E.0126
G1 X123.247 Y81.567 E.00302
SET_VELOCITY_LIMIT ACCEL=5000 ACCEL_TO_DECEL=2500 SQUARE_CORNER_VELOCITY=9
G1 X123.621 Y81.529 F21000
SET_VELOCITY_LIMIT ACCEL=1000 ACCEL_TO_DECEL=500 SQUARE_CORNER_VELOCITY=7
G1 F4800
G1 X123.588 Y81.199 E.00987
G1 X123.587 Y80.809 E.01163
G1 X123.626 Y80.42 E.01163
G1 X123.703 Y80.037 E.01163
G1 X123.817 Y79.664 E.01163
G1 X123.969 Y79.304 E.01163
G1 X124.154 Y78.962 E.01158
G1 X124.36 Y78.657 E.01097
G1 X124.607 Y78.358 E.01156
G1 X124.885 Y78.083 E.01163
G1 X125.188 Y77.837 E.01163
G1 X125.514 Y77.623 E.01162
G1 X125.854 Y77.445 E.01145
G1 X126.216 Y77.299 E.0116
G1 X126.592 Y77.189 E.01167
G1 X126.922 Y77.125 E.01003
G1 X127.305 Y77.087 E.01146
G1 X127.695 Y77.087 E.01162
G1 X128.084 Y77.126 E.01163
G1 X128.467 Y77.204 E.01163
G1 X128.84 Y77.319 E.01163
G1 X129.199 Y77.47 E.01162
G1 X129.542 Y77.657 E.01162
G1 X129.864 Y77.877 E.01162
G1 X130.158 Y78.122 E.01139
G1 X130.686 Y78.72 E.02377
G1 X130.893 Y79.042 E.01141
G1 X131.051 Y79.346 E.01019
G1 X131.198 Y79.708 E.01165
G1 X131.297 Y80.033 E.01011
G1 X131.373 Y80.413 E.01155
G1 X131.412 Y80.801 E.01162
G1 X131.413 Y81.191 E.01162
G1 X131.374 Y81.579 E.01162
G1 X131.298 Y81.962 E.01162
G1 X131.184 Y82.334 E.01158
G1 X131.042 Y82.673 E.01096
G1 X130.86 Y83.015 E.01154
G1 X130.643 Y83.339 E.01162
G1 X130.394 Y83.64 E.01162
G1 X130.118 Y83.915 E.01162
G1 X129.815 Y84.161 E.01162
G1 X129.495 Y84.372 E.01142
G1 X129.149 Y84.554 E.01164
G1 X128.793 Y84.698 E.01143
G1 X128.419 Y84.808 E.01162
G1 X128.084 Y84.874 E.01017
G1 X127.704 Y84.912 E.01138
G1 X126.907 Y84.872 E.02376
G1 X126.532 Y84.796 E.01141
G1 X126.204 Y84.697 E.01019
G1 X125.843 Y84.55 E.01163
G1 X125.498 Y84.367 E.01163
G1 X125.173 Y84.151 E.01162
G1 X124.871 Y83.904 E.01162
G1 X124.595 Y83.628 E.01163
G1 X124.348 Y83.326 E.01162
G1 X124.132 Y83.001 E.01163
G1 X123.949 Y82.655 E.01163
G1 X123.802 Y82.293 E.01165
G1 X123.704 Y81.968 E.01012
G1 X123.627 Y81.588 E.01155
G1 X123.625 Y81.569 E.00057
SET_VELOCITY_LIMIT ACCEL=5000 ACCEL_TO_DECEL=2500 SQUARE_CORNER_VELOCITY=9
G1 X123.996 Y81.51 F21000
SET_VELOCITY_LIMIT ACCEL=1000 ACCEL_TO_DECEL=500 SQUARE_CORNER_VELOCITY=7
G1 F4800
G1 X123.962 Y81.158 E.01051
G1 X123.964 Y80.806 E.01051
G1 X124.001 Y80.455 E.01051
G1 X124.073 Y80.109 E.01051
G1 X124.179 Y79.772 E.01051
G1 X124.317 Y79.448 E.01051
G1 X124.487 Y79.14 E.01047
G1 X124.674 Y78.866 E.00988
G1 X124.9 Y78.596 E.01048
G1 X125.152 Y78.349 E.01051
G1 X125.427 Y78.129 E.01051
G1 X125.723 Y77.937 E.0105
G1 X126.032 Y77.778 E.01034
G1 X126.359 Y77.648 E.0105
G1 X126.699 Y77.551 E.01054
G1 X126.996 Y77.495 E.009
G1 X127.345 Y77.462 E.01043
G1 X127.698 Y77.464 E.01052
G1 X128.049 Y77.502 E.01051
G1 X128.395 Y77.574 E.01051
G1 X128.731 Y77.68 E.01051
G1 X129.055 Y77.819 E.01051
G1 X129.364 Y77.989 E.01051
G1 X129.654 Y78.19 E.0105
G1 X129.92 Y78.415 E.01036
G1 X130.366 Y78.92 E.02009
G1 X130.556 Y79.212 E.01036
G1 X130.719 Y79.524 E.0105
G1 X130.85 Y79.852 E.01051
G1 X130.936 Y80.144 E.00907
G1 X131.004 Y80.491 E.01051
G1 X131.038 Y80.842 E.0105
G1 X131.036 Y81.194 E.0105
G1 X130.999 Y81.545 E.0105
G1 X130.927 Y81.89 E.01051
G1 X130.822 Y82.225 E.01046
G1 X130.693 Y82.531 E.00987
G1 X130.526 Y82.84 E.01047
G1 X130.328 Y83.131 E.0105
G1 X130.102 Y83.402 E.0105
G1 X129.85 Y83.649 E.0105
G1 X129.575 Y83.87 E.0105
G1 X129.285 Y84.058 E.01031
G1 X128.971 Y84.221 E.01053
G1 X128.689 Y84.335 E.00906
G1 X128.352 Y84.437 E.0105
G1 X128.007 Y84.505 E.01048
G1 X127.661 Y84.537 E.01034
G1 X126.988 Y84.504 E.02008
G1 X126.646 Y84.437 E.01037
G1 X126.308 Y84.335 E.01051
G1 X125.982 Y84.199 E.01051
G1 X125.672 Y84.033 E.01051
G1 X125.379 Y83.836 E.01051
G1 X125.107 Y83.611 E.01051
G1 X124.86 Y83.36 E.01051
G1 X124.638 Y83.085 E.01051
G1 X124.445 Y82.79 E.01051
G1 X124.282 Y82.477 E.01051
G1 X124.15 Y82.149 E.01052
G1 X124.064 Y81.856 E.00908
G1 X124.003 Y81.549 E.00933
SET_VELOCITY_LIMIT ACCEL=5000 ACCEL_TO_DECEL=2500 SQUARE_CORNER_VELOCITY=9
G1 X124.374 Y81.479 F21000
SET_VELOCITY_LIMIT ACCEL=1000 ACCEL_TO_DECEL=500 SQUARE_CORNER_VELOCITY=7
G1 F4800
G1 X124.365 Y81.435 E.00134
G1 X124.338 Y81.12 E.0094
G1 X124.341 Y80.805 E.0094
G1 X124.376 Y80.492 E.00939
G1 X124.443 Y80.183 E.0094
G1 X124.539 Y79.883 E.00939
G1 X124.665 Y79.594 E.0094
G1 X124.818 Y79.32 E.00935
G1 X124.987 Y79.077 E.0088
G1 X125.191 Y78.836 E.0094
G1 X125.417 Y78.617 E.0094
G1 X125.665 Y78.422 E.0094
G1 X125.93 Y78.252 E.00938
G1 X126.207 Y78.112 E.00923
G1 X126.501 Y77.997 E.00939
G1 X126.805 Y77.913 E.00941
G1 X127.068 Y77.865 E.00797
G1 X127.383 Y77.837 E.00941
G1 X127.698 Y77.841 E.0094
G1 X128.012 Y77.877 E.0094
G1 X128.32 Y77.943 E.0094
G1 X128.62 Y78.04 E.0094
G1 X128.909 Y78.166 E.00939
G1 X129.184 Y78.32 E.00939
G1 X129.442 Y78.501 E.00939
G1 X129.679 Y78.705 E.00932
G1 X130.048 Y79.123 E.01658
G1 X130.221 Y79.383 E.00932
G1 X130.368 Y79.662 E.00939
G1 X130.487 Y79.954 E.00939
G1 X130.576 Y80.256 E.00939
G1 X130.635 Y80.566 E.00939
G1 X130.662 Y80.88 E.00939
G1 X130.659 Y81.195 E.00939
G1 X130.624 Y81.508 E.00939
G1 X130.558 Y81.816 E.00939
G1 X130.462 Y82.115 E.00934
G1 X130.345 Y82.386 E.00879
G1 X130.193 Y82.662 E.00939
G1 X130.014 Y82.922 E.00939
G1 X129.811 Y83.162 E.00939
G1 X129.584 Y83.381 E.00939
G1 X129.337 Y83.577 E.00939
G1 X129.113 Y83.723 E.00796
G1 X128.834 Y83.87 E.0094
G1 X128.543 Y83.988 E.00937
G1 X128.241 Y84.077 E.00937
G1 X127.932 Y84.135 E.00937
G1 X127.621 Y84.162 E.00931
G1 X127.065 Y84.135 E.01657
G1 X126.757 Y84.076 E.00933
G1 X126.455 Y83.987 E.00939
G1 X126.163 Y83.868 E.00939
G1 X125.884 Y83.721 E.00939
G1 X125.621 Y83.547 E.00939
G1 X125.377 Y83.347 E.00939
G1 X125.154 Y83.124 E.00939
G1 X124.955 Y82.881 E.00939
G1 X124.78 Y82.618 E.0094
G1 X124.633 Y82.339 E.00939
G1 X124.513 Y82.047 E.0094
G1 X124.424 Y81.745 E.0094
G1 X124.381 Y81.518 E.00687
SET_VELOCITY_LIMIT ACCEL=5000 ACCEL_TO_DECEL=2500 SQUARE_CORNER_VELOCITY=9
G1 X124.749 Y81.445 F21000
SET_VELOCITY_LIMIT ACCEL=1000 ACCEL_TO_DECEL=500 SQUARE_CORNER_VELOCITY=7
G1 F4800
G1 X124.741 Y81.404 E.00127
G1 X124.715 Y81.127 E.00828
G1 X124.716 Y80.849 E.00828
G1 X124.745 Y80.573 E.00828
G1 X124.801 Y80.3 E.00828
G1 X124.884 Y80.035 E.00828
G1 X124.993 Y79.78 E.00828
G1 X125.127 Y79.536 E.00828
G1 X125.273 Y79.322 E.00772
G1 X125.451 Y79.109 E.00828
G1 X125.65 Y78.914 E.00828
G1 X125.866 Y78.74 E.00828
G1 X126.099 Y78.589 E.00828
G1 X126.342 Y78.464 E.00812
G1 X126.6 Y78.361 E.00827
G1 X126.867 Y78.285 E.00828
G1 X127.14 Y78.235 E.00828
G1 X127.417 Y78.213 E.00828
G1 X127.695 Y78.219 E.00828
G1 X127.971 Y78.252 E.00828
G1 X128.242 Y78.312 E.00828
G1 X128.506 Y78.4 E.00828
G1 X128.76 Y78.513 E.00827
G1 X129.001 Y78.65 E.00827
G1 X129.227 Y78.811 E.00827
G1 X129.436 Y78.994 E.00827
G1 X129.731 Y79.328 E.01326
G1 X129.886 Y79.558 E.00827
G1 X130.018 Y79.802 E.00827
G1 X130.125 Y80.059 E.00827
G1 X130.205 Y80.324 E.00827
G1 X130.259 Y80.597 E.00827
G1 X130.285 Y80.873 E.00827
G1 X130.284 Y81.151 E.00827
G1 X130.255 Y81.427 E.00827
G1 X130.199 Y81.699 E.00827
G1 X130.116 Y81.964 E.00827
G1 X130.016 Y82.202 E.00771
G1 X129.884 Y82.447 E.00827
G1 X129.728 Y82.677 E.00827
G1 X129.55 Y82.89 E.00827
G1 X129.352 Y83.084 E.00827
G1 X129.136 Y83.258 E.00826
G1 X128.903 Y83.409 E.00827
G1 X128.657 Y83.537 E.00827
G1 X128.399 Y83.639 E.00825
G1 X128.133 Y83.716 E.00826
G1 X127.86 Y83.765 E.00825
G1 X127.584 Y83.787 E.00825
G1 X127.139 Y83.765 E.01326
G1 X126.866 Y83.715 E.00827
G1 X126.599 Y83.639 E.00827
G1 X126.341 Y83.536 E.00827
G1 X126.094 Y83.408 E.00827
G1 X125.862 Y83.256 E.00827
G1 X125.645 Y83.082 E.00827
G1 X125.447 Y82.887 E.00827
G1 X125.27 Y82.674 E.00827
G1 X125.114 Y82.443 E.00828
G1 X124.982 Y82.199 E.00828
G1 X124.876 Y81.942 E.00828
G1 X124.795 Y81.676 E.00828
G1 X124.757 Y81.485 E.00582
; printing object vyper_electronics_cassette.stl id:0 copy 0
SET_VELOCITY_LIMIT ACCEL=5000 ACCEL_TO_DECEL=2500 SQUARE_CORNER_VELOCITY=9
G1 E-.68 F3600
;WIPE_START
G1 F4800
G1 X124.741 Y81.404 E-.00991
G1 X124.715 Y81.127 E-.03335
G1 X124.716 Y80.849 E-.03335
G1 X124.745 Y80.573 E-.03335
G1 X124.762 Y80.491 E-.01005
;WIPE_END
EXCLUDE_OBJECT_START NAME=vyper_electronics_cassette.stl_id_0_copy_0
G1 X125.241 Y88.108 Z.6 F21000
G1 X128.706 Y143.125 Z.6
G1 Z.2
G1 E.8 F2700
SET_VELOCITY_LIMIT ACCEL=1000 ACCEL_TO_DECEL=500 SQUARE_CORNER_VELOCITY=7
;TYPE:Outer wall
G1 F3000
G1 X128.979 Y143.321 E.01001
G1 X129.285 Y143.65 E.01338
G1 X129.517 Y144.03 E.01326
G1 X129.669 Y144.448 E.01326
G1 X129.735 Y144.889 E.01327
G1 X129.713 Y145.333 E.01326
G1 X129.604 Y145.765 E.01326
G1 X129.411 Y146.166 E.01326
G1 X129.142 Y146.521 E.01326
G1 X128.805 Y146.818 E.01338
G1 X128.42 Y147.041 E.01326
G1 X127.997 Y147.182 E.01327
G1 X127.78 Y147.221 E.00656
G1 X127.441 Y147.237 E.01012
G1 X127.221 Y147.22 E.00657
G1 X126.787 Y147.121 E.01327
G1 X126.381 Y146.938 E.01327
G1 X126.019 Y146.678 E.01327
G1 X125.716 Y146.351 E.01327
G1 X125.484 Y145.971 E.01327
G1 X125.331 Y145.552 E.01327
G1 X125.288 Y145.338 E.00649
G1 X125.265 Y144.883 E.01358
G1 X125.287 Y144.666 E.00649
G1 X125.397 Y144.235 E.01327
G1 X125.59 Y143.833 E.01327
G1 X125.859 Y143.478 E.01327
G1 X126.193 Y143.183 E.01327
G1 X126.578 Y142.96 E.01327
G1 X127 Y142.818 E.01327
G1 X127.217 Y142.78 E.00656
G1 X127.56 Y142.763 E.01023
G1 X127.779 Y142.78 E.00655
G1 X128.212 Y142.879 E.01323
G1 X128.618 Y143.061 E.01325
G1 X128.674 Y143.101 E.00205
SET_VELOCITY_LIMIT ACCEL=5000 ACCEL_TO_DECEL=2500 SQUARE_CORNER_VELOCITY=9
G1 E-.68 F3600
;WIPE_START
G1 F3000
G1 X128.979 Y143.321 E-.04514
G1 X129.285 Y143.65 E-.05391
G1 X129.376 Y143.799 E-.02095
;WIPE_END
G1 X128.729 Y146.399 Z.6 F21000
G1 Z.2
G1 E.8 F2700
SET_VELOCITY_LIMIT ACCEL=1000 ACCEL_TO_DECEL=500 SQUARE_CORNER_VELOCITY=7
G1 F3000
G1 X128.431 Y146.613 E.01092
G1 X128.093 Y146.765 E.01105
G1 X127.732 Y146.848 E.01105
G1 X127.361 Y146.857 E.01105
G1 X126.996 Y146.793 E.01105
G1 X126.65 Y146.657 E.01105
G1 X126.339 Y146.456 E.01105
G1 X126.073 Y146.197 E.01105
G1 X125.864 Y145.891 E.01105
G1 X125.72 Y145.549 E.01105
G1 X125.647 Y145.188 E.01097
G1 X125.64 Y144.904 E.00846
G1 X125.695 Y144.54 E.01095
G1 X125.822 Y144.192 E.01105
G1 X126.015 Y143.875 E.01105
G1 X126.268 Y143.604 E.01105
G1 X126.569 Y143.387 E.01105
G1 X126.907 Y143.235 E.01105
G1 X127.268 Y143.152 E.01105
G1 X127.639 Y143.143 E.01105
G1 X128.004 Y143.207 E.01105
G1 X128.35 Y143.343 E.01105
G1 X128.661 Y143.544 E.01105
G1 X128.927 Y143.803 E.01105
G1 X129.136 Y144.109 E.01105
G1 X129.28 Y144.451 E.01105
G1 X129.353 Y144.811 E.01095
G1 X129.36 Y145.095 E.00846
G1 X129.305 Y145.46 E.01097
G1 X129.178 Y145.808 E.01105
G1 X128.985 Y146.125 E.01105
G1 X128.757 Y146.37 E.00998
SET_VELOCITY_LIMIT ACCEL=5000 ACCEL_TO_DECEL=2500 SQUARE_CORNER_VELOCITY=9
G1 E-.68 F3600
;WIPE_START
G1 F3000
G1 X128.431 Y146.613 E-.04872
G1 X128.093 Y146.765 E-.04451
G1 X127.876 Y146.815 E-.02677
;WIPE_END
G1 X120.244 Y146.92 Z.6 F21000
G1 X97.391 Y147.233 Z.6
G1 Z.2
G1 E.8 F2700
SET_VELOCITY_LIMIT ACCEL=1000 ACCEL_TO_DECEL=500 SQUARE_CORNER_VELOCITY=7
G1 F3000
G1 X97.223 Y147.221 E.00502
G1 X96.788 Y147.122 E.01327
G1 X96.382 Y146.939 E.01327
G1 X96.02 Y146.679 E.01327
G1 X95.717 Y146.352 E.01327
G1 X95.485 Y145.972 E.01327
G1 X95.332 Y145.554 E.01327
G1 X95.288 Y145.34 E.00649
G1 X95.265 Y144.885 E.01357
G1 X95.287 Y144.664 E.00662
G1 X95.397 Y144.233 E.01327
G1 X95.591 Y143.832 E.01327
G1 X95.86 Y143.477 E.01327
G1 X96.194 Y143.182 E.01327
G1 X96.58 Y142.959 E.01327
G1 X97.002 Y142.818 E.01324
G1 X97.218 Y142.78 E.00654
M73 P7 R12
G1 X97.56 Y142.763 E.01021
G1 X97.78 Y142.78 E.00656
G1 X98.214 Y142.879 E.01326
G1 X98.62 Y143.063 E.01326
G1 X98.981 Y143.323 E.01326
G1 X99.284 Y143.649 E.01326
G1 X99.516 Y144.029 E.01327
G1 X99.669 Y144.448 E.01327
G1 X99.735 Y144.889 E.01328
G1 X99.713 Y145.333 E.01327
G1 X99.603 Y145.765 E.01327
G1 X99.41 Y146.167 E.01327
G1 X99.141 Y146.522 E.01327
G1 X98.807 Y146.817 E.01328
G1 X98.421 Y147.04 E.01327
G1 X97.999 Y147.182 E.01327
G1 X97.782 Y147.22 E.00656
G1 X97.443 Y147.237 E.01012
G1 X97.431 Y147.236 E.00036
SET_VELOCITY_LIMIT ACCEL=5000 ACCEL_TO_DECEL=2500 SQUARE_CORNER_VELOCITY=9
G1 X97.357 Y146.856 F21000
SET_VELOCITY_LIMIT ACCEL=1000 ACCEL_TO_DECEL=500 SQUARE_CORNER_VELOCITY=7
G1 F3000
G1 X96.996 Y146.793 E.01092
G1 X96.65 Y146.657 E.01105
G1 X96.339 Y146.456 E.01105
G1 X96.073 Y146.197 E.01105
G1 X95.864 Y145.891 E.01105
G1 X95.72 Y145.549 E.01105
G1 X95.647 Y145.188 E.01097
G1 X95.64 Y144.904 E.00846
G1 X95.695 Y144.54 E.01095
G1 X95.822 Y144.192 E.01105
G1 X96.015 Y143.875 E.01105
G1 X96.268 Y143.604 E.01105
G1 X96.569 Y143.387 E.01105
G1 X96.907 Y143.235 E.01105
G1 X97.268 Y143.152 E.01105
G1 X97.639 Y143.143 E.01105
G1 X98.004 Y143.207 E.01105
G1 X98.35 Y143.343 E.01105
G1 X98.661 Y143.544 E.01105
G1 X98.927 Y143.803 E.01105
G1 X99.136 Y144.109 E.01105
G1 X99.28 Y144.451 E.01105
G1 X99.353 Y144.811 E.01095
G1 X99.36 Y145.095 E.00846
G1 X99.305 Y145.46 E.01097
G1 X99.178 Y145.808 E.01105
G1 X98.985 Y146.125 E.01105
G1 X98.732 Y146.396 E.01105
G1 X98.431 Y146.613 E.01105
G1 X98.093 Y146.765 E.01105
G1 X97.732 Y146.848 E.01105
G1 X97.397 Y146.856 E.00998
SET_VELOCITY_LIMIT ACCEL=5000 ACCEL_TO_DECEL=2500 SQUARE_CORNER_VELOCITY=9
G1 E-.68 F3600
;WIPE_START
G1 F3000
G1 X96.996 Y146.793 E-.04872
G1 X96.65 Y146.657 E-.0445
G1 X96.463 Y146.536 E-.02677
;WIPE_END
G1 X96.445 Y138.904 Z.6 F21000
G1 X96.312 Y82.888 Z.6
G1 Z.2
G1 E.8 F2700
SET_VELOCITY_LIMIT ACCEL=1000 ACCEL_TO_DECEL=500 SQUARE_CORNER_VELOCITY=7
G1 F3000
G1 X96.02 Y82.679 E.01071
G1 X95.717 Y82.352 E.01327
G1 X95.485 Y81.972 E.01327
G1 X95.332 Y81.554 E.01327
G1 X95.288 Y81.34 E.00649
G1 X95.265 Y80.885 E.01357
G1 X95.287 Y80.664 E.00662
G1 X95.397 Y80.233 E.01327
G1 X95.591 Y79.832 E.01327
G1 X95.86 Y79.477 E.01327
G1 X96.194 Y79.182 E.01327
G1 X96.58 Y78.959 E.01327
G1 X97.003 Y78.818 E.01327
G1 X97.22 Y78.779 E.00656
G1 X97.559 Y78.763 E.01012
G1 X97.779 Y78.78 E.00657
G1 X98.213 Y78.879 E.01327
G1 X98.619 Y79.062 E.01327
G1 X98.981 Y79.322 E.01327
G1 X99.284 Y79.649 E.01327
G1 X99.516 Y80.029 E.01327
G1 X99.669 Y80.448 E.01327
G1 X99.735 Y80.889 E.01328
G1 X99.713 Y81.333 E.01327
G1 X99.603 Y81.765 E.01327
G1 X99.41 Y82.167 E.01327
G1 X99.141 Y82.522 E.01327
G1 X98.807 Y82.817 E.01327
G1 X98.422 Y83.04 E.01327
G1 X98 Y83.182 E.01327
G1 X97.783 Y83.22 E.00656
G1 X97.44 Y83.237 E.01023
G1 X97.221 Y83.22 E.00655
G1 X96.788 Y83.121 E.01323
G1 X96.382 Y82.939 E.01325
G1 X96.345 Y82.912 E.00137
SET_VELOCITY_LIMIT ACCEL=5000 ACCEL_TO_DECEL=2500 SQUARE_CORNER_VELOCITY=9
G1 E-.68 F3600
;WIPE_START
G1 F3000
G1 X96.02 Y82.679 E-.04794
G1 X95.717 Y82.352 E-.05346
G1 X95.636 Y82.22 E-.0186
;WIPE_END
G1 X96.318 Y79.567 Z.6 F21000
G1 Z.2
G1 E.8 F2700
SET_VELOCITY_LIMIT ACCEL=1000 ACCEL_TO_DECEL=500 SQUARE_CORNER_VELOCITY=7
G1 F3000
G1 X96.569 Y79.387 E.00918
G1 X96.907 Y79.235 E.01105
G1 X97.268 Y79.152 E.01105
G1 X97.639 Y79.143 E.01105
G1 X98.004 Y79.207 E.01105
G1 X98.35 Y79.343 E.01105
G1 X98.661 Y79.544 E.01105
G1 X98.927 Y79.803 E.01105
G1 X99.136 Y80.109 E.01105
G1 X99.28 Y80.451 E.01105
G1 X99.353 Y80.811 E.01095
G1 X99.36 Y81.095 E.00846
G1 X99.305 Y81.46 E.01097
G1 X99.178 Y81.808 E.01105
G1 X98.985 Y82.125 E.01105
G1 X98.732 Y82.396 E.01105
G1 X98.431 Y82.613 E.01105
G1 X98.093 Y82.765 E.01105
G1 X97.732 Y82.848 E.01105
G1 X97.361 Y82.857 E.01105
G1 X96.996 Y82.793 E.01105
G1 X96.65 Y82.657 E.01105
G1 X96.339 Y82.456 E.01105
G1 X96.073 Y82.197 E.01105
G1 X95.864 Y81.891 E.01105
G1 X95.72 Y81.549 E.01105
G1 X95.647 Y81.188 E.01097
G1 X95.64 Y80.904 E.00846
G1 X95.695 Y80.54 E.01095
G1 X95.822 Y80.192 E.01105
G1 X96.015 Y79.875 E.01105
G1 X96.268 Y79.604 E.01105
G1 X96.286 Y79.59 E.00067
SET_VELOCITY_LIMIT ACCEL=5000 ACCEL_TO_DECEL=2500 SQUARE_CORNER_VELOCITY=9
G1 E-.68 F3600
;WIPE_START
G1 F3000
G1 X96.569 Y79.387 E-.04179
G1 X96.907 Y79.235 E-.0445
G1 X97.181 Y79.172 E-.0337
;WIPE_END
G1 X104.767 Y80.008 Z.6 F21000
G1 X128.983 Y82.677 Z.6
G1 Z.2
G1 E.8 F2700
SET_VELOCITY_LIMIT ACCEL=1000 ACCEL_TO_DECEL=500 SQUARE_CORNER_VELOCITY=7
G1 F3000
G1 X128.618 Y82.939 E.01338
G1 X128.213 Y83.122 E.01325
G1 X127.782 Y83.22 E.01315
G1 X127.44 Y83.237 E.01021
G1 X127 Y83.181 E.01319
G1 X126.578 Y83.039 E.01326
G1 X126.193 Y82.816 E.01326
G1 X125.859 Y82.522 E.01326
G1 X125.59 Y82.167 E.01327
G1 X125.397 Y81.765 E.01327
G1 X125.288 Y81.338 E.01312
G1 X125.265 Y80.883 E.01358
G1 X125.331 Y80.448 E.01312
G1 X125.483 Y80.029 E.01327
G1 X125.716 Y79.649 E.01327
G1 X126.019 Y79.322 E.01327
G1 X126.38 Y79.062 E.01327
G1 X126.787 Y78.879 E.01327
G1 X127.218 Y78.78 E.01319
G1 X127.557 Y78.763 E.01009
G1 X128.002 Y78.819 E.01337
G1 X128.419 Y78.96 E.01312
G1 X128.805 Y79.182 E.01326
G1 X129.142 Y79.479 E.01338
G1 X129.41 Y79.834 E.01325
G1 X129.603 Y80.235 E.01326
G1 X129.713 Y80.667 E.01326
G1 X129.735 Y81.111 E.01326
G1 X129.669 Y81.552 E.01326
G1 X129.517 Y81.97 E.01326
G1 X129.285 Y82.35 E.01326
G1 X129.01 Y82.647 E.01207
SET_VELOCITY_LIMIT ACCEL=5000 ACCEL_TO_DECEL=2500 SQUARE_CORNER_VELOCITY=9
G1 X128.989 Y82.117 F21000
SET_VELOCITY_LIMIT ACCEL=1000 ACCEL_TO_DECEL=500 SQUARE_CORNER_VELOCITY=7
G1 F3000
G1 X128.985 Y82.125 E.00026
G1 X128.732 Y82.396 E.01105
G1 X128.431 Y82.613 E.01105
G1 X128.093 Y82.765 E.01105
G1 X127.732 Y82.848 E.01105
G1 X127.361 Y82.857 E.01105
G1 X126.996 Y82.793 E.01105
G1 X126.65 Y82.657 E.01105
G1 X126.339 Y82.456 E.01105
G1 X126.073 Y82.197 E.01105
G1 X125.864 Y81.891 E.01105
G1 X125.72 Y81.549 E.01105
G1 X125.647 Y81.188 E.01097
G1 X125.64 Y80.904 E.00846
G1 X125.695 Y80.54 E.01095
G1 X125.822 Y80.192 E.01105
G1 X126.015 Y79.875 E.01105
G1 X126.268 Y79.604 E.01105
G1 X126.569 Y79.387 E.01105
G1 X126.907 Y79.235 E.01105
G1 X127.268 Y79.152 E.01105
G1 X127.639 Y79.143 E.01105
G1 X128.004 Y79.207 E.01105
G1 X128.35 Y79.343 E.01105
G1 X128.661 Y79.544 E.01105
G1 X128.927 Y79.803 E.01105
G1 X129.136 Y80.109 E.01105
G1 X129.28 Y80.451 E.01105
G1 X129.353 Y80.811 E.01095
G1 X129.36 Y81.095 E.00846
G1 X129.305 Y81.46 E.01097
G1 X129.178 Y81.808 E.01105
G1 X129.01 Y82.083 E.0096
; stop printing object vyper_electronics_cassette.stl id:0 copy 0
;LAYER_CHANGE
;Z:0.4
;HEIGHT:0.2
;BEFORE_LAYER_CHANGE
G92 E0
;0.4


G1 E-.68 F3600
;WIPE_START
G1 F3000
G1 X128.985 Y82.125 E-.00584
G1 X128.732 Y82.396 E-.0445
G1 X128.431 Y82.613 E-.0445
G1 X128.24 Y82.699 E-.02515
;WIPE_END
EXCLUDE_OBJECT_END NAME=vyper_electronics_cassette.stl_id_0_copy_0
;AFTER_LAYER_CHANGE
;0.4
;_SET_FAN_SPEED_CHANGING_LAYER
SET_VELOCITY_LIMIT ACCEL=5000 ACCEL_TO_DECEL=2500
SET_VELOCITY_LIMIT SQUARE_CORNER_VELOCITY=9
M104 S250 ; set nozzle temperature
M140 S80 ; set bed temperature
G1 X135.812 Y82.699 Z.8 F21000
G1 Z.4
G1 E.8 F2700
;TYPE:Skirt
G1 F3000
G1 X135.812 Y145.106 E1.85888
G1 X135.627 Y146.748 E.04922
G1 X135.207 Y148.114 E.04257
G1 X134.673 Y149.201 E.03608
G1 X134.066 Y150.098 E.03224
G1 X133.389 Y150.867 E.03055
G1 X132.469 Y151.664 E.03623
G1 X131.536 Y152.268 E.03312
G1 X130.436 Y152.777 E.03611
G1 X129.464 Y153.078 E.0303
G1 X128.397 Y153.264 E.03226
G1 X97.417 Y153.312 E.9228
G1 X95.8 Y153.137 E.04843
M73 P7 R11
G1 X94.341 Y152.689 E.04546
G1 X93.257 Y152.148 E.0361
G1 X92.416 Y151.577 E.0303
G1 X91.513 Y150.767 E.03611
G1 X90.721 Y149.811 E.037
G1 X90.139 Y148.862 E.03315
G1 X89.655 Y147.75 E.03611
G1 X89.378 Y146.772 E.03029
G1 X89.205 Y145.542 E.03699
G1 X89.188 Y80.9 E1.92546
G1 X89.33 Y79.465 E.04298
G1 X89.796 Y77.877 E.0493
G1 X90.332 Y76.789 E.03611
G1 X90.941 Y75.893 E.03226
G1 X91.613 Y75.131 E.0303
G1 X92.403 Y74.433 E.03138
G1 X93.243 Y73.86 E.03029
G1 X94.327 Y73.316 E.03612
G1 X95.353 Y72.969 E.03227
G1 X96.35 Y72.767 E.0303
G1 X97.43 Y72.687 E.03226
G1 X127.432 Y72.687 E.89365
G1 X129.043 Y72.832 E.04819
G1 X130.421 Y73.217 E.0426
G1 X131.768 Y73.867 E.04456
G1 X133.073 Y74.832 E.04836
G1 X134.057 Y75.89 E.04301
G1 X134.866 Y77.147 E.04453
M73 P8 R11
G1 X135.475 Y78.653 E.04838
G1 X135.759 Y80.053 E.04257
G1 X135.812 Y81.106 E.0314
G1 X135.812 Y82.659 E.04627
; printing object vyper_electronics_cassette.stl id:0 copy 0
G1 E-.68 F3600
;WIPE_START
G1 F3000
G1 X135.812 Y83.659 E-.12
;WIPE_END
EXCLUDE_OBJECT_START NAME=vyper_electronics_cassette.stl_id_0_copy_0
G1 X128.219 Y82.882 Z.8 F21000
G1 X96.352 Y79.618 Z.8
G1 Z.4
G1 E.8 F2700
SET_VELOCITY_LIMIT ACCEL=3000 ACCEL_TO_DECEL=1500 SQUARE_CORNER_VELOCITY=7
;TYPE:Outer wall
;WIDTH:0.4
G1 F3600
G1 X96.599 Y79.44 E.00861
G1 X96.926 Y79.293 E.01012
G1 X97.276 Y79.213 E.01012
G1 X97.635 Y79.204 E.01012
G1 X97.988 Y79.266 E.01012
G1 X98.322 Y79.397 E.01012
G1 X98.623 Y79.592 E.01012
G1 X98.88 Y79.842 E.01012
G1 X99.082 Y80.139 E.01012
G1 X99.221 Y80.469 E.01012
G1 X99.292 Y80.818 E.01004
G1 X99.298 Y81.092 E.00773
G1 X99.245 Y81.444 E.01004
G1 X99.123 Y81.781 E.01012
G1 X98.936 Y82.087 E.01012
G1 X98.692 Y82.35 E.01012
G1 X98.4 Y82.56 E.01012
G1 X98.074 Y82.707 E.01012
G1 X97.724 Y82.787 E.01012
G1 X97.365 Y82.796 E.01012
G1 X97.012 Y82.734 E.01012
G1 X96.678 Y82.603 E.01012
G1 X96.377 Y82.408 E.01012
G1 X96.12 Y82.158 E.01012
G1 X95.918 Y81.861 E.01012
G1 X95.779 Y81.531 E.01012
G1 X95.708 Y81.182 E.01005
G1 X95.702 Y80.908 E.00773
G1 X95.755 Y80.556 E.01004
G1 X95.877 Y80.219 E.01012
G1 X96.064 Y79.913 E.01012
G1 X96.308 Y79.65 E.01012
G1 X96.319 Y79.642 E.00038
SET_VELOCITY_LIMIT ACCEL=5000 ACCEL_TO_DECEL=2500 SQUARE_CORNER_VELOCITY=9
G1 E-.68
;WIPE_START
G1 X96.599 Y79.44 E-.04142
G1 X96.926 Y79.293 E-.04304
G1 X97.215 Y79.227 E-.03554
;WIPE_END
G1 X96.265 Y82.93 Z.8 F21000
G1 Z.4
G1 E.8 F2700
SET_VELOCITY_LIMIT ACCEL=3000 ACCEL_TO_DECEL=1500 SQUARE_CORNER_VELOCITY=7
G1 F3600
G1 X95.981 Y82.727 E.00985
G1 X95.67 Y82.392 E.0129
G1 X95.43 Y82.002 E.0129
G1 X95.273 Y81.573 E.0129
G1 X95.203 Y81.121 E.0129
G1 X95.203 Y80.895 E.00638
G1 X95.248 Y80.536 E.01019
G1 X95.383 Y80.102 E.01282
G1 X95.603 Y79.701 E.0129
G1 X95.897 Y79.351 E.0129
G1 X96.255 Y79.066 E.0129
G1 X96.663 Y78.858 E.0129
G1 X97.103 Y78.735 E.01291
G1 X97.331 Y78.706 E.00646
G1 X97.788 Y78.718 E.01291
G1 X98.234 Y78.821 E.01291
G1 X98.651 Y79.009 E.01291
G1 X99.023 Y79.277 E.01291
G1 X99.334 Y79.612 E.01291
G1 X99.572 Y80.003 E.01291
G1 X99.729 Y80.433 E.01291
G1 X99.797 Y80.885 E.01291
G1 X99.774 Y81.342 E.01291
G1 X99.661 Y81.786 E.01291
G1 X99.463 Y82.198 E.01291
G1 X99.187 Y82.563 E.0129
G1 X98.845 Y82.866 E.01289
G1 X98.449 Y83.095 E.01289
G1 X98.017 Y83.241 E.01289
G1 X97.794 Y83.281 E.00637
G1 X97.435 Y83.299 E.01016
G1 X97.211 Y83.281 E.00633
G1 X96.769 Y83.18 E.0128
G1 X96.353 Y82.993 E.01285
G1 X96.298 Y82.954 E.00192
SET_VELOCITY_LIMIT ACCEL=5000 ACCEL_TO_DECEL=2500 SQUARE_CORNER_VELOCITY=9
G1 X96.437 Y82.738 F21000
;TYPE:Gap infill
;WIDTH:0.114355
G1 F5278
G1 X96.563 Y82.82 E.00085
G1 X96.942 Y82.97 E.0023
G1 X97.35 Y83.044 E.00234
G1 X97.758 Y83.034 E.0023
G1 X98.154 Y82.938 E.0023
G1 X98.525 Y82.77 E.0023
G1 X98.856 Y82.532 E.0023
G1 X99.132 Y82.233 E.0023
G1 X99.344 Y81.885 E.0023
G1 X99.483 Y81.502 E.0023
G1 X99.543 Y81.105 E.00227
G1 X99.536 Y80.794 E.00176
G1 X99.457 Y80.4 E.00227
G1 X99.299 Y80.024 E.0023
G1 X99.07 Y79.687 E.0023
G1 X98.779 Y79.402 E.0023
G1 X98.437 Y79.18 E.0023
G1 X98.057 Y79.031 E.0023
G1 X97.656 Y78.959 E.0023
G1 X97.242 Y78.967 E.00234
G1 X96.845 Y79.061 E.0023
G1 X96.474 Y79.229 E.0023
G1 X96.143 Y79.467 E.0023
G1 X95.866 Y79.767 E.0023
G1 X95.654 Y80.115 E.0023
G1 X95.515 Y80.498 E.0023
G1 X95.454 Y80.889 E.00223
G1 X95.464 Y81.206 E.00179
G1 X95.543 Y81.6 E.00227
G1 X95.701 Y81.976 E.0023
G1 X95.93 Y82.313 E.0023
G1 X96.221 Y82.598 E.0023
G1 X96.404 Y82.717 E.00123
G1 E-.68 F3600
;WIPE_START
G1 F7200
G1 X96.563 Y82.82 E-.02283
G1 X96.942 Y82.97 E-.04891
G1 X97.338 Y83.042 E-.04826
;WIPE_END
G1 X104.967 Y82.811 Z.8 F21000
G1 X128.936 Y82.086 Z.8
G1 Z.4
G1 E.8 F2700
SET_VELOCITY_LIMIT ACCEL=3000 ACCEL_TO_DECEL=1500 SQUARE_CORNER_VELOCITY=7
;TYPE:Outer wall
;WIDTH:0.4
G1 F3600
G1 X128.936 Y82.087 E.00005
G1 X128.692 Y82.35 E.01012
G1 X128.4 Y82.56 E.01012
G1 X128.074 Y82.707 E.01012
G1 X127.724 Y82.787 E.01012
G1 X127.365 Y82.796 E.01012
G1 X127.012 Y82.734 E.01012
G1 X126.678 Y82.603 E.01012
G1 X126.377 Y82.408 E.01012
G1 X126.12 Y82.158 E.01012
G1 X125.918 Y81.861 E.01012
G1 X125.779 Y81.531 E.01012
G1 X125.708 Y81.182 E.01005
G1 X125.702 Y80.908 E.00773
G1 X125.755 Y80.556 E.01004
G1 X125.877 Y80.219 E.01012
G1 X126.064 Y79.913 E.01012
G1 X126.308 Y79.65 E.01012
G1 X126.599 Y79.44 E.01012
G1 X126.926 Y79.293 E.01012
G1 X127.276 Y79.213 E.01012
G1 X127.635 Y79.204 E.01012
G1 X127.988 Y79.266 E.01012
G1 X128.322 Y79.397 E.01012
G1 X128.623 Y79.592 E.01012
G1 X128.88 Y79.842 E.01012
G1 X129.082 Y80.139 E.01012
G1 X129.221 Y80.469 E.01012
G1 X129.292 Y80.818 E.01005
G1 X129.298 Y81.092 E.00773
G1 X129.245 Y81.444 E.01004
G1 X129.123 Y81.781 E.01012
G1 X128.957 Y82.052 E.00894
G1 X129.029 Y82.718 F21000
G1 F3600
G1 X128.742 Y82.936 E.01016
G1 X128.338 Y83.142 E.01278
G1 X127.901 Y83.264 E.0128
G1 X127.436 Y83.299 E.01315
G1 X126.983 Y83.241 E.01288
G1 X126.551 Y83.095 E.01289
G1 X126.155 Y82.866 E.01289
G1 X125.813 Y82.563 E.01289
G1 X125.537 Y82.198 E.0129
G1 X125.339 Y81.786 E.01291
G1 X125.226 Y81.342 E.01291
G1 X125.203 Y80.885 E.01291
G1 X125.271 Y80.433 E.01291
G1 X125.428 Y80.003 E.01291
G1 X125.666 Y79.612 E.01291
G1 X125.977 Y79.277 E.01291
G1 X126.349 Y79.009 E.01291
G1 X126.766 Y78.821 E.01291
G1 X127.209 Y78.719 E.01283
G1 X127.566 Y78.702 E.01007
G1 X128.014 Y78.759 E.01274
G1 X128.443 Y78.902 E.01278
G1 X128.839 Y79.13 E.01287
G1 X129.19 Y79.44 E.01323
G1 X129.465 Y79.805 E.01287
G1 X129.662 Y80.216 E.01287
G1 X129.774 Y80.658 E.01287
G1 X129.797 Y81.114 E.01287
G1 X129.729 Y81.566 E.01287
G1 X129.574 Y81.995 E.01287
G1 X129.336 Y82.384 E.01287
G1 X129.056 Y82.688 E.01167
SET_VELOCITY_LIMIT ACCEL=5000 ACCEL_TO_DECEL=2500 SQUARE_CORNER_VELOCITY=9
G1 X128.873 Y82.519 F21000
;TYPE:Gap infill
;WIDTH:0.117385
G1 F5278
G1 X129.137 Y82.235 E.00228
G1 X129.349 Y81.887 E.0024
G1 X129.488 Y81.504 E.00239
G1 X129.548 Y81.102 E.00239
G1 X129.524 Y80.696 E.00239
G1 X129.424 Y80.302 E.00239
G1 X129.249 Y79.936 E.00239
G1 X129.005 Y79.612 E.00239
G1 X128.774 Y79.398 E.00185
G1 X128.431 Y79.177 E.0024
G1 X128.051 Y79.029 E.0024
G1 X127.65 Y78.959 E.0024
G1 X127.242 Y78.966 E.0024
G1 X126.845 Y79.057 E.00239
G1 X126.473 Y79.225 E.0024
G1 X126.142 Y79.463 E.0024
G1 X125.865 Y79.763 E.0024
G1 X125.652 Y80.111 E.0024
G1 X125.513 Y80.494 E.0024
G1 X125.453 Y80.889 E.00235
G1 X125.476 Y81.305 E.00245
G1 X125.576 Y81.7 E.0024
G1 X125.753 Y82.067 E.0024
G1 X125.934 Y82.318 E.00182
G1 X126.226 Y82.602 E.0024
G1 X126.569 Y82.823 E.0024
G1 X126.949 Y82.971 E.0024
G1 X127.35 Y83.042 E.0024
G1 X127.758 Y83.03 E.0024
G1 X128.155 Y82.939 E.0024
G1 X128.526 Y82.771 E.0024
G1 X128.844 Y82.546 E.00229
G1 E-.68 F3600
;WIPE_START
G1 F7200
G1 X129.137 Y82.235 E-.05124
G1 X129.349 Y81.887 E-.04896
G1 X129.405 Y81.732 E-.0198
;WIPE_END
G1 X129.321 Y89.364 Z.8 F21000
G1 X128.692 Y146.35 Z.8
G1 Z.4
G1 E.8 F2700
SET_VELOCITY_LIMIT ACCEL=3000 ACCEL_TO_DECEL=1500 SQUARE_CORNER_VELOCITY=7
;TYPE:Outer wall
;WIDTH:0.4
G1 F3600
G1 X128.4 Y146.56 E.01012
G1 X128.074 Y146.707 E.01012
G1 X127.724 Y146.787 E.01012
G1 X127.365 Y146.796 E.01012
G1 X127.012 Y146.734 E.01012
G1 X126.678 Y146.603 E.01012
G1 X126.377 Y146.408 E.01012
G1 X126.12 Y146.158 E.01012
G1 X125.918 Y145.861 E.01012
G1 X125.779 Y145.531 E.01012
G1 X125.708 Y145.182 E.01005
G1 X125.702 Y144.908 E.00773
G1 X125.755 Y144.556 E.01004
G1 X125.877 Y144.219 E.01012
G1 X126.064 Y143.913 E.01012
G1 X126.308 Y143.65 E.01012
G1 X126.599 Y143.44 E.01012
G1 X126.926 Y143.293 E.01012
G1 X127.276 Y143.213 E.01012
G1 X127.635 Y143.204 E.01012
G1 X127.988 Y143.266 E.01012
G1 X128.322 Y143.397 E.01012
G1 X128.623 Y143.592 E.01012
G1 X128.88 Y143.842 E.01012
G1 X129.082 Y144.139 E.01012
G1 X129.221 Y144.469 E.01012
G1 X129.292 Y144.818 E.01005
G1 X129.298 Y145.092 E.00773
G1 X129.245 Y145.444 E.01004
G1 X129.123 Y145.781 E.01012
G1 X128.936 Y146.087 E.01012
G1 X128.719 Y146.321 E.00899
SET_VELOCITY_LIMIT ACCEL=5000 ACCEL_TO_DECEL=2500 SQUARE_CORNER_VELOCITY=9
G1 E-.68
;WIPE_START
G1 X128.4 Y146.56 E-.04775
G1 X128.074 Y146.707 E-.04304
G1 X127.836 Y146.761 E-.02921
;WIPE_END
G1 X128.753 Y143.082 Z.8 F21000
G1 Z.4
G1 E.8 F2700
SET_VELOCITY_LIMIT ACCEL=3000 ACCEL_TO_DECEL=1500 SQUARE_CORNER_VELOCITY=7
G1 F3600
G1 X129.017 Y143.272 E.00918
G1 X129.336 Y143.616 E.01323
G1 X129.574 Y144.005 E.01287
G1 X129.729 Y144.434 E.01287
G1 X129.797 Y144.886 E.01287
G1 X129.774 Y145.342 E.01287
G1 X129.662 Y145.784 E.01287
G1 X129.465 Y146.195 E.01287
G1 X129.19 Y146.56 E.01287
G1 X129.029 Y146.718 E.00637
G1 X128.742 Y146.936 E.01016
G1 X128.337 Y147.142 E.0128
G1 X127.897 Y147.265 E.01291
G1 X127.669 Y147.294 E.00646
G1 X127.212 Y147.282 E.01291
G1 X126.766 Y147.179 E.01291
G1 X126.349 Y146.991 E.01291
G1 X125.977 Y146.723 E.01291
G1 X125.666 Y146.388 E.01291
G1 X125.428 Y145.997 E.01291
G1 X125.271 Y145.567 E.01291
G1 X125.203 Y145.115 E.01291
G1 X125.226 Y144.658 E.01291
G1 X125.339 Y144.214 E.01291
G1 X125.537 Y143.802 E.01291
G1 X125.813 Y143.437 E.0129
G1 X126.155 Y143.134 E.01289
G1 X126.551 Y142.905 E.01289
G1 X126.983 Y142.759 E.01289
G1 X127.206 Y142.719 E.00637
G1 X127.565 Y142.701 E.01016
G1 X127.789 Y142.719 E.00633
G1 X128.231 Y142.82 E.0128
G1 X128.646 Y143.006 E.01284
G1 X128.72 Y143.059 E.00256
SET_VELOCITY_LIMIT ACCEL=5000 ACCEL_TO_DECEL=2500 SQUARE_CORNER_VELOCITY=9
G1 X128.581 Y143.274 F21000
;TYPE:Gap infill
;WIDTH:0.113853
G1 F5278
G1 X128.437 Y143.18 E.00096
G1 X128.058 Y143.03 E.00228
G1 X127.65 Y142.956 E.00232
G1 X127.242 Y142.966 E.00229
G1 X126.846 Y143.062 E.00228
G1 X126.48 Y143.227 E.00225
G1 X126.149 Y143.464 E.00228
G1 X125.871 Y143.762 E.00228
G1 X125.658 Y144.11 E.00228
G1 X125.518 Y144.492 E.00228
G1 X125.458 Y144.89 E.00225
G1 X125.464 Y145.206 E.00177
G1 X125.543 Y145.6 E.00225
G1 X125.701 Y145.976 E.00228
G1 X125.93 Y146.313 E.00228
G1 X126.221 Y146.598 E.00228
G1 X126.563 Y146.82 E.00228
G1 X126.943 Y146.969 E.00228
G1 X127.344 Y147.041 E.00228
G1 X127.758 Y147.033 E.00232
G1 X128.155 Y146.939 E.00228
G1 X128.526 Y146.771 E.00228
G1 X128.859 Y146.535 E.00229
G1 X129.132 Y146.233 E.00228
G1 X129.344 Y145.885 E.00228
G1 X129.482 Y145.508 E.00225
G1 X129.543 Y145.105 E.00228
G1 X129.536 Y144.794 E.00174
G1 X129.457 Y144.4 E.00225
G1 X129.299 Y144.024 E.00228
G1 X129.07 Y143.687 E.00228
G1 X128.779 Y143.402 E.00228
G1 X128.615 Y143.295 E.0011
G1 E-.68 F3600
;WIPE_START
G1 F7200
G1 X128.437 Y143.18 E-.02546
G1 X128.058 Y143.03 E-.04891
G1 X127.683 Y142.962 E-.04563
;WIPE_END
G1 X120.111 Y143.92 Z.8 F21000
G1 X97.365 Y146.796 Z.8
G1 Z.4
G1 E.8 F2700
SET_VELOCITY_LIMIT ACCEL=3000 ACCEL_TO_DECEL=1500 SQUARE_CORNER_VELOCITY=7
;TYPE:Outer wall
;WIDTH:0.4
G1 F3600
G1 X97.012 Y146.734 E.01012
G1 X96.678 Y146.603 E.01012
G1 X96.377 Y146.408 E.01012
G1 X96.12 Y146.158 E.01012
G1 X95.918 Y145.861 E.01012
G1 X95.779 Y145.531 E.01012
G1 X95.708 Y145.182 E.01005
G1 X95.702 Y144.908 E.00773
G1 X95.755 Y144.556 E.01004
G1 X95.877 Y144.219 E.01012
G1 X96.064 Y143.913 E.01012
G1 X96.308 Y143.65 E.01012
G1 X96.599 Y143.44 E.01012
G1 X96.926 Y143.293 E.01012
G1 X97.276 Y143.213 E.01012
G1 X97.635 Y143.204 E.01012
G1 X97.988 Y143.266 E.01012
G1 X98.322 Y143.397 E.01012
G1 X98.623 Y143.592 E.01012
G1 X98.88 Y143.842 E.01012
G1 X99.082 Y144.139 E.01012
G1 X99.221 Y144.469 E.01012
G1 X99.292 Y144.818 E.01004
G1 X99.298 Y145.092 E.00773
G1 X99.245 Y145.444 E.01004
G1 X99.123 Y145.781 E.01012
G1 X98.936 Y146.087 E.01012
G1 X98.692 Y146.35 E.01012
G1 X98.4 Y146.56 E.01012
G1 X98.074 Y146.707 E.01012
G1 X97.724 Y146.787 E.01012
G1 X97.405 Y146.795 E.00899
G1 X97.333 Y147.285 F21000
G1 F3600
G1 X97.217 Y147.282 E.00327
G1 X96.77 Y147.181 E.01291
G1 X96.353 Y146.993 E.01291
G1 X95.981 Y146.727 E.0129
G1 X95.67 Y146.392 E.0129
G1 X95.43 Y146.002 E.0129
G1 X95.273 Y145.573 E.0129
G1 X95.203 Y145.121 E.0129
G1 X95.203 Y144.895 E.00638
G1 X95.248 Y144.536 E.01019
G1 X95.383 Y144.102 E.01282
G1 X95.603 Y143.701 E.0129
G1 X95.897 Y143.351 E.0129
G1 X96.255 Y143.066 E.0129
G1 X96.662 Y142.858 E.01288
G1 X97.099 Y142.736 E.0128
G1 X97.564 Y142.701 E.01315
G1 X97.791 Y142.719 E.00645
G1 X98.237 Y142.821 E.01289
G1 X98.653 Y143.01 E.01289
G1 X99.023 Y143.277 E.01289
G1 X99.334 Y143.612 E.01289
G1 X99.572 Y144.003 E.01291
G1 X99.729 Y144.433 E.01291
G1 X99.797 Y144.885 E.01291
G1 X99.774 Y145.342 E.01291
G1 X99.661 Y145.786 E.01291
G1 X99.463 Y146.198 E.01291
G1 X99.336 Y146.385 E.00638
G1 X99.099 Y146.652 E.01007
G1 X98.745 Y146.933 E.01274
G1 X98.342 Y147.14 E.01277
G1 X97.902 Y147.264 E.01291
G1 X97.674 Y147.293 E.00646
G1 X97.373 Y147.286 E.00851
SET_VELOCITY_LIMIT ACCEL=5000 ACCEL_TO_DECEL=2500 SQUARE_CORNER_VELOCITY=9
G1 X97.368 Y147.041 F21000
;TYPE:Gap infill
;WIDTH:0.114802
G1 F5278
G1 X97.751 Y147.034 E.00217
G1 X98.155 Y146.939 E.00235
G1 X98.526 Y146.771 E.00231
G1 X98.857 Y146.532 E.00231
G1 X99.137 Y146.235 E.00232
G1 X99.344 Y145.885 E.00231
G1 X99.483 Y145.502 E.00231
G1 X99.543 Y145.105 E.00228
G1 X99.536 Y144.794 E.00177
G1 X99.457 Y144.4 E.00228
G1 X99.299 Y144.024 E.00231
G1 X99.07 Y143.687 E.00231
G1 X98.779 Y143.402 E.00231
G1 X98.437 Y143.18 E.00231
G1 X98.057 Y143.031 E.00231
G1 X97.65 Y142.956 E.00235
G1 X97.242 Y142.97 E.00231
G1 X96.845 Y143.061 E.00231
G1 X96.474 Y143.229 E.00231
G1 X96.143 Y143.467 E.00231
G1 X95.866 Y143.767 E.00231
G1 X95.654 Y144.115 E.00231
G1 X95.515 Y144.498 E.00231
G1 X95.454 Y144.889 E.00225
G1 X95.464 Y145.206 E.0018
G1 X95.543 Y145.6 E.00228
G1 X95.701 Y145.976 E.00231
G1 X95.93 Y146.313 E.00231
G1 X96.221 Y146.598 E.00231
G1 X96.563 Y146.82 E.00231
G1 X96.942 Y146.97 E.00231
G1 X97.329 Y147.038 E.00223
; stop printing object vyper_electronics_cassette.stl id:0 copy 0
;LAYER_CHANGE
;Z:0.6
;HEIGHT:0.2
;BEFORE_LAYER_CHANGE
G92 E0
;0.6


G1 E-.68 F3600
;WIPE_START
G1 F7200
G1 X97.751 Y147.034 E-.05073
G1 X98.155 Y146.939 E-.04975
G1 X98.303 Y146.872 E-.01953
;WIPE_END
EXCLUDE_OBJECT_END NAME=vyper_electronics_cassette.stl_id_0_copy_0
;AFTER_LAYER_CHANGE
;0.6
;_SET_FAN_SPEED_CHANGING_LAYER
; printing object vyper_electronics_cassette.stl id:0 copy 0
EXCLUDE_OBJECT_START NAME=vyper_electronics_cassette.stl_id_0_copy_0
G1 X98.081 Y139.243 Z1 F21000
G1 X96.349 Y79.621 Z1
G1 Z.6
G1 E.8 F2700
SET_VELOCITY_LIMIT ACCEL=3000 ACCEL_TO_DECEL=1500 SQUARE_CORNER_VELOCITY=7
;TYPE:Outer wall
;WIDTH:0.4
G1 F1292
G1 X96.599 Y79.44 E.00871
G1 X96.926 Y79.293 E.01012
G1 X97.276 Y79.213 E.01012
G1 X97.635 Y79.204 E.01012
G1 X97.988 Y79.266 E.01012
G1 X98.322 Y79.397 E.01012
G1 X98.623 Y79.592 E.01012
G1 X98.88 Y79.842 E.01012
G1 X99.082 Y80.139 E.01012
G1 X99.221 Y80.469 E.01012
G1 X99.292 Y80.818 E.01005
G1 X99.298 Y81.092 E.00773
G1 X99.245 Y81.444 E.01004
G1 X99.123 Y81.781 E.01012
G1 X98.936 Y82.087 E.01012
G1 X98.692 Y82.35 E.01012
G1 X98.401 Y82.56 E.01012
G1 X98.074 Y82.707 E.01012
G1 X97.724 Y82.787 E.01012
G1 X97.365 Y82.796 E.01012
G1 X97.012 Y82.734 E.01012
G1 X96.678 Y82.603 E.01012
G1 X96.377 Y82.408 E.01012
G1 X96.12 Y82.158 E.01012
G1 X95.918 Y81.861 E.01012
G1 X95.779 Y81.531 E.01012
G1 X95.708 Y81.182 E.01005
G1 X95.702 Y80.908 E.00773
G1 X95.755 Y80.556 E.01004
G1 X95.877 Y80.219 E.01012
G1 X96.064 Y79.913 E.01012
G1 X96.308 Y79.65 E.01012
G1 X96.316 Y79.644 E.00028
SET_VELOCITY_LIMIT ACCEL=5000 ACCEL_TO_DECEL=2500 SQUARE_CORNER_VELOCITY=9
G1 E-.68 F3600
;WIPE_START
G1 X96.599 Y79.44 E-.04187
G1 X96.926 Y79.293 E-.04304
G1 X97.212 Y79.228 E-.0351
;WIPE_END
G1 X96.253 Y82.922 Z1 F21000
G1 Z.6
G1 E.8 F2700
SET_VELOCITY_LIMIT ACCEL=3000 ACCEL_TO_DECEL=1500 SQUARE_CORNER_VELOCITY=7
G1 F1292
G1 X95.983 Y82.729 E.00936
G1 X95.671 Y82.395 E.01289
G1 X95.432 Y82.005 E.01289
G1 X95.274 Y81.577 E.01289
G1 X95.204 Y81.125 E.01289
G1 X95.203 Y80.899 E.00637
G1 X95.249 Y80.532 E.01043
G1 X95.384 Y80.099 E.01281
G1 X95.604 Y79.698 E.01289
G1 X95.899 Y79.349 E.01289
G1 X96.257 Y79.065 E.01289
G1 X96.665 Y78.857 E.0129
G1 X97.105 Y78.734 E.0129
G1 X97.333 Y78.706 E.00646
G1 X97.79 Y78.719 E.0129
G1 X98.236 Y78.821 E.0129
G1 X98.652 Y79.01 E.0129
G1 X99.024 Y79.277 E.0129
G1 X99.334 Y79.613 E.0129
G1 X99.573 Y80.003 E.0129
G1 X99.729 Y80.433 E.0129
G1 X99.797 Y80.886 E.0129
G1 X99.774 Y81.342 E.0129
G1 X99.661 Y81.786 E.0129
G1 X99.463 Y82.198 E.0129
G1 X99.188 Y82.562 E.01288
G1 X98.846 Y82.864 E.01287
G1 X98.452 Y83.093 E.01287
G1 X98.02 Y83.24 E.01287
G1 X97.798 Y83.28 E.00636
G1 X97.431 Y83.298 E.01037
G1 X97.209 Y83.281 E.00628
G1 X96.769 Y83.181 E.01272
G1 X96.355 Y82.994 E.01281
G1 X96.286 Y82.945 E.00241
SET_VELOCITY_LIMIT ACCEL=5000 ACCEL_TO_DECEL=2500 SQUARE_CORNER_VELOCITY=9
G1 X96.425 Y82.73 F21000
;TYPE:Gap infill
;WIDTH:0.114352
G1 F1292
G1 X96.563 Y82.82 E.00093
G1 X96.942 Y82.97 E.0023
G1 X97.35 Y83.044 E.00234
G1 X97.758 Y83.034 E.0023
G1 X98.154 Y82.938 E.0023
G1 X98.525 Y82.77 E.0023
G1 X98.856 Y82.532 E.0023
G1 X99.129 Y82.238 E.00226
G1 X99.342 Y81.89 E.0023
G1 X99.482 Y81.508 E.0023
G1 X99.543 Y81.105 E.0023
G1 X99.536 Y80.794 E.00176
G1 X99.457 Y80.4 E.00227
G1 X99.299 Y80.024 E.0023
G1 X99.07 Y79.687 E.0023
G1 X98.779 Y79.402 E.0023
G1 X98.437 Y79.18 E.0023
G1 X98.057 Y79.031 E.0023
G1 X97.656 Y78.959 E.0023
G1 X97.242 Y78.967 E.00234
G1 X96.845 Y79.061 E.0023
G1 X96.474 Y79.229 E.0023
G1 X96.143 Y79.467 E.0023
G1 X95.866 Y79.767 E.0023
G1 X95.654 Y80.115 E.0023
G1 X95.515 Y80.498 E.0023
G1 X95.454 Y80.889 E.00223
G1 X95.464 Y81.206 E.00179
G1 X95.543 Y81.6 E.00227
G1 X95.701 Y81.976 E.0023
G1 X95.93 Y82.313 E.0023
G1 X96.221 Y82.598 E.0023
G1 X96.391 Y82.709 E.00114
G1 E-.68 F3600
;WIPE_START
G1 F7200
G1 X96.563 Y82.82 E-.02461
G1 X96.942 Y82.97 E-.04892
G1 X97.323 Y83.039 E-.04647
;WIPE_END
G1 X104.952 Y82.809 Z1 F21000
G1 X128.936 Y82.087 Z1
M73 P9 R11
G1 Z.6
G1 E.8 F2700
SET_VELOCITY_LIMIT ACCEL=3000 ACCEL_TO_DECEL=1500 SQUARE_CORNER_VELOCITY=7
;TYPE:Outer wall
;WIDTH:0.4
G1 F1292
G1 X128.936 Y82.087 E0
G1 X128.692 Y82.35 E.01012
G1 X128.401 Y82.56 E.01012
G1 X128.074 Y82.707 E.01012
G1 X127.724 Y82.787 E.01012
G1 X127.365 Y82.796 E.01012
G1 X127.012 Y82.734 E.01012
G1 X126.678 Y82.603 E.01012
G1 X126.377 Y82.408 E.01012
G1 X126.12 Y82.158 E.01012
G1 X125.918 Y81.861 E.01012
G1 X125.779 Y81.531 E.01012
G1 X125.708 Y81.182 E.01005
G1 X125.702 Y80.908 E.00773
G1 X125.755 Y80.556 E.01004
G1 X125.877 Y80.219 E.01012
G1 X126.064 Y79.913 E.01012
G1 X126.308 Y79.65 E.01012
G1 X126.599 Y79.44 E.01012
G1 X126.926 Y79.293 E.01012
G1 X127.276 Y79.213 E.01012
G1 X127.635 Y79.204 E.01012
G1 X127.988 Y79.266 E.01012
G1 X128.322 Y79.397 E.01012
G1 X128.623 Y79.592 E.01012
G1 X128.88 Y79.842 E.01012
G1 X129.082 Y80.139 E.01012
G1 X129.221 Y80.469 E.01012
G1 X129.292 Y80.818 E.01005
G1 X129.298 Y81.092 E.00773
G1 X129.245 Y81.444 E.01005
G1 X129.123 Y81.781 E.01012
G1 X128.957 Y82.053 E.00898
G1 X129.032 Y82.715 F21000
G1 F1292
G1 X128.739 Y82.937 E.01038
G1 X128.337 Y83.142 E.01273
G1 X127.903 Y83.264 E.01272
G1 X127.679 Y83.293 E.00635
G1 X127.432 Y83.299 E.00698
G1 X126.98 Y83.24 E.01286
G1 X126.548 Y83.093 E.01287
G1 X126.154 Y82.864 E.01287
G1 X125.812 Y82.562 E.01287
G1 X125.537 Y82.198 E.01288
G1 X125.339 Y81.786 E.0129
G1 X125.226 Y81.342 E.0129
G1 X125.203 Y80.886 E.0129
G1 X125.271 Y80.433 E.0129
G1 X125.427 Y80.003 E.0129
G1 X125.666 Y79.613 E.0129
G1 X125.976 Y79.277 E.0129
G1 X126.348 Y79.01 E.0129
G1 X126.764 Y78.821 E.0129
G1 X127.207 Y78.719 E.01282
G1 X127.573 Y78.702 E.01032
G1 X128.011 Y78.758 E.01248
G1 X128.441 Y78.902 E.01278
G1 X128.836 Y79.128 E.01284
G1 X129.014 Y79.269 E.00642
G1 X129.193 Y79.444 E.00703
G1 X129.466 Y79.807 E.01283
G1 X129.663 Y80.218 E.01284
G1 X129.774 Y80.659 E.01284
G1 X129.797 Y81.114 E.01284
G1 X129.729 Y81.564 E.01284
G1 X129.575 Y81.992 E.01284
G1 X129.338 Y82.382 E.01284
G1 X129.059 Y82.685 E.01163
SET_VELOCITY_LIMIT ACCEL=5000 ACCEL_TO_DECEL=2500 SQUARE_CORNER_VELOCITY=9
G1 X128.877 Y82.517 F21000
;TYPE:Gap infill
;WIDTH:0.117426
G1 F1292
G1 X129.139 Y82.232 E.00228
G1 X129.35 Y81.885 E.00239
G1 X129.488 Y81.503 E.00239
G1 X129.548 Y81.102 E.00239
G1 X129.524 Y80.697 E.00239
G1 X129.425 Y80.304 E.00239
G1 X129.25 Y79.938 E.00239
G1 X129.007 Y79.615 E.00238
G1 X128.773 Y79.398 E.00188
G1 X128.431 Y79.177 E.0024
G1 X128.051 Y79.029 E.0024
G1 X127.65 Y78.959 E.0024
G1 X127.242 Y78.966 E.0024
G1 X126.844 Y79.057 E.0024
G1 X126.472 Y79.225 E.0024
G1 X126.141 Y79.464 E.0024
G1 X125.864 Y79.763 E.0024
G1 X125.652 Y80.111 E.0024
G1 X125.513 Y80.495 E.0024
G1 X125.453 Y80.889 E.00235
G1 X125.476 Y81.305 E.00245
G1 X125.576 Y81.699 E.0024
G1 X125.753 Y82.066 E.0024
G1 X125.998 Y82.39 E.00239
G1 X126.302 Y82.66 E.00239
G1 X126.653 Y82.863 E.00239
G1 X127.037 Y82.994 E.00239
G1 X127.439 Y83.046 E.00239
G1 X127.758 Y83.03 E.00188
G1 X128.155 Y82.939 E.0024
G1 X128.526 Y82.771 E.0024
G1 X128.846 Y82.542 E.00231
G1 E-.68 F3600
;WIPE_START
G1 F7200
G1 X129.139 Y82.232 E-.05126
G1 X129.35 Y81.885 E-.04871
G1 X129.407 Y81.728 E-.02003
;WIPE_END
G1 X129.322 Y89.36 Z1 F21000
G1 X128.692 Y146.35 Z1
G1 Z.6
G1 E.8 F2700
SET_VELOCITY_LIMIT ACCEL=3000 ACCEL_TO_DECEL=1500 SQUARE_CORNER_VELOCITY=7
;TYPE:Outer wall
;WIDTH:0.4
G1 F1292
G1 X128.401 Y146.56 E.01012
G1 X128.074 Y146.707 E.01012
G1 X127.724 Y146.787 E.01012
G1 X127.365 Y146.796 E.01012
G1 X127.012 Y146.734 E.01012
G1 X126.678 Y146.603 E.01012
G1 X126.377 Y146.408 E.01012
G1 X126.12 Y146.158 E.01012
G1 X125.918 Y145.861 E.01012
G1 X125.779 Y145.531 E.01012
G1 X125.708 Y145.182 E.01005
G1 X125.702 Y144.908 E.00773
G1 X125.755 Y144.556 E.01004
G1 X125.877 Y144.219 E.01012
G1 X126.064 Y143.913 E.01012
G1 X126.308 Y143.65 E.01012
G1 X126.599 Y143.44 E.01012
G1 X126.926 Y143.293 E.01012
G1 X127.276 Y143.213 E.01012
G1 X127.635 Y143.204 E.01012
G1 X127.988 Y143.266 E.01012
G1 X128.322 Y143.397 E.01012
G1 X128.623 Y143.592 E.01012
G1 X128.88 Y143.842 E.01012
G1 X129.082 Y144.139 E.01012
G1 X129.221 Y144.469 E.01012
G1 X129.292 Y144.818 E.01005
G1 X129.298 Y145.092 E.00773
G1 X129.245 Y145.444 E.01005
G1 X129.123 Y145.781 E.01012
G1 X128.936 Y146.087 E.01012
G1 X128.719 Y146.321 E.00899
SET_VELOCITY_LIMIT ACCEL=5000 ACCEL_TO_DECEL=2500 SQUARE_CORNER_VELOCITY=9
G1 E-.68 F3600
;WIPE_START
G1 X128.401 Y146.56 E-.04775
G1 X128.074 Y146.707 E-.04304
G1 X127.836 Y146.761 E-.02922
;WIPE_END
G1 X128.764 Y143.091 Z1 F21000
G1 Z.6
G1 E.8 F2700
SET_VELOCITY_LIMIT ACCEL=3000 ACCEL_TO_DECEL=1500 SQUARE_CORNER_VELOCITY=7
G1 F1292
G1 X129.014 Y143.269 E.00868
G1 X129.193 Y143.444 E.00703
G1 X129.338 Y143.618 E.00642
G1 X129.575 Y144.008 E.01284
G1 X129.729 Y144.436 E.01284
G1 X129.797 Y144.886 E.01284
G1 X129.774 Y145.341 E.01284
G1 X129.663 Y145.782 E.01284
G1 X129.466 Y146.193 E.01284
G1 X129.193 Y146.557 E.01284
G1 X129.032 Y146.715 E.00635
G1 X128.739 Y146.937 E.01038
G1 X128.335 Y147.143 E.01278
G1 X127.895 Y147.266 E.0129
G1 X127.667 Y147.294 E.00646
G1 X127.21 Y147.281 E.0129
G1 X126.764 Y147.179 E.0129
G1 X126.348 Y146.99 E.0129
G1 X125.976 Y146.723 E.0129
G1 X125.666 Y146.387 E.0129
G1 X125.427 Y145.997 E.0129
G1 X125.271 Y145.567 E.0129
G1 X125.203 Y145.114 E.0129
G1 X125.226 Y144.658 E.0129
G1 X125.339 Y144.214 E.0129
G1 X125.537 Y143.802 E.0129
G1 X125.812 Y143.438 E.01288
G1 X126.154 Y143.136 E.01287
G1 X126.548 Y142.907 E.01287
G1 X126.98 Y142.76 E.01287
G1 X127.202 Y142.72 E.00636
G1 X127.569 Y142.702 E.01037
G1 X127.791 Y142.719 E.00628
G1 X128.231 Y142.819 E.01272
G1 X128.644 Y143.005 E.01278
G1 X128.731 Y143.067 E.00303
SET_VELOCITY_LIMIT ACCEL=5000 ACCEL_TO_DECEL=2500 SQUARE_CORNER_VELOCITY=9
G1 X128.593 Y143.281 F21000
;TYPE:Gap infill
;WIDTH:0.113844
G1 F1292
G1 X128.437 Y143.18 E.00104
G1 X128.058 Y143.03 E.00228
G1 X127.65 Y142.956 E.00232
G1 X127.242 Y142.966 E.00229
G1 X126.846 Y143.062 E.00228
G1 X126.48 Y143.227 E.00225
G1 X126.149 Y143.464 E.00228
G1 X125.871 Y143.762 E.00228
G1 X125.658 Y144.11 E.00228
G1 X125.518 Y144.492 E.00228
G1 X125.458 Y144.89 E.00225
G1 X125.464 Y145.206 E.00177
G1 X125.543 Y145.6 E.00225
G1 X125.701 Y145.976 E.00228
G1 X125.93 Y146.313 E.00228
G1 X126.221 Y146.598 E.00228
G1 X126.563 Y146.82 E.00228
G1 X126.943 Y146.969 E.00228
G1 X127.344 Y147.041 E.00228
G1 X127.758 Y147.033 E.00232
G1 X128.155 Y146.939 E.00228
G1 X128.526 Y146.771 E.00228
G1 X128.859 Y146.535 E.00229
G1 X129.132 Y146.233 E.00228
G1 X129.344 Y145.885 E.00228
G1 X129.482 Y145.508 E.00225
G1 X129.543 Y145.105 E.00228
G1 X129.536 Y144.794 E.00174
G1 X129.457 Y144.4 E.00225
G1 X129.299 Y144.024 E.00228
G1 X129.07 Y143.687 E.00228
G1 X128.779 Y143.402 E.00228
G1 X128.627 Y143.303 E.00102
G1 E-.68 F3600
;WIPE_START
G1 F7200
G1 X128.437 Y143.18 E-.02713
G1 X128.058 Y143.03 E-.04892
G1 X127.697 Y142.965 E-.04395
;WIPE_END
G1 X120.125 Y143.921 Z1 F21000
G1 X97.365 Y146.796 Z1
G1 Z.6
G1 E.8 F2700
SET_VELOCITY_LIMIT ACCEL=3000 ACCEL_TO_DECEL=1500 SQUARE_CORNER_VELOCITY=7
;TYPE:Outer wall
;WIDTH:0.4
G1 F1292
G1 X97.012 Y146.734 E.01012
G1 X96.678 Y146.603 E.01012
G1 X96.377 Y146.408 E.01012
G1 X96.12 Y146.158 E.01012
G1 X95.918 Y145.861 E.01012
G1 X95.779 Y145.531 E.01012
G1 X95.708 Y145.182 E.01005
G1 X95.702 Y144.908 E.00773
G1 X95.755 Y144.556 E.01004
G1 X95.877 Y144.219 E.01012
G1 X96.064 Y143.913 E.01012
G1 X96.308 Y143.65 E.01012
G1 X96.599 Y143.44 E.01012
G1 X96.926 Y143.293 E.01012
G1 X97.276 Y143.213 E.01012
G1 X97.635 Y143.204 E.01012
G1 X97.988 Y143.266 E.01012
G1 X98.322 Y143.397 E.01012
G1 X98.623 Y143.592 E.01012
G1 X98.88 Y143.842 E.01012
G1 X99.082 Y144.139 E.01012
G1 X99.221 Y144.469 E.01012
G1 X99.292 Y144.818 E.01005
G1 X99.298 Y145.092 E.00773
G1 X99.245 Y145.444 E.01004
G1 X99.123 Y145.781 E.01012
G1 X98.936 Y146.087 E.01012
G1 X98.692 Y146.35 E.01012
G1 X98.401 Y146.56 E.01012
G1 X98.074 Y146.707 E.01012
G1 X97.724 Y146.787 E.01012
G1 X97.405 Y146.795 E.00899
G1 X97.286 Y147.284 F21000
G1 F1292
G1 X97.219 Y147.282 E.00191
G1 X96.772 Y147.182 E.0129
G1 X96.355 Y146.994 E.0129
G1 X95.983 Y146.729 E.01289
G1 X95.671 Y146.395 E.01289
G1 X95.432 Y146.005 E.01289
G1 X95.274 Y145.577 E.01289
G1 X95.204 Y145.125 E.01289
G1 X95.203 Y144.899 E.00637
G1 X95.249 Y144.532 E.01043
G1 X95.384 Y144.099 E.01281
G1 X95.604 Y143.698 E.01289
G1 X95.899 Y143.349 E.01289
G1 X96.257 Y143.065 E.01289
G1 X96.663 Y142.858 E.01285
G1 X97.097 Y142.736 E.01272
G1 X97.321 Y142.707 E.00635
G1 X97.568 Y142.701 E.00698
G1 X97.795 Y142.719 E.00643
G1 X98.239 Y142.822 E.01287
G1 X98.655 Y143.011 E.01287
G1 X99.025 Y143.278 E.01287
G1 X99.334 Y143.613 E.01287
G1 X99.573 Y144.003 E.0129
G1 X99.729 Y144.433 E.0129
G1 X99.797 Y144.886 E.0129
G1 X99.774 Y145.342 E.0129
G1 X99.661 Y145.786 E.0129
G1 X99.463 Y146.198 E.0129
G1 X99.336 Y146.384 E.00637
G1 X99.093 Y146.658 E.01031
G1 X98.746 Y146.933 E.01249
G1 X98.343 Y147.14 E.01277
G1 X97.903 Y147.264 E.0129
G1 X97.676 Y147.293 E.00646
G1 X97.326 Y147.285 E.00987
SET_VELOCITY_LIMIT ACCEL=5000 ACCEL_TO_DECEL=2500 SQUARE_CORNER_VELOCITY=9
G1 X97.344 Y147.041 F21000
;TYPE:Gap infill
;WIDTH:0.1148
G1 F1292
G1 X97.751 Y147.034 E.00231
G1 X98.155 Y146.939 E.00235
G1 X98.526 Y146.771 E.00231
G1 X98.857 Y146.532 E.00231
G1 X99.137 Y146.235 E.00232
G1 X99.344 Y145.885 E.00231
G1 X99.483 Y145.502 E.00231
G1 X99.543 Y145.105 E.00228
G1 X99.536 Y144.794 E.00177
G1 X99.457 Y144.4 E.00228
G1 X99.299 Y144.024 E.00231
G1 X99.07 Y143.687 E.00231
G1 X98.779 Y143.402 E.00231
G1 X98.437 Y143.18 E.00231
G1 X98.057 Y143.031 E.00231
G1 X97.65 Y142.956 E.00235
G1 X97.242 Y142.97 E.00231
G1 X96.845 Y143.061 E.00231
G1 X96.474 Y143.229 E.00231
G1 X96.143 Y143.467 E.00231
G1 X95.866 Y143.767 E.00231
G1 X95.654 Y144.115 E.00231
G1 X95.515 Y144.498 E.00231
G1 X95.454 Y144.889 E.00225
G1 X95.464 Y145.206 E.0018
G1 X95.543 Y145.6 E.00228
G1 X95.701 Y145.976 E.00231
G1 X95.93 Y146.313 E.00231
G1 X96.221 Y146.598 E.00231
G1 X96.563 Y146.82 E.00231
G1 X96.942 Y146.97 E.00231
G1 X97.304 Y147.034 E.00209
; stop printing object vyper_electronics_cassette.stl id:0 copy 0
M106 S125
;LAYER_CHANGE
;Z:0.8
;HEIGHT:0.2
;BEFORE_LAYER_CHANGE
G92 E0
;0.8


G1 E-.68 F3600
;WIPE_START
G1 F7200
G1 X97.751 Y147.034 E-.05363
G1 X98.155 Y146.939 E-.04975
G1 X98.281 Y146.882 E-.01662
;WIPE_END
EXCLUDE_OBJECT_END NAME=vyper_electronics_cassette.stl_id_0_copy_0
;AFTER_LAYER_CHANGE
;0.8
;_SET_FAN_SPEED_CHANGING_LAYER
; printing object vyper_electronics_cassette.stl id:0 copy 0
EXCLUDE_OBJECT_START NAME=vyper_electronics_cassette.stl_id_0_copy_0
G1 X98.062 Y139.253 Z1.2 F21000
G1 X96.346 Y79.623 Z1.2
G1 Z.8
G1 E.8 F2700
SET_VELOCITY_LIMIT ACCEL=3000 ACCEL_TO_DECEL=1500 SQUARE_CORNER_VELOCITY=7
;TYPE:Outer wall
;WIDTH:0.4
G1 F1292
G1 X96.599 Y79.44 E.00882
G1 X96.926 Y79.293 E.01012
G1 X97.276 Y79.213 E.01012
G1 X97.635 Y79.204 E.01012
G1 X97.988 Y79.266 E.01012
G1 X98.322 Y79.397 E.01012
G1 X98.623 Y79.592 E.01012
G1 X98.88 Y79.842 E.01012
G1 X99.082 Y80.139 E.01012
G1 X99.221 Y80.469 E.01012
G1 X99.292 Y80.818 E.01005
G1 X99.298 Y81.092 E.00773
G1 X99.245 Y81.444 E.01005
G1 X99.123 Y81.781 E.01012
G1 X98.936 Y82.087 E.01012
G1 X98.692 Y82.35 E.01012
G1 X98.401 Y82.56 E.01012
G1 X98.074 Y82.707 E.01012
G1 X97.724 Y82.787 E.01012
G1 X97.365 Y82.796 E.01012
G1 X97.012 Y82.734 E.01012
G1 X96.678 Y82.603 E.01012
G1 X96.377 Y82.408 E.01012
G1 X96.12 Y82.158 E.01012
G1 X95.918 Y81.861 E.01012
G1 X95.779 Y81.531 E.01012
G1 X95.708 Y81.182 E.01005
G1 X95.702 Y80.908 E.00773
G1 X95.755 Y80.556 E.01004
G1 X95.877 Y80.219 E.01012
G1 X96.064 Y79.913 E.01012
G1 X96.308 Y79.65 E.01012
G1 X96.313 Y79.646 E.00016
SET_VELOCITY_LIMIT ACCEL=5000 ACCEL_TO_DECEL=2500 SQUARE_CORNER_VELOCITY=9
G1 E-.68 F3600
;WIPE_START
G1 X96.599 Y79.44 E-.04234
G1 X96.926 Y79.293 E-.04304
G1 X97.208 Y79.229 E-.03462
;WIPE_END
G1 X96.234 Y82.912 Z1.2 F21000
G1 Z.8
G1 E.8 F2700
SET_VELOCITY_LIMIT ACCEL=3000 ACCEL_TO_DECEL=1500 SQUARE_CORNER_VELOCITY=7
G1 F1292
G1 X96.165 Y82.872 E.00227
G1 X95.821 Y82.571 E.01288
G1 X95.544 Y82.209 E.01288
M73 P10 R11
G1 X95.343 Y81.798 E.01288
G1 X95.228 Y81.356 E.01288
G1 X95.203 Y80.903 E.01279
G1 X95.249 Y80.528 E.01067
G1 X95.306 Y80.31 E.00636
G1 X95.486 Y79.89 E.01288
G1 X95.745 Y79.514 E.01288
G1 X96.073 Y79.196 E.01288
G1 X96.458 Y78.95 E.01288
G1 X96.884 Y78.784 E.01289
G1 X97.334 Y78.706 E.0129
G1 X97.791 Y78.719 E.0129
G1 X98.237 Y78.822 E.0129
G1 X98.654 Y79.01 E.0129
G1 X99.024 Y79.278 E.0129
G1 X99.188 Y79.438 E.00646
G1 X99.464 Y79.803 E.0129
G1 X99.662 Y80.215 E.01289
G1 X99.774 Y80.658 E.01289
G1 X99.797 Y81.114 E.01289
G1 X99.729 Y81.566 E.01289
G1 X99.573 Y81.996 E.01289
G1 X99.335 Y82.386 E.01289
G1 X99.026 Y82.721 E.01285
G1 X98.657 Y82.988 E.01285
G1 X98.242 Y83.177 E.01285
G1 X97.802 Y83.28 E.01276
G1 X97.432 Y83.298 E.01045
G1 X96.986 Y83.241 E.01268
G1 X96.557 Y83.097 E.01277
G1 X96.269 Y82.932 E.00935
SET_VELOCITY_LIMIT ACCEL=5000 ACCEL_TO_DECEL=2500 SQUARE_CORNER_VELOCITY=9
G1 X96.407 Y82.718 F21000
;TYPE:Gap infill
;WIDTH:0.115485
G1 F1292
G1 X96.569 Y82.823 E.00111
G1 X96.949 Y82.971 E.00234
G1 X97.35 Y83.041 E.00234
G1 X97.758 Y83.033 E.00234
G1 X98.156 Y82.942 E.00234
G1 X98.528 Y82.774 E.00234
G1 X98.86 Y82.535 E.00234
G1 X99.136 Y82.236 E.00233
G1 X99.348 Y81.888 E.00234
G1 X99.488 Y81.505 E.00234
G1 X99.548 Y81.102 E.00234
G1 X99.524 Y80.695 E.00233
G1 X99.424 Y80.301 E.00233
G1 X99.248 Y79.934 E.00233
G1 X99.002 Y79.609 E.00234
G1 X98.774 Y79.398 E.00178
G1 X98.437 Y79.18 E.0023
G1 X98.057 Y79.031 E.00234
G1 X97.656 Y78.959 E.00234
G1 X97.249 Y78.969 E.00234
G1 X96.851 Y79.059 E.00234
G1 X96.479 Y79.226 E.00234
G1 X96.148 Y79.463 E.00234
G1 X95.871 Y79.762 E.00234
G1 X95.657 Y80.109 E.00234
G1 X95.515 Y80.491 E.00234
G1 X95.454 Y80.889 E.00231
G1 X95.465 Y81.212 E.00185
G1 X95.545 Y81.606 E.00231
G1 X95.704 Y81.982 E.00234
G1 X95.934 Y82.318 E.00234
G1 X96.226 Y82.602 E.00234
G1 X96.373 Y82.697 E.001
G1 E-.68 F3600
;WIPE_START
G1 F7200
G1 X96.569 Y82.823 E-.02795
G1 X96.949 Y82.971 E-.0489
G1 X97.303 Y83.033 E-.04315
;WIPE_END
G1 X104.932 Y82.805 Z1.2 F21000
G1 X128.936 Y82.087 Z1.2
G1 Z.8
G1 E.8 F2700
SET_VELOCITY_LIMIT ACCEL=3000 ACCEL_TO_DECEL=1500 SQUARE_CORNER_VELOCITY=7
;TYPE:Outer wall
;WIDTH:0.4
G1 F1292
G1 X128.692 Y82.35 E.01012
G1 X128.401 Y82.56 E.01012
G1 X128.074 Y82.707 E.01012
G1 X127.724 Y82.787 E.01012
G1 X127.365 Y82.796 E.01012
G1 X127.012 Y82.734 E.01012
G1 X126.678 Y82.603 E.01012
G1 X126.377 Y82.408 E.01012
G1 X126.12 Y82.158 E.01012
G1 X125.918 Y81.861 E.01012
G1 X125.779 Y81.531 E.01012
G1 X125.708 Y81.182 E.01005
G1 X125.702 Y80.908 E.00773
G1 X125.755 Y80.556 E.01004
G1 X125.877 Y80.219 E.01012
G1 X126.064 Y79.913 E.01012
G1 X126.308 Y79.65 E.01012
G1 X126.599 Y79.44 E.01012
G1 X126.926 Y79.293 E.01012
G1 X127.276 Y79.213 E.01012
G1 X127.635 Y79.204 E.01012
G1 X127.988 Y79.266 E.01012
G1 X128.322 Y79.397 E.01012
G1 X128.623 Y79.592 E.01012
G1 X128.88 Y79.842 E.01012
G1 X129.082 Y80.139 E.01012
G1 X129.221 Y80.469 E.01012
G1 X129.292 Y80.818 E.01005
G1 X129.298 Y81.092 E.00773
G1 X129.245 Y81.444 E.01005
G1 X129.123 Y81.781 E.01012
G1 X128.956 Y82.053 E.00899
G1 X129.036 Y82.711 F21000
G1 F1292
G1 X128.736 Y82.939 E.0106
G1 X128.34 Y83.141 E.01254
G1 X127.899 Y83.265 E.01291
G1 X127.682 Y83.292 E.00617
G1 X127.428 Y83.298 E.00718
G1 X126.977 Y83.239 E.01283
G1 X126.546 Y83.092 E.01285
G1 X126.152 Y82.863 E.01285
G1 X125.811 Y82.561 E.01285
G1 X125.536 Y82.197 E.01287
G1 X125.338 Y81.785 E.01289
G1 X125.226 Y81.342 E.01289
G1 X125.203 Y80.886 E.01289
G1 X125.271 Y80.434 E.01289
G1 X125.427 Y80.004 E.01289
G1 X125.665 Y79.614 E.01289
G1 X125.976 Y79.278 E.0129
G1 X126.346 Y79.01 E.0129
G1 X126.763 Y78.822 E.0129
G1 X127.205 Y78.719 E.01281
G1 X127.58 Y78.703 E.01057
G1 X128.009 Y78.758 E.01222
G1 X128.439 Y78.901 E.01277
G1 X128.833 Y79.126 E.01281
G1 X129.011 Y79.267 E.0064
G1 X129.196 Y79.447 E.00726
G1 X129.468 Y79.81 E.0128
G1 X129.663 Y80.22 E.01281
G1 X129.774 Y80.66 E.01281
G1 X129.797 Y81.114 E.01281
G1 X129.73 Y81.563 E.01281
G1 X129.576 Y81.99 E.01281
G1 X129.34 Y82.379 E.01281
G1 X129.063 Y82.682 E.0116
SET_VELOCITY_LIMIT ACCEL=5000 ACCEL_TO_DECEL=2500 SQUARE_CORNER_VELOCITY=9
G1 X128.88 Y82.514 F21000
;TYPE:Gap infill
;WIDTH:0.117434
G1 F1292
G1 X129.141 Y82.229 E.00228
G1 X129.351 Y81.883 E.00238
G1 X129.488 Y81.502 E.00238
G1 X129.548 Y81.101 E.00238
G1 X129.525 Y80.697 E.00238
G1 X129.426 Y80.305 E.00238
G1 X129.252 Y79.94 E.00238
G1 X129.01 Y79.618 E.00237
G1 X128.773 Y79.398 E.0019
G1 X128.431 Y79.177 E.0024
G1 X128.051 Y79.029 E.0024
G1 X127.65 Y78.959 E.0024
G1 X127.242 Y78.966 E.0024
G1 X126.844 Y79.057 E.0024
G1 X126.472 Y79.226 E.0024
G1 X126.141 Y79.465 E.0024
G1 X125.864 Y79.764 E.0024
G1 X125.652 Y80.112 E.0024
G1 X125.512 Y80.495 E.0024
G1 X125.453 Y80.889 E.00235
G1 X125.476 Y81.305 E.00245
G1 X125.576 Y81.699 E.00239
G1 X125.752 Y82.066 E.00239
G1 X125.997 Y82.39 E.00239
G1 X126.3 Y82.659 E.00239
G1 X126.651 Y82.863 E.00239
G1 X127.034 Y82.993 E.00239
G1 X127.435 Y83.046 E.00238
G1 X127.85 Y83.017 E.00245
G1 X128.253 Y82.903 E.00246
G1 X128.598 Y82.728 E.00228
G1 X128.849 Y82.54 E.00185
G1 E-.68 F3600
;WIPE_START
G1 F7200
G1 X129.141 Y82.229 E-.05113
G1 X129.351 Y81.883 E-.0486
G1 X129.408 Y81.724 E-.02027
;WIPE_END
G1 X129.323 Y89.356 Z1.2 F21000
G1 X128.692 Y146.35 Z1.2
G1 Z.8
G1 E.8 F2700
SET_VELOCITY_LIMIT ACCEL=3000 ACCEL_TO_DECEL=1500 SQUARE_CORNER_VELOCITY=7
;TYPE:Outer wall
;WIDTH:0.4
G1 F1292
G1 X128.4 Y146.56 E.01012
G1 X128.074 Y146.707 E.01012
G1 X127.724 Y146.787 E.01012
G1 X127.365 Y146.796 E.01012
G1 X127.012 Y146.734 E.01012
G1 X126.678 Y146.603 E.01012
G1 X126.377 Y146.408 E.01012
G1 X126.12 Y146.158 E.01012
G1 X125.918 Y145.861 E.01012
G1 X125.779 Y145.531 E.01012
G1 X125.708 Y145.182 E.01005
G1 X125.702 Y144.908 E.00773
G1 X125.755 Y144.556 E.01004
G1 X125.877 Y144.219 E.01012
G1 X126.064 Y143.913 E.01012
G1 X126.308 Y143.65 E.01012
G1 X126.599 Y143.44 E.01012
G1 X126.926 Y143.293 E.01012
G1 X127.276 Y143.213 E.01012
G1 X127.635 Y143.204 E.01012
G1 X127.988 Y143.266 E.01012
G1 X128.322 Y143.397 E.01012
G1 X128.623 Y143.592 E.01012
G1 X128.88 Y143.842 E.01012
G1 X129.082 Y144.139 E.01012
G1 X129.221 Y144.469 E.01012
G1 X129.292 Y144.818 E.01005
G1 X129.298 Y145.092 E.00773
G1 X129.245 Y145.444 E.01005
G1 X129.123 Y145.781 E.01012
G1 X128.936 Y146.087 E.01012
G1 X128.719 Y146.321 E.00899
SET_VELOCITY_LIMIT ACCEL=5000 ACCEL_TO_DECEL=2500 SQUARE_CORNER_VELOCITY=9
G1 E-.68 F3600
;WIPE_START
G1 X128.4 Y146.56 E-.04775
G1 X128.074 Y146.707 E-.04304
G1 X127.836 Y146.761 E-.02921
;WIPE_END
G1 X128.783 Y143.097 Z1.2 F21000
G1 Z.8
G1 E.8 F2700
SET_VELOCITY_LIMIT ACCEL=3000 ACCEL_TO_DECEL=1500 SQUARE_CORNER_VELOCITY=7
G1 F1292
G1 X128.833 Y143.126 E.00164
G1 X129.011 Y143.267 E.0064
G1 X129.196 Y143.447 E.00726
G1 X129.468 Y143.81 E.0128
G1 X129.663 Y144.22 E.01281
G1 X129.774 Y144.66 E.01281
G1 X129.797 Y145.114 E.01281
G1 X129.73 Y145.563 E.01281
G1 X129.576 Y145.99 E.01281
G1 X129.34 Y146.379 E.01281
G1 X129.036 Y146.711 E.01273
G1 X128.736 Y146.939 E.0106
G1 X128.333 Y147.143 E.01274
G1 X127.893 Y147.266 E.0129
G1 X127.437 Y147.299 E.0129
G1 X126.983 Y147.241 E.0129
G1 X126.55 Y147.094 E.0129
G1 X126.154 Y146.865 E.0129
G1 X125.812 Y146.562 E.0129
G1 X125.536 Y146.197 E.0129
G1 X125.338 Y145.785 E.01289
G1 X125.226 Y145.342 E.01289
G1 X125.203 Y144.886 E.01289
G1 X125.271 Y144.434 E.01289
G1 X125.427 Y144.004 E.01289
G1 X125.665 Y143.614 E.01289
G1 X125.974 Y143.279 E.01285
G1 X126.343 Y143.012 E.01285
G1 X126.758 Y142.823 E.01285
G1 X127.198 Y142.72 E.01276
G1 X127.568 Y142.702 E.01045
G1 X128.014 Y142.759 E.01268
G1 X128.443 Y142.903 E.01277
G1 X128.748 Y143.078 E.00991
SET_VELOCITY_LIMIT ACCEL=5000 ACCEL_TO_DECEL=2500 SQUARE_CORNER_VELOCITY=9
G1 X128.609 Y143.292 F21000
;TYPE:Gap infill
;WIDTH:0.117473
G1 F1292
G1 X128.431 Y143.177 E.00125
G1 X128.051 Y143.029 E.0024
G1 X127.65 Y142.959 E.0024
G1 X127.242 Y142.967 E.0024
G1 X126.844 Y143.058 E.0024
G1 X126.472 Y143.226 E.0024
G1 X126.14 Y143.465 E.0024
G1 X125.864 Y143.764 E.0024
G1 X125.652 Y144.112 E.0024
G1 X125.512 Y144.495 E.0024
G1 X125.453 Y144.889 E.00235
G1 X125.476 Y145.305 E.00245
G1 X125.576 Y145.699 E.0024
G1 X125.752 Y146.066 E.0024
G1 X125.934 Y146.318 E.00183
G1 X126.226 Y146.602 E.0024
G1 X126.569 Y146.823 E.0024
G1 X126.949 Y146.971 E.0024
G1 X127.35 Y147.042 E.0024
G1 X127.758 Y147.031 E.0024
G1 X128.155 Y146.939 E.0024
G1 X128.526 Y146.771 E.0024
G1 X128.859 Y146.535 E.0024
G1 X129.136 Y146.235 E.0024
G1 X129.349 Y145.886 E.0024
G1 X129.488 Y145.503 E.0024
G1 X129.548 Y145.101 E.00239
G1 X129.525 Y144.697 E.00238
G1 X129.426 Y144.305 E.00238
G1 X129.252 Y143.94 E.00238
G1 X129.01 Y143.618 E.00237
G1 X128.773 Y143.398 E.0019
G1 X128.643 Y143.314 E.00091
G1 E-.68 F3600
;WIPE_START
G1 F7200
G1 X128.431 Y143.177 E-.0303
G1 X128.051 Y143.029 E-.0489
G1 X127.716 Y142.971 E-.0408
;WIPE_END
G1 X120.144 Y143.925 Z1.2 F21000
G1 X97.365 Y146.796 Z1.2
G1 Z.8
G1 E.8 F2700
SET_VELOCITY_LIMIT ACCEL=3000 ACCEL_TO_DECEL=1500 SQUARE_CORNER_VELOCITY=7
;TYPE:Outer wall
;WIDTH:0.4
G1 F1292
G1 X97.012 Y146.734 E.01012
G1 X96.678 Y146.603 E.01012
G1 X96.377 Y146.408 E.01012
G1 X96.12 Y146.158 E.01012
G1 X95.918 Y145.861 E.01012
G1 X95.779 Y145.531 E.01012
G1 X95.708 Y145.182 E.01005
G1 X95.702 Y144.908 E.00773
G1 X95.755 Y144.556 E.01004
G1 X95.877 Y144.219 E.01012
G1 X96.064 Y143.913 E.01012
G1 X96.308 Y143.65 E.01012
G1 X96.599 Y143.44 E.01012
G1 X96.926 Y143.293 E.01012
G1 X97.276 Y143.213 E.01012
G1 X97.635 Y143.204 E.01012
G1 X97.988 Y143.266 E.01012
G1 X98.322 Y143.397 E.01012
G1 X98.623 Y143.592 E.01012
G1 X98.88 Y143.842 E.01012
G1 X99.082 Y144.139 E.01012
G1 X99.221 Y144.469 E.01012
G1 X99.292 Y144.818 E.01005
G1 X99.298 Y145.092 E.00773
G1 X99.245 Y145.444 E.01005
G1 X99.123 Y145.781 E.01012
G1 X98.936 Y146.087 E.01012
G1 X98.692 Y146.35 E.01012
G1 X98.401 Y146.56 E.01012
G1 X98.074 Y146.707 E.01012
G1 X97.724 Y146.787 E.01012
G1 X97.405 Y146.795 E.00899
G1 X97.237 Y147.283 F21000
G1 F1292
G1 X97.22 Y147.283 E.00046
G1 X96.774 Y147.182 E.0129
G1 X96.357 Y146.996 E.01289
G1 X95.985 Y146.73 E.01288
G1 X95.673 Y146.397 E.01288
G1 X95.433 Y146.008 E.01288
G1 X95.275 Y145.58 E.01288
G1 X95.204 Y145.129 E.01288
G1 X95.203 Y144.903 E.00636
G1 X95.249 Y144.528 E.01067
G1 X95.386 Y144.096 E.01279
G1 X95.606 Y143.696 E.01288
G1 X95.901 Y143.347 E.01288
G1 X96.259 Y143.064 E.01288
G1 X96.66 Y142.859 E.01269
G1 X97.101 Y142.735 E.01291
G1 X97.318 Y142.708 E.00617
G1 X97.572 Y142.702 E.00718
G1 X97.799 Y142.72 E.00642
G1 X98.242 Y142.823 E.01285
G1 X98.657 Y143.012 E.01285
G1 X99.026 Y143.279 E.01285
G1 X99.335 Y143.614 E.01285
G1 X99.573 Y144.004 E.01289
G1 X99.729 Y144.434 E.01289
G1 X99.797 Y144.886 E.01289
G1 X99.774 Y145.342 E.01289
G1 X99.662 Y145.785 E.01289
G1 X99.464 Y146.197 E.01289
G1 X99.337 Y146.384 E.00636
G1 X99.087 Y146.663 E.01056
G1 X98.747 Y146.932 E.01223
G1 X98.345 Y147.139 E.01277
G1 X97.905 Y147.264 E.0129
G1 X97.678 Y147.293 E.00646
G1 X97.277 Y147.284 E.01131
SET_VELOCITY_LIMIT ACCEL=5000 ACCEL_TO_DECEL=2500 SQUARE_CORNER_VELOCITY=9
G1 X97.321 Y147.037 F21000
;TYPE:Gap infill
;WIDTH:0.11477
G1 F1292
G1 X97.344 Y147.041 E.00013
G1 X97.751 Y147.034 E.00231
G1 X98.155 Y146.939 E.00235
G1 X98.526 Y146.771 E.00231
G1 X98.857 Y146.533 E.00231
G1 X99.136 Y146.235 E.00232
G1 X99.344 Y145.885 E.00231
G1 X99.483 Y145.502 E.00231
G1 X99.543 Y145.105 E.00228
G1 X99.536 Y144.794 E.00177
G1 X99.457 Y144.4 E.00228
G1 X99.299 Y144.024 E.00231
G1 X99.066 Y143.682 E.00235
G1 X98.779 Y143.402 E.00228
G1 X98.437 Y143.18 E.00231
G1 X98.057 Y143.031 E.00231
G1 X97.65 Y142.956 E.00235
G1 X97.242 Y142.97 E.00231
G1 X96.845 Y143.061 E.00231
G1 X96.474 Y143.229 E.00231
G1 X96.143 Y143.467 E.00231
G1 X95.866 Y143.767 E.00231
G1 X95.654 Y144.115 E.00231
G1 X95.515 Y144.498 E.00231
M73 P11 R11
G1 X95.454 Y144.889 E.00225
G1 X95.464 Y145.206 E.0018
G1 X95.543 Y145.6 E.00228
G1 X95.701 Y145.976 E.00231
G1 X95.93 Y146.313 E.00231
G1 X96.221 Y146.598 E.00231
G1 X96.563 Y146.82 E.00231
G1 X96.942 Y146.97 E.00231
G1 X97.281 Y147.03 E.00195
; stop printing object vyper_electronics_cassette.stl id:0 copy 0
;LAYER_CHANGE
;Z:1
;HEIGHT:0.2
;BEFORE_LAYER_CHANGE
G92 E0
;1


G1 E-.68 F3600
;WIPE_START
G1 F7200
G1 X97.344 Y147.041 E-.00762
G1 X97.751 Y147.034 E-.04892
G1 X98.155 Y146.939 E-.04974
G1 X98.259 Y146.892 E-.01371
;WIPE_END
EXCLUDE_OBJECT_END NAME=vyper_electronics_cassette.stl_id_0_copy_0
;AFTER_LAYER_CHANGE
;1
;_SET_FAN_SPEED_CHANGING_LAYER
; printing object vyper_electronics_cassette.stl id:0 copy 0
EXCLUDE_OBJECT_START NAME=vyper_electronics_cassette.stl_id_0_copy_0
G1 X98.042 Y139.263 Z1.4 F21000
G1 X96.348 Y79.621 Z1.4
G1 Z1
G1 E.8 F2700
SET_VELOCITY_LIMIT ACCEL=3000 ACCEL_TO_DECEL=1500 SQUARE_CORNER_VELOCITY=7
;TYPE:Outer wall
;WIDTH:0.4
G1 F3600
G1 X96.377 Y79.592 E.00116
G1 X96.676 Y79.399 E.01005
G1 X96.929 Y79.292 E.00773
G1 X97.276 Y79.213 E.01005
G1 X97.635 Y79.204 E.01012
G1 X97.988 Y79.266 E.01012
G1 X98.322 Y79.397 E.01012
G1 X98.623 Y79.592 E.01012
G1 X98.88 Y79.842 E.01012
G1 X99.082 Y80.139 E.01012
G1 X99.221 Y80.469 E.01012
G1 X99.292 Y80.818 E.01005
G1 X99.298 Y81.092 E.00773
G1 X99.245 Y81.444 E.01004
G1 X99.123 Y81.781 E.01012
G1 X98.936 Y82.087 E.01012
G1 X98.692 Y82.35 E.01012
G1 X98.401 Y82.56 E.01012
G1 X98.074 Y82.707 E.01012
G1 X97.724 Y82.787 E.01012
G1 X97.365 Y82.796 E.01012
G1 X97.012 Y82.734 E.01012
G1 X96.678 Y82.603 E.01012
G1 X96.377 Y82.408 E.01012
G1 X96.12 Y82.158 E.01012
G1 X95.918 Y81.861 E.01012
G1 X95.779 Y81.531 E.01012
G1 X95.708 Y81.179 E.01012
G1 X95.708 Y80.821 E.01012
G1 X95.779 Y80.469 E.01012
G1 X95.918 Y80.139 E.01012
G1 X96.12 Y79.842 E.01012
G1 X96.319 Y79.649 E.00783
SET_VELOCITY_LIMIT ACCEL=5000 ACCEL_TO_DECEL=2500 SQUARE_CORNER_VELOCITY=9
G1 E-.68
;WIPE_START
G1 X96.377 Y79.592 E-.00974
G1 X96.676 Y79.399 E-.04274
G1 X96.929 Y79.292 E-.0329
G1 X97.21 Y79.228 E-.03463
;WIPE_END
G1 X96.223 Y82.906 Z1.4 F21000
G1 Z1
G1 E.8 F2700
SET_VELOCITY_LIMIT ACCEL=3000 ACCEL_TO_DECEL=1500 SQUARE_CORNER_VELOCITY=7
G1 F3600
G1 X96.167 Y82.874 E.00182
G1 X95.823 Y82.574 E.01287
G1 X95.545 Y82.211 E.01287
G1 X95.345 Y81.802 E.01287
G1 X95.229 Y81.36 E.01287
G1 X95.202 Y80.908 E.01278
G1 X95.25 Y80.524 E.01091
G1 X95.307 Y80.306 E.00635
G1 X95.488 Y79.887 E.01287
G1 X95.747 Y79.512 E.01287
G1 X96.075 Y79.195 E.01287
G1 X96.46 Y78.949 E.01287
G1 X96.886 Y78.784 E.01289
G1 X97.336 Y78.706 E.01289
G1 X97.793 Y78.719 E.01289
G1 X98.238 Y78.822 E.01289
G1 X98.655 Y79.011 E.01289
G1 X99.025 Y79.279 E.01289
G1 X99.189 Y79.439 E.00645
G1 X99.464 Y79.803 E.01289
G1 X99.662 Y80.215 E.01289
G1 X99.774 Y80.658 E.01289
G1 X99.797 Y81.114 E.01289
G1 X99.729 Y81.566 E.01289
G1 X99.573 Y81.996 E.01289
G1 X99.335 Y82.386 E.01289
G1 X99.027 Y82.72 E.01283
G1 X98.659 Y82.987 E.01283
G1 X98.245 Y83.176 E.01283
G1 X97.806 Y83.279 E.01273
G1 X97.428 Y83.298 E.01066
G1 X96.985 Y83.241 E.0126
G1 X96.559 Y83.098 E.01269
G1 X96.257 Y82.926 E.00979
SET_VELOCITY_LIMIT ACCEL=5000 ACCEL_TO_DECEL=2500 SQUARE_CORNER_VELOCITY=9
G1 X96.396 Y82.711 F21000
;TYPE:Gap infill
;WIDTH:0.116588
G1 F7200
G1 X96.569 Y82.823 E.0012
G1 X96.949 Y82.971 E.00237
G1 X97.35 Y83.041 E.00237
G1 X97.758 Y83.033 E.00238
G1 X98.156 Y82.942 E.00238
G1 X98.528 Y82.774 E.00238
G1 X98.859 Y82.535 E.00238
G1 X99.137 Y82.236 E.00237
G1 X99.349 Y81.888 E.00237
G1 X99.488 Y81.505 E.00237
G1 X99.548 Y81.105 E.00235
G1 X99.536 Y80.788 E.00184
G1 X99.455 Y80.394 E.00234
G1 X99.296 Y80.018 E.00237
G1 X99.066 Y79.682 E.00237
G1 X98.774 Y79.398 E.00237
G1 X98.431 Y79.177 E.00237
G1 X98.051 Y79.029 E.00237
G1 X97.656 Y78.959 E.00233
G1 X97.249 Y78.969 E.00237
G1 X96.953 Y79.028 E.00175
G1 X96.563 Y79.177 E.00243
G1 X96.224 Y79.395 E.00234
G1 X95.932 Y79.679 E.00238
G1 X95.701 Y80.016 E.00238
G1 X95.542 Y80.392 E.00238
G1 X95.463 Y80.799 E.00241
G1 X95.464 Y81.201 E.00233
G1 X95.545 Y81.606 E.00241
G1 X95.704 Y81.982 E.00237
G1 X95.934 Y82.318 E.00237
G1 X96.226 Y82.602 E.00237
G1 X96.362 Y82.689 E.00094
G1 E-.68 F3600
;WIPE_START
G1 F7200
G1 X96.569 Y82.823 E-.02957
G1 X96.949 Y82.971 E-.0489
G1 X97.29 Y83.031 E-.04153
;WIPE_END
G1 X104.919 Y82.803 Z1.4 F21000
G1 X128.935 Y82.089 Z1.4
G1 Z1
G1 E.8 F2700
SET_VELOCITY_LIMIT ACCEL=3000 ACCEL_TO_DECEL=1500 SQUARE_CORNER_VELOCITY=7
;TYPE:Outer wall
;WIDTH:0.4
G1 F3600
G1 X128.692 Y82.35 E.01007
G1 X128.401 Y82.56 E.01012
G1 X128.074 Y82.707 E.01012
G1 X127.724 Y82.787 E.01012
G1 X127.365 Y82.796 E.01012
G1 X127.012 Y82.734 E.01012
G1 X126.678 Y82.603 E.01012
G1 X126.377 Y82.408 E.01012
G1 X126.12 Y82.158 E.01012
G1 X125.918 Y81.861 E.01012
G1 X125.779 Y81.531 E.01012
G1 X125.708 Y81.179 E.01012
G1 X125.708 Y80.821 E.01012
G1 X125.779 Y80.469 E.01012
G1 X125.918 Y80.139 E.01012
G1 X126.12 Y79.842 E.01012
G1 X126.377 Y79.592 E.01012
G1 X126.676 Y79.399 E.01005
G1 X126.929 Y79.292 E.00773
G1 X127.276 Y79.213 E.01005
G1 X127.635 Y79.204 E.01012
G1 X127.988 Y79.266 E.01012
G1 X128.322 Y79.397 E.01012
G1 X128.623 Y79.592 E.01012
G1 X128.88 Y79.842 E.01012
G1 X129.082 Y80.139 E.01012
G1 X129.221 Y80.469 E.01012
G1 X129.292 Y80.818 E.01005
G1 X129.298 Y81.092 E.00773
G1 X129.245 Y81.444 E.01004
G1 X129.123 Y81.781 E.01012
G1 X128.956 Y82.055 E.00903
G1 X129.039 Y82.708 F21000
G1 F3600
G1 X128.734 Y82.94 E.01082
G1 X128.339 Y83.141 E.0125
G1 X127.901 Y83.264 E.01283
G1 X127.685 Y83.292 E.00613
G1 X127.424 Y83.298 E.00739
G1 X126.974 Y83.239 E.01281
G1 X126.543 Y83.091 E.01283
G1 X126.151 Y82.862 E.01282
G1 X125.811 Y82.56 E.01283
G1 X125.536 Y82.197 E.01286
G1 X125.338 Y81.785 E.01289
G1 X125.226 Y81.342 E.01289
G1 X125.203 Y80.886 E.01289
G1 X125.271 Y80.434 E.01289
G1 X125.427 Y80.004 E.01289
G1 X125.665 Y79.614 E.01289
G1 X125.975 Y79.279 E.01289
G1 X126.345 Y79.011 E.01289
G1 X126.762 Y78.822 E.01289
G1 X127.204 Y78.72 E.0128
G1 X127.587 Y78.703 E.01082
G1 X128.007 Y78.757 E.01196
G1 X128.437 Y78.9 E.01277
G1 X128.831 Y79.124 E.01278
G1 X129.008 Y79.264 E.00638
G1 X129.198 Y79.45 E.00749
G1 X129.469 Y79.812 E.01276
G1 X129.664 Y80.221 E.01278
G1 X129.775 Y80.661 E.01278
G1 X129.797 Y81.113 E.01278
G1 X129.73 Y81.562 E.01278
G1 X129.577 Y81.988 E.01278
G1 X129.342 Y82.376 E.01278
G1 X129.066 Y82.679 E.01157
SET_VELOCITY_LIMIT ACCEL=5000 ACCEL_TO_DECEL=2500 SQUARE_CORNER_VELOCITY=9
G1 X128.882 Y82.509 F21000
;TYPE:Gap infill
;WIDTH:0.118135
G1 F7200
G1 X129.136 Y82.235 E.00222
G1 X129.349 Y81.886 E.00243
G1 X129.488 Y81.502 E.00243
G1 X129.548 Y81.105 E.00239
G1 X129.525 Y80.698 E.00242
G1 X129.426 Y80.307 E.0024
G1 X129.253 Y79.943 E.0024
G1 X129.013 Y79.621 E.00239
G1 X128.773 Y79.398 E.00194
G1 X128.431 Y79.177 E.00242
G1 X128.051 Y79.029 E.00242
G1 X127.65 Y78.958 E.00242
G1 X127.242 Y78.966 E.00243
G1 X126.849 Y79.056 E.00239
G1 X126.472 Y79.23 E.00247
G1 X126.221 Y79.402 E.00181
G1 X125.93 Y79.687 E.00242
G1 X125.701 Y80.024 E.00242
G1 X125.543 Y80.4 E.00242
G1 X125.464 Y80.793 E.00238
G1 X125.464 Y81.207 E.00246
G1 X125.545 Y81.606 E.00242
G1 X125.704 Y81.982 E.00242
G1 X125.934 Y82.318 E.00242
G1 X126.226 Y82.602 E.00242
G1 X126.569 Y82.823 E.00242
G1 X126.949 Y82.972 E.00242
G1 X127.35 Y83.042 E.00242
G1 X127.758 Y83.03 E.00242
G1 X128.155 Y82.939 E.00242
G1 X128.527 Y82.771 E.00242
G1 X128.855 Y82.537 E.00239
G1 E-.68 F3600
;WIPE_START
G1 F7200
G1 X129.136 Y82.235 E-.04959
G1 X129.349 Y81.886 E-.04899
G1 X129.41 Y81.719 E-.02142
;WIPE_END
G1 X129.325 Y89.351 Z1.4 F21000
G1 X128.692 Y146.35 Z1.4
G1 Z1
G1 E.8 F2700
SET_VELOCITY_LIMIT ACCEL=3000 ACCEL_TO_DECEL=1500 SQUARE_CORNER_VELOCITY=7
;TYPE:Outer wall
;WIDTH:0.4
G1 F3600
G1 X128.401 Y146.56 E.01012
G1 X128.074 Y146.707 E.01012
G1 X127.724 Y146.787 E.01012
G1 X127.365 Y146.796 E.01012
G1 X127.012 Y146.734 E.01012
G1 X126.678 Y146.603 E.01012
G1 X126.377 Y146.408 E.01012
G1 X126.12 Y146.158 E.01012
G1 X125.918 Y145.861 E.01012
G1 X125.779 Y145.531 E.01012
G1 X125.708 Y145.179 E.01012
G1 X125.708 Y144.821 E.01012
G1 X125.779 Y144.469 E.01012
G1 X125.918 Y144.139 E.01012
G1 X126.12 Y143.842 E.01012
G1 X126.377 Y143.592 E.01012
G1 X126.676 Y143.399 E.01005
G1 X126.929 Y143.292 E.00773
G1 X127.276 Y143.213 E.01005
G1 X127.635 Y143.204 E.01012
G1 X127.988 Y143.266 E.01012
G1 X128.322 Y143.397 E.01012
G1 X128.623 Y143.592 E.01012
G1 X128.88 Y143.842 E.01012
G1 X129.082 Y144.139 E.01012
G1 X129.221 Y144.469 E.01012
G1 X129.292 Y144.818 E.01005
G1 X129.298 Y145.092 E.00773
G1 X129.245 Y145.444 E.01004
G1 X129.123 Y145.781 E.01012
G1 X128.936 Y146.087 E.01012
G1 X128.719 Y146.321 E.00899
SET_VELOCITY_LIMIT ACCEL=5000 ACCEL_TO_DECEL=2500 SQUARE_CORNER_VELOCITY=9
G1 E-.68
;WIPE_START
G1 X128.401 Y146.56 E-.04775
G1 X128.074 Y146.707 E-.04304
G1 X127.836 Y146.761 E-.02921
;WIPE_END
G1 X128.794 Y143.103 Z1.4 F21000
G1 Z1
G1 E.8 F2700
SET_VELOCITY_LIMIT ACCEL=3000 ACCEL_TO_DECEL=1500 SQUARE_CORNER_VELOCITY=7
G1 F3600
G1 X128.831 Y143.124 E.0012
G1 X129.008 Y143.264 E.00638
G1 X129.198 Y143.45 E.00749
G1 X129.469 Y143.812 E.01276
G1 X129.664 Y144.221 E.01278
G1 X129.775 Y144.661 E.01278
G1 X129.797 Y145.113 E.01278
G1 X129.73 Y145.562 E.01278
G1 X129.577 Y145.988 E.01278
G1 X129.343 Y146.376 E.01278
G1 X129.039 Y146.708 E.01269
G1 X128.734 Y146.941 E.01082
G1 X128.332 Y147.144 E.01272
G1 X127.891 Y147.266 E.01289
G1 X127.435 Y147.299 E.01289
G1 X126.982 Y147.241 E.01289
G1 X126.549 Y147.094 E.01289
G1 X126.154 Y146.864 E.01289
G1 X125.811 Y146.561 E.01289
G1 X125.536 Y146.197 E.01289
G1 X125.338 Y145.785 E.01289
G1 X125.226 Y145.342 E.01289
G1 X125.203 Y144.886 E.01289
G1 X125.271 Y144.434 E.01289
G1 X125.427 Y144.004 E.01289
G1 X125.665 Y143.614 E.01289
G1 X125.973 Y143.28 E.01283
G1 X126.341 Y143.013 E.01283
G1 X126.755 Y142.824 E.01283
G1 X127.194 Y142.721 E.01273
G1 X127.572 Y142.702 E.01066
G1 X128.015 Y142.759 E.0126
G1 X128.441 Y142.902 E.01269
G1 X128.759 Y143.084 E.01032
SET_VELOCITY_LIMIT ACCEL=5000 ACCEL_TO_DECEL=2500 SQUARE_CORNER_VELOCITY=9
G1 X128.62 Y143.299 F21000
;TYPE:Gap infill
;WIDTH:0.118161
G1 F7200
G1 X128.431 Y143.177 E.00134
G1 X128.051 Y143.029 E.00242
G1 X127.65 Y142.959 E.00242
G1 X127.242 Y142.967 E.00243
G1 X126.85 Y143.056 E.00239
G1 X126.469 Y143.232 E.00249
G1 X126.221 Y143.402 E.00178
G1 X125.93 Y143.687 E.00242
G1 X125.701 Y144.024 E.00242
G1 X125.543 Y144.4 E.00242
G1 X125.464 Y144.793 E.00238
G1 X125.464 Y145.207 E.00246
G1 X125.545 Y145.606 E.00242
G1 X125.704 Y145.982 E.00242
G1 X125.934 Y146.318 E.00242
G1 X126.226 Y146.602 E.00242
G1 X126.569 Y146.823 E.00242
G1 X126.949 Y146.971 E.00242
G1 X127.35 Y147.042 E.00242
G1 X127.758 Y147.031 E.00242
G1 X128.155 Y146.939 E.00242
G1 X128.526 Y146.771 E.00242
G1 X128.859 Y146.534 E.00243
G1 X129.136 Y146.235 E.00243
G1 X129.349 Y145.886 E.00243
G1 X129.488 Y145.502 E.00243
G1 X129.548 Y145.105 E.00239
G1 X129.525 Y144.698 E.00242
G1 X129.426 Y144.307 E.0024
G1 X129.253 Y143.943 E.0024
G1 X129.013 Y143.621 E.00239
G1 X128.773 Y143.398 E.00194
G1 X128.653 Y143.321 E.00085
G1 E-.68 F3600
;WIPE_START
G1 F7200
G1 X128.431 Y143.177 E-.03179
G1 X128.051 Y143.029 E-.0489
G1 X127.729 Y142.973 E-.03931
;WIPE_END
G1 X120.325 Y144.827 Z1.4 F21000
G1 X103.532 Y149.032 Z1.4
G1 Z1
G1 E.8 F2700
SET_VELOCITY_LIMIT ACCEL=1500 ACCEL_TO_DECEL=750
;TYPE:Overhang wall
;WIDTH:0.382146
G1 F1500
M106 S229
G1 X121.468 Y149.032 E.48062
G1 X121.468 Y149.968 E.02508
G1 X103.532 Y149.968 E.48062
G1 X103.532 Y149.072 E.02401
SET_VELOCITY_LIMIT SQUARE_CORNER_VELOCITY=7
G1 X103.125 Y148.625 F21000
SET_VELOCITY_LIMIT SQUARE_CORNER_VELOCITY=9
G1 F1500
G1 X121.875 Y148.625 E.50243
G1 X121.875 Y150.375 E.04689
G1 X103.125 Y150.375 E.50243
G1 X103.125 Y148.665 E.04582
SET_VELOCITY_LIMIT SQUARE_CORNER_VELOCITY=7
G1 X102.7 Y148.2 F21000
SET_VELOCITY_LIMIT SQUARE_CORNER_VELOCITY=9
G1 F1500
M73 P12 R11
G1 X122.3 Y148.2 E.52521
G1 X122.3 Y150.8 E.06967
G1 X102.7 Y150.8 E.52521
G1 X102.7 Y148.24 E.0686
SET_VELOCITY_LIMIT ACCEL=5000 ACCEL_TO_DECEL=2500
G1 E-.68 F3600
;WIPE_START
G1 F1500
G1 X103.7 Y148.238 E-.12
;WIPE_END
G1 X103.736 Y149.5 Z1.4 F21000
G1 Z1
G1 E.8 F2700
;TYPE:Gap infill
;WIDTH:0.571682
G1 F5972.243
M106 S125
G1 X121.264 Y149.5 E.73215
G1 E-.68 F3600
;WIPE_START
G1 F5972.243
G1 X120.264 Y149.5 E-.12
;WIPE_END
G1 X112.685 Y148.605 Z1.4 F21000
G1 X97.365 Y146.796 Z1.4
G1 Z1
G1 E.8 F2700
SET_VELOCITY_LIMIT ACCEL=3000 ACCEL_TO_DECEL=1500 SQUARE_CORNER_VELOCITY=7
;TYPE:Outer wall
;WIDTH:0.4
G1 F3600
G1 X97.012 Y146.734 E.01012
G1 X96.678 Y146.603 E.01012
G1 X96.377 Y146.408 E.01012
G1 X96.12 Y146.158 E.01012
G1 X95.918 Y145.861 E.01012
G1 X95.779 Y145.531 E.01012
G1 X95.708 Y145.179 E.01012
G1 X95.708 Y144.821 E.01012
G1 X95.779 Y144.469 E.01012
G1 X95.918 Y144.139 E.01012
G1 X96.12 Y143.842 E.01012
G1 X96.377 Y143.592 E.01012
G1 X96.676 Y143.399 E.01005
G1 X96.929 Y143.292 E.00773
G1 X97.276 Y143.213 E.01005
G1 X97.635 Y143.204 E.01012
G1 X97.988 Y143.266 E.01012
G1 X98.322 Y143.397 E.01012
G1 X98.623 Y143.592 E.01012
G1 X98.88 Y143.842 E.01012
G1 X99.082 Y144.139 E.01012
G1 X99.221 Y144.469 E.01012
G1 X99.292 Y144.818 E.01005
G1 X99.298 Y145.092 E.00773
G1 X99.245 Y145.444 E.01004
G1 X99.123 Y145.781 E.01012
G1 X98.936 Y146.087 E.01012
G1 X98.692 Y146.35 E.01012
G1 X98.401 Y146.56 E.01012
G1 X98.074 Y146.707 E.01012
G1 X97.724 Y146.787 E.01012
G1 X97.405 Y146.795 E.00899
G1 X97.18 Y147.273 F21000
G1 F3600
G1 X96.776 Y147.183 E.01166
G1 X96.359 Y146.997 E.01288
G1 X95.987 Y146.732 E.01287
G1 X95.675 Y146.399 E.01287
G1 X95.435 Y146.011 E.01287
G1 X95.276 Y145.584 E.01287
G1 X95.204 Y145.133 E.01287
G1 X95.202 Y144.908 E.00635
G1 X95.25 Y144.524 E.01091
G1 X95.387 Y144.092 E.01278
G1 X95.608 Y143.693 E.01287
G1 X95.903 Y143.345 E.01287
G1 X96.261 Y143.062 E.01287
G1 X96.661 Y142.859 E.01266
G1 X97.099 Y142.736 E.01283
G1 X97.315 Y142.708 E.00613
G1 X97.576 Y142.702 E.00739
G1 X97.803 Y142.72 E.0064
G1 X98.245 Y142.824 E.01282
G1 X98.659 Y143.013 E.01283
G1 X99.027 Y143.28 E.01283
G1 X99.335 Y143.614 E.01283
G1 X99.573 Y144.004 E.01289
G1 X99.729 Y144.434 E.01289
G1 X99.797 Y144.886 E.01289
G1 X99.774 Y145.342 E.01289
G1 X99.662 Y145.785 E.01289
G1 X99.464 Y146.197 E.01289
G1 X99.337 Y146.383 E.00635
G1 X99.081 Y146.668 E.01082
G1 X98.748 Y146.931 E.01197
G1 X98.346 Y147.139 E.01277
G1 X97.906 Y147.264 E.01289
G1 X97.679 Y147.293 E.00645
G1 X97.222 Y147.283 E.01289
G1 X97.219 Y147.282 E.0001
SET_VELOCITY_LIMIT ACCEL=5000 ACCEL_TO_DECEL=2500 SQUARE_CORNER_VELOCITY=9
G1 X97.253 Y147.032 F21000
;TYPE:Gap infill
;WIDTH:0.114224
G1 F7200
G1 X97.66 Y147.041 E.0023
G1 X97.86 Y147.015 E.00114
G1 X98.149 Y146.941 E.00168
G1 X98.521 Y146.774 E.0023
G1 X98.857 Y146.533 E.00233
G1 X99.132 Y146.241 E.00226
G1 X99.344 Y145.885 E.00233
G1 X99.482 Y145.508 E.00226
G1 X99.523 Y145.304 E.00117
G1 X99.545 Y144.898 E.00229
G1 X99.457 Y144.4 E.00285
G1 X99.299 Y144.024 E.0023
G1 X99.07 Y143.687 E.0023
G1 X98.779 Y143.402 E.0023
G1 X98.437 Y143.18 E.0023
G1 X98.057 Y143.031 E.0023
G1 X97.65 Y142.956 E.00233
G1 X97.249 Y142.969 E.00226
G1 X96.851 Y143.06 E.0023
G1 X96.559 Y143.184 E.00178
G1 X96.222 Y143.403 E.00227
G1 X95.931 Y143.688 E.00229
G1 X95.702 Y144.024 E.00229
G1 X95.544 Y144.4 E.00229
G1 X95.463 Y144.799 E.0023
G1 X95.463 Y145.201 E.00226
G1 X95.52 Y145.52 E.00183
G1 X95.661 Y145.9 E.00229
G1 X95.875 Y146.246 E.00229
G1 X96.153 Y146.542 E.00229
G1 X96.484 Y146.777 E.00229
G1 X96.856 Y146.943 E.00229
G1 X97.214 Y147.023 E.00207
; stop printing object vyper_electronics_cassette.stl id:0 copy 0
;LAYER_CHANGE
;Z:1.2
;HEIGHT:0.2
;BEFORE_LAYER_CHANGE
G92 E0
;1.2


G1 E-.68 F3600
;WIPE_START
G1 F7200
G1 X97.66 Y147.041 E-.05366
G1 X97.86 Y147.015 E-.0242
G1 X98.149 Y146.941 E-.03571
G1 X98.198 Y146.919 E-.00643
;WIPE_END
EXCLUDE_OBJECT_END NAME=vyper_electronics_cassette.stl_id_0_copy_0
;AFTER_LAYER_CHANGE
;1.2
;_SET_FAN_SPEED_CHANGING_LAYER
; printing object vyper_electronics_cassette.stl id:0 copy 0
EXCLUDE_OBJECT_START NAME=vyper_electronics_cassette.stl_id_0_copy_0
G1 X97.988 Y139.29 Z1.6 F21000
G1 X96.344 Y79.624 Z1.6
G1 Z1.2
G1 E.8 F2700
SET_VELOCITY_LIMIT ACCEL=3000 ACCEL_TO_DECEL=1500 SQUARE_CORNER_VELOCITY=7
;TYPE:Outer wall
;WIDTH:0.4
G1 F2483
G1 X96.377 Y79.592 E.00129
G1 X96.676 Y79.399 E.01005
G1 X96.929 Y79.292 E.00773
G1 X97.276 Y79.213 E.01004
G1 X97.635 Y79.204 E.01012
G1 X97.988 Y79.266 E.01012
G1 X98.322 Y79.397 E.01012
G1 X98.623 Y79.592 E.01012
G1 X98.88 Y79.842 E.01012
G1 X99.082 Y80.139 E.01012
G1 X99.221 Y80.469 E.01012
G1 X99.292 Y80.818 E.01005
G1 X99.298 Y81.092 E.00773
G1 X99.245 Y81.444 E.01004
G1 X99.123 Y81.781 E.01012
G1 X98.936 Y82.087 E.01012
G1 X98.692 Y82.35 E.01012
G1 X98.4 Y82.56 E.01012
G1 X98.074 Y82.707 E.01012
G1 X97.724 Y82.787 E.01012
G1 X97.365 Y82.796 E.01012
G1 X97.012 Y82.734 E.01012
G1 X96.678 Y82.603 E.01012
G1 X96.377 Y82.408 E.01012
G1 X96.12 Y82.158 E.01012
G1 X95.918 Y81.861 E.01012
G1 X95.779 Y81.531 E.01012
G1 X95.708 Y81.179 E.01012
G1 X95.708 Y80.821 E.01012
G1 X95.779 Y80.469 E.01012
G1 X95.918 Y80.139 E.01012
G1 X96.12 Y79.842 E.01012
G1 X96.316 Y79.652 E.00769
SET_VELOCITY_LIMIT ACCEL=5000 ACCEL_TO_DECEL=2500 SQUARE_CORNER_VELOCITY=9
G1 E-.68 F3600
;WIPE_START
G1 X96.377 Y79.592 E-.01031
G1 X96.676 Y79.399 E-.04274
G1 X96.929 Y79.292 E-.0329
G1 X97.206 Y79.229 E-.03406
;WIPE_END
G1 X96.21 Y82.899 Z1.6 F21000
G1 Z1.2
G1 E.8 F2700
SET_VELOCITY_LIMIT ACCEL=3000 ACCEL_TO_DECEL=1500 SQUARE_CORNER_VELOCITY=7
G1 F2483
G1 X96.169 Y82.875 E.00135
G1 X95.825 Y82.576 E.01286
G1 X95.547 Y82.214 E.01286
G1 X95.346 Y81.805 E.01286
G1 X95.229 Y81.364 E.01286
G1 X95.202 Y80.912 E.01276
G1 X95.251 Y80.52 E.01115
G1 X95.309 Y80.303 E.00634
G1 X95.489 Y79.884 E.01286
G1 X95.749 Y79.51 E.01286
G1 X96.077 Y79.193 E.01286
G1 X96.462 Y78.948 E.01286
G1 X96.888 Y78.783 E.01288
G1 X97.338 Y78.706 E.01289
G1 X97.795 Y78.719 E.01289
G1 X98.24 Y78.822 E.01289
G1 X98.656 Y79.012 E.01289
G1 X99.026 Y79.279 E.01289
G1 X99.189 Y79.439 E.00645
G1 X99.464 Y79.804 E.01288
G1 X99.662 Y80.216 E.01288
G1 X99.774 Y80.658 E.01288
G1 X99.797 Y81.114 E.01288
G1 X99.729 Y81.566 E.01288
G1 X99.573 Y81.995 E.01288
G1 X99.336 Y82.385 E.01288
G1 X99.028 Y82.719 E.0128
G1 X98.661 Y82.985 E.01281
G1 X98.248 Y83.175 E.01281
G1 X97.81 Y83.279 E.01271
G1 X97.424 Y83.298 E.01087
G1 X96.985 Y83.241 E.01251
G1 X96.561 Y83.099 E.01261
G1 X96.245 Y82.919 E.01025
SET_VELOCITY_LIMIT ACCEL=5000 ACCEL_TO_DECEL=2500 SQUARE_CORNER_VELOCITY=9
G1 X96.384 Y82.703 F21000
;TYPE:Gap infill
;WIDTH:0.11586
G1 F2483
G1 X96.569 Y82.823 E.00127
G1 X96.949 Y82.971 E.00235
G1 X97.35 Y83.041 E.00235
G1 X97.758 Y83.033 E.00235
G1 X98.156 Y82.942 E.00235
G1 X98.528 Y82.774 E.00235
G1 X98.859 Y82.535 E.00235
G1 X99.137 Y82.235 E.00235
G1 X99.349 Y81.887 E.00235
G1 X99.488 Y81.505 E.00235
G1 X99.548 Y81.105 E.00233
G1 X99.524 Y80.696 E.00236
G1 X99.424 Y80.302 E.00234
G1 X99.248 Y79.935 E.00234
G1 X99.003 Y79.61 E.00235
G1 X98.774 Y79.398 E.0018
G1 X98.431 Y79.177 E.00235
G1 X98.057 Y79.031 E.00231
G1 X97.656 Y78.959 E.00235
G1 X97.356 Y78.958 E.00173
G1 X96.955 Y79.027 E.00234
G1 X96.574 Y79.171 E.00234
G1 X96.225 Y79.395 E.00239
G1 X95.932 Y79.68 E.00235
G1 X95.701 Y80.017 E.00235
G1 X95.542 Y80.392 E.00235
G1 X95.464 Y80.793 E.00235
G1 X95.464 Y81.207 E.00238
G1 X95.545 Y81.606 E.00235
G1 X95.704 Y81.982 E.00235
G1 X95.934 Y82.318 E.00235
G1 X96.226 Y82.602 E.00235
G1 X96.35 Y82.682 E.00085
G1 E-.68 F3600
;WIPE_START
G1 F7200
G1 X96.569 Y82.823 E-.03125
G1 X96.949 Y82.971 E-.0489
G1 X97.276 Y83.028 E-.03985
;WIPE_END
G1 X104.905 Y82.802 Z1.6 F21000
G1 X128.933 Y82.09 Z1.6
G1 Z1.2
G1 E.8 F2700
SET_VELOCITY_LIMIT ACCEL=3000 ACCEL_TO_DECEL=1500 SQUARE_CORNER_VELOCITY=7
;TYPE:Outer wall
;WIDTH:0.4
G1 F2483
G1 X128.692 Y82.35 E.01001
G1 X128.401 Y82.56 E.01012
G1 X128.074 Y82.707 E.01012
G1 X127.724 Y82.787 E.01012
G1 X127.365 Y82.796 E.01012
G1 X127.012 Y82.734 E.01012
G1 X126.678 Y82.603 E.01012
G1 X126.377 Y82.408 E.01012
G1 X126.12 Y82.158 E.01012
G1 X125.918 Y81.861 E.01012
G1 X125.779 Y81.531 E.01012
G1 X125.708 Y81.179 E.01012
G1 X125.708 Y80.821 E.01012
G1 X125.779 Y80.469 E.01012
G1 X125.918 Y80.139 E.01012
G1 X126.12 Y79.842 E.01012
G1 X126.377 Y79.592 E.01012
G1 X126.676 Y79.399 E.01005
G1 X126.929 Y79.292 E.00773
G1 X127.276 Y79.213 E.01004
G1 X127.635 Y79.204 E.01012
G1 X127.988 Y79.266 E.01012
G1 X128.322 Y79.397 E.01012
G1 X128.623 Y79.592 E.01012
G1 X128.88 Y79.842 E.01012
G1 X129.082 Y80.139 E.01012
G1 X129.221 Y80.469 E.01012
G1 X129.292 Y80.818 E.01005
G1 X129.298 Y81.092 E.00773
G1 X129.245 Y81.444 E.01005
G1 X129.123 Y81.781 E.01012
G1 X128.955 Y82.056 E.00909
G1 X129.039 Y82.708 F21000
G1 F2483
G1 X128.735 Y82.939 E.01078
G1 X128.333 Y83.143 E.01273
G1 X127.902 Y83.264 E.01261
G1 X127.688 Y83.292 E.00608
G1 X127.419 Y83.298 E.00759
G1 X127.194 Y83.279 E.00639
G1 X126.752 Y83.175 E.0128
G1 X126.339 Y82.985 E.01281
G1 X125.972 Y82.719 E.01281
G1 X125.664 Y82.385 E.0128
G1 X125.427 Y81.995 E.01288
G1 X125.271 Y81.566 E.01288
G1 X125.203 Y81.114 E.01288
G1 X125.226 Y80.658 E.01288
G1 X125.338 Y80.216 E.01288
G1 X125.536 Y79.804 E.01288
G1 X125.811 Y79.439 E.01288
G1 X126.153 Y79.136 E.01289
G1 X126.548 Y78.907 E.01289
G1 X126.98 Y78.76 E.01289
G1 X127.202 Y78.72 E.00635
G1 X127.598 Y78.703 E.01118
G1 X127.822 Y78.723 E.00635
G1 X128.266 Y78.832 E.01289
G1 X128.676 Y79.024 E.01278
G1 X129.04 Y79.292 E.01275
G1 X129.345 Y79.627 E.01275
G1 X129.578 Y80.014 E.01275
G1 X129.73 Y80.44 E.01275
G1 X129.797 Y80.887 E.01275
G1 X129.775 Y81.338 E.01275
G1 X129.665 Y81.777 E.01275
G1 X129.471 Y82.185 E.01275
G1 X129.201 Y82.548 E.01275
G1 X129.068 Y82.68 E.00528
SET_VELOCITY_LIMIT ACCEL=5000 ACCEL_TO_DECEL=2500 SQUARE_CORNER_VELOCITY=9
G1 X128.881 Y82.509 F21000
;TYPE:Gap infill
;WIDTH:0.113367
G1 F2483
G1 X129.129 Y82.238 E.00204
G1 X129.253 Y82.054 E.00123
G1 X129.425 Y81.691 E.00224
G1 X129.523 Y81.301 E.00224
G1 X129.545 Y80.899 E.00224
G1 X129.457 Y80.4 E.00282
G1 X129.299 Y80.024 E.00227
G1 X129.07 Y79.687 E.00227
G1 X128.778 Y79.402 E.00227
G1 X128.436 Y79.181 E.00227
G1 X128.057 Y79.031 E.00227
G1 X127.657 Y78.957 E.00227
G1 X127.242 Y78.966 E.00231
G1 X126.856 Y79.059 E.0022
G1 X126.564 Y79.18 E.00176
G1 X126.226 Y79.398 E.00224
G1 X125.934 Y79.682 E.00227
G1 X125.704 Y80.018 E.00227
G1 X125.545 Y80.394 E.00227
G1 X125.464 Y80.793 E.00227
G1 X125.463 Y81.201 E.00227
G1 X125.543 Y81.6 E.00227
G1 X125.701 Y81.976 E.00227
G1 X125.93 Y82.313 E.00227
G1 X126.221 Y82.598 E.00227
G1 X126.563 Y82.82 E.00227
G1 X126.943 Y82.969 E.00227
G1 X127.343 Y83.043 E.00227
G1 X127.758 Y83.03 E.00231
G1 X128.155 Y82.939 E.00227
G1 X128.526 Y82.771 E.00227
G1 X128.853 Y82.539 E.00223
G1 X128.854 Y82.538 E0
G1 E-.68 F3600
;WIPE_START
G1 F7200
G1 X129.129 Y82.238 E-.04888
G1 X129.253 Y82.054 E-.02657
G1 X129.412 Y81.719 E-.04455
;WIPE_END
G1 X129.327 Y89.351 Z1.6 F21000
G1 X128.692 Y146.35 Z1.6
G1 Z1.2
G1 E.8 F2700
SET_VELOCITY_LIMIT ACCEL=3000 ACCEL_TO_DECEL=1500 SQUARE_CORNER_VELOCITY=7
;TYPE:Outer wall
;WIDTH:0.4
G1 F2483
G1 X128.4 Y146.56 E.01012
G1 X128.074 Y146.707 E.01012
G1 X127.724 Y146.787 E.01012
G1 X127.365 Y146.796 E.01012
G1 X127.012 Y146.734 E.01012
G1 X126.678 Y146.603 E.01012
G1 X126.377 Y146.408 E.01012
G1 X126.12 Y146.158 E.01012
G1 X125.918 Y145.861 E.01012
G1 X125.779 Y145.531 E.01012
G1 X125.708 Y145.179 E.01012
G1 X125.708 Y144.821 E.01012
G1 X125.779 Y144.469 E.01012
G1 X125.918 Y144.139 E.01012
G1 X126.12 Y143.842 E.01012
G1 X126.377 Y143.592 E.01012
G1 X126.676 Y143.399 E.01005
G1 X126.929 Y143.292 E.00773
G1 X127.276 Y143.213 E.01004
G1 X127.635 Y143.204 E.01012
G1 X127.988 Y143.266 E.01012
G1 X128.322 Y143.397 E.01012
G1 X128.623 Y143.592 E.01012
G1 X128.88 Y143.842 E.01012
G1 X129.082 Y144.139 E.01012
G1 X129.221 Y144.469 E.01012
G1 X129.292 Y144.818 E.01005
G1 X129.298 Y145.092 E.00773
G1 X129.245 Y145.444 E.01005
G1 X129.123 Y145.781 E.01012
G1 X128.936 Y146.087 E.01012
G1 X128.719 Y146.321 E.00899
SET_VELOCITY_LIMIT ACCEL=5000 ACCEL_TO_DECEL=2500 SQUARE_CORNER_VELOCITY=9
G1 E-.68 F3600
;WIPE_START
G1 X128.4 Y146.56 E-.04775
G1 X128.074 Y146.707 E-.04304
G1 X127.836 Y146.761 E-.02921
;WIPE_END
G1 X128.805 Y143.11 Z1.6 F21000
G1 Z1.2
G1 E.8 F2700
SET_VELOCITY_LIMIT ACCEL=3000 ACCEL_TO_DECEL=1500 SQUARE_CORNER_VELOCITY=7
G1 F2483
G1 X128.828 Y143.123 E.00074
G1 X129.006 Y143.262 E.00636
G1 X129.201 Y143.453 E.00771
G1 X129.471 Y143.815 E.01273
G1 X129.665 Y144.223 E.01275
G1 X129.775 Y144.662 E.01275
G1 X129.797 Y145.113 E.01275
G1 X129.73 Y145.56 E.01275
G1 X129.578 Y145.986 E.01275
G1 X129.345 Y146.373 E.01275
G1 X129.043 Y146.705 E.01266
G1 X128.731 Y146.942 E.01104
G1 X128.33 Y147.145 E.01269
G1 X127.889 Y147.267 E.01289
G1 X127.433 Y147.299 E.01289
G1 X126.98 Y147.24 E.01289
G1 X126.548 Y147.093 E.01289
G1 X126.153 Y146.864 E.01289
G1 X125.811 Y146.561 E.01289
G1 X125.536 Y146.196 E.01288
G1 X125.338 Y145.784 E.01288
G1 X125.226 Y145.342 E.01288
G1 X125.203 Y144.886 E.01288
G1 X125.271 Y144.434 E.01288
G1 X125.427 Y144.005 E.01288
G1 X125.664 Y143.615 E.01288
G1 X125.972 Y143.281 E.0128
G1 X126.339 Y143.015 E.01281
G1 X126.752 Y142.825 E.01281
G1 X127.19 Y142.721 E.01271
G1 X127.576 Y142.702 E.01087
G1 X128.015 Y142.759 E.01251
G1 X128.439 Y142.901 E.01261
G1 X128.771 Y143.09 E.01075
SET_VELOCITY_LIMIT ACCEL=5000 ACCEL_TO_DECEL=2500 SQUARE_CORNER_VELOCITY=9
G1 X128.634 Y143.306 F21000
;TYPE:Gap infill
;WIDTH:0.118265
G1 F2483
G1 X128.431 Y143.177 E.00143
G1 X128.051 Y143.029 E.00243
G1 X127.65 Y142.959 E.00243
G1 X127.242 Y142.967 E.00243
G1 X126.85 Y143.056 E.00239
G1 X126.467 Y143.233 E.00251
G1 X126.221 Y143.402 E.00177
G1 X125.93 Y143.687 E.00243
G1 X125.701 Y144.024 E.00243
G1 X125.543 Y144.4 E.00243
G1 X125.464 Y144.793 E.00239
G1 X125.464 Y145.207 E.00246
G1 X125.545 Y145.606 E.00243
G1 X125.704 Y145.982 E.00243
G1 X125.934 Y146.318 E.00243
G1 X126.226 Y146.602 E.00243
G1 X126.569 Y146.823 E.00243
G1 X126.949 Y146.971 E.00243
G1 X127.35 Y147.042 E.00243
G1 X127.758 Y147.031 E.00243
G1 X128.155 Y146.939 E.00243
G1 X128.527 Y146.771 E.00243
G1 X128.859 Y146.534 E.00243
G1 X129.136 Y146.235 E.00243
G1 X129.349 Y145.886 E.00243
G1 X129.488 Y145.502 E.00243
M73 P13 R11
G1 X129.548 Y145.105 E.00239
G1 X129.525 Y144.699 E.00242
G1 X129.427 Y144.308 E.0024
G1 X129.254 Y143.945 E.0024
G1 X129.015 Y143.623 E.00239
G1 X128.775 Y143.396 E.00197
G1 X128.667 Y143.327 E.00076
G1 E-.68 F3600
;WIPE_START
G1 F7200
G1 X128.431 Y143.177 E-.03361
G1 X128.051 Y143.029 E-.0489
G1 X127.743 Y142.975 E-.03749
;WIPE_END
G1 X122.252 Y148.276 Z1.6 F21000
G1 X121.468 Y149.032 Z1.6
G1 Z1.2
G1 E.8 F2700
SET_VELOCITY_LIMIT ACCEL=3000 ACCEL_TO_DECEL=1500 SQUARE_CORNER_VELOCITY=7
;TYPE:Inner wall
;WIDTH:0.45
G1 F2483
G1 X121.468 Y149.968 E.03009
G1 X103.532 Y149.968 E.57675
G1 X103.532 Y149.032 E.03009
G1 X121.428 Y149.032 E.57547
SET_VELOCITY_LIMIT ACCEL=5000 ACCEL_TO_DECEL=2500 SQUARE_CORNER_VELOCITY=9
G1 X121.875 Y148.625 F21000
SET_VELOCITY_LIMIT ACCEL=3000 ACCEL_TO_DECEL=1500 SQUARE_CORNER_VELOCITY=7
G1 F2483
G1 X121.875 Y150.375 E.05627
G1 X103.125 Y150.375 E.60293
G1 X103.125 Y148.625 E.05627
G1 X121.835 Y148.625 E.60165
G1 X122.3 Y148.2 F21000
;TYPE:Outer wall
;WIDTH:0.4
G1 F2483
G1 X122.3 Y150.8 E.07334
G1 X102.7 Y150.8 E.55285
G1 X102.7 Y148.2 E.07334
G1 X122.26 Y148.2 E.55172
SET_VELOCITY_LIMIT ACCEL=5000 ACCEL_TO_DECEL=2500 SQUARE_CORNER_VELOCITY=9
G1 E-.68 F3600
;WIPE_START
G1 X122.275 Y149.2 E-.12
;WIPE_END
G1 X121.264 Y149.5 Z1.6 F21000
G1 Z1.2
G1 E.8 F2700
;TYPE:Gap infill
;WIDTH:0.571682
G1 F2483
G1 X103.736 Y149.5 E.73215
G1 E-.68 F3600
;WIPE_START
G1 F5972.243
G1 X104.736 Y149.5 E-.12
;WIPE_END
G1 X97.57 Y146.871 Z1.6 F21000
G1 X97.365 Y146.796 Z1.6
G1 Z1.2
G1 E.8 F2700
SET_VELOCITY_LIMIT ACCEL=3000 ACCEL_TO_DECEL=1500 SQUARE_CORNER_VELOCITY=7
;TYPE:Outer wall
;WIDTH:0.4
G1 F2483
G1 X97.012 Y146.734 E.01012
G1 X96.678 Y146.603 E.01012
G1 X96.377 Y146.408 E.01012
G1 X96.12 Y146.158 E.01012
G1 X95.918 Y145.861 E.01012
G1 X95.779 Y145.531 E.01012
G1 X95.708 Y145.179 E.01012
G1 X95.708 Y144.821 E.01012
G1 X95.779 Y144.469 E.01012
G1 X95.918 Y144.139 E.01012
G1 X96.12 Y143.842 E.01012
G1 X96.377 Y143.592 E.01012
G1 X96.676 Y143.399 E.01005
G1 X96.929 Y143.292 E.00773
G1 X97.276 Y143.213 E.01004
G1 X97.635 Y143.204 E.01012
G1 X97.988 Y143.266 E.01012
G1 X98.322 Y143.397 E.01012
G1 X98.623 Y143.592 E.01012
G1 X98.88 Y143.842 E.01012
G1 X99.082 Y144.139 E.01012
G1 X99.221 Y144.469 E.01012
G1 X99.292 Y144.818 E.01005
G1 X99.298 Y145.092 E.00773
G1 X99.245 Y145.444 E.01004
G1 X99.123 Y145.781 E.01012
G1 X98.936 Y146.087 E.01012
G1 X98.692 Y146.35 E.01012
G1 X98.401 Y146.56 E.01012
G1 X98.074 Y146.707 E.01012
G1 X97.724 Y146.787 E.01012
G1 X97.405 Y146.795 E.00899
G1 X97.117 Y147.259 F21000
G1 F2483
G1 X96.778 Y147.183 E.0098
G1 X96.361 Y146.998 E.01287
G1 X95.989 Y146.734 E.01286
G1 X95.677 Y146.402 E.01286
G1 X95.436 Y146.015 E.01286
G1 X95.277 Y145.587 E.01286
G1 X95.205 Y145.137 E.01286
G1 X95.202 Y144.912 E.00634
G1 X95.251 Y144.52 E.01115
G1 X95.388 Y144.089 E.01276
G1 X95.61 Y143.69 E.01286
G1 X95.905 Y143.343 E.01286
G1 X96.263 Y143.061 E.01286
G1 X96.663 Y142.858 E.01263
G1 X97.098 Y142.736 E.01275
G1 X97.312 Y142.708 E.00608
G1 X97.581 Y142.702 E.00759
G1 X97.806 Y142.721 E.00639
G1 X98.248 Y142.825 E.0128
G1 X98.661 Y143.015 E.01281
G1 X99.028 Y143.281 E.01281
G1 X99.336 Y143.615 E.0128
G1 X99.573 Y144.005 E.01288
G1 X99.729 Y144.434 E.01288
G1 X99.797 Y144.886 E.01288
G1 X99.774 Y145.342 E.01288
G1 X99.662 Y145.784 E.01288
G1 X99.464 Y146.196 E.01288
G1 X99.338 Y146.382 E.00635
G1 X99.076 Y146.674 E.01107
G1 X98.749 Y146.93 E.01171
G1 X98.347 Y147.138 E.01277
G1 X97.908 Y147.263 E.01289
G1 X97.681 Y147.293 E.00645
G1 X97.224 Y147.283 E.01289
G1 X97.156 Y147.268 E.00196
SET_VELOCITY_LIMIT ACCEL=5000 ACCEL_TO_DECEL=2500 SQUARE_CORNER_VELOCITY=9
G1 X97.211 Y147.023 F21000
;TYPE:Gap infill
;WIDTH:0.114243
G1 F2483
G1 X97.254 Y147.032 E.00025
G1 X97.751 Y147.034 E.0028
G1 X98.149 Y146.941 E.0023
G1 X98.526 Y146.771 E.00233
G1 X98.852 Y146.537 E.00226
G1 X99.132 Y146.24 E.0023
G1 X99.247 Y146.065 E.00118
G1 X99.423 Y145.698 E.00229
G1 X99.523 Y145.304 E.00229
G1 X99.545 Y144.898 E.00229
G1 X99.484 Y144.496 E.00229
G1 X99.345 Y144.114 E.00229
G1 X99.134 Y143.767 E.00229
G1 X98.86 Y143.47 E.00228
G1 X98.533 Y143.233 E.00228
G1 X98.166 Y143.065 E.00228
G1 X97.657 Y142.957 E.00293
G1 X97.242 Y142.97 E.00234
G1 X96.851 Y143.06 E.00226
G1 X96.559 Y143.184 E.00179
G1 X96.222 Y143.403 E.00227
G1 X95.931 Y143.688 E.0023
G1 X95.702 Y144.024 E.00229
G1 X95.544 Y144.4 E.0023
G1 X95.464 Y144.793 E.00226
G1 X95.456 Y145.121 E.00185
G1 X95.521 Y145.523 E.00229
G1 X95.663 Y145.903 E.00229
G1 X95.877 Y146.248 E.00229
G1 X96.155 Y146.544 E.00229
G1 X96.486 Y146.779 E.00229
G1 X96.857 Y146.944 E.00229
G1 X97.172 Y147.014 E.00182
; stop printing object vyper_electronics_cassette.stl id:0 copy 0
;LAYER_CHANGE
;Z:1.4
;HEIGHT:0.2
;BEFORE_LAYER_CHANGE
G92 E0
;1.4


G1 E-.68 F3600
;WIPE_START
G1 F7200
G1 X97.254 Y147.032 E-.01014
G1 X97.751 Y147.034 E-.05965
G1 X98.149 Y146.941 E-.04898
G1 X98.158 Y146.937 E-.00124
;WIPE_END
EXCLUDE_OBJECT_END NAME=vyper_electronics_cassette.stl_id_0_copy_0
;AFTER_LAYER_CHANGE
;1.4
;_SET_FAN_SPEED_CHANGING_LAYER
; printing object vyper_electronics_cassette.stl id:0 copy 0
EXCLUDE_OBJECT_START NAME=vyper_electronics_cassette.stl_id_0_copy_0
G1 X97.952 Y139.307 Z1.8 F21000
G1 X96.341 Y79.627 Z1.8
G1 Z1.4
G1 E.8 F2700
SET_VELOCITY_LIMIT ACCEL=3000 ACCEL_TO_DECEL=1500 SQUARE_CORNER_VELOCITY=7
;TYPE:Outer wall
;WIDTH:0.4
G1 F2483
G1 X96.377 Y79.592 E.00143
G1 X96.676 Y79.399 E.01005
G1 X96.929 Y79.292 E.00773
G1 X97.276 Y79.213 E.01004
G1 X97.635 Y79.204 E.01012
G1 X97.988 Y79.266 E.01012
G1 X98.322 Y79.397 E.01012
G1 X98.623 Y79.592 E.01012
G1 X98.88 Y79.842 E.01012
G1 X99.082 Y80.139 E.01012
G1 X99.221 Y80.469 E.01012
G1 X99.292 Y80.818 E.01005
G1 X99.298 Y81.092 E.00773
G1 X99.245 Y81.444 E.01004
G1 X99.123 Y81.781 E.01012
G1 X98.936 Y82.087 E.01012
G1 X98.692 Y82.35 E.01012
G1 X98.401 Y82.56 E.01012
G1 X98.074 Y82.707 E.01012
G1 X97.724 Y82.787 E.01012
G1 X97.365 Y82.796 E.01012
G1 X97.012 Y82.734 E.01012
G1 X96.678 Y82.603 E.01012
G1 X96.377 Y82.408 E.01012
G1 X96.12 Y82.158 E.01012
G1 X95.918 Y81.861 E.01012
G1 X95.779 Y81.531 E.01012
G1 X95.708 Y81.179 E.01012
G1 X95.708 Y80.821 E.01012
G1 X95.779 Y80.469 E.01012
G1 X95.918 Y80.139 E.01012
G1 X96.12 Y79.842 E.01012
G1 X96.312 Y79.655 E.00755
SET_VELOCITY_LIMIT ACCEL=5000 ACCEL_TO_DECEL=2500 SQUARE_CORNER_VELOCITY=9
G1 E-.68 F3600
;WIPE_START
G1 X96.377 Y79.592 E-.0109
G1 X96.676 Y79.399 E-.04274
G1 X96.929 Y79.292 E-.0329
G1 X97.201 Y79.23 E-.03347
;WIPE_END
G1 X96.198 Y82.892 Z1.8 F21000
G1 Z1.4
G1 E.8 F2700
SET_VELOCITY_LIMIT ACCEL=3000 ACCEL_TO_DECEL=1500 SQUARE_CORNER_VELOCITY=7
G1 F2483
G1 X96.171 Y82.877 E.00088
G1 X95.827 Y82.578 E.01285
G1 X95.549 Y82.217 E.01285
G1 X95.347 Y81.808 E.01285
G1 X95.23 Y81.368 E.01285
G1 X95.202 Y80.917 E.01275
G1 X95.252 Y80.516 E.01138
G1 X95.31 Y80.3 E.00633
G1 X95.491 Y79.881 E.01285
G1 X95.751 Y79.507 E.01285
G1 X96.079 Y79.192 E.01285
G1 X96.464 Y78.947 E.01285
G1 X96.889 Y78.783 E.01287
G1 X97.34 Y78.706 E.01288
G1 X97.796 Y78.719 E.01288
G1 X98.241 Y78.823 E.01288
G1 X98.657 Y79.012 E.01288
G1 X99.027 Y79.28 E.01288
G1 X99.19 Y79.44 E.00645
G1 X99.465 Y79.805 E.01288
G1 X99.662 Y80.216 E.01287
G1 X99.774 Y80.658 E.01287
G1 X99.797 Y81.114 E.01287
G1 X99.729 Y81.566 E.01287
G1 X99.574 Y81.995 E.01287
G1 X99.336 Y82.384 E.01287
G1 X99.029 Y82.718 E.01278
G1 X98.663 Y82.984 E.01279
G1 X98.251 Y83.174 E.01279
G1 X97.813 Y83.278 E.01268
G1 X97.421 Y83.298 E.01109
G1 X96.984 Y83.24 E.01243
G1 X96.562 Y83.1 E.01253
G1 X96.232 Y82.912 E.01072
SET_VELOCITY_LIMIT ACCEL=5000 ACCEL_TO_DECEL=2500 SQUARE_CORNER_VELOCITY=9
G1 X96.372 Y82.696 F21000
;TYPE:Gap infill
;WIDTH:0.115854
G1 F2483
G1 X96.569 Y82.823 E.00135
G1 X96.949 Y82.971 E.00235
G1 X97.35 Y83.041 E.00235
G1 X97.758 Y83.033 E.00235
G1 X98.156 Y82.942 E.00235
G1 X98.528 Y82.774 E.00235
G1 X98.859 Y82.535 E.00235
G1 X99.137 Y82.235 E.00235
G1 X99.349 Y81.887 E.00235
G1 X99.488 Y81.504 E.00234
G1 X99.548 Y81.105 E.00233
G1 X99.524 Y80.696 E.00236
G1 X99.424 Y80.302 E.00234
G1 X99.249 Y79.936 E.00234
G1 X99.004 Y79.611 E.00235
G1 X98.774 Y79.398 E.00181
G1 X98.431 Y79.177 E.00235
G1 X98.057 Y79.031 E.00231
G1 X97.656 Y78.959 E.00235
G1 X97.357 Y78.958 E.00172
G1 X96.957 Y79.027 E.00234
G1 X96.576 Y79.17 E.00234
G1 X96.225 Y79.395 E.0024
G1 X95.932 Y79.68 E.00235
G1 X95.702 Y80.017 E.00235
G1 X95.542 Y80.392 E.00235
G1 X95.464 Y80.793 E.00235
G1 X95.464 Y81.207 E.00238
G1 X95.546 Y81.606 E.00235
G1 X95.704 Y81.982 E.00235
G1 X95.934 Y82.318 E.00235
G1 X96.227 Y82.602 E.00235
G1 X96.338 Y82.674 E.00076
G1 E-.68 F3600
;WIPE_START
G1 F7200
G1 X96.569 Y82.823 E-.03299
G1 X96.949 Y82.971 E-.0489
G1 X97.262 Y83.026 E-.0381
;WIPE_END
G1 X104.891 Y82.801 Z1.8 F21000
G1 X128.932 Y82.092 Z1.8
G1 Z1.4
G1 E.8 F2700
SET_VELOCITY_LIMIT ACCEL=3000 ACCEL_TO_DECEL=1500 SQUARE_CORNER_VELOCITY=7
;TYPE:Outer wall
;WIDTH:0.4
G1 F2483
G1 X128.692 Y82.35 E.00995
G1 X128.401 Y82.56 E.01012
G1 X128.074 Y82.707 E.01012
G1 X127.724 Y82.787 E.01012
G1 X127.365 Y82.796 E.01012
G1 X127.012 Y82.734 E.01012
G1 X126.678 Y82.603 E.01012
G1 X126.377 Y82.408 E.01012
G1 X126.12 Y82.158 E.01012
G1 X125.918 Y81.861 E.01012
G1 X125.779 Y81.531 E.01012
G1 X125.708 Y81.179 E.01012
G1 X125.708 Y80.821 E.01012
G1 X125.779 Y80.469 E.01012
G1 X125.918 Y80.139 E.01012
G1 X126.12 Y79.842 E.01012
G1 X126.377 Y79.592 E.01012
G1 X126.676 Y79.399 E.01005
G1 X126.929 Y79.292 E.00773
G1 X127.276 Y79.213 E.01004
G1 X127.635 Y79.204 E.01012
G1 X127.988 Y79.266 E.01012
G1 X128.322 Y79.397 E.01012
G1 X128.623 Y79.592 E.01012
G1 X128.88 Y79.842 E.01012
G1 X129.082 Y80.139 E.01012
G1 X129.221 Y80.469 E.01012
G1 X129.292 Y80.818 E.01005
G1 X129.298 Y81.092 E.00773
G1 X129.245 Y81.444 E.01004
G1 X129.123 Y81.781 E.01012
G1 X128.953 Y82.058 E.00916
G1 X129.04 Y82.707 F21000
G1 F2483
G1 X128.732 Y82.941 E.01089
G1 X128.331 Y83.143 E.01268
G1 X127.904 Y83.264 E.01253
G1 X127.691 Y83.292 E.00604
G1 X127.415 Y83.298 E.00779
G1 X127.19 Y83.279 E.00637
G1 X126.749 Y83.174 E.01278
G1 X126.337 Y82.984 E.01279
G1 X125.971 Y82.718 E.01279
G1 X125.664 Y82.384 E.01278
G1 X125.426 Y81.995 E.01287
G1 X125.271 Y81.566 E.01287
G1 X125.203 Y81.114 E.01287
G1 X125.226 Y80.658 E.01287
G1 X125.338 Y80.216 E.01287
G1 X125.535 Y79.805 E.01287
G1 X125.81 Y79.44 E.01288
G1 X126.152 Y79.137 E.01288
G1 X126.547 Y78.907 E.01288
G1 X126.979 Y78.76 E.01288
G1 X127.2 Y78.72 E.00634
G1 X127.605 Y78.703 E.01142
G1 X127.829 Y78.724 E.00635
G1 X128.272 Y78.834 E.01288
G1 X128.681 Y79.027 E.01276
G1 X129.044 Y79.295 E.01272
G1 X129.347 Y79.63 E.01272
G1 X129.579 Y80.016 E.01272
G1 X129.731 Y80.441 E.01272
G1 X129.797 Y80.887 E.01272
G1 X129.775 Y81.338 E.01272
G1 X129.665 Y81.775 E.01272
M73 P14 R11
G1 X129.472 Y82.183 E.01272
G1 X129.203 Y82.545 E.01272
G1 X129.069 Y82.68 E.00537
SET_VELOCITY_LIMIT ACCEL=5000 ACCEL_TO_DECEL=2500 SQUARE_CORNER_VELOCITY=9
G1 X128.881 Y82.508 F21000
;TYPE:Gap infill
;WIDTH:0.113395
G1 F2483
G1 X129.129 Y82.238 E.00204
G1 X129.254 Y82.052 E.00125
G1 X129.426 Y81.689 E.00223
G1 X129.524 Y81.3 E.00223
G1 X129.545 Y80.899 E.00223
G1 X129.457 Y80.4 E.00282
G1 X129.299 Y80.024 E.00227
G1 X129.07 Y79.687 E.00227
G1 X128.778 Y79.402 E.00227
G1 X128.436 Y79.181 E.00227
G1 X128.057 Y79.031 E.00227
G1 X127.657 Y78.957 E.00227
G1 X127.242 Y78.967 E.00231
G1 X126.856 Y79.059 E.0022
G1 X126.564 Y79.18 E.00176
G1 X126.226 Y79.398 E.00224
G1 X125.934 Y79.682 E.00227
G1 X125.704 Y80.018 E.00227
G1 X125.545 Y80.394 E.00227
G1 X125.464 Y80.793 E.00227
G1 X125.463 Y81.201 E.00227
G1 X125.543 Y81.6 E.00227
G1 X125.701 Y81.976 E.00227
G1 X125.93 Y82.313 E.00227
G1 X126.221 Y82.598 E.00227
G1 X126.563 Y82.82 E.00227
G1 X126.943 Y82.969 E.00227
G1 X127.343 Y83.043 E.00227
G1 X127.758 Y83.03 E.00231
G1 X128.155 Y82.939 E.00227
G1 X128.526 Y82.771 E.00227
G1 X128.853 Y82.538 E.00223
G1 X128.854 Y82.537 E.00001
G1 E-.68 F3600
;WIPE_START
G1 F7200
G1 X129.129 Y82.238 E-.04878
G1 X129.254 Y82.052 E-.02688
G1 X129.412 Y81.718 E-.04433
;WIPE_END
G1 X129.327 Y89.35 Z1.8 F21000
G1 X128.692 Y146.35 Z1.8
G1 Z1.4
G1 E.8 F2700
SET_VELOCITY_LIMIT ACCEL=3000 ACCEL_TO_DECEL=1500 SQUARE_CORNER_VELOCITY=7
;TYPE:Outer wall
;WIDTH:0.4
G1 F2483
G1 X128.401 Y146.56 E.01012
G1 X128.074 Y146.707 E.01012
G1 X127.724 Y146.787 E.01012
G1 X127.365 Y146.796 E.01012
G1 X127.012 Y146.734 E.01012
G1 X126.678 Y146.603 E.01012
G1 X126.377 Y146.408 E.01012
G1 X126.12 Y146.158 E.01012
G1 X125.918 Y145.861 E.01012
G1 X125.779 Y145.531 E.01012
G1 X125.708 Y145.179 E.01012
G1 X125.708 Y144.821 E.01012
G1 X125.779 Y144.469 E.01012
G1 X125.918 Y144.139 E.01012
G1 X126.12 Y143.842 E.01012
G1 X126.377 Y143.592 E.01012
G1 X126.676 Y143.399 E.01005
G1 X126.929 Y143.292 E.00773
G1 X127.276 Y143.213 E.01004
G1 X127.635 Y143.204 E.01012
G1 X127.988 Y143.266 E.01012
G1 X128.322 Y143.397 E.01012
G1 X128.623 Y143.592 E.01012
G1 X128.88 Y143.842 E.01012
G1 X129.082 Y144.139 E.01012
G1 X129.221 Y144.469 E.01012
G1 X129.292 Y144.818 E.01005
G1 X129.298 Y145.092 E.00773
G1 X129.245 Y145.444 E.01004
G1 X129.123 Y145.781 E.01012
G1 X128.936 Y146.087 E.01012
G1 X128.719 Y146.321 E.00899
SET_VELOCITY_LIMIT ACCEL=5000 ACCEL_TO_DECEL=2500 SQUARE_CORNER_VELOCITY=9
G1 E-.68 F3600
;WIPE_START
G1 X128.401 Y146.56 E-.04775
G1 X128.074 Y146.707 E-.04304
G1 X127.836 Y146.761 E-.02922
;WIPE_END
G1 X128.817 Y143.116 Z1.8 F21000
G1 Z1.4
G1 E.8 F2700
SET_VELOCITY_LIMIT ACCEL=3000 ACCEL_TO_DECEL=1500 SQUARE_CORNER_VELOCITY=7
G1 F2483
G1 X128.826 Y143.121 E.00027
G1 X129.003 Y143.259 E.00634
G1 X129.204 Y143.456 E.00794
G1 X129.472 Y143.817 E.01269
G1 X129.665 Y144.225 E.01272
G1 X129.775 Y144.662 E.01272
G1 X129.797 Y145.113 E.01272
G1 X129.731 Y145.559 E.01272
G1 X129.579 Y145.984 E.01272
G1 X129.347 Y146.37 E.01272
G1 X129.046 Y146.702 E.01262
G1 X128.729 Y146.944 E.01126
G1 X128.328 Y147.146 E.01266
G1 X127.887 Y147.267 E.01288
G1 X127.432 Y147.299 E.01288
G1 X126.979 Y147.24 E.01288
G1 X126.547 Y147.093 E.01288
G1 X126.152 Y146.863 E.01288
G1 X125.81 Y146.56 E.01288
G1 X125.535 Y146.195 E.01288
G1 X125.338 Y145.784 E.01287
G1 X125.226 Y145.342 E.01287
G1 X125.203 Y144.886 E.01287
G1 X125.271 Y144.434 E.01287
G1 X125.426 Y144.005 E.01287
G1 X125.664 Y143.616 E.01287
G1 X125.971 Y143.282 E.01278
G1 X126.337 Y143.016 E.01279
G1 X126.749 Y142.826 E.01279
G1 X127.187 Y142.722 E.01268
G1 X127.579 Y142.702 E.01109
G1 X128.016 Y142.76 E.01243
G1 X128.438 Y142.9 E.01253
G1 X128.782 Y143.096 E.01119
SET_VELOCITY_LIMIT ACCEL=5000 ACCEL_TO_DECEL=2500 SQUARE_CORNER_VELOCITY=9
G1 X128.645 Y143.313 F21000
;TYPE:Gap infill
;WIDTH:0.118298
G1 F2483
G1 X128.431 Y143.177 E.00151
G1 X128.051 Y143.029 E.00243
G1 X127.65 Y142.959 E.00243
G1 X127.242 Y142.967 E.00243
G1 X126.85 Y143.057 E.00239
G1 X126.465 Y143.234 E.00252
G1 X126.221 Y143.402 E.00176
G1 X125.93 Y143.687 E.00243
G1 X125.701 Y144.024 E.00243
G1 X125.543 Y144.4 E.00243
G1 X125.464 Y144.793 E.00239
G1 X125.464 Y145.207 E.00247
G1 X125.545 Y145.606 E.00243
G1 X125.704 Y145.982 E.00243
G1 X125.934 Y146.318 E.00243
G1 X126.226 Y146.602 E.00243
G1 X126.569 Y146.823 E.00243
G1 X126.949 Y146.971 E.00243
G1 X127.35 Y147.042 E.00243
G1 X127.758 Y147.031 E.00243
G1 X128.155 Y146.94 E.00243
G1 X128.527 Y146.772 E.00243
G1 X128.858 Y146.534 E.00243
G1 X129.136 Y146.235 E.00243
G1 X129.349 Y145.886 E.00243
G1 X129.488 Y145.502 E.00243
G1 X129.548 Y145.105 E.0024
G1 X129.525 Y144.699 E.00242
G1 X129.427 Y144.31 E.00239
G1 X129.256 Y143.947 E.00239
G1 X129.018 Y143.626 E.00238
G1 X128.775 Y143.396 E.00199
G1 X128.679 Y143.334 E.00068
G1 E-.68 F3600
;WIPE_START
G1 F7200
G1 X128.431 Y143.177 E-.03522
G1 X128.051 Y143.029 E-.0489
G1 X127.757 Y142.977 E-.03588
;WIPE_END
G1 X122.258 Y148.271 Z1.8 F21000
G1 X121.468 Y149.032 Z1.8
G1 Z1.4
G1 E.8 F2700
SET_VELOCITY_LIMIT ACCEL=3000 ACCEL_TO_DECEL=1500 SQUARE_CORNER_VELOCITY=7
;TYPE:Inner wall
;WIDTH:0.45
G1 F2483
G1 X121.468 Y149.968 E.03009
G1 X103.532 Y149.968 E.57675
G1 X103.532 Y149.032 E.03009
G1 X121.428 Y149.032 E.57547
SET_VELOCITY_LIMIT ACCEL=5000 ACCEL_TO_DECEL=2500 SQUARE_CORNER_VELOCITY=9
G1 X121.875 Y148.625 F21000
SET_VELOCITY_LIMIT ACCEL=3000 ACCEL_TO_DECEL=1500 SQUARE_CORNER_VELOCITY=7
G1 F2483
G1 X121.875 Y150.375 E.05627
G1 X103.125 Y150.375 E.60293
G1 X103.125 Y148.625 E.05627
G1 X121.835 Y148.625 E.60165
G1 X122.3 Y148.2 F21000
;TYPE:Outer wall
;WIDTH:0.4
G1 F2483
G1 X122.3 Y150.8 E.07334
G1 X102.7 Y150.8 E.55285
G1 X102.7 Y148.2 E.07334
G1 X122.26 Y148.2 E.55172
SET_VELOCITY_LIMIT ACCEL=5000 ACCEL_TO_DECEL=2500 SQUARE_CORNER_VELOCITY=9
G1 E-.68 F3600
;WIPE_START
G1 X122.275 Y149.2 E-.12
;WIPE_END
G1 X121.264 Y149.5 Z1.8 F21000
G1 Z1.4
G1 E.8 F2700
;TYPE:Gap infill
;WIDTH:0.571682
G1 F2483
G1 X103.736 Y149.5 E.73215
G1 E-.68 F3600
;WIPE_START
G1 F5972.243
G1 X104.736 Y149.5 E-.12
;WIPE_END
G1 X97.57 Y146.871 Z1.8 F21000
G1 X97.365 Y146.796 Z1.8
G1 Z1.4
G1 E.8 F2700
SET_VELOCITY_LIMIT ACCEL=3000 ACCEL_TO_DECEL=1500 SQUARE_CORNER_VELOCITY=7
;TYPE:Outer wall
;WIDTH:0.4
G1 F2483
G1 X97.012 Y146.734 E.01012
G1 X96.678 Y146.603 E.01012
G1 X96.377 Y146.408 E.01012
G1 X96.12 Y146.158 E.01012
G1 X95.918 Y145.861 E.01012
G1 X95.779 Y145.531 E.01012
G1 X95.708 Y145.179 E.01012
G1 X95.708 Y144.821 E.01012
G1 X95.779 Y144.469 E.01012
G1 X95.918 Y144.139 E.01012
G1 X96.12 Y143.842 E.01012
G1 X96.377 Y143.592 E.01012
G1 X96.676 Y143.399 E.01005
G1 X96.929 Y143.292 E.00773
G1 X97.276 Y143.213 E.01004
G1 X97.635 Y143.204 E.01012
G1 X97.988 Y143.266 E.01012
G1 X98.322 Y143.397 E.01012
G1 X98.623 Y143.592 E.01012
G1 X98.88 Y143.842 E.01012
G1 X99.082 Y144.139 E.01012
G1 X99.221 Y144.469 E.01012
G1 X99.292 Y144.818 E.01005
G1 X99.298 Y145.092 E.00773
G1 X99.245 Y145.444 E.01004
G1 X99.123 Y145.781 E.01012
G1 X98.936 Y146.087 E.01012
G1 X98.692 Y146.35 E.01012
G1 X98.401 Y146.56 E.01012
G1 X98.074 Y146.707 E.01012
G1 X97.724 Y146.787 E.01012
G1 X97.405 Y146.795 E.00899
G1 X97.052 Y147.245 F21000
G1 F2483
G1 X96.78 Y147.184 E.00787
G1 X96.363 Y146.999 E.01287
G1 X95.991 Y146.736 E.01285
G1 X95.679 Y146.404 E.01285
G1 X95.438 Y146.018 E.01285
G1 X95.278 Y145.591 E.01285
G1 X95.205 Y145.141 E.01285
G1 X95.202 Y144.917 E.00633
G1 X95.252 Y144.516 E.01138
G1 X95.39 Y144.086 E.01275
G1 X95.611 Y143.688 E.01285
G1 X95.907 Y143.341 E.01285
G1 X96.265 Y143.06 E.01285
G1 X96.664 Y142.858 E.01261
G1 X97.096 Y142.736 E.01267
G1 X97.309 Y142.708 E.00604
G1 X97.585 Y142.702 E.00779
G1 X97.81 Y142.721 E.00637
G1 X98.251 Y142.826 E.01278
G1 X98.663 Y143.016 E.01279
G1 X99.029 Y143.282 E.01279
G1 X99.336 Y143.616 E.01278
G1 X99.574 Y144.005 E.01287
G1 X99.729 Y144.434 E.01287
G1 X99.797 Y144.886 E.01287
G1 X99.774 Y145.342 E.01287
G1 X99.662 Y145.784 E.01287
G1 X99.465 Y146.195 E.01287
G1 X99.339 Y146.381 E.00634
G1 X99.07 Y146.679 E.01132
G1 X98.751 Y146.93 E.01145
G1 X98.348 Y147.138 E.01277
G1 X97.909 Y147.263 E.01288
G1 X97.682 Y147.292 E.00645
G1 X97.226 Y147.283 E.01288
G1 X97.091 Y147.253 E.00389
SET_VELOCITY_LIMIT ACCEL=5000 ACCEL_TO_DECEL=2500 SQUARE_CORNER_VELOCITY=9
G1 X97.146 Y147.008 F21000
;TYPE:Gap infill
;WIDTH:0.114264
G1 F2483
G1 X97.256 Y147.033 E.00064
G1 X97.751 Y147.034 E.00279
G1 X98.149 Y146.941 E.0023
G1 X98.526 Y146.771 E.00233
G1 X98.852 Y146.537 E.00226
G1 X99.132 Y146.24 E.0023
G1 X99.247 Y146.064 E.00119
G1 X99.423 Y145.697 E.00229
G1 X99.523 Y145.304 E.00229
G1 X99.545 Y144.898 E.00229
G1 X99.484 Y144.497 E.00229
G1 X99.346 Y144.115 E.00229
G1 X99.07 Y143.687 E.00287
G1 X98.779 Y143.402 E.0023
G1 X98.437 Y143.18 E.0023
G1 X98.057 Y143.031 E.0023
G1 X97.657 Y142.957 E.0023
G1 X97.242 Y142.97 E.00234
G1 X96.851 Y143.059 E.00226
G1 X96.559 Y143.184 E.00179
G1 X96.222 Y143.403 E.00227
G1 X95.931 Y143.688 E.0023
G1 X95.702 Y144.024 E.0023
G1 X95.544 Y144.4 E.0023
G1 X95.464 Y144.793 E.00226
G1 X95.456 Y145.125 E.00187
G1 X95.521 Y145.526 E.00229
G1 X95.664 Y145.906 E.00229
G1 X95.879 Y146.25 E.00229
G1 X96.157 Y146.545 E.00229
G1 X96.488 Y146.78 E.00229
G1 X96.859 Y146.944 E.00229
G1 X97.107 Y146.999 E.00143
; stop printing object vyper_electronics_cassette.stl id:0 copy 0
;LAYER_CHANGE
;Z:1.6
;HEIGHT:0.2
;BEFORE_LAYER_CHANGE
G92 E0
;1.6


G1 E-.68 F3600
;WIPE_START
G1 F7200
G1 X97.256 Y147.033 E-.01833
G1 X97.751 Y147.034 E-.05946
G1 X98.094 Y146.954 E-.04222
;WIPE_END
EXCLUDE_OBJECT_END NAME=vyper_electronics_cassette.stl_id_0_copy_0
;AFTER_LAYER_CHANGE
;1.6
;_SET_FAN_SPEED_CHANGING_LAYER
; printing object vyper_electronics_cassette.stl id:0 copy 0
EXCLUDE_OBJECT_START NAME=vyper_electronics_cassette.stl_id_0_copy_0
G1 X97.895 Y139.324 Z2 F21000
G1 X96.337 Y79.631 Z2
G1 Z1.6
G1 E.8 F2700
SET_VELOCITY_LIMIT ACCEL=3000 ACCEL_TO_DECEL=1500 SQUARE_CORNER_VELOCITY=7
;TYPE:Outer wall
;WIDTH:0.4
G1 F2484
G1 X96.377 Y79.592 E.00158
G1 X96.676 Y79.399 E.01005
G1 X96.929 Y79.292 E.00773
G1 X97.276 Y79.213 E.01005
G1 X97.635 Y79.204 E.01012
G1 X97.988 Y79.266 E.01012
G1 X98.322 Y79.397 E.01012
G1 X98.623 Y79.592 E.01012
G1 X98.88 Y79.842 E.01012
G1 X99.082 Y80.139 E.01012
G1 X99.221 Y80.469 E.01012
G1 X99.292 Y80.818 E.01004
G1 X99.298 Y81.092 E.00773
G1 X99.245 Y81.444 E.01004
G1 X99.123 Y81.781 E.01012
G1 X98.936 Y82.087 E.01012
G1 X98.692 Y82.35 E.01012
G1 X98.401 Y82.56 E.01012
G1 X98.074 Y82.707 E.01012
G1 X97.724 Y82.787 E.01012
G1 X97.365 Y82.796 E.01012
G1 X97.012 Y82.734 E.01012
G1 X96.678 Y82.603 E.01012
G1 X96.377 Y82.408 E.01012
G1 X96.12 Y82.158 E.01012
G1 X95.918 Y81.861 E.01012
G1 X95.779 Y81.531 E.01012
G1 X95.708 Y81.179 E.01012
M73 P15 R11
G1 X95.708 Y80.821 E.01012
G1 X95.779 Y80.469 E.01012
G1 X95.918 Y80.139 E.01012
G1 X96.12 Y79.842 E.01012
G1 X96.308 Y79.659 E.00741
SET_VELOCITY_LIMIT ACCEL=5000 ACCEL_TO_DECEL=2500 SQUARE_CORNER_VELOCITY=9
G1 E-.68 F3600
;WIPE_START
G1 X96.377 Y79.592 E-.0115
G1 X96.676 Y79.399 E-.04274
G1 X96.929 Y79.292 E-.0329
G1 X97.196 Y79.231 E-.03286
;WIPE_END
G1 X96.185 Y82.885 Z2 F21000
G1 Z1.6
G1 E.8 F2700
SET_VELOCITY_LIMIT ACCEL=3000 ACCEL_TO_DECEL=1500 SQUARE_CORNER_VELOCITY=7
G1 F2484
G1 X96.173 Y82.878 E.00038
G1 X95.829 Y82.58 E.01284
G1 X95.55 Y82.22 E.01284
G1 X95.348 Y81.812 E.01284
G1 X95.231 Y81.372 E.01284
G1 X95.202 Y80.921 E.01273
G1 X95.253 Y80.512 E.01162
G1 X95.311 Y80.296 E.00632
G1 X95.492 Y79.879 E.01284
G1 X95.753 Y79.505 E.01284
G1 X96.081 Y79.19 E.01284
G1 X96.466 Y78.946 E.01284
G1 X96.891 Y78.782 E.01287
G1 X97.341 Y78.706 E.01288
G1 X97.798 Y78.72 E.01288
G1 X98.242 Y78.823 E.01288
G1 X98.658 Y79.013 E.01288
G1 X99.027 Y79.281 E.01288
G1 X99.19 Y79.441 E.00645
G1 X99.465 Y79.805 E.01287
G1 X99.662 Y80.217 E.01287
G1 X99.774 Y80.659 E.01286
G1 X99.797 Y81.114 E.01287
G1 X99.729 Y81.565 E.01287
G1 X99.574 Y81.994 E.01286
G1 X99.337 Y82.384 E.01287
G1 X99.03 Y82.717 E.01276
G1 X98.664 Y82.983 E.01277
G1 X98.254 Y83.173 E.01276
G1 X97.817 Y83.277 E.01266
G1 X97.417 Y83.298 E.0113
G1 X96.983 Y83.24 E.01234
G1 X96.564 Y83.101 E.01245
G1 X96.219 Y82.904 E.0112
SET_VELOCITY_LIMIT ACCEL=5000 ACCEL_TO_DECEL=2500 SQUARE_CORNER_VELOCITY=9
G1 X96.359 Y82.687 F21000
;TYPE:Gap infill
;WIDTH:0.115847
G1 F2484
G1 X96.569 Y82.823 E.00144
G1 X96.949 Y82.971 E.00235
G1 X97.35 Y83.042 E.00235
G1 X97.758 Y83.033 E.00235
G1 X98.156 Y82.942 E.00235
G1 X98.528 Y82.774 E.00235
G1 X98.859 Y82.535 E.00235
G1 X99.137 Y82.235 E.00235
G1 X99.349 Y81.886 E.00235
G1 X99.488 Y81.504 E.00234
G1 X99.548 Y81.105 E.00233
G1 X99.524 Y80.696 E.00236
G1 X99.425 Y80.303 E.00234
G1 X99.249 Y79.937 E.00234
G1 X99.004 Y79.611 E.00235
G1 X98.774 Y79.398 E.00181
G1 X98.431 Y79.177 E.00235
G1 X98.057 Y79.031 E.00231
G1 X97.656 Y78.959 E.00235
G1 X97.359 Y78.958 E.00171
G1 X96.958 Y79.026 E.00234
G1 X96.578 Y79.169 E.00234
G1 X96.225 Y79.395 E.00242
G1 X95.932 Y79.68 E.00235
G1 X95.702 Y80.017 E.00235
G1 X95.542 Y80.392 E.00235
G1 X95.464 Y80.793 E.00235
G1 X95.464 Y81.207 E.00238
G1 X95.546 Y81.606 E.00235
G1 X95.704 Y81.981 E.00235
G1 X95.934 Y82.318 E.00235
G1 X96.227 Y82.602 E.00235
G1 X96.326 Y82.666 E.00068
G1 E-.68 F3600
;WIPE_START
G1 F7200
G1 X96.569 Y82.823 E-.03478
G1 X96.949 Y82.971 E-.04891
G1 X97.247 Y83.023 E-.03632
;WIPE_END
G1 X104.876 Y82.799 Z2 F21000
G1 X128.93 Y82.093 Z2
G1 Z1.6
G1 E.8 F2700
SET_VELOCITY_LIMIT ACCEL=3000 ACCEL_TO_DECEL=1500 SQUARE_CORNER_VELOCITY=7
;TYPE:Outer wall
;WIDTH:0.4
G1 F2484
G1 X128.692 Y82.35 E.00989
G1 X128.401 Y82.56 E.01012
G1 X128.074 Y82.707 E.01012
G1 X127.724 Y82.787 E.01012
G1 X127.365 Y82.796 E.01012
G1 X127.012 Y82.734 E.01012
G1 X126.678 Y82.603 E.01012
G1 X126.377 Y82.408 E.01012
G1 X126.12 Y82.158 E.01012
G1 X125.918 Y81.861 E.01012
G1 X125.779 Y81.531 E.01012
G1 X125.708 Y81.179 E.01012
G1 X125.708 Y80.821 E.01012
G1 X125.779 Y80.469 E.01012
G1 X125.918 Y80.139 E.01012
G1 X126.12 Y79.842 E.01012
G1 X126.377 Y79.592 E.01012
G1 X126.676 Y79.399 E.01005
G1 X126.929 Y79.292 E.00773
G1 X127.276 Y79.213 E.01005
G1 X127.635 Y79.204 E.01012
G1 X127.988 Y79.266 E.01012
G1 X128.322 Y79.397 E.01012
G1 X128.623 Y79.592 E.01012
G1 X128.88 Y79.842 E.01012
G1 X129.082 Y80.139 E.01012
G1 X129.221 Y80.469 E.01012
G1 X129.292 Y80.818 E.01005
G1 X129.298 Y81.092 E.00773
G1 X129.245 Y81.444 E.01004
G1 X129.123 Y81.781 E.01012
G1 X128.952 Y82.06 E.00922
G1 X129.039 Y82.707 F21000
G1 F2484
G1 X128.73 Y82.942 E.01098
G1 X128.33 Y83.144 E.01263
G1 X127.905 Y83.264 E.01245
G1 X127.694 Y83.291 E.00599
G1 X127.411 Y83.298 E.008
G1 X127.186 Y83.278 E.00636
G1 X126.746 Y83.173 E.01276
G1 X126.336 Y82.983 E.01276
G1 X125.97 Y82.717 E.01277
G1 X125.663 Y82.384 E.01276
G1 X125.426 Y81.994 E.01287
G1 X125.271 Y81.565 E.01286
G1 X125.203 Y81.114 E.01287
G1 X125.226 Y80.659 E.01287
G1 X125.338 Y80.217 E.01286
G1 X125.535 Y79.805 E.01287
G1 X125.81 Y79.441 E.01287
G1 X126.151 Y79.138 E.01288
G1 X126.545 Y78.908 E.01288
G1 X126.977 Y78.76 E.01288
G1 X127.198 Y78.72 E.00633
G1 X127.612 Y78.704 E.01166
G1 X127.835 Y78.725 E.00634
G1 X128.059 Y78.77 E.00644
G1 X128.483 Y78.922 E.01269
G1 X128.873 Y79.156 E.01283
G1 X129.205 Y79.458 E.01269
G1 X129.473 Y79.82 E.01269
G1 X129.665 Y80.227 E.01269
G1 X129.774 Y80.663 E.01269
G1 X129.796 Y81.113 E.01269
G1 X129.73 Y81.558 E.01269
G1 X129.579 Y81.981 E.01269
G1 X129.346 Y82.372 E.01283
G1 X129.068 Y82.679 E.01168
SET_VELOCITY_LIMIT ACCEL=5000 ACCEL_TO_DECEL=2500 SQUARE_CORNER_VELOCITY=9
G1 X128.883 Y82.507 F21000
;TYPE:Gap infill
;WIDTH:0.1148
G1 F2484
G1 X129.136 Y82.235 E.00211
G1 X129.348 Y81.886 E.00232
G1 X129.487 Y81.502 E.00232
G1 X129.547 Y81.105 E.00228
G1 X129.524 Y80.7 E.0023
G1 X129.427 Y80.312 E.00227
G1 X129.257 Y79.95 E.00227
G1 X129.019 Y79.627 E.00227
G1 X128.722 Y79.358 E.00227
G1 X128.37 Y79.147 E.00233
G1 X127.997 Y79.013 E.00225
G1 X127.65 Y78.956 E.002
G1 X127.242 Y78.967 E.00232
G1 X126.856 Y79.059 E.00225
G1 X126.564 Y79.18 E.0018
G1 X126.226 Y79.398 E.00228
G1 X125.934 Y79.682 E.00231
G1 X125.704 Y80.018 E.00231
G1 X125.545 Y80.394 E.00231
G1 X125.464 Y80.793 E.00231
G1 X125.463 Y81.201 E.00231
G1 X125.543 Y81.6 E.00231
G1 X125.701 Y81.976 E.00231
G1 X125.93 Y82.313 E.00231
G1 X126.221 Y82.598 E.00231
G1 X126.563 Y82.82 E.00231
G1 X126.943 Y82.969 E.00231
G1 X127.35 Y83.044 E.00235
G1 X127.758 Y83.033 E.00232
G1 X128.155 Y82.939 E.00231
G1 X128.526 Y82.771 E.00231
G1 X128.856 Y82.536 E.0023
G1 E-.68 F3600
;WIPE_START
G1 F7200
G1 X129.136 Y82.235 E-.04937
G1 X129.348 Y81.886 E-.04897
G1 X129.409 Y81.716 E-.02166
;WIPE_END
G1 X129.325 Y89.348 Z2 F21000
G1 X128.692 Y146.35 Z2
G1 Z1.6
G1 E.8 F2700
SET_VELOCITY_LIMIT ACCEL=3000 ACCEL_TO_DECEL=1500 SQUARE_CORNER_VELOCITY=7
;TYPE:Outer wall
;WIDTH:0.4
G1 F2484
G1 X128.401 Y146.56 E.01012
G1 X128.074 Y146.707 E.01012
G1 X127.724 Y146.787 E.01012
G1 X127.365 Y146.796 E.01012
G1 X127.012 Y146.734 E.01012
G1 X126.678 Y146.603 E.01012
G1 X126.377 Y146.408 E.01012
G1 X126.12 Y146.158 E.01012
G1 X125.918 Y145.861 E.01012
G1 X125.779 Y145.531 E.01012
G1 X125.708 Y145.179 E.01012
G1 X125.708 Y144.821 E.01012
G1 X125.779 Y144.469 E.01012
G1 X125.918 Y144.139 E.01012
M73 P15 R10
G1 X126.12 Y143.842 E.01012
G1 X126.377 Y143.592 E.01012
G1 X126.676 Y143.399 E.01005
G1 X126.929 Y143.292 E.00773
G1 X127.276 Y143.213 E.01005
G1 X127.635 Y143.204 E.01012
G1 X127.988 Y143.266 E.01012
G1 X128.322 Y143.397 E.01012
G1 X128.623 Y143.592 E.01012
G1 X128.88 Y143.842 E.01012
G1 X129.082 Y144.139 E.01012
G1 X129.221 Y144.469 E.01012
G1 X129.292 Y144.818 E.01005
G1 X129.298 Y145.092 E.00773
G1 X129.245 Y145.444 E.01004
G1 X129.123 Y145.781 E.01012
G1 X128.936 Y146.087 E.01012
G1 X128.719 Y146.321 E.00899
SET_VELOCITY_LIMIT ACCEL=5000 ACCEL_TO_DECEL=2500 SQUARE_CORNER_VELOCITY=9
G1 E-.68 F3600
;WIPE_START
G1 X128.401 Y146.56 E-.04775
G1 X128.074 Y146.707 E-.04304
G1 X127.836 Y146.761 E-.02921
;WIPE_END
G1 X128.829 Y143.13 Z2 F21000
G1 Z1.6
G1 E.8 F2700
SET_VELOCITY_LIMIT ACCEL=3000 ACCEL_TO_DECEL=1500 SQUARE_CORNER_VELOCITY=7
G1 F2484
G1 X128.873 Y143.156 E.00144
G1 X129.205 Y143.458 E.01269
G1 X129.473 Y143.82 E.01269
G1 X129.665 Y144.227 E.01269
G1 X129.774 Y144.663 E.01269
G1 X129.796 Y145.113 E.01269
G1 X129.73 Y145.558 E.01269
G1 X129.579 Y145.981 E.01269
G1 X129.348 Y146.367 E.01269
G1 X129.046 Y146.702 E.01272
G1 X128.726 Y146.945 E.01134
G1 X128.326 Y147.146 E.01263
G1 X127.886 Y147.267 E.01288
G1 X127.43 Y147.299 E.01288
G1 X126.977 Y147.24 E.01288
G1 X126.545 Y147.092 E.01288
G1 X126.151 Y146.862 E.01288
G1 X125.81 Y146.559 E.01288
G1 X125.535 Y146.195 E.01287
G1 X125.338 Y145.783 E.01287
G1 X125.226 Y145.341 E.01286
G1 X125.203 Y144.886 E.01287
G1 X125.271 Y144.435 E.01287
G1 X125.426 Y144.006 E.01286
G1 X125.663 Y143.616 E.01287
G1 X125.97 Y143.283 E.01276
G1 X126.336 Y143.017 E.01277
G1 X126.746 Y142.827 E.01276
G1 X127.183 Y142.723 E.01266
G1 X127.583 Y142.702 E.0113
G1 X128.022 Y142.76 E.01248
G1 X128.226 Y142.818 E.00599
G1 X128.484 Y142.922 E.00784
G1 X128.795 Y143.109 E.01023
SET_VELOCITY_LIMIT ACCEL=5000 ACCEL_TO_DECEL=2500 SQUARE_CORNER_VELOCITY=9
G1 X128.666 Y143.324 F21000
;TYPE:Gap infill
;WIDTH:0.117817
G1 F2484
G1 X128.372 Y143.148 E.00203
G1 X128.051 Y143.029 E.00202
G1 X127.65 Y142.958 E.00241
G1 X127.242 Y142.967 E.00241
G1 X126.85 Y143.057 E.00238
G1 X126.559 Y143.183 E.00188
G1 X126.221 Y143.402 E.00238
G1 X125.93 Y143.687 E.00241
G1 X125.701 Y144.024 E.00241
G1 X125.543 Y144.4 E.00241
G1 X125.464 Y144.793 E.00237
G1 X125.464 Y145.207 E.00245
G1 X125.545 Y145.606 E.00241
G1 X125.704 Y145.982 E.00241
G1 X125.934 Y146.318 E.00241
G1 X126.226 Y146.602 E.00241
G1 X126.569 Y146.823 E.00241
G1 X126.949 Y146.972 E.00241
G1 X127.35 Y147.042 E.00241
G1 X127.758 Y147.031 E.00241
G1 X128.155 Y146.94 E.00241
G1 X128.527 Y146.772 E.00241
G1 X128.858 Y146.534 E.00241
G1 X129.135 Y146.234 E.00241
G1 X129.348 Y145.886 E.00241
G1 X129.487 Y145.502 E.00241
G1 X129.547 Y145.105 E.00238
G1 X129.524 Y144.7 E.0024
G1 X129.427 Y144.312 E.00237
G1 X129.257 Y143.95 E.00237
G1 X129.019 Y143.627 E.00237
G1 X128.722 Y143.358 E.00237
G1 X128.7 Y143.344 E.00015
G1 E-.68 F3600
;WIPE_START
G1 F7200
G1 X128.372 Y143.148 E-.04588
G1 X128.051 Y143.029 E-.04107
G1 X127.78 Y142.981 E-.03305
;WIPE_END
G1 X122.27 Y148.263 Z2 F21000
G1 X121.468 Y149.032 Z2
G1 Z1.6
G1 E.8 F2700
SET_VELOCITY_LIMIT ACCEL=3000 ACCEL_TO_DECEL=1500 SQUARE_CORNER_VELOCITY=7
;TYPE:Inner wall
;WIDTH:0.45
G1 F2484
G1 X121.468 Y149.968 E.03009
G1 X103.532 Y149.968 E.57675
G1 X103.532 Y149.032 E.03009
G1 X121.428 Y149.032 E.57547
SET_VELOCITY_LIMIT ACCEL=5000 ACCEL_TO_DECEL=2500 SQUARE_CORNER_VELOCITY=9
G1 X121.875 Y148.625 F21000
SET_VELOCITY_LIMIT ACCEL=3000 ACCEL_TO_DECEL=1500 SQUARE_CORNER_VELOCITY=7
G1 F2484
G1 X121.875 Y150.375 E.05627
G1 X103.125 Y150.375 E.60293
G1 X103.125 Y148.625 E.05627
G1 X121.835 Y148.625 E.60165
G1 X122.3 Y148.2 F21000
;TYPE:Outer wall
;WIDTH:0.4
G1 F2484
G1 X122.3 Y150.8 E.07334
G1 X102.7 Y150.8 E.55285
G1 X102.7 Y148.2 E.07334
G1 X122.26 Y148.2 E.55172
SET_VELOCITY_LIMIT ACCEL=5000 ACCEL_TO_DECEL=2500 SQUARE_CORNER_VELOCITY=9
G1 E-.68 F3600
;WIPE_START
G1 X122.275 Y149.2 E-.12
;WIPE_END
G1 X121.264 Y149.5 Z2 F21000
G1 Z1.6
G1 E.8 F2700
;TYPE:Gap infill
;WIDTH:0.571682
G1 F2484
G1 X103.736 Y149.5 E.73215
G1 E-.68 F3600
M73 P16 R10
;WIPE_START
G1 F5972.243
G1 X104.736 Y149.5 E-.12
;WIPE_END
G1 X97.57 Y146.871 Z2 F21000
G1 X97.365 Y146.796 Z2
G1 Z1.6
G1 E.8 F2700
SET_VELOCITY_LIMIT ACCEL=3000 ACCEL_TO_DECEL=1500 SQUARE_CORNER_VELOCITY=7
;TYPE:Outer wall
;WIDTH:0.4
G1 F2484
G1 X97.012 Y146.734 E.01012
G1 X96.678 Y146.603 E.01012
G1 X96.377 Y146.408 E.01012
G1 X96.12 Y146.158 E.01012
G1 X95.918 Y145.861 E.01012
G1 X95.779 Y145.531 E.01012
G1 X95.708 Y145.179 E.01012
G1 X95.708 Y144.821 E.01012
G1 X95.779 Y144.469 E.01012
G1 X95.918 Y144.139 E.01012
G1 X96.12 Y143.842 E.01012
G1 X96.377 Y143.592 E.01012
G1 X96.676 Y143.399 E.01005
G1 X96.929 Y143.292 E.00773
G1 X97.276 Y143.213 E.01005
G1 X97.635 Y143.204 E.01012
G1 X97.988 Y143.266 E.01012
G1 X98.322 Y143.397 E.01012
G1 X98.623 Y143.592 E.01012
G1 X98.88 Y143.842 E.01012
G1 X99.082 Y144.139 E.01012
G1 X99.221 Y144.469 E.01012
G1 X99.292 Y144.818 E.01004
G1 X99.298 Y145.092 E.00773
G1 X99.245 Y145.444 E.01004
G1 X99.123 Y145.781 E.01012
G1 X98.936 Y146.087 E.01012
G1 X98.692 Y146.35 E.01012
G1 X98.401 Y146.56 E.01012
G1 X98.074 Y146.707 E.01012
G1 X97.724 Y146.787 E.01012
G1 X97.405 Y146.795 E.00899
G1 X96.985 Y147.23 F21000
G1 F2484
G1 X96.782 Y147.185 E.00588
G1 X96.365 Y147 E.01286
G1 X95.993 Y146.737 E.01284
G1 X95.681 Y146.407 E.01284
G1 X95.439 Y146.021 E.01284
G1 X95.279 Y145.595 E.01284
G1 X95.205 Y145.145 E.01284
G1 X95.202 Y144.921 E.00632
G1 X95.253 Y144.512 E.01162
G1 X95.391 Y144.083 E.01273
G1 X95.613 Y143.685 E.01284
G1 X95.909 Y143.339 E.01284
G1 X96.267 Y143.059 E.01284
G1 X96.665 Y142.857 E.01258
G1 X97.095 Y142.736 E.01259
G1 X97.306 Y142.709 E.00599
G1 X97.589 Y142.702 E.008
G1 X97.814 Y142.722 E.00636
G1 X98.254 Y142.827 E.01276
G1 X98.664 Y143.017 E.01276
G1 X99.03 Y143.283 E.01277
G1 X99.337 Y143.616 E.01276
G1 X99.574 Y144.006 E.01287
G1 X99.729 Y144.435 E.01286
G1 X99.797 Y144.886 E.01287
G1 X99.774 Y145.341 E.01287
G1 X99.662 Y145.783 E.01286
G1 X99.465 Y146.195 E.01287
G1 X99.339 Y146.38 E.00633
G1 X99.064 Y146.684 E.01156
G1 X98.752 Y146.929 E.01119
G1 X98.35 Y147.137 E.01277
G1 X97.911 Y147.263 E.01288
G1 X97.684 Y147.292 E.00645
G1 X97.228 Y147.284 E.01288
G1 X97.024 Y147.238 E.00587
SET_VELOCITY_LIMIT ACCEL=5000 ACCEL_TO_DECEL=2500 SQUARE_CORNER_VELOCITY=9
G1 X97.079 Y146.993 F21000
;TYPE:Gap infill
;WIDTH:0.114287
G1 F2484
G1 X97.257 Y147.033 E.00103
G1 X97.751 Y147.034 E.00278
G1 X98.149 Y146.941 E.0023
G1 X98.526 Y146.771 E.00233
G1 X98.853 Y146.538 E.00226
G1 X99.136 Y146.235 E.00234
G1 X99.342 Y145.89 E.00226
G1 X99.423 Y145.697 E.00118
G1 X99.523 Y145.304 E.00229
G1 X99.545 Y144.898 E.00229
G1 X99.484 Y144.497 E.00229
G1 X99.346 Y144.115 E.00229
G1 X99.07 Y143.687 E.00287
G1 X98.779 Y143.402 E.0023
G1 X98.437 Y143.18 E.0023
G1 X98.057 Y143.031 E.0023
G1 X97.657 Y142.957 E.0023
G1 X97.242 Y142.97 E.00234
G1 X96.851 Y143.059 E.00226
G1 X96.559 Y143.184 E.00179
G1 X96.222 Y143.403 E.00227
G1 X95.931 Y143.688 E.0023
G1 X95.702 Y144.024 E.0023
G1 X95.544 Y144.4 E.0023
G1 X95.464 Y144.793 E.00226
G1 X95.456 Y145.129 E.00189
G1 X95.522 Y145.529 E.00229
G1 X95.665 Y145.909 E.00228
G1 X95.88 Y146.252 E.00228
G1 X96.159 Y146.547 E.00228
G1 X96.49 Y146.781 E.00228
G1 X96.861 Y146.945 E.00229
G1 X97.04 Y146.985 E.00103
; stop printing object vyper_electronics_cassette.stl id:0 copy 0
;LAYER_CHANGE
;Z:1.8
;HEIGHT:0.2
;BEFORE_LAYER_CHANGE
G92 E0
;1.8


G1 E-.68 F3600
;WIPE_START
G1 F7200
G1 X97.257 Y147.033 E-.02676
G1 X97.751 Y147.034 E-.05926
G1 X98.027 Y146.969 E-.03398
;WIPE_END
EXCLUDE_OBJECT_END NAME=vyper_electronics_cassette.stl_id_0_copy_0
;AFTER_LAYER_CHANGE
;1.8
;_SET_FAN_SPEED_CHANGING_LAYER
; printing object vyper_electronics_cassette.stl id:0 copy 0
EXCLUDE_OBJECT_START NAME=vyper_electronics_cassette.stl_id_0_copy_0
G1 X97.835 Y139.339 Z2.2 F21000
G1 X96.333 Y79.635 Z2.2
G1 Z1.8
G1 E.8 F2700
SET_VELOCITY_LIMIT ACCEL=3000 ACCEL_TO_DECEL=1500 SQUARE_CORNER_VELOCITY=7
;TYPE:Outer wall
;WIDTH:0.4
G1 F2484
G1 X96.377 Y79.592 E.00172
G1 X96.676 Y79.399 E.01005
G1 X96.929 Y79.292 E.00773
G1 X97.276 Y79.213 E.01005
G1 X97.635 Y79.204 E.01012
G1 X97.988 Y79.266 E.01012
G1 X98.322 Y79.397 E.01012
G1 X98.623 Y79.592 E.01012
G1 X98.88 Y79.842 E.01012
G1 X99.082 Y80.139 E.01012
G1 X99.221 Y80.469 E.01012
G1 X99.292 Y80.818 E.01005
G1 X99.298 Y81.092 E.00773
G1 X99.245 Y81.444 E.01004
G1 X99.123 Y81.781 E.01012
G1 X98.936 Y82.087 E.01012
G1 X98.692 Y82.35 E.01012
G1 X98.401 Y82.56 E.01012
G1 X98.074 Y82.707 E.01012
G1 X97.724 Y82.787 E.01012
G1 X97.365 Y82.796 E.01012
G1 X97.012 Y82.734 E.01012
G1 X96.678 Y82.603 E.01012
G1 X96.377 Y82.408 E.01012
G1 X96.12 Y82.158 E.01012
G1 X95.918 Y81.861 E.01012
G1 X95.779 Y81.531 E.01012
G1 X95.708 Y81.179 E.01012
G1 X95.708 Y80.821 E.01012
G1 X95.779 Y80.469 E.01012
G1 X95.918 Y80.139 E.01012
G1 X96.12 Y79.842 E.01012
G1 X96.305 Y79.662 E.00727
SET_VELOCITY_LIMIT ACCEL=5000 ACCEL_TO_DECEL=2500 SQUARE_CORNER_VELOCITY=9
G1 E-.68 F3600
;WIPE_START
G1 X96.377 Y79.592 E-.01213
G1 X96.676 Y79.399 E-.04273
G1 X96.929 Y79.292 E-.0329
G1 X97.191 Y79.232 E-.03224
;WIPE_END
G1 X96.151 Y82.859 Z2.2 F21000
G1 Z1.8
G1 E.8 F2700
SET_VELOCITY_LIMIT ACCEL=3000 ACCEL_TO_DECEL=1500 SQUARE_CORNER_VELOCITY=7
G1 F2484
G1 X95.831 Y82.582 E.01194
G1 X95.552 Y82.222 E.01283
G1 X95.35 Y81.815 E.01283
G1 X95.231 Y81.376 E.01283
G1 X95.202 Y80.926 E.01272
G1 X95.254 Y80.509 E.01186
G1 X95.312 Y80.293 E.00631
G1 X95.494 Y79.876 E.01283
G1 X95.754 Y79.503 E.01283
G1 X96.083 Y79.189 E.01283
G1 X96.468 Y78.945 E.01283
G1 X96.893 Y78.782 E.01286
G1 X97.343 Y78.706 E.01287
G1 X97.799 Y78.72 E.01287
G1 X98.244 Y78.824 E.01287
G1 X98.659 Y79.013 E.01287
G1 X99.028 Y79.281 E.01287
G1 X99.191 Y79.441 E.00644
G1 X99.465 Y79.806 E.01287
G1 X99.662 Y80.217 E.01286
G1 X99.774 Y80.659 E.01286
G1 X99.797 Y81.114 E.01286
G1 X99.729 Y81.565 E.01286
G1 X99.574 Y81.994 E.01286
G1 X99.337 Y82.383 E.01286
G1 X99.031 Y82.716 E.01274
G1 X98.666 Y82.982 E.01274
G1 X98.256 Y83.172 E.01274
G1 X97.821 Y83.277 E.01263
G1 X97.413 Y83.297 E.01152
G1 X96.982 Y83.24 E.01226
G1 X96.566 Y83.101 E.01237
G1 X96.182 Y82.884 E.01247
SET_VELOCITY_LIMIT ACCEL=5000 ACCEL_TO_DECEL=2500 SQUARE_CORNER_VELOCITY=9
G1 X96.323 Y82.664 F21000
;TYPE:Gap infill
;WIDTH:0.115844
G1 F2484
G1 X96.569 Y82.823 E.00168
G1 X96.949 Y82.971 E.00235
G1 X97.35 Y83.042 E.00235
G1 X97.758 Y83.033 E.00235
G1 X98.156 Y82.942 E.00235
G1 X98.528 Y82.774 E.00235
G1 X98.859 Y82.535 E.00235
G1 X99.137 Y82.235 E.00235
G1 X99.349 Y81.886 E.00235
G1 X99.488 Y81.504 E.00235
G1 X99.548 Y81.105 E.00232
G1 X99.524 Y80.696 E.00236
G1 X99.425 Y80.303 E.00234
G1 X99.249 Y79.937 E.00234
G1 X99.005 Y79.612 E.00234
G1 X98.774 Y79.398 E.00181
G1 X98.431 Y79.177 E.00235
G1 X98.057 Y79.031 E.00231
G1 X97.656 Y78.959 E.00235
G1 X97.249 Y78.969 E.00235
G1 X96.856 Y79.058 E.00232
G1 X96.563 Y79.177 E.00183
G1 X96.225 Y79.395 E.00232
G1 X95.932 Y79.68 E.00235
G1 X95.702 Y80.017 E.00235
G1 X95.542 Y80.392 E.00235
G1 X95.464 Y80.793 E.00235
G1 X95.464 Y81.207 E.00238
G1 X95.546 Y81.606 E.00235
G1 X95.704 Y81.981 E.00235
G1 X95.934 Y82.318 E.00235
G1 X96.227 Y82.602 E.00235
G1 X96.29 Y82.643 E.00043
G1 E-.68 F3600
;WIPE_START
G1 F7200
G1 X96.569 Y82.823 E-.0399
G1 X96.949 Y82.971 E-.04891
G1 X97.205 Y83.016 E-.0312
;WIPE_END
G1 X104.834 Y82.795 Z2.2 F21000
G1 X128.929 Y82.095 Z2.2
G1 Z1.8
G1 E.8 F2700
SET_VELOCITY_LIMIT ACCEL=3000 ACCEL_TO_DECEL=1500 SQUARE_CORNER_VELOCITY=7
;TYPE:Outer wall
;WIDTH:0.4
G1 F2484
G1 X128.692 Y82.35 E.00982
G1 X128.401 Y82.56 E.01012
G1 X128.074 Y82.707 E.01012
G1 X127.724 Y82.787 E.01012
G1 X127.365 Y82.796 E.01012
G1 X127.012 Y82.734 E.01012
G1 X126.678 Y82.603 E.01012
G1 X126.377 Y82.408 E.01012
G1 X126.12 Y82.158 E.01012
G1 X125.918 Y81.861 E.01012
G1 X125.779 Y81.531 E.01012
G1 X125.708 Y81.179 E.01012
G1 X125.708 Y80.821 E.01012
G1 X125.779 Y80.469 E.01012
G1 X125.918 Y80.139 E.01012
G1 X126.12 Y79.842 E.01012
G1 X126.377 Y79.592 E.01012
G1 X126.676 Y79.399 E.01005
G1 X126.929 Y79.292 E.00773
G1 X127.276 Y79.213 E.01005
G1 X127.635 Y79.204 E.01012
G1 X127.988 Y79.266 E.01012
G1 X128.322 Y79.397 E.01012
G1 X128.623 Y79.592 E.01012
G1 X128.88 Y79.842 E.01012
G1 X129.082 Y80.139 E.01012
G1 X129.221 Y80.469 E.01012
G1 X129.292 Y80.818 E.01005
G1 X129.298 Y81.092 E.00773
G1 X129.245 Y81.444 E.01004
G1 X129.123 Y81.781 E.01012
G1 X128.951 Y82.062 E.00928
G1 X129.04 Y82.706 F21000
G1 F2484
G1 X128.727 Y82.944 E.01108
G1 X128.329 Y83.145 E.01258
G1 X127.907 Y83.263 E.01237
G1 X127.697 Y83.291 E.00595
G1 X127.407 Y83.298 E.0082
G1 X127.183 Y83.278 E.00634
G1 X126.744 Y83.172 E.01274
G1 X126.334 Y82.982 E.01274
G1 X125.969 Y82.716 E.01274
G1 X125.663 Y82.383 E.01274
G1 X125.426 Y81.994 E.01286
G1 X125.271 Y81.565 E.01286
G1 X125.203 Y81.114 E.01286
G1 X125.226 Y80.659 E.01286
G1 X125.338 Y80.217 E.01286
G1 X125.535 Y79.806 E.01286
G1 X125.809 Y79.441 E.01287
G1 X126.15 Y79.138 E.01287
G1 X126.544 Y78.908 E.01287
G1 X126.976 Y78.761 E.01287
G1 X127.197 Y78.721 E.00633
G1 X127.618 Y78.704 E.01191
G1 X127.842 Y78.726 E.00633
G1 X128.066 Y78.771 E.00644
G1 X128.488 Y78.924 E.01268
G1 X128.877 Y79.159 E.0128
G1 X129.208 Y79.461 E.01266
G1 X129.475 Y79.823 E.01266
G1 X129.666 Y80.229 E.01266
G1 X129.774 Y80.664 E.01266
G1 X129.796 Y81.112 E.01266
G1 X129.731 Y81.556 E.01266
G1 X129.58 Y81.979 E.01266
G1 X129.35 Y82.365 E.01266
G1 X129.068 Y82.678 E.01189
SET_VELOCITY_LIMIT ACCEL=5000 ACCEL_TO_DECEL=2500 SQUARE_CORNER_VELOCITY=9
G1 X128.883 Y82.507 F21000
;TYPE:Gap infill
;WIDTH:0.114774
G1 F2484
G1 X129.135 Y82.234 E.00211
G1 X129.348 Y81.886 E.00232
G1 X129.487 Y81.502 E.00232
G1 X129.547 Y81.105 E.00228
G1 X129.524 Y80.701 E.00229
G1 X129.428 Y80.313 E.00227
G1 X129.258 Y79.952 E.00227
G1 X129.021 Y79.63 E.00227
G1 X128.726 Y79.36 E.00227
G1 X128.375 Y79.149 E.00233
G1 X128.003 Y79.014 E.00225
G1 X127.65 Y78.956 E.00203
G1 X127.242 Y78.967 E.00232
G1 X126.856 Y79.059 E.00225
G1 X126.564 Y79.18 E.0018
G1 X126.226 Y79.397 E.00228
G1 X125.934 Y79.682 E.00231
G1 X125.704 Y80.018 E.00231
G1 X125.545 Y80.394 E.00231
G1 X125.464 Y80.793 E.00231
G1 X125.463 Y81.201 E.00231
G1 X125.543 Y81.6 E.00231
G1 X125.701 Y81.976 E.00231
G1 X125.93 Y82.313 E.00231
G1 X126.221 Y82.598 E.00231
G1 X126.564 Y82.82 E.00231
G1 X126.943 Y82.969 E.00231
G1 X127.35 Y83.044 E.00235
G1 X127.758 Y83.033 E.00232
G1 X128.155 Y82.939 E.00231
G1 X128.526 Y82.771 E.00231
G1 X128.856 Y82.536 E.0023
G1 E-.68 F3600
;WIPE_START
G1 F7200
G1 X129.135 Y82.234 E-.04934
G1 X129.348 Y81.886 E-.04897
G1 X129.409 Y81.716 E-.02169
;WIPE_END
G1 X129.325 Y89.348 Z2.2 F21000
G1 X128.692 Y146.35 Z2.2
G1 Z1.8
G1 E.8 F2700
SET_VELOCITY_LIMIT ACCEL=3000 ACCEL_TO_DECEL=1500 SQUARE_CORNER_VELOCITY=7
;TYPE:Outer wall
;WIDTH:0.4
G1 F2484
G1 X128.4 Y146.56 E.01012
G1 X128.074 Y146.707 E.01012
G1 X127.724 Y146.787 E.01012
G1 X127.365 Y146.796 E.01012
G1 X127.012 Y146.734 E.01012
G1 X126.678 Y146.603 E.01012
G1 X126.377 Y146.408 E.01012
G1 X126.12 Y146.158 E.01012
G1 X125.918 Y145.861 E.01012
G1 X125.779 Y145.531 E.01012
G1 X125.708 Y145.179 E.01012
G1 X125.708 Y144.821 E.01012
G1 X125.779 Y144.469 E.01012
G1 X125.918 Y144.139 E.01012
G1 X126.12 Y143.842 E.01012
G1 X126.377 Y143.592 E.01012
G1 X126.676 Y143.399 E.01005
G1 X126.929 Y143.292 E.00773
G1 X127.276 Y143.213 E.01005
G1 X127.635 Y143.204 E.01012
G1 X127.988 Y143.266 E.01012
G1 X128.322 Y143.397 E.01012
G1 X128.623 Y143.592 E.01012
G1 X128.88 Y143.842 E.01012
G1 X129.082 Y144.139 E.01012
G1 X129.221 Y144.469 E.01012
G1 X129.292 Y144.818 E.01005
G1 X129.298 Y145.092 E.00773
G1 X129.245 Y145.444 E.01004
G1 X129.123 Y145.781 E.01012
G1 X128.936 Y146.087 E.01012
G1 X128.719 Y146.321 E.00899
SET_VELOCITY_LIMIT ACCEL=5000 ACCEL_TO_DECEL=2500 SQUARE_CORNER_VELOCITY=9
G1 E-.68 F3600
;WIPE_START
G1 X128.4 Y146.56 E-.04775
G1 X128.074 Y146.707 E-.04304
G1 X127.836 Y146.761 E-.02921
;WIPE_END
G1 X128.842 Y143.138 Z2.2 F21000
G1 Z1.8
G1 E.8 F2700
SET_VELOCITY_LIMIT ACCEL=3000 ACCEL_TO_DECEL=1500 SQUARE_CORNER_VELOCITY=7
G1 F2484
G1 X128.877 Y143.159 E.00114
G1 X129.208 Y143.461 E.01266
G1 X129.475 Y143.823 E.01266
G1 X129.666 Y144.229 E.01266
G1 X129.774 Y144.664 E.01266
G1 X129.796 Y145.112 E.01266
G1 X129.731 Y145.556 E.01266
G1 X129.58 Y145.979 E.01266
G1 X129.35 Y146.365 E.01266
G1 X129.049 Y146.699 E.01269
G1 X128.723 Y146.947 E.01156
G1 X128.324 Y147.147 E.0126
G1 X127.884 Y147.267 E.01287
G1 X127.428 Y147.299 E.01287
G1 X126.976 Y147.239 E.01287
G1 X126.544 Y147.092 E.01287
G1 X126.15 Y146.862 E.01287
G1 X125.809 Y146.559 E.01287
G1 X125.535 Y146.194 E.01287
G1 X125.338 Y145.783 E.01286
G1 X125.226 Y145.341 E.01286
G1 X125.203 Y144.886 E.01286
G1 X125.271 Y144.435 E.01286
G1 X125.426 Y144.006 E.01286
G1 X125.663 Y143.617 E.01286
G1 X125.969 Y143.284 E.01274
G1 X126.334 Y143.018 E.01274
G1 X126.744 Y142.828 E.01274
G1 X127.179 Y142.723 E.01263
G1 X127.587 Y142.703 E.01152
G1 X128.022 Y142.761 E.01239
G1 X128.225 Y142.818 E.00595
G1 X128.49 Y142.925 E.00804
G1 X128.808 Y143.117 E.01049
SET_VELOCITY_LIMIT ACCEL=5000 ACCEL_TO_DECEL=2500 SQUARE_CORNER_VELOCITY=9
G1 X128.678 Y143.332 F21000
;TYPE:Gap infill
;WIDTH:0.117843
G1 F2484
G1 X128.378 Y143.15 E.00208
G1 X128.051 Y143.029 E.00206
G1 X127.65 Y142.958 E.00241
G1 X127.242 Y142.967 E.00241
G1 X126.85 Y143.057 E.00238
G1 X126.559 Y143.183 E.00188
G1 X126.221 Y143.402 E.00238
G1 X125.93 Y143.687 E.00241
G1 X125.701 Y144.024 E.00241
G1 X125.543 Y144.4 E.00241
G1 X125.464 Y144.793 E.00237
G1 X125.464 Y145.207 E.00245
G1 X125.545 Y145.606 E.00241
G1 X125.704 Y145.982 E.00241
G1 X125.934 Y146.318 E.00241
G1 X126.226 Y146.603 E.00241
G1 X126.569 Y146.823 E.00241
G1 X126.949 Y146.972 E.00241
G1 X127.35 Y147.042 E.00241
G1 X127.758 Y147.031 E.00241
G1 X128.155 Y146.94 E.00241
G1 X128.527 Y146.772 E.00241
G1 X128.858 Y146.534 E.00241
G1 X129.135 Y146.234 E.00241
G1 X129.348 Y145.886 E.00241
G1 X129.487 Y145.502 E.00242
G1 X129.547 Y145.105 E.00238
G1 X129.524 Y144.701 E.00239
G1 X129.428 Y144.313 E.00236
G1 X129.258 Y143.952 E.00236
G1 X129.021 Y143.63 E.00237
G1 X128.726 Y143.36 E.00236
G1 X128.713 Y143.352 E.00009
G1 E-.68 F3600
;WIPE_START
G1 F7200
G1 X128.378 Y143.15 E-.04696
G1 X128.051 Y143.029 E-.04178
G1 X127.795 Y142.984 E-.03127
;WIPE_END
G1 X122.278 Y148.258 Z2.2 F21000
G1 X121.468 Y149.032 Z2.2
G1 Z1.8
G1 E.8 F2700
SET_VELOCITY_LIMIT ACCEL=3000 ACCEL_TO_DECEL=1500 SQUARE_CORNER_VELOCITY=7
;TYPE:Inner wall
;WIDTH:0.45
G1 F2484
G1 X121.468 Y149.968 E.03009
G1 X103.532 Y149.968 E.57675
G1 X103.532 Y149.032 E.03009
G1 X121.428 Y149.032 E.57547
SET_VELOCITY_LIMIT ACCEL=5000 ACCEL_TO_DECEL=2500 SQUARE_CORNER_VELOCITY=9
G1 X121.875 Y148.625 F21000
SET_VELOCITY_LIMIT ACCEL=3000 ACCEL_TO_DECEL=1500 SQUARE_CORNER_VELOCITY=7
G1 F2484
G1 X121.875 Y150.375 E.05627
G1 X103.125 Y150.375 E.60293
G1 X103.125 Y148.625 E.05627
G1 X121.835 Y148.625 E.60165
G1 X122.3 Y148.2 F21000
M73 P17 R10
;TYPE:Outer wall
;WIDTH:0.4
G1 F2484
G1 X122.3 Y150.8 E.07334
G1 X102.7 Y150.8 E.55285
G1 X102.7 Y148.2 E.07334
G1 X122.26 Y148.2 E.55172
SET_VELOCITY_LIMIT ACCEL=5000 ACCEL_TO_DECEL=2500 SQUARE_CORNER_VELOCITY=9
G1 E-.68 F3600
;WIPE_START
G1 X122.275 Y149.2 E-.12
;WIPE_END
G1 X121.264 Y149.5 Z2.2 F21000
G1 Z1.8
G1 E.8 F2700
;TYPE:Gap infill
;WIDTH:0.571682
G1 F2484
G1 X103.736 Y149.5 E.73215
G1 E-.68 F3600
;WIPE_START
G1 F5972.243
G1 X104.736 Y149.5 E-.12
;WIPE_END
G1 X97.57 Y146.871 Z2.2 F21000
G1 X97.365 Y146.796 Z2.2
G1 Z1.8
G1 E.8 F2700
SET_VELOCITY_LIMIT ACCEL=3000 ACCEL_TO_DECEL=1500 SQUARE_CORNER_VELOCITY=7
;TYPE:Outer wall
;WIDTH:0.4
G1 F2484
G1 X97.012 Y146.734 E.01012
G1 X96.678 Y146.603 E.01012
G1 X96.377 Y146.408 E.01012
G1 X96.12 Y146.158 E.01012
G1 X95.918 Y145.861 E.01012
G1 X95.779 Y145.531 E.01012
G1 X95.708 Y145.179 E.01012
G1 X95.708 Y144.821 E.01012
G1 X95.779 Y144.469 E.01012
G1 X95.918 Y144.139 E.01012
G1 X96.12 Y143.842 E.01012
G1 X96.377 Y143.592 E.01012
G1 X96.676 Y143.399 E.01005
G1 X96.929 Y143.292 E.00773
G1 X97.276 Y143.213 E.01005
G1 X97.635 Y143.204 E.01012
G1 X97.988 Y143.266 E.01012
G1 X98.322 Y143.397 E.01012
G1 X98.623 Y143.592 E.01012
G1 X98.88 Y143.842 E.01012
G1 X99.082 Y144.139 E.01012
G1 X99.221 Y144.469 E.01012
G1 X99.292 Y144.818 E.01005
G1 X99.298 Y145.092 E.00773
G1 X99.245 Y145.444 E.01004
G1 X99.123 Y145.781 E.01012
G1 X98.936 Y146.087 E.01012
G1 X98.692 Y146.35 E.01012
G1 X98.4 Y146.56 E.01012
G1 X98.074 Y146.707 E.01012
G1 X97.724 Y146.787 E.01012
G1 X97.405 Y146.795 E.00899
G1 X96.917 Y147.215 F21000
G1 F2484
G1 X96.784 Y147.185 E.00385
G1 X96.367 Y147.001 E.01285
G1 X95.995 Y146.739 E.01283
G1 X95.682 Y146.409 E.01283
G1 X95.441 Y146.024 E.01283
G1 X95.28 Y145.598 E.01283
G1 X95.205 Y145.15 E.01283
G1 X95.202 Y144.926 E.00631
G1 X95.254 Y144.509 E.01186
G1 X95.393 Y144.08 E.01272
G1 X95.615 Y143.683 E.01283
G1 X95.911 Y143.338 E.01283
G1 X96.265 Y143.06 E.01269
G1 X96.671 Y142.855 E.01283
G1 X97.093 Y142.737 E.01236
G1 X97.303 Y142.709 E.00595
G1 X97.593 Y142.702 E.0082
G1 X97.817 Y142.722 E.00634
G1 X98.256 Y142.828 E.01274
G1 X98.666 Y143.018 E.01274
G1 X99.031 Y143.284 E.01274
G1 X99.337 Y143.617 E.01274
G1 X99.574 Y144.006 E.01286
G1 X99.729 Y144.435 E.01286
G1 X99.797 Y144.886 E.01286
G1 X99.774 Y145.341 E.01286
G1 X99.662 Y145.783 E.01286
G1 X99.465 Y146.194 E.01286
G1 X99.34 Y146.38 E.00632
G1 X99.058 Y146.69 E.01181
G1 X98.753 Y146.928 E.01094
G1 X98.351 Y147.137 E.01277
G1 X97.912 Y147.262 E.01287
G1 X97.686 Y147.292 E.00644
G1 X97.229 Y147.284 E.01287
G1 X96.956 Y147.223 E.00789
SET_VELOCITY_LIMIT ACCEL=5000 ACCEL_TO_DECEL=2500 SQUARE_CORNER_VELOCITY=9
G1 X97.01 Y146.978 F21000
;TYPE:Gap infill
;WIDTH:0.114257
G1 F2484
G1 X97.259 Y147.033 E.00144
G1 X97.751 Y147.034 E.00277
G1 X98.149 Y146.941 E.0023
G1 X98.526 Y146.771 E.00233
G1 X98.853 Y146.538 E.00226
G1 X99.136 Y146.235 E.00234
G1 X99.342 Y145.89 E.00226
G1 X99.423 Y145.697 E.00119
G1 X99.523 Y145.304 E.00228
G1 X99.545 Y144.898 E.00229
G1 X99.484 Y144.497 E.00229
G1 X99.299 Y144.024 E.00286
G1 X99.07 Y143.687 E.0023
G1 X98.779 Y143.402 E.0023
G1 X98.436 Y143.18 E.0023
G1 X98.057 Y143.031 E.0023
G1 X97.657 Y142.957 E.0023
G1 X97.242 Y142.97 E.00234
G1 X96.851 Y143.059 E.00226
G1 X96.56 Y143.184 E.00178
G1 X96.222 Y143.403 E.00227
G1 X95.931 Y143.687 E.0023
G1 X95.702 Y144.024 E.0023
G1 X95.544 Y144.4 E.0023
G1 X95.464 Y144.793 E.00226
G1 X95.456 Y145.132 E.00191
G1 X95.523 Y145.533 E.00229
G1 X95.666 Y145.911 E.00228
G1 X95.882 Y146.254 E.00228
G1 X96.16 Y146.548 E.00228
G1 X96.491 Y146.782 E.00228
G1 X96.862 Y146.946 E.00229
G1 X96.971 Y146.97 E.00063
; stop printing object vyper_electronics_cassette.stl id:0 copy 0
;LAYER_CHANGE
;Z:2
;HEIGHT:0.2
;BEFORE_LAYER_CHANGE
G92 E0
;2


G1 E-.68 F3600
;WIPE_START
G1 F7200
G1 X97.259 Y147.033 E-.03537
G1 X97.751 Y147.034 E-.05907
G1 X97.959 Y146.985 E-.02555
;WIPE_END
EXCLUDE_OBJECT_END NAME=vyper_electronics_cassette.stl_id_0_copy_0
;AFTER_LAYER_CHANGE
;2
;_SET_FAN_SPEED_CHANGING_LAYER
; printing object vyper_electronics_cassette.stl id:0 copy 0
EXCLUDE_OBJECT_START NAME=vyper_electronics_cassette.stl_id_0_copy_0
G1 X97.774 Y139.355 Z2.4 F21000
G1 X96.33 Y79.638 Z2.4
G1 Z2
G1 E.8 F2700
SET_VELOCITY_LIMIT ACCEL=3000 ACCEL_TO_DECEL=1500 SQUARE_CORNER_VELOCITY=7
;TYPE:Outer wall
;WIDTH:0.4
G1 F2484
G1 X96.377 Y79.592 E.00187
G1 X96.676 Y79.399 E.01005
G1 X96.929 Y79.292 E.00773
G1 X97.276 Y79.213 E.01005
G1 X97.635 Y79.204 E.01012
G1 X97.988 Y79.266 E.01012
G1 X98.322 Y79.397 E.01012
G1 X98.623 Y79.592 E.01012
G1 X98.88 Y79.842 E.01012
G1 X99.082 Y80.139 E.01012
G1 X99.221 Y80.469 E.01012
G1 X99.292 Y80.818 E.01005
G1 X99.298 Y81.092 E.00773
G1 X99.245 Y81.444 E.01004
G1 X99.123 Y81.781 E.01012
G1 X98.936 Y82.087 E.01012
G1 X98.692 Y82.35 E.01012
G1 X98.401 Y82.56 E.01012
G1 X98.074 Y82.707 E.01012
G1 X97.724 Y82.787 E.01012
G1 X97.365 Y82.796 E.01012
G1 X97.012 Y82.734 E.01012
G1 X96.678 Y82.603 E.01012
G1 X96.377 Y82.408 E.01012
G1 X96.12 Y82.158 E.01012
G1 X95.918 Y81.861 E.01012
G1 X95.779 Y81.531 E.01012
G1 X95.708 Y81.179 E.01012
G1 X95.708 Y80.821 E.01012
G1 X95.779 Y80.469 E.01012
G1 X95.918 Y80.139 E.01012
G1 X96.12 Y79.842 E.01012
G1 X96.301 Y79.666 E.00712
SET_VELOCITY_LIMIT ACCEL=5000 ACCEL_TO_DECEL=2500 SQUARE_CORNER_VELOCITY=9
G1 E-.68 F3600
;WIPE_START
G1 X96.377 Y79.592 E-.01276
G1 X96.676 Y79.399 E-.04273
G1 X96.929 Y79.292 E-.0329
G1 X97.186 Y79.234 E-.03161
;WIPE_END
G1 X96.134 Y82.844 Z2.4 F21000
G1 Z2
G1 E.8 F2700
SET_VELOCITY_LIMIT ACCEL=3000 ACCEL_TO_DECEL=1500 SQUARE_CORNER_VELOCITY=7
G1 F2484
G1 X95.833 Y82.584 E.01123
G1 X95.554 Y82.225 E.01282
G1 X95.351 Y81.818 E.01282
G1 X95.232 Y81.38 E.01282
G1 X95.202 Y80.93 E.0127
G1 X95.255 Y80.505 E.0121
G1 X95.313 Y80.289 E.0063
G1 X95.496 Y79.873 E.01282
G1 X95.756 Y79.501 E.01282
G1 X96.085 Y79.187 E.01282
G1 X96.469 Y78.944 E.01282
G1 X96.895 Y78.781 E.01285
G1 X97.345 Y78.706 E.01287
G1 X97.801 Y78.72 E.01287
G1 X98.245 Y78.824 E.01287
G1 X98.457 Y78.909 E.00644
G1 X98.851 Y79.139 E.01287
G1 X99.192 Y79.442 E.01287
G1 X99.466 Y79.806 E.01286
G1 X99.662 Y80.217 E.01285
G1 X99.774 Y80.659 E.01285
G1 X99.797 Y81.114 E.01285
G1 X99.729 Y81.565 E.01285
G1 X99.574 Y81.993 E.01285
G1 X99.338 Y82.382 E.01285
G1 X99.033 Y82.715 E.01272
G1 X98.668 Y82.981 E.01272
G1 X98.259 Y83.171 E.01272
G1 X97.825 Y83.276 E.01261
G1 X97.409 Y83.297 E.01173
G1 X96.982 Y83.24 E.01217
G1 X96.568 Y83.102 E.01229
G1 X96.177 Y82.881 E.01269
G1 X96.164 Y82.87 E.00046
SET_VELOCITY_LIMIT ACCEL=5000 ACCEL_TO_DECEL=2500 SQUARE_CORNER_VELOCITY=9
G1 X96.305 Y82.652 F21000
;TYPE:Gap infill
;WIDTH:0.116553
G1 F2484
G1 X96.569 Y82.823 E.00183
G1 X96.949 Y82.971 E.00237
G1 X97.35 Y83.042 E.00237
G1 X97.758 Y83.032 E.00237
G1 X98.156 Y82.942 E.00237
G1 X98.528 Y82.773 E.00237
G1 X98.859 Y82.535 E.00237
G1 X99.137 Y82.235 E.00237
G1 X99.349 Y81.886 E.00238
G1 X99.488 Y81.503 E.00237
G1 X99.548 Y81.105 E.00235
G1 X99.524 Y80.696 E.00238
G1 X99.425 Y80.303 E.00236
G1 X99.25 Y79.938 E.00236
G1 X99.006 Y79.613 E.00236
G1 X98.703 Y79.343 E.00236
G1 X98.352 Y79.138 E.00236
G1 X97.967 Y79.007 E.00237
G1 X97.656 Y78.959 E.00183
G1 X97.249 Y78.969 E.00237
G1 X96.856 Y79.058 E.00234
G1 X96.563 Y79.177 E.00184
G1 X96.225 Y79.395 E.00234
G1 X95.932 Y79.68 E.00237
G1 X95.702 Y80.017 E.00237
G1 X95.542 Y80.392 E.00237
G1 X95.465 Y80.793 E.00237
G1 X95.464 Y81.207 E.00241
G1 X95.546 Y81.606 E.00237
G1 X95.704 Y81.981 E.00237
G1 X95.934 Y82.318 E.00237
G1 X96.227 Y82.602 E.00237
G1 X96.271 Y82.631 E.00031
G1 E-.68 F3600
;WIPE_START
G1 F7200
G1 X96.569 Y82.823 E-.04254
G1 X96.949 Y82.971 E-.04891
G1 X97.183 Y83.012 E-.02855
;WIPE_END
G1 X104.812 Y82.792 Z2.4 F21000
G1 X128.927 Y82.097 Z2.4
G1 Z2
G1 E.8 F2700
SET_VELOCITY_LIMIT ACCEL=3000 ACCEL_TO_DECEL=1500 SQUARE_CORNER_VELOCITY=7
;TYPE:Outer wall
;WIDTH:0.4
G1 F2484
G1 X128.692 Y82.35 E.00976
G1 X128.401 Y82.56 E.01012
G1 X128.074 Y82.707 E.01012
G1 X127.724 Y82.787 E.01012
G1 X127.365 Y82.796 E.01012
G1 X127.012 Y82.734 E.01012
G1 X126.678 Y82.603 E.01012
G1 X126.377 Y82.408 E.01012
G1 X126.12 Y82.158 E.01012
G1 X125.918 Y81.861 E.01012
G1 X125.779 Y81.531 E.01012
G1 X125.708 Y81.179 E.01012
G1 X125.708 Y80.821 E.01012
G1 X125.779 Y80.469 E.01012
G1 X125.918 Y80.139 E.01012
G1 X126.12 Y79.842 E.01012
G1 X126.377 Y79.592 E.01012
G1 X126.676 Y79.399 E.01005
G1 X126.929 Y79.292 E.00773
G1 X127.276 Y79.213 E.01005
G1 X127.635 Y79.204 E.01012
G1 X127.988 Y79.266 E.01012
G1 X128.322 Y79.397 E.01012
G1 X128.623 Y79.592 E.01012
G1 X128.88 Y79.842 E.01012
G1 X129.082 Y80.139 E.01012
G1 X129.221 Y80.469 E.01012
G1 X129.292 Y80.818 E.01005
G1 X129.298 Y81.092 E.00773
G1 X129.245 Y81.444 E.01004
G1 X129.123 Y81.781 E.01012
G1 X128.95 Y82.064 E.00934
G1 X129.06 Y82.687 F21000
G1 F2484
G1 X129.051 Y82.697 E.00037
G1 X128.816 Y82.886 E.00848
G1 X128.632 Y83.002 E.00614
G1 X128.226 Y83.182 E.01253
G1 X127.806 Y83.279 E.01215
G1 X127.37 Y83.295 E.01232
G1 X126.953 Y83.234 E.01188
G1 X126.531 Y83.086 E.01261
G1 X126.143 Y82.857 E.01272
G1 X125.807 Y82.556 E.01273
G1 X125.534 Y82.194 E.01279
G1 X125.338 Y81.783 E.01285
G1 X125.226 Y81.341 E.01285
G1 X125.203 Y80.886 E.01285
G1 X125.271 Y80.435 E.01285
G1 X125.426 Y80.007 E.01285
G1 X125.662 Y79.618 E.01285
G1 X125.971 Y79.282 E.01287
G1 X126.34 Y79.014 E.01287
G1 X126.755 Y78.824 E.01287
G1 X127.195 Y78.721 E.01275
G1 X127.625 Y78.704 E.01213
G1 X127.883 Y78.732 E.00732
G1 X128.101 Y78.78 E.0063
G1 X128.498 Y78.929 E.01195
G1 X128.881 Y79.162 E.01265
G1 X129.211 Y79.464 E.01263
G1 X129.476 Y79.825 E.01263
G1 X129.666 Y80.23 E.01263
G1 X129.774 Y80.665 E.01263
G1 X129.796 Y81.112 E.01263
G1 X129.731 Y81.555 E.01263
G1 X129.581 Y81.977 E.01263
G1 X129.352 Y82.362 E.01263
G1 X129.087 Y82.658 E.01122
SET_VELOCITY_LIMIT ACCEL=5000 ACCEL_TO_DECEL=2500 SQUARE_CORNER_VELOCITY=9
G1 X128.902 Y82.487 F21000
;TYPE:Gap infill
;WIDTH:0.117532
G1 F2484
G1 X129.135 Y82.234 E.00203
G1 X129.348 Y81.886 E.0024
G1 X129.487 Y81.502 E.00241
G1 X129.547 Y81.105 E.00237
G1 X129.525 Y80.702 E.00238
G1 X129.429 Y80.315 E.00235
G1 X129.259 Y79.954 E.00235
G1 X129.023 Y79.633 E.00235
G1 X128.73 Y79.363 E.00235
G1 X128.388 Y79.155 E.00236
G1 X128.03 Y79.02 E.00225
G1 X127.65 Y78.956 E.00227
G1 X127.242 Y78.967 E.00241
G1 X126.85 Y79.056 E.00237
G1 X126.468 Y79.233 E.00248
G1 X126.221 Y79.402 E.00176
G1 X125.93 Y79.687 E.0024
G1 X125.701 Y80.024 E.0024
G1 X125.543 Y80.4 E.0024
G1 X125.464 Y80.793 E.00236
G1 X125.464 Y81.207 E.00244
G1 X125.545 Y81.606 E.0024
G1 X125.704 Y81.982 E.0024
G1 X125.934 Y82.318 E.0024
G1 X126.226 Y82.603 E.0024
G1 X126.569 Y82.824 E.0024
G1 X126.949 Y82.972 E.0024
G1 X127.35 Y83.043 E.0024
G1 X127.758 Y83.033 E.00241
G1 X128.149 Y82.944 E.00236
G1 X128.522 Y82.777 E.00241
G1 X128.859 Y82.534 E.00245
G1 X128.875 Y82.517 E.00014
G1 E-.68 F3600
;WIPE_START
G1 F7200
G1 X129.135 Y82.234 E-.04611
G1 X129.348 Y81.886 E-.04896
G1 X129.419 Y81.691 E-.02492
;WIPE_END
G1 X129.333 Y89.323 Z2.4 F21000
G1 X128.692 Y146.35 Z2.4
G1 Z2
G1 E.8 F2700
SET_VELOCITY_LIMIT ACCEL=3000 ACCEL_TO_DECEL=1500 SQUARE_CORNER_VELOCITY=7
;TYPE:Outer wall
;WIDTH:0.4
G1 F2484
G1 X128.401 Y146.56 E.01012
G1 X128.074 Y146.707 E.01012
G1 X127.724 Y146.787 E.01012
G1 X127.365 Y146.796 E.01012
G1 X127.012 Y146.734 E.01012
G1 X126.678 Y146.603 E.01012
G1 X126.377 Y146.408 E.01012
G1 X126.12 Y146.158 E.01012
G1 X125.918 Y145.861 E.01012
G1 X125.779 Y145.531 E.01012
G1 X125.708 Y145.179 E.01012
G1 X125.708 Y144.821 E.01012
G1 X125.779 Y144.469 E.01012
G1 X125.918 Y144.139 E.01012
G1 X126.12 Y143.842 E.01012
G1 X126.377 Y143.592 E.01012
G1 X126.676 Y143.399 E.01005
G1 X126.929 Y143.292 E.00773
G1 X127.276 Y143.213 E.01005
G1 X127.635 Y143.204 E.01012
G1 X127.988 Y143.266 E.01012
G1 X128.322 Y143.397 E.01012
G1 X128.623 Y143.592 E.01012
G1 X128.88 Y143.842 E.01012
G1 X129.082 Y144.139 E.01012
G1 X129.221 Y144.469 E.01012
G1 X129.292 Y144.818 E.01005
G1 X129.298 Y145.092 E.00773
G1 X129.245 Y145.444 E.01004
G1 X129.123 Y145.781 E.01012
G1 X128.936 Y146.087 E.01012
G1 X128.719 Y146.321 E.00899
SET_VELOCITY_LIMIT ACCEL=5000 ACCEL_TO_DECEL=2500 SQUARE_CORNER_VELOCITY=9
G1 E-.68 F3600
;WIPE_START
G1 X128.401 Y146.56 E-.04775
G1 X128.074 Y146.707 E-.04304
G1 X127.836 Y146.761 E-.02921
;WIPE_END
G1 X128.855 Y143.147 Z2.4 F21000
G1 Z2
G1 E.8 F2700
SET_VELOCITY_LIMIT ACCEL=3000 ACCEL_TO_DECEL=1500 SQUARE_CORNER_VELOCITY=7
G1 F2484
G1 X128.881 Y143.162 E.00083
G1 X129.211 Y143.464 E.01263
G1 X129.476 Y143.825 E.01263
G1 X129.666 Y144.23 E.01263
G1 X129.774 Y144.665 E.01263
G1 X129.796 Y145.112 E.01263
G1 X129.731 Y145.555 E.01263
G1 X129.581 Y145.977 E.01263
G1 X129.352 Y146.362 E.01263
G1 X129.053 Y146.695 E.01265
G1 X128.725 Y146.946 E.01163
G1 X128.317 Y147.149 E.01285
G1 X127.882 Y147.268 E.01273
G1 X127.427 Y147.299 E.01287
G1 X126.975 Y147.239 E.01287
G1 X126.543 Y147.091 E.01287
G1 X126.149 Y146.861 E.01287
G1 X125.808 Y146.558 E.01287
G1 X125.534 Y146.194 E.01286
G1 X125.338 Y145.783 E.01285
G1 X125.226 Y145.341 E.01285
G1 X125.203 Y144.886 E.01285
G1 X125.271 Y144.435 E.01285
G1 X125.426 Y144.007 E.01285
G1 X125.662 Y143.618 E.01285
G1 X125.967 Y143.285 E.01272
G1 X126.332 Y143.019 E.01272
G1 X126.741 Y142.829 E.01272
G1 X127.175 Y142.724 E.01261
G1 X127.591 Y142.703 E.01173
G1 X128.023 Y142.761 E.01231
G1 X128.224 Y142.817 E.00591
G1 X128.495 Y142.927 E.00824
G1 X128.821 Y143.126 E.01077
SET_VELOCITY_LIMIT ACCEL=5000 ACCEL_TO_DECEL=2500 SQUARE_CORNER_VELOCITY=9
G1 X128.691 Y143.34 F21000
;TYPE:Gap infill
;WIDTH:0.117891
G1 F2484
G1 X128.382 Y143.152 E.00214
G1 X128.052 Y143.026 E.00209
G1 X127.65 Y142.958 E.00241
G1 X127.242 Y142.968 E.00242
G1 X126.85 Y143.057 E.00238
G1 X126.559 Y143.183 E.00188
G1 X126.221 Y143.402 E.00238
G1 X125.93 Y143.687 E.00241
G1 X125.701 Y144.024 E.00241
G1 X125.543 Y144.4 E.00241
G1 X125.464 Y144.793 E.00238
G1 X125.464 Y145.207 E.00245
G1 X125.545 Y145.606 E.00241
G1 X125.704 Y145.982 E.00241
G1 X125.934 Y146.318 E.00241
G1 X126.226 Y146.603 E.00241
G1 X126.569 Y146.823 E.00241
G1 X126.949 Y146.972 E.00241
G1 X127.35 Y147.042 E.00241
G1 X127.758 Y147.031 E.00241
G1 X128.155 Y146.94 E.00241
G1 X128.526 Y146.771 E.00241
G1 X128.858 Y146.534 E.00242
G1 X129.135 Y146.234 E.00242
G1 X129.348 Y145.886 E.00242
G1 X129.487 Y145.502 E.00242
G1 X129.547 Y145.105 E.00238
G1 X129.525 Y144.702 E.00239
G1 X129.429 Y144.315 E.00236
G1 X129.259 Y143.954 E.00236
G1 X129.023 Y143.633 E.00236
G1 X128.73 Y143.363 E.00236
G1 X128.726 Y143.361 E.00003
G1 E-.68 F3600
;WIPE_START
G1 F7200
G1 X128.382 Y143.152 E-.04822
G1 X128.052 Y143.026 E-.04243
G1 X127.811 Y142.985 E-.02935
;WIPE_END
G1 X122.286 Y148.252 Z2.4 F21000
G1 X121.468 Y149.032 Z2.4
G1 Z2
G1 E.8 F2700
SET_VELOCITY_LIMIT ACCEL=3000 ACCEL_TO_DECEL=1500 SQUARE_CORNER_VELOCITY=7
;TYPE:Inner wall
;WIDTH:0.45
G1 F2484
G1 X121.468 Y149.968 E.03009
G1 X103.532 Y149.968 E.57675
M73 P18 R10
G1 X103.532 Y149.032 E.03009
G1 X121.428 Y149.032 E.57547
SET_VELOCITY_LIMIT ACCEL=5000 ACCEL_TO_DECEL=2500 SQUARE_CORNER_VELOCITY=9
G1 X121.875 Y148.625 F21000
SET_VELOCITY_LIMIT ACCEL=3000 ACCEL_TO_DECEL=1500 SQUARE_CORNER_VELOCITY=7
G1 F2484
G1 X121.875 Y150.375 E.05627
G1 X103.125 Y150.375 E.60293
G1 X103.125 Y148.625 E.05627
G1 X121.835 Y148.625 E.60165
G1 X122.3 Y148.2 F21000
;TYPE:Outer wall
;WIDTH:0.4
G1 F2484
G1 X122.3 Y150.8 E.07334
G1 X102.7 Y150.8 E.55285
G1 X102.7 Y148.2 E.07334
G1 X122.26 Y148.2 E.55172
SET_VELOCITY_LIMIT ACCEL=5000 ACCEL_TO_DECEL=2500 SQUARE_CORNER_VELOCITY=9
G1 E-.68 F3600
;WIPE_START
G1 X122.275 Y149.2 E-.12
;WIPE_END
G1 X121.264 Y149.5 Z2.4 F21000
G1 Z2
G1 E.8 F2700
;TYPE:Gap infill
;WIDTH:0.571682
G1 F2484
G1 X103.736 Y149.5 E.73215
G1 E-.68 F3600
;WIPE_START
G1 F5972.243
G1 X104.736 Y149.5 E-.12
;WIPE_END
G1 X97.57 Y146.871 Z2.4 F21000
G1 X97.365 Y146.796 Z2.4
G1 Z2
G1 E.8 F2700
SET_VELOCITY_LIMIT ACCEL=3000 ACCEL_TO_DECEL=1500 SQUARE_CORNER_VELOCITY=7
;TYPE:Outer wall
;WIDTH:0.4
G1 F2484
G1 X97.012 Y146.734 E.01012
G1 X96.678 Y146.603 E.01012
G1 X96.377 Y146.408 E.01012
G1 X96.12 Y146.158 E.01012
G1 X95.918 Y145.861 E.01012
G1 X95.779 Y145.531 E.01012
G1 X95.708 Y145.179 E.01012
G1 X95.708 Y144.821 E.01012
G1 X95.779 Y144.469 E.01012
G1 X95.918 Y144.139 E.01012
G1 X96.12 Y143.842 E.01012
G1 X96.377 Y143.592 E.01012
G1 X96.676 Y143.399 E.01005
G1 X96.929 Y143.292 E.00773
G1 X97.276 Y143.213 E.01005
G1 X97.635 Y143.204 E.01012
G1 X97.988 Y143.266 E.01012
G1 X98.322 Y143.397 E.01012
G1 X98.623 Y143.592 E.01012
G1 X98.88 Y143.842 E.01012
G1 X99.082 Y144.139 E.01012
G1 X99.221 Y144.469 E.01012
G1 X99.292 Y144.818 E.01005
G1 X99.298 Y145.092 E.00773
G1 X99.245 Y145.444 E.01004
G1 X99.123 Y145.781 E.01012
G1 X98.936 Y146.087 E.01012
G1 X98.692 Y146.35 E.01012
G1 X98.401 Y146.56 E.01012
G1 X98.074 Y146.707 E.01012
G1 X97.724 Y146.787 E.01012
G1 X97.405 Y146.795 E.00899
G1 X96.851 Y147.2 F21000
G1 F2484
G1 X96.786 Y147.186 E.00188
G1 X96.369 Y147.002 E.01284
G1 X95.997 Y146.741 E.01282
G1 X95.684 Y146.411 E.01282
G1 X95.442 Y146.027 E.01282
G1 X95.281 Y145.602 E.01282
G1 X95.206 Y145.154 E.01282
G1 X95.202 Y144.93 E.0063
G1 X95.255 Y144.505 E.0121
G1 X95.394 Y144.076 E.0127
G1 X95.617 Y143.68 E.01282
G1 X95.913 Y143.336 E.01282
G1 X96.267 Y143.059 E.01268
G1 X96.673 Y142.855 E.0128
G1 X97.092 Y142.737 E.01228
G1 X97.3 Y142.709 E.00591
G1 X97.597 Y142.703 E.00841
G1 X97.821 Y142.723 E.00633
G1 X98.259 Y142.829 E.01272
G1 X98.668 Y143.019 E.01272
G1 X99.033 Y143.285 E.01272
G1 X99.338 Y143.618 E.01272
G1 X99.574 Y144.007 E.01285
G1 X99.729 Y144.435 E.01285
G1 X99.797 Y144.886 E.01285
G1 X99.774 Y145.341 E.01285
G1 X99.662 Y145.783 E.01285
G1 X99.466 Y146.194 E.01285
G1 X99.34 Y146.379 E.00631
G1 X99.053 Y146.695 E.01206
G1 X98.754 Y146.928 E.01068
G1 X98.352 Y147.136 E.01277
G1 X97.914 Y147.262 E.01287
G1 X97.459 Y147.299 E.01287
G1 X97.231 Y147.284 E.00644
G1 X96.89 Y147.209 E.00986
SET_VELOCITY_LIMIT ACCEL=5000 ACCEL_TO_DECEL=2500 SQUARE_CORNER_VELOCITY=9
G1 X96.944 Y146.964 F21000
;TYPE:Gap infill
;WIDTH:0.114586
G1 F2484
G1 X97.262 Y147.034 E.00184
G1 X97.463 Y147.046 E.00114
G1 X97.758 Y147.03 E.00167
G1 X98.149 Y146.941 E.00227
G1 X98.526 Y146.771 E.00234
G1 X98.853 Y146.538 E.00227
G1 X99.136 Y146.235 E.00235
G1 X99.342 Y145.89 E.00227
G1 X99.424 Y145.696 E.00119
G1 X99.523 Y145.303 E.00229
G1 X99.545 Y144.898 E.0023
G1 X99.484 Y144.497 E.0023
G1 X99.299 Y144.024 E.00288
G1 X99.07 Y143.687 E.00231
G1 X98.779 Y143.402 E.00231
G1 X98.436 Y143.18 E.00231
G1 X98.057 Y143.031 E.00231
G1 X97.657 Y142.957 E.00231
G1 X97.249 Y142.966 E.00231
G1 X96.851 Y143.059 E.00231
G1 X96.56 Y143.184 E.00179
G1 X96.222 Y143.403 E.00228
G1 X95.931 Y143.687 E.00231
G1 X95.702 Y144.024 E.00231
G1 X95.544 Y144.4 E.00231
G1 X95.465 Y144.793 E.00227
G1 X95.457 Y145.136 E.00194
G1 X95.524 Y145.536 E.0023
G1 X95.668 Y145.914 E.00229
G1 X95.883 Y146.257 E.00229
G1 X96.162 Y146.55 E.00229
G1 X96.493 Y146.783 E.00229
G1 X96.864 Y146.946 E.00229
G1 X96.905 Y146.955 E.00024
; stop printing object vyper_electronics_cassette.stl id:0 copy 0
;LAYER_CHANGE
;Z:2.2
;HEIGHT:0.2
;BEFORE_LAYER_CHANGE
G92 E0
;2.2


G1 E-.68 F3600
;WIPE_START
G1 F7200
G1 X97.262 Y147.034 E-.04386
G1 X97.463 Y147.046 E-.02415
G1 X97.758 Y147.03 E-.03546
G1 X97.892 Y147 E-.01652
;WIPE_END
EXCLUDE_OBJECT_END NAME=vyper_electronics_cassette.stl_id_0_copy_0
;AFTER_LAYER_CHANGE
;2.2
;_SET_FAN_SPEED_CHANGING_LAYER
; printing object vyper_electronics_cassette.stl id:0 copy 0
EXCLUDE_OBJECT_START NAME=vyper_electronics_cassette.stl_id_0_copy_0
G1 X97.714 Y139.369 Z2.6 F21000
G1 X96.319 Y79.642 Z2.6
G1 Z2.2
G1 E.8 F2700
SET_VELOCITY_LIMIT ACCEL=3000 ACCEL_TO_DECEL=1500 SQUARE_CORNER_VELOCITY=7
;TYPE:Outer wall
;WIDTH:0.4
G1 F2477
G1 X96.599 Y79.44 E.00973
G1 X96.926 Y79.293 E.01012
G1 X97.276 Y79.213 E.01012
G1 X97.635 Y79.204 E.01012
G1 X97.988 Y79.266 E.01012
G1 X98.322 Y79.397 E.01012
G1 X98.623 Y79.592 E.01012
G1 X98.88 Y79.842 E.01012
G1 X99.082 Y80.139 E.01012
G1 X99.221 Y80.469 E.01012
G1 X99.292 Y80.821 E.01012
G1 X99.292 Y81.179 E.01012
G1 X99.221 Y81.531 E.01012
G1 X99.082 Y81.861 E.01012
G1 X98.88 Y82.158 E.01012
G1 X98.623 Y82.408 E.01012
G1 X98.324 Y82.601 E.01004
G1 X98.071 Y82.708 E.00773
G1 X97.724 Y82.787 E.01005
G1 X97.365 Y82.796 E.01012
G1 X97.012 Y82.734 E.01012
G1 X96.678 Y82.603 E.01012
G1 X96.377 Y82.408 E.01012
G1 X96.12 Y82.158 E.01012
G1 X95.918 Y81.861 E.01012
G1 X95.779 Y81.531 E.01012
G1 X95.708 Y81.182 E.01005
G1 X95.702 Y80.908 E.00773
G1 X95.755 Y80.556 E.01004
G1 X95.877 Y80.219 E.01012
G1 X96.064 Y79.913 E.01012
G1 X96.29 Y79.669 E.00937
SET_VELOCITY_LIMIT ACCEL=5000 ACCEL_TO_DECEL=2500 SQUARE_CORNER_VELOCITY=9
G1 E-.68 F3600
;WIPE_START
G1 X96.599 Y79.44 E-.04614
G1 X96.926 Y79.293 E-.04304
G1 X97.177 Y79.236 E-.03082
;WIPE_END
G1 X96.117 Y82.829 Z2.6 F21000
G1 Z2.2
G1 E.8 F2700
SET_VELOCITY_LIMIT ACCEL=3000 ACCEL_TO_DECEL=1500 SQUARE_CORNER_VELOCITY=7
G1 F2477
G1 X95.835 Y82.586 E.01052
G1 X95.555 Y82.228 E.01281
G1 X95.352 Y81.822 E.01281
G1 X95.233 Y81.383 E.01281
G1 X95.202 Y80.935 E.01269
G1 X95.255 Y80.501 E.01234
G1 X95.314 Y80.286 E.00629
G1 X95.497 Y79.87 E.01281
G1 X95.758 Y79.498 E.01281
G1 X96.087 Y79.185 E.01281
G1 X96.471 Y78.943 E.01281
G1 X96.897 Y78.781 E.01285
G1 X97.347 Y78.705 E.01286
G1 X97.802 Y78.72 E.01286
G1 X98.246 Y78.825 E.01286
G1 X98.661 Y79.015 E.01286
G1 X99.03 Y79.283 E.01286
G1 X99.192 Y79.443 E.00644
G1 X99.466 Y79.807 E.01285
G1 X99.663 Y80.218 E.01284
G1 X99.774 Y80.659 E.01284
G1 X99.797 Y81.114 E.01284
G1 X99.729 Y81.564 E.01284
G1 X99.575 Y81.992 E.01284
G1 X99.338 Y82.382 E.01285
G1 X99.034 Y82.714 E.0127
G1 X98.67 Y82.98 E.0127
G1 X98.262 Y83.17 E.0127
G1 X97.829 Y83.276 E.01258
G1 X97.406 Y83.297 E.01195
G1 X96.981 Y83.24 E.01209
G1 X96.57 Y83.103 E.01221
G1 X96.179 Y82.882 E.01269
G1 X96.147 Y82.855 E.00116
SET_VELOCITY_LIMIT ACCEL=5000 ACCEL_TO_DECEL=2500 SQUARE_CORNER_VELOCITY=9
G1 X96.312 Y82.664 F21000
;TYPE:Gap infill
;WIDTH:0.11624
G1 F2477
G1 X96.324 Y82.675 E.00009
G1 X96.668 Y82.87 E.00229
G1 X97.038 Y82.994 E.00226
G1 X97.416 Y83.046 E.00221
G1 X97.798 Y83.027 E.00221
G1 X98.179 Y82.934 E.00227
G1 X98.541 Y82.762 E.00232
G1 X98.865 Y82.525 E.00232
G1 X99.136 Y82.23 E.00232
G1 X99.346 Y81.883 E.00235
G1 X99.484 Y81.502 E.00235
G1 X99.544 Y81.101 E.00235
G1 X99.524 Y80.697 E.00235
G1 X99.425 Y80.304 E.00235
G1 X99.25 Y79.938 E.00235
G1 X99.006 Y79.613 E.00235
G1 X98.773 Y79.398 E.00183
G1 X98.431 Y79.177 E.00236
G1 X98.057 Y79.031 E.00232
G1 X97.65 Y78.959 E.0024
G1 X97.249 Y78.969 E.00232
G1 X96.851 Y79.059 E.00236
G1 X96.48 Y79.226 E.00236
G1 X96.148 Y79.464 E.00236
G1 X95.871 Y79.762 E.00236
G1 X95.658 Y80.109 E.00236
G1 X95.513 Y80.498 E.0024
G1 X95.455 Y80.889 E.00229
G1 X95.483 Y81.341 E.00262
G1 X95.589 Y81.731 E.00234
G1 X95.77 Y82.092 E.00234
G1 X96.018 Y82.411 E.00234
G1 X96.282 Y82.638 E.00202
G1 E-.68 F3600
;WIPE_START
G1 F7200
G1 X96.324 Y82.675 E-.00674
G1 X96.668 Y82.87 E-.04743
G1 X97.038 Y82.994 E-.04682
G1 X97.195 Y83.015 E-.01902
;WIPE_END
G1 X104.824 Y82.795 Z2.6 F21000
G1 X128.919 Y82.101 Z2.6
G1 Z2.2
G1 E.8 F2700
SET_VELOCITY_LIMIT ACCEL=3000 ACCEL_TO_DECEL=1500 SQUARE_CORNER_VELOCITY=7
;TYPE:Outer wall
;WIDTH:0.4
G1 F2477
G1 X128.88 Y82.158 E.00195
G1 X128.623 Y82.408 E.01012
G1 X128.324 Y82.601 E.01005
G1 X128.071 Y82.708 E.00773
G1 X127.724 Y82.787 E.01005
G1 X127.365 Y82.796 E.01012
G1 X127.012 Y82.734 E.01012
G1 X126.678 Y82.603 E.01012
G1 X126.377 Y82.408 E.01012
G1 X126.12 Y82.158 E.01012
G1 X125.918 Y81.861 E.01012
G1 X125.779 Y81.531 E.01012
G1 X125.708 Y81.182 E.01004
G1 X125.702 Y80.908 E.00773
G1 X125.755 Y80.556 E.01004
G1 X125.877 Y80.219 E.01012
G1 X126.064 Y79.913 E.01012
G1 X126.308 Y79.65 E.01012
G1 X126.599 Y79.44 E.01012
G1 X126.926 Y79.293 E.01012
G1 X127.276 Y79.213 E.01012
G1 X127.635 Y79.204 E.01012
G1 X127.988 Y79.266 E.01012
G1 X128.322 Y79.397 E.01012
G1 X128.623 Y79.592 E.01012
G1 X128.88 Y79.842 E.01012
G1 X129.082 Y80.139 E.01012
G1 X129.221 Y80.469 E.01012
G1 X129.292 Y80.821 E.01012
G1 X129.292 Y81.179 E.01012
G1 X129.221 Y81.531 E.01012
G1 X129.082 Y81.861 E.01012
G1 X128.941 Y82.067 E.00704
G1 X129.04 Y82.705 F21000
G1 F2477
G1 X128.718 Y82.95 E.01142
G1 X128.303 Y83.154 E.01304
G1 X128.043 Y83.234 E.00769
G1 X127.834 Y83.275 E.006
G1 X127.379 Y83.296 E.01284
G1 X126.95 Y83.233 E.01224
G1 X126.529 Y83.085 E.01258
G1 X126.141 Y82.856 E.0127
G1 X125.806 Y82.555 E.0127
G1 X125.534 Y82.193 E.01277
G1 X125.337 Y81.782 E.01284
G1 X125.226 Y81.341 E.01284
G1 X125.203 Y80.886 E.01284
G1 X125.271 Y80.436 E.01284
G1 X125.425 Y80.008 E.01284
G1 X125.662 Y79.618 E.01284
G1 X125.97 Y79.283 E.01286
G1 X126.339 Y79.015 E.01286
G1 X126.754 Y78.825 E.01286
G1 X127.193 Y78.721 E.01274
G1 X127.632 Y78.705 E.01238
G1 X127.881 Y78.732 E.00706
G1 X128.099 Y78.78 E.00629
G1 X128.503 Y78.932 E.01219
G1 X128.885 Y79.165 E.01261
G1 X129.213 Y79.467 E.0126
G1 X129.478 Y79.828 E.0126
G1 X129.667 Y80.232 E.0126
G1 X129.775 Y80.666 E.0126
G1 X129.796 Y81.112 E.0126
G1 X129.731 Y81.554 E.0126
G1 X129.582 Y81.975 E.0126
G1 X129.354 Y82.359 E.0126
G1 X129.069 Y82.677 E.01206
SET_VELOCITY_LIMIT ACCEL=5000 ACCEL_TO_DECEL=2500 SQUARE_CORNER_VELOCITY=9
G1 X128.884 Y82.506 F21000
;TYPE:Gap infill
;WIDTH:0.117293
G1 F2477
G1 X129.15 Y82.209 E.00234
G1 X129.353 Y81.867 E.00233
G1 X129.486 Y81.493 E.00234
G1 X129.544 Y81.1 E.00234
G1 X129.525 Y80.702 E.00234
G1 X129.429 Y80.316 E.00234
G1 X129.261 Y79.956 E.00234
G1 X129.026 Y79.635 E.00234
G1 X128.733 Y79.366 E.00234
G1 X128.393 Y79.157 E.00234
G1 X128.028 Y79.02 E.00229
G1 X127.65 Y78.956 E.00225
G1 X127.242 Y78.967 E.0024
G1 X126.844 Y79.058 E.0024
G1 X126.472 Y79.226 E.0024
G1 X126.141 Y79.465 E.0024
G1 X125.863 Y79.765 E.0024
G1 X125.651 Y80.114 E.0024
G1 X125.512 Y80.497 E.00239
G1 X125.453 Y80.889 E.00233
G1 X125.476 Y81.303 E.00244
G1 X125.575 Y81.696 E.00238
G1 X125.75 Y82.062 E.00238
G1 X125.992 Y82.384 E.00237
M73 P19 R10
G1 X126.29 Y82.652 E.00236
G1 X126.636 Y82.856 E.00236
G1 X127.005 Y82.987 E.0023
G1 X127.397 Y83.046 E.00233
G1 X127.798 Y83.027 E.00235
G1 X128.216 Y82.919 E.00254
G1 X128.58 Y82.738 E.00238
G1 X128.852 Y82.53 E.00201
G1 E-.68 F3600
;WIPE_START
G1 F7200
G1 X129.15 Y82.209 E-.05257
G1 X129.353 Y81.867 E-.04769
G1 X129.408 Y81.712 E-.01974
;WIPE_END
G1 X129.323 Y89.344 Z2.6 F21000
G1 X128.691 Y146.351 Z2.6
G1 Z2.2
G1 E.8 F2700
SET_VELOCITY_LIMIT ACCEL=3000 ACCEL_TO_DECEL=1500 SQUARE_CORNER_VELOCITY=7
;TYPE:Outer wall
;WIDTH:0.4
G1 F2477
G1 X128.4 Y146.56 E.01011
G1 X128.074 Y146.707 E.01012
G1 X127.724 Y146.787 E.01012
G1 X127.365 Y146.796 E.01012
G1 X127.012 Y146.734 E.01012
G1 X126.678 Y146.603 E.01012
G1 X126.377 Y146.408 E.01012
G1 X126.12 Y146.158 E.01012
G1 X125.918 Y145.861 E.01012
G1 X125.779 Y145.531 E.01012
G1 X125.708 Y145.182 E.01004
G1 X125.702 Y144.908 E.00773
G1 X125.755 Y144.556 E.01004
G1 X125.877 Y144.219 E.01012
G1 X126.064 Y143.913 E.01012
G1 X126.308 Y143.65 E.01012
G1 X126.599 Y143.44 E.01012
G1 X126.926 Y143.293 E.01012
G1 X127.276 Y143.213 E.01012
G1 X127.635 Y143.204 E.01012
G1 X127.988 Y143.266 E.01012
G1 X128.322 Y143.397 E.01012
G1 X128.623 Y143.592 E.01012
G1 X128.88 Y143.842 E.01012
G1 X129.082 Y144.139 E.01012
G1 X129.221 Y144.469 E.01012
G1 X129.292 Y144.821 E.01012
G1 X129.292 Y145.179 E.01012
G1 X129.221 Y145.528 E.01005
G1 X129.121 Y145.784 E.00773
G1 X128.936 Y146.087 E.01005
G1 X128.719 Y146.321 E.009
SET_VELOCITY_LIMIT ACCEL=5000 ACCEL_TO_DECEL=2500 SQUARE_CORNER_VELOCITY=9
G1 E-.68 F3600
;WIPE_START
G1 X128.4 Y146.56 E-.04772
G1 X128.074 Y146.707 E-.04304
G1 X127.836 Y146.761 E-.02925
;WIPE_END
G1 X128.901 Y143.18 Z2.6 F21000
G1 Z2.2
G1 E.8 F2700
SET_VELOCITY_LIMIT ACCEL=3000 ACCEL_TO_DECEL=1500 SQUARE_CORNER_VELOCITY=7
G1 F2477
G1 X129.213 Y143.467 E.01197
G1 X129.478 Y143.828 E.0126
G1 X129.667 Y144.232 E.0126
G1 X129.775 Y144.666 E.0126
G1 X129.796 Y145.112 E.0126
G1 X129.731 Y145.554 E.0126
G1 X129.582 Y145.975 E.0126
G1 X129.354 Y146.359 E.0126
G1 X129.056 Y146.692 E.01262
G1 X128.722 Y146.947 E.01185
G1 X128.315 Y147.15 E.01282
G1 X127.88 Y147.268 E.01272
G1 X127.425 Y147.299 E.01286
G1 X126.973 Y147.239 E.01286
G1 X126.542 Y147.091 E.01286
G1 X126.148 Y146.86 E.01286
G1 X125.808 Y146.557 E.01286
G1 X125.534 Y146.193 E.01285
G1 X125.337 Y145.782 E.01284
G1 X125.226 Y145.341 E.01284
G1 X125.203 Y144.886 E.01284
G1 X125.271 Y144.436 E.01284
G1 X125.425 Y144.008 E.01284
G1 X125.662 Y143.618 E.01285
G1 X125.966 Y143.286 E.0127
G1 X126.33 Y143.02 E.0127
G1 X126.738 Y142.83 E.0127
G1 X127.171 Y142.724 E.01258
G1 X127.594 Y142.703 E.01195
G1 X128.024 Y142.761 E.01222
G1 X128.224 Y142.817 E.00586
G1 X128.501 Y142.93 E.00844
G1 X128.87 Y143.156 E.01219
SET_VELOCITY_LIMIT ACCEL=5000 ACCEL_TO_DECEL=2500 SQUARE_CORNER_VELOCITY=9
G1 X128.733 Y143.366 F21000
;TYPE:Gap infill
;WIDTH:0.117561
G1 F2477
G1 X128.388 Y143.154 E.00239
G1 X128.052 Y143.026 E.00212
G1 X127.584 Y142.954 E.00279
G1 X127.202 Y142.973 E.00225
G1 X126.821 Y143.066 E.00232
G1 X126.457 Y143.236 E.00237
G1 X126.133 Y143.472 E.00237
G1 X125.861 Y143.768 E.00237
G1 X125.65 Y144.115 E.00239
G1 X125.512 Y144.497 E.00239
G1 X125.453 Y144.889 E.00234
G1 X125.476 Y145.303 E.00245
G1 X125.575 Y145.696 E.00239
G1 X125.75 Y146.062 E.00239
G1 X125.994 Y146.386 E.00239
G1 X126.297 Y146.656 E.00239
G1 X126.647 Y146.861 E.00239
G1 X127.031 Y146.993 E.00239
G1 X127.433 Y147.046 E.00239
G1 X127.838 Y147.019 E.00239
G1 X128.221 Y146.916 E.00233
G1 X128.589 Y146.733 E.00242
G1 X128.886 Y146.508 E.0022
G1 X129.152 Y146.211 E.00235
G1 X129.356 Y145.869 E.00235
G1 X129.486 Y145.493 E.00235
G1 X129.544 Y145.1 E.00234
G1 X129.525 Y144.702 E.00234
G1 X129.429 Y144.316 E.00234
G1 X129.261 Y143.956 E.00234
G1 X129.026 Y143.635 E.00235
G1 X128.763 Y143.393 E.00211
G1 E-.68 F3600
;WIPE_START
G1 F7200
G1 X128.388 Y143.154 E-.05335
G1 X128.052 Y143.026 E-.04314
G1 X127.858 Y142.996 E-.02351
;WIPE_END
G1 X122.309 Y148.237 Z2.6 F21000
G1 X121.468 Y149.032 Z2.6
G1 Z2.2
G1 E.8 F2700
SET_VELOCITY_LIMIT ACCEL=3000 ACCEL_TO_DECEL=1500 SQUARE_CORNER_VELOCITY=7
;TYPE:Inner wall
;WIDTH:0.45
G1 F2477
G1 X121.468 Y149.968 E.03009
G1 X119.105 Y149.968 E.07598
G1 X119.105 Y149.032 E.03009
G1 X121.428 Y149.032 E.0747
SET_VELOCITY_LIMIT ACCEL=5000 ACCEL_TO_DECEL=2500 SQUARE_CORNER_VELOCITY=9
G1 X121.875 Y148.625 F21000
SET_VELOCITY_LIMIT ACCEL=3000 ACCEL_TO_DECEL=1500 SQUARE_CORNER_VELOCITY=7
G1 F2477
G1 X121.875 Y150.375 E.05627
G1 X118.698 Y150.375 E.10216
G1 X118.698 Y148.625 E.05627
G1 X121.835 Y148.625 E.10088
G1 X122.3 Y148.2 F21000
;TYPE:Outer wall
;WIDTH:0.4
G1 F2477
G1 X122.3 Y150.8 E.07334
G1 X118.273 Y150.8 E.11359
G1 X118.273 Y148.2 E.07334
G1 X122.26 Y148.2 E.11246
SET_VELOCITY_LIMIT ACCEL=5000 ACCEL_TO_DECEL=2500 SQUARE_CORNER_VELOCITY=9
G1 E-.68 F3600
;WIPE_START
G1 X122.275 Y149.2 E-.12
;WIPE_END
G1 X121.264 Y149.5 Z2.6 F21000
G1 Z2.2
G1 E.8 F2700
;TYPE:Gap infill
;WIDTH:0.571682
G1 F2477
G1 X119.309 Y149.5 E.08169
G1 E-.68 F3600
;WIPE_START
G1 F5972.243
G1 X120.309 Y149.5 E-.12
;WIPE_END
G1 X112.683 Y149.182 Z2.6 F21000
G1 X109.105 Y149.032 Z2.6
G1 Z2.2
G1 E.8 F2700
SET_VELOCITY_LIMIT ACCEL=3000 ACCEL_TO_DECEL=1500 SQUARE_CORNER_VELOCITY=7
;TYPE:Inner wall
;WIDTH:0.45
G1 F2477
G1 X115.895 Y149.032 E.21834
G1 X115.895 Y149.968 E.03009
G1 X109.105 Y149.968 E.21834
G1 X109.105 Y149.072 E.02881
SET_VELOCITY_LIMIT ACCEL=5000 ACCEL_TO_DECEL=2500 SQUARE_CORNER_VELOCITY=9
G1 X108.698 Y148.625 F21000
SET_VELOCITY_LIMIT ACCEL=3000 ACCEL_TO_DECEL=1500 SQUARE_CORNER_VELOCITY=7
G1 F2477
G1 X116.302 Y148.625 E.24452
G1 X116.302 Y150.375 E.05627
G1 X108.698 Y150.375 E.24452
G1 X108.698 Y148.665 E.05499
G1 X108.273 Y148.2 F21000
;TYPE:Outer wall
;WIDTH:0.4
G1 F2477
G1 X116.727 Y148.2 E.23846
G1 X116.727 Y150.8 E.07334
G1 X108.273 Y150.8 E.23846
G1 X108.273 Y148.24 E.07221
SET_VELOCITY_LIMIT ACCEL=5000 ACCEL_TO_DECEL=2500 SQUARE_CORNER_VELOCITY=9
G1 E-.68 F3600
;WIPE_START
G1 X109.273 Y148.235 E-.12
;WIPE_END
G1 X109.309 Y149.5 Z2.6 F21000
G1 Z2.2
G1 E.8 F2700
;TYPE:Gap infill
;WIDTH:0.571682
G1 F2477
G1 X115.691 Y149.5 E.2666
G1 E-.68 F3600
;WIPE_START
G1 F5972.243
G1 X114.691 Y149.5 E-.12
;WIPE_END
G1 X107.07 Y149.095 Z2.6 F21000
G1 X105.895 Y149.032 Z2.6
G1 Z2.2
G1 E.8 F2700
SET_VELOCITY_LIMIT ACCEL=3000 ACCEL_TO_DECEL=1500 SQUARE_CORNER_VELOCITY=7
;TYPE:Inner wall
;WIDTH:0.45
G1 F2477
G1 X105.895 Y149.968 E.03009
G1 X103.532 Y149.968 E.07598
G1 X103.532 Y149.032 E.03009
G1 X105.855 Y149.032 E.0747
SET_VELOCITY_LIMIT ACCEL=5000 ACCEL_TO_DECEL=2500 SQUARE_CORNER_VELOCITY=9
G1 X106.302 Y148.625 F21000
SET_VELOCITY_LIMIT ACCEL=3000 ACCEL_TO_DECEL=1500 SQUARE_CORNER_VELOCITY=7
G1 F2477
G1 X106.302 Y150.375 E.05627
G1 X103.125 Y150.375 E.10216
G1 X103.125 Y148.625 E.05627
G1 X106.262 Y148.625 E.10088
G1 X106.727 Y148.2 F21000
;TYPE:Outer wall
;WIDTH:0.4
G1 F2477
G1 X106.727 Y150.8 E.07334
G1 X102.7 Y150.8 E.11359
G1 X102.7 Y148.2 E.07334
G1 X106.687 Y148.2 E.11246
SET_VELOCITY_LIMIT ACCEL=5000 ACCEL_TO_DECEL=2500 SQUARE_CORNER_VELOCITY=9
G1 E-.68 F3600
;WIPE_START
G1 X106.702 Y149.2 E-.12
;WIPE_END
G1 X105.691 Y149.5 Z2.6 F21000
G1 Z2.2
G1 E.8 F2700
;TYPE:Gap infill
;WIDTH:0.571682
G1 F2477
G1 X103.736 Y149.5 E.08169
G1 E-.68 F3600
;WIPE_START
G1 F5972.243
G1 X104.736 Y149.5 E-.12
;WIPE_END
G1 X97.57 Y146.871 Z2.6 F21000
G1 X97.366 Y146.796 Z2.6
G1 Z2.2
G1 E.8 F2700
SET_VELOCITY_LIMIT ACCEL=3000 ACCEL_TO_DECEL=1500 SQUARE_CORNER_VELOCITY=7
;TYPE:Outer wall
;WIDTH:0.4
G1 F2477
G1 X97.365 Y146.796 E.00001
G1 X97.012 Y146.734 E.01012
G1 X96.678 Y146.603 E.01012
G1 X96.377 Y146.408 E.01012
G1 X96.12 Y146.158 E.01012
G1 X95.918 Y145.861 E.01012
G1 X95.779 Y145.531 E.01012
G1 X95.708 Y145.182 E.01005
G1 X95.702 Y144.908 E.00773
G1 X95.755 Y144.556 E.01004
G1 X95.877 Y144.219 E.01012
G1 X96.064 Y143.913 E.01012
G1 X96.308 Y143.65 E.01012
G1 X96.599 Y143.44 E.01012
G1 X96.926 Y143.293 E.01012
G1 X97.276 Y143.213 E.01012
G1 X97.635 Y143.204 E.01012
G1 X97.988 Y143.266 E.01012
G1 X98.322 Y143.397 E.01012
G1 X98.623 Y143.592 E.01012
G1 X98.88 Y143.842 E.01012
G1 X99.082 Y144.139 E.01012
G1 X99.221 Y144.469 E.01012
G1 X99.292 Y144.821 E.01012
G1 X99.292 Y145.177 E.01004
G1 X99.244 Y145.447 E.00773
G1 X99.123 Y145.781 E.01005
G1 X98.936 Y146.087 E.01012
G1 X98.692 Y146.35 E.01012
G1 X98.4 Y146.56 E.01012
G1 X98.074 Y146.707 E.01012
G1 X97.724 Y146.787 E.01012
G1 X97.406 Y146.795 E.00898
G1 X96.764 Y147.171 F21000
G1 F2477
G1 X96.68 Y147.149 E.00245
G1 X96.273 Y146.945 E.01282
G1 X95.915 Y146.666 E.01281
G1 X95.618 Y146.322 E.01281
G1 X95.395 Y145.927 E.01281
G1 X95.254 Y145.495 E.01281
G1 X95.217 Y145.275 E.00629
G1 X95.206 Y144.838 E.01234
G1 X95.233 Y144.617 E.00629
G1 X95.352 Y144.178 E.01281
G1 X95.555 Y143.772 E.01281
G1 X95.835 Y143.414 E.01281
G1 X96.179 Y143.118 E.01281
G1 X96.367 Y142.999 E.00628
G1 X96.775 Y142.818 E.01258
G1 X97.192 Y142.722 E.01209
G1 X97.604 Y142.703 E.01162
G1 X97.825 Y142.723 E.00625
G1 X98.262 Y142.83 E.0127
G1 X98.67 Y143.02 E.0127
G1 X99.034 Y143.286 E.0127
G1 X99.338 Y143.618 E.0127
G1 X99.575 Y144.008 E.01285
G1 X99.729 Y144.436 E.01284
G1 X99.797 Y144.886 E.01284
G1 X99.774 Y145.341 E.01284
G1 X99.663 Y145.782 E.01284
G1 X99.466 Y146.193 E.01284
G1 X99.192 Y146.557 E.01285
G1 X98.852 Y146.86 E.01286
G1 X98.458 Y147.091 E.01286
G1 X98.027 Y147.239 E.01286
G1 X97.575 Y147.299 E.01286
G1 X97.12 Y147.268 E.01286
G1 X96.802 Y147.182 E.00928
SET_VELOCITY_LIMIT ACCEL=5000 ACCEL_TO_DECEL=2500 SQUARE_CORNER_VELOCITY=9
G1 X96.894 Y146.949 F21000
;TYPE:Gap infill
;WIDTH:0.114217
G1 F2477
G1 X96.943 Y146.968 E.0003
G1 X97.344 Y147.04 E.00229
G1 X97.751 Y147.03 E.00229
G1 X98.149 Y146.94 E.00229
G1 X98.52 Y146.773 E.00229
G1 X98.851 Y146.536 E.00229
G1 X99.129 Y146.238 E.00229
G1 X99.342 Y145.89 E.00229
G1 X99.48 Y145.513 E.00226
G1 X99.537 Y145.201 E.00178
G1 X99.537 Y144.799 E.00226
G1 X99.457 Y144.4 E.0023
G1 X99.299 Y144.024 E.0023
G1 X99.07 Y143.687 E.0023
G1 X98.779 Y143.402 E.0023
G1 X98.436 Y143.18 E.0023
G1 X98.057 Y143.031 E.0023
G1 X97.65 Y142.956 E.00233
G1 X97.242 Y142.967 E.0023
G1 X96.851 Y143.056 E.00226
G1 X96.478 Y143.223 E.0023
G1 X96.144 Y143.468 E.00233
G1 X95.867 Y143.767 E.00229
G1 X95.656 Y144.115 E.00229
G1 X95.517 Y144.498 E.00229
G1 X95.455 Y144.889 E.00223
G1 X95.467 Y145.251 E.00204
G1 X95.546 Y145.606 E.00205
G1 X95.702 Y145.976 E.00226
G1 X95.935 Y146.317 E.00233
G1 X96.222 Y146.597 E.00226
G1 X96.564 Y146.819 E.00229
G1 X96.857 Y146.934 E.00177
; stop printing object vyper_electronics_cassette.stl id:0 copy 0
;LAYER_CHANGE
;Z:2.4
;HEIGHT:0.2
;BEFORE_LAYER_CHANGE
G92 E0
;2.4


G1 E-.68 F3600
;WIPE_START
G1 F7200
G1 X96.943 Y146.968 E-.01109
G1 X97.344 Y147.04 E-.04888
G1 X97.751 Y147.03 E-.04888
G1 X97.842 Y147.01 E-.01115
;WIPE_END
EXCLUDE_OBJECT_END NAME=vyper_electronics_cassette.stl_id_0_copy_0
;AFTER_LAYER_CHANGE
;2.4
;_SET_FAN_SPEED_CHANGING_LAYER
; printing object vyper_electronics_cassette.stl id:0 copy 0
EXCLUDE_OBJECT_START NAME=vyper_electronics_cassette.stl_id_0_copy_0
G1 X97.67 Y139.379 Z2.8 F21000
G1 X96.323 Y79.645 Z2.8
G1 Z2.4
M73 P20 R10
G1 E.8 F2700
SET_VELOCITY_LIMIT ACCEL=3000 ACCEL_TO_DECEL=1500 SQUARE_CORNER_VELOCITY=7
;TYPE:Outer wall
;WIDTH:0.4
G1 F2383
G1 X96.377 Y79.592 E.00215
G1 X96.678 Y79.397 E.01012
G1 X97.01 Y79.267 E.01004
G1 X97.279 Y79.213 E.00773
G1 X97.635 Y79.204 E.01005
G1 X97.988 Y79.266 E.01012
G1 X98.322 Y79.397 E.01012
G1 X98.623 Y79.592 E.01012
G1 X98.88 Y79.842 E.01012
G1 X99.082 Y80.139 E.01012
G1 X99.221 Y80.469 E.01012
G1 X99.292 Y80.818 E.01005
G1 X99.298 Y81.092 E.00773
G1 X99.245 Y81.444 E.01004
G1 X99.123 Y81.781 E.01012
G1 X98.936 Y82.087 E.01012
G1 X98.692 Y82.35 E.01012
G1 X98.401 Y82.56 E.01012
G1 X98.074 Y82.707 E.01012
G1 X97.724 Y82.787 E.01012
G1 X97.365 Y82.796 E.01012
G1 X97.012 Y82.734 E.01012
G1 X96.678 Y82.603 E.01012
G1 X96.377 Y82.408 E.01012
G1 X96.12 Y82.158 E.01012
G1 X95.918 Y81.861 E.01012
G1 X95.779 Y81.531 E.01012
G1 X95.708 Y81.179 E.01012
G1 X95.708 Y80.821 E.01012
G1 X95.779 Y80.469 E.01012
G1 X95.918 Y80.139 E.01012
G1 X96.12 Y79.842 E.01012
G1 X96.294 Y79.673 E.00684
SET_VELOCITY_LIMIT ACCEL=5000 ACCEL_TO_DECEL=2500 SQUARE_CORNER_VELOCITY=9
G1 E-.68 F3600
;WIPE_START
G1 X96.377 Y79.592 E-.01393
G1 X96.678 Y79.397 E-.04304
G1 X97.01 Y79.267 E-.04273
G1 X97.176 Y79.234 E-.0203
;WIPE_END
G1 X96.1 Y82.814 Z2.8 F21000
G1 Z2.4
G1 E.8 F2700
SET_VELOCITY_LIMIT ACCEL=3000 ACCEL_TO_DECEL=1500 SQUARE_CORNER_VELOCITY=7
G1 F2383
G1 X95.837 Y82.588 E.00981
G1 X95.557 Y82.23 E.0128
G1 X95.353 Y81.825 E.0128
G1 X95.233 Y81.387 E.0128
G1 X95.201 Y80.939 E.01267
G1 X95.256 Y80.497 E.01258
G1 X95.315 Y80.282 E.00628
G1 X95.499 Y79.867 E.0128
G1 X95.76 Y79.496 E.0128
G1 X96.089 Y79.184 E.0128
G1 X96.473 Y78.942 E.0128
G1 X96.899 Y78.78 E.01284
G1 X97.348 Y78.705 E.01286
G1 X97.804 Y78.72 E.01286
G1 X98.028 Y78.762 E.00644
G1 X98.459 Y78.91 E.01286
G1 X98.853 Y79.14 E.01286
G1 X99.193 Y79.443 E.01285
G1 X99.466 Y79.808 E.01285
G1 X99.663 Y80.218 E.01284
G1 X99.774 Y80.659 E.01284
G1 X99.797 Y81.114 E.01284
G1 X99.73 Y81.564 E.01284
G1 X99.575 Y81.992 E.01284
G1 X99.342 Y82.377 E.0127
G1 X99.034 Y82.712 E.01282
G1 X98.672 Y82.978 E.01268
G1 X98.265 Y83.168 E.01268
G1 X97.828 Y83.276 E.01269
G1 X97.402 Y83.297 E.01202
G1 X96.98 Y83.24 E.012
G1 X96.572 Y83.104 E.01213
G1 X96.181 Y82.884 E.01268
G1 X96.131 Y82.841 E.00187
SET_VELOCITY_LIMIT ACCEL=5000 ACCEL_TO_DECEL=2500 SQUARE_CORNER_VELOCITY=9
G1 X96.267 Y82.628 F21000
;TYPE:Gap infill
;WIDTH:0.116422
G1 F2383
G1 X96.569 Y82.823 E.00208
G1 X96.949 Y82.971 E.00237
G1 X97.35 Y83.042 E.00237
G1 X97.758 Y83.032 E.00237
G1 X98.156 Y82.941 E.00237
G1 X98.527 Y82.773 E.00237
G1 X98.859 Y82.534 E.00237
G1 X99.136 Y82.235 E.00237
G1 X99.349 Y81.886 E.00237
G1 X99.488 Y81.503 E.00237
G1 X99.548 Y81.105 E.00234
G1 X99.524 Y80.697 E.00237
G1 X99.425 Y80.304 E.00235
G1 X99.25 Y79.939 E.00235
G1 X99.007 Y79.614 E.00235
G1 X98.704 Y79.344 E.00236
G1 X98.354 Y79.139 E.00236
G1 X97.969 Y79.007 E.00236
G1 X97.656 Y78.959 E.00184
G1 X97.254 Y78.969 E.00234
G1 X96.943 Y79.028 E.00184
G1 X96.568 Y79.174 E.00233
G1 X96.225 Y79.395 E.00237
G1 X95.932 Y79.68 E.00237
G1 X95.702 Y80.017 E.00237
G1 X95.542 Y80.392 E.00237
G1 X95.465 Y80.793 E.00237
G1 X95.464 Y81.207 E.0024
G1 X95.546 Y81.606 E.00237
G1 X95.705 Y81.981 E.00237
G1 X95.935 Y82.318 E.00237
G1 X96.227 Y82.602 E.00237
G1 X96.234 Y82.606 E.00005
G1 E-.68 F3600
;WIPE_START
G1 F7200
G1 X96.569 Y82.823 E-.04788
G1 X96.949 Y82.971 E-.04891
G1 X97.139 Y83.005 E-.02321
;WIPE_END
G1 X104.769 Y82.787 Z2.8 F21000
G1 X128.925 Y82.099 Z2.8
G1 Z2.4
G1 E.8 F2700
SET_VELOCITY_LIMIT ACCEL=3000 ACCEL_TO_DECEL=1500 SQUARE_CORNER_VELOCITY=7
;TYPE:Outer wall
;WIDTH:0.4
G1 F2383
G1 X128.692 Y82.35 E.00966
G1 X128.401 Y82.56 E.01012
G1 X128.074 Y82.707 E.01012
G1 X127.724 Y82.787 E.01012
G1 X127.365 Y82.796 E.01012
G1 X127.012 Y82.734 E.01012
G1 X126.678 Y82.603 E.01012
G1 X126.377 Y82.408 E.01012
G1 X126.12 Y82.158 E.01012
G1 X125.918 Y81.861 E.01012
G1 X125.779 Y81.531 E.01012
G1 X125.708 Y81.179 E.01012
G1 X125.708 Y80.821 E.01012
G1 X125.779 Y80.469 E.01012
G1 X125.918 Y80.139 E.01012
G1 X126.12 Y79.842 E.01012
G1 X126.377 Y79.592 E.01012
G1 X126.678 Y79.397 E.01012
G1 X127.01 Y79.267 E.01004
G1 X127.279 Y79.213 E.00773
G1 X127.635 Y79.204 E.01005
G1 X127.988 Y79.266 E.01012
G1 X128.322 Y79.397 E.01012
G1 X128.623 Y79.592 E.01012
G1 X128.88 Y79.842 E.01012
G1 X129.082 Y80.139 E.01012
G1 X129.221 Y80.469 E.01012
G1 X129.292 Y80.818 E.01005
G1 X129.298 Y81.092 E.00773
G1 X129.245 Y81.444 E.01004
G1 X129.123 Y81.781 E.01012
G1 X128.948 Y82.067 E.00945
G1 X129.04 Y82.704 F21000
G1 F2383
G1 X128.716 Y82.952 E.01153
G1 X128.31 Y83.152 E.01274
G1 X128.035 Y83.236 E.00814
G1 X127.827 Y83.276 E.00596
G1 X127.384 Y83.297 E.01253
G1 X126.951 Y83.233 E.01233
G1 X126.527 Y83.083 E.01269
G1 X126.14 Y82.854 E.01268
G1 X125.802 Y82.551 E.01282
G1 X125.534 Y82.192 E.01262
G1 X125.337 Y81.782 E.01284
G1 X125.226 Y81.341 E.01284
G1 X125.203 Y80.886 E.01284
G1 X125.27 Y80.436 E.01284
G1 X125.425 Y80.008 E.01284
G1 X125.661 Y79.619 E.01284
G1 X125.97 Y79.283 E.01286
G1 X126.338 Y79.015 E.01286
G1 X126.752 Y78.825 E.01286
G1 X127.191 Y78.721 E.01272
G1 X127.639 Y78.705 E.01263
G1 X127.879 Y78.732 E.0068
G1 X128.318 Y78.851 E.01284
G1 X128.52 Y78.939 E.00623
G1 X128.903 Y79.178 E.01272
G1 X129.216 Y79.47 E.01207
G1 X129.479 Y79.83 E.01258
G1 X129.668 Y80.234 E.01257
G1 X129.775 Y80.666 E.01257
G1 X129.796 Y81.112 E.01257
G1 X129.732 Y81.552 E.01257
G1 X129.583 Y81.973 E.01257
G1 X129.356 Y82.356 E.01257
G1 X129.07 Y82.677 E.01214
SET_VELOCITY_LIMIT ACCEL=5000 ACCEL_TO_DECEL=2500 SQUARE_CORNER_VELOCITY=9
G1 X128.884 Y82.505 F21000
;TYPE:Gap infill
;WIDTH:0.117603
G1 F2383
G1 X129.135 Y82.234 E.00218
G1 X129.347 Y81.886 E.00241
G1 X129.487 Y81.502 E.00241
G1 X129.547 Y81.105 E.00237
G1 X129.525 Y80.703 E.00237
G1 X129.43 Y80.318 E.00234
G1 X129.262 Y79.958 E.00234
G1 X129.028 Y79.637 E.00235
G1 X128.75 Y79.377 E.00224
G1 X128.403 Y79.161 E.00241
G1 X128.051 Y79.03 E.00222
G1 X127.65 Y78.956 E.00241
G1 X127.248 Y78.967 E.00237
G1 X126.938 Y79.032 E.00187
G1 X126.563 Y79.18 E.00237
G1 X126.221 Y79.402 E.0024
G1 X125.93 Y79.687 E.0024
G1 X125.701 Y80.024 E.0024
G1 X125.543 Y80.4 E.0024
G1 X125.464 Y80.793 E.00237
G1 X125.464 Y81.207 E.00244
G1 X125.545 Y81.606 E.0024
G1 X125.704 Y81.982 E.00241
G1 X125.934 Y82.319 E.00241
G1 X126.226 Y82.602 E.0024
G1 X126.569 Y82.823 E.0024
G1 X126.949 Y82.972 E.0024
G1 X127.35 Y83.043 E.00241
G1 X127.758 Y83.033 E.00241
G1 X128.155 Y82.939 E.0024
G1 X128.527 Y82.772 E.00241
G1 X128.857 Y82.534 E.0024
G1 E-.68 F3600
;WIPE_START
G1 F7200
G1 X129.135 Y82.234 E-.04911
G1 X129.347 Y81.886 E-.04896
G1 X129.41 Y81.714 E-.02193
;WIPE_END
G1 X129.325 Y89.346 Z2.8 F21000
G1 X128.691 Y146.351 Z2.8
G1 Z2.4
G1 E.8 F2700
SET_VELOCITY_LIMIT ACCEL=3000 ACCEL_TO_DECEL=1500 SQUARE_CORNER_VELOCITY=7
;TYPE:Outer wall
;WIDTH:0.4
G1 F2383
G1 X128.4 Y146.56 E.0101
G1 X128.074 Y146.707 E.01012
G1 X127.724 Y146.787 E.01012
G1 X127.365 Y146.796 E.01012
G1 X127.012 Y146.734 E.01012
G1 X126.678 Y146.603 E.01012
G1 X126.377 Y146.408 E.01012
G1 X126.12 Y146.158 E.01012
G1 X125.918 Y145.861 E.01012
G1 X125.779 Y145.531 E.01012
G1 X125.708 Y145.179 E.01012
G1 X125.708 Y144.821 E.01012
G1 X125.779 Y144.469 E.01012
G1 X125.918 Y144.139 E.01012
G1 X126.12 Y143.842 E.01012
G1 X126.377 Y143.592 E.01012
G1 X126.678 Y143.397 E.01012
G1 X127.01 Y143.267 E.01004
G1 X127.279 Y143.213 E.00773
G1 X127.635 Y143.204 E.01005
G1 X127.988 Y143.266 E.01012
G1 X128.322 Y143.397 E.01012
G1 X128.623 Y143.592 E.01012
G1 X128.88 Y143.842 E.01012
G1 X129.082 Y144.139 E.01012
G1 X129.221 Y144.469 E.01012
G1 X129.292 Y144.818 E.01005
G1 X129.298 Y145.092 E.00773
G1 X129.245 Y145.444 E.01004
G1 X129.123 Y145.781 E.01012
G1 X128.936 Y146.087 E.01012
G1 X128.719 Y146.321 E.009
SET_VELOCITY_LIMIT ACCEL=5000 ACCEL_TO_DECEL=2500 SQUARE_CORNER_VELOCITY=9
G1 E-.68 F3600
;WIPE_START
G1 X128.4 Y146.56 E-.0477
G1 X128.074 Y146.707 E-.04304
G1 X127.836 Y146.761 E-.02926
;WIPE_END
G1 X128.92 Y143.195 Z2.8 F21000
G1 Z2.4
G1 E.8 F2700
SET_VELOCITY_LIMIT ACCEL=3000 ACCEL_TO_DECEL=1500 SQUARE_CORNER_VELOCITY=7
G1 F2383
G1 X129.216 Y143.47 E.01139
G1 X129.479 Y143.83 E.01258
G1 X129.668 Y144.234 E.01257
G1 X129.775 Y144.666 E.01257
G1 X129.796 Y145.112 E.01257
G1 X129.732 Y145.552 E.01257
G1 X129.583 Y145.973 E.01257
G1 X129.356 Y146.356 E.01257
G1 X129.06 Y146.689 E.01258
G1 X128.719 Y146.949 E.01207
G1 X128.314 Y147.151 E.01279
G1 X127.878 Y147.268 E.01272
G1 X127.423 Y147.298 E.01286
G1 X126.972 Y147.238 E.01286
G1 X126.541 Y147.09 E.01286
G1 X126.147 Y146.86 E.01286
G1 X125.807 Y146.557 E.01286
G1 X125.534 Y146.192 E.01285
G1 X125.337 Y145.782 E.01284
G1 X125.226 Y145.341 E.01284
G1 X125.203 Y144.886 E.01284
G1 X125.27 Y144.436 E.01284
G1 X125.425 Y144.008 E.01284
G1 X125.658 Y143.623 E.0127
G1 X125.966 Y143.288 E.01282
G1 X126.328 Y143.022 E.01268
G1 X126.735 Y142.832 E.01268
G1 X127.172 Y142.724 E.01269
G1 X127.598 Y142.703 E.01202
G1 X128.024 Y142.761 E.01213
G1 X128.223 Y142.817 E.00582
G1 X128.511 Y142.935 E.00877
G1 X128.89 Y143.169 E.01258
SET_VELOCITY_LIMIT ACCEL=5000 ACCEL_TO_DECEL=2500 SQUARE_CORNER_VELOCITY=9
G1 X128.742 Y143.371 F21000
;TYPE:Gap infill
;WIDTH:0.117787
G1 F2383
G1 X128.402 Y143.16 E.00237
G1 X128.052 Y143.026 E.00222
G1 X127.65 Y142.958 E.00241
G1 X127.248 Y142.968 E.00238
G1 X126.938 Y143.033 E.00187
G1 X126.564 Y143.181 E.00238
G1 X126.222 Y143.402 E.00241
G1 X125.931 Y143.687 E.00241
G1 X125.701 Y144.024 E.00241
G1 X125.543 Y144.4 E.00241
G1 X125.464 Y144.793 E.00237
G1 X125.464 Y145.207 E.00245
G1 X125.545 Y145.606 E.00241
G1 X125.704 Y145.982 E.00241
G1 X125.934 Y146.318 E.00241
G1 X126.226 Y146.603 E.00241
G1 X126.569 Y146.823 E.00241
G1 X126.949 Y146.972 E.00241
G1 X127.35 Y147.042 E.00241
G1 X127.758 Y147.031 E.00241
G1 X128.155 Y146.94 E.00241
G1 X128.526 Y146.771 E.00241
G1 X128.858 Y146.533 E.00241
G1 X129.135 Y146.234 E.00241
G1 X129.347 Y145.886 E.00241
G1 X129.487 Y145.502 E.00241
G1 X129.547 Y145.105 E.00238
G1 X129.525 Y144.703 E.00238
G1 X129.43 Y144.318 E.00235
G1 X129.262 Y143.958 E.00235
G1 X129.028 Y143.637 E.00235
G1 X128.772 Y143.398 E.00207
G1 E-.68 F3600
;WIPE_START
G1 F7200
G1 X128.402 Y143.16 E-.05281
G1 X128.052 Y143.026 E-.04496
G1 X127.869 Y142.995 E-.02223
;WIPE_END
G1 X122.316 Y148.232 Z2.8 F21000
G1 X121.468 Y149.032 Z2.8
G1 Z2.4
G1 E.8 F2700
SET_VELOCITY_LIMIT ACCEL=3000 ACCEL_TO_DECEL=1500 SQUARE_CORNER_VELOCITY=7
;TYPE:Inner wall
;WIDTH:0.45
G1 F2383
G1 X121.468 Y149.968 E.03009
G1 X119.496 Y149.968 E.06342
G1 X119.496 Y149.032 E.03009
G1 X121.428 Y149.032 E.06214
SET_VELOCITY_LIMIT ACCEL=5000 ACCEL_TO_DECEL=2500 SQUARE_CORNER_VELOCITY=9
G1 X121.875 Y148.625 F21000
SET_VELOCITY_LIMIT ACCEL=3000 ACCEL_TO_DECEL=1500 SQUARE_CORNER_VELOCITY=7
G1 F2383
G1 X121.875 Y150.375 E.05627
G1 X119.088 Y150.375 E.0896
G1 X119.088 Y148.625 E.05627
G1 X121.835 Y148.625 E.08832
G1 X122.3 Y148.2 F21000
;TYPE:Outer wall
;WIDTH:0.4
G1 F2383
G1 X122.3 Y150.8 E.07334
G1 X118.663 Y150.8 E.10257
G1 X118.663 Y148.2 E.07334
G1 X122.26 Y148.2 E.10145
SET_VELOCITY_LIMIT ACCEL=5000 ACCEL_TO_DECEL=2500 SQUARE_CORNER_VELOCITY=9
G1 E-.68 F3600
;WIPE_START
G1 X122.275 Y149.2 E-.12
;WIPE_END
G1 X121.264 Y149.5 Z2.8 F21000
G1 Z2.4
G1 E.8 F2700
;TYPE:Gap infill
;WIDTH:0.571682
G1 F2383
G1 X119.699 Y149.5 E.06538
G1 E-.68 F3600
;WIPE_START
G1 F5972.243
G1 X120.699 Y149.5 E-.12
;WIPE_END
G1 X113.073 Y149.182 Z2.8 F21000
G1 X109.496 Y149.032 Z2.8
G1 Z2.4
G1 E.8 F2700
SET_VELOCITY_LIMIT ACCEL=3000 ACCEL_TO_DECEL=1500 SQUARE_CORNER_VELOCITY=7
;TYPE:Inner wall
;WIDTH:0.45
G1 F2383
G1 X115.504 Y149.032 E.19322
G1 X115.504 Y149.968 E.03009
G1 X109.496 Y149.968 E.19322
G1 X109.496 Y149.072 E.02881
SET_VELOCITY_LIMIT ACCEL=5000 ACCEL_TO_DECEL=2500 SQUARE_CORNER_VELOCITY=9
G1 X109.088 Y148.625 F21000
SET_VELOCITY_LIMIT ACCEL=3000 ACCEL_TO_DECEL=1500 SQUARE_CORNER_VELOCITY=7
G1 F2383
G1 X115.912 Y148.625 E.21941
G1 X115.912 Y150.375 E.05627
G1 X109.088 Y150.375 E.21941
G1 X109.088 Y148.665 E.05499
G1 X108.663 Y148.2 F21000
;TYPE:Outer wall
;WIDTH:0.4
G1 F2383
G1 X116.337 Y148.2 E.21643
G1 X116.337 Y150.8 E.07334
G1 X108.663 Y150.8 E.21643
G1 X108.663 Y148.24 E.07221
SET_VELOCITY_LIMIT ACCEL=5000 ACCEL_TO_DECEL=2500 SQUARE_CORNER_VELOCITY=9
G1 E-.68 F3600
;WIPE_START
G1 X109.663 Y148.235 E-.12
;WIPE_END
G1 X109.699 Y149.5 Z2.8 F21000
G1 Z2.4
G1 E.8 F2700
;TYPE:Gap infill
;WIDTH:0.571682
G1 F2383
G1 X115.301 Y149.5 E.23398
G1 E-.68 F3600
;WIPE_START
G1 F5972.243
G1 X114.301 Y149.5 E-.12
;WIPE_END
G1 X106.679 Y149.095 Z2.8 F21000
M73 P21 R10
G1 X105.504 Y149.032 Z2.8
G1 Z2.4
G1 E.8 F2700
SET_VELOCITY_LIMIT ACCEL=3000 ACCEL_TO_DECEL=1500 SQUARE_CORNER_VELOCITY=7
;TYPE:Inner wall
;WIDTH:0.45
G1 F2383
G1 X105.504 Y149.968 E.03009
G1 X103.532 Y149.968 E.06342
G1 X103.532 Y149.032 E.03009
G1 X105.464 Y149.032 E.06214
SET_VELOCITY_LIMIT ACCEL=5000 ACCEL_TO_DECEL=2500 SQUARE_CORNER_VELOCITY=9
G1 X105.912 Y148.625 F21000
SET_VELOCITY_LIMIT ACCEL=3000 ACCEL_TO_DECEL=1500 SQUARE_CORNER_VELOCITY=7
G1 F2383
G1 X105.912 Y150.375 E.05627
G1 X103.125 Y150.375 E.0896
G1 X103.125 Y148.625 E.05627
G1 X105.872 Y148.625 E.08832
G1 X106.337 Y148.2 F21000
;TYPE:Outer wall
;WIDTH:0.4
G1 F2383
G1 X106.337 Y150.8 E.07334
G1 X102.7 Y150.8 E.10257
G1 X102.7 Y148.2 E.07334
G1 X106.297 Y148.2 E.10145
SET_VELOCITY_LIMIT ACCEL=5000 ACCEL_TO_DECEL=2500 SQUARE_CORNER_VELOCITY=9
G1 E-.68 F3600
;WIPE_START
G1 X106.312 Y149.2 E-.12
;WIPE_END
G1 X105.301 Y149.5 Z2.8 F21000
G1 Z2.4
G1 E.8 F2700
;TYPE:Gap infill
;WIDTH:0.571682
G1 F2383
G1 X103.736 Y149.5 E.06538
G1 E-.68 F3600
;WIPE_START
G1 F5972.243
G1 X104.736 Y149.5 E-.12
;WIPE_END
G1 X97.57 Y146.871 Z2.8 F21000
G1 X97.366 Y146.796 Z2.8
G1 Z2.4
G1 E.8 F2700
SET_VELOCITY_LIMIT ACCEL=3000 ACCEL_TO_DECEL=1500 SQUARE_CORNER_VELOCITY=7
;TYPE:Outer wall
;WIDTH:0.4
G1 F2383
G1 X97.365 Y146.796 E.00001
G1 X97.012 Y146.734 E.01012
G1 X96.678 Y146.603 E.01012
G1 X96.377 Y146.408 E.01012
G1 X96.12 Y146.158 E.01012
G1 X95.918 Y145.861 E.01012
G1 X95.779 Y145.531 E.01012
G1 X95.708 Y145.179 E.01012
G1 X95.708 Y144.821 E.01012
G1 X95.779 Y144.469 E.01012
G1 X95.918 Y144.139 E.01012
G1 X96.12 Y143.842 E.01012
G1 X96.377 Y143.592 E.01012
G1 X96.678 Y143.397 E.01012
G1 X97.01 Y143.267 E.01004
G1 X97.279 Y143.213 E.00773
G1 X97.635 Y143.204 E.01005
G1 X97.988 Y143.266 E.01012
G1 X98.322 Y143.397 E.01012
G1 X98.623 Y143.592 E.01012
G1 X98.88 Y143.842 E.01012
G1 X99.082 Y144.139 E.01012
G1 X99.221 Y144.469 E.01012
G1 X99.292 Y144.818 E.01005
G1 X99.298 Y145.092 E.00773
G1 X99.245 Y145.444 E.01004
G1 X99.123 Y145.781 E.01012
G1 X98.936 Y146.087 E.01012
G1 X98.692 Y146.35 E.01012
G1 X98.4 Y146.56 E.01012
G1 X98.074 Y146.707 E.01012
G1 X97.724 Y146.787 E.01012
G1 X97.406 Y146.795 E.00897
G1 X96.662 Y147.13 F21000
G1 F2383
G1 X96.473 Y147.058 E.00569
G1 X96.089 Y146.816 E.0128
G1 X95.76 Y146.504 E.0128
G1 X95.499 Y146.133 E.0128
G1 X95.315 Y145.718 E.0128
G1 X95.218 Y145.279 E.01267
G1 X95.207 Y144.834 E.01258
G1 X95.282 Y144.391 E.01267
G1 X95.445 Y143.967 E.0128
G1 X95.688 Y143.584 E.0128
G1 X96.001 Y143.256 E.0128
G1 X96.369 Y142.998 E.01267
G1 X96.776 Y142.818 E.01254
G1 X97.19 Y142.722 E.012
G1 X97.603 Y142.703 E.01167
G1 X98.049 Y142.768 E.0127
G1 X98.473 Y142.917 E.01268
G1 X98.86 Y143.146 E.01268
G1 X99.198 Y143.449 E.01282
G1 X99.466 Y143.808 E.01262
G1 X99.663 Y144.218 E.01284
G1 X99.774 Y144.659 E.01284
G1 X99.797 Y145.114 E.01284
G1 X99.73 Y145.564 E.01284
G1 X99.575 Y145.992 E.01284
G1 X99.339 Y146.381 E.01284
G1 X99.03 Y146.717 E.01286
G1 X98.662 Y146.985 E.01286
G1 X98.248 Y147.175 E.01286
G1 X97.804 Y147.28 E.01286
G1 X97.348 Y147.295 E.01286
G1 X96.899 Y147.22 E.01286
G1 X96.699 Y147.144 E.00603
SET_VELOCITY_LIMIT ACCEL=5000 ACCEL_TO_DECEL=2500 SQUARE_CORNER_VELOCITY=9
G1 X96.79 Y146.912 F21000
;TYPE:Gap infill
;WIDTH:0.117352
G1 F2383
G1 X96.948 Y146.974 E.001
G1 X97.35 Y147.044 E.0024
G1 X97.758 Y147.034 E.0024
G1 X98.156 Y146.942 E.0024
G1 X98.528 Y146.774 E.0024
G1 X98.859 Y146.535 E.0024
G1 X99.137 Y146.235 E.0024
G1 X99.349 Y145.886 E.0024
G1 X99.488 Y145.503 E.0024
G1 X99.548 Y145.105 E.00237
G1 X99.524 Y144.697 E.0024
G1 X99.425 Y144.304 E.00238
G1 X99.25 Y143.939 E.00238
G1 X99.016 Y143.624 E.00231
G1 X98.71 Y143.35 E.00241
G1 X98.366 Y143.145 E.00235
G1 X97.989 Y143.012 E.00235
G1 X97.65 Y142.958 E.00202
G1 X97.224 Y142.97 E.0025
G1 X96.856 Y143.058 E.00223
G1 X96.489 Y143.22 E.00236
G1 X96.166 Y143.447 E.00232
G1 X95.886 Y143.739 E.00238
G1 X95.67 Y144.08 E.00238
G1 X95.542 Y144.4 E.00202
G1 X95.462 Y144.793 E.00236
G1 X95.462 Y145.207 E.00244
G1 X95.543 Y145.607 E.0024
G1 X95.702 Y145.983 E.0024
G1 X95.932 Y146.32 E.0024
G1 X96.225 Y146.605 E.0024
G1 X96.568 Y146.826 E.0024
G1 X96.752 Y146.898 E.00116
; stop printing object vyper_electronics_cassette.stl id:0 copy 0
;LAYER_CHANGE
;Z:2.6
;HEIGHT:0.2
;BEFORE_LAYER_CHANGE
G92 E0
;2.6


G1 E-.68 F3600
;WIPE_START
G1 F7200
G1 X96.948 Y146.974 E-.02523
G1 X97.35 Y147.044 E-.04898
G1 X97.732 Y147.034 E-.04578
;WIPE_END
EXCLUDE_OBJECT_END NAME=vyper_electronics_cassette.stl_id_0_copy_0
;AFTER_LAYER_CHANGE
;2.6
;_SET_FAN_SPEED_CHANGING_LAYER
; printing object vyper_electronics_cassette.stl id:0 copy 0
EXCLUDE_OBJECT_START NAME=vyper_electronics_cassette.stl_id_0_copy_0
G1 X97.572 Y139.404 Z3 F21000
G1 X96.318 Y79.65 Z3
G1 Z2.6
G1 E.8 F2700
SET_VELOCITY_LIMIT ACCEL=3000 ACCEL_TO_DECEL=1500 SQUARE_CORNER_VELOCITY=7
;TYPE:Outer wall
;WIDTH:0.4
G1 F2325
G1 X96.377 Y79.592 E.00233
G1 X96.676 Y79.399 E.01005
G1 X96.929 Y79.292 E.00773
G1 X97.276 Y79.213 E.01004
G1 X97.635 Y79.204 E.01012
G1 X97.988 Y79.266 E.01012
G1 X98.322 Y79.397 E.01012
G1 X98.623 Y79.592 E.01012
G1 X98.88 Y79.842 E.01012
G1 X99.082 Y80.139 E.01012
G1 X99.221 Y80.469 E.01012
G1 X99.292 Y80.818 E.01005
G1 X99.298 Y81.092 E.00773
G1 X99.245 Y81.444 E.01004
G1 X99.123 Y81.781 E.01012
G1 X98.936 Y82.087 E.01012
G1 X98.692 Y82.35 E.01012
G1 X98.401 Y82.56 E.01012
G1 X98.074 Y82.707 E.01012
G1 X97.724 Y82.787 E.01012
G1 X97.365 Y82.796 E.01012
G1 X97.012 Y82.734 E.01012
G1 X96.678 Y82.603 E.01012
G1 X96.377 Y82.408 E.01012
G1 X96.12 Y82.158 E.01012
G1 X95.918 Y81.861 E.01012
G1 X95.779 Y81.531 E.01012
G1 X95.708 Y81.179 E.01012
G1 X95.708 Y80.821 E.01012
G1 X95.779 Y80.469 E.01012
G1 X95.918 Y80.139 E.01012
G1 X96.12 Y79.842 E.01012
G1 X96.289 Y79.677 E.00666
SET_VELOCITY_LIMIT ACCEL=5000 ACCEL_TO_DECEL=2500 SQUARE_CORNER_VELOCITY=9
G1 E-.68 F3600
;WIPE_START
G1 X96.377 Y79.592 E-.0147
G1 X96.676 Y79.399 E-.04274
G1 X96.929 Y79.292 E-.03289
G1 X97.17 Y79.237 E-.02967
;WIPE_END
G1 X96.083 Y82.8 Z3 F21000
G1 Z2.6
G1 E.8 F2700
SET_VELOCITY_LIMIT ACCEL=3000 ACCEL_TO_DECEL=1500 SQUARE_CORNER_VELOCITY=7
G1 F2325
G1 X95.838 Y82.59 E.00909
G1 X95.559 Y82.233 E.01279
G1 X95.355 Y81.828 E.01279
G1 X95.234 Y81.391 E.01279
G1 X95.201 Y80.944 E.01266
G1 X95.257 Y80.493 E.01282
G1 X95.316 Y80.279 E.00627
G1 X95.5 Y79.864 E.01279
G1 X95.762 Y79.494 E.01279
G1 X96.091 Y79.182 E.01279
G1 X96.475 Y78.941 E.01279
G1 X96.901 Y78.78 E.01284
G1 X97.35 Y78.705 E.01285
G1 X97.805 Y78.721 E.01285
G1 X98.03 Y78.762 E.00643
G1 X98.461 Y78.91 E.01285
G1 X98.854 Y79.141 E.01285
G1 X99.194 Y79.444 E.01285
G1 X99.467 Y79.808 E.01284
G1 X99.663 Y80.219 E.01283
G1 X99.774 Y80.66 E.01283
G1 X99.797 Y81.114 E.01283
G1 X99.73 Y81.564 E.01283
G1 X99.575 Y81.991 E.01283
G1 X99.342 Y82.376 E.01269
G1 X99.036 Y82.711 E.0128
G1 X98.674 Y82.977 E.01266
G1 X98.267 Y83.167 E.01266
G1 X97.831 Y83.275 E.01267
G1 X97.398 Y83.297 E.01224
G1 X96.98 Y83.239 E.01192
G1 X96.574 Y83.105 E.01204
G1 X96.183 Y82.885 E.01267
G1 X96.114 Y82.826 E.00257
SET_VELOCITY_LIMIT ACCEL=5000 ACCEL_TO_DECEL=2500 SQUARE_CORNER_VELOCITY=9
G1 X96.249 Y82.616 F21000
;TYPE:Gap infill
;WIDTH:0.116082
G1 F2325
G1 X96.569 Y82.823 E.0022
G1 X96.949 Y82.971 E.00236
G1 X97.35 Y83.042 E.00236
G1 X97.758 Y83.032 E.00236
G1 X98.156 Y82.941 E.00236
G1 X98.527 Y82.773 E.00236
G1 X98.859 Y82.534 E.00236
G1 X99.136 Y82.235 E.00236
G1 X99.349 Y81.886 E.00236
G1 X99.488 Y81.503 E.00236
G1 X99.548 Y81.105 E.00233
G1 X99.524 Y80.697 E.00236
G1 X99.425 Y80.304 E.00234
G1 X99.251 Y79.939 E.00234
G1 X99.007 Y79.614 E.00235
G1 X98.773 Y79.398 E.00184
G1 X98.431 Y79.177 E.00236
G1 X98.057 Y79.031 E.00232
G1 X97.656 Y78.959 E.00236
G1 X97.249 Y78.969 E.00236
G1 X96.856 Y79.058 E.00233
G1 X96.563 Y79.178 E.00183
G1 X96.219 Y79.399 E.00236
G1 X95.931 Y79.687 E.00235
G1 X95.702 Y80.024 E.00235
G1 X95.544 Y80.4 E.00235
G1 X95.465 Y80.793 E.00232
G1 X95.464 Y81.207 E.00239
G1 X95.546 Y81.606 E.00235
G1 X95.705 Y81.981 E.00235
G1 X95.935 Y82.318 E.00235
G1 X96.217 Y82.592 E.00228
G1 E-.68 F3600
;WIPE_START
G1 F7200
G1 X96.569 Y82.823 E-.05053
G1 X96.949 Y82.971 E-.04891
G1 X97.117 Y83.001 E-.02056
;WIPE_END
G1 X104.747 Y82.785 Z3 F21000
G1 X128.923 Y82.101 Z3
G1 Z2.6
G1 E.8 F2700
SET_VELOCITY_LIMIT ACCEL=3000 ACCEL_TO_DECEL=1500 SQUARE_CORNER_VELOCITY=7
;TYPE:Outer wall
;WIDTH:0.4
G1 F2325
G1 X128.692 Y82.35 E.00961
G1 X128.401 Y82.56 E.01012
G1 X128.074 Y82.707 E.01012
G1 X127.724 Y82.787 E.01012
G1 X127.365 Y82.796 E.01012
G1 X127.012 Y82.734 E.01012
G1 X126.678 Y82.603 E.01012
G1 X126.377 Y82.408 E.01012
G1 X126.12 Y82.158 E.01012
G1 X125.918 Y81.861 E.01012
G1 X125.779 Y81.531 E.01012
G1 X125.708 Y81.179 E.01012
G1 X125.708 Y80.821 E.01012
G1 X125.779 Y80.469 E.01012
G1 X125.918 Y80.139 E.01012
G1 X126.12 Y79.842 E.01012
G1 X126.377 Y79.592 E.01012
G1 X126.676 Y79.399 E.01005
G1 X126.929 Y79.292 E.00773
G1 X127.276 Y79.213 E.01004
G1 X127.635 Y79.204 E.01012
G1 X127.988 Y79.266 E.01012
G1 X128.322 Y79.397 E.01012
G1 X128.623 Y79.592 E.01012
G1 X128.88 Y79.842 E.01012
G1 X129.082 Y80.139 E.01012
G1 X129.221 Y80.469 E.01012
G1 X129.292 Y80.818 E.01005
G1 X129.298 Y81.092 E.00773
G1 X129.245 Y81.444 E.01004
G1 X129.123 Y81.781 E.01012
G1 X128.947 Y82.069 E.00949
G1 X129.041 Y82.703 F21000
G1 F2325
G1 X128.717 Y82.951 E.01149
G1 X128.313 Y83.151 E.01272
G1 X128.027 Y83.238 E.00844
G1 X127.826 Y83.276 E.00578
G1 X127.383 Y83.296 E.01248
G1 X126.948 Y83.232 E.01242
G1 X126.525 Y83.082 E.01267
G1 X126.139 Y82.853 E.01266
G1 X125.801 Y82.55 E.0128
G1 X125.533 Y82.192 E.01261
G1 X125.337 Y81.781 E.01283
G1 X125.226 Y81.34 E.01283
G1 X125.203 Y80.886 E.01283
G1 X125.27 Y80.436 E.01283
G1 X125.425 Y80.009 E.01283
G1 X125.661 Y79.62 E.01283
G1 X125.969 Y79.284 E.01285
G1 X126.337 Y79.016 E.01285
G1 X126.751 Y78.826 E.01285
G1 X127.19 Y78.722 E.01272
G1 X127.646 Y78.705 E.01288
G1 X127.877 Y78.731 E.00655
G1 X128.316 Y78.85 E.01285
G1 X128.518 Y78.938 E.00622
G1 X128.9 Y79.176 E.01268
G1 X129.219 Y79.473 E.01229
G1 X129.481 Y79.833 E.01255
G1 X129.668 Y80.236 E.01254
G1 X129.775 Y80.667 E.01254
G1 X129.796 Y81.111 E.01254
G1 X129.732 Y81.551 E.01254
G1 X129.584 Y81.97 E.01254
G1 X129.358 Y82.353 E.01254
G1 X129.071 Y82.677 E.01222
SET_VELOCITY_LIMIT ACCEL=5000 ACCEL_TO_DECEL=2500 SQUARE_CORNER_VELOCITY=9
G1 X128.884 Y82.504 F21000
;TYPE:Gap infill
;WIDTH:0.117468
G1 F2325
G1 X129.135 Y82.234 E.00217
G1 X129.347 Y81.886 E.0024
G1 X129.487 Y81.502 E.0024
G1 X129.547 Y81.105 E.00237
G1 X129.525 Y80.704 E.00236
G1 X129.43 Y80.319 E.00233
G1 X129.264 Y79.961 E.00233
G1 X129.031 Y79.64 E.00233
G1 X128.747 Y79.375 E.00228
G1 X128.401 Y79.16 E.0024
G1 X128.051 Y79.03 E.0022
G1 X127.65 Y78.955 E.0024
G1 X127.242 Y78.967 E.0024
G1 X126.85 Y79.056 E.00237
G1 X126.465 Y79.234 E.00249
G1 X126.221 Y79.402 E.00174
G1 X125.93 Y79.687 E.0024
G1 X125.701 Y80.024 E.0024
G1 X125.543 Y80.4 E.0024
G1 X125.464 Y80.793 E.00236
G1 X125.464 Y81.207 E.00244
G1 X125.545 Y81.606 E.0024
G1 X125.704 Y81.982 E.0024
G1 X125.934 Y82.319 E.0024
G1 X126.226 Y82.602 E.0024
G1 X126.569 Y82.823 E.0024
G1 X126.949 Y82.972 E.0024
G1 X127.35 Y83.042 E.0024
G1 X127.758 Y83.032 E.0024
G1 X128.155 Y82.939 E.0024
G1 X128.526 Y82.771 E.0024
G1 X128.857 Y82.534 E.0024
G1 E-.68 F3600
;WIPE_START
G1 F7200
G1 X129.135 Y82.234 E-.04903
G1 X129.347 Y81.886 E-.04896
G1 X129.41 Y81.713 E-.02201
;WIPE_END
G1 X129.325 Y89.345 Z3 F21000
G1 X128.691 Y146.351 Z3
G1 Z2.6
G1 E.8 F2700
SET_VELOCITY_LIMIT ACCEL=3000 ACCEL_TO_DECEL=1500 SQUARE_CORNER_VELOCITY=7
;TYPE:Outer wall
;WIDTH:0.4
G1 F2325
G1 X128.401 Y146.56 E.0101
G1 X128.074 Y146.707 E.01012
G1 X127.724 Y146.787 E.01012
G1 X127.365 Y146.796 E.01012
G1 X127.012 Y146.734 E.01012
G1 X126.678 Y146.603 E.01012
G1 X126.377 Y146.408 E.01012
G1 X126.12 Y146.158 E.01012
G1 X125.918 Y145.861 E.01012
G1 X125.779 Y145.531 E.01012
G1 X125.708 Y145.179 E.01012
G1 X125.708 Y144.821 E.01012
G1 X125.779 Y144.469 E.01012
G1 X125.918 Y144.139 E.01012
G1 X126.12 Y143.842 E.01012
G1 X126.377 Y143.592 E.01012
G1 X126.676 Y143.399 E.01005
G1 X126.929 Y143.292 E.00773
G1 X127.276 Y143.213 E.01004
G1 X127.635 Y143.204 E.01012
G1 X127.988 Y143.266 E.01012
G1 X128.322 Y143.397 E.01012
G1 X128.623 Y143.592 E.01012
G1 X128.88 Y143.842 E.01012
G1 X129.082 Y144.139 E.01012
G1 X129.221 Y144.469 E.01012
G1 X129.292 Y144.818 E.01005
G1 X129.298 Y145.092 E.00773
G1 X129.245 Y145.444 E.01004
G1 X129.123 Y145.781 E.01012
G1 X128.936 Y146.087 E.01012
G1 X128.718 Y146.321 E.00901
SET_VELOCITY_LIMIT ACCEL=5000 ACCEL_TO_DECEL=2500 SQUARE_CORNER_VELOCITY=9
G1 E-.68 F3600
;WIPE_START
G1 X128.401 Y146.56 E-.04768
G1 X128.074 Y146.707 E-.04304
G1 X127.836 Y146.762 E-.02928
;WIPE_END
G1 X128.937 Y143.211 Z3 F21000
G1 Z2.6
G1 E.8 F2700
SET_VELOCITY_LIMIT ACCEL=3000 ACCEL_TO_DECEL=1500 SQUARE_CORNER_VELOCITY=7
G1 F2325
G1 X129.219 Y143.473 E.01086
G1 X129.481 Y143.833 E.01255
G1 X129.668 Y144.236 E.01254
G1 X129.775 Y144.667 E.01254
G1 X129.796 Y145.111 E.01254
G1 X129.732 Y145.551 E.01254
G1 X129.584 Y145.97 E.01254
G1 X129.358 Y146.353 E.01254
G1 X129.063 Y146.686 E.01254
G1 X128.717 Y146.951 E.01229
G1 X128.312 Y147.151 E.01276
G1 X127.876 Y147.269 E.01272
G1 X127.422 Y147.298 E.01285
G1 X126.97 Y147.238 E.01285
G1 X126.539 Y147.09 E.01285
G1 X126.146 Y146.859 E.01285
G1 X125.806 Y146.556 E.01285
G1 X125.533 Y146.192 E.01284
G1 X125.337 Y145.781 E.01283
G1 X125.226 Y145.34 E.01283
G1 X125.203 Y144.886 E.01283
G1 X125.27 Y144.436 E.01283
G1 X125.425 Y144.009 E.01283
G1 X125.658 Y143.624 E.01269
G1 X125.964 Y143.289 E.0128
G1 X126.326 Y143.023 E.01266
G1 X126.733 Y142.833 E.01266
G1 X127.169 Y142.725 E.01267
G1 X127.602 Y142.703 E.01223
G1 X128.031 Y142.763 E.01224
G1 X128.318 Y142.851 E.00844
G1 X128.515 Y142.936 E.00607
G1 X128.896 Y143.173 E.01266
G1 X128.908 Y143.184 E.00044
SET_VELOCITY_LIMIT ACCEL=5000 ACCEL_TO_DECEL=2500 SQUARE_CORNER_VELOCITY=9
G1 X128.739 Y143.369 F21000
;TYPE:Gap infill
;WIDTH:0.11784
G1 F2325
G1 X128.403 Y143.161 E.00234
G1 X128.052 Y143.027 E.00223
G1 X127.65 Y142.958 E.00241
G1 X127.242 Y142.968 E.00241
G1 X126.85 Y143.058 E.00238
G1 X126.559 Y143.184 E.00187
G1 X126.222 Y143.402 E.00238
G1 X125.931 Y143.687 E.00241
G1 X125.701 Y144.024 E.00241
G1 X125.543 Y144.4 E.00241
G1 X125.464 Y144.793 E.00237
G1 X125.464 Y145.207 E.00245
G1 X125.545 Y145.606 E.00241
G1 X125.704 Y145.982 E.00241
G1 X125.934 Y146.318 E.00241
G1 X126.226 Y146.603 E.00241
G1 X126.569 Y146.823 E.00241
G1 X126.949 Y146.972 E.00241
G1 X127.35 Y147.042 E.00241
G1 X127.758 Y147.031 E.00241
G1 X128.155 Y146.94 E.00241
G1 X128.526 Y146.771 E.00241
G1 X128.858 Y146.533 E.00241
G1 X129.135 Y146.234 E.00241
G1 X129.347 Y145.886 E.00241
G1 X129.487 Y145.502 E.00242
G1 X129.547 Y145.105 E.00238
G1 X129.525 Y144.704 E.00238
G1 X129.43 Y144.319 E.00234
G1 X129.264 Y143.961 E.00234
G1 X129.031 Y143.64 E.00235
G1 X128.769 Y143.396 E.00212
G1 E-.68 F3600
;WIPE_START
G1 F7200
G1 X128.403 Y143.161 E-.0522
G1 X128.052 Y143.027 E-.04514
G1 X127.865 Y142.995 E-.02266
;WIPE_END
G1 X122.314 Y148.233 Z3 F21000
G1 X121.468 Y149.032 Z3
G1 Z2.6
G1 E.8 F2700
SET_VELOCITY_LIMIT ACCEL=3000 ACCEL_TO_DECEL=1500 SQUARE_CORNER_VELOCITY=7
;TYPE:Inner wall
;WIDTH:0.45
G1 F2325
G1 X121.468 Y149.968 E.03009
G1 X119.736 Y149.968 E.0557
G1 X119.736 Y149.032 E.03009
G1 X121.428 Y149.032 E.05442
SET_VELOCITY_LIMIT ACCEL=5000 ACCEL_TO_DECEL=2500 SQUARE_CORNER_VELOCITY=9
G1 X121.875 Y148.625 F21000
SET_VELOCITY_LIMIT ACCEL=3000 ACCEL_TO_DECEL=1500 SQUARE_CORNER_VELOCITY=7
G1 F2325
G1 X121.875 Y150.375 E.05627
G1 X119.329 Y150.375 E.08188
G1 X119.329 Y148.625 E.05627
G1 X121.835 Y148.625 E.0806
G1 X122.3 Y148.2 F21000
M73 P22 R10
;TYPE:Outer wall
;WIDTH:0.4
G1 F2325
G1 X122.3 Y150.8 E.07334
G1 X118.904 Y150.8 E.0958
G1 X118.904 Y148.2 E.07334
G1 X122.26 Y148.2 E.09467
SET_VELOCITY_LIMIT ACCEL=5000 ACCEL_TO_DECEL=2500 SQUARE_CORNER_VELOCITY=9
G1 E-.68 F3600
;WIPE_START
G1 X122.275 Y149.2 E-.12
;WIPE_END
G1 X121.264 Y149.5 Z3 F21000
G1 Z2.6
G1 E.8 F2700
;TYPE:Gap infill
;WIDTH:0.571682
G1 F2325
G1 X119.939 Y149.5 E.05535
G1 E-.68 F3600
;WIPE_START
G1 F5972.243
G1 X120.939 Y149.5 E-.12
;WIPE_END
G1 X113.313 Y149.182 Z3 F21000
G1 X109.736 Y149.032 Z3
G1 Z2.6
G1 E.8 F2700
SET_VELOCITY_LIMIT ACCEL=3000 ACCEL_TO_DECEL=1500 SQUARE_CORNER_VELOCITY=7
;TYPE:Inner wall
;WIDTH:0.45
G1 F2325
G1 X115.264 Y149.032 E.17778
G1 X115.264 Y149.968 E.03009
G1 X109.736 Y149.968 E.17778
G1 X109.736 Y149.072 E.02881
SET_VELOCITY_LIMIT ACCEL=5000 ACCEL_TO_DECEL=2500 SQUARE_CORNER_VELOCITY=9
G1 X109.329 Y148.625 F21000
SET_VELOCITY_LIMIT ACCEL=3000 ACCEL_TO_DECEL=1500 SQUARE_CORNER_VELOCITY=7
G1 F2325
G1 X115.671 Y148.625 E.20396
G1 X115.671 Y150.375 E.05627
G1 X109.329 Y150.375 E.20396
G1 X109.329 Y148.665 E.05499
G1 X108.904 Y148.2 F21000
;TYPE:Outer wall
;WIDTH:0.4
G1 F2325
G1 X116.096 Y148.2 E.20289
G1 X116.096 Y150.8 E.07334
G1 X108.904 Y150.8 E.20289
G1 X108.904 Y148.24 E.07221
SET_VELOCITY_LIMIT ACCEL=5000 ACCEL_TO_DECEL=2500 SQUARE_CORNER_VELOCITY=9
G1 E-.68 F3600
;WIPE_START
G1 X109.904 Y148.234 E-.12
;WIPE_END
G1 X109.939 Y149.5 Z3 F21000
G1 Z2.6
G1 E.8 F2700
;TYPE:Gap infill
;WIDTH:0.571684
G1 F2325
G1 X115.061 Y149.5 E.21392
G1 E-.68 F3600
;WIPE_START
G1 F5972.219
G1 X114.061 Y149.5 E-.12
;WIPE_END
G1 X106.439 Y149.095 Z3 F21000
G1 X105.264 Y149.032 Z3
G1 Z2.6
G1 E.8 F2700
SET_VELOCITY_LIMIT ACCEL=3000 ACCEL_TO_DECEL=1500 SQUARE_CORNER_VELOCITY=7
;TYPE:Inner wall
;WIDTH:0.45
G1 F2325
G1 X105.264 Y149.968 E.03009
G1 X103.532 Y149.968 E.0557
G1 X103.532 Y149.032 E.03009
G1 X105.224 Y149.032 E.05442
SET_VELOCITY_LIMIT ACCEL=5000 ACCEL_TO_DECEL=2500 SQUARE_CORNER_VELOCITY=9
G1 X105.671 Y148.625 F21000
SET_VELOCITY_LIMIT ACCEL=3000 ACCEL_TO_DECEL=1500 SQUARE_CORNER_VELOCITY=7
G1 F2325
G1 X105.671 Y150.375 E.05627
G1 X103.125 Y150.375 E.08188
G1 X103.125 Y148.625 E.05627
G1 X105.631 Y148.625 E.0806
G1 X106.096 Y148.2 F21000
;TYPE:Outer wall
;WIDTH:0.4
G1 F2325
G1 X106.096 Y150.8 E.07334
G1 X102.7 Y150.8 E.0958
G1 X102.7 Y148.2 E.07334
G1 X106.056 Y148.2 E.09467
SET_VELOCITY_LIMIT ACCEL=5000 ACCEL_TO_DECEL=2500 SQUARE_CORNER_VELOCITY=9
G1 E-.68 F3600
;WIPE_START
G1 X106.072 Y149.2 E-.12
;WIPE_END
G1 X105.061 Y149.5 Z3 F21000
G1 Z2.6
G1 E.8 F2700
;TYPE:Gap infill
;WIDTH:0.571682
G1 F2325
G1 X103.736 Y149.5 E.05535
G1 E-.68 F3600
;WIPE_START
G1 F5972.243
G1 X104.736 Y149.5 E-.12
;WIPE_END
G1 X97.57 Y146.871 Z3 F21000
G1 X97.365 Y146.796 Z3
G1 Z2.6
G1 E.8 F2700
SET_VELOCITY_LIMIT ACCEL=3000 ACCEL_TO_DECEL=1500 SQUARE_CORNER_VELOCITY=7
;TYPE:Outer wall
;WIDTH:0.4
G1 F2325
G1 X97.012 Y146.734 E.0101
G1 X96.678 Y146.603 E.01012
G1 X96.377 Y146.408 E.01012
G1 X96.12 Y146.158 E.01012
G1 X95.918 Y145.861 E.01012
G1 X95.779 Y145.531 E.01012
G1 X95.708 Y145.179 E.01012
G1 X95.708 Y144.821 E.01012
G1 X95.779 Y144.469 E.01012
G1 X95.918 Y144.139 E.01012
G1 X96.12 Y143.842 E.01012
G1 X96.377 Y143.592 E.01012
G1 X96.676 Y143.399 E.01005
G1 X96.929 Y143.292 E.00773
G1 X97.276 Y143.213 E.01004
G1 X97.635 Y143.204 E.01012
G1 X97.988 Y143.266 E.01012
G1 X98.322 Y143.397 E.01012
G1 X98.623 Y143.592 E.01012
G1 X98.88 Y143.842 E.01012
G1 X99.082 Y144.139 E.01012
G1 X99.221 Y144.469 E.01012
G1 X99.292 Y144.818 E.01005
G1 X99.298 Y145.092 E.00773
G1 X99.245 Y145.444 E.01004
G1 X99.123 Y145.781 E.01012
G1 X98.936 Y146.087 E.01012
G1 X98.692 Y146.35 E.01012
G1 X98.401 Y146.56 E.01012
G1 X98.074 Y146.707 E.01012
G1 X97.724 Y146.787 E.01012
G1 X97.405 Y146.795 E.009
G1 X96.588 Y147.101 F21000
G1 F2325
G1 X96.475 Y147.059 E.00339
G1 X96.091 Y146.818 E.01279
G1 X95.762 Y146.506 E.01279
G1 X95.5 Y146.136 E.01279
G1 X95.316 Y145.721 E.01279
G1 X95.218 Y145.284 E.01265
G1 X95.207 Y144.829 E.01282
G1 X95.283 Y144.387 E.01266
G1 X95.447 Y143.964 E.01279
G1 X95.69 Y143.582 E.01279
G1 X96.003 Y143.254 E.01279
G1 X96.371 Y142.997 E.01266
G1 X96.776 Y142.818 E.01249
G1 X97.188 Y142.722 E.01192
G1 X97.607 Y142.703 E.01185
G1 X98.052 Y142.768 E.01268
G1 X98.475 Y142.918 E.01266
G1 X98.861 Y143.147 E.01266
G1 X99.199 Y143.45 E.0128
G1 X99.467 Y143.808 E.01261
G1 X99.663 Y144.219 E.01283
G1 X99.774 Y144.66 E.01283
G1 X99.797 Y145.114 E.01283
G1 X99.73 Y145.564 E.01283
G1 X99.575 Y145.992 E.01283
G1 X99.339 Y146.38 E.01283
G1 X99.031 Y146.716 E.01285
G1 X98.663 Y146.984 E.01285
G1 X98.249 Y147.174 E.01285
G1 X97.806 Y147.279 E.01285
G1 X97.35 Y147.295 E.01285
G1 X96.901 Y147.22 E.01285
G1 X96.625 Y147.116 E.00832
SET_VELOCITY_LIMIT ACCEL=5000 ACCEL_TO_DECEL=2500 SQUARE_CORNER_VELOCITY=9
G1 X96.716 Y146.883 F21000
;TYPE:Gap infill
;WIDTH:0.117289
G1 F2325
G1 X96.948 Y146.974 E.00147
G1 X97.35 Y147.044 E.0024
G1 X97.758 Y147.034 E.0024
G1 X98.156 Y146.942 E.0024
G1 X98.528 Y146.774 E.0024
G1 X98.859 Y146.535 E.0024
G1 X99.137 Y146.235 E.0024
G1 X99.349 Y145.886 E.0024
G1 X99.488 Y145.503 E.0024
G1 X99.548 Y145.105 E.00236
G1 X99.524 Y144.697 E.0024
G1 X99.425 Y144.304 E.00238
G1 X99.251 Y143.939 E.00238
G1 X99.016 Y143.624 E.0023
G1 X98.712 Y143.351 E.00241
G1 X98.368 Y143.146 E.00235
G1 X97.992 Y143.013 E.00235
G1 X97.65 Y142.958 E.00203
G1 X97.242 Y142.967 E.0024
G1 X96.855 Y143.054 E.00233
G1 X96.49 Y143.219 E.00235
G1 X96.167 Y143.445 E.00232
G1 X95.888 Y143.737 E.00237
G1 X95.671 Y144.078 E.00237
G1 X95.542 Y144.4 E.00204
G1 X95.462 Y144.793 E.00236
G1 X95.462 Y145.207 E.00244
G1 X95.543 Y145.607 E.0024
G1 X95.702 Y145.983 E.0024
G1 X95.932 Y146.32 E.0024
G1 X96.225 Y146.604 E.0024
G1 X96.568 Y146.825 E.0024
G1 X96.679 Y146.869 E.0007
; stop printing object vyper_electronics_cassette.stl id:0 copy 0
;LAYER_CHANGE
;Z:2.8
;HEIGHT:0.2
;BEFORE_LAYER_CHANGE
G92 E0
;2.8


G1 E-.68 F3600
;WIPE_START
G1 F7200
G1 X96.948 Y146.974 E-.03473
G1 X97.35 Y147.044 E-.04898
G1 X97.653 Y147.036 E-.03628
;WIPE_END
EXCLUDE_OBJECT_END NAME=vyper_electronics_cassette.stl_id_0_copy_0
;AFTER_LAYER_CHANGE
;2.8
;_SET_FAN_SPEED_CHANGING_LAYER
; printing object vyper_electronics_cassette.stl id:0 copy 0
EXCLUDE_OBJECT_START NAME=vyper_electronics_cassette.stl_id_0_copy_0
G1 X97.591 Y139.404 Z3.2 F21000
G1 X97.127 Y81.534 Z3.2
G1 Z2.8
G1 E.8 F2700
SET_VELOCITY_LIMIT ACCEL=1500 ACCEL_TO_DECEL=750
;TYPE:Overhang wall
;WIDTH:0.382146
G1 F1500
M106 S229
G1 X97.03 Y81.451 E.00344
G1 X96.951 Y81.35 E.00344
G1 X96.893 Y81.236 E.00344
G1 X96.858 Y81.112 E.00344
G1 X96.849 Y80.984 E.00344
G1 X96.864 Y80.857 E.00344
G1 X96.905 Y80.735 E.00344
G1 X96.968 Y80.623 E.00344
G1 X97.053 Y80.526 E.00344
G1 X97.154 Y80.448 E.00344
G1 X97.269 Y80.391 E.00344
G1 X97.394 Y80.357 E.00346
G1 X97.587 Y80.354 E.00517
G1 X97.713 Y80.384 E.00346
G1 X97.83 Y80.438 E.00345
G1 X97.934 Y80.514 E.00346
G1 X98.021 Y80.609 E.00346
G1 X98.088 Y80.719 E.00345
G1 X98.132 Y80.84 E.00345
G1 X98.151 Y80.968 E.00345
G1 X98.144 Y81.096 E.00345
G1 X98.113 Y81.221 E.00345
G1 X98.046 Y81.354 E.00398
G1 X97.931 Y81.48 E.00457
G1 X97.83 Y81.554 E.00337
G1 X97.716 Y81.608 E.00337
G1 X97.593 Y81.638 E.00341
G1 X97.354 Y81.629 E.00641
G1 X97.204 Y81.58 E.00421
G1 X97.162 Y81.555 E.00132
SET_VELOCITY_LIMIT SQUARE_CORNER_VELOCITY=7
G1 X96.812 Y81.805 F21000
SET_VELOCITY_LIMIT SQUARE_CORNER_VELOCITY=9
G1 F1500
G1 X96.667 Y81.654 E.00559
G1 X96.555 Y81.478 E.00559
G1 X96.48 Y81.284 E.00559
G1 X96.444 Y81.078 E.00559
G1 X96.449 Y80.87 E.00559
G1 X96.495 Y80.666 E.00559
G1 X96.58 Y80.476 E.00559
G1 X96.701 Y80.305 E.00559
G1 X96.852 Y80.162 E.00559
G1 X97.029 Y80.051 E.00559
G1 X97.225 Y79.977 E.00561
G1 X97.432 Y79.943 E.00562
G1 X97.641 Y79.95 E.00562
G1 X97.943 Y80.038 E.00841
G1 X98.124 Y80.144 E.00562
G1 X98.28 Y80.284 E.00562
G1 X98.406 Y80.451 E.00562
G1 X98.496 Y80.64 E.00561
G1 X98.547 Y80.843 E.00561
G1 X98.558 Y81.052 E.00561
G1 X98.527 Y81.259 E.00561
G1 X98.456 Y81.456 E.00561
G1 X98.367 Y81.607 E.00468
G1 X98.204 Y81.784 E.00644
G1 X98.039 Y81.906 E.00551
G1 X97.853 Y81.993 E.0055
G1 X97.653 Y82.043 E.00554
G1 X97.448 Y82.053 E.00548
G1 X97.261 Y82.027 E.00507
G1 X96.983 Y81.924 E.00795
G1 X96.844 Y81.828 E.00452
SET_VELOCITY_LIMIT ACCEL=5000 ACCEL_TO_DECEL=2500
G1 X96.561 Y82.124 F21000
SET_VELOCITY_LIMIT ACCEL=3000 ACCEL_TO_DECEL=1500 SQUARE_CORNER_VELOCITY=7
;TYPE:Inner wall
;WIDTH:0.45
G1 F1320
G1 X96.547 Y82.115 E.00054
G1 X96.347 Y81.906 E.0093
G1 X96.191 Y81.662 E.00931
G1 X96.087 Y81.393 E.00927
G1 X96.037 Y81.108 E.0093
G1 X96.044 Y80.82 E.00926
G1 X96.108 Y80.538 E.0093
G1 X96.226 Y80.274 E.0093
G1 X96.393 Y80.038 E.0093
G1 X96.603 Y79.84 E.00928
G1 X96.848 Y79.686 E.00931
G1 X97.119 Y79.584 E.00931
G1 X97.406 Y79.536 E.00936
G1 X97.696 Y79.546 E.00933
G1 X97.839 Y79.573 E.00468
G1 X98.113 Y79.668 E.00933
G1 X98.364 Y79.815 E.00935
G1 X98.58 Y80.008 E.00931
G1 X98.755 Y80.24 E.00934
G1 X98.879 Y80.502 E.00932
G1 X98.951 Y80.783 E.00933
G1 X98.965 Y81.073 E.00934
G1 X98.922 Y81.359 E.0093
G1 X98.823 Y81.632 E.00934
G1 X98.687 Y81.859 E.00851
G1 X98.478 Y82.088 E.00997
G1 X98.248 Y82.257 E.00918
G1 X97.99 Y82.378 E.00916
G1 X97.713 Y82.448 E.00919
G1 X97.431 Y82.462 E.00908
G1 X97.168 Y82.426 E.00854
G1 X96.894 Y82.335 E.00928
G1 X96.784 Y82.28 E.00395
G1 X96.594 Y82.147 E.00746
SET_VELOCITY_LIMIT ACCEL=5000 ACCEL_TO_DECEL=2500 SQUARE_CORNER_VELOCITY=9
G1 X96.329 Y82.457 F21000
SET_VELOCITY_LIMIT ACCEL=3000 ACCEL_TO_DECEL=1500 SQUARE_CORNER_VELOCITY=7
G1 F4800
M106 S125
G1 X96.282 Y82.424 E.00184
G1 X96.026 Y82.158 E.01187
G1 X95.828 Y81.847 E.01187
G1 X95.694 Y81.502 E.01187
G1 X95.631 Y81.139 E.01187
G1 X95.64 Y80.769 E.01187
G1 X95.721 Y80.409 E.01187
G1 X95.872 Y80.072 E.01187
G1 X96.085 Y79.771 E.01187
G1 X96.354 Y79.517 E.01187
G1 X96.666 Y79.321 E.01187
G1 X97.013 Y79.19 E.01192
G1 X97.379 Y79.13 E.01193
G1 X97.75 Y79.143 E.01193
G1 X97.933 Y79.176 E.00597
G1 X98.284 Y79.298 E.01193
G1 X98.604 Y79.485 E.01193
G1 X98.881 Y79.733 E.01193
G1 X99.103 Y80.029 E.01192
G1 X99.263 Y80.364 E.01191
G1 X99.354 Y80.723 E.01191
G1 X99.372 Y81.093 E.01191
G1 X99.317 Y81.459 E.01191
G1 X99.191 Y81.808 E.01191
G1 X99.008 Y82.112 E.01143
G1 X98.751 Y82.392 E.01222
G1 X98.457 Y82.609 E.01173
G1 X98.127 Y82.764 E.01173
G1 X97.773 Y82.852 E.01175
G1 X97.413 Y82.87 E.01158
G1 X97.076 Y82.824 E.01095
G1 X96.738 Y82.712 E.01142
G1 X96.585 Y82.636 E.00552
G1 X96.362 Y82.48 E.00875
G1 X96.087 Y82.804 F21000
;TYPE:Outer wall
;WIDTH:0.4
G1 F3600
G1 X96.005 Y82.748 E.0028
G1 X95.692 Y82.421 E.01278
G1 X95.448 Y82.039 E.01278
G1 X95.284 Y81.616 E.01278
G1 X95.207 Y81.17 E.01278
G1 X95.218 Y80.717 E.01278
G1 X95.317 Y80.275 E.01278
G1 X95.502 Y79.861 E.01278
G1 X95.764 Y79.492 E.01278
G1 X96.093 Y79.181 E.01278
G1 X96.477 Y78.94 E.01278
G1 X96.903 Y78.779 E.01283
G1 X97.352 Y78.705 E.01284
G1 X97.807 Y78.721 E.01285
G1 X98.031 Y78.762 E.00643
G1 X98.462 Y78.911 E.01284
G1 X98.854 Y79.141 E.01285
G1 X99.194 Y79.445 E.01284
G1 X99.467 Y79.809 E.01283
G1 X99.663 Y80.219 E.01282
G1 X99.774 Y80.66 E.01282
G1 X99.797 Y81.114 E.01282
G1 X99.73 Y81.563 E.01282
G1 X99.575 Y81.991 E.01282
G1 X99.343 Y82.376 E.01269
G1 X99.037 Y82.71 E.01278
G1 X98.676 Y82.976 E.01264
G1 X98.27 Y83.166 E.01264
G1 X97.835 Y83.274 E.01264
G1 X97.394 Y83.297 E.01245
G1 X96.979 Y83.239 E.01183
G1 X96.576 Y83.106 E.01196
G1 X96.377 Y83.007 E.00628
G1 X96.119 Y82.827 E.00886
SET_VELOCITY_LIMIT ACCEL=5000 ACCEL_TO_DECEL=2500 SQUARE_CORNER_VELOCITY=9
G1 E-.68
;WIPE_START
G1 X96.005 Y82.748 E-.01669
G1 X95.692 Y82.421 E-.05437
G1 X95.472 Y82.077 E-.04894
;WIPE_END
G1 X97.98 Y81.221 Z3.2 F21000
G1 Z2.8
G1 E.8 F2700
SET_VELOCITY_LIMIT ACCEL=1500 ACCEL_TO_DECEL=750
;TYPE:Bridge
;WIDTH:0.382146
G1 F1500
M106 S229
G1 X97.173 Y81.19 E.02164
G1 X97.127 Y81.065 E.00356
G1 X97.121 Y80.991 E.002
G1 X97.153 Y80.849 E.00388
G1 X98.018 Y80.882 E.0232
SET_VELOCITY_LIMIT ACCEL=5000 ACCEL_TO_DECEL=2500
G1 E-.68 F3600
;WIPE_START
G1 F1500
G1 X97.153 Y80.849 E-.10388
G1 X97.124 Y80.98 E-.01612
;WIPE_END
G1 X104.755 Y81.102 Z3.2 F21000
G1 X127.94 Y81.472 Z3.2
G1 Z2.8
G1 E.8 F2700
SET_VELOCITY_LIMIT ACCEL=1500 ACCEL_TO_DECEL=750
;TYPE:Overhang wall
G1 F1500
G1 X127.84 Y81.549 E.00337
G1 X127.693 Y81.622 E.00441
G1 X127.473 Y81.645 E.00592
G1 X127.344 Y81.626 E.00348
G1 X127.226 Y81.584 E.00337
G1 X127.118 Y81.519 E.00337
G1 X126.99 Y81.405 E.00458
G1 X126.887 Y81.221 E.00565
M73 P23 R10
G1 X126.856 Y81.096 E.00345
G1 X126.849 Y80.968 E.00345
G1 X126.868 Y80.84 E.00345
G1 X126.912 Y80.719 E.00345
G1 X126.979 Y80.609 E.00345
G1 X127.066 Y80.514 E.00346
G1 X127.17 Y80.438 E.00346
G1 X127.287 Y80.384 E.00345
G1 X127.413 Y80.354 E.00346
G1 X127.542 Y80.35 E.00346
G1 X127.749 Y80.398 E.00569
G1 X127.892 Y80.488 E.00452
G1 X127.983 Y80.572 E.00333
G1 X128.056 Y80.673 E.00334
G1 X128.109 Y80.786 E.00333
G1 X128.138 Y80.907 E.00333
G1 X128.144 Y81.031 E.00334
G1 X128.126 Y81.154 E.00333
G1 X128.085 Y81.272 E.00334
G1 X128.022 Y81.379 E.00333
G1 X127.966 Y81.442 E.00226
SET_VELOCITY_LIMIT SQUARE_CORNER_VELOCITY=7
G1 X128.218 Y81.772 F21000
SET_VELOCITY_LIMIT SQUARE_CORNER_VELOCITY=9
G1 F1500
G1 X128.056 Y81.896 E.00547
G1 X127.845 Y82.001 E.00632
G1 X127.662 Y82.044 E.00504
G1 X127.452 Y82.053 E.00563
G1 X127.245 Y82.023 E.00559
G1 X127.052 Y81.954 E.00551
G1 X126.875 Y81.849 E.0055
G1 X126.696 Y81.688 E.00645
G1 X126.594 Y81.549 E.00463
G1 X126.504 Y81.36 E.00561
G1 X126.453 Y81.157 E.00561
G1 X126.442 Y80.948 E.00561
G1 X126.473 Y80.741 E.00561
G1 X126.544 Y80.544 E.00561
G1 X126.653 Y80.365 E.00561
G1 X126.795 Y80.21 E.00562
G1 X126.964 Y80.087 E.00562
G1 X127.155 Y79.999 E.00562
G1 X127.359 Y79.95 E.00562
G1 X127.568 Y79.943 E.00562
G1 X127.775 Y79.977 E.00562
G1 X127.938 Y80.037 E.00466
G1 X128.14 Y80.163 E.00638
G1 X128.289 Y80.301 E.00545
G1 X128.409 Y80.466 E.00545
G1 X128.494 Y80.65 E.00545
G1 X128.543 Y80.848 E.00545
G1 X128.553 Y81.051 E.00545
G1 X128.524 Y81.252 E.00545
G1 X128.456 Y81.444 E.00545
G1 X128.353 Y81.619 E.00545
G1 X128.245 Y81.742 E.00438
SET_VELOCITY_LIMIT ACCEL=5000 ACCEL_TO_DECEL=2500
G1 X128.497 Y82.071 F21000
SET_VELOCITY_LIMIT ACCEL=3000 ACCEL_TO_DECEL=1500 SQUARE_CORNER_VELOCITY=7
;TYPE:Inner wall
;WIDTH:0.45
G1 F1320
G1 X128.272 Y82.243 E.00911
G1 X128 Y82.378 E.00976
G1 X127.713 Y82.449 E.00951
G1 X127.431 Y82.462 E.00908
M73 P23 R9
G1 X127.147 Y82.42 E.00923
G1 X126.878 Y82.324 E.00918
G1 X126.633 Y82.178 E.00917
G1 X126.402 Y81.971 E.00997
G1 X126.245 Y81.76 E.00846
G1 X126.121 Y81.498 E.00932
G1 X126.049 Y81.217 E.00933
G1 X126.035 Y80.927 E.00934
G1 X126.078 Y80.641 E.0093
G1 X126.177 Y80.368 E.00934
G1 X126.327 Y80.12 E.00932
G1 X126.523 Y79.906 E.00933
G1 X126.758 Y79.735 E.00935
G1 X127.022 Y79.614 E.00934
G1 X127.304 Y79.546 E.00933
G1 X127.594 Y79.536 E.00933
G1 X127.881 Y79.584 E.00936
G1 X128.128 Y79.676 E.00848
G1 X128.389 Y79.838 E.00988
G1 X128.596 Y80.03 E.00908
G1 X128.761 Y80.259 E.00908
G1 X128.88 Y80.515 E.00908
G1 X128.948 Y80.789 E.00908
G1 X128.961 Y81.071 E.00908
G1 X128.921 Y81.35 E.00906
G1 X128.827 Y81.616 E.00907
G1 X128.684 Y81.86 E.00909
G1 F1200
G1 X128.523 Y82.041 E.00779
SET_VELOCITY_LIMIT ACCEL=5000 ACCEL_TO_DECEL=2500 SQUARE_CORNER_VELOCITY=9
G1 X128.776 Y82.37 F21000
SET_VELOCITY_LIMIT ACCEL=3000 ACCEL_TO_DECEL=1500 SQUARE_CORNER_VELOCITY=7
G1 F4800
M106 S125
G1 X128.488 Y82.59 E.01163
G1 X128.156 Y82.755 E.01195
G1 X127.764 Y82.854 E.013
G1 X127.41 Y82.87 E.01138
G1 X127.048 Y82.817 E.01178
G1 X126.704 Y82.694 E.01173
G1 X126.39 Y82.508 E.01173
G1 X126.108 Y82.254 E.01223
G1 X125.897 Y81.971 E.01134
G1 X125.737 Y81.636 E.01191
G1 X125.646 Y81.277 E.01191
G1 X125.628 Y80.907 E.01191
G1 X125.683 Y80.541 E.01191
G1 X125.809 Y80.192 E.01191
G1 X126.001 Y79.875 E.01191
G1 X126.252 Y79.602 E.01194
G1 X126.552 Y79.383 E.01193
G1 X126.889 Y79.228 E.01193
G1 X127.25 Y79.143 E.01194
G1 X127.621 Y79.13 E.01193
G1 X127.987 Y79.19 E.01193
G1 X128.318 Y79.314 E.01138
G1 X128.637 Y79.513 E.0121
G1 X128.902 Y79.759 E.01161
G1 X129.114 Y80.051 E.01161
G1 X129.266 Y80.379 E.01161
G1 X129.352 Y80.73 E.01161
G1 X129.37 Y81.09 E.01161
G1 X129.318 Y81.448 E.01161
G1 X129.198 Y81.788 E.01161
G1 X129.015 Y82.1 E.01161
G1 X128.802 Y82.34 E.01033
G1 X129.041 Y82.703 F21000
;TYPE:Outer wall
;WIDTH:0.4
G1 F3600
G1 X128.714 Y82.952 E.0116
G1 X128.318 Y83.149 E.01248
G1 X128.125 Y83.213 E.00572
G1 X127.817 Y83.277 E.00889
G1 X127.388 Y83.296 E.0121
G1 X126.945 Y83.231 E.01265
G1 X126.522 Y83.081 E.01264
G1 X126.137 Y82.852 E.01264
G1 X125.8 Y82.549 E.01278
G1 X125.533 Y82.191 E.0126
G1 X125.337 Y81.781 E.01282
G1 X125.226 Y81.34 E.01282
G1 X125.203 Y80.886 E.01282
G1 X125.27 Y80.437 E.01282
G1 X125.425 Y80.009 E.01282
G1 X125.66 Y79.62 E.01282
G1 X125.968 Y79.285 E.01285
G1 X126.336 Y79.016 E.01285
G1 X126.75 Y78.826 E.01284
G1 X127.193 Y78.721 E.01285
G1 X127.648 Y78.705 E.01285
G1 X128.097 Y78.779 E.01284
G1 X128.516 Y78.937 E.01263
G1 X128.897 Y79.174 E.01265
G1 X129.222 Y79.476 E.01251
G1 X129.482 Y79.835 E.01251
G1 X129.669 Y80.237 E.01251
G1 X129.775 Y80.668 E.01251
G1 X129.796 Y81.111 E.01251
G1 X129.732 Y81.55 E.01251
G1 X129.585 Y81.968 E.01251
G1 X129.36 Y82.351 E.01251
G1 X129.072 Y82.677 E.0123
SET_VELOCITY_LIMIT ACCEL=5000 ACCEL_TO_DECEL=2500 SQUARE_CORNER_VELOCITY=9
G1 E-.68
;WIPE_START
G1 X128.714 Y82.952 E-.05412
G1 X128.318 Y83.149 E-.0531
G1 X128.217 Y83.183 E-.01278
;WIPE_END
G1 X127.862 Y81.381 Z3.2 F21000
G1 Z2.8
G1 E.8 F2700
SET_VELOCITY_LIMIT ACCEL=1500 ACCEL_TO_DECEL=750
;TYPE:Bridge
;WIDTH:0.382146
G1 F1500
M106 S229
G1 X127.193 Y80.78 E.0241
G1 X127.308 Y80.673 E.00422
G1 X127.449 Y80.625 E.004
G1 X127.528 Y80.625 E.0021
G1 X128.019 Y81.067 E.0177
SET_VELOCITY_LIMIT ACCEL=5000 ACCEL_TO_DECEL=2500
G1 E-.68 F3600
;WIPE_START
G1 F1500
G1 X127.528 Y80.625 E-.07927
G1 X127.449 Y80.625 E-.00941
G1 X127.308 Y80.673 E-.01791
G1 X127.226 Y80.749 E-.01341
;WIPE_END
G1 X127.306 Y88.381 Z3.2 F21000
G1 X127.892 Y144.488 Z3.2
G1 Z2.8
G1 E.8 F2700
SET_VELOCITY_LIMIT ACCEL=1500 ACCEL_TO_DECEL=750
;TYPE:Overhang wall
G1 F1500
G1 X127.983 Y144.572 E.00333
G1 X128.056 Y144.673 E.00334
G1 X128.109 Y144.786 E.00333
G1 X128.138 Y144.907 E.00333
G1 X128.144 Y145.031 E.00334
G1 X128.126 Y145.154 E.00333
G1 X128.085 Y145.272 E.00333
G1 X128.022 Y145.379 E.00333
G1 X127.841 Y145.547 E.00662
G1 X127.689 Y145.623 E.00456
G1 X127.606 Y145.643 E.00227
G1 X127.477 Y145.651 E.00346
G1 X127.35 Y145.634 E.00346
G1 X127.228 Y145.592 E.00346
G1 X127.116 Y145.527 E.00346
G1 X127.02 Y145.441 E.00346
G1 X126.943 Y145.337 E.00345
G1 X126.887 Y145.221 E.00345
G1 X126.856 Y145.096 E.00345
G1 X126.849 Y144.968 E.00345
G1 X126.868 Y144.84 E.00345
G1 X126.954 Y144.646 E.00569
G1 X127.069 Y144.52 E.00457
G1 X127.17 Y144.446 E.00337
G1 X127.284 Y144.392 E.00337
G1 X127.407 Y144.362 E.00341
G1 X127.573 Y144.353 E.00443
G1 X127.654 Y144.37 E.00223
G1 X127.783 Y144.42 E.00371
G1 X127.858 Y144.466 E.00236
SET_VELOCITY_LIMIT SQUARE_CORNER_VELOCITY=7
G1 X128.14 Y144.163 F21000
SET_VELOCITY_LIMIT SQUARE_CORNER_VELOCITY=9
G1 F1500
G1 X128.289 Y144.301 E.00545
G1 X128.409 Y144.466 E.00545
G1 X128.494 Y144.65 E.00545
G1 X128.543 Y144.848 E.00545
G1 X128.553 Y145.051 E.00545
G1 X128.524 Y145.252 E.00545
G1 X128.456 Y145.444 E.00545
G1 X128.353 Y145.619 E.00545
G1 X128.218 Y145.772 E.00545
G1 X128.057 Y145.895 E.00544
G1 X127.842 Y146.001 E.00642
G1 X127.568 Y146.057 E.0075
G1 X127.359 Y146.05 E.00562
G1 X127.155 Y146.001 E.00562
G1 X126.964 Y145.913 E.00562
G1 X126.795 Y145.79 E.00562
G1 X126.653 Y145.635 E.00562
G1 X126.544 Y145.456 E.00561
G1 X126.473 Y145.259 E.00561
G1 X126.442 Y145.052 E.00561
G1 X126.453 Y144.843 E.00561
G1 X126.504 Y144.64 E.00561
G1 X126.594 Y144.451 E.00561
G1 X126.796 Y144.216 E.0083
G1 X126.961 Y144.094 E.00551
G1 X127.147 Y144.007 E.0055
G1 X127.347 Y143.957 E.00554
G1 X127.628 Y143.949 E.00754
G1 X127.769 Y143.979 E.00386
G1 X127.965 Y144.054 E.00563
G1 X128.107 Y144.142 E.00445
SET_VELOCITY_LIMIT ACCEL=5000 ACCEL_TO_DECEL=2500
G1 X128.389 Y143.838 F21000
SET_VELOCITY_LIMIT ACCEL=3000 ACCEL_TO_DECEL=1500 SQUARE_CORNER_VELOCITY=7
;TYPE:Inner wall
;WIDTH:0.45
G1 F1260
G1 X128.596 Y144.03 E.00908
G1 X128.761 Y144.259 E.00908
G1 X128.88 Y144.515 E.00908
G1 X128.948 Y144.789 E.00908
G1 X128.961 Y145.071 E.00908
G1 X128.921 Y145.35 E.00906
G1 X128.827 Y145.616 E.00907
G1 X128.684 Y145.86 E.00909
G1 X128.497 Y146.071 E.00907
G1 X128.273 Y146.242 E.00906
G1 X127.996 Y146.379 E.00994
G1 X127.881 Y146.416 E.00388
G1 F1380
G1 X127.594 Y146.464 E.00936
G1 X127.304 Y146.454 E.00933
G1 X127.022 Y146.386 E.00933
G1 X126.758 Y146.265 E.00934
G1 X126.523 Y146.094 E.00935
G1 X126.327 Y145.88 E.00933
G1 X126.176 Y145.632 E.00934
G1 X126.078 Y145.359 E.00933
G1 X126.035 Y145.073 E.0093
G1 X126.049 Y144.783 E.00934
G1 X126.121 Y144.502 E.00933
G1 X126.245 Y144.24 E.00932
G1 X126.313 Y144.141 E.00386
G1 X126.522 Y143.912 E.00997
G1 X126.752 Y143.743 E.00918
G1 F1260
G1 X127.01 Y143.622 E.00916
G1 X127.287 Y143.552 E.00919
G1 X127.689 Y143.546 E.01293
G1 X127.885 Y143.587 E.00644
G1 X128.148 Y143.688 E.00906
G1 X128.355 Y143.817 E.00784
SET_VELOCITY_LIMIT ACCEL=5000 ACCEL_TO_DECEL=2500 SQUARE_CORNER_VELOCITY=9
G1 X128.664 Y143.538 F21000
SET_VELOCITY_LIMIT ACCEL=3000 ACCEL_TO_DECEL=1500 SQUARE_CORNER_VELOCITY=7
G1 F4800
M106 S125
G1 X128.902 Y143.759 E.01045
G1 X129.114 Y144.051 E.01161
G1 X129.266 Y144.379 E.01161
G1 X129.352 Y144.73 E.01161
G1 X129.37 Y145.09 E.01161
G1 X129.318 Y145.448 E.01161
G1 X129.198 Y145.788 E.01161
G1 X129.015 Y146.1 E.01161
G1 X128.776 Y146.37 E.01161
G1 X128.489 Y146.59 E.01161
G1 X128.149 Y146.757 E.01218
G1 X127.987 Y146.81 E.00549
G1 X127.621 Y146.87 E.01193
G1 X127.25 Y146.857 E.01193
G1 X126.889 Y146.772 E.01193
G1 X126.552 Y146.617 E.01193
G1 X126.252 Y146.398 E.01193
G1 X126.001 Y146.125 E.01193
G1 X125.809 Y145.808 E.01191
G1 X125.683 Y145.459 E.01191
G1 X125.628 Y145.093 E.01191
G1 X125.646 Y144.723 E.01191
G1 X125.737 Y144.364 E.01191
G1 X125.897 Y144.029 E.01191
G1 X125.992 Y143.888 E.00548
G1 X126.249 Y143.608 E.01222
G1 X126.543 Y143.391 E.01173
G1 X126.873 Y143.236 E.01173
G1 X127.227 Y143.148 E.01175
G1 X127.601 Y143.129 E.01204
G1 X127.749 Y143.143 E.00477
G1 X128 Y143.195 E.00824
G1 X128.33 Y143.322 E.01136
G1 X128.634 Y143.511 E.01153
G1 X128.954 Y143.227 F21000
;TYPE:Outer wall
;WIDTH:0.4
G1 F3600
G1 X129.222 Y143.476 E.01033
G1 X129.482 Y143.835 E.01251
G1 X129.669 Y144.237 E.01251
G1 X129.775 Y144.668 E.01251
G1 X129.796 Y145.111 E.01251
G1 X129.732 Y145.55 E.01251
G1 X129.585 Y145.968 E.01251
G1 X129.36 Y146.351 E.01251
G1 X129.067 Y146.683 E.01251
G1 X128.714 Y146.952 E.01251
G1 X128.31 Y147.152 E.01273
G1 X128.097 Y147.221 E.0063
G1 X127.648 Y147.295 E.01285
G1 X127.193 Y147.279 E.01285
G1 X126.75 Y147.174 E.01285
G1 X126.336 Y146.984 E.01284
G1 X125.968 Y146.715 E.01285
G1 X125.66 Y146.38 E.01285
G1 X125.425 Y145.991 E.01282
G1 X125.27 Y145.563 E.01282
G1 X125.203 Y145.114 E.01282
G1 X125.226 Y144.66 E.01282
G1 X125.27 Y144.437 E.00642
G1 X125.425 Y144.009 E.01282
G1 X125.657 Y143.624 E.01269
G1 X125.963 Y143.29 E.01278
G1 X126.324 Y143.024 E.01264
G1 X126.73 Y142.834 E.01264
G1 X127.165 Y142.726 E.01264
G1 X127.61 Y142.703 E.01258
G1 X127.812 Y142.722 E.00572
G1 X128.121 Y142.786 E.00889
G1 X128.52 Y142.94 E.01207
G1 X128.897 Y143.174 E.01252
G1 X128.924 Y143.2 E.00106
SET_VELOCITY_LIMIT ACCEL=5000 ACCEL_TO_DECEL=2500 SQUARE_CORNER_VELOCITY=9
G1 E-.68
;WIPE_START
G1 X129.222 Y143.476 E-.04873
G1 X129.482 Y143.835 E-.05322
G1 X129.545 Y143.972 E-.01805
;WIPE_END
G1 X127.175 Y145.42 Z3.2 F21000
G1 Z2.8
G1 E.8 F2700
SET_VELOCITY_LIMIT ACCEL=1500 ACCEL_TO_DECEL=750
;TYPE:Bridge
;WIDTH:0.382146
G1 F1500
M106 S229
G1 X127.821 Y144.811 E.02378
G1 X127.726 Y144.704 E.00383
G1 X127.662 Y144.664 E.00204
G1 X127.529 Y144.627 E.00369
G1 X126.987 Y145.132 E.01984
SET_VELOCITY_LIMIT ACCEL=5000 ACCEL_TO_DECEL=2500
G1 E-.68 F3600
;WIPE_START
G1 F1500
G1 X127.529 Y144.627 E-.08887
G1 X127.662 Y144.664 E-.01653
G1 X127.726 Y144.704 E-.00912
G1 X127.757 Y144.738 E-.00548
;WIPE_END
G1 X121.468 Y149.032 Z3.2 F21000
G1 Z2.8
G1 E.8 F2700
SET_VELOCITY_LIMIT ACCEL=3000 ACCEL_TO_DECEL=1500 SQUARE_CORNER_VELOCITY=7
;TYPE:Inner wall
;WIDTH:0.45
G1 F4800
M106 S125
G1 X121.468 Y149.968 E.03009
G1 X119.906 Y149.968 E.05022
G1 X119.906 Y149.032 E.03009
G1 X121.428 Y149.032 E.04893
SET_VELOCITY_LIMIT ACCEL=5000 ACCEL_TO_DECEL=2500 SQUARE_CORNER_VELOCITY=9
G1 X121.875 Y148.625 F21000
SET_VELOCITY_LIMIT ACCEL=3000 ACCEL_TO_DECEL=1500 SQUARE_CORNER_VELOCITY=7
G1 F4800
G1 X121.875 Y150.375 E.05627
G1 X119.499 Y150.375 E.0764
G1 X119.499 Y148.625 E.05627
G1 X121.835 Y148.625 E.07511
G1 X122.3 Y148.2 F21000
;TYPE:Outer wall
;WIDTH:0.4
G1 F3600
G1 X122.3 Y150.8 E.07334
G1 X119.074 Y150.8 E.09099
G1 X119.074 Y148.2 E.07334
G1 X122.26 Y148.2 E.08986
SET_VELOCITY_LIMIT ACCEL=5000 ACCEL_TO_DECEL=2500 SQUARE_CORNER_VELOCITY=9
G1 E-.68
;WIPE_START
G1 X122.275 Y149.2 E-.12
;WIPE_END
G1 X121.264 Y149.5 Z3.2 F21000
G1 Z2.8
G1 E.8 F2700
;TYPE:Gap infill
;WIDTH:0.571682
G1 F5972.243
G1 X120.11 Y149.5 E.04823
G1 E-.68 F3600
;WIPE_START
G1 F5972.243
G1 X121.11 Y149.5 E-.12
;WIPE_END
G1 X113.484 Y149.182 Z3.2 F21000
G1 X109.906 Y149.032 Z3.2
G1 Z2.8
G1 E.8 F2700
SET_VELOCITY_LIMIT ACCEL=3000 ACCEL_TO_DECEL=1500 SQUARE_CORNER_VELOCITY=7
;TYPE:Inner wall
;WIDTH:0.45
G1 F4800
G1 X115.094 Y149.032 E.16681
G1 X115.094 Y149.968 E.03009
G1 X109.906 Y149.968 E.16681
G1 X109.906 Y149.072 E.02881
SET_VELOCITY_LIMIT ACCEL=5000 ACCEL_TO_DECEL=2500 SQUARE_CORNER_VELOCITY=9
G1 X109.499 Y148.625 F21000
SET_VELOCITY_LIMIT ACCEL=3000 ACCEL_TO_DECEL=1500 SQUARE_CORNER_VELOCITY=7
G1 F4800
G1 X115.501 Y148.625 E.19299
G1 X115.501 Y150.375 E.05627
G1 X109.499 Y150.375 E.19299
G1 X109.499 Y148.665 E.05499
G1 X109.074 Y148.2 F21000
;TYPE:Outer wall
;WIDTH:0.4
G1 F3600
G1 X115.926 Y148.2 E.19326
G1 X115.926 Y150.8 E.07334
G1 X109.074 Y150.8 E.19326
G1 X109.074 Y148.24 E.07221
SET_VELOCITY_LIMIT ACCEL=5000 ACCEL_TO_DECEL=2500 SQUARE_CORNER_VELOCITY=9
G1 E-.68
;WIPE_START
G1 X110.074 Y148.234 E-.12
;WIPE_END
G1 X110.11 Y149.5 Z3.2 F21000
G1 Z2.8
G1 E.8 F2700
;TYPE:Gap infill
;WIDTH:0.571682
G1 F5972.243
G1 X114.89 Y149.5 E.19967
G1 E-.68 F3600
;WIPE_START
G1 F5972.243
G1 X113.89 Y149.5 E-.12
;WIPE_END
G1 X106.269 Y149.095 Z3.2 F21000
G1 X105.094 Y149.032 Z3.2
G1 Z2.8
G1 E.8 F2700
SET_VELOCITY_LIMIT ACCEL=3000 ACCEL_TO_DECEL=1500 SQUARE_CORNER_VELOCITY=7
;TYPE:Inner wall
;WIDTH:0.45
G1 F4800
G1 X105.094 Y149.968 E.03009
G1 X103.532 Y149.968 E.05022
G1 X103.532 Y149.032 E.03009
G1 X105.054 Y149.032 E.04893
SET_VELOCITY_LIMIT ACCEL=5000 ACCEL_TO_DECEL=2500 SQUARE_CORNER_VELOCITY=9
G1 X105.501 Y148.625 F21000
SET_VELOCITY_LIMIT ACCEL=3000 ACCEL_TO_DECEL=1500 SQUARE_CORNER_VELOCITY=7
G1 F4800
G1 X105.501 Y150.375 E.05627
G1 X103.125 Y150.375 E.0764
G1 X103.125 Y148.625 E.05627
G1 X105.461 Y148.625 E.07511
G1 X105.926 Y148.2 F21000
;TYPE:Outer wall
;WIDTH:0.4
G1 F3600
G1 X105.926 Y150.8 E.07334
G1 X102.7 Y150.8 E.09099
G1 X102.7 Y148.2 E.07334
G1 X105.886 Y148.2 E.08986
SET_VELOCITY_LIMIT ACCEL=5000 ACCEL_TO_DECEL=2500 SQUARE_CORNER_VELOCITY=9
G1 E-.68
;WIPE_START
G1 X105.901 Y149.2 E-.12
;WIPE_END
G1 X104.89 Y149.5 Z3.2 F21000
G1 Z2.8
G1 E.8 F2700
;TYPE:Gap infill
;WIDTH:0.571682
G1 F5972.243
G1 X103.736 Y149.5 E.04823
G1 E-.68 F3600
;WIPE_START
G1 F5972.243
G1 X104.736 Y149.5 E-.12
;WIPE_END
G1 X97.965 Y145.976 Z3.2 F21000
G1 X97.21 Y145.583 Z3.2
G1 Z2.8
G1 E.8 F2700
SET_VELOCITY_LIMIT ACCEL=1500 ACCEL_TO_DECEL=750
;TYPE:Overhang wall
;WIDTH:0.382146
G1 F1500
M106 S229
G1 X97.101 Y145.515 E.00344
G1 X97.008 Y145.427 E.00344
M73 P24 R9
G1 X96.934 Y145.323 E.00344
G1 X96.882 Y145.205 E.00344
G1 X96.853 Y145.08 E.00344
G1 X96.85 Y144.952 E.00344
G1 X96.872 Y144.825 E.00344
G1 X96.919 Y144.706 E.00344
G1 X96.988 Y144.597 E.00344
G1 X97.146 Y144.454 E.00573
G1 X97.3 Y144.386 E.00451
G1 X97.41 Y144.36 E.00303
G1 X97.656 Y144.374 E.00659
G1 X97.774 Y144.416 E.00337
G1 X97.882 Y144.481 E.00337
G1 X98.01 Y144.595 E.00458
G1 X98.057 Y144.663 E.00222
G1 X98.113 Y144.779 E.00345
G1 X98.144 Y144.904 E.00345
G1 X98.151 Y145.032 E.00345
G1 X98.132 Y145.16 E.00345
G1 X98.088 Y145.281 E.00345
G1 X98.021 Y145.391 E.00345
G1 X97.934 Y145.486 E.00346
G1 X97.83 Y145.562 E.00346
G1 X97.713 Y145.616 E.00346
G1 X97.587 Y145.646 E.00346
G1 X97.458 Y145.65 E.00346
G1 X97.331 Y145.629 E.00346
G1 X97.248 Y145.598 E.00238
SET_VELOCITY_LIMIT SQUARE_CORNER_VELOCITY=7
G1 X97.029 Y145.949 F21000
SET_VELOCITY_LIMIT SQUARE_CORNER_VELOCITY=9
G1 F1500
G1 X96.852 Y145.838 E.00559
G1 X96.7 Y145.695 E.00559
G1 X96.58 Y145.524 E.00559
G1 X96.495 Y145.334 E.00559
G1 X96.449 Y145.13 E.00559
G1 X96.444 Y144.922 E.00559
G1 X96.48 Y144.716 E.00559
G1 X96.555 Y144.522 E.00559
G1 X96.667 Y144.346 E.00559
G1 X96.812 Y144.195 E.00559
G1 X96.955 Y144.093 E.00471
G1 X97.171 Y143.998 E.00632
G1 X97.355 Y143.955 E.00506
G1 X97.548 Y143.947 E.00519
G1 X97.755 Y143.977 E.00559
G1 X97.948 Y144.046 E.00551
G1 X98.125 Y144.151 E.0055
G1 X98.304 Y144.312 E.00645
G1 X98.406 Y144.451 E.00463
G1 X98.496 Y144.64 E.00561
G1 X98.547 Y144.843 E.00561
G1 X98.558 Y145.052 E.00561
G1 X98.527 Y145.259 E.00561
G1 X98.456 Y145.456 E.00561
G1 X98.347 Y145.635 E.00561
G1 X98.205 Y145.79 E.00562
G1 X98.036 Y145.913 E.00562
G1 X97.845 Y146.001 E.00562
G1 X97.641 Y146.05 E.00562
G1 X97.432 Y146.057 E.00562
G1 X97.225 Y146.023 E.00562
G1 X97.066 Y145.963 E.00454
SET_VELOCITY_LIMIT ACCEL=5000 ACCEL_TO_DECEL=2500
G1 X96.848 Y146.314 F21000
SET_VELOCITY_LIMIT ACCEL=3000 ACCEL_TO_DECEL=1500 SQUARE_CORNER_VELOCITY=7
;TYPE:Inner wall
;WIDTH:0.45
G1 F1380
G1 X96.603 Y146.16 E.00931
G1 X96.393 Y145.962 E.00928
G1 X96.226 Y145.726 E.0093
G1 X96.108 Y145.462 E.0093
G1 X96.044 Y145.18 E.0093
G1 X96.037 Y144.892 E.00926
G1 X96.087 Y144.607 E.0093
G1 X96.191 Y144.338 E.00927
G1 X96.347 Y144.094 E.00931
G1 X96.547 Y143.885 E.0093
G1 X96.764 Y143.733 E.00852
G1 F1260
G1 X97.041 Y143.61 E.00975
G1 X97.299 Y143.55 E.00852
G1 X97.569 Y143.538 E.00869
G1 X97.853 Y143.58 E.00923
G1 X98.122 Y143.676 E.00918
G1 X98.367 Y143.822 E.00917
G1 X98.598 Y144.029 E.00997
G1 X98.755 Y144.24 E.00846
G1 F1380
G1 X98.879 Y144.502 E.00932
G1 X98.951 Y144.783 E.00933
G1 X98.965 Y145.073 E.00934
G1 X98.922 Y145.359 E.0093
G1 X98.824 Y145.632 E.00933
G1 X98.673 Y145.88 E.00934
G1 X98.477 Y146.094 E.00933
G1 X98.242 Y146.265 E.00935
G1 X97.978 Y146.386 E.00934
G1 X97.696 Y146.454 E.00933
G1 X97.406 Y146.464 E.00933
G1 X97.119 Y146.416 E.00936
G1 X96.885 Y146.328 E.00804
SET_VELOCITY_LIMIT ACCEL=5000 ACCEL_TO_DECEL=2500 SQUARE_CORNER_VELOCITY=9
G1 X96.666 Y146.679 F21000
SET_VELOCITY_LIMIT ACCEL=3000 ACCEL_TO_DECEL=1500 SQUARE_CORNER_VELOCITY=7
G1 F4800
M106 S125
G1 X96.354 Y146.483 E.01187
G1 X96.085 Y146.229 E.01187
G1 X95.872 Y145.928 E.01187
G1 X95.721 Y145.591 E.01187
G1 X95.64 Y145.231 E.01187
G1 X95.631 Y144.861 E.01187
G1 X95.694 Y144.498 E.01187
G1 X95.828 Y144.153 E.01187
G1 X96.026 Y143.842 E.01187
G1 X96.282 Y143.576 E.01187
G1 X96.573 Y143.372 E.01141
G1 X96.912 Y143.222 E.01193
G1 X97.244 Y143.145 E.01095
G1 X97.59 Y143.13 E.01115
G1 X97.952 Y143.183 E.01178
G1 X98.296 Y143.306 E.01173
G1 X98.61 Y143.492 E.01173
G1 X98.892 Y143.746 E.01223
G1 X99.103 Y144.029 E.01134
G1 X99.263 Y144.364 E.01191
G1 X99.354 Y144.723 E.01191
G1 X99.372 Y145.093 E.01191
G1 X99.317 Y145.459 E.01191
G1 X99.191 Y145.808 E.01191
G1 X98.999 Y146.125 E.01191
G1 X98.748 Y146.398 E.01193
G1 X98.448 Y146.617 E.01193
G1 X98.111 Y146.772 E.01193
G1 X97.75 Y146.857 E.01193
G1 X97.379 Y146.87 E.01193
G1 X97.013 Y146.81 E.01193
G1 X96.704 Y146.693 E.01063
G1 X96.442 Y147.038 F21000
;TYPE:Outer wall
;WIDTH:0.4
G1 F3600
G1 X96.093 Y146.819 E.01161
G1 X95.764 Y146.508 E.01278
G1 X95.502 Y146.139 E.01278
G1 X95.317 Y145.725 E.01278
G1 X95.218 Y145.283 E.01278
G1 X95.207 Y144.83 E.01278
G1 X95.284 Y144.384 E.01278
G1 X95.448 Y143.961 E.01278
G1 X95.692 Y143.579 E.01278
G1 X96.005 Y143.252 E.01278
G1 X96.373 Y142.996 E.01265
G1 X96.777 Y142.818 E.01245
G1 X97.185 Y142.722 E.01183
G1 X97.612 Y142.704 E.01203
G1 X98.055 Y142.769 E.01265
G1 X98.478 Y142.919 E.01264
G1 X98.863 Y143.148 E.01264
G1 X99.2 Y143.451 E.01278
G1 X99.467 Y143.809 E.0126
G1 X99.663 Y144.219 E.01282
G1 X99.774 Y144.66 E.01282
G1 X99.797 Y145.114 E.01282
G1 X99.73 Y145.563 E.01282
G1 X99.575 Y145.991 E.01282
G1 X99.34 Y146.38 E.01282
G1 X99.032 Y146.715 E.01285
G1 X98.664 Y146.984 E.01285
G1 X98.25 Y147.174 E.01284
G1 X97.807 Y147.279 E.01285
G1 X97.352 Y147.295 E.01285
G1 X96.903 Y147.221 E.01285
G1 X96.477 Y147.06 E.01283
G1 X96.476 Y147.059 E.00004
SET_VELOCITY_LIMIT ACCEL=5000 ACCEL_TO_DECEL=2500 SQUARE_CORNER_VELOCITY=9
G1 E-.68
;WIPE_START
G1 X96.093 Y146.819 E-.05418
G1 X95.764 Y146.508 E-.05437
G1 X95.709 Y146.43 E-.01145
;WIPE_END
G1 X97.027 Y144.757 Z3.2 F21000
G1 Z2.8
G1 E.8 F2700
SET_VELOCITY_LIMIT ACCEL=1500 ACCEL_TO_DECEL=750
;TYPE:Bridge
;WIDTH:0.382146
G1 F1500
M106 S229
G1 X97.823 Y144.802 E.02137
G1 X97.856 Y144.871 E.00206
G1 X97.878 Y145.019 E.00399
G1 X97.849 Y145.143 E.00343
G1 X96.978 Y145.094 E.02337
; stop printing object vyper_electronics_cassette.stl id:0 copy 0
M106 S51
;LAYER_CHANGE
;Z:3
;HEIGHT:0.2
;BEFORE_LAYER_CHANGE
G92 E0
;3


G1 E-.68 F3600
;WIPE_START
G1 F1500
G1 X97.849 Y145.143 E-.10465
G1 X97.878 Y145.019 E-.01534
G1 X97.878 Y145.019 E-.00001
;WIPE_END
EXCLUDE_OBJECT_END NAME=vyper_electronics_cassette.stl_id_0_copy_0
;AFTER_LAYER_CHANGE
;3
;_SET_FAN_SPEED_CHANGING_LAYER
; printing object vyper_electronics_cassette.stl id:0 copy 0
SET_VELOCITY_LIMIT ACCEL=5000 ACCEL_TO_DECEL=2500
EXCLUDE_OBJECT_START NAME=vyper_electronics_cassette.stl_id_0_copy_0
G1 X105.431 Y143.919 Z3.4 F21000
G1 X128.7 Y140.532 Z3.4
G1 Z3
G1 E.8 F2700
SET_VELOCITY_LIMIT ACCEL=1500 ACCEL_TO_DECEL=750
;TYPE:Overhang wall
G1 F1500
M106 S229
G1 X129.532 Y140.532 E.0223
G1 X129.532 Y113.468 E.72522
G1 X95.468 Y113.468 E.9128
G1 X95.468 Y140.532 E.72522
G1 X128.66 Y140.532 E.88943
SET_VELOCITY_LIMIT SQUARE_CORNER_VELOCITY=7
G1 X128.7 Y140.125 F21000
SET_VELOCITY_LIMIT SQUARE_CORNER_VELOCITY=9
G1 F1500
G1 X129.125 Y140.125 E.01139
G1 X129.125 Y113.875 E.70341
G1 X95.875 Y113.875 E.89098
M73 P25 R9
G1 X95.875 Y140.125 E.70341
G1 X128.66 Y140.125 E.87852
SET_VELOCITY_LIMIT SQUARE_CORNER_VELOCITY=7
G1 X128.7 Y139.7 F21000
SET_VELOCITY_LIMIT SQUARE_CORNER_VELOCITY=9
G1 F1500
G1 X128.7 Y114.3 E.68063
G1 X96.3 Y114.3 E.8682
G1 X96.3 Y139.7 E.68063
G1 X128.66 Y139.7 E.86713
SET_VELOCITY_LIMIT ACCEL=5000 ACCEL_TO_DECEL=2500
G1 E-.68 F3600
M73 P26 R9
;WIPE_START
G1 F1500
G1 X128.662 Y138.7 E-.12
;WIPE_END
G1 X124.697 Y132.178 Z3.4 F21000
G1 X96.3 Y85.468 Z3.4
G1 Z3
G1 E.8 F2700
SET_VELOCITY_LIMIT ACCEL=1500 ACCEL_TO_DECEL=750
G1 F1500
G1 X95.468 Y85.468 E.0223
G1 X95.468 Y112.532 E.72522
G1 X129.532 Y112.532 E.9128
G1 X129.532 Y85.468 E.72522
G1 X96.34 Y85.468 E.88943
SET_VELOCITY_LIMIT SQUARE_CORNER_VELOCITY=7
G1 X96.3 Y85.875 F21000
SET_VELOCITY_LIMIT SQUARE_CORNER_VELOCITY=9
G1 F1500
G1 X95.875 Y85.875 E.01139
G1 X95.875 Y112.125 E.70341
G1 X129.125 Y112.125 E.89098
G1 X129.125 Y85.875 E.70341
M73 P27 R9
G1 X96.34 Y85.875 E.87852
SET_VELOCITY_LIMIT SQUARE_CORNER_VELOCITY=7
G1 X96.3 Y86.3 F21000
SET_VELOCITY_LIMIT SQUARE_CORNER_VELOCITY=9
G1 F1500
G1 X96.3 Y111.7 E.68063
G1 X128.7 Y111.7 E.8682
G1 X128.7 Y86.3 E.68063
G1 X96.34 Y86.3 E.86713
SET_VELOCITY_LIMIT ACCEL=5000 ACCEL_TO_DECEL=2500
G1 E-.68 F3600
M73 P28 R9
;WIPE_START
G1 F1500
G1 X96.338 Y87.3 E-.12
;WIPE_END
G1 X96.3 Y81.468 Z3.4 F21000
G1 Z3
G1 E.8 F2700
SET_VELOCITY_LIMIT ACCEL=3000 ACCEL_TO_DECEL=1500 SQUARE_CORNER_VELOCITY=7
;TYPE:Inner wall
;WIDTH:0.45
G1 F4800
M106 S51
G1 X95.468 Y81.468 E.02675
M106 S229
G1 F3000
G1 X95.468 Y82.456 E.03177
G1 F1140
G1 X95.468 Y82.778 E.01035
SET_VELOCITY_LIMIT ACCEL=1500 ACCEL_TO_DECEL=750 SQUARE_CORNER_VELOCITY=9
;TYPE:Overhang wall
;WIDTH:0.382146
G1 F1500
G1 X95.468 Y84.532 E.04701
G1 X129.532 Y84.532 E.9128
G1 X129.532 Y82.777 E.04702
SET_VELOCITY_LIMIT ACCEL=3000 ACCEL_TO_DECEL=1500 SQUARE_CORNER_VELOCITY=7
;TYPE:Inner wall
;WIDTH:0.45
G1 F1140
G1 X129.532 Y82.456 E.01032
M106 S51
G1 F3000
G1 X129.532 Y81.468 E.03177
G1 F4800
G1 X129.046 Y81.468 E.01563
G1 X125.945 Y81.468 E.09972
M106 S229
G1 F3000
G1 X125.045 Y81.468 E.02894
G1 F1140
G1 X124.842 Y81.468 E.00653
SET_VELOCITY_LIMIT ACCEL=1500 ACCEL_TO_DECEL=750 SQUARE_CORNER_VELOCITY=9
;TYPE:Overhang wall
;WIDTH:0.382146
G1 F1500
G1 X100.158 Y81.468 E.66142
SET_VELOCITY_LIMIT ACCEL=3000 ACCEL_TO_DECEL=1500 SQUARE_CORNER_VELOCITY=7
;TYPE:Inner wall
;WIDTH:0.45
G1 F1140
G1 X99.955 Y81.468 E.00653
M106 S51
G1 F3000
G1 X99.055 Y81.468 E.02894
G1 F4800
G1 X96.34 Y81.468 E.0873
SET_VELOCITY_LIMIT ACCEL=5000 ACCEL_TO_DECEL=2500 SQUARE_CORNER_VELOCITY=9
G1 X96.3 Y81.875 F21000
SET_VELOCITY_LIMIT ACCEL=3000 ACCEL_TO_DECEL=1500 SQUARE_CORNER_VELOCITY=7
G1 F4800
G1 X95.875 Y81.875 E.01367
M106 S229
G1 F3000
G1 X95.875 Y82.9 E.03296
G1 F1140
G1 X95.875 Y83.156 E.00823
SET_VELOCITY_LIMIT ACCEL=1500 ACCEL_TO_DECEL=750 SQUARE_CORNER_VELOCITY=9
;TYPE:Overhang wall
;WIDTH:0.382146
G1 F1500
G1 X95.875 Y84.125 E.02598
G1 X129.125 Y84.125 E.89098
G1 X129.125 Y83.156 E.02597
SET_VELOCITY_LIMIT ACCEL=3000 ACCEL_TO_DECEL=1500 SQUARE_CORNER_VELOCITY=7
;TYPE:Inner wall
;WIDTH:0.45
G1 F1140
G1 X129.125 Y82.899 E.00826
M106 S51
G1 F3000
G1 X129.125 Y81.875 E.03293
G1 F4800
G1 X128.879 Y81.875 E.00791
G1 X126.059 Y81.875 E.09068
M106 S229
G1 F3000
G1 X125.159 Y81.875 E.02894
G1 F1140
G1 X124.946 Y81.875 E.00685
SET_VELOCITY_LIMIT ACCEL=1500 ACCEL_TO_DECEL=750 SQUARE_CORNER_VELOCITY=9
;TYPE:Overhang wall
;WIDTH:0.382146
G1 F1500
G1 X100.054 Y81.875 E.66704
SET_VELOCITY_LIMIT ACCEL=3000 ACCEL_TO_DECEL=1500 SQUARE_CORNER_VELOCITY=7
;TYPE:Inner wall
;WIDTH:0.45
G1 F1140
G1 X99.841 Y81.875 E.00685
M106 S51
G1 F3000
G1 X98.941 Y81.875 E.02894
G1 F4800
G1 X96.34 Y81.875 E.08364
G1 X96.3 Y82.3 F21000
;TYPE:Outer wall
;WIDTH:0.4
G1 F3000
M106 S229
G1 X96.3 Y83.193 E.02519
G1 F1500
G1 X96.3 Y83.419 E.00637
SET_VELOCITY_LIMIT ACCEL=1500 ACCEL_TO_DECEL=750 SQUARE_CORNER_VELOCITY=9
;TYPE:Overhang wall
;WIDTH:0.382146
G1 X96.3 Y83.7 E.00754
G1 X97.498 Y83.7 E.03209
SET_VELOCITY_LIMIT ACCEL=3000 ACCEL_TO_DECEL=1500 SQUARE_CORNER_VELOCITY=7
;TYPE:Outer wall
;WIDTH:0.4
G1 X97.502 Y83.7 E.00011
SET_VELOCITY_LIMIT ACCEL=1500 ACCEL_TO_DECEL=750 SQUARE_CORNER_VELOCITY=9
;TYPE:Overhang wall
;WIDTH:0.382146
G1 X127.498 Y83.7 E.80376
SET_VELOCITY_LIMIT ACCEL=3000 ACCEL_TO_DECEL=1500 SQUARE_CORNER_VELOCITY=7
;TYPE:Outer wall
;WIDTH:0.4
G1 X127.502 Y83.7 E.00011
SET_VELOCITY_LIMIT ACCEL=1500 ACCEL_TO_DECEL=750 SQUARE_CORNER_VELOCITY=9
;TYPE:Overhang wall
;WIDTH:0.382146
G1 X128.7 Y83.7 E.03209
G1 X128.7 Y83.419 E.00754
SET_VELOCITY_LIMIT ACCEL=3000 ACCEL_TO_DECEL=1500 SQUARE_CORNER_VELOCITY=7
;TYPE:Outer wall
;WIDTH:0.4
G1 X128.7 Y83.193 E.00637
M106 S51
G1 F3000
G1 X128.7 Y82.3 E.02519
G1 F3600
G1 X126.165 Y82.3 E.0715
M106 S229
G1 F3000
G1 X125.365 Y82.3 E.02257
G1 F1500
G1 X125.134 Y82.3 E.00652
SET_VELOCITY_LIMIT ACCEL=1500 ACCEL_TO_DECEL=750 SQUARE_CORNER_VELOCITY=9
;TYPE:Overhang wall
;WIDTH:0.382146
G1 X99.866 Y82.3 E.67709
SET_VELOCITY_LIMIT ACCEL=3000 ACCEL_TO_DECEL=1500 SQUARE_CORNER_VELOCITY=7
;TYPE:Outer wall
;WIDTH:0.4
G1 X99.635 Y82.3 E.00652
M73 P29 R9
M106 S51
G1 F3000
G1 X98.835 Y82.3 E.02257
G1 F3600
G1 X96.34 Y82.3 E.07038
SET_VELOCITY_LIMIT ACCEL=5000 ACCEL_TO_DECEL=2500 SQUARE_CORNER_VELOCITY=9
G1 E-.68
;WIPE_START
G1 X96.304 Y83.299 E-.12
;WIPE_END
G1 X95.468 Y79.7 Z3.4 F21000
G1 Z3
G1 E.8 F2700
SET_VELOCITY_LIMIT ACCEL=3000 ACCEL_TO_DECEL=1500 SQUARE_CORNER_VELOCITY=7
;TYPE:Inner wall
;WIDTH:0.45
G1 F4380
G1 X95.468 Y80.532 E.02675
G1 F4800
G1 X95.954 Y80.532 E.01563
G1 X99.055 Y80.532 E.09972
M106 S229
G1 F3000
G1 X99.955 Y80.532 E.02894
G1 F1140
G1 X100.158 Y80.532 E.00653
SET_VELOCITY_LIMIT ACCEL=1500 ACCEL_TO_DECEL=750 SQUARE_CORNER_VELOCITY=9
;TYPE:Overhang wall
;WIDTH:0.382146
G1 F1500
G1 X124.842 Y80.532 E.66142
SET_VELOCITY_LIMIT ACCEL=3000 ACCEL_TO_DECEL=1500 SQUARE_CORNER_VELOCITY=7
;TYPE:Inner wall
;WIDTH:0.45
G1 F1140
G1 X125.045 Y80.532 E.00653
M106 S51
G1 F3000
G1 X125.945 Y80.532 E.02894
G1 F4800
G1 X129.046 Y80.532 E.09972
G1 X129.532 Y80.532 E.01563
M106 S229
G1 F3000
G1 X129.532 Y79.544 E.03177
G1 F1140
G1 X129.532 Y79.223 E.01032
SET_VELOCITY_LIMIT ACCEL=1500 ACCEL_TO_DECEL=750 SQUARE_CORNER_VELOCITY=9
;TYPE:Overhang wall
;WIDTH:0.382146
G1 F1500
G1 X129.532 Y75.968 E.08721
G1 X95.468 Y75.968 E.9128
G1 X95.468 Y79.222 E.08721
SET_VELOCITY_LIMIT ACCEL=3000 ACCEL_TO_DECEL=1500 SQUARE_CORNER_VELOCITY=7
;TYPE:Inner wall
;WIDTH:0.45
G1 F1140
G1 X95.468 Y79.544 E.01035
G1 F3000
G1 X95.468 Y79.66 E.00373
SET_VELOCITY_LIMIT ACCEL=5000 ACCEL_TO_DECEL=2500 SQUARE_CORNER_VELOCITY=9
G1 X95.875 Y79.7 F21000
SET_VELOCITY_LIMIT ACCEL=3000 ACCEL_TO_DECEL=1500 SQUARE_CORNER_VELOCITY=7
G1 F4800
M106 S51
G1 X95.875 Y80.125 E.01367
G1 X96.121 Y80.125 E.00791
G1 X98.941 Y80.125 E.09068
M106 S229
G1 F3000
G1 X99.841 Y80.125 E.02894
G1 F1140
G1 X100.054 Y80.125 E.00685
SET_VELOCITY_LIMIT ACCEL=1500 ACCEL_TO_DECEL=750 SQUARE_CORNER_VELOCITY=9
;TYPE:Overhang wall
;WIDTH:0.382146
G1 F1500
G1 X124.946 Y80.125 E.66704
SET_VELOCITY_LIMIT ACCEL=3000 ACCEL_TO_DECEL=1500 SQUARE_CORNER_VELOCITY=7
;TYPE:Inner wall
;WIDTH:0.45
G1 F1140
G1 X125.159 Y80.125 E.00685
M106 S51
G1 F3000
G1 X126.059 Y80.125 E.02894
G1 F4800
G1 X128.879 Y80.125 E.09068
G1 X129.125 Y80.125 E.00791
M106 S229
G1 F3000
G1 X129.125 Y79.101 E.03293
G1 F1140
G1 X129.125 Y78.844 E.00826
SET_VELOCITY_LIMIT ACCEL=1500 ACCEL_TO_DECEL=750 SQUARE_CORNER_VELOCITY=9
;TYPE:Overhang wall
;WIDTH:0.382146
G1 F1500
G1 X129.125 Y76.375 E.06617
G1 X95.875 Y76.375 E.89098
G1 X95.875 Y78.844 E.06617
SET_VELOCITY_LIMIT ACCEL=3000 ACCEL_TO_DECEL=1500 SQUARE_CORNER_VELOCITY=7
;TYPE:Inner wall
;WIDTH:0.45
G1 F1140
G1 X95.875 Y79.1 E.00823
M106 S51
G1 F3000
G1 X95.875 Y79.66 E.01801
G1 X96.3 Y79.7 F21000
;TYPE:Outer wall
;WIDTH:0.4
G1 F3600
G1 X98.835 Y79.7 E.0715
M106 S229
G1 F3000
G1 X99.635 Y79.7 E.02257
G1 F1500
G1 X99.866 Y79.7 E.00652
SET_VELOCITY_LIMIT ACCEL=1500 ACCEL_TO_DECEL=750 SQUARE_CORNER_VELOCITY=9
;TYPE:Overhang wall
;WIDTH:0.382146
G1 X125.134 Y79.7 E.67709
SET_VELOCITY_LIMIT ACCEL=3000 ACCEL_TO_DECEL=1500 SQUARE_CORNER_VELOCITY=7
;TYPE:Outer wall
;WIDTH:0.4
G1 X125.365 Y79.7 E.00652
M73 P30 R9
M106 S51
G1 F3000
G1 X126.165 Y79.7 E.02257
G1 F3600
G1 X128.7 Y79.7 E.0715
M106 S229
G1 F3000
G1 X128.7 Y78.807 E.02519
G1 F1500
G1 X128.7 Y78.581 E.00637
SET_VELOCITY_LIMIT ACCEL=1500 ACCEL_TO_DECEL=750 SQUARE_CORNER_VELOCITY=9
;TYPE:Overhang wall
;WIDTH:0.382146
G1 X128.7 Y76.8 E.04773
G1 X96.3 Y76.8 E.8682
G1 X96.3 Y78.581 E.04773
SET_VELOCITY_LIMIT ACCEL=3000 ACCEL_TO_DECEL=1500 SQUARE_CORNER_VELOCITY=7
;TYPE:Outer wall
;WIDTH:0.4
G1 X96.3 Y78.807 E.00637
M106 S51
G1 F3000
G1 X96.3 Y79.66 E.02406
SET_VELOCITY_LIMIT ACCEL=5000 ACCEL_TO_DECEL=2500 SQUARE_CORNER_VELOCITY=9
G1 E-.68 F3600
;WIPE_START
G1 F3000
G1 X97.3 Y79.671 E-.12
;WIPE_END
G1 X100.626 Y86.541 Z3.4 F21000
G1 X128.7 Y144.532 Z3.4
G1 Z3
G1 E.8 F2700
SET_VELOCITY_LIMIT ACCEL=3000 ACCEL_TO_DECEL=1500 SQUARE_CORNER_VELOCITY=7
;TYPE:Inner wall
;WIDTH:0.45
G1 F4800
G1 X129.532 Y144.532 E.02675
M106 S229
G1 F3000
G1 X129.532 Y143.544 E.03177
G1 F1140
G1 X129.532 Y143.223 E.01032
SET_VELOCITY_LIMIT ACCEL=1500 ACCEL_TO_DECEL=750 SQUARE_CORNER_VELOCITY=9
;TYPE:Overhang wall
;WIDTH:0.382146
G1 F1500
G1 X129.532 Y141.468 E.04702
G1 X95.468 Y141.468 E.9128
G1 X95.468 Y143.222 E.04701
SET_VELOCITY_LIMIT ACCEL=3000 ACCEL_TO_DECEL=1500 SQUARE_CORNER_VELOCITY=7
;TYPE:Inner wall
;WIDTH:0.45
G1 F1140
G1 X95.468 Y143.544 E.01035
M106 S51
G1 F3000
G1 X95.468 Y144.532 E.03177
G1 F4800
G1 X95.954 Y144.532 E.01563
G1 X99.055 Y144.532 E.09972
M106 S229
G1 F3000
G1 X99.955 Y144.532 E.02894
G1 F1140
G1 X100.158 Y144.532 E.00653
SET_VELOCITY_LIMIT ACCEL=1500 ACCEL_TO_DECEL=750 SQUARE_CORNER_VELOCITY=9
;TYPE:Overhang wall
;WIDTH:0.382146
G1 F1500
G1 X124.842 Y144.532 E.66142
SET_VELOCITY_LIMIT ACCEL=3000 ACCEL_TO_DECEL=1500 SQUARE_CORNER_VELOCITY=7
;TYPE:Inner wall
;WIDTH:0.45
G1 F1140
G1 X125.045 Y144.532 E.00653
M106 S51
G1 F3000
G1 X125.945 Y144.532 E.02894
G1 F4800
G1 X128.66 Y144.532 E.0873
SET_VELOCITY_LIMIT ACCEL=5000 ACCEL_TO_DECEL=2500 SQUARE_CORNER_VELOCITY=9
G1 X128.7 Y144.125 F21000
SET_VELOCITY_LIMIT ACCEL=3000 ACCEL_TO_DECEL=1500 SQUARE_CORNER_VELOCITY=7
G1 F4800
G1 X129.125 Y144.125 E.01367
M106 S229
G1 F3000
G1 X129.125 Y143.101 E.03293
G1 F1140
G1 X129.125 Y142.844 E.00826
SET_VELOCITY_LIMIT ACCEL=1500 ACCEL_TO_DECEL=750 SQUARE_CORNER_VELOCITY=9
;TYPE:Overhang wall
;WIDTH:0.382146
G1 F1500
G1 X129.125 Y141.875 E.02597
G1 X95.875 Y141.875 E.89098
G1 X95.875 Y142.844 E.02598
M73 P30 R8
SET_VELOCITY_LIMIT ACCEL=3000 ACCEL_TO_DECEL=1500 SQUARE_CORNER_VELOCITY=7
;TYPE:Inner wall
;WIDTH:0.45
G1 F1140
G1 X95.875 Y143.1 E.00823
M106 S51
G1 F3000
G1 X95.875 Y144.125 E.03296
G1 F4800
G1 X96.121 Y144.125 E.00791
G1 X98.941 Y144.125 E.09068
M106 S229
G1 F3000
G1 X99.841 Y144.125 E.02894
G1 F1140
G1 X100.054 Y144.125 E.00685
SET_VELOCITY_LIMIT ACCEL=1500 ACCEL_TO_DECEL=750 SQUARE_CORNER_VELOCITY=9
;TYPE:Overhang wall
;WIDTH:0.382146
G1 F1500
G1 X124.946 Y144.125 E.66704
SET_VELOCITY_LIMIT ACCEL=3000 ACCEL_TO_DECEL=1500 SQUARE_CORNER_VELOCITY=7
;TYPE:Inner wall
;WIDTH:0.45
G1 F1140
G1 X125.159 Y144.125 E.00685
M106 S51
G1 F3000
G1 X126.059 Y144.125 E.02894
G1 F4800
G1 X128.66 Y144.125 E.08364
G1 X128.7 Y143.7 F21000
;TYPE:Outer wall
;WIDTH:0.4
G1 F3000
M106 S229
G1 X128.7 Y142.807 E.02519
G1 F1500
G1 X128.7 Y142.581 E.00637
SET_VELOCITY_LIMIT ACCEL=1500 ACCEL_TO_DECEL=750 SQUARE_CORNER_VELOCITY=9
;TYPE:Overhang wall
;WIDTH:0.382146
G1 X128.7 Y142.3 E.00754
G1 X127.502 Y142.3 E.03209
SET_VELOCITY_LIMIT ACCEL=3000 ACCEL_TO_DECEL=1500 SQUARE_CORNER_VELOCITY=7
;TYPE:Outer wall
;WIDTH:0.4
G1 X127.498 Y142.3 E.00011
SET_VELOCITY_LIMIT ACCEL=1500 ACCEL_TO_DECEL=750 SQUARE_CORNER_VELOCITY=9
;TYPE:Overhang wall
;WIDTH:0.382146
G1 X97.502 Y142.3 E.80376
SET_VELOCITY_LIMIT ACCEL=3000 ACCEL_TO_DECEL=1500 SQUARE_CORNER_VELOCITY=7
;TYPE:Outer wall
;WIDTH:0.4
G1 X97.498 Y142.3 E.00011
M73 P31 R8
SET_VELOCITY_LIMIT ACCEL=1500 ACCEL_TO_DECEL=750 SQUARE_CORNER_VELOCITY=9
;TYPE:Overhang wall
;WIDTH:0.382146
G1 X96.3 Y142.3 E.03209
G1 X96.3 Y142.581 E.00754
SET_VELOCITY_LIMIT ACCEL=3000 ACCEL_TO_DECEL=1500 SQUARE_CORNER_VELOCITY=7
;TYPE:Outer wall
;WIDTH:0.4
G1 X96.3 Y142.807 E.00637
M106 S51
G1 F3000
G1 X96.3 Y143.7 E.02519
G1 F3600
G1 X98.835 Y143.7 E.0715
M106 S229
G1 F3000
G1 X99.635 Y143.7 E.02257
G1 F1500
G1 X99.866 Y143.7 E.00652
SET_VELOCITY_LIMIT ACCEL=1500 ACCEL_TO_DECEL=750 SQUARE_CORNER_VELOCITY=9
;TYPE:Overhang wall
;WIDTH:0.382146
G1 X125.134 Y143.7 E.67709
SET_VELOCITY_LIMIT ACCEL=3000 ACCEL_TO_DECEL=1500 SQUARE_CORNER_VELOCITY=7
;TYPE:Outer wall
;WIDTH:0.4
G1 X125.365 Y143.7 E.00652
M106 S51
G1 F3000
G1 X126.165 Y143.7 E.02257
G1 F3600
G1 X128.66 Y143.7 E.07038
SET_VELOCITY_LIMIT ACCEL=5000 ACCEL_TO_DECEL=2500 SQUARE_CORNER_VELOCITY=9
G1 E-.68
;WIPE_START
G1 X128.696 Y142.701 E-.12
;WIPE_END
G1 X121.09 Y143.334 Z3.4 F21000
G1 X95.468 Y145.468 Z3.4
G1 Z3
G1 E.8 F2700
SET_VELOCITY_LIMIT ACCEL=3000 ACCEL_TO_DECEL=1500 SQUARE_CORNER_VELOCITY=7
;TYPE:Inner wall
;WIDTH:0.45
G1 F3000
M106 S229
G1 X95.468 Y146.456 E.03177
G1 F1140
G1 X95.468 Y146.778 E.01035
SET_VELOCITY_LIMIT ACCEL=1500 ACCEL_TO_DECEL=750 SQUARE_CORNER_VELOCITY=9
;TYPE:Overhang wall
;WIDTH:0.382146
G1 F1500
G1 X95.468 Y149.032 E.06041
G1 X102.3 Y149.032 E.18308
SET_VELOCITY_LIMIT ACCEL=3000 ACCEL_TO_DECEL=1500 SQUARE_CORNER_VELOCITY=7
;TYPE:Inner wall
;WIDTH:0.45
G1 F1140
G1 X102.5 Y149.032 E.00643
M106 S51
G1 F3000
G1 X103.4 Y149.032 E.02894
G1 F4800
G1 X104.968 Y149.032 E.05042
G1 X104.968 Y149.968 E.0301
G1 X103.4 Y149.968 E.05042
M106 S229
G1 F3000
G1 X102.5 Y149.968 E.02894
G1 F1140
G1 X102.3 Y149.968 E.00643
SET_VELOCITY_LIMIT ACCEL=1500 ACCEL_TO_DECEL=750 SQUARE_CORNER_VELOCITY=9
;TYPE:Overhang wall
;WIDTH:0.382146
G1 F1500
G1 X94.532 Y149.968 E.20815
G1 X94.532 Y75.032 E2.00801
G1 X130.468 Y75.032 E.96295
G1 X130.468 Y149.968 E2.00801
M73 P32 R8
G1 X122.7 Y149.968 E.20815
SET_VELOCITY_LIMIT ACCEL=3000 ACCEL_TO_DECEL=1500 SQUARE_CORNER_VELOCITY=7
;TYPE:Inner wall
;WIDTH:0.45
G1 F1140
G1 X122.5 Y149.968 E.00643
M106 S51
G1 F3000
G1 X121.6 Y149.968 E.02894
G1 F4800
G1 X120.032 Y149.968 E.05042
G1 X120.032 Y149.032 E.0301
G1 X121.6 Y149.032 E.05042
M106 S229
G1 F3000
G1 X122.5 Y149.032 E.02894
G1 F1140
G1 X122.7 Y149.032 E.00643
SET_VELOCITY_LIMIT ACCEL=1500 ACCEL_TO_DECEL=750 SQUARE_CORNER_VELOCITY=9
;TYPE:Overhang wall
;WIDTH:0.382146
G1 F1500
G1 X129.532 Y149.032 E.18308
G1 X129.532 Y146.777 E.06042
SET_VELOCITY_LIMIT ACCEL=3000 ACCEL_TO_DECEL=1500 SQUARE_CORNER_VELOCITY=7
;TYPE:Inner wall
;WIDTH:0.45
G1 F1140
G1 X129.532 Y146.456 E.01032
M106 S51
G1 F3000
G1 X129.532 Y145.468 E.03177
G1 F4800
G1 X129.046 Y145.468 E.01563
G1 X125.945 Y145.468 E.09972
M106 S229
G1 F3000
G1 X125.045 Y145.468 E.02894
G1 F1140
G1 X124.842 Y145.468 E.00653
SET_VELOCITY_LIMIT ACCEL=1500 ACCEL_TO_DECEL=750 SQUARE_CORNER_VELOCITY=9
;TYPE:Overhang wall
;WIDTH:0.382146
G1 F1500
G1 X100.158 Y145.468 E.66142
SET_VELOCITY_LIMIT ACCEL=3000 ACCEL_TO_DECEL=1500 SQUARE_CORNER_VELOCITY=7
;TYPE:Inner wall
;WIDTH:0.45
G1 F1140
G1 X99.955 Y145.468 E.00653
M106 S51
G1 F3000
G1 X99.055 Y145.468 E.02894
G1 F4800
G1 X95.955 Y145.468 E.09968
G1 X95.508 Y145.468 E.01437
SET_VELOCITY_LIMIT ACCEL=5000 ACCEL_TO_DECEL=2500 SQUARE_CORNER_VELOCITY=9
G1 X95.875 Y145.875 F21000
SET_VELOCITY_LIMIT ACCEL=3000 ACCEL_TO_DECEL=1500 SQUARE_CORNER_VELOCITY=7
G1 F3000
M106 S229
G1 X95.875 Y146.9 E.03296
G1 F1140
G1 X95.875 Y147.156 E.00823
SET_VELOCITY_LIMIT ACCEL=1500 ACCEL_TO_DECEL=750 SQUARE_CORNER_VELOCITY=9
;TYPE:Overhang wall
;WIDTH:0.382146
G1 F1500
G1 X95.875 Y148.625 E.03938
G1 X102.3 Y148.625 E.17217
SET_VELOCITY_LIMIT ACCEL=3000 ACCEL_TO_DECEL=1500 SQUARE_CORNER_VELOCITY=7
;TYPE:Inner wall
;WIDTH:0.45
G1 F1140
G1 X102.5 Y148.625 E.00643
M106 S51
G1 F3000
G1 X103.4 Y148.625 E.02894
G1 F4800
G1 X105.1 Y148.625 E.05467
G1 X105.375 Y148.625 E.00884
G1 X105.375 Y150.375 E.05627
G1 X105.1 Y150.375 E.00884
G1 X103.4 Y150.375 E.05467
M106 S229
G1 F3000
G1 X102.5 Y150.375 E.02894
G1 F1140
G1 X102.3 Y150.375 E.00643
SET_VELOCITY_LIMIT ACCEL=1500 ACCEL_TO_DECEL=750 SQUARE_CORNER_VELOCITY=9
;TYPE:Overhang wall
;WIDTH:0.382146
G1 F1500
G1 X94.125 Y150.375 E.21906
G1 X94.125 Y74.625 E2.02983
G1 X130.875 Y74.625 E.98477
M73 P33 R8
G1 X130.875 Y150.375 E2.02983
G1 X122.7 Y150.375 E.21906
SET_VELOCITY_LIMIT ACCEL=3000 ACCEL_TO_DECEL=1500 SQUARE_CORNER_VELOCITY=7
;TYPE:Inner wall
;WIDTH:0.45
G1 F1140
G1 X122.5 Y150.375 E.00643
M106 S51
G1 F3000
G1 X121.6 Y150.375 E.02894
G1 F4800
G1 X119.9 Y150.375 E.05467
G1 X119.625 Y150.375 E.00884
G1 X119.625 Y148.625 E.05627
G1 X119.9 Y148.625 E.00884
G1 X121.6 Y148.625 E.05467
M106 S229
G1 F3000
G1 X122.5 Y148.625 E.02894
G1 F1140
G1 X122.7 Y148.625 E.00643
SET_VELOCITY_LIMIT ACCEL=1500 ACCEL_TO_DECEL=750 SQUARE_CORNER_VELOCITY=9
;TYPE:Overhang wall
;WIDTH:0.382146
G1 F1500
G1 X129.125 Y148.625 E.17217
G1 X129.125 Y147.156 E.03937
SET_VELOCITY_LIMIT ACCEL=3000 ACCEL_TO_DECEL=1500 SQUARE_CORNER_VELOCITY=7
;TYPE:Inner wall
;WIDTH:0.45
G1 F1140
G1 X129.125 Y146.899 E.00826
M106 S51
G1 F3000
G1 X129.125 Y145.875 E.03293
G1 F4800
G1 X128.879 Y145.875 E.00791
G1 X126.059 Y145.875 E.09068
M106 S229
G1 F3000
G1 X125.159 Y145.875 E.02894
G1 F1140
G1 X124.946 Y145.875 E.00685
SET_VELOCITY_LIMIT ACCEL=1500 ACCEL_TO_DECEL=750 SQUARE_CORNER_VELOCITY=9
;TYPE:Overhang wall
;WIDTH:0.382146
G1 F1500
G1 X100.054 Y145.875 E.66704
SET_VELOCITY_LIMIT ACCEL=3000 ACCEL_TO_DECEL=1500 SQUARE_CORNER_VELOCITY=7
;TYPE:Inner wall
;WIDTH:0.45
G1 F1140
M73 P34 R8
G1 X99.841 Y145.875 E.00685
M106 S51
G1 F3000
G1 X98.941 Y145.875 E.02894
G1 F4800
G1 X96.126 Y145.875 E.09052
G1 X95.915 Y145.875 E.00678
G1 X96.3 Y146.3 F21000
;TYPE:Outer wall
;WIDTH:0.4
G1 F3000
M106 S229
G1 X96.3 Y147.193 E.02519
G1 F1500
G1 X96.3 Y147.419 E.00637
SET_VELOCITY_LIMIT ACCEL=1500 ACCEL_TO_DECEL=750 SQUARE_CORNER_VELOCITY=9
;TYPE:Overhang wall
;WIDTH:0.382146
G1 X96.3 Y148.2 E.02094
G1 X102.3 Y148.2 E.16078
SET_VELOCITY_LIMIT ACCEL=3000 ACCEL_TO_DECEL=1500 SQUARE_CORNER_VELOCITY=7
;TYPE:Outer wall
;WIDTH:0.4
G1 X102.5 Y148.2 E.00564
M106 S51
G1 F3000
G1 X103.3 Y148.2 E.02257
G1 F3600
G1 X105.2 Y148.2 E.05359
G1 X105.8 Y148.2 E.01692
G1 X105.8 Y150.8 E.07334
G1 X105.2 Y150.8 E.01692
G1 X103.3 Y150.8 E.05359
M106 S229
G1 F3000
G1 X102.5 Y150.8 E.02257
G1 F1500
G1 X102.3 Y150.8 E.00564
SET_VELOCITY_LIMIT ACCEL=1500 ACCEL_TO_DECEL=750 SQUARE_CORNER_VELOCITY=9
;TYPE:Overhang wall
;WIDTH:0.382146
G1 X93.7 Y150.8 E.23045
G1 X93.7 Y74.2 E2.0526
G1 X131.3 Y74.2 E1.00754
G1 X131.3 Y150.8 E2.0526
G1 X122.7 Y150.8 E.23045
M73 P35 R8
SET_VELOCITY_LIMIT ACCEL=3000 ACCEL_TO_DECEL=1500 SQUARE_CORNER_VELOCITY=7
;TYPE:Outer wall
;WIDTH:0.4
G1 X122.5 Y150.8 E.00564
M106 S51
G1 F3000
G1 X121.7 Y150.8 E.02257
G1 F3600
G1 X119.8 Y150.8 E.05359
G1 X119.2 Y150.8 E.01692
G1 X119.2 Y148.2 E.07334
G1 X119.8 Y148.2 E.01692
G1 X121.7 Y148.2 E.05359
M106 S229
G1 F3000
G1 X122.5 Y148.2 E.02257
G1 F1500
G1 X122.7 Y148.2 E.00564
SET_VELOCITY_LIMIT ACCEL=1500 ACCEL_TO_DECEL=750 SQUARE_CORNER_VELOCITY=9
;TYPE:Overhang wall
;WIDTH:0.382146
G1 X128.7 Y148.2 E.16078
G1 X128.7 Y147.419 E.02094
SET_VELOCITY_LIMIT ACCEL=3000 ACCEL_TO_DECEL=1500 SQUARE_CORNER_VELOCITY=7
;TYPE:Outer wall
;WIDTH:0.4
G1 X128.7 Y147.193 E.00637
M106 S51
G1 F3000
G1 X128.7 Y146.3 E.02519
G1 F3600
G1 X126.165 Y146.3 E.0715
M106 S229
G1 F3000
G1 X125.365 Y146.3 E.02257
G1 F1500
G1 X125.134 Y146.3 E.00652
SET_VELOCITY_LIMIT ACCEL=1500 ACCEL_TO_DECEL=750 SQUARE_CORNER_VELOCITY=9
;TYPE:Overhang wall
;WIDTH:0.382146
G1 X99.866 Y146.3 E.67709
SET_VELOCITY_LIMIT ACCEL=3000 ACCEL_TO_DECEL=1500 SQUARE_CORNER_VELOCITY=7
;TYPE:Outer wall
;WIDTH:0.4
G1 X99.635 Y146.3 E.00652
M106 S51
G1 F3000
G1 X98.835 Y146.3 E.02257
G1 F3600
G1 X96.34 Y146.3 E.07038
SET_VELOCITY_LIMIT ACCEL=5000 ACCEL_TO_DECEL=2500 SQUARE_CORNER_VELOCITY=9
G1 E-.68
;WIPE_START
G1 X96.304 Y147.299 E-.12
;WIPE_END
G1 X95.264 Y145 Z3.4 F21000
G1 Z3
G1 E.8 F2700
;TYPE:Gap infill
;WIDTH:0.593714
G1 F5733.349
G1 X95.198 Y145 E.00288
;WIDTH:0.637779
G1 F5308.652
G1 X95.132 Y145 E.00311
;WIDTH:0.681843
G1 F4942.533
G1 X95.066 Y145 E.00334
;WIDTH:0.681841
G1 X95.044 Y145.088 E.00458
;WIDTH:0.637778
G1 F5308.659
G1 X95.022 Y145.176 E.00427
;WIDTH:0.572176
G1 F5966.671
G1 X95 Y145.264 E.0038
G1 X95 Y149.236 E.16603
;WIDTH:0.594364
G1 F5726.592
G1 X95.023 Y149.345 E.00487
;WIDTH:0.624604
G1 F5428.886
G1 X95.045 Y149.455 E.00514
G1 X95.264 Y149.5 E.01028
;WIDTH:0.571684
G1 F5972.219
G1 X104.765 Y149.5 E.39682
G1 E-.68 F3600
;WIPE_START
G1 F5972.219
G1 X103.765 Y149.5 E-.12
;WIPE_END
G1 X98.306 Y144.166 Z3.4 F21000
G1 X95.066 Y141 Z3.4
G1 Z3
G1 E.8 F2700
;WIDTH:0.659811
G1 F5119.051
G1 X95.044 Y140.912 E.00443
;WIDTH:0.637779
G1 F5308.644
G1 X95.022 Y140.824 E.00427
;WIDTH:0.593716
G1 F5733.332
G1 X95 Y140.736 E.00395
;WIDTH:0.571756
G1 F5971.411
G1 X95 Y113.264 E1.14759
G1 X95.022 Y113.176 E.00379
;WIDTH:0.637778
G1 F5308.659
G1 X95.044 Y113.088 E.00427
;WIDTH:0.681841
G1 F4942.543
G1 X95.066 Y113 E.00458
;WIDTH:0.659811
G1 F5119.051
G1 X95.044 Y112.912 E.00443
;WIDTH:0.637779
G1 F5308.644
G1 X95.022 Y112.824 E.00427
;WIDTH:0.593716
G1 F5733.332
G1 X95 Y112.736 E.00395
;WIDTH:0.571756
G1 F5971.411
G1 X95 Y85.264 E1.14759
G1 X95.022 Y85.176 E.00379
;WIDTH:0.637779
G1 F5308.652
G1 X95.044 Y85.088 E.00427
;WIDTH:0.681843
G1 F4942.533
G1 X95.066 Y85 E.00458
;WIDTH:0.681842
G1 X95.132 Y85 E.00334
;WIDTH:0.637779
G1 F5308.65
G1 X95.198 Y85 E.00311
;WIDTH:0.593716
G1 F5733.335
G1 X95.264 Y85 E.00288
;WIDTH:0.571726
G1 F5971.755
G1 X129.802 Y85 E1.44269
;WIDTH:0.637779
G1 F5308.652
G1 X129.868 Y85 E.00311
;WIDTH:0.681843
G1 F4942.533
G1 X129.934 Y85 E.00334
;WIDTH:0.681841
G1 X129.956 Y84.912 E.00458
;WIDTH:0.637778
G1 F5308.659
G1 X129.978 Y84.824 E.00427
;WIDTH:0.572245
G1 F5965.892
G1 X130 Y84.736 E.0038
G1 X130 Y81.264 E.14514
;WIDTH:0.593716
G1 F5733.332
G1 X129.978 Y81.176 E.00395
;WIDTH:0.637779
G1 F5308.644
G1 X129.956 Y81.088 E.00427
;WIDTH:0.681843
G1 F4942.533
G1 X129.934 Y81 E.00458
G1 X129.868 Y81 E.00334
;WIDTH:0.637779
G1 F5308.652
G1 X129.802 Y81 E.00311
;WIDTH:0.571726
G1 F5971.755
G1 X95.264 Y81 E1.44269
;WIDTH:0.593716
G1 F5733.335
G1 X95.198 Y81 E.00288
;WIDTH:0.637779
G1 F5308.65
G1 X95.132 Y81 E.00311
;WIDTH:0.681842
G1 F4942.541
G1 X95.066 Y81 E.00334
G1 E-.75186 F3600
;WIPE_START
G1 F4942.541
G1 X95.132 Y81 E-.04814
;WIPE_END
G1 X95.066 Y85 Z3.4 F21000
G1 Z3
G1 E.8 F2700
;WIDTH:0.659811
G1 F5119.051
G1 X95.044 Y84.912 E.00443
;WIDTH:0.637779
G1 F5308.644
G1 X95.022 Y84.824 E.00427
;WIDTH:0.593716
G1 F5733.332
G1 X95 Y84.736 E.00395
;WIDTH:0.572245
G1 F5965.892
G1 X95 Y81.264 E.14514
G1 X95.022 Y81.176 E.0038
;WIDTH:0.637779
G1 F5308.652
G1 X95.044 Y81.088 E.00427
;WIDTH:0.681843
G1 F4942.533
G1 X95.066 Y81 E.00458
;WIDTH:0.659811
G1 F5119.051
G1 X95.044 Y80.912 E.00443
;WIDTH:0.637779
G1 F5308.644
G1 X95.022 Y80.824 E.00427
;WIDTH:0.593716
G1 F5733.332
G1 X95 Y80.736 E.00395
;WIDTH:0.571683
G1 F5972.231
G1 X95 Y75.764 E.20764
;WIDTH:0.624604
G1 F5428.886
G1 X95.045 Y75.545 E.01028
G1 X95.155 Y75.523 E.00514
;WIDTH:0.594364
G1 F5726.592
G1 X95.264 Y75.5 E.00487
;WIDTH:0.571683
G1 F5972.231
G1 X129.736 Y75.5 E1.43981
;WIDTH:0.624604
G1 F5428.886
G1 X129.955 Y75.545 E.01028
G1 X129.977 Y75.655 E.00514
;WIDTH:0.594364
G1 F5726.592
G1 X130 Y75.764 E.00487
;WIDTH:0.572079
G1 F5967.769
G1 X130 Y80.736 E.2078
G1 X129.978 Y80.824 E.0038
;WIDTH:0.637778
G1 F5308.659
G1 X129.956 Y80.912 E.00427
;WIDTH:0.681841
G1 F4942.543
G1 X129.934 Y81 E.00458
G1 E-.73384 F3600
;WIPE_START
G1 F4942.543
G1 X129.956 Y80.912 E-.06616
;WIPE_END
G1 X129.934 Y85 Z3.4 F21000
G1 Z3
G1 E.8 F2700
;WIDTH:0.681843
G1 F4942.533
G1 X129.956 Y85.088 E.00458
;WIDTH:0.637779
G1 F5308.644
G1 X129.978 Y85.176 E.00427
;WIDTH:0.593716
G1 F5733.332
G1 X130 Y85.264 E.00395
;WIDTH:0.571756
G1 F5971.411
G1 X130 Y112.736 E1.14759
G1 X129.978 Y112.824 E.00379
;WIDTH:0.637779
G1 F5308.652
G1 X129.956 Y112.912 E.00427
;WIDTH:0.681843
G1 F4942.533
G1 X129.934 Y113 E.00458
G1 E-.73383 F3600
;WIPE_START
G1 F4942.533
G1 X129.956 Y112.912 E-.06617
;WIPE_END
G1 X129.95 Y120.544 Z3.4 F21000
G1 X129.934 Y141 Z3.4
G1 Z3
G1 E.8 F2700
;WIDTH:0.681842
G1 F4942.541
G1 X129.868 Y141 E.00334
;WIDTH:0.637779
G1 F5308.65
G1 X129.802 Y141 E.00311
;WIDTH:0.571726
G1 F5971.755
G1 X95.264 Y141 E1.44269
;WIDTH:0.593714
G1 F5733.349
G1 X95.198 Y141 E.00288
;WIDTH:0.637779
G1 F5308.652
G1 X95.132 Y141 E.00311
;WIDTH:0.681843
G1 F4942.533
G1 X95.066 Y141 E.00334
;WIDTH:0.681841
G1 X95.044 Y141.088 E.00458
;WIDTH:0.637778
G1 F5308.659
G1 X95.022 Y141.176 E.00427
;WIDTH:0.572245
G1 F5965.892
G1 X95 Y141.264 E.0038
G1 X95 Y144.736 E.14514
;WIDTH:0.593716
G1 F5733.332
G1 X95.022 Y144.824 E.00395
;WIDTH:0.637779
G1 F5308.644
G1 X95.044 Y144.912 E.00427
;WIDTH:0.659811
G1 F5119.051
G1 X95.066 Y145 E.00443
G1 X95.264 Y145 F21000
;WIDTH:0.571726
G1 F5971.755
G1 X129.802 Y145 E1.44269
;WIDTH:0.637779
G1 F5308.65
G1 X129.868 Y145 E.00311
;WIDTH:0.681842
G1 F4942.541
G1 X129.934 Y145 E.00334
G1 E-.75186 F3600
;WIPE_START
G1 F4942.541
G1 X129.868 Y145 E-.04814
;WIPE_END
G1 X122.953 Y148.23 Z3.4 F21000
G1 X120.235 Y149.5 Z3.4
G1 Z3
G1 E.8 F2700
;WIDTH:0.571682
G1 F5972.243
G1 X129.736 Y149.5 E.39681
;WIDTH:0.594364
G1 F5726.592
M73 P36 R8
G1 X129.845 Y149.477 E.00487
;WIDTH:0.624604
G1 F5428.886
G1 X129.955 Y149.455 E.00514
G1 X130 Y149.236 E.01028
;WIDTH:0.571683
G1 F5972.231
G1 X130 Y145.264 E.16587
;WIDTH:0.593716
G1 F5733.332
G1 X129.978 Y145.176 E.00395
;WIDTH:0.637779
G1 F5308.644
G1 X129.956 Y145.088 E.00427
;WIDTH:0.681843
G1 F4942.533
G1 X129.934 Y145 E.00458
G1 X129.956 Y144.912 E.00458
;WIDTH:0.637779
G1 F5308.652
G1 X129.978 Y144.824 E.00427
;WIDTH:0.572245
G1 F5965.892
G1 X130 Y144.736 E.0038
G1 X130 Y141.264 E.14514
;WIDTH:0.593716
G1 F5733.332
G1 X129.978 Y141.176 E.00395
;WIDTH:0.637779
G1 F5308.644
G1 X129.956 Y141.088 E.00427
;WIDTH:0.681843
G1 F4942.533
G1 X129.934 Y141 E.00458
G1 X129.956 Y140.912 E.00458
;WIDTH:0.637779
G1 F5308.652
G1 X129.978 Y140.824 E.00427
;WIDTH:0.571756
G1 F5971.411
G1 X130 Y140.736 E.00379
G1 X130 Y113.264 E1.14759
;WIDTH:0.593716
G1 F5733.332
G1 X129.978 Y113.176 E.00395
;WIDTH:0.637779
G1 F5308.644
G1 X129.956 Y113.088 E.00427
;WIDTH:0.681843
G1 F4942.533
G1 X129.934 Y113 E.00458
;WIDTH:0.681842
G1 X129.868 Y113 E.00334
;WIDTH:0.637779
G1 F5308.65
G1 X129.802 Y113 E.00311
;WIDTH:0.571726
G1 F5971.755
G1 X95.264 Y113 E1.44269
;WIDTH:0.593714
G1 F5733.349
G1 X95.198 Y113 E.00288
;WIDTH:0.637779
G1 F5308.652
G1 X95.132 Y113 E.00311
;WIDTH:0.681843
G1 F4942.533
G1 X95.066 Y113 E.00334
G1 E-.75186 F3600
;WIPE_START
G1 F4942.533
G1 X95.132 Y113 E-.04814
;WIPE_END
G1 X98.049 Y120.053 Z3.4 F21000
G1 X110.032 Y149.032 Z3.4
G1 Z3
G1 E.8 F2700
SET_VELOCITY_LIMIT ACCEL=3000 ACCEL_TO_DECEL=1500 SQUARE_CORNER_VELOCITY=7
;TYPE:Inner wall
;WIDTH:0.45
G1 F4800
G1 X114.968 Y149.032 E.15874
G1 X114.968 Y149.968 E.03009
G1 X110.032 Y149.968 E.15874
G1 X110.032 Y149.072 E.02881
SET_VELOCITY_LIMIT ACCEL=5000 ACCEL_TO_DECEL=2500 SQUARE_CORNER_VELOCITY=9
G1 X109.625 Y148.625 F21000
SET_VELOCITY_LIMIT ACCEL=3000 ACCEL_TO_DECEL=1500 SQUARE_CORNER_VELOCITY=7
G1 F4800
G1 X115.375 Y148.625 E.18492
G1 X115.375 Y150.375 E.05627
G1 X109.625 Y150.375 E.18492
G1 X109.625 Y148.665 E.05499
G1 X109.2 Y148.2 F21000
;TYPE:Outer wall
;WIDTH:0.4
G1 F3600
G1 X115.8 Y148.2 E.18618
G1 X115.8 Y150.8 E.07334
G1 X109.2 Y150.8 E.18618
G1 X109.2 Y148.24 E.07221
SET_VELOCITY_LIMIT ACCEL=5000 ACCEL_TO_DECEL=2500 SQUARE_CORNER_VELOCITY=9
G1 E-.68
;WIPE_START
G1 X110.2 Y148.234 E-.12
;WIPE_END
G1 X110.235 Y149.5 Z3.4 F21000
G1 Z3
G1 E.8 F2700
;TYPE:Gap infill
;WIDTH:0.571682
G1 F5972.243
G1 X114.765 Y149.5 E.18919
; stop printing object vyper_electronics_cassette.stl id:0 copy 0
;LAYER_CHANGE
;Z:3.2
;HEIGHT:0.2
;BEFORE_LAYER_CHANGE
G92 E0
;3.2


G1 E-.68 F3600
;WIPE_START
G1 F5972.243
G1 X113.765 Y149.5 E-.12
;WIPE_END
EXCLUDE_OBJECT_END NAME=vyper_electronics_cassette.stl_id_0_copy_0
;AFTER_LAYER_CHANGE
;3.2
;_SET_FAN_SPEED_CHANGING_LAYER
; printing object vyper_electronics_cassette.stl id:0 copy 0
EXCLUDE_OBJECT_START NAME=vyper_electronics_cassette.stl_id_0_copy_0
G1 X120.399 Y145.727 Z3.6 F21000
G1 X129.532 Y140.532 Z3.6
G1 Z3.2
G1 E.8 F2700
SET_VELOCITY_LIMIT ACCEL=3000 ACCEL_TO_DECEL=1500 SQUARE_CORNER_VELOCITY=7
;TYPE:Inner wall
;WIDTH:0.45
G1 F4800
G1 X129.532 Y113.468 E.87029
G1 X95.468 Y113.468 E1.09538
G1 X95.468 Y140.532 E.87029
G1 X129.492 Y140.532 E1.09409
SET_VELOCITY_LIMIT ACCEL=5000 ACCEL_TO_DECEL=2500 SQUARE_CORNER_VELOCITY=9
G1 X129.125 Y140.125 F21000
SET_VELOCITY_LIMIT ACCEL=3000 ACCEL_TO_DECEL=1500 SQUARE_CORNER_VELOCITY=7
G1 F4800
G1 X129.125 Y113.875 E.8441
G1 X95.875 Y113.875 E1.0692
G1 X95.875 Y140.125 E.8441
G1 X129.085 Y140.125 E1.06791
G1 X128.7 Y139.7 F21000
;TYPE:Outer wall
;WIDTH:0.4
G1 F3600
G1 X128.7 Y114.3 E.71645
G1 X96.3 Y114.3 E.9139
G1 X96.3 Y139.7 E.71645
G1 X128.66 Y139.7 E.91277
SET_VELOCITY_LIMIT ACCEL=5000 ACCEL_TO_DECEL=2500 SQUARE_CORNER_VELOCITY=9
G1 E-.68
M73 P37 R8
;WIPE_START
G1 X128.662 Y138.7 E-.12
;WIPE_END
G1 X128.786 Y131.069 Z3.6 F21000
G1 X129.532 Y85.468 Z3.6
G1 Z3.2
G1 E.8 F2700
SET_VELOCITY_LIMIT ACCEL=3000 ACCEL_TO_DECEL=1500 SQUARE_CORNER_VELOCITY=7
;TYPE:Inner wall
;WIDTH:0.45
G1 F4800
G1 X95.468 Y85.468 E1.09538
G1 X95.468 Y112.532 E.87029
G1 X129.532 Y112.532 E1.09538
G1 X129.532 Y85.508 E.869
SET_VELOCITY_LIMIT ACCEL=5000 ACCEL_TO_DECEL=2500 SQUARE_CORNER_VELOCITY=9
G1 X129.125 Y85.875 F21000
SET_VELOCITY_LIMIT ACCEL=3000 ACCEL_TO_DECEL=1500 SQUARE_CORNER_VELOCITY=7
G1 F4800
G1 X95.875 Y85.875 E1.0692
G1 X95.875 Y112.125 E.8441
G1 X129.125 Y112.125 E1.0692
G1 X129.125 Y85.915 E.84282
G1 X128.7 Y86.3 F21000
;TYPE:Outer wall
;WIDTH:0.4
G1 F3600
G1 X96.3 Y86.3 E.9139
G1 X96.3 Y111.7 E.71645
G1 X128.7 Y111.7 E.9139
G1 X128.7 Y86.34 E.71532
SET_VELOCITY_LIMIT ACCEL=5000 ACCEL_TO_DECEL=2500 SQUARE_CORNER_VELOCITY=9
G1 E-.68
;WIPE_START
G1 X127.7 Y86.339 E-.12
;WIPE_END
G1 X129.532 Y81.468 Z3.6 F21000
G1 Z3.2
G1 E.8 F2700
SET_VELOCITY_LIMIT ACCEL=3000 ACCEL_TO_DECEL=1500 SQUARE_CORNER_VELOCITY=7
;TYPE:Inner wall
;WIDTH:0.45
G1 F4800
G1 X95.468 Y81.468 E1.09538
G1 X95.468 Y84.532 E.09853
G1 X129.532 Y84.532 E1.09538
G1 X129.532 Y81.508 E.09725
SET_VELOCITY_LIMIT ACCEL=5000 ACCEL_TO_DECEL=2500 SQUARE_CORNER_VELOCITY=9
G1 X129.125 Y81.875 F21000
SET_VELOCITY_LIMIT ACCEL=3000 ACCEL_TO_DECEL=1500 SQUARE_CORNER_VELOCITY=7
G1 F4800
G1 X95.875 Y81.875 E1.0692
G1 X95.875 Y84.125 E.07235
G1 X129.125 Y84.125 E1.0692
G1 X129.125 Y81.915 E.07107
M73 P38 R8
G1 X128.7 Y82.3 F21000
;TYPE:Outer wall
;WIDTH:0.4
G1 F3600
G1 X96.3 Y82.3 E.9139
G1 X96.3 Y83.7 E.03949
G1 X128.7 Y83.7 E.9139
G1 X128.7 Y82.34 E.03836
SET_VELOCITY_LIMIT ACCEL=5000 ACCEL_TO_DECEL=2500 SQUARE_CORNER_VELOCITY=9
G1 E-.68
;WIPE_START
G1 X127.7 Y82.339 E-.12
;WIPE_END
G1 X120.08 Y81.912 Z3.6 F21000
G1 X95.468 Y80.532 Z3.6
G1 Z3.2
G1 E.8 F2700
SET_VELOCITY_LIMIT ACCEL=3000 ACCEL_TO_DECEL=1500 SQUARE_CORNER_VELOCITY=7
;TYPE:Inner wall
;WIDTH:0.45
G1 F4800
G1 X129.532 Y80.532 E1.09538
G1 X129.532 Y75.968 E.14677
G1 X95.468 Y75.968 E1.09538
G1 X95.468 Y80.492 E.14548
SET_VELOCITY_LIMIT ACCEL=5000 ACCEL_TO_DECEL=2500 SQUARE_CORNER_VELOCITY=9
G1 X95.875 Y80.125 F21000
SET_VELOCITY_LIMIT ACCEL=3000 ACCEL_TO_DECEL=1500 SQUARE_CORNER_VELOCITY=7
G1 F4800
G1 X129.125 Y80.125 E1.0692
G1 X129.125 Y76.375 E.12059
G1 X95.875 Y76.375 E1.0692
G1 X95.875 Y80.085 E.1193
M73 P38 R7
G1 X96.3 Y79.7 F21000
;TYPE:Outer wall
;WIDTH:0.4
G1 F3600
G1 X128.7 Y79.7 E.9139
G1 X128.7 Y76.8 E.0818
G1 X96.3 Y76.8 E.9139
G1 X96.3 Y79.66 E.08067
SET_VELOCITY_LIMIT ACCEL=5000 ACCEL_TO_DECEL=2500 SQUARE_CORNER_VELOCITY=9
G1 E-.68
;WIPE_START
G1 X97.3 Y79.661 E-.12
;WIPE_END
G1 X100.696 Y86.496 Z3.6 F21000
G1 X129.532 Y144.532 Z3.6
G1 Z3.2
G1 E.8 F2700
SET_VELOCITY_LIMIT ACCEL=3000 ACCEL_TO_DECEL=1500 SQUARE_CORNER_VELOCITY=7
;TYPE:Inner wall
;WIDTH:0.45
G1 F4800
G1 X129.532 Y141.468 E.09853
G1 X95.468 Y141.468 E1.09538
G1 X95.468 Y144.532 E.09853
G1 X129.492 Y144.532 E1.09409
SET_VELOCITY_LIMIT ACCEL=5000 ACCEL_TO_DECEL=2500 SQUARE_CORNER_VELOCITY=9
G1 X129.125 Y144.125 F21000
SET_VELOCITY_LIMIT ACCEL=3000 ACCEL_TO_DECEL=1500 SQUARE_CORNER_VELOCITY=7
G1 F4800
G1 X129.125 Y141.875 E.07235
G1 X95.875 Y141.875 E1.0692
G1 X95.875 Y144.125 E.07235
G1 X129.085 Y144.125 E1.06791
G1 X128.7 Y143.7 F21000
;TYPE:Outer wall
;WIDTH:0.4
G1 F3600
G1 X128.7 Y142.3 E.03949
G1 X96.3 Y142.3 E.9139
G1 X96.3 Y143.7 E.03949
M73 P39 R7
G1 X128.66 Y143.7 E.91277
SET_VELOCITY_LIMIT ACCEL=5000 ACCEL_TO_DECEL=2500 SQUARE_CORNER_VELOCITY=9
G1 E-.68
;WIPE_START
G1 X128.689 Y142.7 E-.12
;WIPE_END
G1 X121.082 Y143.334 Z3.6 F21000
G1 X95.468 Y145.468 Z3.6
G1 Z3.2
G1 E.8 F2700
SET_VELOCITY_LIMIT ACCEL=3000 ACCEL_TO_DECEL=1500 SQUARE_CORNER_VELOCITY=7
;TYPE:Inner wall
;WIDTH:0.45
G1 F4800
G1 X95.468 Y149.032 E.11461
G1 X104.878 Y149.032 E.30259
G1 X104.878 Y149.968 E.03009
G1 X94.532 Y149.968 E.33268
G1 X94.532 Y75.032 E2.40966
G1 X130.468 Y75.032 E1.15557
G1 X130.468 Y149.968 E2.40966
G1 X120.122 Y149.968 E.33268
G1 X120.122 Y149.032 E.03009
G1 X129.532 Y149.032 E.30259
G1 X129.532 Y145.468 E.11461
G1 X95.508 Y145.468 E1.09409
SET_VELOCITY_LIMIT ACCEL=5000 ACCEL_TO_DECEL=2500 SQUARE_CORNER_VELOCITY=9
G1 X95.875 Y145.875 F21000
SET_VELOCITY_LIMIT ACCEL=3000 ACCEL_TO_DECEL=1500 SQUARE_CORNER_VELOCITY=7
G1 F4800
G1 X95.875 Y148.625 E.08843
G1 X105.285 Y148.625 E.30259
G1 X105.285 Y150.375 E.05627
G1 X94.125 Y150.375 E.35886
G1 X94.125 Y74.625 E2.43584
G1 X130.875 Y74.625 E1.18175
G1 X130.875 Y150.375 E2.43584
G1 X119.715 Y150.375 E.35886
G1 X119.715 Y148.625 E.05627
M73 P40 R7
G1 X129.125 Y148.625 E.30259
G1 X129.125 Y145.875 E.08843
G1 X95.915 Y145.875 E1.06791
G1 X96.3 Y146.3 F21000
;TYPE:Outer wall
;WIDTH:0.4
G1 F3600
G1 X96.3 Y148.2 E.05359
G1 X105.71 Y148.2 E.26542
G1 X105.71 Y150.8 E.07334
G1 X93.7 Y150.8 E.33876
G1 X93.7 Y74.2 E2.16064
G1 X131.3 Y74.2 E1.06057
G1 X131.3 Y150.8 E2.16064
G1 X119.29 Y150.8 E.33876
G1 X119.29 Y148.2 E.07334
G1 X128.7 Y148.2 E.26542
G1 X128.7 Y146.3 E.05359
G1 X96.34 Y146.3 E.91277
SET_VELOCITY_LIMIT ACCEL=5000 ACCEL_TO_DECEL=2500 SQUARE_CORNER_VELOCITY=9
G1 E-.68
;WIPE_START
G1 X96.319 Y147.3 E-.12
;WIPE_END
G1 X95.264 Y145 Z3.6 F21000
G1 Z3.2
G1 E.8 F2700
;TYPE:Gap infill
;WIDTH:0.593714
G1 F5733.349
G1 X95.198 Y145 E.00288
;WIDTH:0.637779
G1 F5308.652
G1 X95.132 Y145 E.00311
;WIDTH:0.681843
G1 F4942.533
G1 X95.066 Y145 E.00334
;WIDTH:0.681841
G1 X95.044 Y145.088 E.00458
;WIDTH:0.637778
G1 F5308.659
G1 X95.022 Y145.176 E.00427
;WIDTH:0.572176
G1 F5966.671
G1 X95 Y145.264 E.0038
G1 X95 Y149.236 E.16603
;WIDTH:0.594364
G1 F5726.592
G1 X95.023 Y149.345 E.00487
;WIDTH:0.624604
G1 F5428.886
G1 X95.045 Y149.455 E.00514
G1 X95.264 Y149.5 E.01028
;WIDTH:0.571684
G1 F5972.219
G1 X104.674 Y149.5 E.39303
G1 E-.68 F3600
;WIPE_START
G1 F5972.219
G1 X103.674 Y149.5 E-.12
;WIPE_END
G1 X98.243 Y144.137 Z3.6 F21000
G1 X95.066 Y141 Z3.6
G1 Z3.2
G1 E.8 F2700
;WIDTH:0.659811
G1 F5119.051
G1 X95.044 Y140.912 E.00443
;WIDTH:0.637779
G1 F5308.644
G1 X95.022 Y140.824 E.00427
;WIDTH:0.593716
G1 F5733.332
G1 X95 Y140.736 E.00395
;WIDTH:0.571756
G1 F5971.411
G1 X95 Y113.264 E1.14759
G1 X95.022 Y113.176 E.00379
;WIDTH:0.637778
G1 F5308.659
G1 X95.044 Y113.088 E.00427
;WIDTH:0.681841
G1 F4942.543
G1 X95.066 Y113 E.00458
;WIDTH:0.659811
G1 F5119.051
G1 X95.044 Y112.912 E.00443
;WIDTH:0.637779
G1 F5308.644
G1 X95.022 Y112.824 E.00427
;WIDTH:0.593716
G1 F5733.332
G1 X95 Y112.736 E.00395
;WIDTH:0.571756
G1 F5971.411
G1 X95 Y85.264 E1.14759
G1 X95.022 Y85.176 E.00379
;WIDTH:0.637779
G1 F5308.652
G1 X95.044 Y85.088 E.00427
;WIDTH:0.681843
G1 F4942.533
G1 X95.066 Y85 E.00458
;WIDTH:0.681842
G1 X95.132 Y85 E.00334
;WIDTH:0.637779
G1 F5308.65
G1 X95.198 Y85 E.00311
;WIDTH:0.593716
G1 F5733.335
G1 X95.264 Y85 E.00288
;WIDTH:0.571726
G1 F5971.755
G1 X129.802 Y85 E1.44269
;WIDTH:0.637779
G1 F5308.652
G1 X129.868 Y85 E.00311
;WIDTH:0.681843
G1 F4942.533
G1 X129.934 Y85 E.00334
;WIDTH:0.681841
G1 X129.956 Y84.912 E.00458
;WIDTH:0.637778
G1 F5308.659
G1 X129.978 Y84.824 E.00427
;WIDTH:0.572245
G1 F5965.892
G1 X130 Y84.736 E.0038
G1 X130 Y81.264 E.14514
;WIDTH:0.593716
G1 F5733.332
G1 X129.978 Y81.176 E.00395
;WIDTH:0.637779
G1 F5308.644
G1 X129.956 Y81.088 E.00427
;WIDTH:0.681843
G1 F4942.533
G1 X129.934 Y81 E.00458
G1 X129.868 Y81 E.00334
;WIDTH:0.637779
G1 F5308.652
G1 X129.802 Y81 E.00311
;WIDTH:0.571726
G1 F5971.755
G1 X95.264 Y81 E1.44269
;WIDTH:0.593716
G1 F5733.335
G1 X95.198 Y81 E.00288
;WIDTH:0.637779
G1 F5308.65
G1 X95.132 Y81 E.00311
;WIDTH:0.681842
G1 F4942.541
G1 X95.066 Y81 E.00334
G1 X95.066 Y85 F21000
;WIDTH:0.659811
G1 F5119.051
G1 X95.044 Y84.912 E.00443
;WIDTH:0.637779
G1 F5308.644
G1 X95.022 Y84.824 E.00427
;WIDTH:0.593716
G1 F5733.332
G1 X95 Y84.736 E.00395
;WIDTH:0.572245
G1 F5965.892
G1 X95 Y81.264 E.14514
G1 X95.022 Y81.176 E.0038
;WIDTH:0.637779
G1 F5308.652
G1 X95.044 Y81.088 E.00427
;WIDTH:0.681843
G1 F4942.533
G1 X95.066 Y81 E.00458
;WIDTH:0.659811
G1 F5119.051
G1 X95.044 Y80.912 E.00443
;WIDTH:0.637779
G1 F5308.644
G1 X95.022 Y80.824 E.00427
;WIDTH:0.593716
G1 F5733.332
G1 X95 Y80.736 E.00395
;WIDTH:0.571683
G1 F5972.231
G1 X95 Y75.764 E.20764
;WIDTH:0.624604
G1 F5428.886
M73 P41 R7
G1 X95.045 Y75.545 E.01028
G1 X95.155 Y75.523 E.00514
;WIDTH:0.594364
G1 F5726.592
G1 X95.264 Y75.5 E.00487
;WIDTH:0.571683
G1 F5972.231
G1 X129.736 Y75.5 E1.43981
;WIDTH:0.624604
G1 F5428.886
G1 X129.955 Y75.545 E.01028
G1 X129.977 Y75.655 E.00514
;WIDTH:0.594364
G1 F5726.592
G1 X130 Y75.764 E.00487
;WIDTH:0.572079
G1 F5967.769
G1 X130 Y80.736 E.2078
G1 X129.978 Y80.824 E.0038
;WIDTH:0.637778
G1 F5308.659
G1 X129.956 Y80.912 E.00427
;WIDTH:0.681841
G1 F4942.543
G1 X129.934 Y81 E.00458
G1 X129.934 Y85 F21000
;WIDTH:0.681843
G1 F4942.533
G1 X129.956 Y85.088 E.00458
;WIDTH:0.637779
G1 F5308.644
G1 X129.978 Y85.176 E.00427
;WIDTH:0.593716
G1 F5733.332
G1 X130 Y85.264 E.00395
;WIDTH:0.571756
G1 F5971.411
G1 X130 Y112.736 E1.14759
G1 X129.978 Y112.824 E.00379
;WIDTH:0.637779
G1 F5308.652
G1 X129.956 Y112.912 E.00427
;WIDTH:0.681843
G1 F4942.533
G1 X129.934 Y113 E.00458
G1 X129.934 Y141 F21000
;WIDTH:0.681842
G1 F4942.541
G1 X129.868 Y141 E.00334
;WIDTH:0.637779
G1 F5308.65
G1 X129.802 Y141 E.00311
;WIDTH:0.571726
G1 F5971.755
G1 X95.264 Y141 E1.44269
;WIDTH:0.593714
G1 F5733.349
G1 X95.198 Y141 E.00288
;WIDTH:0.637779
G1 F5308.652
G1 X95.132 Y141 E.00311
;WIDTH:0.681843
G1 F4942.533
G1 X95.066 Y141 E.00334
;WIDTH:0.681841
G1 X95.044 Y141.088 E.00458
;WIDTH:0.637778
G1 F5308.659
G1 X95.022 Y141.176 E.00427
;WIDTH:0.572245
G1 F5965.892
G1 X95 Y141.264 E.0038
G1 X95 Y144.736 E.14514
;WIDTH:0.593716
G1 F5733.332
G1 X95.022 Y144.824 E.00395
;WIDTH:0.637779
G1 F5308.644
G1 X95.044 Y144.912 E.00427
;WIDTH:0.659811
G1 F5119.051
G1 X95.066 Y145 E.00443
G1 X95.264 Y145 F21000
;WIDTH:0.571726
G1 F5971.755
G1 X129.802 Y145 E1.44269
;WIDTH:0.637779
G1 F5308.65
G1 X129.868 Y145 E.00311
;WIDTH:0.681842
G1 F4942.541
G1 X129.934 Y145 E.00334
G1 E-.75186 F3600
;WIPE_START
G1 F4942.541
G1 X129.868 Y145 E-.04814
;WIPE_END
G1 X122.965 Y148.256 Z3.6 F21000
G1 X120.326 Y149.5 Z3.6
G1 Z3.2
G1 E.8 F2700
;WIDTH:0.571683
G1 F5972.231
G1 X129.736 Y149.5 E.39303
;WIDTH:0.594364
G1 F5726.592
G1 X129.845 Y149.477 E.00487
;WIDTH:0.624604
G1 F5428.886
G1 X129.955 Y149.455 E.00514
G1 X130 Y149.236 E.01028
;WIDTH:0.571683
G1 F5972.231
G1 X130 Y145.264 E.16587
;WIDTH:0.593716
G1 F5733.332
G1 X129.978 Y145.176 E.00395
;WIDTH:0.637779
G1 F5308.644
G1 X129.956 Y145.088 E.00427
;WIDTH:0.681843
G1 F4942.533
G1 X129.934 Y145 E.00458
G1 X129.956 Y144.912 E.00458
;WIDTH:0.637779
G1 F5308.652
G1 X129.978 Y144.824 E.00427
;WIDTH:0.572245
G1 F5965.892
G1 X130 Y144.736 E.0038
G1 X130 Y141.264 E.14514
;WIDTH:0.593716
G1 F5733.332
G1 X129.978 Y141.176 E.00395
;WIDTH:0.637779
G1 F5308.644
G1 X129.956 Y141.088 E.00427
;WIDTH:0.681843
G1 F4942.533
G1 X129.934 Y141 E.00458
G1 X129.956 Y140.912 E.00458
;WIDTH:0.637779
G1 F5308.652
G1 X129.978 Y140.824 E.00427
;WIDTH:0.571756
G1 F5971.411
G1 X130 Y140.736 E.00379
G1 X130 Y113.264 E1.14759
;WIDTH:0.593716
G1 F5733.332
G1 X129.978 Y113.176 E.00395
;WIDTH:0.637779
G1 F5308.644
G1 X129.956 Y113.088 E.00427
;WIDTH:0.681843
G1 F4942.533
G1 X129.934 Y113 E.00458
;WIDTH:0.681842
G1 X129.868 Y113 E.00334
;WIDTH:0.637779
G1 F5308.65
G1 X129.802 Y113 E.00311
;WIDTH:0.571726
G1 F5971.755
G1 X95.264 Y113 E1.44269
;WIDTH:0.593714
G1 F5733.349
G1 X95.198 Y113 E.00288
;WIDTH:0.637779
G1 F5308.652
G1 X95.132 Y113 E.00311
;WIDTH:0.681843
G1 F4942.533
G1 X95.066 Y113 E.00334
G1 E-.75186 F3600
;WIPE_START
G1 F4942.533
G1 X95.132 Y113 E-.04814
;WIPE_END
G1 X98.064 Y120.047 Z3.6 F21000
G1 X110.122 Y149.032 Z3.6
G1 Z3.2
G1 E.8 F2700
SET_VELOCITY_LIMIT ACCEL=3000 ACCEL_TO_DECEL=1500 SQUARE_CORNER_VELOCITY=7
;TYPE:Inner wall
;WIDTH:0.45
G1 F4800
G1 X114.878 Y149.032 E.15292
G1 X114.878 Y149.968 E.03009
G1 X110.122 Y149.968 E.15292
G1 X110.122 Y149.072 E.02881
SET_VELOCITY_LIMIT ACCEL=5000 ACCEL_TO_DECEL=2500 SQUARE_CORNER_VELOCITY=9
G1 X109.715 Y148.625 F21000
SET_VELOCITY_LIMIT ACCEL=3000 ACCEL_TO_DECEL=1500 SQUARE_CORNER_VELOCITY=7
G1 F4800
G1 X115.285 Y148.625 E.1791
G1 X115.285 Y150.375 E.05627
G1 X109.715 Y150.375 E.1791
G1 X109.715 Y148.665 E.05499
G1 X109.29 Y148.2 F21000
;TYPE:Outer wall
;WIDTH:0.4
G1 F3600
G1 X115.71 Y148.2 E.18108
G1 X115.71 Y150.8 E.07334
G1 X109.29 Y150.8 E.18108
G1 X109.29 Y148.24 E.07221
SET_VELOCITY_LIMIT ACCEL=5000 ACCEL_TO_DECEL=2500 SQUARE_CORNER_VELOCITY=9
G1 E-.68
;WIPE_START
G1 X110.29 Y148.234 E-.12
;WIPE_END
G1 X110.326 Y149.5 Z3.6 F21000
G1 Z3.2
G1 E.8 F2700
;TYPE:Gap infill
;WIDTH:0.571682
G1 F5972.243
G1 X114.674 Y149.5 E.18162
; stop printing object vyper_electronics_cassette.stl id:0 copy 0
;LAYER_CHANGE
;Z:3.4
;HEIGHT:0.2
;BEFORE_LAYER_CHANGE
G92 E0
;3.4


G1 E-.68 F3600
;WIPE_START
G1 F5972.243
G1 X113.674 Y149.5 E-.12
;WIPE_END
EXCLUDE_OBJECT_END NAME=vyper_electronics_cassette.stl_id_0_copy_0
;AFTER_LAYER_CHANGE
;3.4
;_SET_FAN_SPEED_CHANGING_LAYER
; printing object vyper_electronics_cassette.stl id:0 copy 0
EXCLUDE_OBJECT_START NAME=vyper_electronics_cassette.stl_id_0_copy_0
G1 X120.318 Y145.743 Z3.8 F21000
G1 X129.532 Y140.532 Z3.8
G1 Z3.4
G1 E.8 F2700
SET_VELOCITY_LIMIT ACCEL=3000 ACCEL_TO_DECEL=1500 SQUARE_CORNER_VELOCITY=7
;TYPE:Inner wall
;WIDTH:0.45
G1 F4800
G1 X129.532 Y113.468 E.87029
G1 X95.468 Y113.468 E1.09538
G1 X95.468 Y140.532 E.87029
G1 X129.492 Y140.532 E1.09409
SET_VELOCITY_LIMIT ACCEL=5000 ACCEL_TO_DECEL=2500 SQUARE_CORNER_VELOCITY=9
G1 X129.125 Y140.125 F21000
SET_VELOCITY_LIMIT ACCEL=3000 ACCEL_TO_DECEL=1500 SQUARE_CORNER_VELOCITY=7
G1 F4800
G1 X129.125 Y113.875 E.8441
G1 X95.875 Y113.875 E1.0692
G1 X95.875 Y140.125 E.8441
G1 X129.085 Y140.125 E1.06791
G1 X128.7 Y139.7 F21000
M73 P42 R7
;TYPE:Outer wall
;WIDTH:0.4
G1 F3600
G1 X128.7 Y114.3 E.71645
G1 X96.3 Y114.3 E.9139
G1 X96.3 Y139.7 E.71645
G1 X128.66 Y139.7 E.91277
SET_VELOCITY_LIMIT ACCEL=5000 ACCEL_TO_DECEL=2500 SQUARE_CORNER_VELOCITY=9
G1 E-.68
;WIPE_START
G1 X128.662 Y138.7 E-.12
;WIPE_END
G1 X128.786 Y131.069 Z3.8 F21000
G1 X129.532 Y85.468 Z3.8
G1 Z3.4
G1 E.8 F2700
SET_VELOCITY_LIMIT ACCEL=3000 ACCEL_TO_DECEL=1500 SQUARE_CORNER_VELOCITY=7
;TYPE:Inner wall
;WIDTH:0.45
G1 F4800
G1 X95.468 Y85.468 E1.09538
G1 X95.468 Y112.532 E.87029
G1 X129.532 Y112.532 E1.09538
G1 X129.532 Y85.508 E.869
SET_VELOCITY_LIMIT ACCEL=5000 ACCEL_TO_DECEL=2500 SQUARE_CORNER_VELOCITY=9
G1 X129.125 Y85.875 F21000
SET_VELOCITY_LIMIT ACCEL=3000 ACCEL_TO_DECEL=1500 SQUARE_CORNER_VELOCITY=7
G1 F4800
G1 X95.875 Y85.875 E1.0692
G1 X95.875 Y112.125 E.8441
G1 X129.125 Y112.125 E1.0692
G1 X129.125 Y85.915 E.84282
G1 X128.7 Y86.3 F21000
;TYPE:Outer wall
;WIDTH:0.4
G1 F3600
G1 X96.3 Y86.3 E.9139
G1 X96.3 Y111.7 E.71645
G1 X128.7 Y111.7 E.9139
G1 X128.7 Y86.34 E.71532
SET_VELOCITY_LIMIT ACCEL=5000 ACCEL_TO_DECEL=2500 SQUARE_CORNER_VELOCITY=9
G1 E-.68
;WIPE_START
G1 X127.7 Y86.339 E-.12
;WIPE_END
G1 X120.127 Y85.39 Z3.8 F21000
G1 X95.468 Y82.3 Z3.8
M73 P43 R7
G1 Z3.4
G1 E.8 F2700
SET_VELOCITY_LIMIT ACCEL=3000 ACCEL_TO_DECEL=1500 SQUARE_CORNER_VELOCITY=7
;TYPE:Inner wall
;WIDTH:0.45
G1 F4800
G1 X95.468 Y84.532 E.07178
G1 X129.532 Y84.532 E1.09538
G1 X129.532 Y81.468 E.09853
G1 X95.468 Y81.468 E1.09538
G1 X95.468 Y82.26 E.02547
SET_VELOCITY_LIMIT ACCEL=5000 ACCEL_TO_DECEL=2500 SQUARE_CORNER_VELOCITY=9
G1 X95.875 Y82.3 F21000
SET_VELOCITY_LIMIT ACCEL=3000 ACCEL_TO_DECEL=1500 SQUARE_CORNER_VELOCITY=7
G1 F4800
G1 X95.875 Y84.125 E.05869
G1 X129.125 Y84.125 E1.0692
G1 X129.125 Y81.875 E.07235
G1 X95.875 Y81.875 E1.0692
G1 X95.875 Y82.26 E.01238
G1 X96.3 Y82.3 F21000
;TYPE:Outer wall
;WIDTH:0.4
G1 F3600
G1 X96.3 Y83.7 E.03949
G1 X128.7 Y83.7 E.9139
G1 X128.7 Y82.3 E.03949
G1 X96.34 Y82.3 E.91277
SET_VELOCITY_LIMIT ACCEL=5000 ACCEL_TO_DECEL=2500 SQUARE_CORNER_VELOCITY=9
G1 E-.68
;WIPE_START
G1 X96.311 Y83.3 E-.12
;WIPE_END
G1 X95.468 Y80.532 Z3.8 F21000
G1 Z3.4
G1 E.8 F2700
SET_VELOCITY_LIMIT ACCEL=3000 ACCEL_TO_DECEL=1500 SQUARE_CORNER_VELOCITY=7
;TYPE:Inner wall
;WIDTH:0.45
G1 F4800
G1 X129.532 Y80.532 E1.09538
G1 X129.532 Y75.968 E.14677
G1 X95.468 Y75.968 E1.09538
G1 X95.468 Y80.492 E.14548
SET_VELOCITY_LIMIT ACCEL=5000 ACCEL_TO_DECEL=2500 SQUARE_CORNER_VELOCITY=9
G1 X95.875 Y80.125 F21000
SET_VELOCITY_LIMIT ACCEL=3000 ACCEL_TO_DECEL=1500 SQUARE_CORNER_VELOCITY=7
G1 F4800
G1 X129.125 Y80.125 E1.0692
G1 X129.125 Y76.375 E.12059
G1 X95.875 Y76.375 E1.0692
G1 X95.875 Y80.085 E.1193
G1 X96.3 Y79.7 F21000
;TYPE:Outer wall
;WIDTH:0.4
G1 F3600
G1 X128.7 Y79.7 E.9139
G1 X128.7 Y76.8 E.0818
G1 X96.3 Y76.8 E.9139
G1 X96.3 Y79.66 E.08067
SET_VELOCITY_LIMIT ACCEL=5000 ACCEL_TO_DECEL=2500 SQUARE_CORNER_VELOCITY=9
G1 E-.68
;WIPE_START
G1 X97.3 Y79.661 E-.12
;WIPE_END
G1 X100.696 Y86.496 Z3.8 F21000
G1 X129.532 Y144.532 Z3.8
G1 Z3.4
G1 E.8 F2700
SET_VELOCITY_LIMIT ACCEL=3000 ACCEL_TO_DECEL=1500 SQUARE_CORNER_VELOCITY=7
;TYPE:Inner wall
;WIDTH:0.45
G1 F4800
G1 X129.532 Y141.468 E.09853
G1 X95.468 Y141.468 E1.09538
G1 X95.468 Y144.532 E.09853
M73 P44 R7
G1 X129.492 Y144.532 E1.09409
SET_VELOCITY_LIMIT ACCEL=5000 ACCEL_TO_DECEL=2500 SQUARE_CORNER_VELOCITY=9
G1 X129.125 Y144.125 F21000
SET_VELOCITY_LIMIT ACCEL=3000 ACCEL_TO_DECEL=1500 SQUARE_CORNER_VELOCITY=7
G1 F4800
G1 X129.125 Y141.875 E.07235
G1 X95.875 Y141.875 E1.0692
G1 X95.875 Y144.125 E.07235
G1 X129.085 Y144.125 E1.06791
G1 X128.7 Y143.7 F21000
;TYPE:Outer wall
;WIDTH:0.4
G1 F3600
G1 X128.7 Y142.3 E.03949
G1 X96.3 Y142.3 E.9139
G1 X96.3 Y143.7 E.03949
G1 X128.66 Y143.7 E.91277
SET_VELOCITY_LIMIT ACCEL=5000 ACCEL_TO_DECEL=2500 SQUARE_CORNER_VELOCITY=9
G1 E-.68
;WIPE_START
G1 X128.689 Y142.7 E-.12
;WIPE_END
G1 X121.082 Y143.334 Z3.8 F21000
G1 X95.468 Y145.468 Z3.8
G1 Z3.4
G1 E.8 F2700
SET_VELOCITY_LIMIT ACCEL=3000 ACCEL_TO_DECEL=1500 SQUARE_CORNER_VELOCITY=7
;TYPE:Inner wall
;WIDTH:0.45
G1 F4800
G1 X95.468 Y149.032 E.11461
G1 X104.816 Y149.032 E.3006
G1 X104.816 Y149.968 E.03009
G1 X94.532 Y149.968 E.33069
G1 X94.532 Y75.032 E2.40966
G1 X130.468 Y75.032 E1.15557
G1 X130.468 Y149.968 E2.40966
G1 X120.184 Y149.968 E.33069
G1 X120.184 Y149.032 E.03009
G1 X129.532 Y149.032 E.3006
G1 X129.532 Y145.468 E.11461
G1 X95.508 Y145.468 E1.09409
SET_VELOCITY_LIMIT ACCEL=5000 ACCEL_TO_DECEL=2500 SQUARE_CORNER_VELOCITY=9
G1 X95.875 Y145.875 F21000
SET_VELOCITY_LIMIT ACCEL=3000 ACCEL_TO_DECEL=1500 SQUARE_CORNER_VELOCITY=7
G1 F4800
G1 X95.875 Y148.625 E.08843
G1 X105.223 Y148.625 E.3006
G1 X105.223 Y150.375 E.05627
G1 X94.125 Y150.375 E.35688
G1 X94.125 Y74.625 E2.43584
G1 X130.875 Y74.625 E1.18175
M73 P45 R7
G1 X130.875 Y150.375 E2.43584
G1 X119.777 Y150.375 E.35688
G1 X119.777 Y148.625 E.05627
G1 X129.125 Y148.625 E.3006
G1 X129.125 Y145.875 E.08843
G1 X95.915 Y145.875 E1.06791
G1 X96.3 Y146.3 F21000
;TYPE:Outer wall
;WIDTH:0.4
G1 F3600
G1 X96.3 Y148.2 E.05359
G1 X105.648 Y148.2 E.26368
G1 X105.648 Y150.8 E.07334
G1 X93.7 Y150.8 E.33702
G1 X93.7 Y74.2 E2.16064
G1 X131.3 Y74.2 E1.06057
G1 X131.3 Y150.8 E2.16064
G1 X119.352 Y150.8 E.33702
G1 X119.352 Y148.2 E.07334
G1 X128.7 Y148.2 E.26368
G1 X128.7 Y146.3 E.05359
G1 X96.34 Y146.3 E.91277
SET_VELOCITY_LIMIT ACCEL=5000 ACCEL_TO_DECEL=2500 SQUARE_CORNER_VELOCITY=9
G1 E-.68
;WIPE_START
G1 X96.319 Y147.3 E-.12
;WIPE_END
G1 X95.264 Y145 Z3.8 F21000
G1 Z3.4
G1 E.8 F2700
;TYPE:Gap infill
;WIDTH:0.593714
G1 F5733.349
G1 X95.198 Y145 E.00288
;WIDTH:0.637779
G1 F5308.652
G1 X95.132 Y145 E.00311
;WIDTH:0.681843
G1 F4942.533
G1 X95.066 Y145 E.00334
;WIDTH:0.681841
G1 X95.044 Y145.088 E.00458
;WIDTH:0.637778
G1 F5308.659
G1 X95.022 Y145.176 E.00427
;WIDTH:0.572176
G1 F5966.671
G1 X95 Y145.264 E.0038
G1 X95 Y149.236 E.16603
;WIDTH:0.594364
G1 F5726.592
G1 X95.023 Y149.345 E.00487
;WIDTH:0.624604
G1 F5428.886
G1 X95.045 Y149.455 E.00514
G1 X95.264 Y149.5 E.01028
;WIDTH:0.571684
G1 F5972.219
M73 P46 R7
G1 X104.613 Y149.5 E.39046
G1 E-.68 F3600
;WIPE_START
G1 F5972.219
G1 X103.613 Y149.5 E-.12
;WIPE_END
G1 X98.201 Y144.118 Z3.8 F21000
G1 X95.066 Y141 Z3.8
G1 Z3.4
G1 E.8 F2700
;WIDTH:0.659811
G1 F5119.051
G1 X95.044 Y140.912 E.00443
;WIDTH:0.637779
G1 F5308.644
G1 X95.022 Y140.824 E.00427
;WIDTH:0.593716
G1 F5733.332
G1 X95 Y140.736 E.00395
;WIDTH:0.571756
G1 F5971.411
G1 X95 Y113.264 E1.14759
G1 X95.022 Y113.176 E.00379
;WIDTH:0.637778
G1 F5308.659
G1 X95.044 Y113.088 E.00427
;WIDTH:0.681841
G1 F4942.543
G1 X95.066 Y113 E.00458
;WIDTH:0.659811
G1 F5119.051
G1 X95.044 Y112.912 E.00443
;WIDTH:0.637779
G1 F5308.644
G1 X95.022 Y112.824 E.00427
;WIDTH:0.593716
G1 F5733.332
G1 X95 Y112.736 E.00395
;WIDTH:0.571756
G1 F5971.411
G1 X95 Y85.264 E1.14759
G1 X95.022 Y85.176 E.00379
;WIDTH:0.637779
G1 F5308.652
G1 X95.044 Y85.088 E.00427
;WIDTH:0.681843
G1 F4942.533
G1 X95.066 Y85 E.00458
;WIDTH:0.681842
G1 X95.132 Y85 E.00334
;WIDTH:0.637779
G1 F5308.65
G1 X95.198 Y85 E.00311
;WIDTH:0.593716
G1 F5733.335
G1 X95.264 Y85 E.00288
;WIDTH:0.571726
G1 F5971.755
G1 X129.802 Y85 E1.44269
;WIDTH:0.637779
G1 F5308.652
M73 P46 R6
G1 X129.868 Y85 E.00311
;WIDTH:0.681843
G1 F4942.533
G1 X129.934 Y85 E.00334
;WIDTH:0.681841
G1 X129.956 Y84.912 E.00458
;WIDTH:0.637778
G1 F5308.659
G1 X129.978 Y84.824 E.00427
;WIDTH:0.572245
G1 F5965.892
G1 X130 Y84.736 E.0038
G1 X130 Y81.264 E.14514
;WIDTH:0.593716
G1 F5733.332
G1 X129.978 Y81.176 E.00395
;WIDTH:0.637779
G1 F5308.644
G1 X129.956 Y81.088 E.00427
;WIDTH:0.681843
G1 F4942.533
G1 X129.934 Y81 E.00458
G1 X129.868 Y81 E.00334
;WIDTH:0.637779
G1 F5308.652
G1 X129.802 Y81 E.00311
;WIDTH:0.571726
G1 F5971.755
G1 X95.264 Y81 E1.44269
;WIDTH:0.593716
G1 F5733.335
G1 X95.198 Y81 E.00288
;WIDTH:0.637779
G1 F5308.65
G1 X95.132 Y81 E.00311
;WIDTH:0.681842
G1 F4942.541
G1 X95.066 Y81 E.00334
G1 X95.066 Y85 F21000
;WIDTH:0.659811
G1 F5119.051
G1 X95.044 Y84.912 E.00443
;WIDTH:0.637779
G1 F5308.644
G1 X95.022 Y84.824 E.00427
;WIDTH:0.593716
G1 F5733.332
G1 X95 Y84.736 E.00395
;WIDTH:0.572245
G1 F5965.892
G1 X95 Y81.264 E.14514
G1 X95.022 Y81.176 E.0038
;WIDTH:0.637779
G1 F5308.652
G1 X95.044 Y81.088 E.00427
;WIDTH:0.681843
G1 F4942.533
G1 X95.066 Y81 E.00458
;WIDTH:0.659811
G1 F5119.051
G1 X95.044 Y80.912 E.00443
;WIDTH:0.637779
G1 F5308.644
G1 X95.022 Y80.824 E.00427
;WIDTH:0.593716
G1 F5733.332
G1 X95 Y80.736 E.00395
;WIDTH:0.571683
G1 F5972.231
G1 X95 Y75.764 E.20764
;WIDTH:0.624604
G1 F5428.886
G1 X95.045 Y75.545 E.01028
G1 X95.155 Y75.523 E.00514
;WIDTH:0.594364
G1 F5726.592
G1 X95.264 Y75.5 E.00487
;WIDTH:0.571683
G1 F5972.231
G1 X129.736 Y75.5 E1.43981
;WIDTH:0.624604
G1 F5428.886
G1 X129.955 Y75.545 E.01028
G1 X129.977 Y75.655 E.00514
;WIDTH:0.594364
G1 F5726.592
G1 X130 Y75.764 E.00487
;WIDTH:0.572079
G1 F5967.769
G1 X130 Y80.736 E.2078
G1 X129.978 Y80.824 E.0038
;WIDTH:0.637778
G1 F5308.659
G1 X129.956 Y80.912 E.00427
;WIDTH:0.681841
G1 F4942.543
G1 X129.934 Y81 E.00458
G1 X129.934 Y85 F21000
;WIDTH:0.681843
G1 F4942.533
G1 X129.956 Y85.088 E.00458
;WIDTH:0.637779
G1 F5308.644
G1 X129.978 Y85.176 E.00427
;WIDTH:0.593716
G1 F5733.332
G1 X130 Y85.264 E.00395
;WIDTH:0.571756
G1 F5971.411
G1 X130 Y112.736 E1.14759
G1 X129.978 Y112.824 E.00379
;WIDTH:0.637779
G1 F5308.652
G1 X129.956 Y112.912 E.00427
;WIDTH:0.681843
G1 F4942.533
G1 X129.934 Y113 E.00458
G1 X129.934 Y141 F21000
;WIDTH:0.681842
G1 F4942.541
G1 X129.868 Y141 E.00334
;WIDTH:0.637779
G1 F5308.65
G1 X129.802 Y141 E.00311
;WIDTH:0.571726
G1 F5971.755
G1 X95.264 Y141 E1.44269
;WIDTH:0.593714
G1 F5733.349
G1 X95.198 Y141 E.00288
;WIDTH:0.637779
G1 F5308.652
G1 X95.132 Y141 E.00311
;WIDTH:0.681843
G1 F4942.533
G1 X95.066 Y141 E.00334
;WIDTH:0.681841
G1 X95.044 Y141.088 E.00458
;WIDTH:0.637778
G1 F5308.659
G1 X95.022 Y141.176 E.00427
;WIDTH:0.572245
G1 F5965.892
G1 X95 Y141.264 E.0038
G1 X95 Y144.736 E.14514
;WIDTH:0.593716
G1 F5733.332
G1 X95.022 Y144.824 E.00395
;WIDTH:0.637779
G1 F5308.644
G1 X95.044 Y144.912 E.00427
;WIDTH:0.659811
G1 F5119.051
G1 X95.066 Y145 E.00443
G1 X95.264 Y145 F21000
;WIDTH:0.571726
G1 F5971.755
G1 X129.802 Y145 E1.44269
;WIDTH:0.637779
G1 F5308.65
G1 X129.868 Y145 E.00311
;WIDTH:0.681842
G1 F4942.541
G1 X129.934 Y145 E.00334
G1 E-.75186 F3600
;WIPE_START
G1 F4942.541
G1 X129.868 Y145 E-.04814
;WIPE_END
G1 X122.973 Y148.273 Z3.8 F21000
G1 X120.388 Y149.5 Z3.8
G1 Z3.4
G1 E.8 F2700
;WIDTH:0.571682
G1 F5972.243
G1 X129.736 Y149.5 E.39046
;WIDTH:0.594364
G1 F5726.592
G1 X129.845 Y149.477 E.00487
;WIDTH:0.624604
G1 F5428.886
G1 X129.955 Y149.455 E.00514
G1 X130 Y149.236 E.01028
;WIDTH:0.571683
G1 F5972.231
G1 X130 Y145.264 E.16587
;WIDTH:0.593716
G1 F5733.332
G1 X129.978 Y145.176 E.00395
;WIDTH:0.637779
G1 F5308.644
G1 X129.956 Y145.088 E.00427
;WIDTH:0.681843
G1 F4942.533
G1 X129.934 Y145 E.00458
G1 X129.956 Y144.912 E.00458
;WIDTH:0.637779
G1 F5308.652
G1 X129.978 Y144.824 E.00427
;WIDTH:0.572245
G1 F5965.892
G1 X130 Y144.736 E.0038
G1 X130 Y141.264 E.14514
;WIDTH:0.593716
G1 F5733.332
G1 X129.978 Y141.176 E.00395
;WIDTH:0.637779
G1 F5308.644
G1 X129.956 Y141.088 E.00427
;WIDTH:0.681843
G1 F4942.533
G1 X129.934 Y141 E.00458
G1 X129.956 Y140.912 E.00458
;WIDTH:0.637779
G1 F5308.652
G1 X129.978 Y140.824 E.00427
;WIDTH:0.571756
G1 F5971.411
G1 X130 Y140.736 E.00379
G1 X130 Y113.264 E1.14759
;WIDTH:0.593716
G1 F5733.332
G1 X129.978 Y113.176 E.00395
;WIDTH:0.637779
G1 F5308.644
G1 X129.956 Y113.088 E.00427
;WIDTH:0.681843
G1 F4942.533
G1 X129.934 Y113 E.00458
;WIDTH:0.681842
G1 X129.868 Y113 E.00334
;WIDTH:0.637779
G1 F5308.65
G1 X129.802 Y113 E.00311
;WIDTH:0.571726
G1 F5971.755
G1 X95.264 Y113 E1.44269
;WIDTH:0.593714
G1 F5733.349
G1 X95.198 Y113 E.00288
;WIDTH:0.637779
G1 F5308.652
G1 X95.132 Y113 E.00311
;WIDTH:0.681843
G1 F4942.533
G1 X95.066 Y113 E.00334
G1 E-.75186 F3600
;WIPE_START
G1 F4942.533
G1 X95.132 Y113 E-.04814
;WIPE_END
G1 X98.074 Y120.043 Z3.8 F21000
G1 X110.184 Y149.032 Z3.8
G1 Z3.4
G1 E.8 F2700
SET_VELOCITY_LIMIT ACCEL=3000 ACCEL_TO_DECEL=1500 SQUARE_CORNER_VELOCITY=7
;TYPE:Inner wall
;WIDTH:0.45
G1 F4800
G1 X114.816 Y149.032 E.14895
G1 X114.816 Y149.968 E.03009
G1 X110.184 Y149.968 E.14895
G1 X110.184 Y149.072 E.02881
SET_VELOCITY_LIMIT ACCEL=5000 ACCEL_TO_DECEL=2500 SQUARE_CORNER_VELOCITY=9
G1 X109.777 Y148.625 F21000
SET_VELOCITY_LIMIT ACCEL=3000 ACCEL_TO_DECEL=1500 SQUARE_CORNER_VELOCITY=7
G1 F4800
G1 X115.223 Y148.625 E.17513
G1 X115.223 Y150.375 E.05627
G1 X109.777 Y150.375 E.17513
G1 X109.777 Y148.665 E.05499
G1 X109.352 Y148.2 F21000
;TYPE:Outer wall
;WIDTH:0.4
G1 F3600
G1 X115.648 Y148.2 E.1776
G1 X115.648 Y150.8 E.07334
G1 X109.352 Y150.8 E.1776
G1 X109.352 Y148.24 E.07221
SET_VELOCITY_LIMIT ACCEL=5000 ACCEL_TO_DECEL=2500 SQUARE_CORNER_VELOCITY=9
G1 E-.68
;WIPE_START
G1 X110.352 Y148.234 E-.12
;WIPE_END
G1 X110.388 Y149.5 Z3.8 F21000
G1 Z3.4
G1 E.8 F2700
;TYPE:Gap infill
;WIDTH:0.571682
G1 F5972.243
G1 X114.613 Y149.5 E.17647
; stop printing object vyper_electronics_cassette.stl id:0 copy 0
;LAYER_CHANGE
;Z:3.6
;HEIGHT:0.2
;BEFORE_LAYER_CHANGE
G92 E0
;3.6


G1 E-.68 F3600
;WIPE_START
G1 F5972.243
G1 X113.613 Y149.5 E-.12
;WIPE_END
EXCLUDE_OBJECT_END NAME=vyper_electronics_cassette.stl_id_0_copy_0
;AFTER_LAYER_CHANGE
;3.6
;_SET_FAN_SPEED_CHANGING_LAYER
; printing object vyper_electronics_cassette.stl id:0 copy 0
EXCLUDE_OBJECT_START NAME=vyper_electronics_cassette.stl_id_0_copy_0
G1 X120.262 Y145.754 Z4 F21000
G1 X129.532 Y140.532 Z4
G1 Z3.6
G1 E.8 F2700
SET_VELOCITY_LIMIT ACCEL=3000 ACCEL_TO_DECEL=1500 SQUARE_CORNER_VELOCITY=7
;TYPE:Inner wall
;WIDTH:0.45
G1 F4800
G1 X129.532 Y113.468 E.87029
G1 X95.468 Y113.468 E1.09538
G1 X95.468 Y140.532 E.87029
G1 X129.492 Y140.532 E1.09409
M73 P47 R6
SET_VELOCITY_LIMIT ACCEL=5000 ACCEL_TO_DECEL=2500 SQUARE_CORNER_VELOCITY=9
G1 X129.125 Y140.125 F21000
SET_VELOCITY_LIMIT ACCEL=3000 ACCEL_TO_DECEL=1500 SQUARE_CORNER_VELOCITY=7
G1 F4800
G1 X129.125 Y113.875 E.8441
G1 X95.875 Y113.875 E1.0692
G1 X95.875 Y140.125 E.8441
G1 X129.085 Y140.125 E1.06791
G1 X128.7 Y139.7 F21000
;TYPE:Outer wall
;WIDTH:0.4
G1 F3600
G1 X128.7 Y114.3 E.71645
G1 X96.3 Y114.3 E.9139
G1 X96.3 Y139.7 E.71645
G1 X128.66 Y139.7 E.91277
SET_VELOCITY_LIMIT ACCEL=5000 ACCEL_TO_DECEL=2500 SQUARE_CORNER_VELOCITY=9
G1 E-.68
;WIPE_START
G1 X128.662 Y138.7 E-.12
;WIPE_END
G1 X128.786 Y131.069 Z4 F21000
G1 X129.532 Y85.468 Z4
G1 Z3.6
G1 E.8 F2700
SET_VELOCITY_LIMIT ACCEL=3000 ACCEL_TO_DECEL=1500 SQUARE_CORNER_VELOCITY=7
;TYPE:Inner wall
;WIDTH:0.45
G1 F4800
G1 X95.468 Y85.468 E1.09538
G1 X95.468 Y112.532 E.87029
G1 X129.532 Y112.532 E1.09538
G1 X129.532 Y85.508 E.869
SET_VELOCITY_LIMIT ACCEL=5000 ACCEL_TO_DECEL=2500 SQUARE_CORNER_VELOCITY=9
G1 X129.125 Y85.875 F21000
SET_VELOCITY_LIMIT ACCEL=3000 ACCEL_TO_DECEL=1500 SQUARE_CORNER_VELOCITY=7
G1 F4800
G1 X95.875 Y85.875 E1.0692
G1 X95.875 Y112.125 E.8441
G1 X129.125 Y112.125 E1.0692
G1 X129.125 Y85.915 E.84282
G1 X128.7 Y86.3 F21000
;TYPE:Outer wall
;WIDTH:0.4
G1 F3600
G1 X96.3 Y86.3 E.9139
G1 X96.3 Y111.7 E.71645
M73 P48 R6
G1 X128.7 Y111.7 E.9139
G1 X128.7 Y86.34 E.71532
SET_VELOCITY_LIMIT ACCEL=5000 ACCEL_TO_DECEL=2500 SQUARE_CORNER_VELOCITY=9
G1 E-.68
;WIPE_START
G1 X127.7 Y86.339 E-.12
;WIPE_END
G1 X120.158 Y85.169 Z4 F21000
G1 X96.3 Y81.468 Z4
G1 Z3.6
G1 E.8 F2700
SET_VELOCITY_LIMIT ACCEL=3000 ACCEL_TO_DECEL=1500 SQUARE_CORNER_VELOCITY=7
;TYPE:Inner wall
;WIDTH:0.45
G1 F4800
G1 X95.468 Y81.468 E.02676
G1 X95.468 Y84.532 E.09853
G1 X129.532 Y84.532 E1.09538
G1 X129.532 Y81.468 E.09853
G1 X96.34 Y81.468 E1.06734
SET_VELOCITY_LIMIT ACCEL=5000 ACCEL_TO_DECEL=2500 SQUARE_CORNER_VELOCITY=9
G1 X96.3 Y81.875 F21000
SET_VELOCITY_LIMIT ACCEL=3000 ACCEL_TO_DECEL=1500 SQUARE_CORNER_VELOCITY=7
G1 F4800
G1 X95.875 Y81.875 E.01367
G1 X95.875 Y84.125 E.07235
G1 X129.125 Y84.125 E1.0692
G1 X129.125 Y81.875 E.07235
G1 X96.34 Y81.875 E1.05425
G1 X96.3 Y82.3 F21000
;TYPE:Outer wall
;WIDTH:0.4
G1 F3600
G1 X96.3 Y83.7 E.03949
G1 X128.7 Y83.7 E.9139
G1 X128.7 Y82.3 E.03949
G1 X96.34 Y82.3 E.91277
SET_VELOCITY_LIMIT ACCEL=5000 ACCEL_TO_DECEL=2500 SQUARE_CORNER_VELOCITY=9
G1 E-.68
;WIPE_START
G1 X96.311 Y83.3 E-.12
;WIPE_END
G1 X95.468 Y80.532 Z4 F21000
G1 Z3.6
G1 E.8 F2700
SET_VELOCITY_LIMIT ACCEL=3000 ACCEL_TO_DECEL=1500 SQUARE_CORNER_VELOCITY=7
;TYPE:Inner wall
;WIDTH:0.45
G1 F4800
G1 X129.532 Y80.532 E1.09538
G1 X129.532 Y75.968 E.14677
G1 X95.468 Y75.968 E1.09538
G1 X95.468 Y80.492 E.14548
SET_VELOCITY_LIMIT ACCEL=5000 ACCEL_TO_DECEL=2500 SQUARE_CORNER_VELOCITY=9
G1 X95.875 Y80.125 F21000
SET_VELOCITY_LIMIT ACCEL=3000 ACCEL_TO_DECEL=1500 SQUARE_CORNER_VELOCITY=7
G1 F4800
G1 X129.125 Y80.125 E1.0692
G1 X129.125 Y76.375 E.12059
G1 X95.875 Y76.375 E1.0692
G1 X95.875 Y80.085 E.1193
G1 X96.3 Y79.7 F21000
;TYPE:Outer wall
;WIDTH:0.4
G1 F3600
G1 X128.7 Y79.7 E.9139
G1 X128.7 Y76.8 E.0818
M73 P49 R6
G1 X96.3 Y76.8 E.9139
G1 X96.3 Y79.66 E.08067
SET_VELOCITY_LIMIT ACCEL=5000 ACCEL_TO_DECEL=2500 SQUARE_CORNER_VELOCITY=9
G1 E-.68
;WIPE_START
G1 X97.3 Y79.661 E-.12
;WIPE_END
G1 X100.696 Y86.496 Z4 F21000
G1 X129.532 Y144.532 Z4
G1 Z3.6
G1 E.8 F2700
SET_VELOCITY_LIMIT ACCEL=3000 ACCEL_TO_DECEL=1500 SQUARE_CORNER_VELOCITY=7
;TYPE:Inner wall
;WIDTH:0.45
G1 F4800
G1 X129.532 Y141.468 E.09853
G1 X95.468 Y141.468 E1.09538
G1 X95.468 Y144.532 E.09853
G1 X129.492 Y144.532 E1.09409
SET_VELOCITY_LIMIT ACCEL=5000 ACCEL_TO_DECEL=2500 SQUARE_CORNER_VELOCITY=9
G1 X129.125 Y144.125 F21000
SET_VELOCITY_LIMIT ACCEL=3000 ACCEL_TO_DECEL=1500 SQUARE_CORNER_VELOCITY=7
G1 F4800
G1 X129.125 Y141.875 E.07235
G1 X95.875 Y141.875 E1.0692
G1 X95.875 Y144.125 E.07235
G1 X129.085 Y144.125 E1.06791
G1 X128.7 Y143.7 F21000
;TYPE:Outer wall
;WIDTH:0.4
G1 F3600
G1 X128.7 Y142.3 E.03949
G1 X96.3 Y142.3 E.9139
G1 X96.3 Y143.7 E.03949
G1 X128.66 Y143.7 E.91277
SET_VELOCITY_LIMIT ACCEL=5000 ACCEL_TO_DECEL=2500 SQUARE_CORNER_VELOCITY=9
G1 E-.68
;WIPE_START
G1 X128.689 Y142.7 E-.12
;WIPE_END
G1 X121.082 Y143.334 Z4 F21000
G1 X95.468 Y145.468 Z4
G1 Z3.6
G1 E.8 F2700
SET_VELOCITY_LIMIT ACCEL=3000 ACCEL_TO_DECEL=1500 SQUARE_CORNER_VELOCITY=7
;TYPE:Inner wall
;WIDTH:0.45
G1 F4800
G1 X95.468 Y149.032 E.11461
G1 X104.78 Y149.032 E.29945
G1 X104.78 Y149.968 E.03009
G1 X94.532 Y149.968 E.32954
G1 X94.532 Y75.032 E2.40966
G1 X130.468 Y75.032 E1.15557
G1 X130.468 Y149.968 E2.40966
G1 X120.22 Y149.968 E.32954
M73 P50 R6
G1 X120.22 Y149.032 E.03009
G1 X129.532 Y149.032 E.29945
G1 X129.532 Y145.468 E.11461
G1 X95.508 Y145.468 E1.09409
SET_VELOCITY_LIMIT ACCEL=5000 ACCEL_TO_DECEL=2500 SQUARE_CORNER_VELOCITY=9
G1 X95.875 Y145.875 F21000
SET_VELOCITY_LIMIT ACCEL=3000 ACCEL_TO_DECEL=1500 SQUARE_CORNER_VELOCITY=7
G1 F4800
G1 X95.875 Y148.625 E.08843
G1 X105.187 Y148.625 E.29945
G1 X105.187 Y150.375 E.05627
G1 X94.125 Y150.375 E.35572
G1 X94.125 Y74.625 E2.43584
G1 X130.875 Y74.625 E1.18175
G1 X130.875 Y150.375 E2.43584
G1 X119.813 Y150.375 E.35572
G1 X119.813 Y148.625 E.05627
G1 X129.125 Y148.625 E.29945
G1 X129.125 Y145.875 E.08843
G1 X95.915 Y145.875 E1.06791
G1 X96.3 Y146.3 F21000
;TYPE:Outer wall
;WIDTH:0.4
G1 F3600
G1 X96.3 Y148.2 E.05359
G1 X105.612 Y148.2 E.26267
G1 X105.612 Y150.8 E.07334
G1 X93.7 Y150.8 E.33601
G1 X93.7 Y74.2 E2.16064
G1 X131.3 Y74.2 E1.06057
G1 X131.3 Y150.8 E2.16064
G1 X119.388 Y150.8 E.33601
M73 P51 R6
G1 X119.388 Y148.2 E.07334
G1 X128.7 Y148.2 E.26267
G1 X128.7 Y146.3 E.05359
G1 X96.34 Y146.3 E.91277
SET_VELOCITY_LIMIT ACCEL=5000 ACCEL_TO_DECEL=2500 SQUARE_CORNER_VELOCITY=9
G1 E-.68
;WIPE_START
G1 X96.319 Y147.3 E-.12
;WIPE_END
G1 X95.264 Y145 Z4 F21000
G1 Z3.6
G1 E.8 F2700
;TYPE:Gap infill
;WIDTH:0.593714
G1 F5733.349
G1 X95.198 Y145 E.00288
;WIDTH:0.637779
G1 F5308.652
G1 X95.132 Y145 E.00311
;WIDTH:0.681843
G1 F4942.533
G1 X95.066 Y145 E.00334
;WIDTH:0.681841
G1 X95.044 Y145.088 E.00458
;WIDTH:0.637778
G1 F5308.659
G1 X95.022 Y145.176 E.00427
;WIDTH:0.572176
G1 F5966.671
G1 X95 Y145.264 E.0038
G1 X95 Y149.236 E.16603
;WIDTH:0.594364
G1 F5726.592
G1 X95.023 Y149.345 E.00487
;WIDTH:0.624604
G1 F5428.886
G1 X95.045 Y149.455 E.00514
G1 X95.264 Y149.5 E.01028
;WIDTH:0.571684
G1 F5972.219
G1 X104.577 Y149.5 E.38896
G1 E-.68 F3600
;WIPE_START
G1 F5972.219
G1 X103.577 Y149.5 E-.12
;WIPE_END
G1 X98.176 Y144.106 Z4 F21000
G1 X95.066 Y141 Z4
G1 Z3.6
G1 E.8 F2700
;WIDTH:0.659811
G1 F5119.051
G1 X95.044 Y140.912 E.00443
;WIDTH:0.637779
G1 F5308.644
G1 X95.022 Y140.824 E.00427
;WIDTH:0.593716
G1 F5733.332
G1 X95 Y140.736 E.00395
;WIDTH:0.571756
G1 F5971.411
G1 X95 Y113.264 E1.14759
G1 X95.022 Y113.176 E.00379
;WIDTH:0.637778
G1 F5308.659
G1 X95.044 Y113.088 E.00427
;WIDTH:0.681841
G1 F4942.543
G1 X95.066 Y113 E.00458
;WIDTH:0.659811
G1 F5119.051
G1 X95.044 Y112.912 E.00443
;WIDTH:0.637779
G1 F5308.644
G1 X95.022 Y112.824 E.00427
;WIDTH:0.593716
G1 F5733.332
G1 X95 Y112.736 E.00395
;WIDTH:0.571756
G1 F5971.411
G1 X95 Y85.264 E1.14759
G1 X95.022 Y85.176 E.00379
;WIDTH:0.637779
G1 F5308.652
G1 X95.044 Y85.088 E.00427
;WIDTH:0.681843
G1 F4942.533
G1 X95.066 Y85 E.00458
;WIDTH:0.681842
G1 X95.132 Y85 E.00334
;WIDTH:0.637779
G1 F5308.65
G1 X95.198 Y85 E.00311
;WIDTH:0.593716
G1 F5733.335
G1 X95.264 Y85 E.00288
;WIDTH:0.571726
G1 F5971.755
G1 X129.802 Y85 E1.44269
;WIDTH:0.637779
G1 F5308.652
G1 X129.868 Y85 E.00311
;WIDTH:0.681843
G1 F4942.533
G1 X129.934 Y85 E.00334
;WIDTH:0.681841
G1 X129.956 Y84.912 E.00458
;WIDTH:0.637778
G1 F5308.659
G1 X129.978 Y84.824 E.00427
;WIDTH:0.572245
G1 F5965.892
G1 X130 Y84.736 E.0038
G1 X130 Y81.264 E.14514
;WIDTH:0.593716
G1 F5733.332
G1 X129.978 Y81.176 E.00395
;WIDTH:0.637779
G1 F5308.644
G1 X129.956 Y81.088 E.00427
;WIDTH:0.681843
G1 F4942.533
G1 X129.934 Y81 E.00458
G1 X129.868 Y81 E.00334
;WIDTH:0.637779
G1 F5308.652
G1 X129.802 Y81 E.00311
;WIDTH:0.571726
G1 F5971.755
G1 X95.264 Y81 E1.44269
;WIDTH:0.593716
G1 F5733.335
G1 X95.198 Y81 E.00288
;WIDTH:0.637779
G1 F5308.65
G1 X95.132 Y81 E.00311
;WIDTH:0.681842
G1 F4942.541
G1 X95.066 Y81 E.00334
G1 X95.066 Y85 F21000
;WIDTH:0.659811
G1 F5119.051
G1 X95.044 Y84.912 E.00443
;WIDTH:0.637779
G1 F5308.644
G1 X95.022 Y84.824 E.00427
;WIDTH:0.593716
G1 F5733.332
G1 X95 Y84.736 E.00395
;WIDTH:0.572245
G1 F5965.892
G1 X95 Y81.264 E.14514
G1 X95.022 Y81.176 E.0038
;WIDTH:0.637779
G1 F5308.652
G1 X95.044 Y81.088 E.00427
;WIDTH:0.681843
G1 F4942.533
G1 X95.066 Y81 E.00458
;WIDTH:0.659811
G1 F5119.051
G1 X95.044 Y80.912 E.00443
;WIDTH:0.637779
G1 F5308.644
G1 X95.022 Y80.824 E.00427
;WIDTH:0.593716
G1 F5733.332
G1 X95 Y80.736 E.00395
;WIDTH:0.571683
G1 F5972.231
G1 X95 Y75.764 E.20764
;WIDTH:0.624604
G1 F5428.886
G1 X95.045 Y75.545 E.01028
G1 X95.155 Y75.523 E.00514
;WIDTH:0.594364
G1 F5726.592
G1 X95.264 Y75.5 E.00487
;WIDTH:0.571683
G1 F5972.231
G1 X129.736 Y75.5 E1.43981
;WIDTH:0.624604
G1 F5428.886
G1 X129.955 Y75.545 E.01028
G1 X129.977 Y75.655 E.00514
;WIDTH:0.594364
G1 F5726.592
G1 X130 Y75.764 E.00487
;WIDTH:0.572079
G1 F5967.769
G1 X130 Y80.736 E.2078
G1 X129.978 Y80.824 E.0038
;WIDTH:0.637778
G1 F5308.659
G1 X129.956 Y80.912 E.00427
;WIDTH:0.681841
G1 F4942.543
G1 X129.934 Y81 E.00458
G1 X129.934 Y85 F21000
;WIDTH:0.681843
G1 F4942.533
G1 X129.956 Y85.088 E.00458
;WIDTH:0.637779
G1 F5308.644
G1 X129.978 Y85.176 E.00427
;WIDTH:0.593716
G1 F5733.332
G1 X130 Y85.264 E.00395
;WIDTH:0.571756
G1 F5971.411
G1 X130 Y112.736 E1.14759
G1 X129.978 Y112.824 E.00379
;WIDTH:0.637779
G1 F5308.652
G1 X129.956 Y112.912 E.00427
;WIDTH:0.681843
G1 F4942.533
G1 X129.934 Y113 E.00458
G1 X129.934 Y141 F21000
;WIDTH:0.681842
G1 F4942.541
G1 X129.868 Y141 E.00334
;WIDTH:0.637779
G1 F5308.65
G1 X129.802 Y141 E.00311
;WIDTH:0.571726
G1 F5971.755
G1 X95.264 Y141 E1.44269
;WIDTH:0.593714
G1 F5733.349
G1 X95.198 Y141 E.00288
;WIDTH:0.637779
G1 F5308.652
G1 X95.132 Y141 E.00311
;WIDTH:0.681843
G1 F4942.533
G1 X95.066 Y141 E.00334
;WIDTH:0.681841
G1 X95.044 Y141.088 E.00458
;WIDTH:0.637778
G1 F5308.659
G1 X95.022 Y141.176 E.00427
;WIDTH:0.572245
G1 F5965.892
G1 X95 Y141.264 E.0038
G1 X95 Y144.736 E.14514
;WIDTH:0.593716
G1 F5733.332
G1 X95.022 Y144.824 E.00395
;WIDTH:0.637779
G1 F5308.644
G1 X95.044 Y144.912 E.00427
;WIDTH:0.659811
G1 F5119.051
G1 X95.066 Y145 E.00443
G1 X95.264 Y145 F21000
;WIDTH:0.571726
G1 F5971.755
G1 X129.802 Y145 E1.44269
;WIDTH:0.637779
G1 F5308.65
G1 X129.868 Y145 E.00311
;WIDTH:0.681842
G1 F4942.541
G1 X129.934 Y145 E.00334
G1 E-.75186 F3600
;WIPE_START
G1 F4942.541
G1 X129.868 Y145 E-.04814
;WIPE_END
G1 X122.978 Y148.283 Z4 F21000
G1 X120.423 Y149.5 Z4
G1 Z3.6
G1 E.8 F2700
;WIDTH:0.571683
G1 F5972.231
G1 X129.736 Y149.5 E.38896
;WIDTH:0.594364
G1 F5726.592
G1 X129.845 Y149.477 E.00487
;WIDTH:0.624604
G1 F5428.886
G1 X129.955 Y149.455 E.00514
G1 X130 Y149.236 E.01028
;WIDTH:0.571683
G1 F5972.231
G1 X130 Y145.264 E.16587
;WIDTH:0.593716
G1 F5733.332
G1 X129.978 Y145.176 E.00395
;WIDTH:0.637779
G1 F5308.644
G1 X129.956 Y145.088 E.00427
;WIDTH:0.681843
G1 F4942.533
G1 X129.934 Y145 E.00458
G1 X129.956 Y144.912 E.00458
;WIDTH:0.637779
G1 F5308.652
G1 X129.978 Y144.824 E.00427
;WIDTH:0.572245
G1 F5965.892
G1 X130 Y144.736 E.0038
G1 X130 Y141.264 E.14514
;WIDTH:0.593716
G1 F5733.332
G1 X129.978 Y141.176 E.00395
;WIDTH:0.637779
G1 F5308.644
G1 X129.956 Y141.088 E.00427
;WIDTH:0.681843
G1 F4942.533
G1 X129.934 Y141 E.00458
G1 X129.956 Y140.912 E.00458
;WIDTH:0.637779
G1 F5308.652
G1 X129.978 Y140.824 E.00427
;WIDTH:0.571756
G1 F5971.411
G1 X130 Y140.736 E.00379
G1 X130 Y113.264 E1.14759
;WIDTH:0.593716
G1 F5733.332
G1 X129.978 Y113.176 E.00395
;WIDTH:0.637779
G1 F5308.644
G1 X129.956 Y113.088 E.00427
;WIDTH:0.681843
G1 F4942.533
G1 X129.934 Y113 E.00458
;WIDTH:0.681842
G1 X129.868 Y113 E.00334
;WIDTH:0.637779
G1 F5308.65
G1 X129.802 Y113 E.00311
;WIDTH:0.571726
G1 F5971.755
G1 X95.264 Y113 E1.44269
;WIDTH:0.593714
G1 F5733.349
G1 X95.198 Y113 E.00288
;WIDTH:0.637779
G1 F5308.652
G1 X95.132 Y113 E.00311
;WIDTH:0.681843
G1 F4942.533
G1 X95.066 Y113 E.00334
G1 E-.75186 F3600
;WIPE_START
G1 F4942.533
G1 X95.132 Y113 E-.04814
;WIPE_END
G1 X98.08 Y120.04 Z4 F21000
G1 X110.22 Y149.032 Z4
G1 Z3.6
G1 E.8 F2700
SET_VELOCITY_LIMIT ACCEL=3000 ACCEL_TO_DECEL=1500 SQUARE_CORNER_VELOCITY=7
;TYPE:Inner wall
;WIDTH:0.45
G1 F4800
G1 X114.78 Y149.032 E.14665
G1 X114.78 Y149.968 E.03009
G1 X110.22 Y149.968 E.14665
G1 X110.22 Y149.072 E.02881
SET_VELOCITY_LIMIT ACCEL=5000 ACCEL_TO_DECEL=2500 SQUARE_CORNER_VELOCITY=9
G1 X109.813 Y148.625 F21000
SET_VELOCITY_LIMIT ACCEL=3000 ACCEL_TO_DECEL=1500 SQUARE_CORNER_VELOCITY=7
G1 F4800
G1 X115.187 Y148.625 E.17283
G1 X115.187 Y150.375 E.05627
G1 X109.813 Y150.375 E.17283
G1 X109.813 Y148.665 E.05499
G1 X109.388 Y148.2 F21000
;TYPE:Outer wall
;WIDTH:0.4
G1 F3600
G1 X115.612 Y148.2 E.17558
G1 X115.612 Y150.8 E.07334
G1 X109.388 Y150.8 E.17558
M73 P52 R6
G1 X109.388 Y148.24 E.07221
SET_VELOCITY_LIMIT ACCEL=5000 ACCEL_TO_DECEL=2500 SQUARE_CORNER_VELOCITY=9
G1 E-.68
;WIPE_START
G1 X110.388 Y148.234 E-.12
;WIPE_END
G1 X110.423 Y149.5 Z4 F21000
G1 Z3.6
G1 E.8 F2700
;TYPE:Gap infill
;WIDTH:0.571684
G1 F5972.219
G1 X114.577 Y149.5 E.17348
; stop printing object vyper_electronics_cassette.stl id:0 copy 0
;LAYER_CHANGE
;Z:3.8
;HEIGHT:0.2
;BEFORE_LAYER_CHANGE
G92 E0
;3.8


G1 E-.68 F3600
;WIPE_START
G1 F5972.219
G1 X113.577 Y149.5 E-.12
;WIPE_END
EXCLUDE_OBJECT_END NAME=vyper_electronics_cassette.stl_id_0_copy_0
;AFTER_LAYER_CHANGE
;3.8
;_SET_FAN_SPEED_CHANGING_LAYER
; printing object vyper_electronics_cassette.stl id:0 copy 0
EXCLUDE_OBJECT_START NAME=vyper_electronics_cassette.stl_id_0_copy_0
G1 X120.23 Y145.76 Z4.2 F21000
G1 X129.532 Y140.532 Z4.2
G1 Z3.8
G1 E.8 F2700
SET_VELOCITY_LIMIT ACCEL=3000 ACCEL_TO_DECEL=1500 SQUARE_CORNER_VELOCITY=7
;TYPE:Inner wall
;WIDTH:0.45
G1 F4800
G1 X129.532 Y113.468 E.87029
G1 X95.468 Y113.468 E1.09538
G1 X95.468 Y140.532 E.87029
G1 X129.492 Y140.532 E1.09409
SET_VELOCITY_LIMIT ACCEL=5000 ACCEL_TO_DECEL=2500 SQUARE_CORNER_VELOCITY=9
G1 X129.125 Y140.125 F21000
SET_VELOCITY_LIMIT ACCEL=3000 ACCEL_TO_DECEL=1500 SQUARE_CORNER_VELOCITY=7
G1 F4800
G1 X129.125 Y113.875 E.8441
G1 X95.875 Y113.875 E1.0692
G1 X95.875 Y140.125 E.8441
G1 X129.085 Y140.125 E1.06791
G1 X128.7 Y139.7 F21000
;TYPE:Outer wall
;WIDTH:0.4
G1 F3600
G1 X128.7 Y114.3 E.71645
G1 X96.3 Y114.3 E.9139
G1 X96.3 Y139.7 E.71645
G1 X128.66 Y139.7 E.91277
SET_VELOCITY_LIMIT ACCEL=5000 ACCEL_TO_DECEL=2500 SQUARE_CORNER_VELOCITY=9
G1 E-.68
;WIPE_START
G1 X128.662 Y138.7 E-.12
;WIPE_END
G1 X128.786 Y131.069 Z4.2 F21000
G1 X129.532 Y85.468 Z4.2
G1 Z3.8
G1 E.8 F2700
SET_VELOCITY_LIMIT ACCEL=3000 ACCEL_TO_DECEL=1500 SQUARE_CORNER_VELOCITY=7
;TYPE:Inner wall
;WIDTH:0.45
G1 F4800
G1 X95.468 Y85.468 E1.09538
G1 X95.468 Y112.532 E.87029
G1 X129.532 Y112.532 E1.09538
G1 X129.532 Y85.508 E.869
SET_VELOCITY_LIMIT ACCEL=5000 ACCEL_TO_DECEL=2500 SQUARE_CORNER_VELOCITY=9
G1 X129.125 Y85.875 F21000
M73 P53 R6
SET_VELOCITY_LIMIT ACCEL=3000 ACCEL_TO_DECEL=1500 SQUARE_CORNER_VELOCITY=7
G1 F4800
G1 X95.875 Y85.875 E1.0692
G1 X95.875 Y112.125 E.8441
G1 X129.125 Y112.125 E1.0692
G1 X129.125 Y85.915 E.84282
G1 X128.7 Y86.3 F21000
;TYPE:Outer wall
;WIDTH:0.4
G1 F3600
G1 X96.3 Y86.3 E.9139
G1 X96.3 Y111.7 E.71645
G1 X128.7 Y111.7 E.9139
G1 X128.7 Y86.34 E.71532
SET_VELOCITY_LIMIT ACCEL=5000 ACCEL_TO_DECEL=2500 SQUARE_CORNER_VELOCITY=9
G1 E-.68
;WIPE_START
G1 X127.7 Y86.339 E-.12
;WIPE_END
G1 X120.158 Y85.169 Z4.2 F21000
G1 X96.3 Y81.468 Z4.2
G1 Z3.8
G1 E.8 F2700
SET_VELOCITY_LIMIT ACCEL=3000 ACCEL_TO_DECEL=1500 SQUARE_CORNER_VELOCITY=7
;TYPE:Inner wall
;WIDTH:0.45
G1 F4800
G1 X95.468 Y81.468 E.02676
G1 X95.468 Y84.532 E.09853
G1 X129.532 Y84.532 E1.09538
G1 X129.532 Y81.468 E.09853
G1 X96.34 Y81.468 E1.06734
SET_VELOCITY_LIMIT ACCEL=5000 ACCEL_TO_DECEL=2500 SQUARE_CORNER_VELOCITY=9
G1 X96.3 Y81.875 F21000
SET_VELOCITY_LIMIT ACCEL=3000 ACCEL_TO_DECEL=1500 SQUARE_CORNER_VELOCITY=7
G1 F4800
G1 X95.875 Y81.875 E.01367
G1 X95.875 Y84.125 E.07235
G1 X129.125 Y84.125 E1.0692
G1 X129.125 Y81.875 E.07235
G1 X96.34 Y81.875 E1.05425
G1 X96.3 Y82.3 F21000
;TYPE:Outer wall
;WIDTH:0.4
G1 F3600
G1 X96.3 Y83.7 E.03949
G1 X128.7 Y83.7 E.9139
G1 X128.7 Y82.3 E.03949
M73 P53 R5
G1 X96.34 Y82.3 E.91277
SET_VELOCITY_LIMIT ACCEL=5000 ACCEL_TO_DECEL=2500 SQUARE_CORNER_VELOCITY=9
G1 E-.68
;WIPE_START
G1 X96.311 Y83.3 E-.12
;WIPE_END
G1 X95.468 Y80.532 Z4.2 F21000
G1 Z3.8
G1 E.8 F2700
SET_VELOCITY_LIMIT ACCEL=3000 ACCEL_TO_DECEL=1500 SQUARE_CORNER_VELOCITY=7
;TYPE:Inner wall
;WIDTH:0.45
G1 F4800
G1 X129.532 Y80.532 E1.09538
G1 X129.532 Y75.968 E.14677
M73 P54 R5
G1 X95.468 Y75.968 E1.09538
G1 X95.468 Y80.492 E.14548
SET_VELOCITY_LIMIT ACCEL=5000 ACCEL_TO_DECEL=2500 SQUARE_CORNER_VELOCITY=9
G1 X95.875 Y80.125 F21000
SET_VELOCITY_LIMIT ACCEL=3000 ACCEL_TO_DECEL=1500 SQUARE_CORNER_VELOCITY=7
G1 F4800
G1 X129.125 Y80.125 E1.0692
G1 X129.125 Y76.375 E.12059
G1 X95.875 Y76.375 E1.0692
G1 X95.875 Y80.085 E.1193
G1 X96.3 Y79.7 F21000
;TYPE:Outer wall
;WIDTH:0.4
G1 F3600
G1 X128.7 Y79.7 E.9139
G1 X128.7 Y76.8 E.0818
G1 X96.3 Y76.8 E.9139
G1 X96.3 Y79.66 E.08067
SET_VELOCITY_LIMIT ACCEL=5000 ACCEL_TO_DECEL=2500 SQUARE_CORNER_VELOCITY=9
G1 E-.68
;WIPE_START
G1 X97.3 Y79.661 E-.12
;WIPE_END
G1 X100.696 Y86.496 Z4.2 F21000
G1 X129.532 Y144.532 Z4.2
G1 Z3.8
G1 E.8 F2700
SET_VELOCITY_LIMIT ACCEL=3000 ACCEL_TO_DECEL=1500 SQUARE_CORNER_VELOCITY=7
;TYPE:Inner wall
;WIDTH:0.45
G1 F4800
G1 X129.532 Y141.468 E.09853
G1 X95.468 Y141.468 E1.09538
G1 X95.468 Y144.532 E.09853
G1 X129.492 Y144.532 E1.09409
SET_VELOCITY_LIMIT ACCEL=5000 ACCEL_TO_DECEL=2500 SQUARE_CORNER_VELOCITY=9
G1 X129.125 Y144.125 F21000
SET_VELOCITY_LIMIT ACCEL=3000 ACCEL_TO_DECEL=1500 SQUARE_CORNER_VELOCITY=7
G1 F4800
G1 X129.125 Y141.875 E.07235
G1 X95.875 Y141.875 E1.0692
G1 X95.875 Y144.125 E.07235
G1 X129.085 Y144.125 E1.06791
G1 X128.7 Y143.7 F21000
;TYPE:Outer wall
;WIDTH:0.4
G1 F3600
G1 X128.7 Y142.3 E.03949
G1 X96.3 Y142.3 E.9139
G1 X96.3 Y143.7 E.03949
G1 X128.66 Y143.7 E.91277
SET_VELOCITY_LIMIT ACCEL=5000 ACCEL_TO_DECEL=2500 SQUARE_CORNER_VELOCITY=9
G1 E-.68
;WIPE_START
G1 X128.689 Y142.7 E-.12
;WIPE_END
G1 X121.082 Y143.334 Z4.2 F21000
G1 X95.468 Y145.468 Z4.2
G1 Z3.8
G1 E.8 F2700
SET_VELOCITY_LIMIT ACCEL=3000 ACCEL_TO_DECEL=1500 SQUARE_CORNER_VELOCITY=7
;TYPE:Inner wall
;WIDTH:0.45
G1 F4800
G1 X95.468 Y149.032 E.11461
G1 X104.768 Y149.032 E.29905
G1 X104.768 Y149.968 E.03009
G1 X94.532 Y149.968 E.32915
G1 X94.532 Y75.032 E2.40966
G1 X130.468 Y75.032 E1.15557
M73 P55 R5
G1 X130.468 Y149.968 E2.40966
G1 X120.232 Y149.968 E.32915
G1 X120.232 Y149.032 E.03009
G1 X129.532 Y149.032 E.29905
G1 X129.532 Y145.468 E.11461
G1 X95.508 Y145.468 E1.09409
SET_VELOCITY_LIMIT ACCEL=5000 ACCEL_TO_DECEL=2500 SQUARE_CORNER_VELOCITY=9
G1 X95.875 Y145.875 F21000
SET_VELOCITY_LIMIT ACCEL=3000 ACCEL_TO_DECEL=1500 SQUARE_CORNER_VELOCITY=7
G1 F4800
G1 X95.875 Y148.625 E.08843
G1 X105.175 Y148.625 E.29905
G1 X105.175 Y150.375 E.05627
G1 X94.125 Y150.375 E.35533
G1 X94.125 Y74.625 E2.43584
G1 X130.875 Y74.625 E1.18175
G1 X130.875 Y150.375 E2.43584
G1 X119.825 Y150.375 E.35533
G1 X119.825 Y148.625 E.05627
G1 X129.125 Y148.625 E.29905
G1 X129.125 Y145.875 E.08843
G1 X95.915 Y145.875 E1.06791
G1 X96.3 Y146.3 F21000
;TYPE:Outer wall
;WIDTH:0.4
G1 F3600
G1 X96.3 Y148.2 E.05359
G1 X105.6 Y148.2 E.26232
G1 X105.6 Y150.8 E.07334
G1 X93.7 Y150.8 E.33566
G1 X93.7 Y74.2 E2.16064
G1 X131.3 Y74.2 E1.06057
M73 P56 R5
G1 X131.3 Y150.8 E2.16064
G1 X119.4 Y150.8 E.33566
G1 X119.4 Y148.2 E.07334
G1 X128.7 Y148.2 E.26232
G1 X128.7 Y146.3 E.05359
G1 X96.34 Y146.3 E.91277
SET_VELOCITY_LIMIT ACCEL=5000 ACCEL_TO_DECEL=2500 SQUARE_CORNER_VELOCITY=9
G1 E-.68
;WIPE_START
G1 X96.319 Y147.3 E-.12
;WIPE_END
G1 X95.264 Y145 Z4.2 F21000
G1 Z3.8
G1 E.8 F2700
;TYPE:Gap infill
;WIDTH:0.593714
G1 F5733.349
G1 X95.198 Y145 E.00288
;WIDTH:0.637779
G1 F5308.652
G1 X95.132 Y145 E.00311
;WIDTH:0.681843
G1 F4942.533
G1 X95.066 Y145 E.00334
;WIDTH:0.681841
G1 X95.044 Y145.088 E.00458
;WIDTH:0.637778
G1 F5308.659
G1 X95.022 Y145.176 E.00427
;WIDTH:0.572176
G1 F5966.671
G1 X95 Y145.264 E.0038
G1 X95 Y149.236 E.16603
;WIDTH:0.594364
G1 F5726.592
G1 X95.023 Y149.345 E.00487
;WIDTH:0.624604
G1 F5428.886
G1 X95.045 Y149.455 E.00514
G1 X95.264 Y149.5 E.01028
;WIDTH:0.571684
G1 F5972.219
G1 X104.564 Y149.5 E.38845
G1 E-.68 F3600
;WIPE_START
G1 F5972.219
G1 X103.564 Y149.5 E-.12
;WIPE_END
G1 X98.168 Y144.102 Z4.2 F21000
G1 X95.066 Y141 Z4.2
G1 Z3.8
G1 E.8 F2700
;WIDTH:0.659811
G1 F5119.051
G1 X95.044 Y140.912 E.00443
;WIDTH:0.637779
G1 F5308.644
G1 X95.022 Y140.824 E.00427
;WIDTH:0.593716
G1 F5733.332
G1 X95 Y140.736 E.00395
;WIDTH:0.571756
G1 F5971.411
G1 X95 Y113.264 E1.14759
G1 X95.022 Y113.176 E.00379
;WIDTH:0.637778
G1 F5308.659
G1 X95.044 Y113.088 E.00427
;WIDTH:0.681841
G1 F4942.543
G1 X95.066 Y113 E.00458
;WIDTH:0.659811
G1 F5119.051
G1 X95.044 Y112.912 E.00443
;WIDTH:0.637779
G1 F5308.644
G1 X95.022 Y112.824 E.00427
;WIDTH:0.593716
G1 F5733.332
G1 X95 Y112.736 E.00395
;WIDTH:0.571756
G1 F5971.411
G1 X95 Y85.264 E1.14759
G1 X95.022 Y85.176 E.00379
;WIDTH:0.637779
G1 F5308.652
G1 X95.044 Y85.088 E.00427
;WIDTH:0.681843
G1 F4942.533
G1 X95.066 Y85 E.00458
;WIDTH:0.681842
G1 X95.132 Y85 E.00334
;WIDTH:0.637779
G1 F5308.65
G1 X95.198 Y85 E.00311
;WIDTH:0.593716
G1 F5733.335
G1 X95.264 Y85 E.00288
;WIDTH:0.571726
G1 F5971.755
G1 X129.802 Y85 E1.44269
;WIDTH:0.637779
G1 F5308.652
G1 X129.868 Y85 E.00311
;WIDTH:0.681843
G1 F4942.533
G1 X129.934 Y85 E.00334
;WIDTH:0.681841
G1 X129.956 Y84.912 E.00458
;WIDTH:0.637778
G1 F5308.659
G1 X129.978 Y84.824 E.00427
;WIDTH:0.572245
G1 F5965.892
G1 X130 Y84.736 E.0038
G1 X130 Y81.264 E.14514
;WIDTH:0.593716
G1 F5733.332
G1 X129.978 Y81.176 E.00395
;WIDTH:0.637779
G1 F5308.644
G1 X129.956 Y81.088 E.00427
;WIDTH:0.681843
G1 F4942.533
G1 X129.934 Y81 E.00458
G1 X129.868 Y81 E.00334
;WIDTH:0.637779
G1 F5308.652
G1 X129.802 Y81 E.00311
;WIDTH:0.571726
G1 F5971.755
G1 X95.264 Y81 E1.44269
;WIDTH:0.593716
G1 F5733.335
G1 X95.198 Y81 E.00288
;WIDTH:0.637779
G1 F5308.65
G1 X95.132 Y81 E.00311
;WIDTH:0.681842
G1 F4942.541
G1 X95.066 Y81 E.00334
G1 X95.066 Y85 F21000
;WIDTH:0.659811
G1 F5119.051
G1 X95.044 Y84.912 E.00443
;WIDTH:0.637779
G1 F5308.644
G1 X95.022 Y84.824 E.00427
;WIDTH:0.593716
G1 F5733.332
G1 X95 Y84.736 E.00395
;WIDTH:0.572245
G1 F5965.892
G1 X95 Y81.264 E.14514
G1 X95.022 Y81.176 E.0038
;WIDTH:0.637779
G1 F5308.652
G1 X95.044 Y81.088 E.00427
;WIDTH:0.681843
G1 F4942.533
G1 X95.066 Y81 E.00458
;WIDTH:0.659811
G1 F5119.051
G1 X95.044 Y80.912 E.00443
;WIDTH:0.637779
G1 F5308.644
G1 X95.022 Y80.824 E.00427
;WIDTH:0.593716
G1 F5733.332
G1 X95 Y80.736 E.00395
;WIDTH:0.571683
G1 F5972.231
G1 X95 Y75.764 E.20764
;WIDTH:0.624604
G1 F5428.886
G1 X95.045 Y75.545 E.01028
G1 X95.155 Y75.523 E.00514
;WIDTH:0.594364
G1 F5726.592
G1 X95.264 Y75.5 E.00487
;WIDTH:0.571683
G1 F5972.231
G1 X129.736 Y75.5 E1.43981
;WIDTH:0.624604
G1 F5428.886
G1 X129.955 Y75.545 E.01028
G1 X129.977 Y75.655 E.00514
;WIDTH:0.594364
G1 F5726.592
G1 X130 Y75.764 E.00487
;WIDTH:0.572079
G1 F5967.769
G1 X130 Y80.736 E.2078
G1 X129.978 Y80.824 E.0038
;WIDTH:0.637778
G1 F5308.659
G1 X129.956 Y80.912 E.00427
;WIDTH:0.681841
G1 F4942.543
G1 X129.934 Y81 E.00458
G1 X129.934 Y85 F21000
;WIDTH:0.681843
G1 F4942.533
G1 X129.956 Y85.088 E.00458
;WIDTH:0.637779
G1 F5308.644
G1 X129.978 Y85.176 E.00427
;WIDTH:0.593716
G1 F5733.332
G1 X130 Y85.264 E.00395
;WIDTH:0.571756
G1 F5971.411
G1 X130 Y112.736 E1.14759
G1 X129.978 Y112.824 E.00379
;WIDTH:0.637779
G1 F5308.652
G1 X129.956 Y112.912 E.00427
;WIDTH:0.681843
G1 F4942.533
G1 X129.934 Y113 E.00458
G1 X129.934 Y141 F21000
;WIDTH:0.681842
G1 F4942.541
G1 X129.868 Y141 E.00334
;WIDTH:0.637779
G1 F5308.65
G1 X129.802 Y141 E.00311
;WIDTH:0.571726
G1 F5971.755
G1 X95.264 Y141 E1.44269
;WIDTH:0.593714
G1 F5733.349
G1 X95.198 Y141 E.00288
;WIDTH:0.637779
G1 F5308.652
G1 X95.132 Y141 E.00311
;WIDTH:0.681843
G1 F4942.533
G1 X95.066 Y141 E.00334
;WIDTH:0.681841
G1 X95.044 Y141.088 E.00458
;WIDTH:0.637778
G1 F5308.659
G1 X95.022 Y141.176 E.00427
;WIDTH:0.572245
G1 F5965.892
G1 X95 Y141.264 E.0038
G1 X95 Y144.736 E.14514
;WIDTH:0.593716
G1 F5733.332
G1 X95.022 Y144.824 E.00395
;WIDTH:0.637779
G1 F5308.644
G1 X95.044 Y144.912 E.00427
;WIDTH:0.659811
G1 F5119.051
G1 X95.066 Y145 E.00443
G1 X95.264 Y145 F21000
;WIDTH:0.571726
G1 F5971.755
G1 X129.802 Y145 E1.44269
;WIDTH:0.637779
G1 F5308.65
G1 X129.868 Y145 E.00311
;WIDTH:0.681842
G1 F4942.541
G1 X129.934 Y145 E.00334
G1 E-.75186 F3600
;WIPE_START
G1 F4942.541
G1 X129.868 Y145 E-.04814
;WIPE_END
G1 X122.979 Y148.286 Z4.2 F21000
G1 X120.436 Y149.5 Z4.2
G1 Z3.8
G1 E.8 F2700
;WIDTH:0.571683
G1 F5972.231
G1 X129.736 Y149.5 E.38845
;WIDTH:0.594364
G1 F5726.592
M73 P57 R5
G1 X129.845 Y149.477 E.00487
;WIDTH:0.624604
G1 F5428.886
G1 X129.955 Y149.455 E.00514
G1 X130 Y149.236 E.01028
;WIDTH:0.571683
G1 F5972.231
G1 X130 Y145.264 E.16587
;WIDTH:0.593716
G1 F5733.332
G1 X129.978 Y145.176 E.00395
;WIDTH:0.637779
G1 F5308.644
G1 X129.956 Y145.088 E.00427
;WIDTH:0.681843
G1 F4942.533
G1 X129.934 Y145 E.00458
G1 X129.956 Y144.912 E.00458
;WIDTH:0.637779
G1 F5308.652
G1 X129.978 Y144.824 E.00427
;WIDTH:0.572245
G1 F5965.892
G1 X130 Y144.736 E.0038
G1 X130 Y141.264 E.14514
;WIDTH:0.593716
G1 F5733.332
G1 X129.978 Y141.176 E.00395
;WIDTH:0.637779
G1 F5308.644
G1 X129.956 Y141.088 E.00427
;WIDTH:0.681843
G1 F4942.533
G1 X129.934 Y141 E.00458
G1 X129.956 Y140.912 E.00458
;WIDTH:0.637779
G1 F5308.652
G1 X129.978 Y140.824 E.00427
;WIDTH:0.571756
G1 F5971.411
G1 X130 Y140.736 E.00379
G1 X130 Y113.264 E1.14759
;WIDTH:0.593716
G1 F5733.332
G1 X129.978 Y113.176 E.00395
;WIDTH:0.637779
G1 F5308.644
G1 X129.956 Y113.088 E.00427
;WIDTH:0.681843
G1 F4942.533
G1 X129.934 Y113 E.00458
;WIDTH:0.681842
G1 X129.868 Y113 E.00334
;WIDTH:0.637779
G1 F5308.65
G1 X129.802 Y113 E.00311
;WIDTH:0.571726
G1 F5971.755
G1 X95.264 Y113 E1.44269
;WIDTH:0.593714
G1 F5733.349
G1 X95.198 Y113 E.00288
;WIDTH:0.637779
G1 F5308.652
G1 X95.132 Y113 E.00311
;WIDTH:0.681843
G1 F4942.533
G1 X95.066 Y113 E.00334
G1 E-.75186 F3600
;WIPE_START
G1 F4942.533
G1 X95.132 Y113 E-.04814
;WIPE_END
G1 X98.082 Y120.039 Z4.2 F21000
G1 X110.232 Y149.032 Z4.2
G1 Z3.8
G1 E.8 F2700
SET_VELOCITY_LIMIT ACCEL=3000 ACCEL_TO_DECEL=1500 SQUARE_CORNER_VELOCITY=7
;TYPE:Inner wall
;WIDTH:0.45
G1 F4800
G1 X114.768 Y149.032 E.14586
G1 X114.768 Y149.968 E.03009
G1 X110.232 Y149.968 E.14586
G1 X110.232 Y149.072 E.02881
SET_VELOCITY_LIMIT ACCEL=5000 ACCEL_TO_DECEL=2500 SQUARE_CORNER_VELOCITY=9
G1 X109.825 Y148.625 F21000
SET_VELOCITY_LIMIT ACCEL=3000 ACCEL_TO_DECEL=1500 SQUARE_CORNER_VELOCITY=7
G1 F4800
G1 X115.175 Y148.625 E.17204
G1 X115.175 Y150.375 E.05627
G1 X109.825 Y150.375 E.17204
G1 X109.825 Y148.665 E.05499
G1 X109.4 Y148.2 F21000
;TYPE:Outer wall
;WIDTH:0.4
G1 F3600
G1 X115.6 Y148.2 E.17488
G1 X115.6 Y150.8 E.07334
G1 X109.4 Y150.8 E.17488
G1 X109.4 Y148.24 E.07221
SET_VELOCITY_LIMIT ACCEL=5000 ACCEL_TO_DECEL=2500 SQUARE_CORNER_VELOCITY=9
G1 E-.68
;WIPE_START
G1 X110.4 Y148.234 E-.12
;WIPE_END
G1 X110.436 Y149.5 Z4.2 F21000
G1 Z3.8
G1 E.8 F2700
;TYPE:Gap infill
;WIDTH:0.571682
G1 F5972.243
G1 X114.564 Y149.5 E.17245
; stop printing object vyper_electronics_cassette.stl id:0 copy 0
;LAYER_CHANGE
;Z:4
;HEIGHT:0.2
;BEFORE_LAYER_CHANGE
G92 E0
;4


G1 E-.68 F3600
;WIPE_START
G1 F5972.243
G1 X113.564 Y149.5 E-.12
;WIPE_END
EXCLUDE_OBJECT_END NAME=vyper_electronics_cassette.stl_id_0_copy_0
;AFTER_LAYER_CHANGE
;4
;_SET_FAN_SPEED_CHANGING_LAYER
; printing object vyper_electronics_cassette.stl id:0 copy 0
EXCLUDE_OBJECT_START NAME=vyper_electronics_cassette.stl_id_0_copy_0
G1 X120.219 Y145.763 Z4.4 F21000
G1 X129.532 Y140.532 Z4.4
G1 Z4
G1 E.8 F2700
SET_VELOCITY_LIMIT ACCEL=3000 ACCEL_TO_DECEL=1500 SQUARE_CORNER_VELOCITY=7
;TYPE:Inner wall
;WIDTH:0.45
G1 F4800
G1 X129.532 Y113.468 E.87029
G1 X95.468 Y113.468 E1.09538
G1 X95.468 Y140.532 E.87029
G1 X129.492 Y140.532 E1.09409
SET_VELOCITY_LIMIT ACCEL=5000 ACCEL_TO_DECEL=2500 SQUARE_CORNER_VELOCITY=9
G1 X129.125 Y140.125 F21000
SET_VELOCITY_LIMIT ACCEL=3000 ACCEL_TO_DECEL=1500 SQUARE_CORNER_VELOCITY=7
G1 F4800
G1 X129.125 Y113.875 E.8441
G1 X95.875 Y113.875 E1.0692
G1 X95.875 Y140.125 E.8441
G1 X129.085 Y140.125 E1.06791
G1 X128.7 Y139.7 F21000
;TYPE:Outer wall
;WIDTH:0.4
G1 F3600
G1 X128.7 Y114.3 E.71645
G1 X96.3 Y114.3 E.9139
G1 X96.3 Y139.7 E.71645
G1 X128.66 Y139.7 E.91277
SET_VELOCITY_LIMIT ACCEL=5000 ACCEL_TO_DECEL=2500 SQUARE_CORNER_VELOCITY=9
G1 E-.68
M73 P58 R5
;WIPE_START
G1 X128.662 Y138.7 E-.12
;WIPE_END
G1 X128.786 Y131.069 Z4.4 F21000
G1 X129.532 Y85.468 Z4.4
G1 Z4
G1 E.8 F2700
SET_VELOCITY_LIMIT ACCEL=3000 ACCEL_TO_DECEL=1500 SQUARE_CORNER_VELOCITY=7
;TYPE:Inner wall
;WIDTH:0.45
G1 F4800
G1 X95.468 Y85.468 E1.09538
G1 X95.468 Y112.532 E.87029
G1 X129.532 Y112.532 E1.09538
G1 X129.532 Y85.508 E.869
SET_VELOCITY_LIMIT ACCEL=5000 ACCEL_TO_DECEL=2500 SQUARE_CORNER_VELOCITY=9
G1 X129.125 Y85.875 F21000
SET_VELOCITY_LIMIT ACCEL=3000 ACCEL_TO_DECEL=1500 SQUARE_CORNER_VELOCITY=7
G1 F4800
G1 X95.875 Y85.875 E1.0692
G1 X95.875 Y112.125 E.8441
G1 X129.125 Y112.125 E1.0692
G1 X129.125 Y85.915 E.84282
G1 X128.7 Y86.3 F21000
;TYPE:Outer wall
;WIDTH:0.4
G1 F3600
G1 X96.3 Y86.3 E.9139
G1 X96.3 Y111.7 E.71645
G1 X128.7 Y111.7 E.9139
G1 X128.7 Y86.34 E.71532
SET_VELOCITY_LIMIT ACCEL=5000 ACCEL_TO_DECEL=2500 SQUARE_CORNER_VELOCITY=9
G1 E-.68
;WIPE_START
G1 X127.7 Y86.339 E-.12
;WIPE_END
G1 X120.158 Y85.169 Z4.4 F21000
G1 X96.3 Y81.468 Z4.4
G1 Z4
G1 E.8 F2700
SET_VELOCITY_LIMIT ACCEL=3000 ACCEL_TO_DECEL=1500 SQUARE_CORNER_VELOCITY=7
;TYPE:Inner wall
;WIDTH:0.45
G1 F4800
G1 X95.468 Y81.468 E.02676
G1 X95.468 Y84.532 E.09853
G1 X129.532 Y84.532 E1.09538
G1 X129.532 Y81.468 E.09853
G1 X96.34 Y81.468 E1.06734
SET_VELOCITY_LIMIT ACCEL=5000 ACCEL_TO_DECEL=2500 SQUARE_CORNER_VELOCITY=9
G1 X96.3 Y81.875 F21000
SET_VELOCITY_LIMIT ACCEL=3000 ACCEL_TO_DECEL=1500 SQUARE_CORNER_VELOCITY=7
G1 F4800
G1 X95.875 Y81.875 E.01367
G1 X95.875 Y84.125 E.07235
G1 X129.125 Y84.125 E1.0692
G1 X129.125 Y81.875 E.07235
G1 X96.34 Y81.875 E1.05425
G1 X96.3 Y82.3 F21000
M73 P59 R5
;TYPE:Outer wall
;WIDTH:0.4
G1 F3600
G1 X96.3 Y83.7 E.03949
G1 X128.7 Y83.7 E.9139
G1 X128.7 Y82.3 E.03949
G1 X96.34 Y82.3 E.91277
SET_VELOCITY_LIMIT ACCEL=5000 ACCEL_TO_DECEL=2500 SQUARE_CORNER_VELOCITY=9
G1 E-.68
;WIPE_START
G1 X96.311 Y83.3 E-.12
;WIPE_END
G1 X95.468 Y80.532 Z4.4 F21000
G1 Z4
G1 E.8 F2700
SET_VELOCITY_LIMIT ACCEL=3000 ACCEL_TO_DECEL=1500 SQUARE_CORNER_VELOCITY=7
;TYPE:Inner wall
;WIDTH:0.45
G1 F4800
G1 X129.532 Y80.532 E1.09538
G1 X129.532 Y75.968 E.14677
G1 X95.468 Y75.968 E1.09538
G1 X95.468 Y80.492 E.14548
SET_VELOCITY_LIMIT ACCEL=5000 ACCEL_TO_DECEL=2500 SQUARE_CORNER_VELOCITY=9
G1 X95.875 Y80.125 F21000
SET_VELOCITY_LIMIT ACCEL=3000 ACCEL_TO_DECEL=1500 SQUARE_CORNER_VELOCITY=7
G1 F4800
G1 X129.125 Y80.125 E1.0692
G1 X129.125 Y76.375 E.12059
G1 X95.875 Y76.375 E1.0692
G1 X95.875 Y80.085 E.1193
G1 X96.3 Y79.7 F21000
;TYPE:Outer wall
;WIDTH:0.4
G1 F3600
G1 X128.7 Y79.7 E.9139
G1 X128.7 Y76.8 E.0818
G1 X96.3 Y76.8 E.9139
G1 X96.3 Y79.66 E.08067
SET_VELOCITY_LIMIT ACCEL=5000 ACCEL_TO_DECEL=2500 SQUARE_CORNER_VELOCITY=9
G1 E-.68
;WIPE_START
G1 X97.3 Y79.661 E-.12
;WIPE_END
G1 X100.696 Y86.496 Z4.4 F21000
G1 X129.532 Y144.532 Z4.4
G1 Z4
G1 E.8 F2700
SET_VELOCITY_LIMIT ACCEL=3000 ACCEL_TO_DECEL=1500 SQUARE_CORNER_VELOCITY=7
;TYPE:Inner wall
;WIDTH:0.45
G1 F4800
G1 X129.532 Y141.468 E.09853
G1 X95.468 Y141.468 E1.09538
G1 X95.468 Y144.532 E.09853
G1 X129.492 Y144.532 E1.09409
SET_VELOCITY_LIMIT ACCEL=5000 ACCEL_TO_DECEL=2500 SQUARE_CORNER_VELOCITY=9
G1 X129.125 Y144.125 F21000
SET_VELOCITY_LIMIT ACCEL=3000 ACCEL_TO_DECEL=1500 SQUARE_CORNER_VELOCITY=7
G1 F4800
G1 X129.125 Y141.875 E.07235
G1 X95.875 Y141.875 E1.0692
G1 X95.875 Y144.125 E.07235
G1 X129.085 Y144.125 E1.06791
G1 X128.7 Y143.7 F21000
;TYPE:Outer wall
;WIDTH:0.4
G1 F3600
G1 X128.7 Y142.3 E.03949
G1 X96.3 Y142.3 E.9139
G1 X96.3 Y143.7 E.03949
M73 P60 R5
G1 X128.66 Y143.7 E.91277
SET_VELOCITY_LIMIT ACCEL=5000 ACCEL_TO_DECEL=2500 SQUARE_CORNER_VELOCITY=9
G1 E-.68
;WIPE_START
G1 X128.689 Y142.7 E-.12
;WIPE_END
G1 X121.082 Y143.334 Z4.4 F21000
G1 X95.468 Y145.468 Z4.4
G1 Z4
G1 E.8 F2700
SET_VELOCITY_LIMIT ACCEL=3000 ACCEL_TO_DECEL=1500 SQUARE_CORNER_VELOCITY=7
;TYPE:Inner wall
;WIDTH:0.45
G1 F4800
G1 X95.468 Y149.032 E.11461
G1 X104.78 Y149.032 E.29945
G1 X104.78 Y149.968 E.03009
G1 X94.532 Y149.968 E.32954
G1 X94.532 Y75.032 E2.40966
G1 X130.468 Y75.032 E1.15557
G1 X130.468 Y149.968 E2.40966
G1 X120.22 Y149.968 E.32954
G1 X120.22 Y149.032 E.03009
G1 X129.532 Y149.032 E.29945
G1 X129.532 Y145.468 E.11461
G1 X95.508 Y145.468 E1.09409
SET_VELOCITY_LIMIT ACCEL=5000 ACCEL_TO_DECEL=2500 SQUARE_CORNER_VELOCITY=9
G1 X95.875 Y145.875 F21000
SET_VELOCITY_LIMIT ACCEL=3000 ACCEL_TO_DECEL=1500 SQUARE_CORNER_VELOCITY=7
G1 F4800
G1 X95.875 Y148.625 E.08843
G1 X105.187 Y148.625 E.29945
G1 X105.187 Y150.375 E.05627
G1 X94.125 Y150.375 E.35572
G1 X94.125 Y74.625 E2.43584
G1 X130.875 Y74.625 E1.18175
G1 X130.875 Y150.375 E2.43584
G1 X119.813 Y150.375 E.35572
G1 X119.813 Y148.625 E.05627
M73 P61 R5
G1 X129.125 Y148.625 E.29945
G1 X129.125 Y145.875 E.08843
G1 X95.915 Y145.875 E1.06791
G1 X96.3 Y146.3 F21000
;TYPE:Outer wall
;WIDTH:0.4
G1 F3600
G1 X96.3 Y148.2 E.05359
G1 X105.612 Y148.2 E.26267
G1 X105.612 Y150.8 E.07334
G1 X93.7 Y150.8 E.33601
G1 X93.7 Y74.2 E2.16064
G1 X131.3 Y74.2 E1.06057
G1 X131.3 Y150.8 E2.16064
G1 X119.388 Y150.8 E.33601
M73 P61 R4
G1 X119.388 Y148.2 E.07334
G1 X128.7 Y148.2 E.26267
G1 X128.7 Y146.3 E.05359
G1 X96.34 Y146.3 E.91277
SET_VELOCITY_LIMIT ACCEL=5000 ACCEL_TO_DECEL=2500 SQUARE_CORNER_VELOCITY=9
G1 E-.68
;WIPE_START
G1 X96.319 Y147.3 E-.12
;WIPE_END
G1 X95.264 Y145 Z4.4 F21000
G1 Z4
G1 E.8 F2700
;TYPE:Gap infill
;WIDTH:0.593714
G1 F5733.349
G1 X95.198 Y145 E.00288
;WIDTH:0.637779
G1 F5308.652
G1 X95.132 Y145 E.00311
;WIDTH:0.681843
G1 F4942.533
G1 X95.066 Y145 E.00334
;WIDTH:0.681841
G1 X95.044 Y145.088 E.00458
;WIDTH:0.637778
G1 F5308.659
G1 X95.022 Y145.176 E.00427
;WIDTH:0.572176
G1 F5966.671
G1 X95 Y145.264 E.0038
G1 X95 Y149.236 E.16603
;WIDTH:0.594364
G1 F5726.592
G1 X95.023 Y149.345 E.00487
;WIDTH:0.624604
G1 F5428.886
G1 X95.045 Y149.455 E.00514
G1 X95.264 Y149.5 E.01028
;WIDTH:0.571684
G1 F5972.219
G1 X104.577 Y149.5 E.38896
G1 E-.68 F3600
;WIPE_START
G1 F5972.219
G1 X103.577 Y149.5 E-.12
;WIPE_END
G1 X98.176 Y144.106 Z4.4 F21000
G1 X95.066 Y141 Z4.4
G1 Z4
G1 E.8 F2700
;WIDTH:0.659811
G1 F5119.051
G1 X95.044 Y140.912 E.00443
;WIDTH:0.637779
G1 F5308.644
G1 X95.022 Y140.824 E.00427
;WIDTH:0.593716
G1 F5733.332
G1 X95 Y140.736 E.00395
;WIDTH:0.571756
G1 F5971.411
G1 X95 Y113.264 E1.14759
G1 X95.022 Y113.176 E.00379
;WIDTH:0.637778
G1 F5308.659
G1 X95.044 Y113.088 E.00427
;WIDTH:0.681841
G1 F4942.543
G1 X95.066 Y113 E.00458
;WIDTH:0.659811
G1 F5119.051
G1 X95.044 Y112.912 E.00443
;WIDTH:0.637779
G1 F5308.644
G1 X95.022 Y112.824 E.00427
;WIDTH:0.593716
G1 F5733.332
G1 X95 Y112.736 E.00395
;WIDTH:0.571756
G1 F5971.411
G1 X95 Y85.264 E1.14759
G1 X95.022 Y85.176 E.00379
;WIDTH:0.637779
G1 F5308.652
G1 X95.044 Y85.088 E.00427
;WIDTH:0.681843
G1 F4942.533
G1 X95.066 Y85 E.00458
;WIDTH:0.681842
G1 X95.132 Y85 E.00334
;WIDTH:0.637779
G1 F5308.65
G1 X95.198 Y85 E.00311
;WIDTH:0.593716
G1 F5733.335
G1 X95.264 Y85 E.00288
;WIDTH:0.571726
G1 F5971.755
G1 X129.802 Y85 E1.44269
;WIDTH:0.637779
G1 F5308.652
G1 X129.868 Y85 E.00311
;WIDTH:0.681843
G1 F4942.533
G1 X129.934 Y85 E.00334
;WIDTH:0.681841
G1 X129.956 Y84.912 E.00458
;WIDTH:0.637778
G1 F5308.659
G1 X129.978 Y84.824 E.00427
;WIDTH:0.572245
G1 F5965.892
G1 X130 Y84.736 E.0038
G1 X130 Y81.264 E.14514
;WIDTH:0.593716
G1 F5733.332
G1 X129.978 Y81.176 E.00395
;WIDTH:0.637779
G1 F5308.644
G1 X129.956 Y81.088 E.00427
;WIDTH:0.681843
G1 F4942.533
G1 X129.934 Y81 E.00458
G1 X129.868 Y81 E.00334
;WIDTH:0.637779
G1 F5308.652
G1 X129.802 Y81 E.00311
;WIDTH:0.571726
G1 F5971.755
G1 X95.264 Y81 E1.44269
;WIDTH:0.593716
G1 F5733.335
G1 X95.198 Y81 E.00288
;WIDTH:0.637779
G1 F5308.65
G1 X95.132 Y81 E.00311
;WIDTH:0.681842
G1 F4942.541
G1 X95.066 Y81 E.00334
G1 X95.066 Y85 F21000
;WIDTH:0.659811
G1 F5119.051
G1 X95.044 Y84.912 E.00443
;WIDTH:0.637779
G1 F5308.644
G1 X95.022 Y84.824 E.00427
;WIDTH:0.593716
G1 F5733.332
G1 X95 Y84.736 E.00395
;WIDTH:0.572245
G1 F5965.892
G1 X95 Y81.264 E.14514
G1 X95.022 Y81.176 E.0038
;WIDTH:0.637779
G1 F5308.652
G1 X95.044 Y81.088 E.00427
;WIDTH:0.681843
G1 F4942.533
G1 X95.066 Y81 E.00458
;WIDTH:0.659811
G1 F5119.051
G1 X95.044 Y80.912 E.00443
;WIDTH:0.637779
G1 F5308.644
G1 X95.022 Y80.824 E.00427
;WIDTH:0.593716
G1 F5733.332
G1 X95 Y80.736 E.00395
;WIDTH:0.571683
G1 F5972.231
G1 X95 Y75.764 E.20764
;WIDTH:0.624604
G1 F5428.886
G1 X95.045 Y75.545 E.01028
G1 X95.155 Y75.523 E.00514
;WIDTH:0.594364
G1 F5726.592
G1 X95.264 Y75.5 E.00487
;WIDTH:0.571683
G1 F5972.231
G1 X129.736 Y75.5 E1.43981
;WIDTH:0.624604
G1 F5428.886
M73 P62 R4
G1 X129.955 Y75.545 E.01028
G1 X129.977 Y75.655 E.00514
;WIDTH:0.594364
G1 F5726.592
G1 X130 Y75.764 E.00487
;WIDTH:0.572079
G1 F5967.769
G1 X130 Y80.736 E.2078
G1 X129.978 Y80.824 E.0038
;WIDTH:0.637778
G1 F5308.659
G1 X129.956 Y80.912 E.00427
;WIDTH:0.681841
G1 F4942.543
G1 X129.934 Y81 E.00458
G1 X129.934 Y85 F21000
;WIDTH:0.681843
G1 F4942.533
G1 X129.956 Y85.088 E.00458
;WIDTH:0.637779
G1 F5308.644
G1 X129.978 Y85.176 E.00427
;WIDTH:0.593716
G1 F5733.332
G1 X130 Y85.264 E.00395
;WIDTH:0.571756
G1 F5971.411
G1 X130 Y112.736 E1.14759
G1 X129.978 Y112.824 E.00379
;WIDTH:0.637779
G1 F5308.652
G1 X129.956 Y112.912 E.00427
;WIDTH:0.681843
G1 F4942.533
G1 X129.934 Y113 E.00458
G1 X129.934 Y141 F21000
;WIDTH:0.681842
G1 F4942.541
G1 X129.868 Y141 E.00334
;WIDTH:0.637779
G1 F5308.65
G1 X129.802 Y141 E.00311
;WIDTH:0.571726
G1 F5971.755
G1 X95.264 Y141 E1.44269
;WIDTH:0.593714
G1 F5733.349
G1 X95.198 Y141 E.00288
;WIDTH:0.637779
G1 F5308.652
G1 X95.132 Y141 E.00311
;WIDTH:0.681843
G1 F4942.533
G1 X95.066 Y141 E.00334
;WIDTH:0.681841
G1 X95.044 Y141.088 E.00458
;WIDTH:0.637778
G1 F5308.659
G1 X95.022 Y141.176 E.00427
;WIDTH:0.572245
G1 F5965.892
G1 X95 Y141.264 E.0038
G1 X95 Y144.736 E.14514
;WIDTH:0.593716
G1 F5733.332
G1 X95.022 Y144.824 E.00395
;WIDTH:0.637779
G1 F5308.644
G1 X95.044 Y144.912 E.00427
;WIDTH:0.659811
G1 F5119.051
G1 X95.066 Y145 E.00443
G1 X95.264 Y145 F21000
;WIDTH:0.571726
G1 F5971.755
G1 X129.802 Y145 E1.44269
;WIDTH:0.637779
G1 F5308.65
G1 X129.868 Y145 E.00311
;WIDTH:0.681842
G1 F4942.541
G1 X129.934 Y145 E.00334
G1 E-.75186 F3600
;WIPE_START
G1 F4942.541
G1 X129.868 Y145 E-.04814
;WIPE_END
G1 X122.978 Y148.283 Z4.4 F21000
G1 X120.423 Y149.5 Z4.4
G1 Z4
G1 E.8 F2700
;WIDTH:0.571683
G1 F5972.231
G1 X129.736 Y149.5 E.38896
;WIDTH:0.594364
G1 F5726.592
G1 X129.845 Y149.477 E.00487
;WIDTH:0.624604
G1 F5428.886
G1 X129.955 Y149.455 E.00514
G1 X130 Y149.236 E.01028
;WIDTH:0.571683
G1 F5972.231
G1 X130 Y145.264 E.16587
;WIDTH:0.593716
G1 F5733.332
G1 X129.978 Y145.176 E.00395
;WIDTH:0.637779
G1 F5308.644
G1 X129.956 Y145.088 E.00427
;WIDTH:0.681843
G1 F4942.533
G1 X129.934 Y145 E.00458
G1 X129.956 Y144.912 E.00458
;WIDTH:0.637779
G1 F5308.652
G1 X129.978 Y144.824 E.00427
;WIDTH:0.572245
G1 F5965.892
G1 X130 Y144.736 E.0038
G1 X130 Y141.264 E.14514
;WIDTH:0.593716
G1 F5733.332
G1 X129.978 Y141.176 E.00395
;WIDTH:0.637779
G1 F5308.644
G1 X129.956 Y141.088 E.00427
;WIDTH:0.681843
G1 F4942.533
G1 X129.934 Y141 E.00458
G1 X129.956 Y140.912 E.00458
;WIDTH:0.637779
G1 F5308.652
G1 X129.978 Y140.824 E.00427
;WIDTH:0.571756
G1 F5971.411
G1 X130 Y140.736 E.00379
G1 X130 Y113.264 E1.14759
;WIDTH:0.593716
G1 F5733.332
G1 X129.978 Y113.176 E.00395
;WIDTH:0.637779
G1 F5308.644
G1 X129.956 Y113.088 E.00427
;WIDTH:0.681843
G1 F4942.533
G1 X129.934 Y113 E.00458
;WIDTH:0.681842
G1 X129.868 Y113 E.00334
;WIDTH:0.637779
G1 F5308.65
G1 X129.802 Y113 E.00311
;WIDTH:0.571726
G1 F5971.755
G1 X95.264 Y113 E1.44269
;WIDTH:0.593714
G1 F5733.349
G1 X95.198 Y113 E.00288
;WIDTH:0.637779
G1 F5308.652
G1 X95.132 Y113 E.00311
;WIDTH:0.681843
G1 F4942.533
G1 X95.066 Y113 E.00334
G1 E-.75186 F3600
;WIPE_START
G1 F4942.533
G1 X95.132 Y113 E-.04814
;WIPE_END
G1 X98.08 Y120.04 Z4.4 F21000
G1 X110.22 Y149.032 Z4.4
G1 Z4
G1 E.8 F2700
SET_VELOCITY_LIMIT ACCEL=3000 ACCEL_TO_DECEL=1500 SQUARE_CORNER_VELOCITY=7
;TYPE:Inner wall
;WIDTH:0.45
G1 F4800
G1 X114.78 Y149.032 E.14665
G1 X114.78 Y149.968 E.03009
G1 X110.22 Y149.968 E.14665
G1 X110.22 Y149.072 E.02881
SET_VELOCITY_LIMIT ACCEL=5000 ACCEL_TO_DECEL=2500 SQUARE_CORNER_VELOCITY=9
G1 X109.813 Y148.625 F21000
SET_VELOCITY_LIMIT ACCEL=3000 ACCEL_TO_DECEL=1500 SQUARE_CORNER_VELOCITY=7
G1 F4800
G1 X115.187 Y148.625 E.17283
G1 X115.187 Y150.375 E.05627
G1 X109.813 Y150.375 E.17283
G1 X109.813 Y148.665 E.05499
G1 X109.388 Y148.2 F21000
;TYPE:Outer wall
;WIDTH:0.4
G1 F3600
G1 X115.612 Y148.2 E.17558
G1 X115.612 Y150.8 E.07334
G1 X109.388 Y150.8 E.17558
G1 X109.388 Y148.24 E.07221
SET_VELOCITY_LIMIT ACCEL=5000 ACCEL_TO_DECEL=2500 SQUARE_CORNER_VELOCITY=9
G1 E-.68
;WIPE_START
G1 X110.388 Y148.234 E-.12
;WIPE_END
G1 X110.423 Y149.5 Z4.4 F21000
G1 Z4
G1 E.8 F2700
;TYPE:Gap infill
;WIDTH:0.571684
G1 F5972.219
G1 X114.577 Y149.5 E.17348
; stop printing object vyper_electronics_cassette.stl id:0 copy 0
;LAYER_CHANGE
;Z:4.2
;HEIGHT:0.2
;BEFORE_LAYER_CHANGE
G92 E0
;4.2


G1 E-.68 F3600
;WIPE_START
G1 F5972.219
G1 X113.577 Y149.5 E-.12
;WIPE_END
EXCLUDE_OBJECT_END NAME=vyper_electronics_cassette.stl_id_0_copy_0
;AFTER_LAYER_CHANGE
;4.2
;_SET_FAN_SPEED_CHANGING_LAYER
; printing object vyper_electronics_cassette.stl id:0 copy 0
EXCLUDE_OBJECT_START NAME=vyper_electronics_cassette.stl_id_0_copy_0
G1 X120.23 Y145.76 Z4.6 F21000
G1 X129.532 Y140.532 Z4.6
G1 Z4.2
G1 E.8 F2700
SET_VELOCITY_LIMIT ACCEL=3000 ACCEL_TO_DECEL=1500 SQUARE_CORNER_VELOCITY=7
;TYPE:Inner wall
;WIDTH:0.45
G1 F4800
G1 X129.532 Y113.468 E.87029
G1 X95.468 Y113.468 E1.09538
G1 X95.468 Y140.532 E.87029
G1 X129.492 Y140.532 E1.09409
SET_VELOCITY_LIMIT ACCEL=5000 ACCEL_TO_DECEL=2500 SQUARE_CORNER_VELOCITY=9
G1 X129.125 Y140.125 F21000
SET_VELOCITY_LIMIT ACCEL=3000 ACCEL_TO_DECEL=1500 SQUARE_CORNER_VELOCITY=7
G1 F4800
G1 X129.125 Y113.875 E.8441
G1 X95.875 Y113.875 E1.0692
G1 X95.875 Y140.125 E.8441
G1 X129.085 Y140.125 E1.06791
G1 X128.7 Y139.7 F21000
M73 P63 R4
;TYPE:Outer wall
;WIDTH:0.4
G1 F3600
G1 X128.7 Y114.3 E.71645
G1 X96.3 Y114.3 E.9139
G1 X96.3 Y139.7 E.71645
G1 X128.66 Y139.7 E.91277
SET_VELOCITY_LIMIT ACCEL=5000 ACCEL_TO_DECEL=2500 SQUARE_CORNER_VELOCITY=9
G1 E-.68
;WIPE_START
G1 X128.662 Y138.7 E-.12
;WIPE_END
G1 X128.786 Y131.069 Z4.6 F21000
G1 X129.532 Y85.468 Z4.6
G1 Z4.2
G1 E.8 F2700
SET_VELOCITY_LIMIT ACCEL=3000 ACCEL_TO_DECEL=1500 SQUARE_CORNER_VELOCITY=7
;TYPE:Inner wall
;WIDTH:0.45
G1 F4800
G1 X95.468 Y85.468 E1.09538
G1 X95.468 Y112.532 E.87029
G1 X129.532 Y112.532 E1.09538
G1 X129.532 Y85.508 E.869
SET_VELOCITY_LIMIT ACCEL=5000 ACCEL_TO_DECEL=2500 SQUARE_CORNER_VELOCITY=9
G1 X129.125 Y85.875 F21000
SET_VELOCITY_LIMIT ACCEL=3000 ACCEL_TO_DECEL=1500 SQUARE_CORNER_VELOCITY=7
G1 F4800
G1 X95.875 Y85.875 E1.0692
G1 X95.875 Y112.125 E.8441
G1 X129.125 Y112.125 E1.0692
G1 X129.125 Y85.915 E.84282
G1 X128.7 Y86.3 F21000
;TYPE:Outer wall
;WIDTH:0.4
G1 F3600
G1 X96.3 Y86.3 E.9139
G1 X96.3 Y111.7 E.71645
G1 X128.7 Y111.7 E.9139
G1 X128.7 Y86.34 E.71532
SET_VELOCITY_LIMIT ACCEL=5000 ACCEL_TO_DECEL=2500 SQUARE_CORNER_VELOCITY=9
G1 E-.68
;WIPE_START
G1 X127.7 Y86.339 E-.12
;WIPE_END
G1 X120.158 Y85.169 Z4.6 F21000
G1 X96.3 Y81.468 Z4.6
G1 Z4.2
M73 P64 R4
G1 E.8 F2700
SET_VELOCITY_LIMIT ACCEL=3000 ACCEL_TO_DECEL=1500 SQUARE_CORNER_VELOCITY=7
;TYPE:Inner wall
;WIDTH:0.45
G1 F4800
G1 X95.468 Y81.468 E.02676
G1 X95.468 Y84.532 E.09853
G1 X129.532 Y84.532 E1.09538
G1 X129.532 Y81.468 E.09853
G1 X96.34 Y81.468 E1.06734
SET_VELOCITY_LIMIT ACCEL=5000 ACCEL_TO_DECEL=2500 SQUARE_CORNER_VELOCITY=9
G1 X96.3 Y81.875 F21000
SET_VELOCITY_LIMIT ACCEL=3000 ACCEL_TO_DECEL=1500 SQUARE_CORNER_VELOCITY=7
G1 F4800
G1 X95.875 Y81.875 E.01367
G1 X95.875 Y84.125 E.07235
G1 X129.125 Y84.125 E1.0692
G1 X129.125 Y81.875 E.07235
G1 X96.34 Y81.875 E1.05425
G1 X96.3 Y82.3 F21000
;TYPE:Outer wall
;WIDTH:0.4
G1 F3600
G1 X96.3 Y83.7 E.03949
G1 X128.7 Y83.7 E.9139
G1 X128.7 Y82.3 E.03949
G1 X96.34 Y82.3 E.91277
SET_VELOCITY_LIMIT ACCEL=5000 ACCEL_TO_DECEL=2500 SQUARE_CORNER_VELOCITY=9
G1 E-.68
;WIPE_START
G1 X96.311 Y83.3 E-.12
;WIPE_END
G1 X95.468 Y80.532 Z4.6 F21000
G1 Z4.2
G1 E.8 F2700
SET_VELOCITY_LIMIT ACCEL=3000 ACCEL_TO_DECEL=1500 SQUARE_CORNER_VELOCITY=7
;TYPE:Inner wall
;WIDTH:0.45
G1 F4800
G1 X129.532 Y80.532 E1.09538
G1 X129.532 Y75.968 E.14677
G1 X95.468 Y75.968 E1.09538
G1 X95.468 Y80.492 E.14548
SET_VELOCITY_LIMIT ACCEL=5000 ACCEL_TO_DECEL=2500 SQUARE_CORNER_VELOCITY=9
G1 X95.875 Y80.125 F21000
SET_VELOCITY_LIMIT ACCEL=3000 ACCEL_TO_DECEL=1500 SQUARE_CORNER_VELOCITY=7
G1 F4800
G1 X129.125 Y80.125 E1.0692
G1 X129.125 Y76.375 E.12059
G1 X95.875 Y76.375 E1.0692
G1 X95.875 Y80.085 E.1193
G1 X96.3 Y79.7 F21000
;TYPE:Outer wall
;WIDTH:0.4
G1 F3600
G1 X128.7 Y79.7 E.9139
G1 X128.7 Y76.8 E.0818
G1 X96.3 Y76.8 E.9139
G1 X96.3 Y79.66 E.08067
SET_VELOCITY_LIMIT ACCEL=5000 ACCEL_TO_DECEL=2500 SQUARE_CORNER_VELOCITY=9
G1 E-.68
;WIPE_START
G1 X97.3 Y79.661 E-.12
;WIPE_END
G1 X100.696 Y86.496 Z4.6 F21000
G1 X129.532 Y144.532 Z4.6
G1 Z4.2
G1 E.8 F2700
SET_VELOCITY_LIMIT ACCEL=3000 ACCEL_TO_DECEL=1500 SQUARE_CORNER_VELOCITY=7
;TYPE:Inner wall
;WIDTH:0.45
G1 F4800
G1 X129.532 Y141.468 E.09853
G1 X95.468 Y141.468 E1.09538
G1 X95.468 Y144.532 E.09853
M73 P65 R4
G1 X129.492 Y144.532 E1.09409
SET_VELOCITY_LIMIT ACCEL=5000 ACCEL_TO_DECEL=2500 SQUARE_CORNER_VELOCITY=9
G1 X129.125 Y144.125 F21000
SET_VELOCITY_LIMIT ACCEL=3000 ACCEL_TO_DECEL=1500 SQUARE_CORNER_VELOCITY=7
G1 F4800
G1 X129.125 Y141.875 E.07235
G1 X95.875 Y141.875 E1.0692
G1 X95.875 Y144.125 E.07235
G1 X129.085 Y144.125 E1.06791
G1 X128.7 Y143.7 F21000
;TYPE:Outer wall
;WIDTH:0.4
G1 F3600
G1 X128.7 Y142.3 E.03949
G1 X96.3 Y142.3 E.9139
G1 X96.3 Y143.7 E.03949
G1 X128.66 Y143.7 E.91277
SET_VELOCITY_LIMIT ACCEL=5000 ACCEL_TO_DECEL=2500 SQUARE_CORNER_VELOCITY=9
G1 E-.68
;WIPE_START
G1 X128.689 Y142.7 E-.12
;WIPE_END
G1 X121.082 Y143.334 Z4.6 F21000
G1 X95.468 Y145.468 Z4.6
G1 Z4.2
G1 E.8 F2700
SET_VELOCITY_LIMIT ACCEL=3000 ACCEL_TO_DECEL=1500 SQUARE_CORNER_VELOCITY=7
;TYPE:Inner wall
;WIDTH:0.45
G1 F4800
G1 X95.468 Y149.032 E.11461
G1 X104.816 Y149.032 E.3006
G1 X104.816 Y149.968 E.03009
G1 X94.532 Y149.968 E.33069
G1 X94.532 Y75.032 E2.40966
G1 X130.468 Y75.032 E1.15557
G1 X130.468 Y149.968 E2.40966
G1 X120.184 Y149.968 E.33069
G1 X120.184 Y149.032 E.03009
G1 X129.532 Y149.032 E.3006
G1 X129.532 Y145.468 E.11461
G1 X95.508 Y145.468 E1.09409
SET_VELOCITY_LIMIT ACCEL=5000 ACCEL_TO_DECEL=2500 SQUARE_CORNER_VELOCITY=9
G1 X95.875 Y145.875 F21000
SET_VELOCITY_LIMIT ACCEL=3000 ACCEL_TO_DECEL=1500 SQUARE_CORNER_VELOCITY=7
G1 F4800
G1 X95.875 Y148.625 E.08843
G1 X105.223 Y148.625 E.3006
G1 X105.223 Y150.375 E.05627
G1 X94.125 Y150.375 E.35688
G1 X94.125 Y74.625 E2.43584
G1 X130.875 Y74.625 E1.18175
M73 P66 R4
G1 X130.875 Y150.375 E2.43584
G1 X119.777 Y150.375 E.35688
G1 X119.777 Y148.625 E.05627
G1 X129.125 Y148.625 E.3006
G1 X129.125 Y145.875 E.08843
G1 X95.915 Y145.875 E1.06791
G1 X96.3 Y146.3 F21000
;TYPE:Outer wall
;WIDTH:0.4
G1 F3600
G1 X96.3 Y148.2 E.05359
G1 X105.648 Y148.2 E.26368
G1 X105.648 Y150.8 E.07334
G1 X93.7 Y150.8 E.33702
G1 X93.7 Y74.2 E2.16064
G1 X131.3 Y74.2 E1.06057
G1 X131.3 Y150.8 E2.16064
G1 X119.352 Y150.8 E.33702
G1 X119.352 Y148.2 E.07334
G1 X128.7 Y148.2 E.26368
G1 X128.7 Y146.3 E.05359
G1 X96.34 Y146.3 E.91277
SET_VELOCITY_LIMIT ACCEL=5000 ACCEL_TO_DECEL=2500 SQUARE_CORNER_VELOCITY=9
G1 E-.68
;WIPE_START
G1 X96.319 Y147.3 E-.12
;WIPE_END
G1 X95.264 Y145 Z4.6 F21000
G1 Z4.2
G1 E.8 F2700
;TYPE:Gap infill
;WIDTH:0.593714
G1 F5733.349
G1 X95.198 Y145 E.00288
;WIDTH:0.637779
G1 F5308.652
G1 X95.132 Y145 E.00311
;WIDTH:0.681843
G1 F4942.533
G1 X95.066 Y145 E.00334
;WIDTH:0.681841
G1 X95.044 Y145.088 E.00458
;WIDTH:0.637778
G1 F5308.659
G1 X95.022 Y145.176 E.00427
;WIDTH:0.572176
G1 F5966.671
G1 X95 Y145.264 E.0038
G1 X95 Y149.236 E.16603
;WIDTH:0.594364
G1 F5726.592
G1 X95.023 Y149.345 E.00487
;WIDTH:0.624604
G1 F5428.886
G1 X95.045 Y149.455 E.00514
G1 X95.264 Y149.5 E.01028
;WIDTH:0.571684
G1 F5972.219
G1 X104.613 Y149.5 E.39046
G1 E-.68 F3600
M73 P67 R4
;WIPE_START
G1 F5972.219
G1 X103.613 Y149.5 E-.12
;WIPE_END
G1 X98.201 Y144.118 Z4.6 F21000
G1 X95.066 Y141 Z4.6
G1 Z4.2
G1 E.8 F2700
;WIDTH:0.659811
G1 F5119.051
G1 X95.044 Y140.912 E.00443
;WIDTH:0.637779
G1 F5308.644
G1 X95.022 Y140.824 E.00427
;WIDTH:0.593716
G1 F5733.332
G1 X95 Y140.736 E.00395
;WIDTH:0.571756
G1 F5971.411
G1 X95 Y113.264 E1.14759
G1 X95.022 Y113.176 E.00379
;WIDTH:0.637778
G1 F5308.659
G1 X95.044 Y113.088 E.00427
;WIDTH:0.681841
G1 F4942.543
G1 X95.066 Y113 E.00458
;WIDTH:0.659811
G1 F5119.051
G1 X95.044 Y112.912 E.00443
;WIDTH:0.637779
G1 F5308.644
G1 X95.022 Y112.824 E.00427
;WIDTH:0.593716
G1 F5733.332
G1 X95 Y112.736 E.00395
;WIDTH:0.571756
G1 F5971.411
G1 X95 Y85.264 E1.14759
G1 X95.022 Y85.176 E.00379
;WIDTH:0.637779
G1 F5308.652
G1 X95.044 Y85.088 E.00427
;WIDTH:0.681843
G1 F4942.533
G1 X95.066 Y85 E.00458
;WIDTH:0.681842
G1 X95.132 Y85 E.00334
;WIDTH:0.637779
G1 F5308.65
G1 X95.198 Y85 E.00311
;WIDTH:0.593716
G1 F5733.335
G1 X95.264 Y85 E.00288
;WIDTH:0.571726
G1 F5971.755
G1 X129.802 Y85 E1.44269
;WIDTH:0.637779
G1 F5308.652
G1 X129.868 Y85 E.00311
;WIDTH:0.681843
G1 F4942.533
G1 X129.934 Y85 E.00334
;WIDTH:0.681841
G1 X129.956 Y84.912 E.00458
;WIDTH:0.637778
G1 F5308.659
G1 X129.978 Y84.824 E.00427
;WIDTH:0.572245
G1 F5965.892
G1 X130 Y84.736 E.0038
G1 X130 Y81.264 E.14514
;WIDTH:0.593716
G1 F5733.332
G1 X129.978 Y81.176 E.00395
;WIDTH:0.637779
G1 F5308.644
G1 X129.956 Y81.088 E.00427
;WIDTH:0.681843
G1 F4942.533
G1 X129.934 Y81 E.00458
G1 X129.868 Y81 E.00334
;WIDTH:0.637779
G1 F5308.652
G1 X129.802 Y81 E.00311
;WIDTH:0.571726
G1 F5971.755
G1 X95.264 Y81 E1.44269
;WIDTH:0.593716
G1 F5733.335
G1 X95.198 Y81 E.00288
;WIDTH:0.637779
G1 F5308.65
G1 X95.132 Y81 E.00311
;WIDTH:0.681842
G1 F4942.541
G1 X95.066 Y81 E.00334
G1 X95.066 Y85 F21000
;WIDTH:0.659811
G1 F5119.051
G1 X95.044 Y84.912 E.00443
;WIDTH:0.637779
G1 F5308.644
G1 X95.022 Y84.824 E.00427
;WIDTH:0.593716
G1 F5733.332
G1 X95 Y84.736 E.00395
;WIDTH:0.572245
G1 F5965.892
G1 X95 Y81.264 E.14514
G1 X95.022 Y81.176 E.0038
;WIDTH:0.637779
G1 F5308.652
G1 X95.044 Y81.088 E.00427
;WIDTH:0.681843
G1 F4942.533
G1 X95.066 Y81 E.00458
;WIDTH:0.659811
G1 F5119.051
G1 X95.044 Y80.912 E.00443
;WIDTH:0.637779
G1 F5308.644
G1 X95.022 Y80.824 E.00427
;WIDTH:0.593716
G1 F5733.332
G1 X95 Y80.736 E.00395
;WIDTH:0.571683
G1 F5972.231
G1 X95 Y75.764 E.20764
;WIDTH:0.624604
G1 F5428.886
G1 X95.045 Y75.545 E.01028
G1 X95.155 Y75.523 E.00514
;WIDTH:0.594364
G1 F5726.592
G1 X95.264 Y75.5 E.00487
;WIDTH:0.571683
G1 F5972.231
G1 X129.736 Y75.5 E1.43981
;WIDTH:0.624604
G1 F5428.886
G1 X129.955 Y75.545 E.01028
G1 X129.977 Y75.655 E.00514
;WIDTH:0.594364
G1 F5726.592
G1 X130 Y75.764 E.00487
;WIDTH:0.572079
G1 F5967.769
G1 X130 Y80.736 E.2078
G1 X129.978 Y80.824 E.0038
;WIDTH:0.637778
G1 F5308.659
G1 X129.956 Y80.912 E.00427
;WIDTH:0.681841
G1 F4942.543
G1 X129.934 Y81 E.00458
G1 X129.934 Y85 F21000
;WIDTH:0.681843
G1 F4942.533
G1 X129.956 Y85.088 E.00458
;WIDTH:0.637779
G1 F5308.644
G1 X129.978 Y85.176 E.00427
;WIDTH:0.593716
G1 F5733.332
G1 X130 Y85.264 E.00395
;WIDTH:0.571756
G1 F5971.411
G1 X130 Y112.736 E1.14759
G1 X129.978 Y112.824 E.00379
;WIDTH:0.637779
G1 F5308.652
G1 X129.956 Y112.912 E.00427
;WIDTH:0.681843
G1 F4942.533
G1 X129.934 Y113 E.00458
G1 X129.934 Y141 F21000
;WIDTH:0.681842
G1 F4942.541
G1 X129.868 Y141 E.00334
;WIDTH:0.637779
G1 F5308.65
G1 X129.802 Y141 E.00311
;WIDTH:0.571726
G1 F5971.755
G1 X95.264 Y141 E1.44269
;WIDTH:0.593714
G1 F5733.349
G1 X95.198 Y141 E.00288
;WIDTH:0.637779
G1 F5308.652
G1 X95.132 Y141 E.00311
;WIDTH:0.681843
G1 F4942.533
G1 X95.066 Y141 E.00334
;WIDTH:0.681841
G1 X95.044 Y141.088 E.00458
;WIDTH:0.637778
G1 F5308.659
G1 X95.022 Y141.176 E.00427
;WIDTH:0.572245
G1 F5965.892
G1 X95 Y141.264 E.0038
G1 X95 Y144.736 E.14514
;WIDTH:0.593716
G1 F5733.332
G1 X95.022 Y144.824 E.00395
;WIDTH:0.637779
G1 F5308.644
G1 X95.044 Y144.912 E.00427
;WIDTH:0.659811
G1 F5119.051
G1 X95.066 Y145 E.00443
G1 X95.264 Y145 F21000
;WIDTH:0.571726
G1 F5971.755
G1 X129.802 Y145 E1.44269
;WIDTH:0.637779
G1 F5308.65
G1 X129.868 Y145 E.00311
;WIDTH:0.681842
G1 F4942.541
G1 X129.934 Y145 E.00334
G1 E-.75186 F3600
;WIPE_START
G1 F4942.541
G1 X129.868 Y145 E-.04814
;WIPE_END
G1 X122.973 Y148.273 Z4.6 F21000
G1 X120.388 Y149.5 Z4.6
G1 Z4.2
G1 E.8 F2700
;WIDTH:0.571682
G1 F5972.243
G1 X129.736 Y149.5 E.39046
;WIDTH:0.594364
G1 F5726.592
G1 X129.845 Y149.477 E.00487
;WIDTH:0.624604
G1 F5428.886
G1 X129.955 Y149.455 E.00514
G1 X130 Y149.236 E.01028
;WIDTH:0.571683
G1 F5972.231
G1 X130 Y145.264 E.16587
;WIDTH:0.593716
G1 F5733.332
G1 X129.978 Y145.176 E.00395
;WIDTH:0.637779
G1 F5308.644
G1 X129.956 Y145.088 E.00427
;WIDTH:0.681843
G1 F4942.533
G1 X129.934 Y145 E.00458
G1 X129.956 Y144.912 E.00458
;WIDTH:0.637779
G1 F5308.652
G1 X129.978 Y144.824 E.00427
;WIDTH:0.572245
G1 F5965.892
G1 X130 Y144.736 E.0038
G1 X130 Y141.264 E.14514
;WIDTH:0.593716
G1 F5733.332
G1 X129.978 Y141.176 E.00395
;WIDTH:0.637779
G1 F5308.644
G1 X129.956 Y141.088 E.00427
;WIDTH:0.681843
G1 F4942.533
G1 X129.934 Y141 E.00458
G1 X129.956 Y140.912 E.00458
;WIDTH:0.637779
G1 F5308.652
G1 X129.978 Y140.824 E.00427
;WIDTH:0.571756
G1 F5971.411
G1 X130 Y140.736 E.00379
G1 X130 Y113.264 E1.14759
;WIDTH:0.593716
G1 F5733.332
G1 X129.978 Y113.176 E.00395
;WIDTH:0.637779
G1 F5308.644
G1 X129.956 Y113.088 E.00427
;WIDTH:0.681843
G1 F4942.533
G1 X129.934 Y113 E.00458
;WIDTH:0.681842
G1 X129.868 Y113 E.00334
;WIDTH:0.637779
G1 F5308.65
G1 X129.802 Y113 E.00311
;WIDTH:0.571726
G1 F5971.755
G1 X95.264 Y113 E1.44269
;WIDTH:0.593714
G1 F5733.349
G1 X95.198 Y113 E.00288
;WIDTH:0.637779
G1 F5308.652
G1 X95.132 Y113 E.00311
;WIDTH:0.681843
G1 F4942.533
G1 X95.066 Y113 E.00334
G1 E-.75186 F3600
;WIPE_START
G1 F4942.533
G1 X95.132 Y113 E-.04814
;WIPE_END
G1 X98.074 Y120.043 Z4.6 F21000
G1 X110.184 Y149.032 Z4.6
G1 Z4.2
G1 E.8 F2700
SET_VELOCITY_LIMIT ACCEL=3000 ACCEL_TO_DECEL=1500 SQUARE_CORNER_VELOCITY=7
;TYPE:Inner wall
;WIDTH:0.45
G1 F4800
G1 X114.816 Y149.032 E.14895
G1 X114.816 Y149.968 E.03009
G1 X110.184 Y149.968 E.14895
G1 X110.184 Y149.072 E.02881
SET_VELOCITY_LIMIT ACCEL=5000 ACCEL_TO_DECEL=2500 SQUARE_CORNER_VELOCITY=9
G1 X109.777 Y148.625 F21000
SET_VELOCITY_LIMIT ACCEL=3000 ACCEL_TO_DECEL=1500 SQUARE_CORNER_VELOCITY=7
G1 F4800
G1 X115.223 Y148.625 E.17513
G1 X115.223 Y150.375 E.05627
G1 X109.777 Y150.375 E.17513
G1 X109.777 Y148.665 E.05499
G1 X109.352 Y148.2 F21000
;TYPE:Outer wall
;WIDTH:0.4
G1 F3600
G1 X115.648 Y148.2 E.1776
G1 X115.648 Y150.8 E.07334
G1 X109.352 Y150.8 E.1776
G1 X109.352 Y148.24 E.07221
SET_VELOCITY_LIMIT ACCEL=5000 ACCEL_TO_DECEL=2500 SQUARE_CORNER_VELOCITY=9
G1 E-.68
;WIPE_START
G1 X110.352 Y148.234 E-.12
;WIPE_END
G1 X110.388 Y149.5 Z4.6 F21000
G1 Z4.2
G1 E.8 F2700
;TYPE:Gap infill
;WIDTH:0.571682
G1 F5972.243
G1 X114.613 Y149.5 E.17647
; stop printing object vyper_electronics_cassette.stl id:0 copy 0
;LAYER_CHANGE
;Z:4.4
;HEIGHT:0.2
;BEFORE_LAYER_CHANGE
G92 E0
;4.4


G1 E-.68 F3600
;WIPE_START
G1 F5972.243
G1 X113.613 Y149.5 E-.12
;WIPE_END
EXCLUDE_OBJECT_END NAME=vyper_electronics_cassette.stl_id_0_copy_0
;AFTER_LAYER_CHANGE
;4.4
;_SET_FAN_SPEED_CHANGING_LAYER
; printing object vyper_electronics_cassette.stl id:0 copy 0
EXCLUDE_OBJECT_START NAME=vyper_electronics_cassette.stl_id_0_copy_0
G1 X120.262 Y145.754 Z4.8 F21000
G1 X129.532 Y140.532 Z4.8
G1 Z4.4
G1 E.8 F2700
SET_VELOCITY_LIMIT ACCEL=3000 ACCEL_TO_DECEL=1500 SQUARE_CORNER_VELOCITY=7
;TYPE:Inner wall
;WIDTH:0.45
G1 F4800
G1 X129.532 Y113.468 E.87029
G1 X95.468 Y113.468 E1.09538
G1 X95.468 Y140.532 E.87029
G1 X129.492 Y140.532 E1.09409
SET_VELOCITY_LIMIT ACCEL=5000 ACCEL_TO_DECEL=2500 SQUARE_CORNER_VELOCITY=9
G1 X129.125 Y140.125 F21000
M73 P68 R4
SET_VELOCITY_LIMIT ACCEL=3000 ACCEL_TO_DECEL=1500 SQUARE_CORNER_VELOCITY=7
G1 F4800
G1 X129.125 Y113.875 E.8441
G1 X95.875 Y113.875 E1.0692
G1 X95.875 Y140.125 E.8441
G1 X129.085 Y140.125 E1.06791
G1 X128.7 Y139.7 F21000
;TYPE:Outer wall
;WIDTH:0.4
G1 F3600
G1 X128.7 Y114.3 E.71645
G1 X96.3 Y114.3 E.9139
G1 X96.3 Y139.7 E.71645
G1 X128.66 Y139.7 E.91277
SET_VELOCITY_LIMIT ACCEL=5000 ACCEL_TO_DECEL=2500 SQUARE_CORNER_VELOCITY=9
G1 E-.68
;WIPE_START
G1 X128.662 Y138.7 E-.12
;WIPE_END
G1 X128.786 Y131.069 Z4.8 F21000
G1 X129.532 Y85.468 Z4.8
G1 Z4.4
G1 E.8 F2700
SET_VELOCITY_LIMIT ACCEL=3000 ACCEL_TO_DECEL=1500 SQUARE_CORNER_VELOCITY=7
;TYPE:Inner wall
;WIDTH:0.45
G1 F4800
G1 X95.468 Y85.468 E1.09538
G1 X95.468 Y112.532 E.87029
G1 X129.532 Y112.532 E1.09538
G1 X129.532 Y85.508 E.869
SET_VELOCITY_LIMIT ACCEL=5000 ACCEL_TO_DECEL=2500 SQUARE_CORNER_VELOCITY=9
G1 X129.125 Y85.875 F21000
SET_VELOCITY_LIMIT ACCEL=3000 ACCEL_TO_DECEL=1500 SQUARE_CORNER_VELOCITY=7
G1 F4800
G1 X95.875 Y85.875 E1.0692
G1 X95.875 Y112.125 E.8441
G1 X129.125 Y112.125 E1.0692
G1 X129.125 Y85.915 E.84282
G1 X128.7 Y86.3 F21000
;TYPE:Outer wall
;WIDTH:0.4
G1 F3600
G1 X96.3 Y86.3 E.9139
G1 X96.3 Y111.7 E.71645
M73 P69 R4
G1 X128.7 Y111.7 E.9139
G1 X128.7 Y86.34 E.71532
SET_VELOCITY_LIMIT ACCEL=5000 ACCEL_TO_DECEL=2500 SQUARE_CORNER_VELOCITY=9
G1 E-.68
;WIPE_START
G1 X127.7 Y86.339 E-.12
;WIPE_END
G1 X120.158 Y85.169 Z4.8 F21000
G1 X96.3 Y81.468 Z4.8
G1 Z4.4
G1 E.8 F2700
M73 P69 R3
SET_VELOCITY_LIMIT ACCEL=3000 ACCEL_TO_DECEL=1500 SQUARE_CORNER_VELOCITY=7
;TYPE:Inner wall
;WIDTH:0.45
G1 F4800
G1 X95.468 Y81.468 E.02676
G1 X95.468 Y84.532 E.09853
G1 X129.532 Y84.532 E1.09538
G1 X129.532 Y81.468 E.09853
G1 X96.34 Y81.468 E1.06734
SET_VELOCITY_LIMIT ACCEL=5000 ACCEL_TO_DECEL=2500 SQUARE_CORNER_VELOCITY=9
G1 X96.3 Y81.875 F21000
SET_VELOCITY_LIMIT ACCEL=3000 ACCEL_TO_DECEL=1500 SQUARE_CORNER_VELOCITY=7
G1 F4800
G1 X95.875 Y81.875 E.01367
G1 X95.875 Y84.125 E.07235
G1 X129.125 Y84.125 E1.0692
G1 X129.125 Y81.875 E.07235
G1 X96.34 Y81.875 E1.05425
G1 X96.3 Y82.3 F21000
;TYPE:Outer wall
;WIDTH:0.4
G1 F3600
G1 X96.3 Y83.7 E.03949
G1 X128.7 Y83.7 E.9139
G1 X128.7 Y82.3 E.03949
G1 X96.34 Y82.3 E.91277
SET_VELOCITY_LIMIT ACCEL=5000 ACCEL_TO_DECEL=2500 SQUARE_CORNER_VELOCITY=9
G1 E-.68
;WIPE_START
G1 X96.311 Y83.3 E-.12
;WIPE_END
G1 X95.468 Y80.532 Z4.8 F21000
G1 Z4.4
G1 E.8 F2700
SET_VELOCITY_LIMIT ACCEL=3000 ACCEL_TO_DECEL=1500 SQUARE_CORNER_VELOCITY=7
;TYPE:Inner wall
;WIDTH:0.45
G1 F4800
G1 X129.532 Y80.532 E1.09538
G1 X129.532 Y75.968 E.14677
G1 X95.468 Y75.968 E1.09538
G1 X95.468 Y80.492 E.14548
SET_VELOCITY_LIMIT ACCEL=5000 ACCEL_TO_DECEL=2500 SQUARE_CORNER_VELOCITY=9
G1 X95.875 Y80.125 F21000
SET_VELOCITY_LIMIT ACCEL=3000 ACCEL_TO_DECEL=1500 SQUARE_CORNER_VELOCITY=7
G1 F4800
G1 X129.125 Y80.125 E1.0692
G1 X129.125 Y76.375 E.12059
G1 X95.875 Y76.375 E1.0692
G1 X95.875 Y80.085 E.1193
G1 X96.3 Y79.7 F21000
;TYPE:Outer wall
;WIDTH:0.4
G1 F3600
G1 X128.7 Y79.7 E.9139
G1 X128.7 Y76.8 E.0818
M73 P70 R3
G1 X96.3 Y76.8 E.9139
G1 X96.3 Y79.66 E.08067
SET_VELOCITY_LIMIT ACCEL=5000 ACCEL_TO_DECEL=2500 SQUARE_CORNER_VELOCITY=9
G1 E-.68
;WIPE_START
G1 X97.3 Y79.661 E-.12
;WIPE_END
G1 X100.696 Y86.496 Z4.8 F21000
G1 X129.532 Y144.532 Z4.8
G1 Z4.4
G1 E.8 F2700
SET_VELOCITY_LIMIT ACCEL=3000 ACCEL_TO_DECEL=1500 SQUARE_CORNER_VELOCITY=7
;TYPE:Inner wall
;WIDTH:0.45
G1 F4800
G1 X129.532 Y141.468 E.09853
G1 X95.468 Y141.468 E1.09538
G1 X95.468 Y144.532 E.09853
G1 X129.492 Y144.532 E1.09409
SET_VELOCITY_LIMIT ACCEL=5000 ACCEL_TO_DECEL=2500 SQUARE_CORNER_VELOCITY=9
G1 X129.125 Y144.125 F21000
SET_VELOCITY_LIMIT ACCEL=3000 ACCEL_TO_DECEL=1500 SQUARE_CORNER_VELOCITY=7
G1 F4800
G1 X129.125 Y141.875 E.07235
G1 X95.875 Y141.875 E1.0692
G1 X95.875 Y144.125 E.07235
G1 X129.085 Y144.125 E1.06791
G1 X128.7 Y143.7 F21000
;TYPE:Outer wall
;WIDTH:0.4
G1 F3600
G1 X128.7 Y142.3 E.03949
G1 X96.3 Y142.3 E.9139
G1 X96.3 Y143.7 E.03949
G1 X128.66 Y143.7 E.91277
SET_VELOCITY_LIMIT ACCEL=5000 ACCEL_TO_DECEL=2500 SQUARE_CORNER_VELOCITY=9
G1 E-.68
;WIPE_START
G1 X128.689 Y142.7 E-.12
;WIPE_END
G1 X121.082 Y143.334 Z4.8 F21000
G1 X95.468 Y145.468 Z4.8
G1 Z4.4
G1 E.8 F2700
SET_VELOCITY_LIMIT ACCEL=3000 ACCEL_TO_DECEL=1500 SQUARE_CORNER_VELOCITY=7
;TYPE:Inner wall
;WIDTH:0.45
G1 F4800
G1 X95.468 Y149.032 E.11461
G1 X104.878 Y149.032 E.30259
G1 X104.878 Y149.968 E.03009
G1 X94.532 Y149.968 E.33268
G1 X94.532 Y75.032 E2.40966
G1 X130.468 Y75.032 E1.15557
G1 X130.468 Y149.968 E2.40966
G1 X120.122 Y149.968 E.33268
M73 P71 R3
G1 X120.122 Y149.032 E.03009
G1 X129.532 Y149.032 E.30259
G1 X129.532 Y145.468 E.11461
G1 X95.508 Y145.468 E1.09409
SET_VELOCITY_LIMIT ACCEL=5000 ACCEL_TO_DECEL=2500 SQUARE_CORNER_VELOCITY=9
G1 X95.875 Y145.875 F21000
SET_VELOCITY_LIMIT ACCEL=3000 ACCEL_TO_DECEL=1500 SQUARE_CORNER_VELOCITY=7
G1 F4800
G1 X95.875 Y148.625 E.08843
G1 X105.285 Y148.625 E.30259
G1 X105.285 Y150.375 E.05627
G1 X94.125 Y150.375 E.35886
G1 X94.125 Y74.625 E2.43584
G1 X130.875 Y74.625 E1.18175
G1 X130.875 Y150.375 E2.43584
G1 X119.715 Y150.375 E.35886
G1 X119.715 Y148.625 E.05627
G1 X129.125 Y148.625 E.30259
G1 X129.125 Y145.875 E.08843
G1 X95.915 Y145.875 E1.06791
G1 X96.3 Y146.3 F21000
;TYPE:Outer wall
;WIDTH:0.4
G1 F3600
G1 X96.3 Y148.2 E.05359
G1 X105.71 Y148.2 E.26542
G1 X105.71 Y150.8 E.07334
G1 X93.7 Y150.8 E.33876
G1 X93.7 Y74.2 E2.16064
G1 X131.3 Y74.2 E1.06057
G1 X131.3 Y150.8 E2.16064
G1 X119.29 Y150.8 E.33876
M73 P72 R3
G1 X119.29 Y148.2 E.07334
G1 X128.7 Y148.2 E.26542
G1 X128.7 Y146.3 E.05359
G1 X96.34 Y146.3 E.91277
SET_VELOCITY_LIMIT ACCEL=5000 ACCEL_TO_DECEL=2500 SQUARE_CORNER_VELOCITY=9
G1 E-.68
;WIPE_START
G1 X96.319 Y147.3 E-.12
;WIPE_END
G1 X95.264 Y145 Z4.8 F21000
G1 Z4.4
G1 E.8 F2700
;TYPE:Gap infill
;WIDTH:0.593714
G1 F5733.349
G1 X95.198 Y145 E.00288
;WIDTH:0.637779
G1 F5308.652
G1 X95.132 Y145 E.00311
;WIDTH:0.681843
G1 F4942.533
G1 X95.066 Y145 E.00334
;WIDTH:0.681841
G1 X95.044 Y145.088 E.00458
;WIDTH:0.637778
G1 F5308.659
G1 X95.022 Y145.176 E.00427
;WIDTH:0.572176
G1 F5966.671
G1 X95 Y145.264 E.0038
G1 X95 Y149.236 E.16603
;WIDTH:0.594364
G1 F5726.592
G1 X95.023 Y149.345 E.00487
;WIDTH:0.624604
G1 F5428.886
G1 X95.045 Y149.455 E.00514
G1 X95.264 Y149.5 E.01028
;WIDTH:0.571684
G1 F5972.219
G1 X104.674 Y149.5 E.39303
G1 E-.68 F3600
;WIPE_START
G1 F5972.219
G1 X103.674 Y149.5 E-.12
;WIPE_END
G1 X98.243 Y144.137 Z4.8 F21000
G1 X95.066 Y141 Z4.8
G1 Z4.4
G1 E.8 F2700
;WIDTH:0.659811
G1 F5119.051
G1 X95.044 Y140.912 E.00443
;WIDTH:0.637779
G1 F5308.644
G1 X95.022 Y140.824 E.00427
;WIDTH:0.593716
G1 F5733.332
G1 X95 Y140.736 E.00395
;WIDTH:0.571756
G1 F5971.411
G1 X95 Y113.264 E1.14759
G1 X95.022 Y113.176 E.00379
;WIDTH:0.637778
G1 F5308.659
G1 X95.044 Y113.088 E.00427
;WIDTH:0.681841
G1 F4942.543
G1 X95.066 Y113 E.00458
;WIDTH:0.659811
G1 F5119.051
G1 X95.044 Y112.912 E.00443
;WIDTH:0.637779
G1 F5308.644
G1 X95.022 Y112.824 E.00427
;WIDTH:0.593716
G1 F5733.332
G1 X95 Y112.736 E.00395
;WIDTH:0.571756
G1 F5971.411
G1 X95 Y85.264 E1.14759
G1 X95.022 Y85.176 E.00379
;WIDTH:0.637779
G1 F5308.652
G1 X95.044 Y85.088 E.00427
;WIDTH:0.681843
G1 F4942.533
G1 X95.066 Y85 E.00458
;WIDTH:0.681842
G1 X95.132 Y85 E.00334
;WIDTH:0.637779
G1 F5308.65
G1 X95.198 Y85 E.00311
;WIDTH:0.593716
G1 F5733.335
G1 X95.264 Y85 E.00288
;WIDTH:0.571726
G1 F5971.755
G1 X129.802 Y85 E1.44269
;WIDTH:0.637779
G1 F5308.652
G1 X129.868 Y85 E.00311
;WIDTH:0.681843
G1 F4942.533
G1 X129.934 Y85 E.00334
;WIDTH:0.681841
G1 X129.956 Y84.912 E.00458
;WIDTH:0.637778
G1 F5308.659
G1 X129.978 Y84.824 E.00427
;WIDTH:0.572245
G1 F5965.892
G1 X130 Y84.736 E.0038
G1 X130 Y81.264 E.14514
;WIDTH:0.593716
G1 F5733.332
G1 X129.978 Y81.176 E.00395
;WIDTH:0.637779
G1 F5308.644
G1 X129.956 Y81.088 E.00427
;WIDTH:0.681843
G1 F4942.533
G1 X129.934 Y81 E.00458
G1 X129.868 Y81 E.00334
;WIDTH:0.637779
G1 F5308.652
G1 X129.802 Y81 E.00311
;WIDTH:0.571726
G1 F5971.755
G1 X95.264 Y81 E1.44269
;WIDTH:0.593716
G1 F5733.335
G1 X95.198 Y81 E.00288
;WIDTH:0.637779
G1 F5308.65
G1 X95.132 Y81 E.00311
;WIDTH:0.681842
G1 F4942.541
G1 X95.066 Y81 E.00334
G1 X95.066 Y85 F21000
;WIDTH:0.659811
G1 F5119.051
G1 X95.044 Y84.912 E.00443
;WIDTH:0.637779
G1 F5308.644
G1 X95.022 Y84.824 E.00427
;WIDTH:0.593716
G1 F5733.332
G1 X95 Y84.736 E.00395
;WIDTH:0.572245
G1 F5965.892
G1 X95 Y81.264 E.14514
G1 X95.022 Y81.176 E.0038
;WIDTH:0.637779
G1 F5308.652
G1 X95.044 Y81.088 E.00427
;WIDTH:0.681843
G1 F4942.533
G1 X95.066 Y81 E.00458
;WIDTH:0.659811
G1 F5119.051
G1 X95.044 Y80.912 E.00443
;WIDTH:0.637779
G1 F5308.644
G1 X95.022 Y80.824 E.00427
;WIDTH:0.593716
G1 F5733.332
G1 X95 Y80.736 E.00395
;WIDTH:0.571683
G1 F5972.231
G1 X95 Y75.764 E.20764
;WIDTH:0.624604
G1 F5428.886
G1 X95.045 Y75.545 E.01028
G1 X95.155 Y75.523 E.00514
;WIDTH:0.594364
G1 F5726.592
G1 X95.264 Y75.5 E.00487
;WIDTH:0.571683
G1 F5972.231
G1 X129.736 Y75.5 E1.43981
;WIDTH:0.624604
G1 F5428.886
G1 X129.955 Y75.545 E.01028
G1 X129.977 Y75.655 E.00514
;WIDTH:0.594364
G1 F5726.592
G1 X130 Y75.764 E.00487
;WIDTH:0.572079
G1 F5967.769
G1 X130 Y80.736 E.2078
G1 X129.978 Y80.824 E.0038
;WIDTH:0.637778
G1 F5308.659
G1 X129.956 Y80.912 E.00427
;WIDTH:0.681841
G1 F4942.543
G1 X129.934 Y81 E.00458
G1 X129.934 Y85 F21000
;WIDTH:0.681843
G1 F4942.533
G1 X129.956 Y85.088 E.00458
;WIDTH:0.637779
G1 F5308.644
G1 X129.978 Y85.176 E.00427
;WIDTH:0.593716
G1 F5733.332
G1 X130 Y85.264 E.00395
;WIDTH:0.571756
G1 F5971.411
G1 X130 Y112.736 E1.14759
G1 X129.978 Y112.824 E.00379
;WIDTH:0.637779
G1 F5308.652
G1 X129.956 Y112.912 E.00427
;WIDTH:0.681843
G1 F4942.533
G1 X129.934 Y113 E.00458
G1 X129.934 Y141 F21000
;WIDTH:0.681842
G1 F4942.541
G1 X129.868 Y141 E.00334
;WIDTH:0.637779
G1 F5308.65
G1 X129.802 Y141 E.00311
;WIDTH:0.571726
G1 F5971.755
G1 X95.264 Y141 E1.44269
;WIDTH:0.593714
G1 F5733.349
G1 X95.198 Y141 E.00288
;WIDTH:0.637779
G1 F5308.652
G1 X95.132 Y141 E.00311
;WIDTH:0.681843
G1 F4942.533
G1 X95.066 Y141 E.00334
;WIDTH:0.681841
G1 X95.044 Y141.088 E.00458
;WIDTH:0.637778
G1 F5308.659
G1 X95.022 Y141.176 E.00427
;WIDTH:0.572245
G1 F5965.892
G1 X95 Y141.264 E.0038
G1 X95 Y144.736 E.14514
;WIDTH:0.593716
G1 F5733.332
G1 X95.022 Y144.824 E.00395
;WIDTH:0.637779
G1 F5308.644
G1 X95.044 Y144.912 E.00427
;WIDTH:0.659811
G1 F5119.051
G1 X95.066 Y145 E.00443
G1 X95.264 Y145 F21000
;WIDTH:0.571726
G1 F5971.755
G1 X129.802 Y145 E1.44269
;WIDTH:0.637779
G1 F5308.65
G1 X129.868 Y145 E.00311
;WIDTH:0.681842
G1 F4942.541
G1 X129.934 Y145 E.00334
G1 E-.75186 F3600
;WIPE_START
G1 F4942.541
G1 X129.868 Y145 E-.04814
;WIPE_END
G1 X122.965 Y148.256 Z4.8 F21000
G1 X120.326 Y149.5 Z4.8
G1 Z4.4
G1 E.8 F2700
;WIDTH:0.571683
G1 F5972.231
G1 X129.736 Y149.5 E.39303
;WIDTH:0.594364
G1 F5726.592
G1 X129.845 Y149.477 E.00487
;WIDTH:0.624604
G1 F5428.886
G1 X129.955 Y149.455 E.00514
G1 X130 Y149.236 E.01028
;WIDTH:0.571683
G1 F5972.231
G1 X130 Y145.264 E.16587
;WIDTH:0.593716
G1 F5733.332
G1 X129.978 Y145.176 E.00395
;WIDTH:0.637779
G1 F5308.644
G1 X129.956 Y145.088 E.00427
;WIDTH:0.681843
G1 F4942.533
G1 X129.934 Y145 E.00458
G1 X129.956 Y144.912 E.00458
;WIDTH:0.637779
G1 F5308.652
G1 X129.978 Y144.824 E.00427
;WIDTH:0.572245
G1 F5965.892
G1 X130 Y144.736 E.0038
G1 X130 Y141.264 E.14514
;WIDTH:0.593716
G1 F5733.332
G1 X129.978 Y141.176 E.00395
;WIDTH:0.637779
G1 F5308.644
G1 X129.956 Y141.088 E.00427
;WIDTH:0.681843
G1 F4942.533
G1 X129.934 Y141 E.00458
G1 X129.956 Y140.912 E.00458
;WIDTH:0.637779
G1 F5308.652
G1 X129.978 Y140.824 E.00427
;WIDTH:0.571756
G1 F5971.411
G1 X130 Y140.736 E.00379
G1 X130 Y113.264 E1.14759
;WIDTH:0.593716
G1 F5733.332
G1 X129.978 Y113.176 E.00395
;WIDTH:0.637779
G1 F5308.644
G1 X129.956 Y113.088 E.00427
;WIDTH:0.681843
G1 F4942.533
G1 X129.934 Y113 E.00458
;WIDTH:0.681842
G1 X129.868 Y113 E.00334
;WIDTH:0.637779
G1 F5308.65
G1 X129.802 Y113 E.00311
;WIDTH:0.571726
G1 F5971.755
G1 X95.264 Y113 E1.44269
;WIDTH:0.593714
G1 F5733.349
G1 X95.198 Y113 E.00288
;WIDTH:0.637779
G1 F5308.652
G1 X95.132 Y113 E.00311
;WIDTH:0.681843
G1 F4942.533
G1 X95.066 Y113 E.00334
G1 E-.75186 F3600
;WIPE_START
G1 F4942.533
G1 X95.132 Y113 E-.04814
;WIPE_END
G1 X98.064 Y120.047 Z4.8 F21000
G1 X110.122 Y149.032 Z4.8
G1 Z4.4
G1 E.8 F2700
SET_VELOCITY_LIMIT ACCEL=3000 ACCEL_TO_DECEL=1500 SQUARE_CORNER_VELOCITY=7
;TYPE:Inner wall
;WIDTH:0.45
G1 F4800
G1 X114.878 Y149.032 E.15292
G1 X114.878 Y149.968 E.03009
G1 X110.122 Y149.968 E.15292
G1 X110.122 Y149.072 E.02881
SET_VELOCITY_LIMIT ACCEL=5000 ACCEL_TO_DECEL=2500 SQUARE_CORNER_VELOCITY=9
G1 X109.715 Y148.625 F21000
SET_VELOCITY_LIMIT ACCEL=3000 ACCEL_TO_DECEL=1500 SQUARE_CORNER_VELOCITY=7
G1 F4800
G1 X115.285 Y148.625 E.1791
G1 X115.285 Y150.375 E.05627
G1 X109.715 Y150.375 E.1791
G1 X109.715 Y148.665 E.05499
G1 X109.29 Y148.2 F21000
;TYPE:Outer wall
;WIDTH:0.4
G1 F3600
G1 X115.71 Y148.2 E.18108
G1 X115.71 Y150.8 E.07334
G1 X109.29 Y150.8 E.18108
G1 X109.29 Y148.24 E.07221
M73 P73 R3
SET_VELOCITY_LIMIT ACCEL=5000 ACCEL_TO_DECEL=2500 SQUARE_CORNER_VELOCITY=9
G1 E-.68
;WIPE_START
G1 X110.29 Y148.234 E-.12
;WIPE_END
G1 X110.326 Y149.5 Z4.8 F21000
G1 Z4.4
G1 E.8 F2700
;TYPE:Gap infill
;WIDTH:0.571682
G1 F5972.243
G1 X114.674 Y149.5 E.18162
; stop printing object vyper_electronics_cassette.stl id:0 copy 0
;LAYER_CHANGE
;Z:4.6
;HEIGHT:0.2
;BEFORE_LAYER_CHANGE
G92 E0
;4.6


G1 E-.68 F3600
;WIPE_START
G1 F5972.243
G1 X113.674 Y149.5 E-.12
;WIPE_END
EXCLUDE_OBJECT_END NAME=vyper_electronics_cassette.stl_id_0_copy_0
;AFTER_LAYER_CHANGE
;4.6
;_SET_FAN_SPEED_CHANGING_LAYER
; printing object vyper_electronics_cassette.stl id:0 copy 0
EXCLUDE_OBJECT_START NAME=vyper_electronics_cassette.stl_id_0_copy_0
G1 X120.318 Y145.743 Z5 F21000
G1 X129.532 Y140.532 Z5
G1 Z4.6
G1 E.8 F2700
SET_VELOCITY_LIMIT ACCEL=3000 ACCEL_TO_DECEL=1500 SQUARE_CORNER_VELOCITY=7
;TYPE:Inner wall
;WIDTH:0.45
G1 F4800
G1 X129.532 Y113.468 E.87029
G1 X95.468 Y113.468 E1.09538
G1 X95.468 Y140.532 E.87029
G1 X129.492 Y140.532 E1.09409
SET_VELOCITY_LIMIT ACCEL=5000 ACCEL_TO_DECEL=2500 SQUARE_CORNER_VELOCITY=9
G1 X129.125 Y140.125 F21000
SET_VELOCITY_LIMIT ACCEL=3000 ACCEL_TO_DECEL=1500 SQUARE_CORNER_VELOCITY=7
G1 F4800
G1 X129.125 Y113.875 E.8441
G1 X95.875 Y113.875 E1.0692
G1 X95.875 Y140.125 E.8441
G1 X129.085 Y140.125 E1.06791
G1 X128.7 Y139.7 F21000
;TYPE:Outer wall
;WIDTH:0.4
G1 F3600
G1 X128.7 Y114.3 E.71645
G1 X96.3 Y114.3 E.9139
G1 X96.3 Y139.7 E.71645
G1 X128.66 Y139.7 E.91277
SET_VELOCITY_LIMIT ACCEL=5000 ACCEL_TO_DECEL=2500 SQUARE_CORNER_VELOCITY=9
G1 E-.68
;WIPE_START
G1 X128.662 Y138.7 E-.12
;WIPE_END
G1 X128.786 Y131.069 Z5 F21000
G1 X129.532 Y85.468 Z5
G1 Z4.6
G1 E.8 F2700
SET_VELOCITY_LIMIT ACCEL=3000 ACCEL_TO_DECEL=1500 SQUARE_CORNER_VELOCITY=7
;TYPE:Inner wall
;WIDTH:0.45
G1 F4800
G1 X95.468 Y85.468 E1.09538
G1 X95.468 Y112.532 E.87029
G1 X129.532 Y112.532 E1.09538
G1 X129.532 Y85.508 E.869
SET_VELOCITY_LIMIT ACCEL=5000 ACCEL_TO_DECEL=2500 SQUARE_CORNER_VELOCITY=9
G1 X129.125 Y85.875 F21000
M73 P74 R3
SET_VELOCITY_LIMIT ACCEL=3000 ACCEL_TO_DECEL=1500 SQUARE_CORNER_VELOCITY=7
G1 F4800
G1 X95.875 Y85.875 E1.0692
G1 X95.875 Y112.125 E.8441
G1 X129.125 Y112.125 E1.0692
G1 X129.125 Y85.915 E.84282
G1 X128.7 Y86.3 F21000
;TYPE:Outer wall
;WIDTH:0.4
G1 F3600
G1 X96.3 Y86.3 E.9139
G1 X96.3 Y111.7 E.71645
G1 X128.7 Y111.7 E.9139
G1 X128.7 Y86.34 E.71532
SET_VELOCITY_LIMIT ACCEL=5000 ACCEL_TO_DECEL=2500 SQUARE_CORNER_VELOCITY=9
G1 E-.68
;WIPE_START
G1 X127.7 Y86.339 E-.12
;WIPE_END
G1 X120.158 Y85.169 Z5 F21000
G1 X96.3 Y81.468 Z5
G1 Z4.6
G1 E.8 F2700
SET_VELOCITY_LIMIT ACCEL=3000 ACCEL_TO_DECEL=1500 SQUARE_CORNER_VELOCITY=7
;TYPE:Inner wall
;WIDTH:0.45
G1 F4800
G1 X95.468 Y81.468 E.02676
G1 X95.468 Y84.532 E.09853
G1 X129.532 Y84.532 E1.09538
G1 X129.532 Y81.468 E.09853
G1 X96.34 Y81.468 E1.06734
SET_VELOCITY_LIMIT ACCEL=5000 ACCEL_TO_DECEL=2500 SQUARE_CORNER_VELOCITY=9
G1 X96.3 Y81.875 F21000
SET_VELOCITY_LIMIT ACCEL=3000 ACCEL_TO_DECEL=1500 SQUARE_CORNER_VELOCITY=7
G1 F4800
G1 X95.875 Y81.875 E.01367
G1 X95.875 Y84.125 E.07235
G1 X129.125 Y84.125 E1.0692
G1 X129.125 Y81.875 E.07235
G1 X96.34 Y81.875 E1.05425
G1 X96.3 Y82.3 F21000
;TYPE:Outer wall
;WIDTH:0.4
G1 F3600
G1 X96.3 Y83.7 E.03949
G1 X128.7 Y83.7 E.9139
G1 X128.7 Y82.3 E.03949
G1 X96.34 Y82.3 E.91277
SET_VELOCITY_LIMIT ACCEL=5000 ACCEL_TO_DECEL=2500 SQUARE_CORNER_VELOCITY=9
G1 E-.68
;WIPE_START
G1 X96.311 Y83.3 E-.12
;WIPE_END
G1 X95.468 Y80.532 Z5 F21000
G1 Z4.6
G1 E.8 F2700
SET_VELOCITY_LIMIT ACCEL=3000 ACCEL_TO_DECEL=1500 SQUARE_CORNER_VELOCITY=7
;TYPE:Inner wall
;WIDTH:0.45
G1 F4800
G1 X129.532 Y80.532 E1.09538
G1 X129.532 Y75.968 E.14677
M73 P75 R3
G1 X95.468 Y75.968 E1.09538
G1 X95.468 Y80.492 E.14548
SET_VELOCITY_LIMIT ACCEL=5000 ACCEL_TO_DECEL=2500 SQUARE_CORNER_VELOCITY=9
G1 X95.875 Y80.125 F21000
SET_VELOCITY_LIMIT ACCEL=3000 ACCEL_TO_DECEL=1500 SQUARE_CORNER_VELOCITY=7
G1 F4800
G1 X129.125 Y80.125 E1.0692
G1 X129.125 Y76.375 E.12059
G1 X95.875 Y76.375 E1.0692
G1 X95.875 Y80.085 E.1193
G1 X96.3 Y79.7 F21000
;TYPE:Outer wall
;WIDTH:0.4
G1 F3600
G1 X128.7 Y79.7 E.9139
G1 X128.7 Y76.8 E.0818
G1 X96.3 Y76.8 E.9139
G1 X96.3 Y79.66 E.08067
SET_VELOCITY_LIMIT ACCEL=5000 ACCEL_TO_DECEL=2500 SQUARE_CORNER_VELOCITY=9
G1 E-.68
;WIPE_START
G1 X97.3 Y79.661 E-.12
;WIPE_END
G1 X100.696 Y86.496 Z5 F21000
G1 X129.532 Y144.532 Z5
G1 Z4.6
G1 E.8 F2700
SET_VELOCITY_LIMIT ACCEL=3000 ACCEL_TO_DECEL=1500 SQUARE_CORNER_VELOCITY=7
;TYPE:Inner wall
;WIDTH:0.45
G1 F4800
G1 X129.532 Y141.468 E.09853
G1 X95.468 Y141.468 E1.09538
G1 X95.468 Y144.532 E.09853
G1 X129.492 Y144.532 E1.09409
SET_VELOCITY_LIMIT ACCEL=5000 ACCEL_TO_DECEL=2500 SQUARE_CORNER_VELOCITY=9
G1 X129.125 Y144.125 F21000
SET_VELOCITY_LIMIT ACCEL=3000 ACCEL_TO_DECEL=1500 SQUARE_CORNER_VELOCITY=7
G1 F4800
G1 X129.125 Y141.875 E.07235
G1 X95.875 Y141.875 E1.0692
G1 X95.875 Y144.125 E.07235
G1 X129.085 Y144.125 E1.06791
G1 X128.7 Y143.7 F21000
;TYPE:Outer wall
;WIDTH:0.4
G1 F3600
G1 X128.7 Y142.3 E.03949
G1 X96.3 Y142.3 E.9139
G1 X96.3 Y143.7 E.03949
G1 X128.66 Y143.7 E.91277
SET_VELOCITY_LIMIT ACCEL=5000 ACCEL_TO_DECEL=2500 SQUARE_CORNER_VELOCITY=9
G1 E-.68
;WIPE_START
G1 X128.689 Y142.7 E-.12
;WIPE_END
G1 X121.082 Y143.334 Z5 F21000
G1 X95.468 Y145.468 Z5
G1 Z4.6
G1 E.8 F2700
SET_VELOCITY_LIMIT ACCEL=3000 ACCEL_TO_DECEL=1500 SQUARE_CORNER_VELOCITY=7
;TYPE:Inner wall
;WIDTH:0.45
G1 F4800
G1 X95.468 Y149.032 E.11461
G1 X104.968 Y149.032 E.3055
G1 X104.968 Y149.968 E.03009
G1 X94.532 Y149.968 E.33559
G1 X94.532 Y75.032 E2.40966
G1 X130.468 Y75.032 E1.15557
M73 P76 R3
G1 X130.468 Y149.968 E2.40966
G1 X120.032 Y149.968 E.33559
G1 X120.032 Y149.032 E.03009
G1 X129.532 Y149.032 E.3055
G1 X129.532 Y145.468 E.11461
G1 X95.508 Y145.468 E1.09409
SET_VELOCITY_LIMIT ACCEL=5000 ACCEL_TO_DECEL=2500 SQUARE_CORNER_VELOCITY=9
G1 X95.875 Y145.875 F21000
SET_VELOCITY_LIMIT ACCEL=3000 ACCEL_TO_DECEL=1500 SQUARE_CORNER_VELOCITY=7
G1 F4800
G1 X95.875 Y148.625 E.08843
G1 X105.375 Y148.625 E.3055
G1 X105.375 Y150.375 E.05627
G1 X94.125 Y150.375 E.36177
G1 X94.125 Y74.625 E2.43584
G1 X130.875 Y74.625 E1.18175
G1 X130.875 Y150.375 E2.43584
G1 X119.625 Y150.375 E.36177
G1 X119.625 Y148.625 E.05627
G1 X129.125 Y148.625 E.3055
G1 X129.125 Y145.875 E.08843
G1 X95.915 Y145.875 E1.06791
G1 X96.3 Y146.3 F21000
;TYPE:Outer wall
;WIDTH:0.4
G1 F3600
G1 X96.3 Y148.2 E.05359
G1 X105.8 Y148.2 E.26797
G1 X105.8 Y150.8 E.07334
G1 X93.7 Y150.8 E.34131
G1 X93.7 Y74.2 E2.16064
G1 X131.3 Y74.2 E1.06057
M73 P77 R2
G1 X131.3 Y150.8 E2.16064
G1 X119.2 Y150.8 E.34131
G1 X119.2 Y148.2 E.07334
G1 X128.7 Y148.2 E.26797
G1 X128.7 Y146.3 E.05359
G1 X96.34 Y146.3 E.91277
SET_VELOCITY_LIMIT ACCEL=5000 ACCEL_TO_DECEL=2500 SQUARE_CORNER_VELOCITY=9
G1 E-.68
;WIPE_START
G1 X96.319 Y147.3 E-.12
;WIPE_END
G1 X95.264 Y145 Z5 F21000
G1 Z4.6
G1 E.8 F2700
;TYPE:Gap infill
;WIDTH:0.593714
G1 F5733.349
G1 X95.198 Y145 E.00288
;WIDTH:0.637779
G1 F5308.652
G1 X95.132 Y145 E.00311
;WIDTH:0.681843
G1 F4942.533
G1 X95.066 Y145 E.00334
;WIDTH:0.681841
G1 X95.044 Y145.088 E.00458
;WIDTH:0.637778
G1 F5308.659
G1 X95.022 Y145.176 E.00427
;WIDTH:0.572176
G1 F5966.671
G1 X95 Y145.264 E.0038
G1 X95 Y149.236 E.16603
;WIDTH:0.594364
G1 F5726.592
G1 X95.023 Y149.345 E.00487
;WIDTH:0.624604
G1 F5428.886
G1 X95.045 Y149.455 E.00514
G1 X95.264 Y149.5 E.01028
;WIDTH:0.571684
G1 F5972.219
G1 X104.765 Y149.5 E.39682
G1 E-.68 F3600
;WIPE_START
G1 F5972.219
G1 X103.765 Y149.5 E-.12
;WIPE_END
G1 X98.306 Y144.166 Z5 F21000
G1 X95.066 Y141 Z5
G1 Z4.6
G1 E.8 F2700
;WIDTH:0.659811
G1 F5119.051
G1 X95.044 Y140.912 E.00443
;WIDTH:0.637779
G1 F5308.644
G1 X95.022 Y140.824 E.00427
;WIDTH:0.593716
G1 F5733.332
G1 X95 Y140.736 E.00395
;WIDTH:0.571756
G1 F5971.411
G1 X95 Y113.264 E1.14759
G1 X95.022 Y113.176 E.00379
;WIDTH:0.637778
G1 F5308.659
G1 X95.044 Y113.088 E.00427
;WIDTH:0.681841
G1 F4942.543
G1 X95.066 Y113 E.00458
;WIDTH:0.659811
G1 F5119.051
G1 X95.044 Y112.912 E.00443
;WIDTH:0.637779
G1 F5308.644
G1 X95.022 Y112.824 E.00427
;WIDTH:0.593716
G1 F5733.332
G1 X95 Y112.736 E.00395
;WIDTH:0.571756
G1 F5971.411
G1 X95 Y85.264 E1.14759
G1 X95.022 Y85.176 E.00379
;WIDTH:0.637779
G1 F5308.652
G1 X95.044 Y85.088 E.00427
;WIDTH:0.681843
G1 F4942.533
G1 X95.066 Y85 E.00458
;WIDTH:0.681842
G1 X95.132 Y85 E.00334
;WIDTH:0.637779
G1 F5308.65
G1 X95.198 Y85 E.00311
;WIDTH:0.593716
G1 F5733.335
G1 X95.264 Y85 E.00288
;WIDTH:0.571726
G1 F5971.755
G1 X129.802 Y85 E1.44269
;WIDTH:0.637779
G1 F5308.652
G1 X129.868 Y85 E.00311
;WIDTH:0.681843
G1 F4942.533
G1 X129.934 Y85 E.00334
;WIDTH:0.681841
G1 X129.956 Y84.912 E.00458
;WIDTH:0.637778
G1 F5308.659
G1 X129.978 Y84.824 E.00427
;WIDTH:0.572245
G1 F5965.892
G1 X130 Y84.736 E.0038
G1 X130 Y81.264 E.14514
;WIDTH:0.593716
G1 F5733.332
G1 X129.978 Y81.176 E.00395
;WIDTH:0.637779
G1 F5308.644
G1 X129.956 Y81.088 E.00427
;WIDTH:0.681843
G1 F4942.533
G1 X129.934 Y81 E.00458
G1 X129.868 Y81 E.00334
;WIDTH:0.637779
G1 F5308.652
G1 X129.802 Y81 E.00311
;WIDTH:0.571726
G1 F5971.755
G1 X95.264 Y81 E1.44269
;WIDTH:0.593716
G1 F5733.335
G1 X95.198 Y81 E.00288
;WIDTH:0.637779
G1 F5308.65
G1 X95.132 Y81 E.00311
;WIDTH:0.681842
G1 F4942.541
G1 X95.066 Y81 E.00334
G1 X95.066 Y85 F21000
;WIDTH:0.659811
G1 F5119.051
G1 X95.044 Y84.912 E.00443
;WIDTH:0.637779
G1 F5308.644
G1 X95.022 Y84.824 E.00427
;WIDTH:0.593716
G1 F5733.332
G1 X95 Y84.736 E.00395
;WIDTH:0.572245
G1 F5965.892
G1 X95 Y81.264 E.14514
G1 X95.022 Y81.176 E.0038
;WIDTH:0.637779
G1 F5308.652
G1 X95.044 Y81.088 E.00427
;WIDTH:0.681843
G1 F4942.533
G1 X95.066 Y81 E.00458
;WIDTH:0.659811
G1 F5119.051
G1 X95.044 Y80.912 E.00443
;WIDTH:0.637779
G1 F5308.644
G1 X95.022 Y80.824 E.00427
;WIDTH:0.593716
G1 F5733.332
G1 X95 Y80.736 E.00395
;WIDTH:0.571683
G1 F5972.231
G1 X95 Y75.764 E.20764
;WIDTH:0.624604
G1 F5428.886
G1 X95.045 Y75.545 E.01028
G1 X95.155 Y75.523 E.00514
;WIDTH:0.594364
G1 F5726.592
G1 X95.264 Y75.5 E.00487
;WIDTH:0.571683
G1 F5972.231
G1 X129.736 Y75.5 E1.43981
;WIDTH:0.624604
G1 F5428.886
G1 X129.955 Y75.545 E.01028
G1 X129.977 Y75.655 E.00514
;WIDTH:0.594364
G1 F5726.592
G1 X130 Y75.764 E.00487
;WIDTH:0.572079
G1 F5967.769
G1 X130 Y80.736 E.2078
G1 X129.978 Y80.824 E.0038
;WIDTH:0.637778
G1 F5308.659
G1 X129.956 Y80.912 E.00427
;WIDTH:0.681841
G1 F4942.543
G1 X129.934 Y81 E.00458
G1 X129.934 Y85 F21000
;WIDTH:0.681843
G1 F4942.533
G1 X129.956 Y85.088 E.00458
;WIDTH:0.637779
G1 F5308.644
G1 X129.978 Y85.176 E.00427
;WIDTH:0.593716
G1 F5733.332
G1 X130 Y85.264 E.00395
;WIDTH:0.571756
G1 F5971.411
G1 X130 Y112.736 E1.14759
G1 X129.978 Y112.824 E.00379
;WIDTH:0.637779
G1 F5308.652
G1 X129.956 Y112.912 E.00427
;WIDTH:0.681843
G1 F4942.533
G1 X129.934 Y113 E.00458
G1 X129.934 Y141 F21000
;WIDTH:0.681842
G1 F4942.541
G1 X129.868 Y141 E.00334
;WIDTH:0.637779
G1 F5308.65
G1 X129.802 Y141 E.00311
;WIDTH:0.571726
G1 F5971.755
G1 X95.264 Y141 E1.44269
;WIDTH:0.593714
G1 F5733.349
G1 X95.198 Y141 E.00288
;WIDTH:0.637779
G1 F5308.652
G1 X95.132 Y141 E.00311
;WIDTH:0.681843
G1 F4942.533
G1 X95.066 Y141 E.00334
;WIDTH:0.681841
G1 X95.044 Y141.088 E.00458
;WIDTH:0.637778
G1 F5308.659
G1 X95.022 Y141.176 E.00427
;WIDTH:0.572245
G1 F5965.892
G1 X95 Y141.264 E.0038
G1 X95 Y144.736 E.14514
;WIDTH:0.593716
G1 F5733.332
G1 X95.022 Y144.824 E.00395
;WIDTH:0.637779
G1 F5308.644
G1 X95.044 Y144.912 E.00427
;WIDTH:0.659811
G1 F5119.051
G1 X95.066 Y145 E.00443
G1 X95.264 Y145 F21000
;WIDTH:0.571726
G1 F5971.755
G1 X129.802 Y145 E1.44269
;WIDTH:0.637779
G1 F5308.65
G1 X129.868 Y145 E.00311
;WIDTH:0.681842
G1 F4942.541
G1 X129.934 Y145 E.00334
G1 E-.75186 F3600
;WIPE_START
G1 F4942.541
G1 X129.868 Y145 E-.04814
;WIPE_END
G1 X122.953 Y148.23 Z5 F21000
G1 X120.235 Y149.5 Z5
G1 Z4.6
G1 E.8 F2700
;WIDTH:0.571682
G1 F5972.243
G1 X129.736 Y149.5 E.39681
;WIDTH:0.594364
G1 F5726.592
M73 P78 R2
G1 X129.845 Y149.477 E.00487
;WIDTH:0.624604
G1 F5428.886
G1 X129.955 Y149.455 E.00514
G1 X130 Y149.236 E.01028
;WIDTH:0.571683
G1 F5972.231
G1 X130 Y145.264 E.16587
;WIDTH:0.593716
G1 F5733.332
G1 X129.978 Y145.176 E.00395
;WIDTH:0.637779
G1 F5308.644
G1 X129.956 Y145.088 E.00427
;WIDTH:0.681843
G1 F4942.533
G1 X129.934 Y145 E.00458
G1 X129.956 Y144.912 E.00458
;WIDTH:0.637779
G1 F5308.652
G1 X129.978 Y144.824 E.00427
;WIDTH:0.572245
G1 F5965.892
G1 X130 Y144.736 E.0038
G1 X130 Y141.264 E.14514
;WIDTH:0.593716
G1 F5733.332
G1 X129.978 Y141.176 E.00395
;WIDTH:0.637779
G1 F5308.644
G1 X129.956 Y141.088 E.00427
;WIDTH:0.681843
G1 F4942.533
G1 X129.934 Y141 E.00458
G1 X129.956 Y140.912 E.00458
;WIDTH:0.637779
G1 F5308.652
G1 X129.978 Y140.824 E.00427
;WIDTH:0.571756
G1 F5971.411
G1 X130 Y140.736 E.00379
G1 X130 Y113.264 E1.14759
;WIDTH:0.593716
G1 F5733.332
G1 X129.978 Y113.176 E.00395
;WIDTH:0.637779
G1 F5308.644
G1 X129.956 Y113.088 E.00427
;WIDTH:0.681843
G1 F4942.533
G1 X129.934 Y113 E.00458
;WIDTH:0.681842
G1 X129.868 Y113 E.00334
;WIDTH:0.637779
G1 F5308.65
G1 X129.802 Y113 E.00311
;WIDTH:0.571726
G1 F5971.755
G1 X95.264 Y113 E1.44269
;WIDTH:0.593714
G1 F5733.349
G1 X95.198 Y113 E.00288
;WIDTH:0.637779
G1 F5308.652
G1 X95.132 Y113 E.00311
;WIDTH:0.681843
G1 F4942.533
G1 X95.066 Y113 E.00334
G1 E-.75186 F3600
;WIPE_START
G1 F4942.533
G1 X95.132 Y113 E-.04814
;WIPE_END
G1 X98.049 Y120.053 Z5 F21000
G1 X110.032 Y149.032 Z5
G1 Z4.6
G1 E.8 F2700
SET_VELOCITY_LIMIT ACCEL=3000 ACCEL_TO_DECEL=1500 SQUARE_CORNER_VELOCITY=7
;TYPE:Inner wall
;WIDTH:0.45
G1 F4800
G1 X114.968 Y149.032 E.15874
G1 X114.968 Y149.968 E.03009
G1 X110.032 Y149.968 E.15874
G1 X110.032 Y149.072 E.02881
SET_VELOCITY_LIMIT ACCEL=5000 ACCEL_TO_DECEL=2500 SQUARE_CORNER_VELOCITY=9
G1 X109.625 Y148.625 F21000
SET_VELOCITY_LIMIT ACCEL=3000 ACCEL_TO_DECEL=1500 SQUARE_CORNER_VELOCITY=7
G1 F4800
G1 X115.375 Y148.625 E.18492
G1 X115.375 Y150.375 E.05627
G1 X109.625 Y150.375 E.18492
G1 X109.625 Y148.665 E.05499
G1 X109.2 Y148.2 F21000
;TYPE:Outer wall
;WIDTH:0.4
G1 F3600
G1 X115.8 Y148.2 E.18618
G1 X115.8 Y150.8 E.07334
G1 X109.2 Y150.8 E.18618
G1 X109.2 Y148.24 E.07221
SET_VELOCITY_LIMIT ACCEL=5000 ACCEL_TO_DECEL=2500 SQUARE_CORNER_VELOCITY=9
G1 E-.68
;WIPE_START
G1 X110.2 Y148.234 E-.12
;WIPE_END
G1 X110.235 Y149.5 Z5 F21000
G1 Z4.6
G1 E.8 F2700
;TYPE:Gap infill
;WIDTH:0.571682
G1 F5972.243
G1 X114.765 Y149.5 E.18919
; stop printing object vyper_electronics_cassette.stl id:0 copy 0
;LAYER_CHANGE
;Z:4.8
;HEIGHT:0.2
;BEFORE_LAYER_CHANGE
G92 E0
;4.8


G1 E-.68 F3600
;WIPE_START
G1 F5972.243
G1 X113.765 Y149.5 E-.12
;WIPE_END
EXCLUDE_OBJECT_END NAME=vyper_electronics_cassette.stl_id_0_copy_0
;AFTER_LAYER_CHANGE
;4.8
;_SET_FAN_SPEED_CHANGING_LAYER
; printing object vyper_electronics_cassette.stl id:0 copy 0
EXCLUDE_OBJECT_START NAME=vyper_electronics_cassette.stl_id_0_copy_0
G1 X120.399 Y145.727 Z5.2 F21000
G1 X129.532 Y140.532 Z5.2
G1 Z4.8
G1 E.8 F2700
SET_VELOCITY_LIMIT ACCEL=3000 ACCEL_TO_DECEL=1500 SQUARE_CORNER_VELOCITY=7
;TYPE:Inner wall
;WIDTH:0.45
G1 F4800
G1 X129.532 Y113.468 E.87029
G1 X95.468 Y113.468 E1.09538
G1 X95.468 Y140.532 E.87029
G1 X129.492 Y140.532 E1.09409
SET_VELOCITY_LIMIT ACCEL=5000 ACCEL_TO_DECEL=2500 SQUARE_CORNER_VELOCITY=9
G1 X129.125 Y140.125 F21000
SET_VELOCITY_LIMIT ACCEL=3000 ACCEL_TO_DECEL=1500 SQUARE_CORNER_VELOCITY=7
G1 F4800
G1 X129.125 Y113.875 E.8441
G1 X95.875 Y113.875 E1.0692
G1 X95.875 Y140.125 E.8441
G1 X129.085 Y140.125 E1.06791
G1 X128.7 Y139.7 F21000
;TYPE:Outer wall
;WIDTH:0.4
G1 F3600
G1 X128.7 Y114.3 E.71645
G1 X96.3 Y114.3 E.9139
G1 X96.3 Y139.7 E.71645
G1 X128.66 Y139.7 E.91277
SET_VELOCITY_LIMIT ACCEL=5000 ACCEL_TO_DECEL=2500 SQUARE_CORNER_VELOCITY=9
G1 E-.68
M73 P79 R2
;WIPE_START
G1 X128.662 Y138.7 E-.12
;WIPE_END
G1 X128.786 Y131.069 Z5.2 F21000
G1 X129.532 Y85.468 Z5.2
G1 Z4.8
G1 E.8 F2700
SET_VELOCITY_LIMIT ACCEL=3000 ACCEL_TO_DECEL=1500 SQUARE_CORNER_VELOCITY=7
;TYPE:Inner wall
;WIDTH:0.45
G1 F4800
G1 X95.468 Y85.468 E1.09538
G1 X95.468 Y112.532 E.87029
G1 X129.532 Y112.532 E1.09538
G1 X129.532 Y85.508 E.869
SET_VELOCITY_LIMIT ACCEL=5000 ACCEL_TO_DECEL=2500 SQUARE_CORNER_VELOCITY=9
G1 X129.125 Y85.875 F21000
SET_VELOCITY_LIMIT ACCEL=3000 ACCEL_TO_DECEL=1500 SQUARE_CORNER_VELOCITY=7
G1 F4800
G1 X95.875 Y85.875 E1.0692
G1 X95.875 Y112.125 E.8441
G1 X129.125 Y112.125 E1.0692
G1 X129.125 Y85.915 E.84282
G1 X128.7 Y86.3 F21000
;TYPE:Outer wall
;WIDTH:0.4
G1 F3600
G1 X96.3 Y86.3 E.9139
G1 X96.3 Y111.7 E.71645
G1 X128.7 Y111.7 E.9139
G1 X128.7 Y86.34 E.71532
SET_VELOCITY_LIMIT ACCEL=5000 ACCEL_TO_DECEL=2500 SQUARE_CORNER_VELOCITY=9
G1 E-.68
;WIPE_START
G1 X127.7 Y86.339 E-.12
;WIPE_END
G1 X120.158 Y85.169 Z5.2 F21000
G1 X96.3 Y81.468 Z5.2
G1 Z4.8
G1 E.8 F2700
SET_VELOCITY_LIMIT ACCEL=3000 ACCEL_TO_DECEL=1500 SQUARE_CORNER_VELOCITY=7
;TYPE:Inner wall
;WIDTH:0.45
G1 F4800
G1 X95.468 Y81.468 E.02676
G1 X95.468 Y84.532 E.09853
G1 X129.532 Y84.532 E1.09538
G1 X129.532 Y81.468 E.09853
G1 X96.34 Y81.468 E1.06734
SET_VELOCITY_LIMIT ACCEL=5000 ACCEL_TO_DECEL=2500 SQUARE_CORNER_VELOCITY=9
G1 X96.3 Y81.875 F21000
SET_VELOCITY_LIMIT ACCEL=3000 ACCEL_TO_DECEL=1500 SQUARE_CORNER_VELOCITY=7
G1 F4800
G1 X95.875 Y81.875 E.01367
G1 X95.875 Y84.125 E.07235
G1 X129.125 Y84.125 E1.0692
G1 X129.125 Y81.875 E.07235
G1 X96.34 Y81.875 E1.05425
G1 X96.3 Y82.3 F21000
M73 P80 R2
;TYPE:Outer wall
;WIDTH:0.4
G1 F3600
G1 X96.3 Y83.7 E.03949
G1 X128.7 Y83.7 E.9139
G1 X128.7 Y82.3 E.03949
G1 X96.34 Y82.3 E.91277
SET_VELOCITY_LIMIT ACCEL=5000 ACCEL_TO_DECEL=2500 SQUARE_CORNER_VELOCITY=9
G1 E-.68
;WIPE_START
G1 X96.311 Y83.3 E-.12
;WIPE_END
G1 X95.468 Y80.532 Z5.2 F21000
G1 Z4.8
G1 E.8 F2700
SET_VELOCITY_LIMIT ACCEL=3000 ACCEL_TO_DECEL=1500 SQUARE_CORNER_VELOCITY=7
;TYPE:Inner wall
;WIDTH:0.45
G1 F4800
G1 X129.532 Y80.532 E1.09538
G1 X129.532 Y75.968 E.14677
G1 X95.468 Y75.968 E1.09538
G1 X95.468 Y80.492 E.14548
SET_VELOCITY_LIMIT ACCEL=5000 ACCEL_TO_DECEL=2500 SQUARE_CORNER_VELOCITY=9
G1 X95.875 Y80.125 F21000
SET_VELOCITY_LIMIT ACCEL=3000 ACCEL_TO_DECEL=1500 SQUARE_CORNER_VELOCITY=7
G1 F4800
G1 X129.125 Y80.125 E1.0692
G1 X129.125 Y76.375 E.12059
G1 X95.875 Y76.375 E1.0692
G1 X95.875 Y80.085 E.1193
G1 X96.3 Y79.7 F21000
;TYPE:Outer wall
;WIDTH:0.4
G1 F3600
G1 X128.7 Y79.7 E.9139
G1 X128.7 Y76.8 E.0818
G1 X96.3 Y76.8 E.9139
G1 X96.3 Y79.66 E.08067
SET_VELOCITY_LIMIT ACCEL=5000 ACCEL_TO_DECEL=2500 SQUARE_CORNER_VELOCITY=9
G1 E-.68
;WIPE_START
G1 X97.3 Y79.661 E-.12
;WIPE_END
G1 X100.696 Y86.496 Z5.2 F21000
G1 X129.532 Y144.532 Z5.2
G1 Z4.8
G1 E.8 F2700
SET_VELOCITY_LIMIT ACCEL=3000 ACCEL_TO_DECEL=1500 SQUARE_CORNER_VELOCITY=7
;TYPE:Inner wall
;WIDTH:0.45
G1 F4800
G1 X129.532 Y141.468 E.09853
G1 X95.468 Y141.468 E1.09538
G1 X95.468 Y144.532 E.09853
G1 X129.492 Y144.532 E1.09409
SET_VELOCITY_LIMIT ACCEL=5000 ACCEL_TO_DECEL=2500 SQUARE_CORNER_VELOCITY=9
G1 X129.125 Y144.125 F21000
SET_VELOCITY_LIMIT ACCEL=3000 ACCEL_TO_DECEL=1500 SQUARE_CORNER_VELOCITY=7
G1 F4800
G1 X129.125 Y141.875 E.07235
G1 X95.875 Y141.875 E1.0692
G1 X95.875 Y144.125 E.07235
G1 X129.085 Y144.125 E1.06791
G1 X128.7 Y143.7 F21000
;TYPE:Outer wall
;WIDTH:0.4
G1 F3600
G1 X128.7 Y142.3 E.03949
G1 X96.3 Y142.3 E.9139
G1 X96.3 Y143.7 E.03949
M73 P81 R2
G1 X128.66 Y143.7 E.91277
SET_VELOCITY_LIMIT ACCEL=5000 ACCEL_TO_DECEL=2500 SQUARE_CORNER_VELOCITY=9
G1 E-.68
;WIPE_START
G1 X128.689 Y142.7 E-.12
;WIPE_END
G1 X121.082 Y143.334 Z5.2 F21000
G1 X95.468 Y145.468 Z5.2
G1 Z4.8
G1 E.8 F2700
SET_VELOCITY_LIMIT ACCEL=3000 ACCEL_TO_DECEL=1500 SQUARE_CORNER_VELOCITY=7
;TYPE:Inner wall
;WIDTH:0.45
G1 F4800
G1 X95.468 Y149.032 E.11461
G1 X105.094 Y149.032 E.30953
G1 X105.094 Y149.968 E.03009
G1 X94.532 Y149.968 E.33963
G1 X94.532 Y75.032 E2.40966
G1 X130.468 Y75.032 E1.15557
G1 X130.468 Y149.968 E2.40966
G1 X119.906 Y149.968 E.33963
G1 X119.906 Y149.032 E.03009
G1 X129.532 Y149.032 E.30953
G1 X129.532 Y145.468 E.11461
G1 X95.508 Y145.468 E1.09409
SET_VELOCITY_LIMIT ACCEL=5000 ACCEL_TO_DECEL=2500 SQUARE_CORNER_VELOCITY=9
G1 X95.875 Y145.875 F21000
SET_VELOCITY_LIMIT ACCEL=3000 ACCEL_TO_DECEL=1500 SQUARE_CORNER_VELOCITY=7
G1 F4800
G1 X95.875 Y148.625 E.08843
G1 X105.501 Y148.625 E.30953
G1 X105.501 Y150.375 E.05627
G1 X94.125 Y150.375 E.36581
G1 X94.125 Y74.625 E2.43584
G1 X130.875 Y74.625 E1.18175
G1 X130.875 Y150.375 E2.43584
G1 X119.499 Y150.375 E.36581
G1 X119.499 Y148.625 E.05627
M73 P82 R2
G1 X129.125 Y148.625 E.30953
G1 X129.125 Y145.875 E.08843
G1 X95.915 Y145.875 E1.06791
G1 X96.3 Y146.3 F21000
;TYPE:Outer wall
;WIDTH:0.4
G1 F3600
G1 X96.3 Y148.2 E.05359
G1 X96.817 Y148.2 E.01458
G1 X105.2 Y148.2 E.23646
M106 S229
G1 F3420
G1 X105.926 Y148.2 E.02048
G1 X105.926 Y148.926 E.02048
G1 X105.926 Y150.074 E.03238
G1 X105.926 Y150.8 E.02048
M106 S51
G1 X105.2 Y150.8 E.02048
G1 F3600
G1 X94.3 Y150.8 E.30745
G1 X93.7 Y150.8 E.01692
G1 X93.7 Y74.2 E2.16064
G1 X131.3 Y74.2 E1.06057
G1 X131.3 Y150.8 E2.16064
G1 X130.7 Y150.8 E.01692
G1 X119.8 Y150.8 E.30745
M106 S229
G1 F3420
G1 X119.074 Y150.8 E.02048
G1 X119.074 Y150.074 E.02048
G1 X119.074 Y148.926 E.03238
G1 X119.074 Y148.2 E.02048
M106 S51
G1 X119.8 Y148.2 E.02048
G1 F3600
G1 X128.183 Y148.2 E.23646
G1 X128.7 Y148.2 E.01458
G1 X128.7 Y146.3 E.05359
G1 X128.183 Y146.3 E.01458
G1 X96.884 Y146.3 E.88284
G1 X96.34 Y146.3 E.01534
SET_VELOCITY_LIMIT ACCEL=5000 ACCEL_TO_DECEL=2500 SQUARE_CORNER_VELOCITY=9
G1 E-.68
;WIPE_START
G1 X96.319 Y147.3 E-.12
;WIPE_END
G1 X95.264 Y145 Z5.2 F21000
G1 Z4.8
G1 E.8 F2700
;TYPE:Gap infill
;WIDTH:0.593714
G1 F5733.349
G1 X95.198 Y145 E.00288
;WIDTH:0.637779
G1 F5308.652
G1 X95.132 Y145 E.00311
;WIDTH:0.681843
G1 F4942.533
G1 X95.066 Y145 E.00334
;WIDTH:0.681841
G1 X95.044 Y145.088 E.00458
;WIDTH:0.637778
G1 F5308.659
G1 X95.022 Y145.176 E.00427
;WIDTH:0.572176
G1 F5966.671
G1 X95 Y145.264 E.0038
G1 X95 Y149.236 E.16603
;WIDTH:0.594364
G1 F5726.592
G1 X95.023 Y149.345 E.00487
;WIDTH:0.624604
G1 F5428.886
G1 X95.045 Y149.455 E.00514
G1 X95.264 Y149.5 E.01028
;WIDTH:0.571684
G1 F5972.219
G1 X104.89 Y149.5 E.40206
G1 E-.68 F3600
;WIPE_START
G1 F5972.219
G1 X103.89 Y149.5 E-.12
;WIPE_END
G1 X98.393 Y144.205 Z5.2 F21000
G1 X95.066 Y141 Z5.2
G1 Z4.8
G1 E.8 F2700
;WIDTH:0.659811
G1 F5119.051
G1 X95.044 Y140.912 E.00443
;WIDTH:0.637779
G1 F5308.644
G1 X95.022 Y140.824 E.00427
;WIDTH:0.593716
G1 F5733.332
G1 X95 Y140.736 E.00395
;WIDTH:0.571756
G1 F5971.411
G1 X95 Y113.264 E1.14759
G1 X95.022 Y113.176 E.00379
;WIDTH:0.637778
G1 F5308.659
G1 X95.044 Y113.088 E.00427
;WIDTH:0.681841
G1 F4942.543
G1 X95.066 Y113 E.00458
;WIDTH:0.659811
G1 F5119.051
G1 X95.044 Y112.912 E.00443
;WIDTH:0.637779
G1 F5308.644
G1 X95.022 Y112.824 E.00427
;WIDTH:0.593716
G1 F5733.332
G1 X95 Y112.736 E.00395
;WIDTH:0.571756
G1 F5971.411
G1 X95 Y85.264 E1.14759
G1 X95.022 Y85.176 E.00379
;WIDTH:0.637779
G1 F5308.652
G1 X95.044 Y85.088 E.00427
;WIDTH:0.681843
G1 F4942.533
G1 X95.066 Y85 E.00458
;WIDTH:0.681842
G1 X95.132 Y85 E.00334
;WIDTH:0.637779
G1 F5308.65
G1 X95.198 Y85 E.00311
;WIDTH:0.593716
G1 F5733.335
G1 X95.264 Y85 E.00288
;WIDTH:0.571726
G1 F5971.755
G1 X129.802 Y85 E1.44269
;WIDTH:0.637779
G1 F5308.652
G1 X129.868 Y85 E.00311
;WIDTH:0.681843
G1 F4942.533
G1 X129.934 Y85 E.00334
;WIDTH:0.681841
G1 X129.956 Y84.912 E.00458
;WIDTH:0.637778
G1 F5308.659
G1 X129.978 Y84.824 E.00427
;WIDTH:0.572245
G1 F5965.892
G1 X130 Y84.736 E.0038
G1 X130 Y81.264 E.14514
;WIDTH:0.593716
G1 F5733.332
G1 X129.978 Y81.176 E.00395
;WIDTH:0.637779
G1 F5308.644
G1 X129.956 Y81.088 E.00427
;WIDTH:0.681843
G1 F4942.533
G1 X129.934 Y81 E.00458
G1 X129.868 Y81 E.00334
;WIDTH:0.637779
G1 F5308.652
G1 X129.802 Y81 E.00311
;WIDTH:0.571726
G1 F5971.755
G1 X95.264 Y81 E1.44269
;WIDTH:0.593716
G1 F5733.335
G1 X95.198 Y81 E.00288
;WIDTH:0.637779
G1 F5308.65
G1 X95.132 Y81 E.00311
;WIDTH:0.681842
G1 F4942.541
G1 X95.066 Y81 E.00334
G1 E-.75186 F3600
;WIPE_START
G1 F4942.541
G1 X95.132 Y81 E-.04814
;WIPE_END
G1 X95.066 Y85 Z5.2 F21000
G1 Z4.8
G1 E.8 F2700
;WIDTH:0.659811
G1 F5119.051
G1 X95.044 Y84.912 E.00443
;WIDTH:0.637779
G1 F5308.644
G1 X95.022 Y84.824 E.00427
;WIDTH:0.593716
G1 F5733.332
G1 X95 Y84.736 E.00395
;WIDTH:0.572245
G1 F5965.892
G1 X95 Y81.264 E.14514
G1 X95.022 Y81.176 E.0038
M73 P83 R2
;WIDTH:0.637779
G1 F5308.652
G1 X95.044 Y81.088 E.00427
;WIDTH:0.681843
G1 F4942.533
G1 X95.066 Y81 E.00458
;WIDTH:0.659811
G1 F5119.051
G1 X95.044 Y80.912 E.00443
;WIDTH:0.637779
G1 F5308.644
G1 X95.022 Y80.824 E.00427
;WIDTH:0.593716
G1 F5733.332
G1 X95 Y80.736 E.00395
;WIDTH:0.571683
G1 F5972.231
G1 X95 Y75.764 E.20764
;WIDTH:0.624604
G1 F5428.886
G1 X95.045 Y75.545 E.01028
G1 X95.155 Y75.523 E.00514
;WIDTH:0.594364
G1 F5726.592
G1 X95.264 Y75.5 E.00487
;WIDTH:0.571683
G1 F5972.231
G1 X129.736 Y75.5 E1.43981
;WIDTH:0.624604
G1 F5428.886
G1 X129.955 Y75.545 E.01028
G1 X129.977 Y75.655 E.00514
;WIDTH:0.594364
G1 F5726.592
G1 X130 Y75.764 E.00487
;WIDTH:0.572079
G1 F5967.769
G1 X130 Y80.736 E.2078
G1 X129.978 Y80.824 E.0038
;WIDTH:0.637778
G1 F5308.659
G1 X129.956 Y80.912 E.00427
;WIDTH:0.681841
G1 F4942.543
G1 X129.934 Y81 E.00458
G1 E-.73384 F3600
;WIPE_START
G1 F4942.543
G1 X129.956 Y80.912 E-.06616
;WIPE_END
G1 X129.934 Y85 Z5.2 F21000
G1 Z4.8
G1 E.8 F2700
;WIDTH:0.681843
G1 F4942.533
G1 X129.956 Y85.088 E.00458
;WIDTH:0.637779
G1 F5308.644
G1 X129.978 Y85.176 E.00427
;WIDTH:0.593716
G1 F5733.332
G1 X130 Y85.264 E.00395
;WIDTH:0.571756
G1 F5971.411
G1 X130 Y112.736 E1.14759
G1 X129.978 Y112.824 E.00379
;WIDTH:0.637779
G1 F5308.652
G1 X129.956 Y112.912 E.00427
;WIDTH:0.681843
G1 F4942.533
G1 X129.934 Y113 E.00458
G1 E-.73383 F3600
;WIPE_START
G1 F4942.533
G1 X129.956 Y112.912 E-.06617
;WIPE_END
G1 X129.95 Y120.544 Z5.2 F21000
G1 X129.934 Y141 Z5.2
G1 Z4.8
G1 E.8 F2700
;WIDTH:0.681842
G1 F4942.541
G1 X129.868 Y141 E.00334
;WIDTH:0.637779
G1 F5308.65
G1 X129.802 Y141 E.00311
;WIDTH:0.571726
G1 F5971.755
G1 X95.264 Y141 E1.44269
;WIDTH:0.593714
G1 F5733.349
G1 X95.198 Y141 E.00288
;WIDTH:0.637779
G1 F5308.652
G1 X95.132 Y141 E.00311
;WIDTH:0.681843
G1 F4942.533
G1 X95.066 Y141 E.00334
;WIDTH:0.681841
G1 X95.044 Y141.088 E.00458
;WIDTH:0.637778
G1 F5308.659
G1 X95.022 Y141.176 E.00427
;WIDTH:0.572245
G1 F5965.892
G1 X95 Y141.264 E.0038
G1 X95 Y144.736 E.14514
;WIDTH:0.593716
G1 F5733.332
G1 X95.022 Y144.824 E.00395
;WIDTH:0.637779
G1 F5308.644
G1 X95.044 Y144.912 E.00427
;WIDTH:0.659811
G1 F5119.051
G1 X95.066 Y145 E.00443
G1 X95.264 Y145 F21000
;WIDTH:0.571726
G1 F5971.755
G1 X129.802 Y145 E1.44269
;WIDTH:0.637779
G1 F5308.65
G1 X129.868 Y145 E.00311
;WIDTH:0.681842
G1 F4942.541
G1 X129.934 Y145 E.00334
G1 E-.75186 F3600
;WIPE_START
G1 F4942.541
G1 X129.868 Y145 E-.04814
;WIPE_END
G1 X122.937 Y148.196 Z5.2 F21000
G1 X120.11 Y149.5 Z5.2
G1 Z4.8
G1 E.8 F2700
;WIDTH:0.571683
G1 F5972.231
G1 X129.736 Y149.5 E.40206
;WIDTH:0.594364
G1 F5726.592
G1 X129.845 Y149.477 E.00487
;WIDTH:0.624604
G1 F5428.886
G1 X129.955 Y149.455 E.00514
G1 X130 Y149.236 E.01028
;WIDTH:0.571683
G1 F5972.231
G1 X130 Y145.264 E.16587
;WIDTH:0.593716
G1 F5733.332
G1 X129.978 Y145.176 E.00395
;WIDTH:0.637779
G1 F5308.644
G1 X129.956 Y145.088 E.00427
;WIDTH:0.681843
G1 F4942.533
G1 X129.934 Y145 E.00458
G1 X129.956 Y144.912 E.00458
;WIDTH:0.637779
G1 F5308.652
G1 X129.978 Y144.824 E.00427
;WIDTH:0.572245
G1 F5965.892
G1 X130 Y144.736 E.0038
G1 X130 Y141.264 E.14514
;WIDTH:0.593716
G1 F5733.332
G1 X129.978 Y141.176 E.00395
;WIDTH:0.637779
G1 F5308.644
G1 X129.956 Y141.088 E.00427
;WIDTH:0.681843
G1 F4942.533
G1 X129.934 Y141 E.00458
G1 X129.956 Y140.912 E.00458
;WIDTH:0.637779
G1 F5308.652
G1 X129.978 Y140.824 E.00427
;WIDTH:0.571756
G1 F5971.411
G1 X130 Y140.736 E.00379
G1 X130 Y113.264 E1.14759
;WIDTH:0.593716
G1 F5733.332
G1 X129.978 Y113.176 E.00395
;WIDTH:0.637779
G1 F5308.644
G1 X129.956 Y113.088 E.00427
;WIDTH:0.681843
G1 F4942.533
G1 X129.934 Y113 E.00458
;WIDTH:0.681842
G1 X129.868 Y113 E.00334
;WIDTH:0.637779
G1 F5308.65
G1 X129.802 Y113 E.00311
;WIDTH:0.571726
G1 F5971.755
G1 X95.264 Y113 E1.44269
;WIDTH:0.593714
G1 F5733.349
G1 X95.198 Y113 E.00288
;WIDTH:0.637779
G1 F5308.652
G1 X95.132 Y113 E.00311
;WIDTH:0.681843
G1 F4942.533
G1 X95.066 Y113 E.00334
G1 E-.75186 F3600
;WIPE_START
G1 F4942.533
G1 X95.132 Y113 E-.04814
;WIPE_END
G1 X98.028 Y120.062 Z5.2 F21000
G1 X109.906 Y149.032 Z5.2
G1 Z4.8
G1 E.8 F2700
SET_VELOCITY_LIMIT ACCEL=3000 ACCEL_TO_DECEL=1500 SQUARE_CORNER_VELOCITY=7
;TYPE:Inner wall
;WIDTH:0.45
G1 F4800
G1 X115.094 Y149.032 E.16681
G1 X115.094 Y149.968 E.03009
G1 X109.906 Y149.968 E.16681
G1 X109.906 Y149.072 E.02881
SET_VELOCITY_LIMIT ACCEL=5000 ACCEL_TO_DECEL=2500 SQUARE_CORNER_VELOCITY=9
G1 X109.499 Y148.625 F21000
SET_VELOCITY_LIMIT ACCEL=3000 ACCEL_TO_DECEL=1500 SQUARE_CORNER_VELOCITY=7
G1 F4800
G1 X115.501 Y148.625 E.19299
G1 X115.501 Y150.375 E.05627
G1 X109.499 Y150.375 E.19299
G1 X109.499 Y148.665 E.05499
G1 X109.074 Y148.2 F21000
;TYPE:Outer wall
;WIDTH:0.4
G1 F3420
G1 X109.8 Y148.2 E.02048
G1 F3600
G1 X115.2 Y148.2 E.15232
M106 S229
G1 F3420
G1 X115.926 Y148.2 E.02048
G1 X115.926 Y148.926 E.02048
G1 X115.926 Y150.074 E.03238
G1 X115.926 Y150.8 E.02048
M106 S51
G1 X115.2 Y150.8 E.02048
G1 F3600
G1 X109.8 Y150.8 E.15232
M106 S229
G1 F3420
G1 X109.074 Y150.8 E.02048
G1 X109.074 Y150.074 E.02048
G1 X109.074 Y148.966 E.03125
G1 X109.074 Y148.24 E.02048
SET_VELOCITY_LIMIT ACCEL=5000 ACCEL_TO_DECEL=2500 SQUARE_CORNER_VELOCITY=9
G1 E-.68 F3600
;WIPE_START
G1 F3420
G1 X110.074 Y148.234 E-.12
;WIPE_END
G1 X110.11 Y149.5 Z5.2 F21000
G1 Z4.8
G1 E.8 F2700
;TYPE:Gap infill
;WIDTH:0.571682
G1 F5972.243
M106 S51
G1 X114.89 Y149.5 E.19967
; stop printing object vyper_electronics_cassette.stl id:0 copy 0
M106 S125
;LAYER_CHANGE
;Z:5
;HEIGHT:0.2
;BEFORE_LAYER_CHANGE
G92 E0
;5


G1 E-.68 F3600
;WIPE_START
G1 F5972.243
G1 X113.89 Y149.5 E-.12
;WIPE_END
EXCLUDE_OBJECT_END NAME=vyper_electronics_cassette.stl_id_0_copy_0
;AFTER_LAYER_CHANGE
;5
;_SET_FAN_SPEED_CHANGING_LAYER
; printing object vyper_electronics_cassette.stl id:0 copy 0
EXCLUDE_OBJECT_START NAME=vyper_electronics_cassette.stl_id_0_copy_0
G1 X107.571 Y145.22 Z5.4 F21000
G1 X103.745 Y142.629 Z5.4
G1 Z5
G1 E.8 F2700
SET_VELOCITY_LIMIT ACCEL=3000 ACCEL_TO_DECEL=1500 SQUARE_CORNER_VELOCITY=7
;TYPE:Outer wall
;WIDTH:0.4
G1 F1080
M106 S229
G1 X103.678 Y142.603 E.00203
G1 F1740
G1 X103.519 Y142.5 E.00534
G1 F2734
G1 X103.379 Y142.409 E.00471
M106 S125
G1 X103.178 Y142.223 E.00772
G1 X102.963 Y141.939 E.01005
G1 X102.808 Y141.616 E.01011
G1 X102.719 Y141.268 E.01013
G1 X102.701 Y140.91 E.01011
G1 X102.755 Y140.556 E.0101
G1 X102.877 Y140.219 E.01011
G1 X103.064 Y139.913 E.01012
G1 X103.308 Y139.65 E.01012
M106 S229
G1 X103.516 Y139.5 E.00723
G1 F2280
G1 X103.599 Y139.44 E.00289
G1 F1500
G1 X103.91 Y139.3 E.00962
SET_VELOCITY_LIMIT ACCEL=1500 ACCEL_TO_DECEL=750 SQUARE_CORNER_VELOCITY=9
;TYPE:Overhang wall
;WIDTH:0.382146
G1 X104.276 Y139.213 E.01007
G1 X104.635 Y139.204 E.00961
G1 X104.988 Y139.266 E.00961
G1 X105.074 Y139.3 E.00247
SET_VELOCITY_LIMIT ACCEL=3000 ACCEL_TO_DECEL=1500 SQUARE_CORNER_VELOCITY=7
;TYPE:Outer wall
;WIDTH:0.4
G1 X105.322 Y139.397 E.00751
G1 F1740
G1 X105.481 Y139.5 E.00534
G1 F2734
G1 X105.623 Y139.592 E.00477
M106 S125
G1 X105.88 Y139.842 E.01011
G1 X106.082 Y140.139 E.01013
G1 X106.221 Y140.469 E.0101
G1 X106.292 Y140.818 E.01005
G1 X106.298 Y141.092 E.00773
G1 X106.245 Y141.444 E.01004
G1 X106.123 Y141.781 E.01011
G1 X105.936 Y142.087 E.01012
G1 X105.692 Y142.35 E.01012
M106 S229
G1 X105.484 Y142.5 E.00723
G1 F2280
G1 X105.401 Y142.56 E.00289
G1 F1500
G1 X105.09 Y142.7 E.00962
SET_VELOCITY_LIMIT ACCEL=1500 ACCEL_TO_DECEL=750 SQUARE_CORNER_VELOCITY=9
;TYPE:Overhang wall
;WIDTH:0.382146
G1 X104.724 Y142.787 E.01007
G1 X104.365 Y142.796 E.00961
G1 X104.012 Y142.734 E.00961
G1 X103.926 Y142.7 E.00247
SET_VELOCITY_LIMIT ACCEL=3000 ACCEL_TO_DECEL=1500 SQUARE_CORNER_VELOCITY=7
;TYPE:Outer wall
;WIDTH:0.4
G1 F720
G1 X103.782 Y142.643 E.00437
SET_VELOCITY_LIMIT ACCEL=5000 ACCEL_TO_DECEL=2500 SQUARE_CORNER_VELOCITY=9
G1 E-.68 F3600
;WIPE_START
G1 F720
G1 X103.678 Y142.603 E-.01334
G1 X103.379 Y142.409 E-.04274
G1 X103.178 Y142.223 E-.0329
G1 X103.022 Y142.017 E-.03102
;WIPE_END
G1 X106.372 Y142.332 Z5.4 F21000
G1 Z5
G1 E.8 F2700
SET_VELOCITY_LIMIT ACCEL=3000 ACCEL_TO_DECEL=1500 SQUARE_CORNER_VELOCITY=7
G1 F2734
M106 S125
G1 X106.342 Y142.376 E.0015
M106 S229
G1 X106.229 Y142.5 E.00473
G1 F1500
G1 X106.046 Y142.7 E.00765
SET_VELOCITY_LIMIT ACCEL=1500 ACCEL_TO_DECEL=750 SQUARE_CORNER_VELOCITY=9
;TYPE:Overhang wall
;WIDTH:0.382146
G1 X105.674 Y142.977 E.01242
G1 X105.267 Y143.167 E.01203
G1 X104.832 Y143.275 E.01203
G1 X104.392 Y143.296 E.01179
G1 X103.948 Y143.232 E.01203
G1 X103.525 Y143.082 E.01203
G1 X103.139 Y142.853 E.01203
G1 X102.969 Y142.7 E.00613
SET_VELOCITY_LIMIT ACCEL=3000 ACCEL_TO_DECEL=1500 SQUARE_CORNER_VELOCITY=7
;TYPE:Outer wall
;WIDTH:0.4
G1 X102.801 Y142.55 E.00635
M106 S125
G1 F2400
G1 X102.661 Y142.381 E.00619
G1 F2734
G1 X102.425 Y141.991 E.01286
G1 X102.27 Y141.564 E.01281
G1 X102.203 Y141.114 E.01283
G1 X102.226 Y140.66 E.01282
G1 X102.337 Y140.219 E.01283
G1 X102.533 Y139.808 E.01284
G1 X102.658 Y139.624 E.00627
M106 S229
G1 X102.771 Y139.5 E.00473
G1 F1500
G1 X102.954 Y139.3 E.00765
SET_VELOCITY_LIMIT ACCEL=1500 ACCEL_TO_DECEL=750 SQUARE_CORNER_VELOCITY=9
;TYPE:Overhang wall
;WIDTH:0.382146
G1 X103.326 Y139.023 E.01242
G1 X103.733 Y138.833 E.01203
G1 X104.168 Y138.725 E.01203
G1 X104.608 Y138.704 E.01179
G1 X105.052 Y138.768 E.01203
G1 X105.475 Y138.918 E.01203
G1 X105.861 Y139.147 E.01203
G1 X106.031 Y139.3 E.00613
SET_VELOCITY_LIMIT ACCEL=3000 ACCEL_TO_DECEL=1500 SQUARE_CORNER_VELOCITY=7
;TYPE:Outer wall
;WIDTH:0.4
G1 X106.199 Y139.45 E.00635
M106 S125
G1 F2400
G1 X106.339 Y139.619 E.00619
G1 F2734
G1 X106.575 Y140.009 E.01286
G1 X106.73 Y140.436 E.01281
G1 X106.797 Y140.886 E.01283
G1 X106.774 Y141.34 E.01282
G1 X106.663 Y141.781 E.01283
G1 X106.467 Y142.192 E.01284
G1 X106.394 Y142.299 E.00365
SET_VELOCITY_LIMIT ACCEL=5000 ACCEL_TO_DECEL=2500 SQUARE_CORNER_VELOCITY=9
G1 X106.178 Y142.168 F21000
;TYPE:Gap infill
;WIDTH:0.116353
G1 F2734
G1 X106.35 Y141.884 E.00193
G1 X106.488 Y141.503 E.00235
G1 X106.548 Y141.102 E.00235
G1 X106.524 Y140.697 E.00235
G1 X106.425 Y140.304 E.00235
G1 X106.251 Y139.939 E.00235
G1 X106.016 Y139.624 E.00228
G1 X105.712 Y139.351 E.00238
G1 X105.368 Y139.146 E.00232
G1 X104.992 Y139.013 E.00232
G1 X104.596 Y138.955 E.00232
G1 X104.205 Y138.973 E.00227
G1 X103.816 Y139.069 E.00232
G1 X103.454 Y139.238 E.00232
G1 X103.131 Y139.475 E.00232
G1 X102.855 Y139.778 E.00238
G1 X102.65 Y140.116 E.00229
G1 X102.512 Y140.497 E.00235
G1 X102.452 Y140.898 E.00235
G1 X102.472 Y141.304 E.00235
G1 X102.571 Y141.697 E.00235
G1 X102.746 Y142.063 E.00235
G1 X102.982 Y142.377 E.00228
G1 X103.288 Y142.649 E.00238
G1 X103.632 Y142.854 E.00232
G1 X104.008 Y142.987 E.00232
G1 X104.404 Y143.045 E.00232
G1 X104.795 Y143.027 E.00227
G1 X105.184 Y142.931 E.00232
G1 X105.546 Y142.762 E.00232
G1 X105.869 Y142.525 E.00232
G1 X106.145 Y142.222 E.00238
G1 X106.157 Y142.203 E.00013
G1 E-.68 F3600
;WIPE_START
G1 F7200
G1 X106.35 Y141.884 E-.04469
G1 X106.488 Y141.503 E-.04867
G1 X106.521 Y141.283 E-.02664
;WIPE_END
G1 X103.774 Y148.404 Z5.4 F21000
G1 X103.532 Y149.032 Z5.4
G1 Z5
G1 E.8 F2700
SET_VELOCITY_LIMIT ACCEL=3000 ACCEL_TO_DECEL=1500 SQUARE_CORNER_VELOCITY=7
;TYPE:Inner wall
;WIDTH:0.45
G1 F2734
G1 X105.264 Y149.032 E.0557
G1 X105.264 Y149.968 E.03009
G1 X103.532 Y149.968 E.0557
G1 X103.532 Y149.072 E.02881
SET_VELOCITY_LIMIT ACCEL=5000 ACCEL_TO_DECEL=2500 SQUARE_CORNER_VELOCITY=9
G1 X103.125 Y148.625 F21000
SET_VELOCITY_LIMIT ACCEL=3000 ACCEL_TO_DECEL=1500 SQUARE_CORNER_VELOCITY=7
G1 F2734
G1 X105.671 Y148.625 E.08188
G1 X105.671 Y150.375 E.05627
G1 X103.125 Y150.375 E.08188
G1 X103.125 Y148.665 E.05499
G1 X102.7 Y148.2 F21000
;TYPE:Outer wall
;WIDTH:0.4
G1 F2734
G1 X103.3 Y148.2 E.01692
G1 X105.326 Y148.2 E.05715
M106 S229
G1 X106.096 Y148.2 E.02172
G1 X106.096 Y150.8 E.07334
M106 S125
G1 X105.326 Y150.8 E.02172
G1 X103.3 Y150.8 E.05715
G1 X102.7 Y150.8 E.01692
G1 X102.7 Y148.24 E.07221
SET_VELOCITY_LIMIT ACCEL=5000 ACCEL_TO_DECEL=2500 SQUARE_CORNER_VELOCITY=9
G1 E-.68 F3600
;WIPE_START
G1 X103.7 Y148.228 E-.12
;WIPE_END
G1 X103.736 Y149.5 Z5.4 F21000
G1 Z5
G1 E.8 F2700
;TYPE:Gap infill
;WIDTH:0.571682
G1 F2734
G1 X105.061 Y149.5 E.05535
G1 E-.68 F3600
;WIPE_START
G1 F5972.243
G1 X104.061 Y149.5 E-.12
;WIPE_END
G1 X109.736 Y149.032 Z5.4 F21000
G1 Z5
G1 E.8 F2700
SET_VELOCITY_LIMIT ACCEL=3000 ACCEL_TO_DECEL=1500 SQUARE_CORNER_VELOCITY=7
;TYPE:Inner wall
;WIDTH:0.45
G1 F2734
G1 X115.264 Y149.032 E.17778
G1 X115.264 Y149.968 E.03009
M73 P84 R2
G1 X109.736 Y149.968 E.17778
G1 X109.736 Y149.072 E.02881
SET_VELOCITY_LIMIT ACCEL=5000 ACCEL_TO_DECEL=2500 SQUARE_CORNER_VELOCITY=9
G1 X109.329 Y148.625 F21000
SET_VELOCITY_LIMIT ACCEL=3000 ACCEL_TO_DECEL=1500 SQUARE_CORNER_VELOCITY=7
G1 F2734
G1 X115.671 Y148.625 E.20396
G1 X115.671 Y150.375 E.05627
G1 X109.329 Y150.375 E.20396
G1 X109.329 Y148.665 E.05499
G1 X108.904 Y148.2 F21000
;TYPE:Outer wall
;WIDTH:0.4
G1 F2734
G1 X109.674 Y148.2 E.02172
G1 X115.326 Y148.2 E.15942
M106 S229
G1 X116.096 Y148.2 E.02172
G1 X116.096 Y150.8 E.07334
M106 S125
G1 X115.326 Y150.8 E.02172
G1 X109.674 Y150.8 E.15942
M106 S229
G1 X108.904 Y150.8 E.02172
G1 X108.904 Y148.24 E.07221
SET_VELOCITY_LIMIT ACCEL=5000 ACCEL_TO_DECEL=2500 SQUARE_CORNER_VELOCITY=9
G1 E-.68 F3600
;WIPE_START
G1 F3180
G1 X109.904 Y148.234 E-.12
;WIPE_END
G1 X109.939 Y149.5 Z5.4 F21000
G1 Z5
G1 E.8 F2700
;TYPE:Gap infill
;WIDTH:0.571684
G1 F2734
M106 S125
G1 X115.061 Y149.5 E.21392
G1 E-.68 F3600
;WIPE_START
G1 F5972.219
G1 X114.061 Y149.5 E-.12
;WIPE_END
G1 X121.468 Y149.032 Z5.4 F21000
G1 Z5
G1 E.8 F2700
SET_VELOCITY_LIMIT ACCEL=3000 ACCEL_TO_DECEL=1500 SQUARE_CORNER_VELOCITY=7
;TYPE:Inner wall
;WIDTH:0.45
G1 F2734
G1 X121.468 Y149.968 E.03009
G1 X119.736 Y149.968 E.0557
G1 X119.736 Y149.032 E.03009
G1 X121.428 Y149.032 E.05442
SET_VELOCITY_LIMIT ACCEL=5000 ACCEL_TO_DECEL=2500 SQUARE_CORNER_VELOCITY=9
G1 X121.875 Y148.625 F21000
SET_VELOCITY_LIMIT ACCEL=3000 ACCEL_TO_DECEL=1500 SQUARE_CORNER_VELOCITY=7
G1 F2734
G1 X121.875 Y150.375 E.05627
G1 X119.329 Y150.375 E.08188
G1 X119.329 Y148.625 E.05627
G1 X121.835 Y148.625 E.0806
G1 X122.3 Y148.2 F21000
;TYPE:Outer wall
;WIDTH:0.4
G1 F2734
G1 X122.3 Y150.8 E.07334
G1 X121.7 Y150.8 E.01692
G1 X119.674 Y150.8 E.05715
M106 S229
G1 X118.904 Y150.8 E.02172
G1 X118.904 Y148.2 E.07334
M106 S125
G1 X119.674 Y148.2 E.02172
G1 X121.66 Y148.2 E.05602
G1 X122.26 Y148.2 E.01692
SET_VELOCITY_LIMIT ACCEL=5000 ACCEL_TO_DECEL=2500 SQUARE_CORNER_VELOCITY=9
G1 E-.68 F3600
;WIPE_START
G1 X122.275 Y149.2 E-.12
;WIPE_END
G1 X121.264 Y149.5 Z5.4 F21000
G1 Z5
G1 E.8 F2700
;TYPE:Gap infill
;WIDTH:0.571682
G1 F2734
G1 X119.939 Y149.5 E.05535
G1 E-.68 F3600
;WIPE_START
G1 F5972.243
G1 X120.939 Y149.5 E-.12
;WIPE_END
G1 X121.269 Y142.619 Z5.4 F21000
G1 Z5
G1 E.8 F2700
SET_VELOCITY_LIMIT ACCEL=3000 ACCEL_TO_DECEL=1500 SQUARE_CORNER_VELOCITY=7
;TYPE:Outer wall
;WIDTH:0.4
G1 F1320
M106 S229
G1 X121.09 Y142.7 E.00554
SET_VELOCITY_LIMIT ACCEL=1500 ACCEL_TO_DECEL=750 SQUARE_CORNER_VELOCITY=9
;TYPE:Overhang wall
;WIDTH:0.382146
G1 F1500
G1 X120.724 Y142.787 E.01007
G1 X120.365 Y142.796 E.00961
G1 X120.012 Y142.734 E.00961
G1 X119.926 Y142.7 E.00247
SET_VELOCITY_LIMIT ACCEL=3000 ACCEL_TO_DECEL=1500 SQUARE_CORNER_VELOCITY=7
;TYPE:Outer wall
;WIDTH:0.4
G1 X119.678 Y142.603 E.00751
G1 F1740
G1 X119.519 Y142.5 E.00534
G1 F2734
G1 X119.377 Y142.408 E.00477
M106 S125
G1 X119.12 Y142.158 E.01011
G1 X118.92 Y141.863 E.01005
G1 X118.807 Y141.614 E.00771
G1 X118.719 Y141.268 E.01007
G1 X118.701 Y140.91 E.01011
G1 X118.755 Y140.556 E.0101
G1 X118.877 Y140.219 E.01011
G1 X119.064 Y139.913 E.01012
G1 X119.308 Y139.65 E.01012
M106 S229
G1 X119.516 Y139.5 E.00723
G1 F2280
G1 X119.599 Y139.44 E.00289
G1 F1500
G1 X119.91 Y139.3 E.00962
SET_VELOCITY_LIMIT ACCEL=1500 ACCEL_TO_DECEL=750 SQUARE_CORNER_VELOCITY=9
;TYPE:Overhang wall
;WIDTH:0.382146
G1 X120.276 Y139.213 E.01007
G1 X120.635 Y139.204 E.00961
G1 X120.988 Y139.266 E.00961
G1 X121.074 Y139.3 E.00247
SET_VELOCITY_LIMIT ACCEL=3000 ACCEL_TO_DECEL=1500 SQUARE_CORNER_VELOCITY=7
;TYPE:Outer wall
;WIDTH:0.4
G1 X121.322 Y139.397 E.00751
G1 F1740
G1 X121.481 Y139.5 E.00534
G1 F2734
G1 X121.623 Y139.592 E.00477
M106 S125
G1 X121.88 Y139.842 E.01011
G1 X122.082 Y140.139 E.01013
G1 X122.221 Y140.469 E.0101
G1 X122.292 Y140.818 E.01005
G1 X122.298 Y141.092 E.00773
G1 X122.245 Y141.444 E.01004
G1 X122.123 Y141.781 E.01011
G1 X121.936 Y142.087 E.01012
G1 X121.692 Y142.35 E.01012
M106 S229
G1 X121.484 Y142.5 E.00723
G1 F2280
G1 X121.401 Y142.56 E.00289
G1 F1740
G1 X121.306 Y142.603 E.00294
SET_VELOCITY_LIMIT ACCEL=1500 ACCEL_TO_DECEL=750
G1 X122.046 Y142.7 F21000
SET_VELOCITY_LIMIT SQUARE_CORNER_VELOCITY=9
;TYPE:Overhang wall
;WIDTH:0.382146
G1 F1500
G1 X121.674 Y142.977 E.01242
G1 X121.267 Y143.167 E.01203
G1 X120.832 Y143.275 E.01203
G1 X120.392 Y143.296 E.01179
G1 X119.948 Y143.232 E.01203
G1 X119.525 Y143.082 E.01203
G1 X119.139 Y142.853 E.01203
G1 X118.969 Y142.7 E.00613
SET_VELOCITY_LIMIT ACCEL=3000 ACCEL_TO_DECEL=1500 SQUARE_CORNER_VELOCITY=7
;TYPE:Outer wall
;WIDTH:0.4
G1 X118.801 Y142.55 E.00635
M106 S125
G1 F2400
G1 X118.661 Y142.381 E.00619
G1 F2734
G1 X118.425 Y141.992 E.01283
G1 X118.27 Y141.564 E.01284
G1 X118.203 Y141.114 E.01283
G1 X118.226 Y140.66 E.01282
G1 X118.337 Y140.219 E.01283
G1 X118.533 Y139.808 E.01284
G1 X118.658 Y139.624 E.00627
M106 S229
G1 X118.771 Y139.5 E.00473
G1 F1500
G1 X118.954 Y139.3 E.00765
SET_VELOCITY_LIMIT ACCEL=1500 ACCEL_TO_DECEL=750 SQUARE_CORNER_VELOCITY=9
;TYPE:Overhang wall
;WIDTH:0.382146
G1 X119.326 Y139.023 E.01242
G1 X119.733 Y138.833 E.01203
G1 X120.168 Y138.725 E.01203
G1 X120.608 Y138.704 E.01179
G1 X121.052 Y138.768 E.01203
G1 X121.475 Y138.918 E.01203
G1 X121.861 Y139.147 E.01203
G1 X122.031 Y139.3 E.00613
SET_VELOCITY_LIMIT ACCEL=3000 ACCEL_TO_DECEL=1500 SQUARE_CORNER_VELOCITY=7
;TYPE:Outer wall
;WIDTH:0.4
G1 X122.199 Y139.45 E.00635
M106 S125
G1 F2400
G1 X122.339 Y139.619 E.00619
G1 F2734
G1 X122.575 Y140.009 E.01286
G1 X122.73 Y140.436 E.01281
G1 X122.797 Y140.886 E.01283
G1 X122.774 Y141.34 E.01282
G1 X122.663 Y141.781 E.01283
G1 X122.467 Y142.192 E.01284
G1 X122.342 Y142.376 E.00627
M106 S229
G1 X122.229 Y142.5 E.00473
G1 F960
G1 X122.073 Y142.671 E.00653
SET_VELOCITY_LIMIT ACCEL=5000 ACCEL_TO_DECEL=2500 SQUARE_CORNER_VELOCITY=9
G1 X121.889 Y142.503 F21000
;TYPE:Gap infill
;WIDTH:0.116676
G1 F2734
M106 S125
G1 X122.145 Y142.222 E.00221
G1 X122.35 Y141.884 E.0023
G1 X122.488 Y141.503 E.00236
G1 X122.548 Y141.102 E.00236
G1 X122.524 Y140.697 E.00236
G1 X122.425 Y140.304 E.00236
G1 X122.251 Y139.939 E.00236
G1 X122.016 Y139.624 E.00229
G1 X121.712 Y139.351 E.00239
G1 X121.368 Y139.146 E.00233
G1 X120.992 Y139.013 E.00233
G1 X120.596 Y138.955 E.00233
G1 X120.205 Y138.973 E.00228
G1 X119.816 Y139.069 E.00233
G1 X119.454 Y139.238 E.00233
G1 X119.131 Y139.475 E.00233
G1 X118.855 Y139.778 E.00239
G1 X118.65 Y140.116 E.0023
G1 X118.512 Y140.497 E.00236
G1 X118.452 Y140.898 E.00236
G1 X118.472 Y141.304 E.00236
G1 X118.572 Y141.697 E.00236
G1 X118.749 Y142.061 E.00236
G1 X118.984 Y142.376 E.00229
G1 X119.288 Y142.649 E.00239
G1 X119.632 Y142.854 E.00233
G1 X120.008 Y142.987 E.00233
G1 X120.404 Y143.045 E.00233
G1 X120.795 Y143.027 E.00228
G1 X121.184 Y142.931 E.00233
G1 X121.546 Y142.762 E.00233
G1 X121.861 Y142.531 E.00227
G1 E-.68 F3600
;WIPE_START
G1 F7200
G1 X122.145 Y142.222 E-.05035
G1 X122.35 Y141.884 E-.04747
G1 X122.413 Y141.71 E-.02218
;WIPE_END
G1 X121.917 Y134.094 Z5.4 F21000
G1 X118.711 Y84.848 Z5.4
G1 Z5
G1 E.8 F2700
SET_VELOCITY_LIMIT ACCEL=3000 ACCEL_TO_DECEL=1500 SQUARE_CORNER_VELOCITY=7
;TYPE:Outer wall
;WIDTH:0.4
G1 F2734
G1 X118.755 Y84.556 E.00833
G1 X118.877 Y84.219 E.01011
G1 X119.064 Y83.913 E.01012
G1 X119.308 Y83.65 E.01012
M106 S229
G1 X119.516 Y83.5 E.00723
G1 F2280
G1 X119.599 Y83.44 E.00289
G1 F1500
G1 X119.91 Y83.3 E.00962
SET_VELOCITY_LIMIT ACCEL=1500 ACCEL_TO_DECEL=750 SQUARE_CORNER_VELOCITY=9
;TYPE:Overhang wall
;WIDTH:0.382146
G1 X120.276 Y83.213 E.01007
G1 X120.635 Y83.204 E.00961
G1 X120.988 Y83.266 E.00961
G1 X121.074 Y83.3 E.00247
SET_VELOCITY_LIMIT ACCEL=3000 ACCEL_TO_DECEL=1500 SQUARE_CORNER_VELOCITY=7
;TYPE:Outer wall
;WIDTH:0.4
G1 X121.322 Y83.397 E.00751
G1 F1740
G1 X121.481 Y83.5 E.00534
G1 F2734
G1 X121.623 Y83.592 E.00477
M106 S125
G1 X121.88 Y83.842 E.01011
G1 X122.082 Y84.139 E.01013
G1 X122.221 Y84.469 E.0101
G1 X122.292 Y84.818 E.01005
G1 X122.298 Y85.092 E.00773
G1 X122.245 Y85.444 E.01004
G1 X122.123 Y85.781 E.01011
G1 X121.936 Y86.087 E.01012
G1 X121.692 Y86.35 E.01012
M106 S229
G1 X121.484 Y86.5 E.00723
G1 F2280
G1 X121.401 Y86.56 E.00289
G1 F1500
G1 X121.09 Y86.7 E.00962
SET_VELOCITY_LIMIT ACCEL=1500 ACCEL_TO_DECEL=750 SQUARE_CORNER_VELOCITY=9
;TYPE:Overhang wall
;WIDTH:0.382146
G1 X120.724 Y86.787 E.01007
G1 X120.365 Y86.796 E.00961
G1 X120.012 Y86.734 E.00961
G1 X119.926 Y86.7 E.00247
SET_VELOCITY_LIMIT ACCEL=3000 ACCEL_TO_DECEL=1500 SQUARE_CORNER_VELOCITY=7
;TYPE:Outer wall
;WIDTH:0.4
G1 X119.678 Y86.603 E.00751
G1 F1740
G1 X119.519 Y86.5 E.00534
G1 F2734
G1 X119.377 Y86.408 E.00477
M106 S125
G1 X119.12 Y86.158 E.01011
G1 X118.92 Y85.863 E.01005
G1 X118.807 Y85.614 E.00771
G1 X118.719 Y85.268 E.01007
G1 X118.701 Y84.91 E.01011
G1 X118.705 Y84.888 E.00063
SET_VELOCITY_LIMIT ACCEL=5000 ACCEL_TO_DECEL=2500 SQUARE_CORNER_VELOCITY=9
G1 E-.68 F3600
;WIPE_START
G1 X118.755 Y84.556 E-.04028
G1 X118.877 Y84.219 E-.04304
G1 X119.037 Y83.958 E-.03668
;WIPE_END
G1 X118.954 Y83.3 Z5.4 F21000
G1 Z5
G1 E.8 F2700
SET_VELOCITY_LIMIT ACCEL=1500 ACCEL_TO_DECEL=750
;TYPE:Overhang wall
;WIDTH:0.382146
G1 F1500
M106 S229
G1 X119.326 Y83.023 E.01242
G1 X119.733 Y82.833 E.01203
G1 X120.168 Y82.725 E.01203
G1 X120.608 Y82.704 E.01179
G1 X121.052 Y82.768 E.01203
G1 X121.475 Y82.918 E.01203
G1 X121.861 Y83.147 E.01203
G1 X122.031 Y83.3 E.00613
SET_VELOCITY_LIMIT ACCEL=3000 ACCEL_TO_DECEL=1500 SQUARE_CORNER_VELOCITY=7
;TYPE:Outer wall
;WIDTH:0.4
G1 X122.199 Y83.45 E.00635
M106 S125
G1 F2400
G1 X122.339 Y83.619 E.00619
G1 F2734
G1 X122.575 Y84.009 E.01286
G1 X122.73 Y84.436 E.01281
G1 X122.797 Y84.886 E.01283
G1 X122.774 Y85.34 E.01282
M73 P84 R1
G1 X122.663 Y85.781 E.01283
G1 X122.467 Y86.192 E.01284
G1 X122.342 Y86.376 E.00627
M106 S229
G1 X122.229 Y86.5 E.00473
G1 F1500
G1 X122.046 Y86.7 E.00765
SET_VELOCITY_LIMIT ACCEL=1500 ACCEL_TO_DECEL=750 SQUARE_CORNER_VELOCITY=9
;TYPE:Overhang wall
;WIDTH:0.382146
G1 X121.674 Y86.977 E.01242
G1 X121.267 Y87.167 E.01203
G1 X120.832 Y87.275 E.01203
G1 X120.392 Y87.296 E.01179
G1 X119.948 Y87.232 E.01203
G1 X119.525 Y87.082 E.01203
G1 X119.139 Y86.853 E.01203
G1 X118.969 Y86.7 E.00613
SET_VELOCITY_LIMIT ACCEL=3000 ACCEL_TO_DECEL=1500 SQUARE_CORNER_VELOCITY=7
;TYPE:Outer wall
;WIDTH:0.4
G1 X118.801 Y86.55 E.00635
M106 S125
G1 F2400
G1 X118.661 Y86.381 E.00619
G1 F2734
G1 X118.425 Y85.992 E.01283
G1 X118.27 Y85.564 E.01284
G1 X118.203 Y85.114 E.01283
G1 X118.226 Y84.66 E.01282
G1 X118.337 Y84.219 E.01283
G1 X118.533 Y83.808 E.01284
G1 X118.658 Y83.624 E.00627
M106 S229
G1 X118.771 Y83.5 E.00473
G1 F960
G1 X118.927 Y83.329 E.00653
SET_VELOCITY_LIMIT ACCEL=5000 ACCEL_TO_DECEL=2500 SQUARE_CORNER_VELOCITY=9
G1 X119.111 Y83.497 F21000
;TYPE:Gap infill
;WIDTH:0.116676
G1 F2734
M106 S125
G1 X118.855 Y83.778 E.00221
G1 X118.65 Y84.116 E.0023
G1 X118.512 Y84.497 E.00236
G1 X118.452 Y84.898 E.00236
G1 X118.472 Y85.304 E.00236
G1 X118.572 Y85.697 E.00236
G1 X118.749 Y86.061 E.00236
G1 X118.984 Y86.376 E.00229
G1 X119.288 Y86.649 E.00239
G1 X119.632 Y86.854 E.00233
G1 X120.008 Y86.987 E.00233
G1 X120.404 Y87.045 E.00233
G1 X120.795 Y87.027 E.00228
G1 X121.184 Y86.931 E.00233
G1 X121.546 Y86.762 E.00233
G1 X121.869 Y86.525 E.00233
G1 X122.145 Y86.222 E.00239
G1 X122.35 Y85.884 E.0023
G1 X122.488 Y85.503 E.00236
G1 X122.548 Y85.102 E.00236
G1 X122.524 Y84.697 E.00236
G1 X122.425 Y84.304 E.00236
G1 X122.251 Y83.939 E.00236
G1 X122.016 Y83.624 E.00229
G1 X121.712 Y83.351 E.00239
G1 X121.368 Y83.146 E.00233
G1 X120.992 Y83.013 E.00233
G1 X120.596 Y82.955 E.00233
G1 X120.205 Y82.973 E.00228
G1 X119.816 Y83.069 E.00233
G1 X119.454 Y83.238 E.00233
G1 X119.139 Y83.469 E.00227
G1 E-.68 F3600
;WIPE_START
G1 F7200
G1 X118.855 Y83.778 E-.05035
G1 X118.65 Y84.116 E-.04747
G1 X118.587 Y84.29 E-.02218
;WIPE_END
G1 X110.972 Y83.772 Z5.4 F21000
G1 X105.291 Y83.385 Z5.4
G1 Z5
G1 E.8 F2700
SET_VELOCITY_LIMIT ACCEL=3000 ACCEL_TO_DECEL=1500 SQUARE_CORNER_VELOCITY=7
;TYPE:Outer wall
;WIDTH:0.4
G1 F1440
M106 S229
G1 X105.322 Y83.397 E.00094
G1 F1740
G1 X105.481 Y83.5 E.00534
G1 F2734
G1 X105.623 Y83.592 E.00477
M106 S125
G1 X105.88 Y83.842 E.01011
G1 X106.082 Y84.139 E.01013
G1 X106.221 Y84.469 E.0101
G1 X106.292 Y84.818 E.01005
G1 X106.298 Y85.092 E.00773
G1 X106.245 Y85.444 E.01004
G1 X106.123 Y85.781 E.01011
G1 X105.936 Y86.087 E.01012
G1 X105.692 Y86.35 E.01012
M106 S229
G1 X105.484 Y86.5 E.00723
G1 F2280
G1 X105.401 Y86.56 E.00289
G1 F1500
G1 X105.09 Y86.7 E.00962
SET_VELOCITY_LIMIT ACCEL=1500 ACCEL_TO_DECEL=750 SQUARE_CORNER_VELOCITY=9
;TYPE:Overhang wall
;WIDTH:0.382146
G1 X104.724 Y86.787 E.01007
G1 X104.365 Y86.796 E.00961
G1 X104.012 Y86.734 E.00961
G1 X103.926 Y86.7 E.00247
SET_VELOCITY_LIMIT ACCEL=3000 ACCEL_TO_DECEL=1500 SQUARE_CORNER_VELOCITY=7
;TYPE:Outer wall
;WIDTH:0.4
G1 X103.678 Y86.603 E.00751
G1 F1740
G1 X103.519 Y86.5 E.00534
G1 F2734
G1 X103.379 Y86.409 E.00471
M106 S125
G1 X103.178 Y86.223 E.00772
G1 X102.963 Y85.939 E.01005
G1 X102.808 Y85.616 E.01011
G1 X102.719 Y85.268 E.01013
G1 X102.701 Y84.91 E.01011
G1 X102.755 Y84.556 E.0101
G1 X102.877 Y84.219 E.01011
G1 X103.064 Y83.913 E.01012
G1 X103.308 Y83.65 E.01012
M106 S229
G1 X103.516 Y83.5 E.00723
G1 F2280
G1 X103.599 Y83.44 E.00289
G1 F1500
G1 X103.91 Y83.3 E.00962
SET_VELOCITY_LIMIT ACCEL=1500 ACCEL_TO_DECEL=750 SQUARE_CORNER_VELOCITY=9
;TYPE:Overhang wall
;WIDTH:0.382146
G1 X104.276 Y83.213 E.01007
G1 X104.635 Y83.204 E.00961
G1 X104.988 Y83.266 E.00961
G1 X105.074 Y83.3 E.00247
SET_VELOCITY_LIMIT ACCEL=3000 ACCEL_TO_DECEL=1500 SQUARE_CORNER_VELOCITY=7
;TYPE:Outer wall
;WIDTH:0.4
G1 F1080
G1 X105.254 Y83.371 E.00546
G1 X106.031 Y83.3 F21000
G1 F1500
G1 X106.199 Y83.45 E.00635
M106 S125
G1 F2400
G1 X106.339 Y83.619 E.00619
G1 F2734
G1 X106.575 Y84.009 E.01286
G1 X106.73 Y84.436 E.01281
G1 X106.797 Y84.886 E.01283
G1 X106.774 Y85.34 E.01282
G1 X106.663 Y85.781 E.01283
G1 X106.467 Y86.192 E.01284
G1 X106.342 Y86.376 E.00627
M106 S229
G1 X106.229 Y86.5 E.00473
G1 F1500
G1 X106.046 Y86.7 E.00765
SET_VELOCITY_LIMIT ACCEL=1500 ACCEL_TO_DECEL=750 SQUARE_CORNER_VELOCITY=9
;TYPE:Overhang wall
;WIDTH:0.382146
G1 X105.674 Y86.977 E.01242
G1 X105.267 Y87.167 E.01203
G1 X104.832 Y87.275 E.01203
G1 X104.392 Y87.296 E.01179
G1 X103.948 Y87.232 E.01203
G1 X103.525 Y87.082 E.01203
G1 X103.139 Y86.853 E.01203
G1 X102.969 Y86.7 E.00613
SET_VELOCITY_LIMIT ACCEL=3000 ACCEL_TO_DECEL=1500 SQUARE_CORNER_VELOCITY=7
;TYPE:Outer wall
;WIDTH:0.4
G1 X102.801 Y86.55 E.00635
M106 S125
G1 F2400
G1 X102.661 Y86.381 E.00619
G1 F2734
G1 X102.425 Y85.991 E.01286
G1 X102.27 Y85.564 E.01281
G1 X102.203 Y85.114 E.01283
G1 X102.226 Y84.66 E.01282
G1 X102.337 Y84.219 E.01283
G1 X102.533 Y83.808 E.01284
G1 X102.658 Y83.624 E.00627
M106 S229
G1 X102.771 Y83.5 E.00473
G1 F1500
G1 X102.954 Y83.3 E.00765
SET_VELOCITY_LIMIT ACCEL=1500 ACCEL_TO_DECEL=750 SQUARE_CORNER_VELOCITY=9
;TYPE:Overhang wall
;WIDTH:0.382146
G1 X103.326 Y83.023 E.01242
G1 X103.733 Y82.833 E.01203
G1 X104.168 Y82.725 E.01203
G1 X104.608 Y82.704 E.01179
G1 X105.052 Y82.768 E.01203
G1 X105.475 Y82.918 E.01203
G1 X105.861 Y83.147 E.01203
G1 X106.002 Y83.273 E.00506
SET_VELOCITY_LIMIT ACCEL=5000 ACCEL_TO_DECEL=2500
G1 X105.834 Y83.46 F21000
;TYPE:Gap infill
;WIDTH:0.116353
G1 F2734
M106 S125
G1 X105.712 Y83.351 E.00095
G1 X105.368 Y83.146 E.00232
G1 X104.992 Y83.013 E.00232
G1 X104.596 Y82.955 E.00232
G1 X104.205 Y82.973 E.00227
G1 X103.816 Y83.069 E.00232
G1 X103.454 Y83.238 E.00232
G1 X103.131 Y83.475 E.00232
G1 X102.855 Y83.778 E.00238
G1 X102.65 Y84.116 E.00229
G1 X102.512 Y84.497 E.00235
G1 X102.452 Y84.898 E.00235
G1 X102.472 Y85.304 E.00235
G1 X102.571 Y85.697 E.00235
G1 X102.746 Y86.063 E.00235
G1 X102.982 Y86.377 E.00228
G1 X103.288 Y86.649 E.00238
G1 X103.632 Y86.854 E.00232
G1 X104.008 Y86.987 E.00232
G1 X104.404 Y87.045 E.00232
G1 X104.795 Y87.027 E.00227
G1 X105.184 Y86.931 E.00232
G1 X105.546 Y86.762 E.00232
G1 X105.869 Y86.525 E.00232
G1 X106.145 Y86.222 E.00238
G1 X106.35 Y85.884 E.00229
G1 X106.488 Y85.503 E.00235
G1 X106.548 Y85.102 E.00235
G1 X106.524 Y84.697 E.00235
G1 X106.425 Y84.304 E.00235
G1 X106.251 Y83.939 E.00235
G1 X106.016 Y83.624 E.00228
G1 X105.863 Y83.487 E.00119
; stop printing object vyper_electronics_cassette.stl id:0 copy 0
;LAYER_CHANGE
;Z:5.2
;HEIGHT:0.2
;BEFORE_LAYER_CHANGE
G92 E0
;5.2


G1 E-.68 F3600
;WIPE_START
G1 F7200
G1 X105.712 Y83.351 E-.02446
G1 X105.368 Y83.146 E-.04795
G1 X104.995 Y83.014 E-.0476
;WIPE_END
EXCLUDE_OBJECT_END NAME=vyper_electronics_cassette.stl_id_0_copy_0
;AFTER_LAYER_CHANGE
;5.2
;_SET_FAN_SPEED_CHANGING_LAYER
; printing object vyper_electronics_cassette.stl id:0 copy 0
EXCLUDE_OBJECT_START NAME=vyper_electronics_cassette.stl_id_0_copy_0
G1 X104.844 Y90.645 Z5.6 F21000
G1 X103.82 Y142.658 Z5.6
G1 Z5.2
G1 E.8 F2700
SET_VELOCITY_LIMIT ACCEL=3000 ACCEL_TO_DECEL=1500 SQUARE_CORNER_VELOCITY=7
;TYPE:Outer wall
;WIDTH:0.4
G1 F2358
G1 X103.678 Y142.603 E.0043
G1 X103.377 Y142.408 E.01012
G1 X103.12 Y142.158 E.01012
G1 X102.918 Y141.861 E.01012
G1 X102.779 Y141.531 E.01012
G1 X102.708 Y141.179 E.01012
G1 X102.708 Y140.821 E.01012
G1 X102.779 Y140.469 E.01012
G1 X102.918 Y140.139 E.01012
G1 X103.119 Y139.844 E.01005
G1 X103.31 Y139.648 E.00773
G1 X103.599 Y139.44 E.01004
G1 X103.926 Y139.293 E.01012
G1 X104.276 Y139.213 E.01012
G1 X104.635 Y139.204 E.01012
G1 X104.988 Y139.266 E.01012
G1 X105.322 Y139.397 E.01012
G1 X105.623 Y139.592 E.01012
G1 X105.88 Y139.842 E.01012
G1 X106.082 Y140.139 E.01012
G1 X106.221 Y140.469 E.01012
G1 X106.292 Y140.818 E.01005
G1 X106.298 Y141.092 E.00773
M73 P85 R1
G1 X106.245 Y141.444 E.01004
G1 X106.123 Y141.781 E.01012
G1 X105.936 Y142.087 E.01012
G1 X105.692 Y142.35 E.01012
G1 X105.401 Y142.56 E.01012
G1 X105.074 Y142.707 E.01012
G1 X104.724 Y142.787 E.01012
G1 X104.365 Y142.796 E.01012
G1 X104.012 Y142.734 E.01012
G1 X103.858 Y142.673 E.00468
SET_VELOCITY_LIMIT ACCEL=5000 ACCEL_TO_DECEL=2500 SQUARE_CORNER_VELOCITY=9
G1 E-.68 F3600
;WIPE_START
G1 X103.678 Y142.603 E-.02311
G1 X103.377 Y142.408 E-.04304
G1 X103.12 Y142.158 E-.04304
G1 X103.07 Y142.083 E-.01081
;WIPE_END
G1 X106.372 Y142.327 Z5.6 F21000
G1 Z5.2
G1 E.8 F2700
SET_VELOCITY_LIMIT ACCEL=3000 ACCEL_TO_DECEL=1500 SQUARE_CORNER_VELOCITY=7
G1 F2358
G1 X106.342 Y142.377 E.00166
G1 X106.034 Y142.712 E.01282
G1 X105.672 Y142.978 E.01268
G1 X105.265 Y143.168 E.01268
G1 X104.828 Y143.276 E.01269
G1 X104.396 Y143.297 E.01218
G1 X103.951 Y143.232 E.01269
G1 X103.527 Y143.083 E.01268
G1 X103.14 Y142.854 E.01268
G1 X102.802 Y142.551 E.01282
G1 X102.534 Y142.192 E.01262
G1 X102.337 Y141.782 E.01284
G1 X102.226 Y141.341 E.01284
G1 X102.203 Y140.886 E.01284
G1 X102.27 Y140.436 E.01284
G1 X102.425 Y140.008 E.01284
G1 X102.658 Y139.623 E.0127
G1 X102.966 Y139.288 E.01282
G1 X103.328 Y139.022 E.01268
G1 X103.735 Y138.832 E.01268
G1 X104.172 Y138.724 E.01269
G1 X104.604 Y138.703 E.01218
G1 X105.049 Y138.768 E.01269
G1 X105.473 Y138.917 E.01268
G1 X105.86 Y139.146 E.01268
G1 X106.198 Y139.449 E.01282
G1 X106.466 Y139.808 E.01262
G1 X106.663 Y140.218 E.01284
G1 X106.774 Y140.659 E.01284
G1 X106.797 Y141.114 E.01284
G1 X106.73 Y141.564 E.01284
G1 X106.575 Y141.992 E.01284
G1 X106.393 Y142.293 E.00992
SET_VELOCITY_LIMIT ACCEL=5000 ACCEL_TO_DECEL=2500 SQUARE_CORNER_VELOCITY=9
G1 X106.18 Y142.163 F21000
;TYPE:Gap infill
;WIDTH:0.117275
G1 F2358
G1 X106.349 Y141.886 E.0019
G1 X106.488 Y141.503 E.0024
G1 X106.548 Y141.105 E.00237
G1 X106.524 Y140.697 E.0024
G1 X106.425 Y140.304 E.00238
G1 X106.25 Y139.939 E.00238
G1 X106.016 Y139.624 E.00231
G1 X105.71 Y139.35 E.00241
G1 X105.366 Y139.145 E.00235
G1 X104.989 Y139.012 E.00235
G1 X104.65 Y138.958 E.00202
G1 X104.242 Y138.968 E.0024
G1 X103.844 Y139.059 E.0024
G1 X103.473 Y139.227 E.0024
G1 X103.146 Y139.462 E.00236
G1 X102.927 Y139.691 E.00186
G1 X102.701 Y140.024 E.00236
G1 X102.543 Y140.4 E.00239
G1 X102.464 Y140.793 E.00236
G1 X102.464 Y141.207 E.00243
G1 X102.545 Y141.606 E.00239
G1 X102.704 Y141.982 E.00239
G1 X102.934 Y142.319 E.00239
G1 X103.226 Y142.602 E.00239
G1 X103.569 Y142.823 E.00239
G1 X103.949 Y142.972 E.00239
G1 X104.35 Y143.042 E.00239
G1 X104.758 Y143.032 E.0024
G1 X105.156 Y142.941 E.0024
G1 X105.527 Y142.773 E.0024
G1 X105.859 Y142.534 E.0024
G1 X106.136 Y142.235 E.0024
G1 X106.159 Y142.197 E.00026
G1 E-.68 F3600
;WIPE_START
G1 F7200
G1 X106.349 Y141.886 E-.04366
G1 X106.488 Y141.503 E-.04895
G1 X106.522 Y141.277 E-.02739
;WIPE_END
G1 X103.776 Y148.399 Z5.6 F21000
G1 X103.532 Y149.032 Z5.6
G1 Z5.2
G1 E.8 F2700
SET_VELOCITY_LIMIT ACCEL=3000 ACCEL_TO_DECEL=1500 SQUARE_CORNER_VELOCITY=7
;TYPE:Inner wall
;WIDTH:0.45
G1 F2358
G1 X105.504 Y149.032 E.06342
G1 X105.504 Y149.968 E.03009
G1 X103.532 Y149.968 E.06342
G1 X103.532 Y149.072 E.02881
SET_VELOCITY_LIMIT ACCEL=5000 ACCEL_TO_DECEL=2500 SQUARE_CORNER_VELOCITY=9
G1 X103.125 Y148.625 F21000
SET_VELOCITY_LIMIT ACCEL=3000 ACCEL_TO_DECEL=1500 SQUARE_CORNER_VELOCITY=7
G1 F2358
G1 X105.912 Y148.625 E.0896
G1 X105.912 Y150.375 E.05627
G1 X103.125 Y150.375 E.0896
G1 X103.125 Y148.665 E.05499
G1 X102.7 Y148.2 F21000
;TYPE:Outer wall
;WIDTH:0.4
G1 F2358
G1 X103.3 Y148.2 E.01692
G1 X105.496 Y148.2 E.06194
M106 S229
G1 X106.337 Y148.2 E.02372
G1 X106.337 Y149.04 E.02369
G1 X106.337 Y149.96 E.02595
G1 X106.337 Y150.8 E.02369
M106 S125
G1 X105.496 Y150.8 E.02372
G1 X103.3 Y150.8 E.06194
G1 X102.7 Y150.8 E.01692
G1 X102.7 Y148.24 E.07221
SET_VELOCITY_LIMIT ACCEL=5000 ACCEL_TO_DECEL=2500 SQUARE_CORNER_VELOCITY=9
G1 E-.68 F3600
;WIPE_START
G1 X103.7 Y148.229 E-.12
;WIPE_END
G1 X103.736 Y149.5 Z5.6 F21000
G1 Z5.2
G1 E.8 F2700
;TYPE:Gap infill
;WIDTH:0.571682
G1 F2358
G1 X105.301 Y149.5 E.06538
G1 E-.68 F3600
;WIPE_START
G1 F5972.243
G1 X104.301 Y149.5 E-.12
;WIPE_END
G1 X109.496 Y149.032 Z5.6 F21000
G1 Z5.2
G1 E.8 F2700
SET_VELOCITY_LIMIT ACCEL=3000 ACCEL_TO_DECEL=1500 SQUARE_CORNER_VELOCITY=7
;TYPE:Inner wall
;WIDTH:0.45
G1 F2358
G1 X115.504 Y149.032 E.19322
G1 X115.504 Y149.968 E.03009
G1 X109.496 Y149.968 E.19322
G1 X109.496 Y149.072 E.02881
SET_VELOCITY_LIMIT ACCEL=5000 ACCEL_TO_DECEL=2500 SQUARE_CORNER_VELOCITY=9
G1 X109.088 Y148.625 F21000
SET_VELOCITY_LIMIT ACCEL=3000 ACCEL_TO_DECEL=1500 SQUARE_CORNER_VELOCITY=7
G1 F2358
G1 X115.912 Y148.625 E.21941
G1 X115.912 Y150.375 E.05627
G1 X109.088 Y150.375 E.21941
G1 X109.088 Y148.665 E.05499
G1 X108.663 Y148.2 F21000
;TYPE:Outer wall
;WIDTH:0.4
G1 F2358
G1 X109.504 Y148.2 E.02372
G1 X115.496 Y148.2 E.16901
M106 S229
G1 X116.337 Y148.2 E.02372
G1 X116.337 Y149.04 E.02369
G1 X116.337 Y149.96 E.02595
G1 X116.337 Y150.8 E.02369
M106 S125
G1 X115.496 Y150.8 E.02372
G1 X109.504 Y150.8 E.16901
M106 S229
G1 X108.663 Y150.8 E.02372
G1 X108.663 Y149.96 E.02369
G1 X108.663 Y149.08 E.02482
G1 X108.663 Y148.24 E.02369
SET_VELOCITY_LIMIT ACCEL=5000 ACCEL_TO_DECEL=2500 SQUARE_CORNER_VELOCITY=9
G1 E-.68 F3600
;WIPE_START
G1 F2520
G1 X109.663 Y148.235 E-.12
;WIPE_END
G1 X109.699 Y149.5 Z5.6 F21000
G1 Z5.2
G1 E.8 F2700
;TYPE:Gap infill
;WIDTH:0.571682
G1 F2358
M106 S125
G1 X115.301 Y149.5 E.23398
G1 E-.68 F3600
;WIPE_START
G1 F5972.243
G1 X114.301 Y149.5 E-.12
;WIPE_END
G1 X121.468 Y149.032 Z5.6 F21000
G1 Z5.2
G1 E.8 F2700
SET_VELOCITY_LIMIT ACCEL=3000 ACCEL_TO_DECEL=1500 SQUARE_CORNER_VELOCITY=7
;TYPE:Inner wall
;WIDTH:0.45
G1 F2358
G1 X121.468 Y149.968 E.03009
G1 X119.496 Y149.968 E.06342
G1 X119.496 Y149.032 E.03009
G1 X121.428 Y149.032 E.06214
SET_VELOCITY_LIMIT ACCEL=5000 ACCEL_TO_DECEL=2500 SQUARE_CORNER_VELOCITY=9
G1 X121.875 Y148.625 F21000
SET_VELOCITY_LIMIT ACCEL=3000 ACCEL_TO_DECEL=1500 SQUARE_CORNER_VELOCITY=7
G1 F2358
G1 X121.875 Y150.375 E.05627
G1 X119.088 Y150.375 E.0896
G1 X119.088 Y148.625 E.05627
G1 X121.835 Y148.625 E.08832
G1 X122.3 Y148.2 F21000
;TYPE:Outer wall
;WIDTH:0.4
G1 F2358
G1 X122.3 Y150.8 E.07334
G1 X121.7 Y150.8 E.01692
G1 X119.504 Y150.8 E.06194
M106 S229
G1 X118.663 Y150.8 E.02372
G1 X118.663 Y149.96 E.02369
G1 X118.663 Y149.04 E.02595
G1 X118.663 Y148.2 E.02369
M106 S125
G1 X119.504 Y148.2 E.02372
G1 X121.66 Y148.2 E.06081
G1 X122.26 Y148.2 E.01692
SET_VELOCITY_LIMIT ACCEL=5000 ACCEL_TO_DECEL=2500 SQUARE_CORNER_VELOCITY=9
G1 E-.68 F3600
;WIPE_START
G1 X122.275 Y149.2 E-.12
;WIPE_END
G1 X121.264 Y149.5 Z5.6 F21000
G1 Z5.2
G1 E.8 F2700
;TYPE:Gap infill
;WIDTH:0.571682
G1 F2358
G1 X119.699 Y149.5 E.06538
G1 E-.68 F3600
;WIPE_START
G1 F5972.243
G1 X120.699 Y149.5 E-.12
;WIPE_END
G1 X121.208 Y142.647 Z5.6 F21000
G1 Z5.2
G1 E.8 F2700
SET_VELOCITY_LIMIT ACCEL=3000 ACCEL_TO_DECEL=1500 SQUARE_CORNER_VELOCITY=7
;TYPE:Outer wall
;WIDTH:0.4
G1 F2358
G1 X121.074 Y142.707 E.00415
G1 X120.724 Y142.787 E.01012
G1 X120.365 Y142.796 E.01012
G1 X120.012 Y142.734 E.01012
G1 X119.678 Y142.603 E.01012
G1 X119.377 Y142.408 E.01012
G1 X119.12 Y142.158 E.01012
G1 X118.918 Y141.861 E.01012
G1 X118.779 Y141.531 E.01012
G1 X118.708 Y141.179 E.01012
G1 X118.708 Y140.821 E.01012
G1 X118.779 Y140.469 E.01012
G1 X118.918 Y140.139 E.01012
G1 X119.12 Y139.842 E.01012
G1 X119.377 Y139.592 E.01012
G1 X119.678 Y139.397 E.01012
G1 X120.01 Y139.267 E.01004
G1 X120.279 Y139.213 E.00773
G1 X120.635 Y139.204 E.01005
G1 X120.988 Y139.266 E.01012
G1 X121.322 Y139.397 E.01012
G1 X121.623 Y139.592 E.01012
G1 X121.88 Y139.842 E.01012
G1 X122.082 Y140.139 E.01012
G1 X122.221 Y140.469 E.01012
G1 X122.292 Y140.818 E.01004
G1 X122.298 Y141.092 E.00773
G1 X122.245 Y141.444 E.01004
G1 X122.123 Y141.781 E.01012
G1 X121.936 Y142.087 E.01012
G1 X121.692 Y142.35 E.01012
G1 X121.401 Y142.56 E.01012
G1 X121.244 Y142.63 E.00483
G1 X121.888 Y142.819 F21000
G1 F2358
G1 X121.672 Y142.978 E.00757
G1 X121.265 Y143.168 E.01268
G1 X120.828 Y143.276 E.01269
G1 X120.396 Y143.297 E.01218
G1 X119.951 Y143.232 E.01269
G1 X119.527 Y143.083 E.01268
G1 X119.14 Y142.854 E.01268
G1 X118.802 Y142.551 E.01282
G1 X118.534 Y142.192 E.01262
G1 X118.337 Y141.782 E.01284
G1 X118.226 Y141.341 E.01284
G1 X118.203 Y140.886 E.01284
G1 X118.27 Y140.436 E.01284
G1 X118.425 Y140.008 E.01284
G1 X118.658 Y139.623 E.0127
G1 X118.966 Y139.288 E.01282
G1 X119.328 Y139.022 E.01268
G1 X119.735 Y138.832 E.01268
G1 X120.172 Y138.724 E.01269
G1 X120.604 Y138.703 E.01218
G1 X121.049 Y138.768 E.01269
G1 X121.473 Y138.917 E.01268
G1 X121.86 Y139.146 E.01268
G1 X122.198 Y139.449 E.01282
G1 X122.466 Y139.808 E.01262
G1 X122.663 Y140.218 E.01284
G1 X122.774 Y140.659 E.01284
G1 X122.797 Y141.114 E.01284
G1 X122.73 Y141.564 E.01284
G1 X122.575 Y141.992 E.01284
G1 X122.342 Y142.377 E.0127
G1 X122.034 Y142.712 E.01282
G1 X121.92 Y142.796 E.00399
SET_VELOCITY_LIMIT ACCEL=5000 ACCEL_TO_DECEL=2500 SQUARE_CORNER_VELOCITY=9
G1 X121.775 Y142.594 F21000
;TYPE:Gap infill
;WIDTH:0.117389
G1 F2358
G1 X121.859 Y142.534 E.0006
G1 X122.136 Y142.235 E.0024
G1 X122.349 Y141.886 E.0024
G1 X122.488 Y141.503 E.0024
G1 X122.548 Y141.105 E.00237
G1 X122.524 Y140.697 E.0024
G1 X122.425 Y140.304 E.00238
G1 X122.25 Y139.939 E.00238
G1 X122.016 Y139.624 E.00231
G1 X121.71 Y139.35 E.00241
G1 X121.366 Y139.145 E.00235
G1 X120.989 Y139.012 E.00235
G1 X120.65 Y138.958 E.00202
G1 X120.248 Y138.968 E.00236
G1 X119.938 Y139.033 E.00186
G1 X119.564 Y139.181 E.00237
G1 X119.222 Y139.402 E.0024
G1 X118.931 Y139.687 E.0024
G1 X118.701 Y140.024 E.0024
G1 X118.543 Y140.4 E.0024
G1 X118.464 Y140.793 E.00236
G1 X118.464 Y141.207 E.00244
G1 X118.545 Y141.606 E.0024
G1 X118.704 Y141.982 E.0024
G1 X118.934 Y142.319 E.0024
G1 X119.226 Y142.602 E.0024
G1 X119.569 Y142.823 E.0024
G1 X119.949 Y142.972 E.0024
G1 X120.35 Y143.042 E.0024
G1 X120.758 Y143.032 E.0024
G1 X121.156 Y142.941 E.0024
G1 X121.527 Y142.773 E.0024
G1 X121.743 Y142.618 E.00156
G1 E-.68 F3600
;WIPE_START
G1 F7200
G1 X121.859 Y142.534 E-.0171
G1 X122.136 Y142.235 E-.04898
G1 X122.349 Y141.886 E-.049
G1 X122.363 Y141.848 E-.00492
;WIPE_END
G1 X121.875 Y134.231 Z5.6 F21000
G1 X118.708 Y84.844 Z5.6
G1 Z5.2
G1 E.8 F2700
SET_VELOCITY_LIMIT ACCEL=3000 ACCEL_TO_DECEL=1500 SQUARE_CORNER_VELOCITY=7
;TYPE:Outer wall
;WIDTH:0.4
G1 F2358
G1 X118.708 Y84.821 E.00066
G1 X118.779 Y84.469 E.01012
G1 X118.918 Y84.139 E.01012
G1 X119.12 Y83.842 E.01012
G1 X119.377 Y83.592 E.01012
G1 X119.678 Y83.397 E.01012
G1 X120.01 Y83.267 E.01004
G1 X120.279 Y83.213 E.00773
G1 X120.635 Y83.204 E.01005
G1 X120.988 Y83.266 E.01012
G1 X121.322 Y83.397 E.01012
G1 X121.623 Y83.592 E.01012
G1 X121.88 Y83.842 E.01012
G1 X122.082 Y84.139 E.01012
G1 X122.221 Y84.469 E.01012
G1 X122.292 Y84.818 E.01004
G1 X122.298 Y85.092 E.00773
G1 X122.245 Y85.444 E.01004
G1 X122.123 Y85.781 E.01012
G1 X121.936 Y86.087 E.01012
G1 X121.692 Y86.35 E.01012
G1 X121.401 Y86.56 E.01012
G1 X121.074 Y86.707 E.01012
G1 X120.724 Y86.787 E.01012
G1 X120.365 Y86.796 E.01012
G1 X120.012 Y86.734 E.01012
G1 X119.678 Y86.603 E.01012
G1 X119.377 Y86.408 E.01012
G1 X119.12 Y86.158 E.01012
G1 X118.918 Y85.861 E.01012
G1 X118.779 Y85.531 E.01012
G1 X118.708 Y85.179 E.01012
G1 X118.708 Y84.884 E.00833
SET_VELOCITY_LIMIT ACCEL=5000 ACCEL_TO_DECEL=2500 SQUARE_CORNER_VELOCITY=9
G1 E-.68 F3600
;WIPE_START
G1 X118.708 Y84.821 E-.0076
G1 X118.779 Y84.469 E-.04304
G1 X118.918 Y84.139 E-.04304
G1 X119.042 Y83.957 E-.02633
;WIPE_END
G1 X119.112 Y83.181 Z5.6 F21000
G1 Z5.2
G1 E.8 F2700
SET_VELOCITY_LIMIT ACCEL=3000 ACCEL_TO_DECEL=1500 SQUARE_CORNER_VELOCITY=7
G1 F2358
G1 X119.328 Y83.022 E.00757
G1 X119.735 Y82.832 E.01268
G1 X120.172 Y82.724 E.01269
G1 X120.604 Y82.703 E.01218
G1 X121.049 Y82.768 E.01269
G1 X121.473 Y82.917 E.01268
G1 X121.86 Y83.146 E.01268
G1 X122.198 Y83.449 E.01282
G1 X122.466 Y83.808 E.01262
G1 X122.663 Y84.218 E.01284
G1 X122.774 Y84.659 E.01284
G1 X122.797 Y85.114 E.01284
G1 X122.73 Y85.564 E.01284
G1 X122.575 Y85.992 E.01284
G1 X122.342 Y86.377 E.0127
M73 P86 R1
G1 X122.034 Y86.712 E.01282
G1 X121.672 Y86.978 E.01268
G1 X121.265 Y87.168 E.01268
G1 X120.828 Y87.276 E.01269
G1 X120.396 Y87.297 E.01218
G1 X119.951 Y87.232 E.01269
G1 X119.527 Y87.083 E.01268
G1 X119.14 Y86.854 E.01268
G1 X118.802 Y86.551 E.01282
G1 X118.534 Y86.192 E.01262
G1 X118.337 Y85.782 E.01284
G1 X118.226 Y85.341 E.01284
G1 X118.203 Y84.886 E.01284
G1 X118.27 Y84.436 E.01284
G1 X118.425 Y84.008 E.01284
G1 X118.658 Y83.623 E.0127
G1 X118.966 Y83.288 E.01282
G1 X119.08 Y83.204 E.00399
SET_VELOCITY_LIMIT ACCEL=5000 ACCEL_TO_DECEL=2500 SQUARE_CORNER_VELOCITY=9
G1 X119.222 Y83.402 F21000
;TYPE:Gap infill
;WIDTH:0.117389
G1 F2358
G1 X118.931 Y83.687 E.0024
G1 X118.701 Y84.024 E.0024
G1 X118.543 Y84.4 E.0024
G1 X118.464 Y84.793 E.00236
G1 X118.464 Y85.207 E.00244
G1 X118.545 Y85.606 E.0024
G1 X118.704 Y85.982 E.0024
G1 X118.934 Y86.319 E.0024
G1 X119.226 Y86.602 E.0024
G1 X119.569 Y86.823 E.0024
G1 X119.949 Y86.972 E.0024
G1 X120.35 Y87.042 E.0024
G1 X120.758 Y87.032 E.0024
G1 X121.156 Y86.941 E.0024
G1 X121.527 Y86.773 E.0024
G1 X121.859 Y86.534 E.0024
G1 X122.136 Y86.235 E.0024
G1 X122.349 Y85.886 E.0024
G1 X122.488 Y85.503 E.0024
G1 X122.548 Y85.105 E.00237
G1 X122.524 Y84.697 E.0024
G1 X122.425 Y84.304 E.00238
G1 X122.25 Y83.939 E.00238
G1 X122.016 Y83.624 E.00231
G1 X121.71 Y83.35 E.00241
G1 X121.366 Y83.145 E.00235
G1 X120.989 Y83.012 E.00235
G1 X120.65 Y82.958 E.00202
G1 X120.248 Y82.968 E.00236
G1 X119.938 Y83.033 E.00186
G1 X119.564 Y83.181 E.00237
G1 X119.256 Y83.381 E.00216
G1 E-.68 F3600
;WIPE_START
G1 F7200
G1 X118.931 Y83.687 E-.05361
G1 X118.701 Y84.024 E-.04891
G1 X118.645 Y84.158 E-.01749
;WIPE_END
G1 X111.026 Y83.7 Z5.6 F21000
G1 X105.2 Y83.349 Z5.6
G1 Z5.2
G1 E.8 F2700
SET_VELOCITY_LIMIT ACCEL=3000 ACCEL_TO_DECEL=1500 SQUARE_CORNER_VELOCITY=7
;TYPE:Outer wall
;WIDTH:0.4
G1 F2358
G1 X105.322 Y83.397 E.0037
G1 X105.623 Y83.592 E.01012
G1 X105.88 Y83.842 E.01012
G1 X106.082 Y84.139 E.01012
G1 X106.221 Y84.469 E.01012
G1 X106.292 Y84.818 E.01005
G1 X106.298 Y85.092 E.00773
G1 X106.245 Y85.444 E.01004
G1 X106.123 Y85.781 E.01012
G1 X105.936 Y86.087 E.01012
G1 X105.692 Y86.35 E.01012
G1 X105.401 Y86.56 E.01012
G1 X105.074 Y86.707 E.01012
G1 X104.724 Y86.787 E.01012
G1 X104.365 Y86.796 E.01012
G1 X104.012 Y86.734 E.01012
G1 X103.678 Y86.603 E.01012
G1 X103.377 Y86.408 E.01012
G1 X103.12 Y86.158 E.01012
G1 X102.918 Y85.861 E.01012
G1 X102.779 Y85.531 E.01012
G1 X102.708 Y85.179 E.01012
G1 X102.708 Y84.821 E.01012
G1 X102.779 Y84.469 E.01012
G1 X102.918 Y84.139 E.01012
G1 X103.119 Y83.844 E.01005
G1 X103.31 Y83.648 E.00773
G1 X103.599 Y83.44 E.01004
G1 X103.926 Y83.293 E.01012
G1 X104.276 Y83.213 E.01012
G1 X104.635 Y83.204 E.01012
G1 X104.988 Y83.266 E.01012
G1 X105.162 Y83.335 E.00529
G1 X105.319 Y82.863 F21000
G1 F2358
G1 X105.473 Y82.917 E.0046
G1 X105.86 Y83.146 E.01268
G1 X106.198 Y83.449 E.01282
G1 X106.466 Y83.808 E.01262
G1 X106.663 Y84.218 E.01284
G1 X106.774 Y84.659 E.01284
G1 X106.797 Y85.114 E.01284
G1 X106.73 Y85.564 E.01284
G1 X106.575 Y85.992 E.01284
G1 X106.342 Y86.377 E.0127
G1 X106.034 Y86.712 E.01282
G1 X105.672 Y86.978 E.01268
G1 X105.265 Y87.168 E.01268
G1 X104.828 Y87.276 E.01269
G1 X104.396 Y87.297 E.01218
G1 X103.951 Y87.232 E.01269
G1 X103.527 Y87.083 E.01268
G1 X103.14 Y86.854 E.01268
G1 X102.802 Y86.551 E.01282
G1 X102.534 Y86.192 E.01262
G1 X102.337 Y85.782 E.01284
G1 X102.226 Y85.341 E.01284
G1 X102.203 Y84.886 E.01284
G1 X102.27 Y84.436 E.01284
G1 X102.425 Y84.008 E.01284
G1 X102.658 Y83.623 E.0127
G1 X102.966 Y83.288 E.01282
G1 X103.328 Y83.022 E.01268
G1 X103.735 Y82.832 E.01268
G1 X104.172 Y82.724 E.01269
G1 X104.604 Y82.703 E.01218
G1 X105.049 Y82.768 E.01269
G1 X105.282 Y82.85 E.00696
SET_VELOCITY_LIMIT ACCEL=5000 ACCEL_TO_DECEL=2500 SQUARE_CORNER_VELOCITY=9
G1 X105.198 Y83.086 F21000
;TYPE:Gap infill
;WIDTH:0.117275
G1 F2358
G1 X104.989 Y83.012 E.0013
G1 X104.65 Y82.958 E.00202
G1 X104.242 Y82.968 E.0024
G1 X103.844 Y83.059 E.0024
G1 X103.473 Y83.227 E.0024
G1 X103.146 Y83.462 E.00236
G1 X102.927 Y83.691 E.00186
G1 X102.701 Y84.024 E.00236
G1 X102.543 Y84.4 E.00239
G1 X102.464 Y84.793 E.00236
G1 X102.464 Y85.207 E.00243
G1 X102.545 Y85.606 E.00239
G1 X102.704 Y85.982 E.00239
G1 X102.934 Y86.319 E.00239
G1 X103.226 Y86.602 E.00239
G1 X103.569 Y86.823 E.00239
G1 X103.949 Y86.972 E.00239
G1 X104.35 Y87.042 E.00239
G1 X104.758 Y87.032 E.0024
G1 X105.156 Y86.941 E.0024
G1 X105.527 Y86.773 E.0024
G1 X105.859 Y86.534 E.0024
G1 X106.136 Y86.235 E.0024
G1 X106.349 Y85.886 E.0024
G1 X106.488 Y85.503 E.0024
G1 X106.548 Y85.105 E.00237
G1 X106.524 Y84.697 E.0024
G1 X106.425 Y84.304 E.00238
G1 X106.25 Y83.939 E.00238
G1 X106.016 Y83.624 E.00231
G1 X105.71 Y83.35 E.00241
G1 X105.366 Y83.145 E.00235
G1 X105.236 Y83.099 E.00081
; stop printing object vyper_electronics_cassette.stl id:0 copy 0
;LAYER_CHANGE
;Z:5.4
;HEIGHT:0.2
;BEFORE_LAYER_CHANGE
G92 E0
;5.4


G1 E-.68 F3600
;WIPE_START
G1 F7200
G1 X104.989 Y83.012 E-.03142
G1 X104.65 Y82.958 E-.04121
G1 X104.255 Y82.968 E-.04737
;WIPE_END
EXCLUDE_OBJECT_END NAME=vyper_electronics_cassette.stl_id_0_copy_0
;AFTER_LAYER_CHANGE
;5.4
;_SET_FAN_SPEED_CHANGING_LAYER
; printing object vyper_electronics_cassette.stl id:0 copy 0
EXCLUDE_OBJECT_START NAME=vyper_electronics_cassette.stl_id_0_copy_0
G1 X104.202 Y90.6 Z5.8 F21000
G1 X103.843 Y142.667 Z5.8
G1 Z5.4
G1 E.8 F2700
SET_VELOCITY_LIMIT ACCEL=3000 ACCEL_TO_DECEL=1500 SQUARE_CORNER_VELOCITY=7
;TYPE:Outer wall
;WIDTH:0.4
G1 F2589
G1 X103.678 Y142.603 E.00499
G1 X103.377 Y142.408 E.01012
G1 X103.12 Y142.158 E.01012
G1 X102.918 Y141.861 E.01012
G1 X102.779 Y141.531 E.01012
G1 X102.708 Y141.182 E.01004
G1 X102.702 Y140.908 E.00773
G1 X102.755 Y140.556 E.01004
G1 X102.877 Y140.219 E.01012
G1 X103.064 Y139.913 E.01012
G1 X103.308 Y139.65 E.01012
G1 X103.599 Y139.44 E.01012
G1 X103.926 Y139.293 E.01012
G1 X104.276 Y139.213 E.01012
G1 X104.635 Y139.204 E.01012
G1 X104.988 Y139.266 E.01012
G1 X105.322 Y139.397 E.01012
G1 X105.623 Y139.592 E.01012
G1 X105.88 Y139.842 E.01012
G1 X106.082 Y140.139 E.01012
G1 X106.221 Y140.469 E.01012
G1 X106.292 Y140.821 E.01012
G1 X106.292 Y141.179 E.01012
G1 X106.221 Y141.531 E.01012
G1 X106.082 Y141.861 E.01012
G1 X105.88 Y142.158 E.01012
G1 X105.623 Y142.408 E.01012
G1 X105.324 Y142.601 E.01005
G1 X105.071 Y142.708 E.00773
G1 X104.724 Y142.787 E.01005
G1 X104.365 Y142.796 E.01012
G1 X104.012 Y142.734 E.01012
G1 X103.88 Y142.682 E.00399
SET_VELOCITY_LIMIT ACCEL=5000 ACCEL_TO_DECEL=2500 SQUARE_CORNER_VELOCITY=9
G1 E-.68 F3600
;WIPE_START
G1 X103.678 Y142.603 E-.02604
G1 X103.377 Y142.408 E-.04304
G1 X103.12 Y142.158 E-.04304
G1 X103.083 Y142.103 E-.00788
;WIPE_END
G1 X106.377 Y142.322 Z5.8 F21000
G1 Z5.4
G1 E.8 F2700
SET_VELOCITY_LIMIT ACCEL=3000 ACCEL_TO_DECEL=1500 SQUARE_CORNER_VELOCITY=7
G1 F2589
G1 X106.116 Y142.636 E.01152
G1 X105.766 Y142.92 E.0127
G1 X105.368 Y143.13 E.0127
G1 X104.936 Y143.258 E.0127
G1 X104.717 Y143.289 E.00624
G1 X104.283 Y143.289 E.01223
G1 X104.064 Y143.258 E.00624
G1 X103.633 Y143.13 E.0127
G1 X103.234 Y142.92 E.0127
G1 X102.884 Y142.636 E.0127
G1 X102.595 Y142.289 E.01274
G1 X102.379 Y141.888 E.01284
G1 X102.245 Y141.453 E.01284
G1 X102.2 Y141 E.01284
G1 X102.245 Y140.547 E.01284
G1 X102.379 Y140.112 E.01284
G1 X102.595 Y139.711 E.01284
G1 X102.884 Y139.364 E.01274
G1 X103.234 Y139.08 E.0127
G1 X103.633 Y138.87 E.0127
G1 X104.064 Y138.742 E.0127
G1 X104.283 Y138.711 E.00624
G1 X104.717 Y138.711 E.01223
G1 X104.936 Y138.742 E.00624
G1 X105.368 Y138.87 E.0127
G1 X105.766 Y139.08 E.0127
G1 X106.116 Y139.364 E.0127
G1 X106.405 Y139.711 E.01274
G1 X106.621 Y140.112 E.01284
G1 X106.755 Y140.547 E.01284
G1 X106.8 Y141 E.01284
G1 X106.755 Y141.453 E.01284
G1 X106.621 Y141.888 E.01284
G1 X106.405 Y142.289 E.01284
G1 X106.402 Y142.292 E.00009
SET_VELOCITY_LIMIT ACCEL=5000 ACCEL_TO_DECEL=2500 SQUARE_CORNER_VELOCITY=9
G1 X106.184 Y142.143 F21000
;TYPE:Gap infill
;WIDTH:0.11616
G1 F2589
G1 X106.298 Y141.976 E.00117
G1 X106.456 Y141.6 E.00236
G1 X106.536 Y141.201 E.00236
G1 X106.535 Y140.793 E.00236
G1 X106.454 Y140.394 E.00236
G1 X106.295 Y140.019 E.00236
G1 X106.065 Y139.683 E.00236
G1 X105.773 Y139.399 E.00236
G1 X105.43 Y139.178 E.00236
G1 X105.051 Y139.03 E.00236
G1 X104.656 Y138.957 E.00232
G1 X104.249 Y138.966 E.00236
G1 X103.845 Y139.061 E.0024
G1 X103.474 Y139.229 E.00236
G1 X103.143 Y139.468 E.00236
G1 X102.867 Y139.767 E.00236
G1 X102.655 Y140.115 E.00236
G1 X102.516 Y140.498 E.00236
G1 X102.457 Y140.89 E.00229
G1 X102.466 Y141.212 E.00187
G1 X102.546 Y141.606 E.00233
G1 X102.705 Y141.981 E.00236
G1 X102.935 Y142.317 E.00236
G1 X103.227 Y142.601 E.00236
G1 X103.569 Y142.822 E.00236
G1 X103.949 Y142.97 E.00236
G1 X104.344 Y143.043 E.00232
G1 X104.751 Y143.034 E.00236
G1 X105.149 Y142.94 E.00236
G1 X105.441 Y142.816 E.00183
G1 X105.778 Y142.597 E.00233
G1 X106.065 Y142.317 E.00232
G1 X106.162 Y142.176 E.00099
G1 E-.68 F3600
;WIPE_START
G1 F7200
G1 X106.298 Y141.976 E-.02908
G1 X106.456 Y141.6 E-.04888
G1 X106.525 Y141.256 E-.04204
;WIPE_END
G1 X103.783 Y148.38 Z5.8 F21000
G1 X103.532 Y149.032 Z5.8
G1 Z5.4
G1 E.8 F2700
SET_VELOCITY_LIMIT ACCEL=3000 ACCEL_TO_DECEL=1500 SQUARE_CORNER_VELOCITY=7
;TYPE:Inner wall
;WIDTH:0.45
G1 F2589
G1 X105.895 Y149.032 E.07598
G1 X105.895 Y149.968 E.03009
G1 X103.532 Y149.968 E.07598
G1 X103.532 Y149.072 E.02881
SET_VELOCITY_LIMIT ACCEL=5000 ACCEL_TO_DECEL=2500 SQUARE_CORNER_VELOCITY=9
G1 X103.125 Y148.625 F21000
SET_VELOCITY_LIMIT ACCEL=3000 ACCEL_TO_DECEL=1500 SQUARE_CORNER_VELOCITY=7
G1 F2589
G1 X106.302 Y148.625 E.10216
G1 X106.302 Y150.375 E.05627
G1 X103.125 Y150.375 E.10216
G1 X103.125 Y148.665 E.05499
G1 X102.7 Y148.2 F21000
;TYPE:Outer wall
;WIDTH:0.4
G1 F2589
G1 X103.3 Y148.2 E.01692
G1 X105.737 Y148.2 E.06874
M106 S229
G1 X106.537 Y148.2 E.02257
G1 F1320
G1 X106.727 Y148.2 E.00536
G1 X106.727 Y149.191 E.02795
G1 X106.727 Y149.809 E.01743
G1 X106.727 Y150.8 E.02795
G1 X106.537 Y150.8 E.00536
M106 S125
G1 F2589
G1 X105.737 Y150.8 E.02257
G1 X103.3 Y150.8 E.06874
G1 X102.7 Y150.8 E.01692
G1 X102.7 Y148.24 E.07221
SET_VELOCITY_LIMIT ACCEL=5000 ACCEL_TO_DECEL=2500 SQUARE_CORNER_VELOCITY=9
G1 E-.68 F3600
;WIPE_START
G1 X103.7 Y148.23 E-.12
;WIPE_END
G1 X103.736 Y149.5 Z5.8 F21000
G1 Z5.4
G1 E.8 F2700
;TYPE:Gap infill
;WIDTH:0.571682
G1 F2589
G1 X105.691 Y149.5 E.08169
G1 E-.68 F3600
;WIPE_START
G1 F5972.243
G1 X104.691 Y149.5 E-.12
;WIPE_END
G1 X109.105 Y149.032 Z5.8 F21000
G1 Z5.4
G1 E.8 F2700
SET_VELOCITY_LIMIT ACCEL=3000 ACCEL_TO_DECEL=1500 SQUARE_CORNER_VELOCITY=7
;TYPE:Inner wall
;WIDTH:0.45
G1 F2589
G1 X115.895 Y149.032 E.21834
G1 X115.895 Y149.968 E.03009
G1 X109.105 Y149.968 E.21834
G1 X109.105 Y149.072 E.02881
SET_VELOCITY_LIMIT ACCEL=5000 ACCEL_TO_DECEL=2500 SQUARE_CORNER_VELOCITY=9
G1 X108.698 Y148.625 F21000
SET_VELOCITY_LIMIT ACCEL=3000 ACCEL_TO_DECEL=1500 SQUARE_CORNER_VELOCITY=7
G1 F2589
G1 X116.302 Y148.625 E.24452
G1 X116.302 Y150.375 E.05627
G1 X108.698 Y150.375 E.24452
G1 X108.698 Y148.665 E.05499
G1 X108.273 Y148.2 F21000
;TYPE:Outer wall
;WIDTH:0.4
G1 F1320
G1 X109.263 Y148.2 E.02792
G1 F2589
G1 X115.737 Y148.2 E.18261
M106 S229
G1 F1320
G1 X116.727 Y148.2 E.02792
G1 X116.727 Y149.191 E.02795
G1 X116.727 Y149.809 E.01743
G1 X116.727 Y150.8 E.02795
M106 S125
G1 X115.737 Y150.8 E.02792
G1 F2589
G1 X109.263 Y150.8 E.18261
M106 S229
G1 F1320
G1 X108.273 Y150.8 E.02792
G1 X108.273 Y149.809 E.02795
G1 X108.273 Y149.231 E.0163
G1 X108.273 Y148.24 E.02795
SET_VELOCITY_LIMIT ACCEL=5000 ACCEL_TO_DECEL=2500 SQUARE_CORNER_VELOCITY=9
G1 E-.68 F3600
;WIPE_START
G1 F1320
G1 X109.273 Y148.235 E-.12
;WIPE_END
G1 X109.309 Y149.5 Z5.8 F21000
G1 Z5.4
G1 E.8 F2700
;TYPE:Gap infill
;WIDTH:0.571682
G1 F2589
M106 S125
G1 X115.691 Y149.5 E.2666
G1 E-.68 F3600
;WIPE_START
G1 F5972.243
G1 X114.691 Y149.5 E-.12
;WIPE_END
G1 X121.468 Y149.032 Z5.8 F21000
G1 Z5.4
G1 E.8 F2700
SET_VELOCITY_LIMIT ACCEL=3000 ACCEL_TO_DECEL=1500 SQUARE_CORNER_VELOCITY=7
;TYPE:Inner wall
;WIDTH:0.45
G1 F2589
G1 X121.468 Y149.968 E.03009
G1 X119.105 Y149.968 E.07598
G1 X119.105 Y149.032 E.03009
G1 X121.428 Y149.032 E.0747
SET_VELOCITY_LIMIT ACCEL=5000 ACCEL_TO_DECEL=2500 SQUARE_CORNER_VELOCITY=9
G1 X121.875 Y148.625 F21000
SET_VELOCITY_LIMIT ACCEL=3000 ACCEL_TO_DECEL=1500 SQUARE_CORNER_VELOCITY=7
G1 F2589
G1 X121.875 Y150.375 E.05627
G1 X118.698 Y150.375 E.10216
G1 X118.698 Y148.625 E.05627
G1 X121.835 Y148.625 E.10088
G1 X122.3 Y148.2 F21000
;TYPE:Outer wall
;WIDTH:0.4
G1 F2589
G1 X122.3 Y150.8 E.07334
G1 X121.7 Y150.8 E.01692
G1 X119.263 Y150.8 E.06874
M106 S229
G1 X118.463 Y150.8 E.02257
M73 P87 R1
G1 F1320
G1 X118.273 Y150.8 E.00536
G1 X118.273 Y149.809 E.02795
G1 X118.273 Y149.191 E.01743
G1 X118.273 Y148.2 E.02795
G1 X118.463 Y148.2 E.00536
M106 S125
G1 F2589
G1 X119.263 Y148.2 E.02257
G1 X121.66 Y148.2 E.06761
G1 X122.26 Y148.2 E.01692
SET_VELOCITY_LIMIT ACCEL=5000 ACCEL_TO_DECEL=2500 SQUARE_CORNER_VELOCITY=9
G1 E-.68 F3600
;WIPE_START
G1 X122.275 Y149.2 E-.12
;WIPE_END
G1 X121.264 Y149.5 Z5.8 F21000
G1 Z5.4
G1 E.8 F2700
;TYPE:Gap infill
;WIDTH:0.571682
G1 F2589
G1 X119.309 Y149.5 E.08169
G1 E-.68 F3600
;WIPE_START
G1 F5972.243
G1 X120.309 Y149.5 E-.12
;WIPE_END
G1 X121.186 Y142.656 Z5.8 F21000
G1 Z5.4
G1 E.8 F2700
SET_VELOCITY_LIMIT ACCEL=3000 ACCEL_TO_DECEL=1500 SQUARE_CORNER_VELOCITY=7
;TYPE:Outer wall
;WIDTH:0.4
G1 F2589
G1 X120.99 Y142.733 E.00595
G1 X120.721 Y142.787 E.00773
G1 X120.365 Y142.796 E.01005
G1 X120.012 Y142.734 E.01012
G1 X119.678 Y142.603 E.01012
G1 X119.377 Y142.408 E.01012
G1 X119.12 Y142.158 E.01012
G1 X118.918 Y141.861 E.01012
G1 X118.779 Y141.531 E.01012
G1 X118.708 Y141.182 E.01005
G1 X118.702 Y140.908 E.00773
G1 X118.755 Y140.556 E.01004
G1 X118.877 Y140.219 E.01012
G1 X119.064 Y139.913 E.01012
G1 X119.308 Y139.65 E.01012
G1 X119.599 Y139.44 E.01012
G1 X119.926 Y139.293 E.01012
G1 X120.276 Y139.213 E.01012
G1 X120.635 Y139.204 E.01012
G1 X120.988 Y139.266 E.01012
G1 X121.322 Y139.397 E.01012
G1 X121.623 Y139.592 E.01012
G1 X121.88 Y139.842 E.01012
G1 X122.082 Y140.139 E.01012
G1 X122.221 Y140.469 E.01012
G1 X122.292 Y140.821 E.01012
G1 X122.292 Y141.179 E.01012
G1 X122.221 Y141.531 E.01012
G1 X122.082 Y141.861 E.01012
G1 X121.88 Y142.158 E.01012
G1 X121.623 Y142.408 E.01012
G1 X121.322 Y142.603 E.01012
G1 X121.224 Y142.641 E.00297
G1 X121.876 Y142.831 F21000
G1 F2589
G1 X121.766 Y142.92 E.00399
G1 X121.367 Y143.13 E.0127
G1 X120.936 Y143.258 E.0127
G1 X120.717 Y143.289 E.00624
G1 X120.283 Y143.289 E.01223
G1 X120.064 Y143.258 E.00624
G1 X119.632 Y143.13 E.0127
G1 X119.234 Y142.92 E.0127
G1 X118.884 Y142.636 E.0127
G1 X118.595 Y142.289 E.01274
G1 X118.379 Y141.888 E.01284
G1 X118.245 Y141.453 E.01284
G1 X118.2 Y141 E.01284
G1 X118.245 Y140.547 E.01284
G1 X118.379 Y140.112 E.01284
G1 X118.595 Y139.711 E.01284
G1 X118.884 Y139.364 E.01274
G1 X119.234 Y139.08 E.0127
G1 X119.632 Y138.87 E.0127
G1 X120.064 Y138.742 E.0127
G1 X120.283 Y138.711 E.00624
G1 X120.717 Y138.711 E.01223
G1 X120.936 Y138.742 E.00624
G1 X121.367 Y138.87 E.0127
G1 X121.766 Y139.08 E.0127
G1 X122.116 Y139.364 E.0127
G1 X122.405 Y139.711 E.01274
G1 X122.621 Y140.112 E.01284
G1 X122.755 Y140.547 E.01284
G1 X122.8 Y141 E.01284
G1 X122.755 Y141.453 E.01284
G1 X122.621 Y141.888 E.01284
G1 X122.405 Y142.289 E.01284
G1 X122.116 Y142.636 E.01274
G1 X121.907 Y142.806 E.00758
SET_VELOCITY_LIMIT ACCEL=5000 ACCEL_TO_DECEL=2500 SQUARE_CORNER_VELOCITY=9
G1 X121.774 Y142.6 F21000
;TYPE:Gap infill
;WIDTH:0.116025
G1 F2589
G1 X121.778 Y142.597 E.00003
G1 X122.065 Y142.317 E.00232
G1 X122.298 Y141.976 E.00239
G1 X122.456 Y141.6 E.00235
G1 X122.536 Y141.201 E.00235
G1 X122.535 Y140.793 E.00235
G1 X122.454 Y140.394 E.00235
G1 X122.295 Y140.019 E.00235
G1 X122.065 Y139.683 E.00235
G1 X121.773 Y139.399 E.00235
G1 X121.431 Y139.178 E.00235
G1 X121.051 Y139.03 E.00235
G1 X120.656 Y138.957 E.00232
G1 X120.249 Y138.966 E.00236
G1 X119.845 Y139.061 E.00239
G1 X119.474 Y139.229 E.00235
G1 X119.143 Y139.468 E.00235
G1 X118.867 Y139.767 E.00235
G1 X118.655 Y140.115 E.00235
G1 X118.516 Y140.498 E.00235
G1 X118.457 Y140.89 E.00229
G1 X118.466 Y141.212 E.00186
G1 X118.546 Y141.606 E.00232
G1 X118.705 Y141.981 E.00235
G1 X118.935 Y142.317 E.00235
G1 X119.227 Y142.601 E.00235
G1 X119.569 Y142.822 E.00235
G1 X119.949 Y142.97 E.00235
G1 X120.344 Y143.043 E.00232
G1 X120.746 Y143.035 E.00233
G1 X121.062 Y142.967 E.00187
G1 X121.431 Y142.822 E.00229
G1 X121.741 Y142.622 E.00213
G1 E-.68 F3600
;WIPE_START
G1 F7200
G1 X121.778 Y142.597 E-.00534
G1 X122.065 Y142.317 E-.04814
G1 X122.298 Y141.976 E-.04962
G1 X122.352 Y141.846 E-.01689
;WIPE_END
G1 X121.866 Y134.229 Z5.8 F21000
G1 X118.71 Y84.854 Z5.8
G1 Z5.4
G1 E.8 F2700
SET_VELOCITY_LIMIT ACCEL=3000 ACCEL_TO_DECEL=1500 SQUARE_CORNER_VELOCITY=7
;TYPE:Outer wall
;WIDTH:0.4
G1 F2589
G1 X118.755 Y84.556 E.0085
G1 X118.877 Y84.219 E.01012
G1 X119.064 Y83.913 E.01012
G1 X119.308 Y83.65 E.01012
G1 X119.599 Y83.44 E.01012
G1 X119.926 Y83.293 E.01012
G1 X120.276 Y83.213 E.01012
G1 X120.635 Y83.204 E.01012
G1 X120.988 Y83.266 E.01012
G1 X121.322 Y83.397 E.01012
G1 X121.623 Y83.592 E.01012
G1 X121.88 Y83.842 E.01012
G1 X122.082 Y84.139 E.01012
G1 X122.221 Y84.469 E.01012
G1 X122.292 Y84.821 E.01012
G1 X122.292 Y85.179 E.01012
G1 X122.221 Y85.531 E.01012
G1 X122.082 Y85.861 E.01012
G1 X121.88 Y86.158 E.01012
G1 X121.623 Y86.408 E.01012
G1 X121.322 Y86.603 E.01012
G1 X120.99 Y86.733 E.01005
G1 X120.721 Y86.787 E.00773
G1 X120.365 Y86.796 E.01005
G1 X120.012 Y86.734 E.01012
G1 X119.678 Y86.603 E.01012
G1 X119.377 Y86.408 E.01012
G1 X119.12 Y86.158 E.01012
G1 X118.918 Y85.861 E.01012
G1 X118.779 Y85.531 E.01012
G1 X118.708 Y85.182 E.01005
G1 X118.702 Y84.908 E.00773
G1 X118.704 Y84.893 E.00041
SET_VELOCITY_LIMIT ACCEL=5000 ACCEL_TO_DECEL=2500 SQUARE_CORNER_VELOCITY=9
G1 E-.68 F3600
;WIPE_START
G1 X118.755 Y84.556 E-.04097
G1 X118.877 Y84.219 E-.04304
G1 X119.034 Y83.963 E-.03599
;WIPE_END
G1 X119.124 Y83.169 Z5.8 F21000
G1 Z5.4
G1 E.8 F2700
SET_VELOCITY_LIMIT ACCEL=3000 ACCEL_TO_DECEL=1500 SQUARE_CORNER_VELOCITY=7
G1 F2589
G1 X119.234 Y83.08 E.00399
G1 X119.632 Y82.87 E.0127
G1 X120.064 Y82.742 E.0127
G1 X120.283 Y82.711 E.00624
G1 X120.717 Y82.711 E.01223
G1 X120.936 Y82.742 E.00624
G1 X121.367 Y82.87 E.0127
G1 X121.766 Y83.08 E.0127
G1 X122.116 Y83.364 E.0127
G1 X122.405 Y83.711 E.01274
G1 X122.621 Y84.112 E.01284
G1 X122.755 Y84.547 E.01284
G1 X122.8 Y85 E.01284
G1 X122.755 Y85.453 E.01284
G1 X122.621 Y85.888 E.01284
G1 X122.405 Y86.289 E.01284
G1 X122.116 Y86.636 E.01274
G1 X121.766 Y86.92 E.0127
G1 X121.367 Y87.13 E.0127
G1 X120.936 Y87.258 E.0127
G1 X120.717 Y87.289 E.00624
G1 X120.283 Y87.289 E.01223
G1 X120.064 Y87.258 E.00624
G1 X119.632 Y87.13 E.0127
G1 X119.234 Y86.92 E.0127
G1 X118.884 Y86.636 E.0127
G1 X118.595 Y86.289 E.01274
G1 X118.379 Y85.888 E.01284
G1 X118.245 Y85.453 E.01284
G1 X118.2 Y85 E.01284
G1 X118.245 Y84.547 E.01284
G1 X118.379 Y84.112 E.01284
G1 X118.595 Y83.711 E.01284
G1 X118.884 Y83.364 E.01274
G1 X119.093 Y83.194 E.00758
SET_VELOCITY_LIMIT ACCEL=5000 ACCEL_TO_DECEL=2500 SQUARE_CORNER_VELOCITY=9
G1 X119.24 Y83.398 F21000
;TYPE:Gap infill
;WIDTH:0.116025
G1 F2589
G1 X119.143 Y83.468 E.00069
G1 X118.867 Y83.767 E.00235
G1 X118.655 Y84.115 E.00235
G1 X118.516 Y84.498 E.00235
G1 X118.457 Y84.89 E.00229
G1 X118.466 Y85.212 E.00186
G1 X118.546 Y85.606 E.00232
G1 X118.705 Y85.981 E.00235
G1 X118.935 Y86.317 E.00235
G1 X119.227 Y86.601 E.00235
G1 X119.569 Y86.822 E.00235
G1 X119.949 Y86.97 E.00235
G1 X120.344 Y87.043 E.00232
G1 X120.746 Y87.035 E.00233
G1 X121.062 Y86.967 E.00187
G1 X121.431 Y86.822 E.00229
G1 X121.778 Y86.597 E.00239
G1 X122.065 Y86.317 E.00232
G1 X122.298 Y85.976 E.00239
G1 X122.456 Y85.6 E.00235
G1 X122.536 Y85.201 E.00235
G1 X122.535 Y84.793 E.00235
G1 X122.454 Y84.394 E.00235
G1 X122.295 Y84.019 E.00235
G1 X122.065 Y83.683 E.00235
G1 X121.773 Y83.399 E.00235
G1 X121.431 Y83.178 E.00235
G1 X121.051 Y83.03 E.00235
G1 X120.656 Y82.957 E.00232
G1 X120.249 Y82.966 E.00236
G1 X119.845 Y83.061 E.00239
G1 X119.474 Y83.229 E.00235
G1 X119.272 Y83.375 E.00144
G1 E-.68 F3600
;WIPE_START
G1 F7200
G1 X119.143 Y83.468 E-.01907
G1 X118.867 Y83.767 E-.04891
G1 X118.655 Y84.115 E-.04891
G1 X118.646 Y84.139 E-.00311
;WIPE_END
G1 X111.027 Y83.687 Z5.8 F21000
G1 X105.174 Y83.34 Z5.8
G1 Z5.4
G1 E.8 F2700
SET_VELOCITY_LIMIT ACCEL=3000 ACCEL_TO_DECEL=1500 SQUARE_CORNER_VELOCITY=7
;TYPE:Outer wall
;WIDTH:0.4
G1 F2589
G1 X105.322 Y83.397 E.00446
G1 X105.623 Y83.592 E.01012
G1 X105.88 Y83.842 E.01012
G1 X106.082 Y84.139 E.01012
G1 X106.221 Y84.469 E.01012
G1 X106.292 Y84.821 E.01012
G1 X106.292 Y85.179 E.01012
G1 X106.221 Y85.531 E.01012
G1 X106.082 Y85.861 E.01012
G1 X105.88 Y86.158 E.01012
G1 X105.623 Y86.408 E.01012
G1 X105.324 Y86.601 E.01005
G1 X105.071 Y86.708 E.00773
G1 X104.724 Y86.787 E.01005
G1 X104.365 Y86.796 E.01012
G1 X104.012 Y86.734 E.01012
G1 X103.678 Y86.603 E.01012
G1 X103.377 Y86.408 E.01012
G1 X103.12 Y86.158 E.01012
G1 X102.918 Y85.861 E.01012
G1 X102.779 Y85.531 E.01012
G1 X102.708 Y85.182 E.01004
G1 X102.702 Y84.908 E.00773
G1 X102.755 Y84.556 E.01004
G1 X102.877 Y84.219 E.01012
G1 X103.064 Y83.913 E.01012
G1 X103.308 Y83.65 E.01012
G1 X103.599 Y83.44 E.01012
G1 X103.926 Y83.293 E.01012
G1 X104.276 Y83.213 E.01012
G1 X104.635 Y83.204 E.01012
G1 X104.988 Y83.266 E.01012
G1 X105.137 Y83.325 E.00453
G1 X105.266 Y82.84 F21000
G1 F2589
G1 X105.368 Y82.87 E.00299
G1 X105.766 Y83.08 E.0127
G1 X106.116 Y83.364 E.0127
G1 X106.405 Y83.711 E.01274
G1 X106.621 Y84.112 E.01284
G1 X106.755 Y84.547 E.01284
G1 X106.8 Y85 E.01284
G1 X106.755 Y85.453 E.01284
G1 X106.621 Y85.888 E.01284
G1 X106.405 Y86.289 E.01284
G1 X106.116 Y86.636 E.01274
G1 X105.766 Y86.92 E.0127
G1 X105.368 Y87.13 E.0127
G1 X104.936 Y87.258 E.0127
G1 X104.717 Y87.289 E.00624
G1 X104.283 Y87.289 E.01223
G1 X104.064 Y87.258 E.00624
G1 X103.633 Y87.13 E.0127
G1 X103.234 Y86.92 E.0127
G1 X102.884 Y86.636 E.0127
G1 X102.595 Y86.289 E.01274
G1 X102.379 Y85.888 E.01284
G1 X102.245 Y85.453 E.01284
G1 X102.2 Y85 E.01284
G1 X102.245 Y84.547 E.01284
G1 X102.379 Y84.112 E.01284
G1 X102.595 Y83.711 E.01284
G1 X102.884 Y83.364 E.01274
G1 X103.234 Y83.08 E.0127
G1 X103.633 Y82.87 E.0127
G1 X104.064 Y82.742 E.0127
G1 X104.283 Y82.711 E.00624
G1 X104.717 Y82.711 E.01223
G1 X104.936 Y82.742 E.00624
G1 X105.227 Y82.829 E.00858
SET_VELOCITY_LIMIT ACCEL=5000 ACCEL_TO_DECEL=2500 SQUARE_CORNER_VELOCITY=9
G1 X105.136 Y83.063 F21000
;TYPE:Gap infill
;WIDTH:0.11616
G1 F2589
G1 X105.051 Y83.03 E.00053
G1 X104.656 Y82.957 E.00232
G1 X104.249 Y82.966 E.00236
G1 X103.845 Y83.061 E.0024
G1 X103.474 Y83.229 E.00236
G1 X103.143 Y83.468 E.00236
G1 X102.867 Y83.767 E.00236
G1 X102.655 Y84.115 E.00236
G1 X102.516 Y84.498 E.00236
G1 X102.457 Y84.89 E.00229
G1 X102.466 Y85.212 E.00187
G1 X102.546 Y85.606 E.00233
G1 X102.705 Y85.981 E.00236
G1 X102.935 Y86.317 E.00236
G1 X103.227 Y86.601 E.00236
G1 X103.569 Y86.822 E.00236
G1 X103.949 Y86.97 E.00236
G1 X104.344 Y87.043 E.00232
G1 X104.751 Y87.034 E.00236
G1 X105.149 Y86.94 E.00236
G1 X105.441 Y86.816 E.00183
G1 X105.778 Y86.597 E.00233
G1 X106.065 Y86.317 E.00232
G1 X106.298 Y85.976 E.00239
G1 X106.456 Y85.6 E.00236
G1 X106.536 Y85.201 E.00236
G1 X106.535 Y84.793 E.00236
G1 X106.454 Y84.394 E.00236
G1 X106.295 Y84.019 E.00236
G1 X106.065 Y83.683 E.00236
G1 X105.773 Y83.399 E.00236
G1 X105.43 Y83.178 E.00236
G1 X105.173 Y83.078 E.0016
; stop printing object vyper_electronics_cassette.stl id:0 copy 0
;LAYER_CHANGE
;Z:5.6
;HEIGHT:0.2
;BEFORE_LAYER_CHANGE
G92 E0
;5.6


G1 E-.68 F3600
;WIPE_START
G1 F7200
G1 X105.051 Y83.03 E-.01572
G1 X104.656 Y82.957 E-.04814
G1 X104.249 Y82.966 E-.04895
G1 X104.19 Y82.98 E-.00718
;WIPE_END
EXCLUDE_OBJECT_END NAME=vyper_electronics_cassette.stl_id_0_copy_0
;AFTER_LAYER_CHANGE
;5.6
;_SET_FAN_SPEED_CHANGING_LAYER
; printing object vyper_electronics_cassette.stl id:0 copy 0
EXCLUDE_OBJECT_START NAME=vyper_electronics_cassette.stl_id_0_copy_0
G1 X111.76 Y83.956 Z6 F21000
G1 X118.708 Y84.851 Z6
G1 Z5.6
G1 E.8 F2700
SET_VELOCITY_LIMIT ACCEL=3000 ACCEL_TO_DECEL=1500 SQUARE_CORNER_VELOCITY=7
;TYPE:Outer wall
;WIDTH:0.4
G1 F2716
G1 X118.708 Y84.821 E.00087
G1 X118.779 Y84.469 E.01012
G1 X118.918 Y84.139 E.01012
G1 X119.12 Y83.842 E.01012
G1 X119.377 Y83.592 E.01012
G1 X119.676 Y83.399 E.01005
G1 X119.929 Y83.292 E.00773
G1 X120.276 Y83.213 E.01005
G1 X120.635 Y83.204 E.01012
G1 X120.988 Y83.266 E.01012
G1 X121.322 Y83.397 E.01012
G1 X121.623 Y83.592 E.01012
G1 X121.88 Y83.842 E.01012
G1 X122.082 Y84.139 E.01012
G1 X122.221 Y84.469 E.01012
G1 X122.292 Y84.818 E.01005
G1 X122.298 Y85.092 E.00773
G1 X122.245 Y85.444 E.01004
G1 X122.123 Y85.781 E.01012
G1 X121.936 Y86.087 E.01012
G1 X121.692 Y86.35 E.01012
G1 X121.401 Y86.56 E.01012
G1 X121.074 Y86.707 E.01012
G1 X120.724 Y86.787 E.01012
G1 X120.365 Y86.796 E.01012
G1 X120.012 Y86.734 E.01012
G1 X119.678 Y86.603 E.01012
G1 X119.377 Y86.408 E.01012
G1 X119.12 Y86.158 E.01012
G1 X118.918 Y85.861 E.01012
G1 X118.779 Y85.531 E.01012
G1 X118.708 Y85.179 E.01012
G1 X118.708 Y84.891 E.00812
SET_VELOCITY_LIMIT ACCEL=5000 ACCEL_TO_DECEL=2500 SQUARE_CORNER_VELOCITY=9
G1 E-.68 F3600
;WIPE_START
G1 X118.708 Y84.821 E-.00848
G1 X118.779 Y84.469 E-.04304
G1 X118.918 Y84.139 E-.04304
G1 X119.038 Y83.963 E-.02544
;WIPE_END
G1 X119.14 Y83.156 Z6 F21000
G1 Z5.6
G1 E.8 F2700
SET_VELOCITY_LIMIT ACCEL=3000 ACCEL_TO_DECEL=1500 SQUARE_CORNER_VELOCITY=7
G1 F2716
G1 X119.236 Y83.079 E.00348
G1 X119.635 Y82.869 E.01273
G1 X120.068 Y82.741 E.01272
G1 X120.287 Y82.71 E.00625
G1 X120.713 Y82.71 E.01201
G1 X120.932 Y82.741 E.00625
G1 X121.365 Y82.869 E.01272
G1 X121.764 Y83.079 E.01272
G1 X122.115 Y83.363 E.01272
G1 X122.404 Y83.71 E.01276
G1 X122.621 Y84.111 E.01285
G1 X122.755 Y84.547 E.01285
G1 X122.8 Y85 E.01285
G1 X122.755 Y85.453 E.01285
G1 X122.621 Y85.889 E.01285
G1 X122.404 Y86.29 E.01285
G1 X122.115 Y86.637 E.01276
G1 X121.764 Y86.921 E.01272
G1 X121.365 Y87.131 E.01272
G1 X120.932 Y87.259 E.01272
G1 X120.713 Y87.29 E.00625
G1 X120.287 Y87.29 E.01201
G1 X120.068 Y87.259 E.00625
G1 X119.635 Y87.131 E.01272
G1 X119.236 Y86.921 E.01273
G1 X118.885 Y86.637 E.01272
G1 X118.596 Y86.29 E.01276
G1 X118.379 Y85.889 E.01285
G1 X118.245 Y85.453 E.01285
G1 X118.2 Y85 E.01285
G1 X118.245 Y84.547 E.01285
G1 X118.379 Y84.111 E.01285
G1 X118.596 Y83.71 E.01285
G1 X118.885 Y83.363 E.01276
G1 X119.109 Y83.182 E.00812
SET_VELOCITY_LIMIT ACCEL=5000 ACCEL_TO_DECEL=2500 SQUARE_CORNER_VELOCITY=9
G1 X119.243 Y83.389 F21000
;TYPE:Gap infill
;WIDTH:0.11616
G1 F2716
G1 X119.222 Y83.403 E.00015
G1 X118.935 Y83.683 E.00232
G1 X118.705 Y84.019 E.00236
G1 X118.546 Y84.394 E.00236
G1 X118.465 Y84.793 E.00236
G1 X118.464 Y85.201 E.00236
G1 X118.544 Y85.6 E.00236
G1 X118.702 Y85.976 E.00236
G1 X118.931 Y86.313 E.00236
G1 X119.227 Y86.601 E.00239
G1 X119.569 Y86.822 E.00236
G1 X119.949 Y86.97 E.00236
G1 X120.343 Y87.043 E.00232
G1 X120.751 Y87.034 E.00236
G1 X121.155 Y86.939 E.0024
G1 X121.526 Y86.771 E.00236
G1 X121.857 Y86.532 E.00236
G1 X122.133 Y86.233 E.00236
G1 X122.345 Y85.885 E.00236
G1 X122.484 Y85.502 E.00236
G1 X122.544 Y85.105 E.00232
G1 X122.534 Y84.788 E.00183
G1 X122.454 Y84.394 E.00233
G1 X122.295 Y84.019 E.00236
G1 X122.065 Y83.683 E.00236
G1 X121.773 Y83.399 E.00236
G1 X121.431 Y83.178 E.00236
G1 X121.051 Y83.03 E.00236
G1 X120.657 Y82.957 E.00232
G1 X120.249 Y82.966 E.00236
G1 X119.851 Y83.06 E.00236
G1 X119.559 Y83.184 E.00183
G1 X119.277 Y83.367 E.00195
G1 E-.68 F3600
;WIPE_START
G1 F7200
G1 X119.222 Y83.403 E-.00783
G1 X118.935 Y83.683 E-.04814
G1 X118.705 Y84.019 E-.04888
G1 X118.656 Y84.135 E-.01515
;WIPE_END
G1 X111.037 Y83.68 Z6 F21000
G1 X105.147 Y83.329 Z6
G1 Z5.6
G1 E.8 F2700
SET_VELOCITY_LIMIT ACCEL=3000 ACCEL_TO_DECEL=1500 SQUARE_CORNER_VELOCITY=7
;TYPE:Outer wall
;WIDTH:0.4
G1 F2716
G1 X105.322 Y83.397 E.00529
G1 X105.623 Y83.592 E.01012
G1 X105.88 Y83.842 E.01012
G1 X106.082 Y84.139 E.01012
G1 X106.221 Y84.469 E.01012
G1 X106.292 Y84.818 E.01005
G1 X106.298 Y85.092 E.00773
G1 X106.245 Y85.444 E.01004
G1 X106.123 Y85.781 E.01012
G1 X105.936 Y86.087 E.01012
G1 X105.692 Y86.35 E.01012
G1 X105.401 Y86.56 E.01012
G1 X105.074 Y86.707 E.01012
G1 X104.724 Y86.787 E.01012
G1 X104.365 Y86.796 E.01012
G1 X104.012 Y86.734 E.01012
G1 X103.678 Y86.603 E.01012
G1 X103.377 Y86.408 E.01012
G1 X103.12 Y86.158 E.01012
G1 X102.918 Y85.861 E.01012
G1 X102.779 Y85.531 E.01012
G1 X102.708 Y85.179 E.01012
G1 X102.708 Y84.821 E.01012
G1 X102.779 Y84.469 E.01012
G1 X102.918 Y84.139 E.01012
G1 X103.12 Y83.842 E.01012
G1 X103.377 Y83.592 E.01012
G1 X103.676 Y83.399 E.01005
G1 X103.929 Y83.292 E.00773
G1 X104.276 Y83.213 E.01005
G1 X104.635 Y83.204 E.01012
G1 X104.988 Y83.266 E.01012
G1 X105.11 Y83.314 E.0037
G1 X105.214 Y82.825 F21000
G1 F2716
G1 X105.365 Y82.869 E.00443
G1 X105.764 Y83.079 E.01273
G1 X106.115 Y83.363 E.01272
G1 X106.404 Y83.71 E.01276
G1 X106.621 Y84.111 E.01285
G1 X106.755 Y84.547 E.01285
G1 X106.8 Y85 E.01285
G1 X106.755 Y85.453 E.01285
G1 X106.621 Y85.889 E.01285
G1 X106.404 Y86.29 E.01285
G1 X106.115 Y86.637 E.01276
G1 X105.764 Y86.921 E.01272
G1 X105.365 Y87.131 E.01273
G1 X104.932 Y87.259 E.01272
G1 X104.713 Y87.29 E.00625
G1 X104.287 Y87.29 E.01201
G1 X104.068 Y87.259 E.00625
G1 X103.635 Y87.131 E.01272
G1 X103.236 Y86.921 E.01272
G1 X102.885 Y86.637 E.01272
G1 X102.596 Y86.29 E.01276
G1 X102.379 Y85.889 E.01285
G1 X102.245 Y85.453 E.01285
G1 X102.2 Y85 E.01285
G1 X102.245 Y84.547 E.01285
G1 X102.379 Y84.111 E.01285
G1 X102.596 Y83.71 E.01285
G1 X102.885 Y83.363 E.01276
G1 X103.236 Y83.079 E.01272
G1 X103.635 Y82.869 E.01272
G1 X104.068 Y82.741 E.01272
G1 X104.287 Y82.71 E.00625
G1 X104.713 Y82.71 E.01201
G1 X104.932 Y82.741 E.00625
G1 X105.176 Y82.813 E.00717
SET_VELOCITY_LIMIT ACCEL=5000 ACCEL_TO_DECEL=2500 SQUARE_CORNER_VELOCITY=9
G1 X105.086 Y83.044 F21000
;TYPE:Gap infill
;WIDTH:0.116159
G1 F2716
G1 X105.051 Y83.03 E.00022
G1 X104.657 Y82.957 E.00232
G1 X104.249 Y82.966 E.00236
G1 X103.851 Y83.06 E.00236
G1 X103.559 Y83.184 E.00183
G1 X103.222 Y83.403 E.00233
G1 X102.935 Y83.683 E.00232
G1 X102.705 Y84.019 E.00236
G1 X102.546 Y84.394 E.00236
G1 X102.465 Y84.793 E.00236
G1 X102.464 Y85.201 E.00236
G1 X102.544 Y85.6 E.00236
G1 X102.702 Y85.976 E.00236
G1 X102.931 Y86.313 E.00236
G1 X103.227 Y86.601 E.00239
G1 X103.569 Y86.822 E.00236
G1 X103.949 Y86.97 E.00236
G1 X104.343 Y87.043 E.00232
G1 X104.751 Y87.034 E.00236
G1 X105.155 Y86.939 E.0024
G1 X105.526 Y86.771 E.00236
G1 X105.857 Y86.532 E.00236
G1 X106.133 Y86.233 E.00236
G1 X106.345 Y85.885 E.00236
G1 X106.484 Y85.502 E.00236
G1 X106.544 Y85.105 E.00232
G1 X106.534 Y84.788 E.00183
G1 X106.454 Y84.394 E.00233
G1 X106.295 Y84.019 E.00236
G1 X106.065 Y83.683 E.00236
G1 X105.773 Y83.399 E.00236
G1 X105.43 Y83.178 E.00236
G1 X105.123 Y83.058 E.00191
G1 E-.68 F3600
;WIPE_START
G1 F7200
G1 X105.051 Y83.03 E-.0093
G1 X104.657 Y82.957 E-.04814
G1 X104.249 Y82.966 E-.04896
G1 X104.138 Y82.992 E-.0136
;WIPE_END
G1 X104.104 Y90.624 Z6 F21000
G1 X103.868 Y142.677 Z6
G1 Z5.6
G1 E.8 F2700
SET_VELOCITY_LIMIT ACCEL=3000 ACCEL_TO_DECEL=1500 SQUARE_CORNER_VELOCITY=7
;TYPE:Outer wall
;WIDTH:0.4
G1 F2716
G1 X103.678 Y142.603 E.00574
G1 X103.377 Y142.408 E.01012
G1 X103.12 Y142.158 E.01012
G1 X102.918 Y141.861 E.01012
G1 X102.779 Y141.531 E.01012
G1 X102.708 Y141.179 E.01012
G1 X102.708 Y140.821 E.01012
G1 X102.779 Y140.469 E.01012
G1 X102.918 Y140.139 E.01012
G1 X103.12 Y139.842 E.01012
G1 X103.377 Y139.592 E.01012
G1 X103.676 Y139.399 E.01005
G1 X103.929 Y139.292 E.00773
G1 X104.276 Y139.213 E.01005
G1 X104.635 Y139.204 E.01012
G1 X104.988 Y139.266 E.01012
G1 X105.322 Y139.397 E.01012
G1 X105.623 Y139.592 E.01012
G1 X105.88 Y139.842 E.01012
G1 X106.082 Y140.139 E.01012
G1 X106.221 Y140.469 E.01012
G1 X106.292 Y140.818 E.01005
G1 X106.298 Y141.092 E.00773
G1 X106.245 Y141.444 E.01004
G1 X106.123 Y141.781 E.01012
G1 X105.936 Y142.087 E.01012
G1 X105.692 Y142.35 E.01012
G1 X105.401 Y142.56 E.01012
G1 X105.074 Y142.707 E.01012
G1 X104.724 Y142.787 E.01012
G1 X104.365 Y142.796 E.01012
G1 X104.012 Y142.734 E.01012
G1 X103.905 Y142.692 E.00324
SET_VELOCITY_LIMIT ACCEL=5000 ACCEL_TO_DECEL=2500 SQUARE_CORNER_VELOCITY=9
G1 E-.68 F3600
;WIPE_START
G1 X103.678 Y142.603 E-.02924
G1 X103.377 Y142.408 E-.04304
G1 X103.12 Y142.158 E-.04304
G1 X103.098 Y142.125 E-.00469
;WIPE_END
G1 X106.38 Y142.318 Z6 F21000
G1 Z5.6
G1 E.8 F2700
M73 P88 R1
SET_VELOCITY_LIMIT ACCEL=3000 ACCEL_TO_DECEL=1500 SQUARE_CORNER_VELOCITY=7
G1 F2716
G1 X106.115 Y142.637 E.01171
G1 X105.764 Y142.921 E.01272
G1 X105.365 Y143.131 E.01273
G1 X104.932 Y143.259 E.01272
G1 X104.713 Y143.29 E.00625
G1 X104.287 Y143.29 E.01201
G1 X104.068 Y143.259 E.00625
G1 X103.635 Y143.131 E.01272
G1 X103.236 Y142.921 E.01272
G1 X102.885 Y142.637 E.01272
G1 X102.596 Y142.29 E.01276
G1 X102.379 Y141.889 E.01285
G1 X102.245 Y141.453 E.01285
G1 X102.2 Y141 E.01285
G1 X102.245 Y140.547 E.01285
G1 X102.379 Y140.111 E.01285
G1 X102.596 Y139.71 E.01285
G1 X102.885 Y139.363 E.01276
G1 X103.236 Y139.079 E.01272
G1 X103.635 Y138.869 E.01272
G1 X104.068 Y138.741 E.01272
G1 X104.287 Y138.71 E.00625
G1 X104.713 Y138.71 E.01201
G1 X104.932 Y138.741 E.00625
G1 X105.365 Y138.869 E.01272
G1 X105.764 Y139.079 E.01273
G1 X106.115 Y139.363 E.01272
G1 X106.404 Y139.71 E.01276
G1 X106.621 Y140.111 E.01285
G1 X106.755 Y140.547 E.01285
G1 X106.8 Y141 E.01285
G1 X106.755 Y141.453 E.01285
G1 X106.621 Y141.889 E.01285
G1 X106.406 Y142.287 E.01277
SET_VELOCITY_LIMIT ACCEL=5000 ACCEL_TO_DECEL=2500 SQUARE_CORNER_VELOCITY=9
G1 X106.183 Y142.152 F21000
;TYPE:Gap infill
;WIDTH:0.116159
G1 F2716
G1 X106.345 Y141.885 E.00181
G1 X106.484 Y141.502 E.00236
G1 X106.544 Y141.105 E.00232
G1 X106.534 Y140.788 E.00183
G1 X106.454 Y140.394 E.00233
G1 X106.295 Y140.019 E.00236
G1 X106.065 Y139.683 E.00236
G1 X105.773 Y139.399 E.00236
G1 X105.43 Y139.178 E.00236
G1 X105.051 Y139.03 E.00236
G1 X104.657 Y138.957 E.00232
G1 X104.249 Y138.966 E.00236
G1 X103.851 Y139.06 E.00236
G1 X103.559 Y139.184 E.00183
G1 X103.222 Y139.403 E.00233
G1 X102.935 Y139.683 E.00232
G1 X102.705 Y140.019 E.00236
G1 X102.546 Y140.394 E.00236
G1 X102.465 Y140.793 E.00236
G1 X102.464 Y141.201 E.00236
G1 X102.544 Y141.6 E.00236
G1 X102.702 Y141.976 E.00236
G1 X102.931 Y142.313 E.00236
G1 X103.227 Y142.601 E.00239
G1 X103.569 Y142.822 E.00236
G1 X103.949 Y142.97 E.00236
G1 X104.343 Y143.043 E.00232
G1 X104.751 Y143.034 E.00236
G1 X105.155 Y142.939 E.0024
G1 X105.526 Y142.771 E.00236
G1 X105.857 Y142.532 E.00236
G1 X106.133 Y142.233 E.00236
G1 X106.162 Y142.186 E.00032
G1 E-.68 F3600
;WIPE_START
G1 F7200
G1 X106.345 Y141.885 E-.04225
G1 X106.484 Y141.502 E-.04892
G1 X106.52 Y141.264 E-.02884
;WIPE_END
G1 X114.118 Y141.99 Z6 F21000
G1 X121.171 Y142.663 Z6
G1 Z5.6
G1 E.8 F2700
SET_VELOCITY_LIMIT ACCEL=3000 ACCEL_TO_DECEL=1500 SQUARE_CORNER_VELOCITY=7
;TYPE:Outer wall
;WIDTH:0.4
G1 F2716
G1 X121.074 Y142.707 E.00303
G1 X120.724 Y142.787 E.01012
G1 X120.365 Y142.796 E.01012
G1 X120.012 Y142.734 E.01012
G1 X119.678 Y142.603 E.01012
G1 X119.377 Y142.408 E.01012
G1 X119.12 Y142.158 E.01012
G1 X118.918 Y141.861 E.01012
G1 X118.779 Y141.531 E.01012
G1 X118.708 Y141.179 E.01012
G1 X118.708 Y140.821 E.01012
G1 X118.779 Y140.469 E.01012
G1 X118.918 Y140.139 E.01012
G1 X119.12 Y139.842 E.01012
G1 X119.377 Y139.592 E.01012
G1 X119.676 Y139.399 E.01005
G1 X119.929 Y139.292 E.00773
G1 X120.276 Y139.213 E.01005
G1 X120.635 Y139.204 E.01012
G1 X120.988 Y139.266 E.01012
G1 X121.322 Y139.397 E.01012
G1 X121.623 Y139.592 E.01012
G1 X121.88 Y139.842 E.01012
G1 X122.082 Y140.139 E.01012
G1 X122.221 Y140.469 E.01012
G1 X122.292 Y140.818 E.01005
G1 X122.298 Y141.092 E.00773
G1 X122.245 Y141.444 E.01004
G1 X122.123 Y141.781 E.01012
G1 X121.936 Y142.087 E.01012
G1 X121.692 Y142.35 E.01012
G1 X121.401 Y142.56 E.01012
G1 X121.208 Y142.647 E.00596
G1 X121.86 Y142.844 F21000
G1 F2716
G1 X121.764 Y142.921 E.00348
G1 X121.365 Y143.131 E.01272
G1 X120.932 Y143.259 E.01272
G1 X120.713 Y143.29 E.00625
G1 X120.287 Y143.29 E.01201
G1 X120.068 Y143.259 E.00625
G1 X119.635 Y143.131 E.01272
G1 X119.236 Y142.921 E.01273
G1 X118.885 Y142.637 E.01272
G1 X118.596 Y142.29 E.01276
G1 X118.379 Y141.889 E.01285
G1 X118.245 Y141.453 E.01285
G1 X118.2 Y141 E.01285
G1 X118.245 Y140.547 E.01285
G1 X118.379 Y140.111 E.01285
G1 X118.596 Y139.71 E.01285
G1 X118.885 Y139.363 E.01276
G1 X119.236 Y139.079 E.01272
G1 X119.635 Y138.869 E.01273
G1 X120.068 Y138.741 E.01272
G1 X120.287 Y138.71 E.00625
G1 X120.713 Y138.71 E.01201
G1 X120.932 Y138.741 E.00625
G1 X121.365 Y138.869 E.01272
G1 X121.764 Y139.079 E.01272
G1 X122.115 Y139.363 E.01272
G1 X122.404 Y139.71 E.01276
G1 X122.621 Y140.111 E.01285
G1 X122.755 Y140.547 E.01285
G1 X122.8 Y141 E.01285
G1 X122.755 Y141.453 E.01285
G1 X122.621 Y141.889 E.01285
G1 X122.404 Y142.29 E.01285
G1 X122.115 Y142.637 E.01276
G1 X121.891 Y142.818 E.00812
SET_VELOCITY_LIMIT ACCEL=5000 ACCEL_TO_DECEL=2500 SQUARE_CORNER_VELOCITY=9
G1 X121.744 Y142.614 F21000
;TYPE:Gap infill
;WIDTH:0.11616
G1 F2716
G1 X121.857 Y142.532 E.00081
G1 X122.133 Y142.233 E.00236
G1 X122.345 Y141.885 E.00236
G1 X122.484 Y141.502 E.00236
G1 X122.544 Y141.105 E.00232
G1 X122.534 Y140.788 E.00183
G1 X122.454 Y140.394 E.00233
G1 X122.295 Y140.019 E.00236
G1 X122.065 Y139.683 E.00236
G1 X121.773 Y139.399 E.00236
G1 X121.431 Y139.178 E.00236
G1 X121.051 Y139.03 E.00236
G1 X120.657 Y138.957 E.00232
G1 X120.249 Y138.966 E.00236
G1 X119.851 Y139.06 E.00236
G1 X119.559 Y139.184 E.00183
G1 X119.222 Y139.403 E.00233
G1 X118.935 Y139.683 E.00232
G1 X118.705 Y140.019 E.00236
G1 X118.546 Y140.394 E.00236
G1 X118.465 Y140.793 E.00236
G1 X118.464 Y141.201 E.00236
G1 X118.544 Y141.6 E.00236
G1 X118.702 Y141.976 E.00236
G1 X118.931 Y142.313 E.00236
G1 X119.227 Y142.601 E.00239
G1 X119.569 Y142.822 E.00236
G1 X119.949 Y142.97 E.00236
G1 X120.343 Y143.043 E.00232
G1 X120.751 Y143.034 E.00236
G1 X121.155 Y142.939 E.0024
G1 X121.526 Y142.771 E.00236
G1 X121.711 Y142.637 E.00132
G1 E-.68 F3600
;WIPE_START
G1 F7200
G1 X121.857 Y142.532 E-.0215
G1 X122.133 Y142.233 E-.04891
G1 X122.345 Y141.885 E-.04891
G1 X122.347 Y141.88 E-.00067
;WIPE_END
G1 X121.468 Y149.032 Z6 F21000
G1 Z5.6
G1 E.8 F2700
SET_VELOCITY_LIMIT ACCEL=3000 ACCEL_TO_DECEL=1500 SQUARE_CORNER_VELOCITY=7
;TYPE:Inner wall
;WIDTH:0.45
G1 F2716
G1 X121.468 Y149.968 E.0301
G1 X118.973 Y149.968 E.08023
M106 S229
G1 X118.073 Y149.968 E.02894
G1 F1140
G1 X117.873 Y149.968 E.00643
SET_VELOCITY_LIMIT ACCEL=1500 ACCEL_TO_DECEL=750 SQUARE_CORNER_VELOCITY=9
;TYPE:Overhang wall
;WIDTH:0.382146
G1 F1500
G1 X117.127 Y149.968 E.01999
SET_VELOCITY_LIMIT ACCEL=3000 ACCEL_TO_DECEL=1500 SQUARE_CORNER_VELOCITY=7
;TYPE:Inner wall
;WIDTH:0.45
G1 F1140
M106 S125
G1 X116.027 Y149.968 E.03537
G1 F2716
G1 X108.973 Y149.968 E.22683
M106 S229
G1 F1140
G1 X107.873 Y149.968 E.03537
SET_VELOCITY_LIMIT ACCEL=1500 ACCEL_TO_DECEL=750 SQUARE_CORNER_VELOCITY=9
;TYPE:Overhang wall
;WIDTH:0.382146
G1 F1500
G1 X107.127 Y149.968 E.01999
SET_VELOCITY_LIMIT ACCEL=3000 ACCEL_TO_DECEL=1500 SQUARE_CORNER_VELOCITY=7
;TYPE:Inner wall
;WIDTH:0.45
G1 F1140
G1 X106.927 Y149.968 E.00643
M106 S125
G1 F2716
G1 X106.027 Y149.968 E.02894
G1 X103.532 Y149.968 E.08023
G1 X103.532 Y149.032 E.0301
G1 X106.027 Y149.032 E.08023
M106 S229
G1 X106.927 Y149.032 E.02894
G1 F1140
G1 X107.127 Y149.032 E.00643
SET_VELOCITY_LIMIT ACCEL=1500 ACCEL_TO_DECEL=750 SQUARE_CORNER_VELOCITY=9
;TYPE:Overhang wall
;WIDTH:0.382146
G1 F1500
G1 X107.873 Y149.032 E.01999
SET_VELOCITY_LIMIT ACCEL=3000 ACCEL_TO_DECEL=1500 SQUARE_CORNER_VELOCITY=7
;TYPE:Inner wall
;WIDTH:0.45
G1 F1140
M106 S125
G1 X108.973 Y149.032 E.03537
G1 F2716
G1 X116.027 Y149.032 E.22683
M106 S229
G1 F1140
G1 X117.127 Y149.032 E.03537
SET_VELOCITY_LIMIT ACCEL=1500 ACCEL_TO_DECEL=750 SQUARE_CORNER_VELOCITY=9
;TYPE:Overhang wall
;WIDTH:0.382146
G1 F1500
G1 X117.873 Y149.032 E.01999
SET_VELOCITY_LIMIT ACCEL=3000 ACCEL_TO_DECEL=1500 SQUARE_CORNER_VELOCITY=7
;TYPE:Inner wall
;WIDTH:0.45
G1 F1140
G1 X118.073 Y149.032 E.00643
M106 S125
G1 F2716
G1 X118.973 Y149.032 E.02894
G1 X121.428 Y149.032 E.07894
SET_VELOCITY_LIMIT ACCEL=5000 ACCEL_TO_DECEL=2500 SQUARE_CORNER_VELOCITY=9
G1 X121.875 Y148.625 F21000
SET_VELOCITY_LIMIT ACCEL=3000 ACCEL_TO_DECEL=1500 SQUARE_CORNER_VELOCITY=7
G1 F2716
G1 X121.875 Y150.375 E.05627
G1 X121.6 Y150.375 E.00884
G1 X118.973 Y150.375 E.08447
M106 S229
G1 X118.073 Y150.375 E.02894
G1 F1140
G1 X117.873 Y150.375 E.00643
SET_VELOCITY_LIMIT ACCEL=1500 ACCEL_TO_DECEL=750 SQUARE_CORNER_VELOCITY=9
;TYPE:Overhang wall
;WIDTH:0.382146
G1 F1500
G1 X117.127 Y150.375 E.01999
SET_VELOCITY_LIMIT ACCEL=3000 ACCEL_TO_DECEL=1500 SQUARE_CORNER_VELOCITY=7
;TYPE:Inner wall
;WIDTH:0.45
G1 F1140
M106 S125
G1 X116.027 Y150.375 E.03537
G1 F2716
G1 X108.973 Y150.375 E.22683
M106 S229
G1 F1140
G1 X107.873 Y150.375 E.03537
SET_VELOCITY_LIMIT ACCEL=1500 ACCEL_TO_DECEL=750 SQUARE_CORNER_VELOCITY=9
;TYPE:Overhang wall
;WIDTH:0.382146
G1 F1500
G1 X107.127 Y150.375 E.01999
SET_VELOCITY_LIMIT ACCEL=3000 ACCEL_TO_DECEL=1500 SQUARE_CORNER_VELOCITY=7
;TYPE:Inner wall
;WIDTH:0.45
G1 F1140
G1 X106.927 Y150.375 E.00643
M106 S125
G1 F2716
G1 X106.027 Y150.375 E.02894
G1 X103.4 Y150.375 E.08447
G1 X103.125 Y150.375 E.00884
G1 X103.125 Y148.625 E.05627
G1 X103.4 Y148.625 E.00884
G1 X106.027 Y148.625 E.08447
M106 S229
G1 X106.927 Y148.625 E.02894
G1 F1140
G1 X107.127 Y148.625 E.00643
SET_VELOCITY_LIMIT ACCEL=1500 ACCEL_TO_DECEL=750 SQUARE_CORNER_VELOCITY=9
;TYPE:Overhang wall
;WIDTH:0.382146
G1 F1500
G1 X107.873 Y148.625 E.01999
SET_VELOCITY_LIMIT ACCEL=3000 ACCEL_TO_DECEL=1500 SQUARE_CORNER_VELOCITY=7
;TYPE:Inner wall
;WIDTH:0.45
G1 F1140
M106 S125
G1 X108.973 Y148.625 E.03537
G1 F2716
G1 X116.027 Y148.625 E.22683
M106 S229
G1 F1140
G1 X117.127 Y148.625 E.03537
SET_VELOCITY_LIMIT ACCEL=1500 ACCEL_TO_DECEL=750 SQUARE_CORNER_VELOCITY=9
;TYPE:Overhang wall
;WIDTH:0.382146
G1 F1500
G1 X117.873 Y148.625 E.01999
SET_VELOCITY_LIMIT ACCEL=3000 ACCEL_TO_DECEL=1500 SQUARE_CORNER_VELOCITY=7
;TYPE:Inner wall
;WIDTH:0.45
G1 F1140
G1 X118.073 Y148.625 E.00643
M106 S125
G1 F2716
G1 X118.973 Y148.625 E.02894
G1 X121.56 Y148.625 E.08319
G1 X121.835 Y148.625 E.00884
G1 X122.3 Y148.2 F21000
;TYPE:Outer wall
;WIDTH:0.4
G1 F2716
G1 X122.3 Y150.8 E.07334
G1 X121.7 Y150.8 E.01692
G1 X118.873 Y150.8 E.07974
M106 S229
G1 X118.073 Y150.8 E.02257
G1 F1500
G1 X117.873 Y150.8 E.00564
SET_VELOCITY_LIMIT ACCEL=1500 ACCEL_TO_DECEL=750 SQUARE_CORNER_VELOCITY=9
;TYPE:Overhang wall
;WIDTH:0.382146
G1 X117.127 Y150.8 E.01999
SET_VELOCITY_LIMIT ACCEL=3000 ACCEL_TO_DECEL=1500 SQUARE_CORNER_VELOCITY=7
;TYPE:Outer wall
;WIDTH:0.4
M106 S125
G1 X116.127 Y150.8 E.02821
G1 F2716
G1 X108.873 Y150.8 E.20461
M106 S229
G1 F1500
G1 X107.873 Y150.8 E.02821
SET_VELOCITY_LIMIT ACCEL=1500 ACCEL_TO_DECEL=750 SQUARE_CORNER_VELOCITY=9
;TYPE:Overhang wall
;WIDTH:0.382146
G1 X107.127 Y150.8 E.01999
SET_VELOCITY_LIMIT ACCEL=3000 ACCEL_TO_DECEL=1500 SQUARE_CORNER_VELOCITY=7
;TYPE:Outer wall
;WIDTH:0.4
G1 X106.927 Y150.8 E.00564
M106 S125
G1 F2716
G1 X106.127 Y150.8 E.02257
G1 X103.3 Y150.8 E.07974
G1 X102.7 Y150.8 E.01692
G1 X102.7 Y148.2 E.07334
G1 X103.3 Y148.2 E.01692
G1 X106.127 Y148.2 E.07974
M106 S229
G1 X106.927 Y148.2 E.02257
G1 F1500
G1 X107.127 Y148.2 E.00564
SET_VELOCITY_LIMIT ACCEL=1500 ACCEL_TO_DECEL=750 SQUARE_CORNER_VELOCITY=9
;TYPE:Overhang wall
;WIDTH:0.382146
G1 X107.873 Y148.2 E.01999
SET_VELOCITY_LIMIT ACCEL=3000 ACCEL_TO_DECEL=1500 SQUARE_CORNER_VELOCITY=7
;TYPE:Outer wall
;WIDTH:0.4
M106 S125
G1 X108.873 Y148.2 E.02821
G1 F2716
G1 X116.127 Y148.2 E.20461
M106 S229
G1 F1500
G1 X117.127 Y148.2 E.02821
SET_VELOCITY_LIMIT ACCEL=1500 ACCEL_TO_DECEL=750 SQUARE_CORNER_VELOCITY=9
;TYPE:Overhang wall
;WIDTH:0.382146
G1 X117.873 Y148.2 E.01999
SET_VELOCITY_LIMIT ACCEL=3000 ACCEL_TO_DECEL=1500 SQUARE_CORNER_VELOCITY=7
;TYPE:Outer wall
;WIDTH:0.4
G1 X118.073 Y148.2 E.00564
M106 S125
G1 F2716
G1 X118.873 Y148.2 E.02257
G1 X121.66 Y148.2 E.07861
G1 X122.26 Y148.2 E.01692
SET_VELOCITY_LIMIT ACCEL=5000 ACCEL_TO_DECEL=2500 SQUARE_CORNER_VELOCITY=9
G1 E-.68 F3600
;WIPE_START
G1 X122.275 Y149.2 E-.12
;WIPE_END
G1 X121.264 Y149.5 Z6 F21000
G1 Z5.6
G1 E.8 F2700
;TYPE:Gap infill
;WIDTH:0.571682
G1 F2716
G1 X103.736 Y149.5 E.73215
; stop printing object vyper_electronics_cassette.stl id:0 copy 0
;LAYER_CHANGE
;Z:5.8
;HEIGHT:0.2
;BEFORE_LAYER_CHANGE
G92 E0
;5.8


G1 E-.68 F3600
;WIPE_START
G1 F5972.243
G1 X104.736 Y149.5 E-.12
;WIPE_END
EXCLUDE_OBJECT_END NAME=vyper_electronics_cassette.stl_id_0_copy_0
;AFTER_LAYER_CHANGE
;5.8
;_SET_FAN_SPEED_CHANGING_LAYER
; printing object vyper_electronics_cassette.stl id:0 copy 0
EXCLUDE_OBJECT_START NAME=vyper_electronics_cassette.stl_id_0_copy_0
G1 X106.348 Y142.04 Z6.2 F21000
G1 X118.708 Y84.855 Z6.2
G1 Z5.8
G1 E.8 F2700
SET_VELOCITY_LIMIT ACCEL=3000 ACCEL_TO_DECEL=1500 SQUARE_CORNER_VELOCITY=7
;TYPE:Outer wall
;WIDTH:0.4
G1 F2462
G1 X118.708 Y84.821 E.00098
G1 X118.779 Y84.469 E.01012
G1 X118.918 Y84.139 E.01012
G1 X119.12 Y83.842 E.01012
G1 X119.377 Y83.592 E.01012
G1 X119.676 Y83.399 E.01005
G1 X119.929 Y83.292 E.00773
G1 X120.276 Y83.213 E.01005
G1 X120.635 Y83.204 E.01012
G1 X120.988 Y83.266 E.01012
G1 X121.322 Y83.397 E.01012
G1 X121.623 Y83.592 E.01012
G1 X121.88 Y83.842 E.01012
G1 X122.082 Y84.139 E.01012
G1 X122.221 Y84.469 E.01012
G1 X122.292 Y84.818 E.01005
G1 X122.298 Y85.092 E.00773
G1 X122.245 Y85.444 E.01004
G1 X122.123 Y85.781 E.01012
G1 X121.936 Y86.087 E.01012
G1 X121.692 Y86.35 E.01012
G1 X121.401 Y86.56 E.01012
G1 X121.074 Y86.707 E.01012
G1 X120.724 Y86.787 E.01012
G1 X120.365 Y86.796 E.01012
G1 X120.012 Y86.734 E.01012
G1 X119.678 Y86.603 E.01012
G1 X119.377 Y86.408 E.01012
G1 X119.12 Y86.158 E.01012
G1 X118.918 Y85.861 E.01012
G1 X118.779 Y85.531 E.01012
G1 X118.708 Y85.179 E.01012
G1 X118.708 Y84.895 E.00801
SET_VELOCITY_LIMIT ACCEL=5000 ACCEL_TO_DECEL=2500 SQUARE_CORNER_VELOCITY=9
G1 E-.68 F3600
;WIPE_START
G1 X118.708 Y84.821 E-.00897
G1 X118.779 Y84.469 E-.04304
G1 X118.918 Y84.139 E-.04304
G1 X119.035 Y83.967 E-.02495
;WIPE_END
G1 X119.157 Y83.143 Z6.2 F21000
G1 Z5.8
G1 E.8 F2700
SET_VELOCITY_LIMIT ACCEL=3000 ACCEL_TO_DECEL=1500 SQUARE_CORNER_VELOCITY=7
G1 F2462
G1 X119.238 Y83.078 E.00293
G1 X119.638 Y82.868 E.01274
G1 X120.071 Y82.741 E.01274
G1 X120.291 Y82.71 E.00627
G1 X120.709 Y82.71 E.01178
G1 X120.929 Y82.741 E.00627
G1 X121.362 Y82.868 E.01274
G1 X121.763 Y83.078 E.01274
G1 X122.114 Y83.362 E.01274
G1 X122.404 Y83.71 E.01277
G1 X122.621 Y84.111 E.01286
G1 X122.755 Y84.546 E.01286
G1 X122.8 Y85 E.01286
G1 X122.755 Y85.454 E.01286
G1 X122.621 Y85.889 E.01286
G1 X122.404 Y86.29 E.01286
G1 X122.114 Y86.638 E.01277
G1 X121.763 Y86.922 E.01274
G1 X121.362 Y87.132 E.01274
G1 X120.929 Y87.259 E.01274
G1 X120.709 Y87.29 E.00627
G1 X120.291 Y87.29 E.01178
G1 X120.071 Y87.259 E.00627
G1 X119.638 Y87.132 E.01274
G1 X119.238 Y86.922 E.01274
G1 X118.886 Y86.638 E.01274
G1 X118.596 Y86.29 E.01277
G1 X118.379 Y85.889 E.01286
G1 X118.245 Y85.454 E.01286
G1 X118.2 Y85 E.01286
G1 X118.245 Y84.546 E.01286
G1 X118.379 Y84.111 E.01286
G1 X118.596 Y83.71 E.01286
G1 X118.886 Y83.362 E.01277
G1 X119.126 Y83.168 E.00869
SET_VELOCITY_LIMIT ACCEL=5000 ACCEL_TO_DECEL=2500 SQUARE_CORNER_VELOCITY=9
G1 X119.261 Y83.377 F21000
;TYPE:Gap infill
;WIDTH:0.116161
G1 F2462
G1 X119.222 Y83.403 E.00027
G1 X118.935 Y83.683 E.00232
G1 X118.705 Y84.019 E.00236
G1 X118.546 Y84.394 E.00236
G1 X118.465 Y84.793 E.00236
G1 X118.464 Y85.201 E.00236
G1 X118.544 Y85.6 E.00236
G1 X118.702 Y85.976 E.00236
G1 X118.931 Y86.313 E.00236
G1 X119.227 Y86.601 E.00239
G1 X119.57 Y86.822 E.00236
G1 X119.949 Y86.97 E.00236
G1 X120.343 Y87.043 E.00232
G1 X120.751 Y87.034 E.00236
G1 X121.155 Y86.939 E.0024
G1 X121.526 Y86.771 E.00236
G1 X121.857 Y86.532 E.00236
G1 X122.134 Y86.233 E.00236
G1 X122.345 Y85.885 E.00236
G1 X122.484 Y85.502 E.00236
G1 X122.544 Y85.105 E.00232
G1 X122.534 Y84.788 E.00183
G1 X122.454 Y84.394 E.00233
G1 X122.295 Y84.019 E.00236
G1 X122.065 Y83.683 E.00236
G1 X121.773 Y83.399 E.00236
G1 X121.43 Y83.178 E.00236
G1 X121.051 Y83.03 E.00236
G1 X120.657 Y82.957 E.00232
G1 X120.249 Y82.966 E.00236
G1 X119.851 Y83.06 E.00236
G1 X119.559 Y83.184 E.00183
G1 X119.295 Y83.355 E.00183
M73 P89 R1
G1 E-.68 F3600
;WIPE_START
G1 F7200
G1 X119.222 Y83.403 E-.0104
G1 X118.935 Y83.683 E-.04814
G1 X118.705 Y84.019 E-.04888
G1 X118.664 Y84.115 E-.01257
;WIPE_END
G1 X111.045 Y83.667 Z6.2 F21000
G1 X105.118 Y83.317 Z6.2
G1 Z5.8
G1 E.8 F2700
SET_VELOCITY_LIMIT ACCEL=3000 ACCEL_TO_DECEL=1500 SQUARE_CORNER_VELOCITY=7
;TYPE:Outer wall
;WIDTH:0.4
G1 F2462
G1 X105.322 Y83.397 E.00617
G1 X105.623 Y83.592 E.01012
G1 X105.88 Y83.842 E.01012
G1 X106.082 Y84.139 E.01012
G1 X106.221 Y84.469 E.01012
G1 X106.292 Y84.818 E.01005
G1 X106.298 Y85.092 E.00773
G1 X106.245 Y85.444 E.01004
G1 X106.123 Y85.781 E.01012
G1 X105.936 Y86.087 E.01012
G1 X105.692 Y86.35 E.01012
G1 X105.401 Y86.56 E.01012
G1 X105.074 Y86.707 E.01012
G1 X104.724 Y86.787 E.01012
G1 X104.365 Y86.796 E.01012
G1 X104.012 Y86.734 E.01012
G1 X103.678 Y86.603 E.01012
G1 X103.377 Y86.408 E.01012
G1 X103.12 Y86.158 E.01012
G1 X102.918 Y85.861 E.01012
G1 X102.779 Y85.531 E.01012
G1 X102.708 Y85.179 E.01012
G1 X102.708 Y84.821 E.01012
G1 X102.779 Y84.469 E.01012
G1 X102.918 Y84.139 E.01012
G1 X103.12 Y83.842 E.01012
G1 X103.377 Y83.592 E.01012
G1 X103.676 Y83.399 E.01005
G1 X103.929 Y83.292 E.00773
G1 X104.276 Y83.213 E.01005
G1 X104.635 Y83.204 E.01012
G1 X104.988 Y83.266 E.01012
G1 X105.081 Y83.303 E.00282
G1 X105.16 Y82.809 F21000
G1 F2462
G1 X105.362 Y82.868 E.00596
G1 X105.763 Y83.078 E.01274
G1 X106.114 Y83.362 E.01274
G1 X106.404 Y83.71 E.01277
G1 X106.621 Y84.111 E.01286
G1 X106.755 Y84.546 E.01286
G1 X106.8 Y85 E.01286
G1 X106.755 Y85.454 E.01286
G1 X106.621 Y85.889 E.01286
G1 X106.404 Y86.29 E.01286
G1 X106.114 Y86.638 E.01277
G1 X105.763 Y86.922 E.01274
G1 X105.362 Y87.132 E.01274
G1 X104.929 Y87.259 E.01274
G1 X104.709 Y87.29 E.00627
G1 X104.291 Y87.29 E.01178
G1 X104.071 Y87.259 E.00627
G1 X103.638 Y87.132 E.01274
G1 X103.238 Y86.922 E.01274
G1 X102.886 Y86.638 E.01274
G1 X102.596 Y86.29 E.01277
G1 X102.379 Y85.889 E.01286
G1 X102.245 Y85.454 E.01286
G1 X102.2 Y85 E.01286
G1 X102.245 Y84.546 E.01286
G1 X102.379 Y84.111 E.01286
G1 X102.596 Y83.71 E.01286
G1 X102.886 Y83.362 E.01277
G1 X103.238 Y83.078 E.01274
G1 X103.638 Y82.868 E.01274
G1 X104.071 Y82.741 E.01274
G1 X104.291 Y82.71 E.00627
G1 X104.709 Y82.71 E.01178
G1 X104.929 Y82.741 E.00627
G1 X105.121 Y82.797 E.00566
SET_VELOCITY_LIMIT ACCEL=5000 ACCEL_TO_DECEL=2500 SQUARE_CORNER_VELOCITY=9
G1 X105.051 Y83.03 F21000
;TYPE:Gap infill
;WIDTH:0.116161
G1 F2462
G1 X104.657 Y82.957 E.00232
G1 X104.249 Y82.966 E.00236
G1 X103.851 Y83.06 E.00236
G1 X103.559 Y83.184 E.00183
G1 X103.222 Y83.403 E.00233
G1 X102.935 Y83.683 E.00232
G1 X102.705 Y84.019 E.00236
G1 X102.546 Y84.394 E.00236
G1 X102.465 Y84.793 E.00236
G1 X102.464 Y85.201 E.00236
G1 X102.544 Y85.6 E.00236
G1 X102.702 Y85.976 E.00236
G1 X102.931 Y86.313 E.00236
G1 X103.227 Y86.601 E.00239
G1 X103.57 Y86.822 E.00236
G1 X103.949 Y86.97 E.00236
G1 X104.343 Y87.043 E.00232
G1 X104.751 Y87.034 E.00236
G1 X105.155 Y86.939 E.0024
G1 X105.526 Y86.771 E.00236
G1 X105.857 Y86.532 E.00236
G1 X106.134 Y86.233 E.00236
G1 X106.345 Y85.885 E.00236
G1 X106.484 Y85.502 E.00236
G1 X106.544 Y85.105 E.00232
G1 X106.534 Y84.788 E.00183
G1 X106.454 Y84.394 E.00233
G1 X106.295 Y84.019 E.00236
G1 X106.065 Y83.683 E.00236
G1 X105.773 Y83.399 E.00236
G1 X105.43 Y83.178 E.00236
G1 X105.088 Y83.044 E.00213
G1 E-.68 F3600
;WIPE_START
G1 F7200
G1 X104.657 Y82.957 E-.05286
G1 X104.249 Y82.966 E-.04896
G1 X104.101 Y83.001 E-.01818
;WIPE_END
G1 X104.075 Y90.633 Z6.2 F21000
G1 X103.894 Y142.687 Z6.2
G1 Z5.8
G1 E.8 F2700
SET_VELOCITY_LIMIT ACCEL=3000 ACCEL_TO_DECEL=1500 SQUARE_CORNER_VELOCITY=7
;TYPE:Outer wall
;WIDTH:0.4
G1 F2462
G1 X103.678 Y142.603 E.00654
G1 X103.377 Y142.408 E.01012
G1 X103.12 Y142.158 E.01012
G1 X102.918 Y141.861 E.01012
G1 X102.779 Y141.531 E.01012
G1 X102.708 Y141.179 E.01012
G1 X102.708 Y140.821 E.01012
G1 X102.779 Y140.469 E.01012
G1 X102.918 Y140.139 E.01012
G1 X103.12 Y139.842 E.01012
G1 X103.377 Y139.592 E.01012
G1 X103.676 Y139.399 E.01005
G1 X103.929 Y139.292 E.00773
G1 X104.276 Y139.213 E.01005
G1 X104.635 Y139.204 E.01012
G1 X104.988 Y139.266 E.01012
G1 X105.322 Y139.397 E.01012
G1 X105.623 Y139.592 E.01012
G1 X105.88 Y139.842 E.01012
G1 X106.082 Y140.139 E.01012
G1 X106.221 Y140.469 E.01012
G1 X106.292 Y140.818 E.01005
G1 X106.298 Y141.092 E.00773
G1 X106.245 Y141.444 E.01004
G1 X106.123 Y141.781 E.01012
G1 X105.936 Y142.087 E.01012
G1 X105.692 Y142.35 E.01012
G1 X105.401 Y142.56 E.01012
G1 X105.074 Y142.707 E.01012
G1 X104.724 Y142.787 E.01012
G1 X104.365 Y142.796 E.01012
G1 X104.012 Y142.734 E.01012
G1 X103.932 Y142.702 E.00244
SET_VELOCITY_LIMIT ACCEL=5000 ACCEL_TO_DECEL=2500 SQUARE_CORNER_VELOCITY=9
G1 E-.68 F3600
;WIPE_START
G1 X103.678 Y142.603 E-.03264
G1 X103.377 Y142.408 E-.04304
G1 X103.12 Y142.158 E-.04304
G1 X103.114 Y142.149 E-.00129
;WIPE_END
G1 X106.384 Y142.314 Z6.2 F21000
G1 Z5.8
G1 E.8 F2700
SET_VELOCITY_LIMIT ACCEL=3000 ACCEL_TO_DECEL=1500 SQUARE_CORNER_VELOCITY=7
G1 F2462
G1 X106.114 Y142.638 E.01191
G1 X105.763 Y142.922 E.01274
G1 X105.362 Y143.132 E.01274
G1 X104.929 Y143.259 E.01274
G1 X104.709 Y143.29 E.00627
G1 X104.291 Y143.29 E.01178
G1 X104.071 Y143.259 E.00627
G1 X103.638 Y143.132 E.01274
G1 X103.238 Y142.922 E.01274
G1 X102.886 Y142.638 E.01274
G1 X102.596 Y142.29 E.01277
G1 X102.379 Y141.889 E.01286
G1 X102.245 Y141.454 E.01286
G1 X102.2 Y141 E.01286
G1 X102.245 Y140.546 E.01286
G1 X102.379 Y140.111 E.01286
G1 X102.596 Y139.71 E.01286
G1 X102.886 Y139.362 E.01277
G1 X103.238 Y139.078 E.01274
G1 X103.638 Y138.868 E.01274
G1 X104.071 Y138.741 E.01274
G1 X104.291 Y138.71 E.00627
G1 X104.709 Y138.71 E.01178
G1 X104.929 Y138.741 E.00627
G1 X105.362 Y138.868 E.01274
G1 X105.763 Y139.078 E.01274
G1 X106.114 Y139.362 E.01274
G1 X106.404 Y139.71 E.01277
G1 X106.621 Y140.111 E.01286
G1 X106.755 Y140.546 E.01286
G1 X106.8 Y141 E.01286
G1 X106.755 Y141.454 E.01286
G1 X106.621 Y141.889 E.01286
G1 X106.408 Y142.282 E.01259
SET_VELOCITY_LIMIT ACCEL=5000 ACCEL_TO_DECEL=2500 SQUARE_CORNER_VELOCITY=9
G1 X106.186 Y142.147 F21000
;TYPE:Gap infill
;WIDTH:0.116161
G1 F2462
G1 X106.345 Y141.885 E.00177
G1 X106.484 Y141.502 E.00236
G1 X106.544 Y141.105 E.00232
G1 X106.534 Y140.788 E.00183
G1 X106.454 Y140.394 E.00233
G1 X106.295 Y140.019 E.00236
G1 X106.065 Y139.683 E.00236
G1 X105.773 Y139.399 E.00236
G1 X105.43 Y139.178 E.00236
G1 X105.051 Y139.03 E.00236
G1 X104.657 Y138.957 E.00232
G1 X104.249 Y138.966 E.00236
G1 X103.851 Y139.06 E.00236
G1 X103.559 Y139.184 E.00183
G1 X103.222 Y139.403 E.00233
G1 X102.935 Y139.683 E.00232
G1 X102.705 Y140.019 E.00236
G1 X102.546 Y140.394 E.00236
G1 X102.465 Y140.793 E.00236
G1 X102.464 Y141.201 E.00236
G1 X102.544 Y141.6 E.00236
G1 X102.702 Y141.976 E.00236
G1 X102.931 Y142.313 E.00236
G1 X103.227 Y142.601 E.00239
G1 X103.57 Y142.822 E.00236
G1 X103.949 Y142.97 E.00236
G1 X104.343 Y143.043 E.00232
G1 X104.751 Y143.034 E.00236
G1 X105.155 Y142.939 E.0024
G1 X105.526 Y142.771 E.00236
G1 X105.857 Y142.532 E.00236
G1 X106.134 Y142.233 E.00236
G1 X106.165 Y142.181 E.00035
G1 E-.68 F3600
;WIPE_START
G1 F7200
G1 X106.345 Y141.885 E-.04155
G1 X106.484 Y141.502 E-.04891
G1 X106.521 Y141.258 E-.02954
;WIPE_END
G1 X114.118 Y141.993 Z6.2 F21000
G1 X121.151 Y142.672 Z6.2
G1 Z5.8
G1 E.8 F2700
SET_VELOCITY_LIMIT ACCEL=3000 ACCEL_TO_DECEL=1500 SQUARE_CORNER_VELOCITY=7
;TYPE:Outer wall
;WIDTH:0.4
G1 F2462
G1 X121.074 Y142.707 E.0024
G1 X120.724 Y142.787 E.01012
G1 X120.365 Y142.796 E.01012
G1 X120.012 Y142.734 E.01012
G1 X119.678 Y142.603 E.01012
G1 X119.377 Y142.408 E.01012
G1 X119.12 Y142.158 E.01012
G1 X118.918 Y141.861 E.01012
G1 X118.779 Y141.531 E.01012
G1 X118.708 Y141.179 E.01012
G1 X118.708 Y140.821 E.01012
G1 X118.779 Y140.469 E.01012
G1 X118.918 Y140.139 E.01012
G1 X119.12 Y139.842 E.01012
G1 X119.377 Y139.592 E.01012
G1 X119.676 Y139.399 E.01005
G1 X119.929 Y139.292 E.00773
G1 X120.276 Y139.213 E.01005
G1 X120.635 Y139.204 E.01012
G1 X120.988 Y139.266 E.01012
G1 X121.322 Y139.397 E.01012
G1 X121.623 Y139.592 E.01012
G1 X121.88 Y139.842 E.01012
G1 X122.082 Y140.139 E.01012
G1 X122.221 Y140.469 E.01012
G1 X122.292 Y140.818 E.01005
G1 X122.298 Y141.092 E.00773
G1 X122.245 Y141.444 E.01004
G1 X122.123 Y141.781 E.01012
G1 X121.936 Y142.087 E.01012
G1 X121.692 Y142.35 E.01012
G1 X121.401 Y142.56 E.01012
G1 X121.188 Y142.656 E.00659
G1 X121.843 Y142.857 F21000
G1 F2462
G1 X121.763 Y142.922 E.00293
G1 X121.362 Y143.132 E.01274
G1 X120.929 Y143.259 E.01274
G1 X120.709 Y143.29 E.00627
G1 X120.291 Y143.29 E.01178
G1 X120.071 Y143.259 E.00627
G1 X119.638 Y143.132 E.01274
G1 X119.238 Y142.922 E.01274
G1 X118.886 Y142.638 E.01274
G1 X118.596 Y142.29 E.01277
G1 X118.379 Y141.889 E.01286
G1 X118.245 Y141.454 E.01286
G1 X118.2 Y141 E.01286
G1 X118.245 Y140.546 E.01286
G1 X118.379 Y140.111 E.01286
G1 X118.596 Y139.71 E.01286
G1 X118.886 Y139.362 E.01277
G1 X119.238 Y139.078 E.01274
G1 X119.638 Y138.868 E.01274
G1 X120.071 Y138.741 E.01274
G1 X120.291 Y138.71 E.00627
G1 X120.709 Y138.71 E.01178
G1 X120.929 Y138.741 E.00627
G1 X121.362 Y138.868 E.01274
G1 X121.763 Y139.078 E.01274
G1 X122.114 Y139.362 E.01274
G1 X122.404 Y139.71 E.01277
G1 X122.621 Y140.111 E.01286
G1 X122.755 Y140.546 E.01286
G1 X122.8 Y141 E.01286
G1 X122.755 Y141.454 E.01286
G1 X122.621 Y141.889 E.01286
G1 X122.404 Y142.29 E.01286
G1 X122.114 Y142.638 E.01277
G1 X121.874 Y142.832 E.00869
SET_VELOCITY_LIMIT ACCEL=5000 ACCEL_TO_DECEL=2500 SQUARE_CORNER_VELOCITY=9
G1 X121.726 Y142.626 F21000
;TYPE:Gap infill
;WIDTH:0.116161
G1 F2462
G1 X121.857 Y142.532 E.00093
G1 X122.134 Y142.233 E.00236
G1 X122.345 Y141.885 E.00236
G1 X122.484 Y141.502 E.00236
G1 X122.544 Y141.105 E.00232
G1 X122.534 Y140.788 E.00183
G1 X122.454 Y140.394 E.00233
G1 X122.295 Y140.019 E.00236
G1 X122.065 Y139.683 E.00236
G1 X121.773 Y139.399 E.00236
G1 X121.43 Y139.178 E.00236
G1 X121.051 Y139.03 E.00236
G1 X120.657 Y138.957 E.00232
G1 X120.249 Y138.966 E.00236
G1 X119.851 Y139.06 E.00236
G1 X119.559 Y139.184 E.00183
G1 X119.222 Y139.403 E.00233
G1 X118.935 Y139.683 E.00232
G1 X118.705 Y140.019 E.00236
G1 X118.546 Y140.394 E.00236
G1 X118.465 Y140.793 E.00236
G1 X118.464 Y141.201 E.00236
G1 X118.544 Y141.6 E.00236
G1 X118.702 Y141.976 E.00236
G1 X118.931 Y142.313 E.00236
G1 X119.227 Y142.601 E.00239
G1 X119.57 Y142.822 E.00236
G1 X119.949 Y142.97 E.00236
G1 X120.343 Y143.043 E.00232
G1 X120.751 Y143.034 E.00236
G1 X121.155 Y142.939 E.0024
G1 X121.526 Y142.771 E.00236
G1 X121.694 Y142.65 E.0012
G1 E-.68 F3600
;WIPE_START
G1 F7200
G1 X121.857 Y142.532 E-.02409
G1 X122.134 Y142.233 E-.04891
G1 X122.337 Y141.899 E-.047
;WIPE_END
G1 X121.468 Y149.032 Z6.2 F21000
G1 Z5.8
G1 E.8 F2700
SET_VELOCITY_LIMIT ACCEL=3000 ACCEL_TO_DECEL=1500 SQUARE_CORNER_VELOCITY=7
;TYPE:Inner wall
;WIDTH:0.45
G1 F2462
G1 X121.468 Y149.968 E.03009
G1 X103.532 Y149.968 E.57675
G1 X103.532 Y149.032 E.03009
G1 X121.428 Y149.032 E.57547
SET_VELOCITY_LIMIT ACCEL=5000 ACCEL_TO_DECEL=2500 SQUARE_CORNER_VELOCITY=9
G1 X121.875 Y148.625 F21000
SET_VELOCITY_LIMIT ACCEL=3000 ACCEL_TO_DECEL=1500 SQUARE_CORNER_VELOCITY=7
G1 F2462
G1 X121.875 Y150.375 E.05627
G1 X103.125 Y150.375 E.60293
G1 X103.125 Y148.625 E.05627
G1 X121.835 Y148.625 E.60165
G1 X122.3 Y148.2 F21000
;TYPE:Outer wall
;WIDTH:0.4
G1 F2462
G1 X122.3 Y150.8 E.07334
G1 X102.7 Y150.8 E.55285
G1 X102.7 Y148.2 E.07334
G1 X122.26 Y148.2 E.55172
SET_VELOCITY_LIMIT ACCEL=5000 ACCEL_TO_DECEL=2500 SQUARE_CORNER_VELOCITY=9
G1 E-.68 F3600
;WIPE_START
G1 X122.275 Y149.2 E-.12
;WIPE_END
G1 X121.264 Y149.5 Z6.2 F21000
G1 Z5.8
G1 E.8 F2700
;TYPE:Gap infill
;WIDTH:0.571682
G1 F2462
G1 X103.736 Y149.5 E.73215
; stop printing object vyper_electronics_cassette.stl id:0 copy 0
;LAYER_CHANGE
;Z:6
;HEIGHT:0.2
;BEFORE_LAYER_CHANGE
G92 E0
;6


G1 E-.68 F3600
M73 P90 R1
;WIPE_START
G1 F5972.243
G1 X104.736 Y149.5 E-.12
;WIPE_END
EXCLUDE_OBJECT_END NAME=vyper_electronics_cassette.stl_id_0_copy_0
;AFTER_LAYER_CHANGE
;6
;_SET_FAN_SPEED_CHANGING_LAYER
; printing object vyper_electronics_cassette.stl id:0 copy 0
EXCLUDE_OBJECT_START NAME=vyper_electronics_cassette.stl_id_0_copy_0
G1 X106.348 Y142.04 Z6.4 F21000
G1 X118.708 Y84.86 Z6.4
G1 Z6
G1 E.8 F2700
SET_VELOCITY_LIMIT ACCEL=3000 ACCEL_TO_DECEL=1500 SQUARE_CORNER_VELOCITY=7
;TYPE:Outer wall
;WIDTH:0.4
G1 F2462
G1 X118.708 Y84.821 E.0011
G1 X118.779 Y84.469 E.01012
G1 X118.918 Y84.139 E.01012
G1 X119.12 Y83.842 E.01012
G1 X119.377 Y83.592 E.01012
G1 X119.676 Y83.399 E.01005
G1 X119.929 Y83.292 E.00773
G1 X120.276 Y83.213 E.01005
G1 X120.635 Y83.204 E.01012
G1 X120.988 Y83.266 E.01012
G1 X121.322 Y83.397 E.01012
G1 X121.623 Y83.592 E.01012
G1 X121.88 Y83.842 E.01012
G1 X122.082 Y84.139 E.01012
G1 X122.221 Y84.469 E.01012
G1 X122.292 Y84.818 E.01005
G1 X122.298 Y85.092 E.00773
G1 X122.245 Y85.444 E.01004
G1 X122.123 Y85.781 E.01012
G1 X121.936 Y86.087 E.01012
G1 X121.692 Y86.35 E.01012
G1 X121.401 Y86.56 E.01012
G1 X121.074 Y86.707 E.01012
G1 X120.724 Y86.787 E.01012
G1 X120.365 Y86.796 E.01012
G1 X120.012 Y86.734 E.01012
G1 X119.678 Y86.603 E.01012
G1 X119.377 Y86.408 E.01012
G1 X119.12 Y86.158 E.01012
G1 X118.918 Y85.861 E.01012
G1 X118.779 Y85.531 E.01012
G1 X118.708 Y85.179 E.01012
G1 X118.708 Y84.9 E.00789
SET_VELOCITY_LIMIT ACCEL=5000 ACCEL_TO_DECEL=2500 SQUARE_CORNER_VELOCITY=9
G1 E-.68 F3600
;WIPE_START
G1 X118.708 Y84.821 E-.00948
G1 X118.779 Y84.469 E-.04304
G1 X118.918 Y84.139 E-.04304
G1 X119.033 Y83.97 E-.02445
;WIPE_END
G1 X119.174 Y83.129 Z6.4 F21000
G1 Z6
G1 E.8 F2700
SET_VELOCITY_LIMIT ACCEL=3000 ACCEL_TO_DECEL=1500 SQUARE_CORNER_VELOCITY=7
G1 F2462
G1 X119.239 Y83.077 E.00235
G1 X119.64 Y82.867 E.01277
G1 X120.075 Y82.74 E.01276
G1 X120.295 Y82.71 E.00628
G1 X120.705 Y82.71 E.01155
G1 X120.925 Y82.74 E.00628
G1 X121.36 Y82.867 E.01276
G1 X121.761 Y83.077 E.01277
G1 X122.113 Y83.361 E.01276
G1 X122.403 Y83.709 E.01279
G1 X122.621 Y84.11 E.01287
G1 X122.755 Y84.546 E.01287
G1 X122.8 Y85 E.01286
G1 X122.755 Y85.454 E.01286
G1 X122.621 Y85.89 E.01287
G1 X122.403 Y86.291 E.01287
G1 X122.113 Y86.639 E.01279
G1 X121.761 Y86.923 E.01276
G1 X121.36 Y87.133 E.01277
G1 X120.925 Y87.26 E.01276
G1 X120.705 Y87.29 E.00628
G1 X120.295 Y87.29 E.01155
G1 X120.075 Y87.26 E.00628
G1 X119.64 Y87.133 E.01276
G1 X119.239 Y86.923 E.01277
G1 X118.887 Y86.639 E.01276
G1 X118.597 Y86.291 E.01279
G1 X118.379 Y85.89 E.01287
G1 X118.245 Y85.454 E.01287
G1 X118.2 Y85 E.01287
G1 X118.245 Y84.546 E.01287
G1 X118.379 Y84.11 E.01287
G1 X118.597 Y83.709 E.01287
G1 X118.887 Y83.361 E.01279
G1 X119.143 Y83.154 E.00928
SET_VELOCITY_LIMIT ACCEL=5000 ACCEL_TO_DECEL=2500 SQUARE_CORNER_VELOCITY=9
G1 X119.28 Y83.365 F21000
;TYPE:Gap infill
;WIDTH:0.116163
G1 F2462
G1 X119.222 Y83.403 E.0004
G1 X118.935 Y83.683 E.00232
G1 X118.705 Y84.019 E.00236
G1 X118.546 Y84.394 E.00236
G1 X118.465 Y84.793 E.00236
G1 X118.464 Y85.201 E.00236
G1 X118.544 Y85.6 E.00236
G1 X118.702 Y85.976 E.00236
G1 X118.931 Y86.313 E.00236
G1 X119.227 Y86.601 E.00239
G1 X119.57 Y86.822 E.00236
G1 X119.949 Y86.97 E.00236
G1 X120.343 Y87.043 E.00232
G1 X120.751 Y87.034 E.00236
G1 X121.155 Y86.939 E.0024
G1 X121.526 Y86.771 E.00236
G1 X121.857 Y86.532 E.00236
G1 X122.134 Y86.233 E.00236
G1 X122.346 Y85.885 E.00236
G1 X122.484 Y85.502 E.00236
G1 X122.544 Y85.105 E.00232
G1 X122.534 Y84.788 E.00183
G1 X122.454 Y84.394 E.00233
G1 X122.295 Y84.019 E.00236
G1 X122.065 Y83.683 E.00236
G1 X121.773 Y83.399 E.00236
G1 X121.43 Y83.178 E.00236
G1 X121.051 Y83.03 E.00236
G1 X120.657 Y82.957 E.00232
G1 X120.249 Y82.966 E.00236
G1 X119.851 Y83.06 E.00236
G1 X119.56 Y83.184 E.00183
G1 X119.314 Y83.343 E.0017
G1 E-.68 F3600
;WIPE_START
G1 F7200
G1 X119.222 Y83.403 E-.01308
G1 X118.935 Y83.683 E-.04814
G1 X118.705 Y84.019 E-.04888
G1 X118.673 Y84.095 E-.00989
;WIPE_END
G1 X111.053 Y83.652 Z6.4 F21000
G1 X105.088 Y83.306 Z6.4
G1 Z6
G1 E.8 F2700
SET_VELOCITY_LIMIT ACCEL=3000 ACCEL_TO_DECEL=1500 SQUARE_CORNER_VELOCITY=7
;TYPE:Outer wall
;WIDTH:0.4
G1 F2462
G1 X105.322 Y83.397 E.00709
G1 X105.623 Y83.592 E.01012
G1 X105.88 Y83.842 E.01012
G1 X106.082 Y84.139 E.01012
G1 X106.221 Y84.469 E.01012
G1 X106.292 Y84.818 E.01005
G1 X106.298 Y85.092 E.00773
G1 X106.245 Y85.444 E.01004
G1 X106.123 Y85.781 E.01012
G1 X105.936 Y86.087 E.01012
G1 X105.692 Y86.35 E.01012
G1 X105.401 Y86.56 E.01012
G1 X105.074 Y86.707 E.01012
G1 X104.724 Y86.787 E.01012
G1 X104.365 Y86.796 E.01012
G1 X104.012 Y86.734 E.01012
G1 X103.678 Y86.603 E.01012
G1 X103.377 Y86.408 E.01012
G1 X103.12 Y86.158 E.01012
G1 X102.918 Y85.861 E.01012
G1 X102.779 Y85.531 E.01012
G1 X102.708 Y85.179 E.01012
G1 X102.708 Y84.821 E.01012
G1 X102.779 Y84.469 E.01012
G1 X102.918 Y84.139 E.01012
G1 X103.12 Y83.842 E.01012
G1 X103.377 Y83.592 E.01012
G1 X103.676 Y83.399 E.01005
G1 X103.929 Y83.292 E.00773
G1 X104.276 Y83.213 E.01005
G1 X104.635 Y83.204 E.01012
G1 X104.988 Y83.266 E.01012
G1 X105.051 Y83.291 E.0019
G1 X105.103 Y82.792 F21000
G1 F2462
G1 X105.36 Y82.867 E.00755
G1 X105.761 Y83.077 E.01277
G1 X106.113 Y83.361 E.01276
G1 X106.403 Y83.709 E.01279
G1 X106.621 Y84.11 E.01287
G1 X106.755 Y84.546 E.01287
G1 X106.8 Y85 E.01287
G1 X106.755 Y85.454 E.01287
G1 X106.621 Y85.89 E.01287
G1 X106.403 Y86.291 E.01287
G1 X106.113 Y86.639 E.01279
G1 X105.761 Y86.923 E.01276
G1 X105.36 Y87.133 E.01277
G1 X104.925 Y87.26 E.01276
G1 X104.705 Y87.29 E.00628
G1 X104.295 Y87.29 E.01155
G1 X104.075 Y87.26 E.00628
G1 X103.64 Y87.133 E.01276
G1 X103.239 Y86.923 E.01277
G1 X102.887 Y86.639 E.01276
G1 X102.597 Y86.291 E.01279
G1 X102.379 Y85.89 E.01287
G1 X102.245 Y85.454 E.01287
G1 X102.2 Y85 E.01286
G1 X102.245 Y84.546 E.01286
G1 X102.379 Y84.11 E.01287
G1 X102.597 Y83.709 E.01287
G1 X102.887 Y83.361 E.01279
G1 X103.239 Y83.077 E.01276
G1 X103.64 Y82.867 E.01277
G1 X104.075 Y82.74 E.01276
G1 X104.295 Y82.71 E.00628
G1 X104.705 Y82.71 E.01155
G1 X104.925 Y82.74 E.00628
G1 X105.064 Y82.781 E.00408
SET_VELOCITY_LIMIT ACCEL=5000 ACCEL_TO_DECEL=2500 SQUARE_CORNER_VELOCITY=9
G1 X105.019 Y83.024 F21000
;TYPE:Gap infill
;WIDTH:0.116163
G1 F2462
G1 X104.657 Y82.957 E.00213
G1 X104.249 Y82.966 E.00236
G1 X103.851 Y83.06 E.00236
G1 X103.56 Y83.184 E.00183
G1 X103.222 Y83.403 E.00233
G1 X102.935 Y83.683 E.00232
G1 X102.705 Y84.019 E.00236
G1 X102.546 Y84.394 E.00236
G1 X102.465 Y84.793 E.00236
G1 X102.464 Y85.201 E.00236
G1 X102.544 Y85.6 E.00236
G1 X102.702 Y85.976 E.00236
G1 X102.931 Y86.313 E.00236
G1 X103.227 Y86.601 E.00239
G1 X103.57 Y86.822 E.00236
G1 X103.949 Y86.97 E.00236
G1 X104.343 Y87.043 E.00232
G1 X104.751 Y87.034 E.00236
G1 X105.155 Y86.939 E.0024
G1 X105.526 Y86.771 E.00236
G1 X105.857 Y86.532 E.00236
G1 X106.134 Y86.233 E.00236
G1 X106.346 Y85.885 E.00236
G1 X106.484 Y85.502 E.00236
G1 X106.544 Y85.105 E.00232
G1 X106.534 Y84.788 E.00183
G1 X106.454 Y84.394 E.00233
G1 X106.295 Y84.019 E.00236
G1 X106.065 Y83.683 E.00236
G1 X105.773 Y83.399 E.00236
G1 X105.43 Y83.178 E.00236
G1 X105.058 Y83.033 E.00231
G1 E-.68 F3600
;WIPE_START
G1 F7200
G1 X104.657 Y82.957 E-.04903
G1 X104.249 Y82.966 E-.04897
G1 X104.07 Y83.008 E-.022
;WIPE_END
G1 X104.051 Y90.64 Z6.4 F21000
G1 X103.922 Y142.698 Z6.4
G1 Z6
G1 E.8 F2700
SET_VELOCITY_LIMIT ACCEL=3000 ACCEL_TO_DECEL=1500 SQUARE_CORNER_VELOCITY=7
;TYPE:Outer wall
;WIDTH:0.4
G1 F2462
G1 X103.678 Y142.603 E.00737
G1 X103.377 Y142.408 E.01012
G1 X103.12 Y142.158 E.01012
G1 X102.918 Y141.861 E.01012
G1 X102.779 Y141.531 E.01012
G1 X102.708 Y141.179 E.01012
G1 X102.708 Y140.821 E.01012
G1 X102.779 Y140.469 E.01012
G1 X102.918 Y140.139 E.01012
G1 X103.12 Y139.842 E.01012
G1 X103.377 Y139.592 E.01012
G1 X103.676 Y139.399 E.01005
G1 X103.929 Y139.292 E.00773
G1 X104.276 Y139.213 E.01005
G1 X104.635 Y139.204 E.01012
G1 X104.988 Y139.266 E.01012
G1 X105.322 Y139.397 E.01012
G1 X105.623 Y139.592 E.01012
G1 X105.88 Y139.842 E.01012
G1 X106.082 Y140.139 E.01012
G1 X106.221 Y140.469 E.01012
G1 X106.292 Y140.818 E.01005
G1 X106.298 Y141.092 E.00773
G1 X106.245 Y141.444 E.01004
G1 X106.123 Y141.781 E.01012
G1 X105.936 Y142.087 E.01012
G1 X105.692 Y142.35 E.01012
G1 X105.401 Y142.56 E.01012
G1 X105.074 Y142.707 E.01012
G1 X104.724 Y142.787 E.01012
G1 X104.365 Y142.796 E.01012
G1 X104.012 Y142.734 E.01012
G1 X103.959 Y142.713 E.00161
SET_VELOCITY_LIMIT ACCEL=5000 ACCEL_TO_DECEL=2500 SQUARE_CORNER_VELOCITY=9
G1 E-.68 F3600
;WIPE_START
G1 X103.678 Y142.603 E-.03617
G1 X103.377 Y142.408 E-.04304
G1 X103.134 Y142.171 E-.0408
;WIPE_END
G1 X106.388 Y142.309 Z6.4 F21000
G1 Z6
G1 E.8 F2700
SET_VELOCITY_LIMIT ACCEL=3000 ACCEL_TO_DECEL=1500 SQUARE_CORNER_VELOCITY=7
G1 F2462
G1 X106.113 Y142.639 E.01212
G1 X105.761 Y142.923 E.01276
G1 X105.36 Y143.133 E.01277
G1 X104.925 Y143.26 E.01276
G1 X104.705 Y143.29 E.00628
G1 X104.295 Y143.29 E.01155
G1 X104.075 Y143.26 E.00628
G1 X103.64 Y143.133 E.01276
G1 X103.239 Y142.923 E.01277
G1 X102.887 Y142.639 E.01276
G1 X102.597 Y142.291 E.01279
G1 X102.379 Y141.89 E.01287
G1 X102.245 Y141.454 E.01287
G1 X102.2 Y141 E.01286
G1 X102.245 Y140.546 E.01286
G1 X102.379 Y140.11 E.01287
G1 X102.597 Y139.709 E.01287
G1 X102.887 Y139.361 E.01279
G1 X103.239 Y139.077 E.01276
G1 X103.64 Y138.867 E.01277
G1 X104.075 Y138.74 E.01276
G1 X104.295 Y138.71 E.00628
G1 X104.705 Y138.71 E.01155
G1 X104.925 Y138.74 E.00628
G1 X105.36 Y138.867 E.01276
G1 X105.761 Y139.077 E.01277
G1 X106.113 Y139.361 E.01276
G1 X106.403 Y139.709 E.01279
G1 X106.621 Y140.11 E.01287
G1 X106.755 Y140.546 E.01287
G1 X106.8 Y141 E.01287
G1 X106.755 Y141.454 E.01287
G1 X106.621 Y141.89 E.01287
G1 X106.411 Y142.277 E.01241
SET_VELOCITY_LIMIT ACCEL=5000 ACCEL_TO_DECEL=2500 SQUARE_CORNER_VELOCITY=9
G1 X106.189 Y142.142 F21000
;TYPE:Gap infill
;WIDTH:0.116163
G1 F2462
G1 X106.346 Y141.885 E.00174
G1 X106.484 Y141.502 E.00236
G1 X106.544 Y141.105 E.00232
G1 X106.534 Y140.788 E.00183
G1 X106.454 Y140.394 E.00233
G1 X106.295 Y140.019 E.00236
G1 X106.065 Y139.683 E.00236
G1 X105.773 Y139.399 E.00236
G1 X105.43 Y139.178 E.00236
G1 X105.051 Y139.03 E.00236
G1 X104.657 Y138.957 E.00232
G1 X104.249 Y138.966 E.00236
G1 X103.851 Y139.06 E.00236
G1 X103.56 Y139.184 E.00183
G1 X103.222 Y139.403 E.00233
G1 X102.935 Y139.683 E.00232
G1 X102.705 Y140.019 E.00236
G1 X102.546 Y140.394 E.00236
G1 X102.465 Y140.793 E.00236
G1 X102.464 Y141.201 E.00236
G1 X102.544 Y141.6 E.00236
G1 X102.702 Y141.976 E.00236
G1 X102.931 Y142.313 E.00236
G1 X103.227 Y142.601 E.00239
G1 X103.57 Y142.822 E.00236
G1 X103.949 Y142.97 E.00236
G1 X104.343 Y143.043 E.00232
G1 X104.751 Y143.034 E.00236
G1 X105.155 Y142.939 E.0024
G1 X105.526 Y142.771 E.00236
G1 X105.857 Y142.532 E.00236
G1 X106.134 Y142.233 E.00236
G1 X106.169 Y142.176 E.00039
G1 E-.68 F3600
;WIPE_START
G1 F7200
G1 X106.346 Y141.885 E-.04082
G1 X106.484 Y141.502 E-.04891
G1 X106.522 Y141.253 E-.03027
;WIPE_END
G1 X114.118 Y141.996 Z6.4 F21000
G1 X121.13 Y142.682 Z6.4
G1 Z6
G1 E.8 F2700
SET_VELOCITY_LIMIT ACCEL=3000 ACCEL_TO_DECEL=1500 SQUARE_CORNER_VELOCITY=7
;TYPE:Outer wall
;WIDTH:0.4
G1 F2462
G1 X121.074 Y142.707 E.00175
G1 X120.724 Y142.787 E.01012
G1 X120.365 Y142.796 E.01012
G1 X120.012 Y142.734 E.01012
G1 X119.678 Y142.603 E.01012
G1 X119.377 Y142.408 E.01012
G1 X119.12 Y142.158 E.01012
G1 X118.918 Y141.861 E.01012
G1 X118.779 Y141.531 E.01012
G1 X118.708 Y141.179 E.01012
G1 X118.708 Y140.821 E.01012
G1 X118.779 Y140.469 E.01012
G1 X118.918 Y140.139 E.01012
G1 X119.12 Y139.842 E.01012
G1 X119.377 Y139.592 E.01012
G1 X119.676 Y139.399 E.01005
G1 X119.929 Y139.292 E.00773
G1 X120.276 Y139.213 E.01005
G1 X120.635 Y139.204 E.01012
G1 X120.988 Y139.266 E.01012
G1 X121.322 Y139.397 E.01012
G1 X121.623 Y139.592 E.01012
G1 X121.88 Y139.842 E.01012
G1 X122.082 Y140.139 E.01012
G1 X122.221 Y140.469 E.01012
G1 X122.292 Y140.818 E.01005
G1 X122.298 Y141.092 E.00773
G1 X122.245 Y141.444 E.01004
G1 X122.123 Y141.781 E.01012
G1 X121.936 Y142.087 E.01012
G1 X121.692 Y142.35 E.01012
G1 X121.401 Y142.56 E.01012
G1 X121.167 Y142.665 E.00724
G1 X121.826 Y142.871 F21000
G1 F2462
G1 X121.761 Y142.923 E.00235
G1 X121.36 Y143.133 E.01277
G1 X120.925 Y143.26 E.01276
G1 X120.705 Y143.29 E.00628
G1 X120.295 Y143.29 E.01155
G1 X120.075 Y143.26 E.00628
G1 X119.64 Y143.133 E.01276
G1 X119.239 Y142.923 E.01277
G1 X118.887 Y142.639 E.01276
G1 X118.597 Y142.291 E.01279
G1 X118.379 Y141.89 E.01287
G1 X118.245 Y141.454 E.01287
G1 X118.2 Y141 E.01287
G1 X118.245 Y140.546 E.01287
G1 X118.379 Y140.11 E.01287
G1 X118.597 Y139.709 E.01287
G1 X118.887 Y139.361 E.01279
G1 X119.239 Y139.077 E.01276
G1 X119.64 Y138.867 E.01277
G1 X120.075 Y138.74 E.01276
G1 X120.295 Y138.71 E.00628
G1 X120.705 Y138.71 E.01155
G1 X120.925 Y138.74 E.00628
G1 X121.36 Y138.867 E.01276
G1 X121.761 Y139.077 E.01277
G1 X122.113 Y139.361 E.01276
G1 X122.403 Y139.709 E.01279
G1 X122.621 Y140.11 E.01287
G1 X122.755 Y140.546 E.01287
G1 X122.8 Y141 E.01286
G1 X122.755 Y141.454 E.01286
G1 X122.621 Y141.89 E.01287
G1 X122.403 Y142.291 E.01287
G1 X122.113 Y142.639 E.01279
G1 X121.857 Y142.846 E.00928
SET_VELOCITY_LIMIT ACCEL=5000 ACCEL_TO_DECEL=2500 SQUARE_CORNER_VELOCITY=9
G1 X121.708 Y142.64 F21000
;TYPE:Gap infill
;WIDTH:0.116163
G1 F2462
G1 X121.857 Y142.532 E.00106
G1 X122.134 Y142.233 E.00236
G1 X122.346 Y141.885 E.00236
G1 X122.484 Y141.502 E.00236
G1 X122.544 Y141.105 E.00232
G1 X122.534 Y140.788 E.00183
G1 X122.454 Y140.394 E.00233
G1 X122.295 Y140.019 E.00236
G1 X122.065 Y139.683 E.00236
G1 X121.773 Y139.399 E.00236
G1 X121.43 Y139.178 E.00236
G1 X121.051 Y139.03 E.00236
G1 X120.657 Y138.957 E.00232
G1 X120.249 Y138.966 E.00236
G1 X119.851 Y139.06 E.00236
G1 X119.56 Y139.184 E.00183
G1 X119.222 Y139.403 E.00233
G1 X118.935 Y139.683 E.00232
G1 X118.705 Y140.019 E.00236
G1 X118.546 Y140.394 E.00236
G1 X118.465 Y140.793 E.00236
G1 X118.464 Y141.201 E.00236
G1 X118.544 Y141.6 E.00236
G1 X118.702 Y141.976 E.00236
G1 X118.931 Y142.313 E.00236
G1 X119.227 Y142.601 E.00239
G1 X119.57 Y142.822 E.00236
G1 X119.949 Y142.97 E.00236
G1 X120.343 Y143.043 E.00232
G1 X120.751 Y143.034 E.00236
G1 X121.155 Y142.939 E.0024
G1 X121.526 Y142.771 E.00236
G1 X121.676 Y142.663 E.00107
G1 E-.68 F3600
;WIPE_START
G1 F7200
G1 X121.857 Y142.532 E-.02678
G1 X122.134 Y142.233 E-.04891
G1 X122.326 Y141.918 E-.04431
;WIPE_END
G1 X121.468 Y149.032 Z6.4 F21000
G1 Z6
G1 E.8 F2700
SET_VELOCITY_LIMIT ACCEL=3000 ACCEL_TO_DECEL=1500 SQUARE_CORNER_VELOCITY=7
;TYPE:Inner wall
;WIDTH:0.45
G1 F2462
G1 X121.468 Y149.968 E.03009
G1 X103.532 Y149.968 E.57675
G1 X103.532 Y149.032 E.03009
G1 X121.428 Y149.032 E.57547
SET_VELOCITY_LIMIT ACCEL=5000 ACCEL_TO_DECEL=2500 SQUARE_CORNER_VELOCITY=9
G1 X121.875 Y148.625 F21000
SET_VELOCITY_LIMIT ACCEL=3000 ACCEL_TO_DECEL=1500 SQUARE_CORNER_VELOCITY=7
G1 F2462
G1 X121.875 Y150.375 E.05627
G1 X103.125 Y150.375 E.60293
G1 X103.125 Y148.625 E.05627
G1 X121.835 Y148.625 E.60165
G1 X122.3 Y148.2 F21000
M73 P91 R1
;TYPE:Outer wall
;WIDTH:0.4
G1 F2462
G1 X122.3 Y150.8 E.07334
G1 X102.7 Y150.8 E.55285
G1 X102.7 Y148.2 E.07334
G1 X122.26 Y148.2 E.55172
SET_VELOCITY_LIMIT ACCEL=5000 ACCEL_TO_DECEL=2500 SQUARE_CORNER_VELOCITY=9
G1 E-.68 F3600
;WIPE_START
G1 X122.275 Y149.2 E-.12
;WIPE_END
G1 X121.264 Y149.5 Z6.4 F21000
G1 Z6
G1 E.8 F2700
;TYPE:Gap infill
;WIDTH:0.571682
G1 F2462
G1 X103.736 Y149.5 E.73215
; stop printing object vyper_electronics_cassette.stl id:0 copy 0
;LAYER_CHANGE
;Z:6.2
;HEIGHT:0.2
;BEFORE_LAYER_CHANGE
G92 E0
;6.2


G1 E-.68 F3600
;WIPE_START
G1 F5972.243
G1 X104.736 Y149.5 E-.12
;WIPE_END
EXCLUDE_OBJECT_END NAME=vyper_electronics_cassette.stl_id_0_copy_0
;AFTER_LAYER_CHANGE
;6.2
;_SET_FAN_SPEED_CHANGING_LAYER
; printing object vyper_electronics_cassette.stl id:0 copy 0
EXCLUDE_OBJECT_START NAME=vyper_electronics_cassette.stl_id_0_copy_0
G1 X106.348 Y142.04 Z6.6 F21000
G1 X118.708 Y84.864 Z6.6
G1 Z6.2
G1 E.8 F2700
SET_VELOCITY_LIMIT ACCEL=3000 ACCEL_TO_DECEL=1500 SQUARE_CORNER_VELOCITY=7
;TYPE:Outer wall
;WIDTH:0.4
G1 F2462
G1 X118.708 Y84.821 E.00122
G1 X118.779 Y84.469 E.01012
G1 X118.918 Y84.139 E.01012
G1 X119.12 Y83.842 E.01012
G1 X119.377 Y83.592 E.01012
G1 X119.676 Y83.399 E.01005
G1 X119.929 Y83.292 E.00773
G1 X120.276 Y83.213 E.01005
G1 X120.635 Y83.204 E.01012
G1 X120.988 Y83.266 E.01012
G1 X121.322 Y83.397 E.01012
G1 X121.623 Y83.592 E.01012
G1 X121.88 Y83.842 E.01012
G1 X122.082 Y84.139 E.01012
G1 X122.221 Y84.469 E.01012
G1 X122.292 Y84.818 E.01005
G1 X122.298 Y85.092 E.00773
G1 X122.245 Y85.444 E.01004
G1 X122.123 Y85.781 E.01012
G1 X121.936 Y86.087 E.01012
G1 X121.692 Y86.35 E.01012
G1 X121.401 Y86.56 E.01012
G1 X121.074 Y86.707 E.01012
G1 X120.724 Y86.787 E.01012
G1 X120.365 Y86.796 E.01012
G1 X120.012 Y86.734 E.01012
G1 X119.678 Y86.603 E.01012
G1 X119.377 Y86.408 E.01012
G1 X119.12 Y86.158 E.01012
G1 X118.918 Y85.861 E.01012
G1 X118.779 Y85.531 E.01012
G1 X118.708 Y85.179 E.01012
G1 X118.708 Y84.904 E.00777
SET_VELOCITY_LIMIT ACCEL=5000 ACCEL_TO_DECEL=2500 SQUARE_CORNER_VELOCITY=9
G1 E-.68 F3600
;WIPE_START
G1 X118.708 Y84.821 E-.01
G1 X118.779 Y84.469 E-.04304
G1 X118.918 Y84.139 E-.04304
G1 X119.031 Y83.974 E-.02392
;WIPE_END
G1 X119.192 Y83.115 Z6.6 F21000
G1 Z6.2
G1 E.8 F2700
SET_VELOCITY_LIMIT ACCEL=3000 ACCEL_TO_DECEL=1500 SQUARE_CORNER_VELOCITY=7
G1 F2462
G1 X119.241 Y83.076 E.00177
G1 X119.643 Y82.866 E.01279
G1 X120.078 Y82.739 E.01278
G1 X120.299 Y82.709 E.0063
G1 X120.701 Y82.709 E.01132
G1 X120.922 Y82.739 E.0063
G1 X121.357 Y82.866 E.01278
G1 X121.759 Y83.076 E.01279
G1 X122.112 Y83.36 E.01278
G1 X122.403 Y83.709 E.01281
G1 X122.62 Y84.11 E.01287
G1 X122.754 Y84.546 E.01287
G1 X122.8 Y85 E.01287
G1 X122.754 Y85.454 E.01287
G1 X122.62 Y85.89 E.01287
G1 X122.403 Y86.291 E.01287
G1 X122.112 Y86.64 E.01281
G1 X121.759 Y86.924 E.01278
G1 X121.357 Y87.134 E.01279
G1 X120.922 Y87.261 E.01278
G1 X120.701 Y87.291 E.0063
G1 X120.299 Y87.291 E.01132
G1 X120.078 Y87.261 E.0063
G1 X119.643 Y87.134 E.01278
G1 X119.241 Y86.924 E.01279
G1 X118.888 Y86.64 E.01279
G1 X118.597 Y86.291 E.01281
G1 X118.38 Y85.89 E.01287
G1 X118.246 Y85.454 E.01287
G1 X118.2 Y85 E.01287
G1 X118.246 Y84.546 E.01287
G1 X118.38 Y84.11 E.01287
G1 X118.597 Y83.709 E.01287
G1 X118.888 Y83.36 E.01281
G1 X119.161 Y83.14 E.00989
SET_VELOCITY_LIMIT ACCEL=5000 ACCEL_TO_DECEL=2500 SQUARE_CORNER_VELOCITY=9
G1 X119.299 Y83.353 F21000
;TYPE:Gap infill
;WIDTH:0.116167
G1 F2462
G1 X119.222 Y83.403 E.00053
G1 X118.935 Y83.683 E.00232
G1 X118.705 Y84.019 E.00236
G1 X118.546 Y84.394 E.00236
G1 X118.465 Y84.793 E.00236
G1 X118.464 Y85.201 E.00236
G1 X118.544 Y85.6 E.00236
G1 X118.702 Y85.976 E.00236
G1 X118.931 Y86.313 E.00236
G1 X119.227 Y86.601 E.00239
G1 X119.564 Y86.819 E.00232
G1 X119.943 Y86.968 E.00236
G1 X120.343 Y87.043 E.00236
G1 X120.751 Y87.034 E.00236
G1 X121.155 Y86.939 E.0024
G1 X121.526 Y86.771 E.00236
G1 X121.857 Y86.532 E.00236
G1 X122.134 Y86.233 E.00236
G1 X122.346 Y85.885 E.00236
G1 X122.484 Y85.502 E.00236
G1 X122.544 Y85.105 E.00232
G1 X122.534 Y84.788 E.00183
G1 X122.454 Y84.394 E.00233
G1 X122.295 Y84.019 E.00236
G1 X122.065 Y83.683 E.00236
G1 X121.773 Y83.399 E.00236
G1 X121.43 Y83.178 E.00236
G1 X121.057 Y83.032 E.00232
G1 X120.657 Y82.957 E.00236
G1 X120.249 Y82.966 E.00236
G1 X119.851 Y83.06 E.00236
G1 X119.56 Y83.184 E.00183
G1 X119.333 Y83.331 E.00156
G1 E-.68 F3600
;WIPE_START
G1 F7200
G1 X119.222 Y83.403 E-.01581
G1 X118.935 Y83.683 E-.04814
G1 X118.705 Y84.019 E-.04888
G1 X118.682 Y84.074 E-.00717
;WIPE_END
G1 X111.062 Y83.637 Z6.6 F21000
G1 X105.057 Y83.293 Z6.6
G1 Z6.2
G1 E.8 F2700
SET_VELOCITY_LIMIT ACCEL=3000 ACCEL_TO_DECEL=1500 SQUARE_CORNER_VELOCITY=7
;TYPE:Outer wall
;WIDTH:0.4
G1 F2462
G1 X105.322 Y83.397 E.00802
G1 X105.623 Y83.592 E.01012
G1 X105.88 Y83.842 E.01012
G1 X106.082 Y84.139 E.01012
G1 X106.221 Y84.469 E.01012
G1 X106.292 Y84.818 E.01005
G1 X106.298 Y85.092 E.00773
G1 X106.245 Y85.444 E.01004
G1 X106.123 Y85.781 E.01012
G1 X105.936 Y86.087 E.01012
G1 X105.692 Y86.35 E.01012
G1 X105.401 Y86.56 E.01012
G1 X105.074 Y86.707 E.01012
G1 X104.724 Y86.787 E.01012
G1 X104.365 Y86.796 E.01012
G1 X104.012 Y86.734 E.01012
G1 X103.678 Y86.603 E.01012
G1 X103.377 Y86.408 E.01012
G1 X103.12 Y86.158 E.01012
G1 X102.918 Y85.861 E.01012
G1 X102.779 Y85.531 E.01012
G1 X102.708 Y85.179 E.01012
G1 X102.708 Y84.821 E.01012
G1 X102.779 Y84.469 E.01012
G1 X102.918 Y84.139 E.01012
G1 X103.12 Y83.842 E.01012
G1 X103.377 Y83.592 E.01012
G1 X103.676 Y83.399 E.01005
G1 X103.929 Y83.292 E.00773
G1 X104.276 Y83.213 E.01004
G1 X104.635 Y83.204 E.01012
G1 X104.988 Y83.266 E.01012
G1 X105.02 Y83.279 E.00097
G1 X105.045 Y82.775 F21000
G1 F2462
G1 X105.357 Y82.866 E.00918
G1 X105.759 Y83.076 E.01279
G1 X106.112 Y83.36 E.01279
G1 X106.403 Y83.709 E.01281
G1 X106.62 Y84.11 E.01287
G1 X106.754 Y84.546 E.01287
G1 X106.8 Y85 E.01287
G1 X106.754 Y85.454 E.01287
G1 X106.62 Y85.89 E.01287
G1 X106.403 Y86.291 E.01287
G1 X106.112 Y86.64 E.01281
G1 X105.759 Y86.924 E.01279
G1 X105.357 Y87.134 E.01279
G1 X104.922 Y87.261 E.01278
G1 X104.701 Y87.291 E.0063
G1 X104.299 Y87.291 E.01132
G1 X104.078 Y87.261 E.0063
G1 X103.643 Y87.134 E.01278
G1 X103.241 Y86.924 E.01279
G1 X102.888 Y86.64 E.01278
G1 X102.597 Y86.291 E.01281
G1 X102.38 Y85.89 E.01287
G1 X102.246 Y85.454 E.01287
G1 X102.2 Y85 E.01287
G1 X102.246 Y84.546 E.01287
G1 X102.38 Y84.11 E.01287
G1 X102.597 Y83.709 E.01287
G1 X102.888 Y83.36 E.01281
G1 X103.241 Y83.076 E.01278
G1 X103.643 Y82.866 E.01279
G1 X104.078 Y82.739 E.01278
G1 X104.299 Y82.709 E.0063
G1 X104.701 Y82.709 E.01132
G1 X104.922 Y82.739 E.0063
G1 X105.006 Y82.764 E.00248
SET_VELOCITY_LIMIT ACCEL=5000 ACCEL_TO_DECEL=2500 SQUARE_CORNER_VELOCITY=9
G1 X104.959 Y83.013 F21000
;TYPE:Gap infill
;WIDTH:0.116166
G1 F2462
G1 X104.657 Y82.957 E.00178
G1 X104.249 Y82.966 E.00236
G1 X103.851 Y83.06 E.00236
G1 X103.56 Y83.184 E.00183
G1 X103.222 Y83.403 E.00233
G1 X102.935 Y83.683 E.00232
G1 X102.705 Y84.019 E.00236
G1 X102.546 Y84.394 E.00236
G1 X102.465 Y84.793 E.00236
G1 X102.464 Y85.201 E.00236
G1 X102.544 Y85.6 E.00236
G1 X102.702 Y85.976 E.00236
G1 X102.931 Y86.313 E.00236
G1 X103.227 Y86.601 E.00239
G1 X103.564 Y86.819 E.00232
G1 X103.943 Y86.968 E.00236
G1 X104.343 Y87.043 E.00236
G1 X104.751 Y87.034 E.00236
G1 X105.155 Y86.939 E.0024
G1 X105.526 Y86.771 E.00236
G1 X105.857 Y86.532 E.00236
G1 X106.134 Y86.233 E.00236
G1 X106.346 Y85.885 E.00236
G1 X106.484 Y85.502 E.00236
G1 X106.544 Y85.105 E.00232
G1 X106.534 Y84.788 E.00183
G1 X106.454 Y84.394 E.00233
G1 X106.295 Y84.019 E.00236
G1 X106.065 Y83.683 E.00236
G1 X105.773 Y83.399 E.00236
G1 X105.43 Y83.178 E.00236
G1 X105.057 Y83.032 E.00232
G1 X104.999 Y83.021 E.00034
G1 E-.68 F3600
;WIPE_START
G1 F7200
G1 X104.657 Y82.957 E-.04177
G1 X104.249 Y82.966 E-.04897
G1 X104.011 Y83.022 E-.02926
;WIPE_END
G1 X104.003 Y90.654 Z6.6 F21000
G1 X103.95 Y142.709 Z6.6
G1 Z6.2
G1 E.8 F2700
SET_VELOCITY_LIMIT ACCEL=3000 ACCEL_TO_DECEL=1500 SQUARE_CORNER_VELOCITY=7
;TYPE:Outer wall
;WIDTH:0.4
G1 F2462
G1 X103.678 Y142.603 E.00822
G1 X103.377 Y142.408 E.01012
G1 X103.12 Y142.158 E.01012
G1 X102.918 Y141.861 E.01012
G1 X102.779 Y141.531 E.01012
G1 X102.708 Y141.179 E.01012
G1 X102.708 Y140.821 E.01012
G1 X102.779 Y140.469 E.01012
G1 X102.918 Y140.139 E.01012
G1 X103.12 Y139.842 E.01012
G1 X103.377 Y139.592 E.01012
G1 X103.676 Y139.399 E.01005
G1 X103.929 Y139.292 E.00773
G1 X104.276 Y139.213 E.01004
G1 X104.635 Y139.204 E.01012
G1 X104.988 Y139.266 E.01012
G1 X105.322 Y139.397 E.01012
G1 X105.623 Y139.592 E.01012
G1 X105.88 Y139.842 E.01012
G1 X106.082 Y140.139 E.01012
G1 X106.221 Y140.469 E.01012
G1 X106.292 Y140.818 E.01005
G1 X106.298 Y141.092 E.00773
G1 X106.245 Y141.444 E.01004
G1 X106.123 Y141.781 E.01012
G1 X105.936 Y142.087 E.01012
G1 X105.692 Y142.35 E.01012
G1 X105.401 Y142.56 E.01012
G1 X105.074 Y142.707 E.01012
G1 X104.724 Y142.787 E.01012
G1 X104.365 Y142.796 E.01012
G1 X104.012 Y142.734 E.01012
G1 X103.987 Y142.724 E.00077
SET_VELOCITY_LIMIT ACCEL=5000 ACCEL_TO_DECEL=2500 SQUARE_CORNER_VELOCITY=9
G1 E-.68 F3600
;WIPE_START
G1 X103.678 Y142.603 E-.03976
G1 X103.377 Y142.408 E-.04304
G1 X103.155 Y142.192 E-.0372
;WIPE_END
G1 X106.392 Y142.304 Z6.6 F21000
G1 Z6.2
G1 E.8 F2700
SET_VELOCITY_LIMIT ACCEL=3000 ACCEL_TO_DECEL=1500 SQUARE_CORNER_VELOCITY=7
G1 F2462
G1 X106.112 Y142.64 E.01233
G1 X105.759 Y142.924 E.01279
G1 X105.357 Y143.134 E.01279
G1 X104.922 Y143.261 E.01278
G1 X104.701 Y143.291 E.0063
G1 X104.299 Y143.291 E.01132
G1 X104.078 Y143.261 E.0063
G1 X103.643 Y143.134 E.01278
G1 X103.241 Y142.924 E.01279
G1 X102.888 Y142.64 E.01278
G1 X102.597 Y142.291 E.01281
G1 X102.38 Y141.89 E.01287
G1 X102.246 Y141.454 E.01287
G1 X102.2 Y141 E.01287
G1 X102.246 Y140.546 E.01287
G1 X102.38 Y140.11 E.01287
G1 X102.597 Y139.709 E.01287
G1 X102.888 Y139.36 E.01281
G1 X103.241 Y139.076 E.01278
G1 X103.643 Y138.866 E.01279
G1 X104.078 Y138.739 E.01278
G1 X104.299 Y138.709 E.0063
G1 X104.701 Y138.709 E.01132
G1 X104.922 Y138.739 E.0063
G1 X105.357 Y138.866 E.01278
G1 X105.759 Y139.076 E.01279
G1 X106.112 Y139.36 E.01279
G1 X106.403 Y139.709 E.01281
G1 X106.62 Y140.11 E.01287
G1 X106.754 Y140.546 E.01287
G1 X106.8 Y141 E.01287
G1 X106.754 Y141.454 E.01287
G1 X106.62 Y141.89 E.01287
G1 X106.414 Y142.271 E.01222
SET_VELOCITY_LIMIT ACCEL=5000 ACCEL_TO_DECEL=2500 SQUARE_CORNER_VELOCITY=9
G1 X106.193 Y142.136 F21000
;TYPE:Gap infill
;WIDTH:0.116166
G1 F2462
G1 X106.346 Y141.885 E.0017
G1 X106.484 Y141.502 E.00236
G1 X106.544 Y141.105 E.00232
G1 X106.534 Y140.788 E.00183
G1 X106.454 Y140.394 E.00233
G1 X106.295 Y140.019 E.00236
G1 X106.065 Y139.683 E.00236
G1 X105.773 Y139.399 E.00236
G1 X105.43 Y139.178 E.00236
G1 X105.057 Y139.032 E.00232
G1 X104.657 Y138.957 E.00236
G1 X104.249 Y138.966 E.00236
G1 X103.851 Y139.06 E.00236
G1 X103.56 Y139.184 E.00183
G1 X103.222 Y139.403 E.00233
G1 X102.935 Y139.683 E.00232
G1 X102.705 Y140.019 E.00236
G1 X102.546 Y140.394 E.00236
G1 X102.465 Y140.793 E.00236
G1 X102.464 Y141.201 E.00236
G1 X102.544 Y141.6 E.00236
G1 X102.702 Y141.976 E.00236
G1 X102.931 Y142.313 E.00236
G1 X103.227 Y142.601 E.00239
G1 X103.564 Y142.819 E.00232
G1 X103.943 Y142.968 E.00236
G1 X104.343 Y143.043 E.00236
G1 X104.751 Y143.034 E.00236
G1 X105.155 Y142.939 E.0024
G1 X105.526 Y142.771 E.00236
G1 X105.857 Y142.532 E.00236
G1 X106.134 Y142.233 E.00236
G1 X106.172 Y142.17 E.00043
G1 E-.68 F3600
;WIPE_START
G1 F7200
G1 X106.346 Y141.885 E-.04008
G1 X106.484 Y141.502 E-.04892
G1 X106.523 Y141.246 E-.031
;WIPE_END
G1 X114.118 Y141.999 Z6.6 F21000
G1 X121.109 Y142.691 Z6.6
G1 Z6.2
G1 E.8 F2700
SET_VELOCITY_LIMIT ACCEL=3000 ACCEL_TO_DECEL=1500 SQUARE_CORNER_VELOCITY=7
;TYPE:Outer wall
;WIDTH:0.4
G1 F2462
G1 X121.074 Y142.707 E.00109
G1 X120.724 Y142.787 E.01012
G1 X120.365 Y142.796 E.01012
G1 X120.012 Y142.734 E.01012
G1 X119.678 Y142.603 E.01012
G1 X119.377 Y142.408 E.01012
G1 X119.12 Y142.158 E.01012
G1 X118.918 Y141.861 E.01012
G1 X118.779 Y141.531 E.01012
G1 X118.708 Y141.179 E.01012
G1 X118.708 Y140.821 E.01012
G1 X118.779 Y140.469 E.01012
G1 X118.918 Y140.139 E.01012
G1 X119.12 Y139.842 E.01012
G1 X119.377 Y139.592 E.01012
G1 X119.676 Y139.399 E.01005
G1 X119.929 Y139.292 E.00773
G1 X120.276 Y139.213 E.01005
G1 X120.635 Y139.204 E.01012
G1 X120.988 Y139.266 E.01012
G1 X121.322 Y139.397 E.01012
G1 X121.623 Y139.592 E.01012
G1 X121.88 Y139.842 E.01012
G1 X122.082 Y140.139 E.01012
G1 X122.221 Y140.469 E.01012
G1 X122.292 Y140.818 E.01005
G1 X122.298 Y141.092 E.00773
G1 X122.245 Y141.444 E.01004
G1 X122.123 Y141.781 E.01012
G1 X121.936 Y142.087 E.01012
G1 X121.692 Y142.35 E.01012
G1 X121.401 Y142.56 E.01012
G1 X121.145 Y142.675 E.0079
G1 X121.808 Y142.885 F21000
G1 F2462
G1 X121.759 Y142.924 E.00177
G1 X121.357 Y143.134 E.01279
G1 X120.922 Y143.261 E.01278
G1 X120.701 Y143.291 E.0063
G1 X120.299 Y143.291 E.01132
G1 X120.078 Y143.261 E.0063
G1 X119.643 Y143.134 E.01278
G1 X119.241 Y142.924 E.01279
G1 X118.888 Y142.64 E.01279
G1 X118.597 Y142.291 E.01281
G1 X118.38 Y141.89 E.01287
G1 X118.246 Y141.454 E.01287
G1 X118.2 Y141 E.01287
G1 X118.246 Y140.546 E.01287
G1 X118.38 Y140.11 E.01287
G1 X118.597 Y139.709 E.01287
G1 X118.888 Y139.36 E.01281
G1 X119.241 Y139.076 E.01279
G1 X119.643 Y138.866 E.01279
G1 X120.078 Y138.739 E.01278
G1 X120.299 Y138.709 E.0063
G1 X120.701 Y138.709 E.01132
G1 X120.922 Y138.739 E.0063
G1 X121.357 Y138.866 E.01278
G1 X121.759 Y139.076 E.01279
G1 X122.112 Y139.36 E.01278
G1 X122.403 Y139.709 E.01281
G1 X122.62 Y140.11 E.01287
G1 X122.754 Y140.546 E.01287
G1 X122.8 Y141 E.01287
G1 X122.754 Y141.454 E.01287
G1 X122.62 Y141.89 E.01287
G1 X122.403 Y142.291 E.01287
G1 X122.112 Y142.64 E.01281
G1 X121.839 Y142.86 E.00989
SET_VELOCITY_LIMIT ACCEL=5000 ACCEL_TO_DECEL=2500 SQUARE_CORNER_VELOCITY=9
G1 X121.69 Y142.653 F21000
;TYPE:Gap infill
;WIDTH:0.116167
G1 F2462
G1 X121.857 Y142.532 E.00119
G1 X122.134 Y142.233 E.00236
G1 X122.346 Y141.885 E.00236
G1 X122.484 Y141.502 E.00236
G1 X122.544 Y141.105 E.00232
G1 X122.534 Y140.788 E.00183
G1 X122.454 Y140.394 E.00233
G1 X122.295 Y140.019 E.00236
G1 X122.065 Y139.683 E.00236
G1 X121.773 Y139.399 E.00236
G1 X121.43 Y139.178 E.00236
G1 X121.057 Y139.032 E.00232
G1 X120.657 Y138.957 E.00236
G1 X120.249 Y138.966 E.00236
G1 X119.851 Y139.06 E.00236
G1 X119.56 Y139.184 E.00183
G1 X119.222 Y139.403 E.00233
G1 X118.935 Y139.683 E.00232
G1 X118.705 Y140.019 E.00236
G1 X118.546 Y140.394 E.00236
G1 X118.465 Y140.793 E.00236
G1 X118.464 Y141.201 E.00236
G1 X118.544 Y141.6 E.00236
G1 X118.702 Y141.976 E.00236
G1 X118.931 Y142.313 E.00236
M73 P92 R1
G1 X119.227 Y142.601 E.00239
G1 X119.564 Y142.819 E.00232
G1 X119.943 Y142.968 E.00236
G1 X120.343 Y143.043 E.00236
G1 X120.751 Y143.034 E.00236
G1 X121.155 Y142.939 E.0024
G1 X121.526 Y142.771 E.00236
G1 X121.657 Y142.676 E.00093
G1 E-.68 F3600
;WIPE_START
G1 F7200
G1 X121.857 Y142.532 E-.02952
G1 X122.134 Y142.233 E-.04891
G1 X122.314 Y141.937 E-.04157
;WIPE_END
G1 X121.468 Y149.032 Z6.6 F21000
G1 Z6.2
G1 E.8 F2700
SET_VELOCITY_LIMIT ACCEL=3000 ACCEL_TO_DECEL=1500 SQUARE_CORNER_VELOCITY=7
;TYPE:Inner wall
;WIDTH:0.45
G1 F2462
G1 X121.468 Y149.968 E.03009
G1 X103.532 Y149.968 E.57675
G1 X103.532 Y149.032 E.03009
G1 X121.428 Y149.032 E.57547
SET_VELOCITY_LIMIT ACCEL=5000 ACCEL_TO_DECEL=2500 SQUARE_CORNER_VELOCITY=9
G1 X121.875 Y148.625 F21000
SET_VELOCITY_LIMIT ACCEL=3000 ACCEL_TO_DECEL=1500 SQUARE_CORNER_VELOCITY=7
G1 F2462
G1 X121.875 Y150.375 E.05627
G1 X103.125 Y150.375 E.60293
G1 X103.125 Y148.625 E.05627
G1 X121.835 Y148.625 E.60165
G1 X122.3 Y148.2 F21000
;TYPE:Outer wall
;WIDTH:0.4
G1 F2462
G1 X122.3 Y150.8 E.07334
G1 X102.7 Y150.8 E.55285
G1 X102.7 Y148.2 E.07334
M73 P92 R0
G1 X122.26 Y148.2 E.55172
SET_VELOCITY_LIMIT ACCEL=5000 ACCEL_TO_DECEL=2500 SQUARE_CORNER_VELOCITY=9
G1 E-.68 F3600
;WIPE_START
G1 X122.275 Y149.2 E-.12
;WIPE_END
G1 X121.264 Y149.5 Z6.6 F21000
G1 Z6.2
G1 E.8 F2700
;TYPE:Gap infill
;WIDTH:0.571682
G1 F2462
G1 X103.736 Y149.5 E.73215
; stop printing object vyper_electronics_cassette.stl id:0 copy 0
;LAYER_CHANGE
;Z:6.4
;HEIGHT:0.2
;BEFORE_LAYER_CHANGE
G92 E0
;6.4


G1 E-.68 F3600
;WIPE_START
G1 F5972.243
G1 X104.736 Y149.5 E-.12
;WIPE_END
EXCLUDE_OBJECT_END NAME=vyper_electronics_cassette.stl_id_0_copy_0
;AFTER_LAYER_CHANGE
;6.4
;_SET_FAN_SPEED_CHANGING_LAYER
; printing object vyper_electronics_cassette.stl id:0 copy 0
EXCLUDE_OBJECT_START NAME=vyper_electronics_cassette.stl_id_0_copy_0
G1 X106.348 Y142.04 Z6.8 F21000
G1 X118.707 Y84.875 Z6.8
G1 Z6.4
G1 E.8 F2700
SET_VELOCITY_LIMIT ACCEL=3000 ACCEL_TO_DECEL=1500 SQUARE_CORNER_VELOCITY=7
;TYPE:Outer wall
;WIDTH:0.4
G1 F2462
G1 X118.755 Y84.556 E.0091
G1 X118.877 Y84.219 E.01012
G1 X119.064 Y83.913 E.01012
G1 X119.308 Y83.65 E.01012
G1 X119.599 Y83.44 E.01012
G1 X119.926 Y83.293 E.01012
G1 X120.276 Y83.213 E.01012
G1 X120.635 Y83.204 E.01012
G1 X120.988 Y83.266 E.01012
G1 X121.322 Y83.397 E.01012
G1 X121.623 Y83.592 E.01012
G1 X121.88 Y83.842 E.01012
G1 X122.082 Y84.139 E.01012
G1 X122.221 Y84.469 E.01012
G1 X122.292 Y84.821 E.01012
G1 X122.292 Y85.179 E.01012
G1 X122.221 Y85.531 E.01012
G1 X122.082 Y85.861 E.01012
G1 X121.88 Y86.158 E.01012
G1 X121.623 Y86.408 E.01012
G1 X121.324 Y86.601 E.01005
G1 X121.071 Y86.708 E.00773
G1 X120.724 Y86.787 E.01004
G1 X120.365 Y86.796 E.01012
G1 X120.012 Y86.734 E.01012
G1 X119.678 Y86.603 E.01012
G1 X119.377 Y86.408 E.01012
G1 X119.12 Y86.158 E.01012
G1 X118.918 Y85.861 E.01012
G1 X118.779 Y85.531 E.01012
G1 X118.708 Y85.182 E.01004
G1 X118.702 Y84.914 E.00755
SET_VELOCITY_LIMIT ACCEL=5000 ACCEL_TO_DECEL=2500 SQUARE_CORNER_VELOCITY=9
G1 E-.68 F3600
;WIPE_START
G1 X118.755 Y84.556 E-.04349
G1 X118.877 Y84.219 E-.04303
G1 X119.023 Y83.981 E-.03347
;WIPE_END
G1 X119.21 Y83.101 Z6.8 F21000
G1 Z6.4
G1 E.8 F2700
SET_VELOCITY_LIMIT ACCEL=3000 ACCEL_TO_DECEL=1500 SQUARE_CORNER_VELOCITY=7
G1 F2462
G1 X119.243 Y83.074 E.00118
G1 X119.646 Y82.865 E.01281
G1 X120.082 Y82.739 E.0128
G1 X120.303 Y82.709 E.00631
G1 X120.697 Y82.709 E.01109
G1 X120.918 Y82.739 E.00631
G1 X121.354 Y82.865 E.0128
G1 X121.757 Y83.074 E.01281
G1 X122.111 Y83.359 E.01281
G1 X122.402 Y83.708 E.01282
G1 X122.62 Y84.109 E.01288
G1 X122.754 Y84.546 E.01288
G1 X122.8 Y85 E.01288
G1 X122.754 Y85.454 E.01288
G1 X122.62 Y85.891 E.01288
G1 X122.402 Y86.292 E.01288
G1 X122.111 Y86.641 E.01282
G1 X121.757 Y86.926 E.01281
G1 X121.354 Y87.135 E.01281
G1 X120.918 Y87.261 E.0128
G1 X120.697 Y87.291 E.00631
G1 X120.303 Y87.291 E.01109
G1 X120.082 Y87.261 E.00631
G1 X119.646 Y87.135 E.0128
G1 X119.243 Y86.926 E.01281
G1 X118.889 Y86.641 E.01281
G1 X118.598 Y86.292 E.01282
G1 X118.38 Y85.891 E.01288
G1 X118.246 Y85.454 E.01288
G1 X118.2 Y85 E.01288
G1 X118.246 Y84.546 E.01288
G1 X118.38 Y84.109 E.01288
G1 X118.598 Y83.708 E.01288
G1 X118.889 Y83.359 E.01282
G1 X119.179 Y83.126 E.0105
SET_VELOCITY_LIMIT ACCEL=5000 ACCEL_TO_DECEL=2500 SQUARE_CORNER_VELOCITY=9
G1 X119.329 Y83.334 F21000
;TYPE:Gap infill
;WIDTH:0.116171
G1 F2462
G1 X119.143 Y83.468 E.00132
G1 X118.866 Y83.767 E.00236
G1 X118.654 Y84.115 E.00236
G1 X118.516 Y84.498 E.00236
G1 X118.457 Y84.89 E.00229
G1 X118.466 Y85.212 E.00187
G1 X118.546 Y85.606 E.00233
G1 X118.705 Y85.981 E.00236
G1 X118.935 Y86.317 E.00236
G1 X119.227 Y86.601 E.00236
G1 X119.57 Y86.822 E.00236
G1 X119.943 Y86.968 E.00232
G1 X120.343 Y87.043 E.00236
G1 X120.751 Y87.034 E.00236
G1 X121.149 Y86.941 E.00236
G1 X121.44 Y86.816 E.00183
G1 X121.778 Y86.597 E.00233
G1 X122.069 Y86.313 E.00236
G1 X122.298 Y85.976 E.00236
G1 X122.456 Y85.6 E.00236
G1 X122.536 Y85.201 E.00236
G1 X122.535 Y84.793 E.00236
G1 X122.454 Y84.394 E.00236
G1 X122.295 Y84.019 E.00236
G1 X122.065 Y83.683 E.00236
G1 X121.773 Y83.399 E.00236
G1 X121.43 Y83.178 E.00236
G1 X121.057 Y83.032 E.00232
G1 X120.657 Y82.957 E.00236
G1 X120.249 Y82.966 E.00236
G1 X119.845 Y83.061 E.0024
G1 X119.474 Y83.229 E.00236
G1 X119.361 Y83.31 E.0008
G1 E-.68 F3600
;WIPE_START
G1 F7200
G1 X119.143 Y83.468 E-.03226
G1 X118.866 Y83.767 E-.04891
G1 X118.698 Y84.043 E-.03883
;WIPE_END
G1 X111.078 Y83.619 Z6.8 F21000
G1 X105.026 Y83.281 Z6.8
G1 Z6.4
G1 E.8 F2700
SET_VELOCITY_LIMIT ACCEL=3000 ACCEL_TO_DECEL=1500 SQUARE_CORNER_VELOCITY=7
;TYPE:Outer wall
;WIDTH:0.4
G1 F2462
G1 X105.322 Y83.397 E.00895
G1 X105.623 Y83.592 E.01012
G1 X105.88 Y83.842 E.01012
G1 X106.082 Y84.139 E.01012
G1 X106.221 Y84.469 E.01012
G1 X106.292 Y84.821 E.01012
G1 X106.292 Y85.179 E.01012
G1 X106.221 Y85.531 E.01012
G1 X106.082 Y85.861 E.01012
G1 X105.88 Y86.158 E.01012
G1 X105.623 Y86.408 E.01012
G1 X105.324 Y86.601 E.01005
G1 X105.071 Y86.708 E.00773
G1 X104.724 Y86.787 E.01004
G1 X104.365 Y86.796 E.01012
G1 X104.012 Y86.734 E.01012
G1 X103.678 Y86.603 E.01012
G1 X103.377 Y86.408 E.01012
G1 X103.12 Y86.158 E.01012
G1 X102.918 Y85.861 E.01012
G1 X102.779 Y85.531 E.01012
G1 X102.708 Y85.182 E.01005
G1 X102.702 Y84.908 E.00773
G1 X102.755 Y84.556 E.01005
G1 X102.877 Y84.219 E.01012
G1 X103.064 Y83.913 E.01012
G1 X103.308 Y83.65 E.01012
G1 X103.6 Y83.44 E.01012
G1 X103.926 Y83.293 E.01012
G1 X104.276 Y83.213 E.01012
G1 X104.635 Y83.204 E.01012
G1 X104.988 Y83.266 E.01012
G1 X104.989 Y83.267 E.00003
G1 X104.986 Y82.758 F21000
G1 F2462
G1 X105.354 Y82.865 E.01081
G1 X105.757 Y83.074 E.01281
G1 X106.111 Y83.359 E.01281
G1 X106.402 Y83.708 E.01282
G1 X106.62 Y84.109 E.01288
G1 X106.754 Y84.546 E.01288
G1 X106.8 Y85 E.01288
G1 X106.754 Y85.454 E.01288
G1 X106.62 Y85.891 E.01288
G1 X106.402 Y86.292 E.01288
G1 X106.111 Y86.641 E.01282
G1 X105.757 Y86.926 E.01281
G1 X105.354 Y87.135 E.01281
G1 X104.918 Y87.261 E.0128
G1 X104.697 Y87.291 E.00631
G1 X104.303 Y87.291 E.01109
G1 X104.082 Y87.261 E.00631
G1 X103.646 Y87.135 E.0128
G1 X103.243 Y86.926 E.01281
G1 X102.889 Y86.641 E.01281
G1 X102.598 Y86.292 E.01282
G1 X102.38 Y85.891 E.01288
G1 X102.246 Y85.454 E.01288
G1 X102.2 Y85 E.01288
G1 X102.246 Y84.546 E.01288
G1 X102.38 Y84.109 E.01288
G1 X102.598 Y83.708 E.01288
G1 X102.889 Y83.359 E.01282
G1 X103.243 Y83.074 E.01281
G1 X103.646 Y82.865 E.01281
G1 X104.082 Y82.739 E.0128
G1 X104.303 Y82.709 E.00631
G1 X104.697 Y82.709 E.01109
G1 X104.918 Y82.739 E.00631
G1 X104.948 Y82.747 E.00087
SET_VELOCITY_LIMIT ACCEL=5000 ACCEL_TO_DECEL=2500 SQUARE_CORNER_VELOCITY=9
G1 X104.9 Y83.002 F21000
;TYPE:Gap infill
;WIDTH:0.116171
G1 F2462
G1 X104.657 Y82.957 E.00143
G1 X104.249 Y82.966 E.00236
G1 X103.845 Y83.061 E.0024
G1 X103.474 Y83.229 E.00236
G1 X103.143 Y83.468 E.00236
G1 X102.866 Y83.767 E.00236
G1 X102.654 Y84.115 E.00236
G1 X102.516 Y84.498 E.00236
G1 X102.457 Y84.89 E.00229
G1 X102.466 Y85.212 E.00187
G1 X102.546 Y85.606 E.00233
G1 X102.705 Y85.981 E.00236
G1 X102.935 Y86.317 E.00236
G1 X103.227 Y86.601 E.00236
G1 X103.57 Y86.822 E.00236
G1 X103.943 Y86.968 E.00232
G1 X104.343 Y87.043 E.00236
G1 X104.751 Y87.034 E.00236
G1 X105.149 Y86.941 E.00236
G1 X105.44 Y86.816 E.00183
G1 X105.778 Y86.597 E.00233
G1 X106.069 Y86.312 E.00236
G1 X106.298 Y85.976 E.00236
G1 X106.456 Y85.6 E.00236
G1 X106.536 Y85.201 E.00236
G1 X106.535 Y84.793 E.00236
G1 X106.454 Y84.394 E.00236
G1 X106.295 Y84.019 E.00236
G1 X106.065 Y83.683 E.00236
G1 X105.773 Y83.399 E.00236
G1 X105.43 Y83.178 E.00236
G1 X105.057 Y83.032 E.00232
G1 X104.94 Y83.01 E.00069
G1 E-.68 F3600
;WIPE_START
G1 F7200
G1 X104.657 Y82.957 E-.03454
G1 X104.249 Y82.966 E-.04898
G1 X103.953 Y83.036 E-.03649
;WIPE_END
G1 X103.956 Y90.668 Z6.8 F21000
G1 X103.977 Y142.72 Z6.8
G1 Z6.4
G1 E.8 F2700
SET_VELOCITY_LIMIT ACCEL=3000 ACCEL_TO_DECEL=1500 SQUARE_CORNER_VELOCITY=7
;TYPE:Outer wall
;WIDTH:0.4
G1 F2462
G1 X103.678 Y142.603 E.00906
G1 X103.377 Y142.408 E.01012
G1 X103.12 Y142.158 E.01012
G1 X102.918 Y141.861 E.01012
G1 X102.779 Y141.531 E.01012
G1 X102.708 Y141.182 E.01005
G1 X102.702 Y140.908 E.00773
G1 X102.755 Y140.556 E.01005
G1 X102.877 Y140.219 E.01012
G1 X103.064 Y139.913 E.01012
G1 X103.308 Y139.65 E.01012
G1 X103.6 Y139.44 E.01012
G1 X103.926 Y139.293 E.01012
G1 X104.276 Y139.213 E.01012
G1 X104.635 Y139.204 E.01012
G1 X104.988 Y139.266 E.01012
G1 X105.322 Y139.397 E.01012
G1 X105.623 Y139.592 E.01012
G1 X105.88 Y139.842 E.01012
G1 X106.082 Y140.139 E.01012
G1 X106.221 Y140.469 E.01012
G1 X106.292 Y140.821 E.01012
G1 X106.292 Y141.179 E.01012
G1 X106.221 Y141.531 E.01012
G1 X106.082 Y141.861 E.01012
G1 X105.88 Y142.158 E.01012
G1 X105.623 Y142.408 E.01012
G1 X105.324 Y142.601 E.01005
G1 X105.071 Y142.708 E.00773
G1 X104.724 Y142.787 E.01004
G1 X104.365 Y142.796 E.01012
G1 X104.015 Y142.734 E.01004
SET_VELOCITY_LIMIT ACCEL=5000 ACCEL_TO_DECEL=2500 SQUARE_CORNER_VELOCITY=9
G1 E-.68 F3600
;WIPE_START
G1 X103.678 Y142.603 E-.04335
G1 X103.377 Y142.408 E-.04304
G1 X103.177 Y142.213 E-.03361
;WIPE_END
G1 X106.396 Y142.3 Z6.8 F21000
G1 Z6.4
G1 E.8 F2700
SET_VELOCITY_LIMIT ACCEL=3000 ACCEL_TO_DECEL=1500 SQUARE_CORNER_VELOCITY=7
G1 F2462
G1 X106.111 Y142.641 E.01254
G1 X105.757 Y142.926 E.01281
M73 P93 R0
G1 X105.354 Y143.135 E.01281
G1 X104.918 Y143.261 E.0128
G1 X104.697 Y143.291 E.00631
G1 X104.303 Y143.291 E.01109
G1 X104.082 Y143.261 E.00631
G1 X103.646 Y143.135 E.0128
G1 X103.243 Y142.926 E.01281
G1 X102.889 Y142.641 E.01281
G1 X102.598 Y142.292 E.01282
G1 X102.38 Y141.891 E.01288
G1 X102.246 Y141.454 E.01288
G1 X102.2 Y141 E.01288
G1 X102.246 Y140.546 E.01288
G1 X102.38 Y140.109 E.01288
G1 X102.598 Y139.708 E.01288
G1 X102.889 Y139.359 E.01282
G1 X103.243 Y139.074 E.01281
G1 X103.646 Y138.865 E.01281
G1 X104.082 Y138.739 E.0128
G1 X104.303 Y138.709 E.00631
G1 X104.697 Y138.709 E.01109
G1 X104.918 Y138.739 E.00631
G1 X105.354 Y138.865 E.0128
G1 X105.757 Y139.074 E.01281
G1 X106.111 Y139.359 E.01281
G1 X106.402 Y139.708 E.01282
G1 X106.62 Y140.109 E.01288
G1 X106.754 Y140.546 E.01288
G1 X106.8 Y141 E.01288
G1 X106.754 Y141.454 E.01288
G1 X106.62 Y141.891 E.01288
G1 X106.417 Y142.266 E.01203
SET_VELOCITY_LIMIT ACCEL=5000 ACCEL_TO_DECEL=2500 SQUARE_CORNER_VELOCITY=9
G1 X106.201 Y142.119 F21000
;TYPE:Gap infill
;WIDTH:0.116171
G1 F2462
G1 X106.298 Y141.976 E.001
G1 X106.456 Y141.6 E.00236
G1 X106.536 Y141.201 E.00236
G1 X106.535 Y140.793 E.00236
G1 X106.454 Y140.394 E.00236
G1 X106.295 Y140.019 E.00236
G1 X106.065 Y139.683 E.00236
G1 X105.773 Y139.399 E.00236
G1 X105.43 Y139.178 E.00236
G1 X105.057 Y139.032 E.00232
G1 X104.657 Y138.957 E.00236
G1 X104.249 Y138.966 E.00236
G1 X103.845 Y139.061 E.0024
G1 X103.474 Y139.229 E.00236
G1 X103.143 Y139.468 E.00236
G1 X102.866 Y139.767 E.00236
G1 X102.654 Y140.115 E.00236
G1 X102.516 Y140.498 E.00236
G1 X102.457 Y140.89 E.00229
G1 X102.466 Y141.212 E.00187
G1 X102.546 Y141.606 E.00233
G1 X102.705 Y141.981 E.00236
G1 X102.935 Y142.317 E.00236
G1 X103.227 Y142.601 E.00236
G1 X103.57 Y142.822 E.00236
G1 X103.943 Y142.968 E.00232
G1 X104.343 Y143.043 E.00236
G1 X104.751 Y143.034 E.00236
G1 X105.149 Y142.941 E.00236
G1 X105.44 Y142.816 E.00183
G1 X105.778 Y142.597 E.00233
G1 X106.069 Y142.312 E.00236
G1 X106.178 Y142.152 E.00112
G1 E-.68 F3600
;WIPE_START
G1 F7200
G1 X106.298 Y141.976 E-.02557
G1 X106.456 Y141.6 E-.04888
G1 X106.53 Y141.228 E-.04555
;WIPE_END
G1 X114.124 Y141.996 Z6.8 F21000
G1 X121.087 Y142.701 Z6.8
G1 Z6.4
G1 E.8 F2700
SET_VELOCITY_LIMIT ACCEL=3000 ACCEL_TO_DECEL=1500 SQUARE_CORNER_VELOCITY=7
;TYPE:Outer wall
;WIDTH:0.4
G1 F2462
G1 X121.071 Y142.708 E.00049
G1 X120.724 Y142.787 E.01004
G1 X120.365 Y142.796 E.01012
G1 X120.012 Y142.734 E.01012
G1 X119.678 Y142.603 E.01012
G1 X119.377 Y142.408 E.01012
G1 X119.12 Y142.158 E.01012
G1 X118.918 Y141.861 E.01012
G1 X118.779 Y141.531 E.01012
G1 X118.708 Y141.182 E.01004
G1 X118.702 Y140.908 E.00773
G1 X118.755 Y140.556 E.01005
G1 X118.877 Y140.219 E.01012
G1 X119.064 Y139.913 E.01012
G1 X119.308 Y139.65 E.01012
G1 X119.599 Y139.44 E.01012
G1 X119.926 Y139.293 E.01012
G1 X120.276 Y139.213 E.01012
G1 X120.635 Y139.204 E.01012
G1 X120.988 Y139.266 E.01012
G1 X121.322 Y139.397 E.01012
G1 X121.623 Y139.592 E.01012
G1 X121.88 Y139.842 E.01012
G1 X122.082 Y140.139 E.01012
G1 X122.221 Y140.469 E.01012
G1 X122.292 Y140.821 E.01012
G1 X122.292 Y141.179 E.01012
G1 X122.221 Y141.531 E.01012
G1 X122.082 Y141.861 E.01012
G1 X121.88 Y142.158 E.01012
G1 X121.623 Y142.408 E.01012
G1 X121.324 Y142.601 E.01005
G1 X121.124 Y142.685 E.00611
G1 X121.79 Y142.899 F21000
G1 F2462
G1 X121.757 Y142.926 E.00118
G1 X121.354 Y143.135 E.01281
G1 X120.918 Y143.261 E.0128
G1 X120.697 Y143.291 E.00631
G1 X120.303 Y143.291 E.01109
G1 X120.082 Y143.261 E.00631
G1 X119.646 Y143.135 E.0128
G1 X119.243 Y142.926 E.01281
G1 X118.889 Y142.641 E.01281
G1 X118.598 Y142.292 E.01282
G1 X118.38 Y141.891 E.01288
G1 X118.246 Y141.454 E.01288
G1 X118.2 Y141 E.01288
G1 X118.246 Y140.546 E.01288
G1 X118.38 Y140.109 E.01288
G1 X118.598 Y139.708 E.01288
G1 X118.889 Y139.359 E.01282
G1 X119.243 Y139.074 E.01281
G1 X119.646 Y138.865 E.01281
G1 X120.082 Y138.739 E.0128
G1 X120.303 Y138.709 E.00631
G1 X120.697 Y138.709 E.01109
G1 X120.918 Y138.739 E.00631
G1 X121.354 Y138.865 E.0128
G1 X121.757 Y139.074 E.01281
G1 X122.111 Y139.359 E.01281
G1 X122.402 Y139.708 E.01282
G1 X122.62 Y140.109 E.01288
G1 X122.754 Y140.546 E.01288
G1 X122.8 Y141 E.01288
G1 X122.754 Y141.454 E.01288
G1 X122.62 Y141.891 E.01288
G1 X122.402 Y142.292 E.01288
G1 X122.111 Y142.641 E.01282
G1 X121.821 Y142.874 E.0105
SET_VELOCITY_LIMIT ACCEL=5000 ACCEL_TO_DECEL=2500 SQUARE_CORNER_VELOCITY=9
G1 X121.682 Y142.66 F21000
;TYPE:Gap infill
;WIDTH:0.116171
G1 F2462
G1 X121.778 Y142.597 E.00066
G1 X122.069 Y142.313 E.00236
G1 X122.298 Y141.976 E.00236
G1 X122.456 Y141.6 E.00236
G1 X122.536 Y141.201 E.00236
G1 X122.535 Y140.793 E.00236
G1 X122.454 Y140.394 E.00236
G1 X122.295 Y140.019 E.00236
G1 X122.065 Y139.683 E.00236
G1 X121.773 Y139.399 E.00236
G1 X121.43 Y139.178 E.00236
G1 X121.057 Y139.032 E.00232
G1 X120.657 Y138.957 E.00236
G1 X120.249 Y138.966 E.00236
G1 X119.845 Y139.061 E.0024
G1 X119.474 Y139.229 E.00236
G1 X119.143 Y139.468 E.00236
G1 X118.866 Y139.767 E.00236
G1 X118.654 Y140.115 E.00236
G1 X118.516 Y140.498 E.00236
G1 X118.457 Y140.89 E.00229
G1 X118.466 Y141.212 E.00187
G1 X118.546 Y141.606 E.00233
G1 X118.705 Y141.981 E.00236
G1 X118.935 Y142.317 E.00236
G1 X119.227 Y142.601 E.00236
G1 X119.57 Y142.822 E.00236
G1 X119.943 Y142.968 E.00232
G1 X120.343 Y143.043 E.00236
G1 X120.751 Y143.034 E.00236
G1 X121.149 Y142.941 E.00236
G1 X121.44 Y142.816 E.00183
G1 X121.648 Y142.681 E.00143
G1 E-.68 F3600
;WIPE_START
G1 F7200
G1 X121.778 Y142.597 E-.01854
G1 X122.069 Y142.313 E-.04888
G1 X122.298 Y141.976 E-.04888
G1 X122.31 Y141.947 E-.0037
;WIPE_END
G1 X121.468 Y149.032 Z6.8 F21000
G1 Z6.4
G1 E.8 F2700
SET_VELOCITY_LIMIT ACCEL=3000 ACCEL_TO_DECEL=1500 SQUARE_CORNER_VELOCITY=7
;TYPE:Inner wall
;WIDTH:0.45
G1 F2462
G1 X121.468 Y149.968 E.03009
G1 X103.532 Y149.968 E.57675
G1 X103.532 Y149.032 E.03009
G1 X121.428 Y149.032 E.57547
SET_VELOCITY_LIMIT ACCEL=5000 ACCEL_TO_DECEL=2500 SQUARE_CORNER_VELOCITY=9
G1 X121.875 Y148.625 F21000
SET_VELOCITY_LIMIT ACCEL=3000 ACCEL_TO_DECEL=1500 SQUARE_CORNER_VELOCITY=7
G1 F2462
G1 X121.875 Y150.375 E.05627
G1 X103.125 Y150.375 E.60293
G1 X103.125 Y148.625 E.05627
G1 X121.835 Y148.625 E.60165
G1 X122.3 Y148.2 F21000
;TYPE:Outer wall
;WIDTH:0.4
G1 F2462
G1 X122.3 Y150.8 E.07334
G1 X102.7 Y150.8 E.55285
G1 X102.7 Y148.2 E.07334
G1 X122.26 Y148.2 E.55172
SET_VELOCITY_LIMIT ACCEL=5000 ACCEL_TO_DECEL=2500 SQUARE_CORNER_VELOCITY=9
G1 E-.68 F3600
;WIPE_START
G1 X122.275 Y149.2 E-.12
;WIPE_END
G1 X121.264 Y149.5 Z6.8 F21000
G1 Z6.4
G1 E.8 F2700
;TYPE:Gap infill
;WIDTH:0.571682
G1 F2462
G1 X103.736 Y149.5 E.73215
; stop printing object vyper_electronics_cassette.stl id:0 copy 0
;LAYER_CHANGE
;Z:6.6
;HEIGHT:0.2
;BEFORE_LAYER_CHANGE
G92 E0
;6.6


G1 E-.68 F3600
;WIPE_START
G1 F5972.243
G1 X104.736 Y149.5 E-.12
;WIPE_END
EXCLUDE_OBJECT_END NAME=vyper_electronics_cassette.stl_id_0_copy_0
;AFTER_LAYER_CHANGE
;6.6
;_SET_FAN_SPEED_CHANGING_LAYER
; printing object vyper_electronics_cassette.stl id:0 copy 0
EXCLUDE_OBJECT_START NAME=vyper_electronics_cassette.stl_id_0_copy_0
G1 X106.348 Y142.04 Z7 F21000
G1 X118.708 Y84.873 Z7
G1 Z6.6
G1 E.8 F2700
SET_VELOCITY_LIMIT ACCEL=3000 ACCEL_TO_DECEL=1500 SQUARE_CORNER_VELOCITY=7
;TYPE:Outer wall
;WIDTH:0.4
G1 F2462
G1 X118.708 Y84.821 E.00146
G1 X118.779 Y84.469 E.01012
G1 X118.918 Y84.139 E.01012
G1 X119.12 Y83.842 E.01012
G1 X119.377 Y83.592 E.01012
G1 X119.676 Y83.399 E.01005
G1 X119.929 Y83.292 E.00773
G1 X120.276 Y83.213 E.01004
G1 X120.635 Y83.204 E.01012
G1 X120.988 Y83.266 E.01012
G1 X121.322 Y83.397 E.01012
G1 X121.623 Y83.592 E.01012
G1 X121.88 Y83.842 E.01012
G1 X122.082 Y84.139 E.01012
G1 X122.221 Y84.469 E.01012
G1 X122.292 Y84.818 E.01005
G1 X122.298 Y85.092 E.00773
G1 X122.245 Y85.444 E.01004
G1 X122.123 Y85.781 E.01012
G1 X121.936 Y86.087 E.01012
G1 X121.692 Y86.35 E.01012
G1 X121.401 Y86.56 E.01012
G1 X121.074 Y86.707 E.01012
G1 X120.724 Y86.787 E.01012
G1 X120.365 Y86.796 E.01012
G1 X120.012 Y86.734 E.01012
G1 X119.678 Y86.603 E.01012
G1 X119.377 Y86.408 E.01012
G1 X119.12 Y86.158 E.01012
G1 X118.918 Y85.861 E.01012
G1 X118.779 Y85.531 E.01012
G1 X118.708 Y85.179 E.01012
G1 X118.708 Y84.913 E.00752
SET_VELOCITY_LIMIT ACCEL=5000 ACCEL_TO_DECEL=2500 SQUARE_CORNER_VELOCITY=9
G1 E-.68 F3600
;WIPE_START
G1 X118.708 Y84.821 E-.01103
G1 X118.779 Y84.469 E-.04304
G1 X118.918 Y84.139 E-.04304
G1 X119.026 Y83.981 E-.0229
;WIPE_END
G1 X119.228 Y83.087 Z7 F21000
G1 Z6.6
G1 E.8 F2700
SET_VELOCITY_LIMIT ACCEL=3000 ACCEL_TO_DECEL=1500 SQUARE_CORNER_VELOCITY=7
G1 F2462
G1 X119.244 Y83.073 E.00061
G1 X119.648 Y82.864 E.01283
G1 X120.085 Y82.738 E.01283
G1 X120.307 Y82.709 E.00633
G1 X120.693 Y82.709 E.01086
G1 X120.915 Y82.738 E.00633
G1 X121.352 Y82.864 E.01283
G1 X121.756 Y83.073 E.01283
G1 X122.11 Y83.358 E.01283
G1 X122.402 Y83.707 E.01284
G1 X122.62 Y84.109 E.01289
G1 X122.754 Y84.545 E.01289
G1 X122.8 Y85 E.01289
G1 X122.754 Y85.455 E.01289
G1 X122.62 Y85.891 E.01289
G1 X122.402 Y86.293 E.01289
G1 X122.11 Y86.642 E.01284
G1 X121.756 Y86.927 E.01283
G1 X121.352 Y87.136 E.01283
G1 X120.915 Y87.262 E.01283
G1 X120.693 Y87.291 E.00633
G1 X120.307 Y87.291 E.01086
G1 X120.085 Y87.262 E.00633
G1 X119.648 Y87.136 E.01283
G1 X119.244 Y86.927 E.01283
G1 X118.89 Y86.642 E.01283
G1 X118.598 Y86.293 E.01284
G1 X118.38 Y85.891 E.01289
G1 X118.246 Y85.455 E.01289
G1 X118.2 Y85 E.01289
G1 X118.246 Y84.545 E.01289
G1 X118.38 Y84.109 E.01289
G1 X118.598 Y83.707 E.01289
G1 X118.89 Y83.358 E.01284
G1 X119.196 Y83.112 E.01109
SET_VELOCITY_LIMIT ACCEL=5000 ACCEL_TO_DECEL=2500 SQUARE_CORNER_VELOCITY=9
G1 X119.337 Y83.328 F21000
;TYPE:Gap infill
;WIDTH:0.116177
G1 F2462
G1 X119.222 Y83.403 E.00079
G1 X118.935 Y83.683 E.00232
G1 X118.705 Y84.019 E.00236
G1 X118.546 Y84.394 E.00236
G1 X118.465 Y84.793 E.00236
G1 X118.464 Y85.201 E.00236
G1 X118.544 Y85.6 E.00236
G1 X118.702 Y85.976 E.00236
G1 X118.931 Y86.312 E.00236
G1 X119.222 Y86.597 E.00236
G1 X119.564 Y86.819 E.00236
G1 X119.943 Y86.968 E.00236
G1 X120.343 Y87.044 E.00236
G1 X120.758 Y87.033 E.0024
G1 X121.155 Y86.939 E.00236
G1 X121.526 Y86.771 E.00236
G1 X121.857 Y86.532 E.00236
G1 X122.134 Y86.233 E.00236
G1 X122.346 Y85.885 E.00236
G1 X122.484 Y85.502 E.00236
G1 X122.544 Y85.105 E.00232
G1 X122.534 Y84.788 E.00183
G1 X122.454 Y84.394 E.00233
G1 X122.295 Y84.019 E.00236
G1 X122.065 Y83.683 E.00236
G1 X121.773 Y83.399 E.00236
G1 X121.436 Y83.181 E.00232
G1 X121.057 Y83.032 E.00236
G1 X120.657 Y82.956 E.00236
G1 X120.249 Y82.966 E.00236
G1 X119.851 Y83.059 E.00236
G1 X119.56 Y83.184 E.00183
G1 X119.37 Y83.306 E.0013
G1 E-.68 F3600
;WIPE_START
G1 F7200
G1 X119.222 Y83.403 E-.02121
G1 X118.935 Y83.683 E-.04814
G1 X118.705 Y84.019 E-.04888
G1 X118.699 Y84.033 E-.00176
;WIPE_END
G1 X111.079 Y83.608 Z7 F21000
G1 X104.996 Y83.27 Z7
G1 Z6.6
G1 E.8 F2700
SET_VELOCITY_LIMIT ACCEL=3000 ACCEL_TO_DECEL=1500 SQUARE_CORNER_VELOCITY=7
;TYPE:Outer wall
;WIDTH:0.4
G1 F2462
G1 X105.322 Y83.397 E.00987
G1 X105.623 Y83.592 E.01012
M73 P94 R0
G1 X105.88 Y83.842 E.01012
G1 X106.082 Y84.139 E.01012
G1 X106.221 Y84.469 E.01012
G1 X106.292 Y84.818 E.01005
G1 X106.298 Y85.092 E.00773
G1 X106.245 Y85.444 E.01004
G1 X106.123 Y85.781 E.01012
G1 X105.936 Y86.087 E.01012
G1 X105.692 Y86.35 E.01012
G1 X105.401 Y86.56 E.01012
G1 X105.074 Y86.707 E.01012
G1 X104.724 Y86.787 E.01012
G1 X104.365 Y86.796 E.01012
G1 X104.012 Y86.734 E.01012
G1 X103.678 Y86.603 E.01012
G1 X103.377 Y86.408 E.01012
G1 X103.12 Y86.158 E.01012
G1 X102.918 Y85.861 E.01012
G1 X102.779 Y85.531 E.01012
G1 X102.708 Y85.179 E.01012
G1 X102.708 Y84.821 E.01012
G1 X102.779 Y84.469 E.01012
G1 X102.918 Y84.139 E.01012
G1 X103.12 Y83.842 E.01012
G1 X103.377 Y83.592 E.01012
G1 X103.676 Y83.399 E.01005
G1 X103.929 Y83.292 E.00773
G1 X104.276 Y83.213 E.01005
G1 X104.635 Y83.204 E.01012
G1 X104.957 Y83.261 E.00923
G1 X104.929 Y82.742 F21000
G1 F2462
G1 X105.352 Y82.864 E.0124
G1 X105.756 Y83.073 E.01283
G1 X106.11 Y83.358 E.01283
G1 X106.402 Y83.707 E.01284
G1 X106.62 Y84.109 E.01289
G1 X106.754 Y84.545 E.01289
G1 X106.8 Y85 E.01289
G1 X106.754 Y85.455 E.01289
G1 X106.62 Y85.891 E.01289
G1 X106.402 Y86.293 E.01289
G1 X106.11 Y86.642 E.01284
G1 X105.756 Y86.927 E.01283
G1 X105.352 Y87.136 E.01283
G1 X104.915 Y87.262 E.01283
G1 X104.693 Y87.291 E.00633
G1 X104.307 Y87.291 E.01086
G1 X104.085 Y87.262 E.00633
G1 X103.648 Y87.136 E.01283
G1 X103.244 Y86.927 E.01283
G1 X102.89 Y86.642 E.01283
G1 X102.598 Y86.293 E.01284
G1 X102.38 Y85.891 E.01289
G1 X102.246 Y85.455 E.01289
G1 X102.2 Y85 E.01289
G1 X102.246 Y84.545 E.01289
G1 X102.38 Y84.109 E.01289
G1 X102.598 Y83.707 E.01289
G1 X102.89 Y83.358 E.01284
G1 X103.244 Y83.073 E.01283
G1 X103.648 Y82.864 E.01283
G1 X104.085 Y82.738 E.01283
G1 X104.307 Y82.709 E.00633
G1 X104.693 Y82.709 E.01086
G1 X104.89 Y82.735 E.00563
SET_VELOCITY_LIMIT ACCEL=5000 ACCEL_TO_DECEL=2500 SQUARE_CORNER_VELOCITY=9
G1 X104.842 Y82.991 F21000
;TYPE:Gap infill
;WIDTH:0.116177
G1 F2462
G1 X104.657 Y82.956 E.00109
G1 X104.249 Y82.966 E.00236
G1 X103.851 Y83.059 E.00236
G1 X103.56 Y83.184 E.00183
G1 X103.222 Y83.403 E.00233
G1 X102.935 Y83.683 E.00232
G1 X102.705 Y84.019 E.00236
G1 X102.546 Y84.394 E.00236
G1 X102.465 Y84.793 E.00236
G1 X102.464 Y85.201 E.00236
G1 X102.544 Y85.6 E.00236
G1 X102.702 Y85.976 E.00236
G1 X102.931 Y86.312 E.00236
G1 X103.227 Y86.601 E.00239
G1 X103.564 Y86.819 E.00232
G1 X103.943 Y86.968 E.00236
G1 X104.343 Y87.044 E.00236
G1 X104.758 Y87.033 E.0024
G1 X105.155 Y86.939 E.00236
G1 X105.526 Y86.771 E.00236
G1 X105.857 Y86.532 E.00236
G1 X106.134 Y86.233 E.00236
G1 X106.346 Y85.885 E.00236
G1 X106.484 Y85.502 E.00236
G1 X106.544 Y85.105 E.00232
G1 X106.534 Y84.788 E.00183
G1 X106.454 Y84.394 E.00233
G1 X106.295 Y84.019 E.00236
G1 X106.065 Y83.683 E.00236
G1 X105.773 Y83.399 E.00236
G1 X105.436 Y83.181 E.00232
G1 X105.057 Y83.032 E.00236
G1 X104.881 Y82.999 E.00103
G1 E-.68 F3600
;WIPE_START
G1 F7200
G1 X104.657 Y82.956 E-.02743
G1 X104.249 Y82.966 E-.04898
G1 X103.895 Y83.049 E-.04359
;WIPE_END
G1 X103.909 Y90.682 Z7 F21000
G1 X104.005 Y142.731 Z7
G1 Z6.6
G1 E.8 F2700
SET_VELOCITY_LIMIT ACCEL=3000 ACCEL_TO_DECEL=1500 SQUARE_CORNER_VELOCITY=7
;TYPE:Outer wall
;WIDTH:0.4
G1 F2462
G1 X103.678 Y142.603 E.00989
G1 X103.377 Y142.408 E.01012
G1 X103.12 Y142.158 E.01012
G1 X102.918 Y141.861 E.01012
G1 X102.779 Y141.531 E.01012
G1 X102.708 Y141.179 E.01012
G1 X102.708 Y140.821 E.01012
G1 X102.779 Y140.469 E.01012
G1 X102.918 Y140.139 E.01012
G1 X103.12 Y139.842 E.01012
G1 X103.377 Y139.592 E.01012
G1 X103.676 Y139.399 E.01005
G1 X103.929 Y139.292 E.00773
G1 X104.276 Y139.213 E.01005
G1 X104.635 Y139.204 E.01012
G1 X104.988 Y139.266 E.01012
G1 X105.322 Y139.397 E.01012
G1 X105.623 Y139.592 E.01012
G1 X105.88 Y139.842 E.01012
G1 X106.082 Y140.139 E.01012
G1 X106.221 Y140.469 E.01012
G1 X106.292 Y140.818 E.01005
G1 X106.298 Y141.092 E.00773
G1 X106.245 Y141.444 E.01004
G1 X106.123 Y141.781 E.01012
G1 X105.936 Y142.087 E.01012
G1 X105.692 Y142.35 E.01012
G1 X105.401 Y142.56 E.01012
G1 X105.074 Y142.707 E.01012
G1 X104.724 Y142.787 E.01012
G1 X104.365 Y142.796 E.01012
G1 X104.044 Y142.739 E.00921
SET_VELOCITY_LIMIT ACCEL=5000 ACCEL_TO_DECEL=2500 SQUARE_CORNER_VELOCITY=9
G1 E-.68 F3600
;WIPE_START
G1 X103.678 Y142.603 E-.04682
G1 X103.377 Y142.408 E-.04304
G1 X103.197 Y142.233 E-.03014
;WIPE_END
G1 X106.4 Y142.295 Z7 F21000
G1 Z6.6
G1 E.8 F2700
SET_VELOCITY_LIMIT ACCEL=3000 ACCEL_TO_DECEL=1500 SQUARE_CORNER_VELOCITY=7
G1 F2462
G1 X106.11 Y142.642 E.01275
G1 X105.756 Y142.927 E.01283
G1 X105.352 Y143.136 E.01283
G1 X104.915 Y143.262 E.01283
G1 X104.693 Y143.291 E.00633
G1 X104.307 Y143.291 E.01086
G1 X104.085 Y143.262 E.00633
G1 X103.648 Y143.136 E.01283
G1 X103.244 Y142.927 E.01283
G1 X102.89 Y142.642 E.01283
G1 X102.598 Y142.293 E.01284
G1 X102.38 Y141.891 E.01289
G1 X102.246 Y141.455 E.01289
G1 X102.2 Y141 E.01289
G1 X102.246 Y140.545 E.01289
G1 X102.38 Y140.109 E.01289
G1 X102.598 Y139.707 E.01289
G1 X102.89 Y139.358 E.01284
G1 X103.244 Y139.073 E.01283
G1 X103.648 Y138.864 E.01283
G1 X104.085 Y138.738 E.01283
G1 X104.307 Y138.709 E.00633
G1 X104.693 Y138.709 E.01086
G1 X104.915 Y138.738 E.00633
G1 X105.352 Y138.864 E.01283
G1 X105.756 Y139.073 E.01283
G1 X106.11 Y139.358 E.01283
G1 X106.402 Y139.707 E.01284
G1 X106.62 Y140.109 E.01289
G1 X106.754 Y140.545 E.01289
G1 X106.8 Y141 E.01289
G1 X106.754 Y141.455 E.01289
G1 X106.62 Y141.891 E.01289
G1 X106.42 Y142.26 E.01184
SET_VELOCITY_LIMIT ACCEL=5000 ACCEL_TO_DECEL=2500 SQUARE_CORNER_VELOCITY=9
G1 X106.199 Y142.126 F21000
;TYPE:Gap infill
;WIDTH:0.116177
G1 F2462
G1 X106.346 Y141.885 E.00163
G1 X106.484 Y141.502 E.00236
G1 X106.544 Y141.105 E.00232
G1 X106.534 Y140.788 E.00183
G1 X106.454 Y140.394 E.00233
G1 X106.295 Y140.019 E.00236
G1 X106.065 Y139.683 E.00236
G1 X105.773 Y139.399 E.00236
G1 X105.436 Y139.181 E.00232
G1 X105.057 Y139.032 E.00236
G1 X104.657 Y138.956 E.00236
G1 X104.249 Y138.966 E.00236
G1 X103.851 Y139.059 E.00236
G1 X103.56 Y139.184 E.00183
G1 X103.222 Y139.403 E.00233
G1 X102.935 Y139.683 E.00232
G1 X102.705 Y140.019 E.00236
G1 X102.546 Y140.394 E.00236
G1 X102.465 Y140.793 E.00236
G1 X102.464 Y141.201 E.00236
G1 X102.544 Y141.6 E.00236
G1 X102.702 Y141.976 E.00236
G1 X102.931 Y142.312 E.00236
G1 X103.227 Y142.601 E.00239
G1 X103.564 Y142.819 E.00232
G1 X103.943 Y142.968 E.00236
G1 X104.343 Y143.044 E.00236
G1 X104.758 Y143.033 E.0024
G1 X105.155 Y142.939 E.00236
G1 X105.526 Y142.771 E.00236
G1 X105.857 Y142.532 E.00236
G1 X106.134 Y142.233 E.00236
G1 X106.178 Y142.16 E.0005
G1 E-.68 F3600
;WIPE_START
G1 F7200
G1 X106.346 Y141.885 E-.03862
G1 X106.484 Y141.502 E-.04891
G1 X106.524 Y141.234 E-.03247
;WIPE_END
G1 X114.118 Y142.004 Z7 F21000
G1 X121.065 Y142.709 Z7
G1 Z6.6
G1 E.8 F2700
SET_VELOCITY_LIMIT ACCEL=3000 ACCEL_TO_DECEL=1500 SQUARE_CORNER_VELOCITY=7
;TYPE:Outer wall
;WIDTH:0.4
G1 F2462
G1 X120.724 Y142.787 E.00988
G1 X120.365 Y142.796 E.01012
G1 X120.012 Y142.734 E.01012
G1 X119.678 Y142.603 E.01012
G1 X119.377 Y142.408 E.01012
G1 X119.12 Y142.158 E.01012
G1 X118.918 Y141.861 E.01012
G1 X118.779 Y141.531 E.01012
G1 X118.708 Y141.179 E.01012
G1 X118.708 Y140.821 E.01012
G1 X118.779 Y140.469 E.01012
G1 X118.918 Y140.139 E.01012
G1 X119.12 Y139.842 E.01012
G1 X119.377 Y139.592 E.01012
G1 X119.676 Y139.399 E.01005
G1 X119.929 Y139.292 E.00773
G1 X120.276 Y139.213 E.01004
G1 X120.635 Y139.204 E.01012
G1 X120.988 Y139.266 E.01012
G1 X121.322 Y139.397 E.01012
G1 X121.623 Y139.592 E.01012
G1 X121.88 Y139.842 E.01012
G1 X122.082 Y140.139 E.01012
G1 X122.221 Y140.469 E.01012
G1 X122.292 Y140.818 E.01005
G1 X122.298 Y141.092 E.00773
G1 X122.245 Y141.444 E.01004
G1 X122.123 Y141.781 E.01012
G1 X121.936 Y142.087 E.01012
G1 X121.692 Y142.35 E.01012
G1 X121.401 Y142.56 E.01012
G1 X121.102 Y142.694 E.00922
G1 X121.772 Y142.913 F21000
G1 F2462
G1 X121.756 Y142.927 E.00061
G1 X121.352 Y143.136 E.01283
G1 X120.915 Y143.262 E.01283
G1 X120.693 Y143.291 E.00633
G1 X120.307 Y143.291 E.01086
G1 X120.085 Y143.262 E.00633
G1 X119.648 Y143.136 E.01283
G1 X119.244 Y142.927 E.01283
G1 X118.89 Y142.642 E.01283
G1 X118.598 Y142.293 E.01284
G1 X118.38 Y141.891 E.01289
G1 X118.246 Y141.455 E.01289
G1 X118.2 Y141 E.01289
G1 X118.246 Y140.545 E.01289
G1 X118.38 Y140.109 E.01289
G1 X118.598 Y139.707 E.01289
G1 X118.89 Y139.358 E.01284
G1 X119.244 Y139.073 E.01283
G1 X119.648 Y138.864 E.01283
G1 X120.085 Y138.738 E.01283
G1 X120.307 Y138.709 E.00633
G1 X120.693 Y138.709 E.01086
G1 X120.915 Y138.738 E.00633
G1 X121.352 Y138.864 E.01283
G1 X121.756 Y139.073 E.01283
G1 X122.11 Y139.358 E.01283
G1 X122.402 Y139.707 E.01284
G1 X122.62 Y140.109 E.01289
G1 X122.754 Y140.545 E.01289
G1 X122.8 Y141 E.01289
G1 X122.754 Y141.455 E.01289
G1 X122.62 Y141.891 E.01289
G1 X122.402 Y142.293 E.01289
G1 X122.11 Y142.642 E.01284
G1 X121.804 Y142.888 E.01109
SET_VELOCITY_LIMIT ACCEL=5000 ACCEL_TO_DECEL=2500 SQUARE_CORNER_VELOCITY=9
G1 X121.653 Y142.679 F21000
;TYPE:Gap infill
;WIDTH:0.116177
G1 F2462
G1 X121.857 Y142.532 E.00145
G1 X122.134 Y142.233 E.00236
G1 X122.346 Y141.885 E.00236
G1 X122.484 Y141.502 E.00236
G1 X122.544 Y141.105 E.00232
G1 X122.534 Y140.788 E.00183
G1 X122.454 Y140.394 E.00233
G1 X122.295 Y140.019 E.00236
G1 X122.065 Y139.683 E.00236
G1 X121.773 Y139.399 E.00236
G1 X121.436 Y139.181 E.00232
G1 X121.057 Y139.032 E.00236
G1 X120.657 Y138.956 E.00236
G1 X120.249 Y138.966 E.00236
G1 X119.851 Y139.059 E.00236
G1 X119.56 Y139.184 E.00183
G1 X119.222 Y139.403 E.00233
G1 X118.935 Y139.683 E.00232
G1 X118.705 Y140.019 E.00236
G1 X118.546 Y140.394 E.00236
G1 X118.465 Y140.793 E.00236
G1 X118.464 Y141.201 E.00236
G1 X118.544 Y141.6 E.00236
G1 X118.702 Y141.976 E.00236
G1 X118.931 Y142.312 E.00236
G1 X119.222 Y142.597 E.00236
G1 X119.564 Y142.819 E.00236
G1 X119.943 Y142.968 E.00236
G1 X120.343 Y143.044 E.00236
G1 X120.758 Y143.033 E.0024
G1 X121.155 Y142.939 E.00236
G1 X121.526 Y142.771 E.00236
G1 X121.62 Y142.703 E.00067
G1 E-.68 F3600
;WIPE_START
G1 F7200
G1 X121.857 Y142.532 E-.03495
G1 X122.134 Y142.233 E-.04891
G1 X122.29 Y141.976 E-.03614
;WIPE_END
G1 X121.468 Y149.032 Z7 F21000
G1 Z6.6
G1 E.8 F2700
SET_VELOCITY_LIMIT ACCEL=3000 ACCEL_TO_DECEL=1500 SQUARE_CORNER_VELOCITY=7
;TYPE:Inner wall
;WIDTH:0.45
G1 F2462
G1 X121.468 Y149.968 E.03009
G1 X103.532 Y149.968 E.57675
G1 X103.532 Y149.032 E.03009
G1 X121.428 Y149.032 E.57547
SET_VELOCITY_LIMIT ACCEL=5000 ACCEL_TO_DECEL=2500 SQUARE_CORNER_VELOCITY=9
G1 X121.875 Y148.625 F21000
SET_VELOCITY_LIMIT ACCEL=3000 ACCEL_TO_DECEL=1500 SQUARE_CORNER_VELOCITY=7
G1 F2462
G1 X121.875 Y150.375 E.05627
G1 X103.125 Y150.375 E.60293
G1 X103.125 Y148.625 E.05627
G1 X121.835 Y148.625 E.60165
G1 X122.3 Y148.2 F21000
;TYPE:Outer wall
;WIDTH:0.4
G1 F2462
G1 X122.3 Y150.8 E.07334
G1 X102.7 Y150.8 E.55285
G1 X102.7 Y148.2 E.07334
G1 X122.26 Y148.2 E.55172
SET_VELOCITY_LIMIT ACCEL=5000 ACCEL_TO_DECEL=2500 SQUARE_CORNER_VELOCITY=9
G1 E-.68 F3600
;WIPE_START
G1 X122.275 Y149.2 E-.12
;WIPE_END
G1 X121.264 Y149.5 Z7 F21000
G1 Z6.6
G1 E.8 F2700
;TYPE:Gap infill
;WIDTH:0.571682
G1 F2462
G1 X103.736 Y149.5 E.73215
; stop printing object vyper_electronics_cassette.stl id:0 copy 0
;LAYER_CHANGE
;Z:6.8
;HEIGHT:0.2
;BEFORE_LAYER_CHANGE
G92 E0
;6.8


G1 E-.68 F3600
M73 P95 R0
;WIPE_START
G1 F5972.243
G1 X104.736 Y149.5 E-.12
;WIPE_END
EXCLUDE_OBJECT_END NAME=vyper_electronics_cassette.stl_id_0_copy_0
;AFTER_LAYER_CHANGE
;6.8
;_SET_FAN_SPEED_CHANGING_LAYER
; printing object vyper_electronics_cassette.stl id:0 copy 0
EXCLUDE_OBJECT_START NAME=vyper_electronics_cassette.stl_id_0_copy_0
G1 X106.348 Y142.04 Z7.2 F21000
G1 X118.705 Y84.883 Z7.2
G1 Z6.8
G1 E.8 F2700
SET_VELOCITY_LIMIT ACCEL=3000 ACCEL_TO_DECEL=1500 SQUARE_CORNER_VELOCITY=7
;TYPE:Outer wall
;WIDTH:0.4
G1 F2462
G1 X118.755 Y84.556 E.00933
G1 X118.877 Y84.219 E.01012
G1 X119.064 Y83.913 E.01012
G1 X119.308 Y83.65 E.01012
G1 X119.599 Y83.44 E.01012
G1 X119.926 Y83.293 E.01012
G1 X120.276 Y83.213 E.01012
G1 X120.635 Y83.204 E.01012
G1 X120.988 Y83.266 E.01012
G1 X121.322 Y83.397 E.01012
G1 X121.623 Y83.592 E.01012
G1 X121.88 Y83.842 E.01012
G1 X122.082 Y84.139 E.01012
G1 X122.221 Y84.469 E.01012
G1 X122.292 Y84.818 E.01005
G1 X122.298 Y85.092 E.00773
G1 X122.245 Y85.444 E.01005
G1 X122.123 Y85.781 E.01012
G1 X121.936 Y86.087 E.01012
G1 X121.692 Y86.35 E.01012
G1 X121.401 Y86.56 E.01012
G1 X121.074 Y86.707 E.01012
G1 X120.724 Y86.787 E.01012
G1 X120.365 Y86.796 E.01012
G1 X120.012 Y86.734 E.01012
G1 X119.678 Y86.603 E.01012
G1 X119.377 Y86.408 E.01012
G1 X119.12 Y86.158 E.01012
G1 X118.918 Y85.861 E.01012
G1 X118.779 Y85.531 E.01012
G1 X118.708 Y85.182 E.01005
G1 X118.702 Y84.923 E.00731
SET_VELOCITY_LIMIT ACCEL=5000 ACCEL_TO_DECEL=2500 SQUARE_CORNER_VELOCITY=9
G1 E-.68 F3600
;WIPE_START
G1 X118.755 Y84.556 E-.04449
G1 X118.877 Y84.219 E-.04304
G1 X119.018 Y83.988 E-.03248
;WIPE_END
G1 X119.245 Y83.073 Z7.2 F21000
G1 Z6.8
G1 E.8 F2700
SET_VELOCITY_LIMIT ACCEL=3000 ACCEL_TO_DECEL=1500 SQUARE_CORNER_VELOCITY=7
G1 F2462
G1 X119.246 Y83.072 E.00006
G1 X119.651 Y82.863 E.01285
G1 X120.088 Y82.737 E.01285
G1 X120.311 Y82.708 E.00634
G1 X120.689 Y82.708 E.01064
G1 X120.912 Y82.737 E.00634
G1 X121.349 Y82.863 E.01285
G1 X121.754 Y83.072 E.01285
G1 X122.109 Y83.357 E.01285
G1 X122.402 Y83.707 E.01286
G1 X122.62 Y84.108 E.01289
G1 X122.754 Y84.545 E.01289
G1 X122.8 Y85 E.01289
G1 X122.754 Y85.455 E.01289
G1 X122.62 Y85.892 E.01289
G1 X122.402 Y86.293 E.01289
G1 X122.109 Y86.643 E.01286
G1 X121.754 Y86.928 E.01285
G1 X121.349 Y87.137 E.01285
G1 X120.912 Y87.263 E.01285
G1 X120.689 Y87.292 E.00634
G1 X120.311 Y87.292 E.01064
G1 X120.088 Y87.263 E.00634
G1 X119.651 Y87.137 E.01285
G1 X119.246 Y86.928 E.01285
G1 X118.891 Y86.643 E.01285
G1 X118.598 Y86.293 E.01286
G1 X118.38 Y85.892 E.01289
G1 X118.246 Y85.455 E.01289
G1 X118.2 Y85 E.01289
G1 X118.246 Y84.545 E.01289
G1 X118.38 Y84.108 E.01289
G1 X118.598 Y83.707 E.01289
G1 X118.891 Y83.357 E.01286
G1 X119.213 Y83.098 E.01166
SET_VELOCITY_LIMIT ACCEL=5000 ACCEL_TO_DECEL=2500 SQUARE_CORNER_VELOCITY=9
G1 X119.365 Y83.308 F21000
;TYPE:Gap infill
;WIDTH:0.116927
G1 F2462
G1 X119.143 Y83.468 E.00159
G1 X118.866 Y83.767 E.00238
G1 X118.654 Y84.115 E.00238
G1 X118.516 Y84.498 E.00238
G1 X118.457 Y84.89 E.00231
G1 X118.466 Y85.212 E.00188
G1 X118.546 Y85.606 E.00235
G1 X118.705 Y85.981 E.00238
G1 X118.935 Y86.317 E.00238
G1 X119.227 Y86.601 E.00238
G1 X119.564 Y86.819 E.00235
G1 X119.943 Y86.968 E.00238
G1 X120.343 Y87.044 E.00238
G1 X120.758 Y87.033 E.00243
G1 X121.155 Y86.939 E.00238
G1 X121.526 Y86.771 E.00238
G1 X121.857 Y86.532 E.00238
G1 X122.134 Y86.233 E.00238
G1 X122.346 Y85.885 E.00238
G1 X122.484 Y85.502 E.00238
G1 X122.544 Y85.105 E.00235
G1 X122.534 Y84.788 E.00185
G1 X122.454 Y84.394 E.00235
G1 X122.295 Y84.019 E.00238
G1 X122.065 Y83.683 E.00238
G1 X121.773 Y83.399 E.00238
G1 X121.436 Y83.181 E.00235
G1 X121.057 Y83.032 E.00238
G1 X120.657 Y82.956 E.00238
G1 X120.242 Y82.967 E.00243
G1 X119.845 Y83.061 E.00238
G1 X119.474 Y83.229 E.00238
G1 X119.397 Y83.285 E.00055
G1 E-.68 F3600
;WIPE_START
G1 F7200
G1 X119.143 Y83.468 E-.03753
G1 X118.866 Y83.767 E-.04891
G1 X118.721 Y84.006 E-.03356
;WIPE_END
G1 X111.1 Y83.594 Z7.2 F21000
G1 X104.967 Y83.263 Z7.2
G1 Z6.8
G1 E.8 F2700
SET_VELOCITY_LIMIT ACCEL=3000 ACCEL_TO_DECEL=1500 SQUARE_CORNER_VELOCITY=7
;TYPE:Outer wall
;WIDTH:0.4
G1 F2462
G1 X104.988 Y83.266 E.0006
G1 X105.322 Y83.397 E.01012
G1 X105.623 Y83.592 E.01012
G1 X105.88 Y83.842 E.01012
G1 X106.082 Y84.139 E.01012
G1 X106.221 Y84.469 E.01012
G1 X106.292 Y84.818 E.01005
G1 X106.298 Y85.092 E.00773
G1 X106.245 Y85.444 E.01004
G1 X106.123 Y85.781 E.01012
G1 X105.936 Y86.087 E.01012
G1 X105.692 Y86.35 E.01012
G1 X105.401 Y86.56 E.01012
G1 X105.074 Y86.707 E.01012
G1 X104.724 Y86.787 E.01012
G1 X104.365 Y86.796 E.01012
G1 X104.012 Y86.734 E.01012
G1 X103.678 Y86.603 E.01012
G1 X103.377 Y86.408 E.01012
G1 X103.12 Y86.158 E.01012
G1 X102.918 Y85.861 E.01012
G1 X102.779 Y85.531 E.01012
G1 X102.708 Y85.182 E.01005
G1 X102.702 Y84.908 E.00773
G1 X102.755 Y84.556 E.01004
G1 X102.877 Y84.219 E.01012
G1 X103.064 Y83.913 E.01012
G1 X103.308 Y83.65 E.01012
G1 X103.599 Y83.44 E.01012
G1 X103.926 Y83.293 E.01012
G1 X104.276 Y83.213 E.01012
G1 X104.635 Y83.204 E.01012
G1 X104.928 Y83.256 E.00839
G1 X104.875 Y82.733 F21000
G1 F2462
G1 X104.912 Y82.737 E.00103
G1 X105.349 Y82.863 E.01285
G1 X105.754 Y83.072 E.01285
G1 X106.109 Y83.357 E.01285
G1 X106.402 Y83.707 E.01286
G1 X106.62 Y84.108 E.01289
G1 X106.754 Y84.545 E.01289
G1 X106.8 Y85 E.01289
G1 X106.754 Y85.455 E.01289
G1 X106.62 Y85.892 E.01289
G1 X106.402 Y86.293 E.01289
G1 X106.109 Y86.643 E.01286
G1 X105.754 Y86.928 E.01285
G1 X105.349 Y87.137 E.01285
G1 X104.912 Y87.263 E.01285
G1 X104.689 Y87.292 E.00634
G1 X104.311 Y87.292 E.01064
G1 X104.088 Y87.263 E.00634
G1 X103.651 Y87.137 E.01285
G1 X103.246 Y86.928 E.01285
G1 X102.891 Y86.643 E.01285
G1 X102.598 Y86.293 E.01286
G1 X102.38 Y85.892 E.01289
G1 X102.246 Y85.455 E.01289
G1 X102.2 Y85 E.01289
G1 X102.246 Y84.545 E.01289
G1 X102.38 Y84.108 E.01289
G1 X102.598 Y83.707 E.01289
G1 X102.891 Y83.357 E.01286
G1 X103.246 Y83.072 E.01285
G1 X103.651 Y82.863 E.01285
G1 X104.088 Y82.737 E.01285
G1 X104.311 Y82.708 E.00634
G1 X104.689 Y82.708 E.01064
G1 X104.836 Y82.728 E.00419
SET_VELOCITY_LIMIT ACCEL=5000 ACCEL_TO_DECEL=2500 SQUARE_CORNER_VELOCITY=9
G1 X104.788 Y82.981 F21000
;TYPE:Gap infill
;WIDTH:0.116927
G1 F2462
G1 X104.657 Y82.956 E.00078
G1 X104.242 Y82.967 E.00243
G1 X103.845 Y83.061 E.00238
G1 X103.474 Y83.229 E.00238
G1 X103.143 Y83.468 E.00238
G1 X102.866 Y83.767 E.00238
G1 X102.654 Y84.115 E.00238
G1 X102.516 Y84.498 E.00238
G1 X102.457 Y84.89 E.00231
G1 X102.466 Y85.212 E.00188
G1 X102.546 Y85.606 E.00235
G1 X102.705 Y85.981 E.00238
G1 X102.935 Y86.317 E.00238
G1 X103.227 Y86.601 E.00238
G1 X103.564 Y86.819 E.00235
G1 X103.943 Y86.968 E.00238
G1 X104.343 Y87.044 E.00238
G1 X104.758 Y87.033 E.00243
G1 X105.155 Y86.939 E.00238
G1 X105.526 Y86.771 E.00238
G1 X105.857 Y86.532 E.00238
G1 X106.134 Y86.233 E.00238
G1 X106.346 Y85.885 E.00238
G1 X106.484 Y85.502 E.00238
G1 X106.544 Y85.105 E.00235
G1 X106.534 Y84.788 E.00185
G1 X106.454 Y84.394 E.00235
G1 X106.295 Y84.019 E.00238
G1 X106.065 Y83.683 E.00238
G1 X105.773 Y83.399 E.00238
G1 X105.436 Y83.181 E.00235
G1 X105.057 Y83.032 E.00238
G1 X104.827 Y82.988 E.00137
G1 E-.68 F3600
;WIPE_START
G1 F7200
G1 X104.657 Y82.956 E-.02081
G1 X104.242 Y82.967 E-.04982
G1 X103.845 Y83.061 E-.04891
G1 X103.842 Y83.063 E-.00046
;WIPE_END
G1 X103.866 Y90.695 Z7.2 F21000
G1 X104.031 Y142.737 Z7.2
G1 Z6.8
G1 E.8 F2700
SET_VELOCITY_LIMIT ACCEL=3000 ACCEL_TO_DECEL=1500 SQUARE_CORNER_VELOCITY=7
;TYPE:Outer wall
;WIDTH:0.4
G1 F2462
G1 X104.012 Y142.734 E.00054
G1 X103.678 Y142.603 E.01012
G1 X103.377 Y142.408 E.01012
G1 X103.12 Y142.158 E.01012
G1 X102.918 Y141.861 E.01012
G1 X102.779 Y141.531 E.01012
G1 X102.708 Y141.182 E.01005
G1 X102.702 Y140.908 E.00773
G1 X102.755 Y140.556 E.01004
G1 X102.877 Y140.219 E.01012
G1 X103.064 Y139.913 E.01012
G1 X103.308 Y139.65 E.01012
G1 X103.599 Y139.44 E.01012
G1 X103.926 Y139.293 E.01012
G1 X104.276 Y139.213 E.01012
G1 X104.635 Y139.204 E.01012
G1 X104.988 Y139.266 E.01012
G1 X105.322 Y139.397 E.01012
G1 X105.623 Y139.592 E.01012
G1 X105.88 Y139.842 E.01012
G1 X106.082 Y140.139 E.01012
G1 X106.221 Y140.469 E.01012
G1 X106.292 Y140.818 E.01005
G1 X106.298 Y141.092 E.00773
G1 X106.245 Y141.444 E.01004
G1 X106.123 Y141.781 E.01012
G1 X105.936 Y142.087 E.01012
G1 X105.692 Y142.35 E.01012
G1 X105.401 Y142.56 E.01012
G1 X105.074 Y142.707 E.01012
G1 X104.724 Y142.787 E.01012
G1 X104.365 Y142.796 E.01012
G1 X104.071 Y142.744 E.00844
SET_VELOCITY_LIMIT ACCEL=5000 ACCEL_TO_DECEL=2500 SQUARE_CORNER_VELOCITY=9
G1 E-.68 F3600
;WIPE_START
G1 X104.012 Y142.734 E-.00711
G1 X103.678 Y142.603 E-.04304
G1 X103.377 Y142.408 E-.04304
G1 X103.217 Y142.252 E-.02681
;WIPE_END
G1 X106.403 Y142.29 Z7.2 F21000
G1 Z6.8
G1 E.8 F2700
SET_VELOCITY_LIMIT ACCEL=3000 ACCEL_TO_DECEL=1500 SQUARE_CORNER_VELOCITY=7
G1 F2462
G1 X106.402 Y142.293 E.0001
G1 X106.109 Y142.643 E.01286
G1 X105.754 Y142.928 E.01285
G1 X105.349 Y143.137 E.01285
G1 X104.912 Y143.263 E.01285
G1 X104.689 Y143.292 E.00634
G1 X104.311 Y143.292 E.01064
G1 X104.088 Y143.263 E.00634
G1 X103.651 Y143.137 E.01285
G1 X103.246 Y142.928 E.01285
G1 X102.891 Y142.643 E.01285
G1 X102.598 Y142.293 E.01286
G1 X102.38 Y141.892 E.01289
G1 X102.246 Y141.455 E.01289
G1 X102.2 Y141 E.01289
G1 X102.246 Y140.545 E.01289
G1 X102.38 Y140.108 E.01289
G1 X102.598 Y139.707 E.01289
G1 X102.891 Y139.357 E.01286
G1 X103.246 Y139.072 E.01285
G1 X103.651 Y138.863 E.01285
G1 X104.088 Y138.737 E.01285
G1 X104.311 Y138.708 E.00634
G1 X104.689 Y138.708 E.01064
G1 X104.912 Y138.737 E.00634
G1 X105.349 Y138.863 E.01285
G1 X105.754 Y139.072 E.01285
G1 X106.109 Y139.357 E.01285
G1 X106.402 Y139.707 E.01286
G1 X106.62 Y140.108 E.01289
G1 X106.754 Y140.545 E.01289
G1 X106.8 Y141 E.01289
G1 X106.754 Y141.455 E.01289
G1 X106.62 Y141.892 E.01289
G1 X106.422 Y142.255 E.01167
SET_VELOCITY_LIMIT ACCEL=5000 ACCEL_TO_DECEL=2500 SQUARE_CORNER_VELOCITY=9
G1 X106.202 Y142.121 F21000
;TYPE:Gap infill
;WIDTH:0.116927
G1 F2462
G1 X106.346 Y141.885 E.00161
G1 X106.484 Y141.502 E.00238
G1 X106.544 Y141.105 E.00235
G1 X106.534 Y140.788 E.00185
G1 X106.454 Y140.394 E.00235
G1 X106.295 Y140.019 E.00238
G1 X106.065 Y139.683 E.00238
G1 X105.773 Y139.399 E.00238
G1 X105.436 Y139.181 E.00235
G1 X105.057 Y139.032 E.00238
G1 X104.657 Y138.956 E.00238
G1 X104.242 Y138.967 E.00243
G1 X103.845 Y139.061 E.00238
G1 X103.474 Y139.229 E.00238
G1 X103.143 Y139.468 E.00238
G1 X102.866 Y139.767 E.00238
G1 X102.654 Y140.115 E.00238
G1 X102.516 Y140.498 E.00238
G1 X102.457 Y140.89 E.00231
G1 X102.466 Y141.212 E.00188
G1 X102.546 Y141.606 E.00235
G1 X102.705 Y141.981 E.00238
G1 X102.935 Y142.317 E.00238
G1 X103.227 Y142.601 E.00238
G1 X103.564 Y142.819 E.00235
G1 X103.943 Y142.968 E.00238
G1 X104.343 Y143.044 E.00238
G1 X104.758 Y143.033 E.00243
G1 X105.155 Y142.939 E.00238
G1 X105.526 Y142.771 E.00238
G1 X105.857 Y142.532 E.00238
G1 X106.134 Y142.233 E.00238
G1 X106.181 Y142.155 E.00054
G1 E-.68 F3600
;WIPE_START
G1 F7200
G1 X106.346 Y141.885 E-.03792
G1 X106.484 Y141.502 E-.04891
G1 X106.525 Y141.229 E-.03317
;WIPE_END
G1 X114.118 Y142.005 Z7.2 F21000
G1 X121.045 Y142.714 Z7.2
G1 Z6.8
G1 E.8 F2700
SET_VELOCITY_LIMIT ACCEL=3000 ACCEL_TO_DECEL=1500 SQUARE_CORNER_VELOCITY=7
;TYPE:Outer wall
;WIDTH:0.4
G1 F2462
G1 X120.724 Y142.787 E.00928
G1 X120.365 Y142.796 E.01012
G1 X120.012 Y142.734 E.01012
G1 X119.678 Y142.603 E.01012
G1 X119.377 Y142.408 E.01012
G1 X119.12 Y142.158 E.01012
G1 X118.918 Y141.861 E.01012
G1 X118.779 Y141.531 E.01012
G1 X118.708 Y141.182 E.01005
G1 X118.702 Y140.908 E.00773
G1 X118.755 Y140.556 E.01004
G1 X118.877 Y140.219 E.01012
G1 X119.064 Y139.913 E.01012
G1 X119.308 Y139.65 E.01012
G1 X119.599 Y139.44 E.01012
G1 X119.926 Y139.293 E.01012
G1 X120.276 Y139.213 E.01012
G1 X120.635 Y139.204 E.01012
G1 X120.988 Y139.266 E.01012
G1 X121.322 Y139.397 E.01012
G1 X121.623 Y139.592 E.01012
G1 X121.88 Y139.842 E.01012
G1 X122.082 Y140.139 E.01012
G1 X122.221 Y140.469 E.01012
G1 X122.292 Y140.818 E.01005
G1 X122.298 Y141.092 E.00773
G1 X122.245 Y141.444 E.01005
G1 X122.123 Y141.781 E.01012
G1 X121.936 Y142.087 E.01012
G1 X121.692 Y142.35 E.01012
G1 X121.401 Y142.56 E.01012
G1 X121.083 Y142.703 E.00982
G1 X121.755 Y142.927 F21000
G1 F2462
G1 X121.754 Y142.928 E.00006
G1 X121.349 Y143.137 E.01285
G1 X120.912 Y143.263 E.01285
G1 X120.689 Y143.292 E.00634
G1 X120.311 Y143.292 E.01064
G1 X120.088 Y143.263 E.00634
G1 X119.651 Y143.137 E.01285
G1 X119.246 Y142.928 E.01285
G1 X118.891 Y142.643 E.01285
G1 X118.598 Y142.293 E.01286
G1 X118.38 Y141.892 E.01289
G1 X118.246 Y141.455 E.01289
G1 X118.2 Y141 E.01289
G1 X118.246 Y140.545 E.01289
G1 X118.38 Y140.108 E.01289
G1 X118.598 Y139.707 E.01289
G1 X118.891 Y139.357 E.01286
G1 X119.246 Y139.072 E.01285
G1 X119.651 Y138.863 E.01285
G1 X120.088 Y138.737 E.01285
G1 X120.311 Y138.708 E.00634
G1 X120.689 Y138.708 E.01064
G1 X120.912 Y138.737 E.00634
G1 X121.349 Y138.863 E.01285
G1 X121.754 Y139.072 E.01285
G1 X122.109 Y139.357 E.01285
G1 X122.402 Y139.707 E.01286
G1 X122.62 Y140.108 E.01289
G1 X122.754 Y140.545 E.01289
G1 X122.8 Y141 E.01289
G1 X122.754 Y141.455 E.01289
G1 X122.62 Y141.892 E.01289
G1 X122.402 Y142.293 E.01289
G1 X122.109 Y142.643 E.01286
G1 X121.787 Y142.902 E.01166
SET_VELOCITY_LIMIT ACCEL=5000 ACCEL_TO_DECEL=2500 SQUARE_CORNER_VELOCITY=9
G1 X121.635 Y142.692 F21000
;TYPE:Gap infill
;WIDTH:0.116927
G1 F2462
G1 X121.857 Y142.532 E.00159
G1 X122.134 Y142.233 E.00238
G1 X122.346 Y141.885 E.00238
G1 X122.484 Y141.502 E.00238
G1 X122.544 Y141.105 E.00235
G1 X122.534 Y140.788 E.00185
G1 X122.454 Y140.394 E.00235
G1 X122.295 Y140.019 E.00238
G1 X122.065 Y139.683 E.00238
G1 X121.773 Y139.399 E.00238
G1 X121.436 Y139.181 E.00235
G1 X121.057 Y139.032 E.00238
G1 X120.657 Y138.956 E.00238
G1 X120.242 Y138.967 E.00243
G1 X119.845 Y139.061 E.00238
G1 X119.474 Y139.229 E.00238
G1 X119.143 Y139.468 E.00238
G1 X118.866 Y139.767 E.00238
G1 X118.654 Y140.115 E.00238
G1 X118.516 Y140.498 E.00238
G1 X118.457 Y140.89 E.00231
G1 X118.466 Y141.212 E.00188
G1 X118.546 Y141.606 E.00235
G1 X118.705 Y141.981 E.00238
G1 X118.935 Y142.317 E.00238
G1 X119.227 Y142.601 E.00238
G1 X119.564 Y142.819 E.00235
G1 X119.943 Y142.968 E.00238
G1 X120.343 Y143.044 E.00238
G1 X120.758 Y143.033 E.00243
G1 X121.155 Y142.939 E.00238
G1 X121.526 Y142.771 E.00238
G1 X121.603 Y142.715 E.00055
G1 E-.68 F3600
;WIPE_START
G1 F7200
G1 X121.857 Y142.532 E-.03753
G1 X122.134 Y142.233 E-.04891
G1 X122.279 Y141.994 E-.03356
;WIPE_END
G1 X121.468 Y149.032 Z7.2 F21000
G1 Z6.8
G1 E.8 F2700
SET_VELOCITY_LIMIT ACCEL=3000 ACCEL_TO_DECEL=1500 SQUARE_CORNER_VELOCITY=7
;TYPE:Inner wall
;WIDTH:0.45
G1 F2462
G1 X121.468 Y149.968 E.03009
G1 X103.532 Y149.968 E.57675
G1 X103.532 Y149.032 E.03009
G1 X121.428 Y149.032 E.57547
SET_VELOCITY_LIMIT ACCEL=5000 ACCEL_TO_DECEL=2500 SQUARE_CORNER_VELOCITY=9
G1 X121.875 Y148.625 F21000
SET_VELOCITY_LIMIT ACCEL=3000 ACCEL_TO_DECEL=1500 SQUARE_CORNER_VELOCITY=7
G1 F2462
G1 X121.875 Y150.375 E.05627
G1 X103.125 Y150.375 E.60293
G1 X103.125 Y148.625 E.05627
G1 X121.835 Y148.625 E.60165
G1 X122.3 Y148.2 F21000
M73 P96 R0
;TYPE:Outer wall
;WIDTH:0.4
G1 F2462
G1 X122.3 Y150.8 E.07334
G1 X102.7 Y150.8 E.55285
G1 X102.7 Y148.2 E.07334
G1 X122.26 Y148.2 E.55172
SET_VELOCITY_LIMIT ACCEL=5000 ACCEL_TO_DECEL=2500 SQUARE_CORNER_VELOCITY=9
G1 E-.68 F3600
;WIPE_START
G1 X122.275 Y149.2 E-.12
;WIPE_END
G1 X121.264 Y149.5 Z7.2 F21000
G1 Z6.8
G1 E.8 F2700
;TYPE:Gap infill
;WIDTH:0.571682
G1 F2462
G1 X103.736 Y149.5 E.73215
; stop printing object vyper_electronics_cassette.stl id:0 copy 0
;LAYER_CHANGE
;Z:7
;HEIGHT:0.2
;BEFORE_LAYER_CHANGE
G92 E0
;7


G1 E-.68 F3600
;WIPE_START
G1 F5972.243
G1 X104.736 Y149.5 E-.12
;WIPE_END
EXCLUDE_OBJECT_END NAME=vyper_electronics_cassette.stl_id_0_copy_0
;AFTER_LAYER_CHANGE
;7
;_SET_FAN_SPEED_CHANGING_LAYER
; printing object vyper_electronics_cassette.stl id:0 copy 0
EXCLUDE_OBJECT_START NAME=vyper_electronics_cassette.stl_id_0_copy_0
G1 X106.348 Y142.04 Z7.4 F21000
G1 X118.705 Y84.887 Z7.4
G1 Z7
G1 E.8 F2700
SET_VELOCITY_LIMIT ACCEL=3000 ACCEL_TO_DECEL=1500 SQUARE_CORNER_VELOCITY=7
;TYPE:Outer wall
;WIDTH:0.4
G1 F1271
G1 X118.755 Y84.556 E.00944
G1 X118.877 Y84.219 E.01012
G1 X119.064 Y83.913 E.01012
G1 X119.308 Y83.65 E.01012
G1 X119.599 Y83.44 E.01012
G1 X119.926 Y83.293 E.01012
G1 X120.276 Y83.213 E.01012
G1 X120.635 Y83.204 E.01012
G1 X120.988 Y83.266 E.01012
G1 X121.322 Y83.397 E.01012
G1 X121.623 Y83.592 E.01012
G1 X121.88 Y83.842 E.01012
G1 X122.082 Y84.139 E.01012
G1 X122.221 Y84.469 E.01012
G1 X122.292 Y84.818 E.01005
G1 X122.298 Y85.092 E.00773
G1 X122.245 Y85.444 E.01004
G1 X122.123 Y85.781 E.01012
G1 X121.936 Y86.087 E.01012
G1 X121.692 Y86.35 E.01012
G1 X121.401 Y86.56 E.01012
G1 X121.074 Y86.707 E.01012
G1 X120.724 Y86.787 E.01012
G1 X120.365 Y86.796 E.01012
G1 X120.012 Y86.734 E.01012
G1 X119.678 Y86.603 E.01012
G1 X119.377 Y86.408 E.01012
G1 X119.12 Y86.158 E.01012
G1 X118.918 Y85.861 E.01012
G1 X118.779 Y85.531 E.01012
G1 X118.708 Y85.182 E.01005
G1 X118.702 Y84.926 E.0072
SET_VELOCITY_LIMIT ACCEL=5000 ACCEL_TO_DECEL=2500 SQUARE_CORNER_VELOCITY=9
G1 E-.68 F3600
;WIPE_START
G1 X118.755 Y84.556 E-.04495
G1 X118.877 Y84.219 E-.04304
G1 X119.016 Y83.991 E-.03202
;WIPE_END
G1 X119.261 Y83.064 Z7.4 F21000
G1 Z7
G1 E.8 F2700
SET_VELOCITY_LIMIT ACCEL=3000 ACCEL_TO_DECEL=1500 SQUARE_CORNER_VELOCITY=7
G1 F1271
G1 X119.653 Y82.862 E.01245
G1 X120.092 Y82.737 E.01287
G1 X120.316 Y82.708 E.00636
G1 X120.684 Y82.708 E.01041
G1 X120.908 Y82.737 E.00636
G1 X121.347 Y82.862 E.01287
G1 X121.752 Y83.071 E.01287
G1 X122.108 Y83.356 E.01287
G1 X122.401 Y83.706 E.01287
G1 X122.62 Y84.108 E.0129
G1 X122.754 Y84.545 E.0129
G1 X122.8 Y85 E.0129
G1 X122.754 Y85.455 E.0129
G1 X122.62 Y85.892 E.0129
G1 X122.401 Y86.294 E.0129
G1 X122.108 Y86.644 E.01287
G1 X121.752 Y86.929 E.01287
G1 X121.347 Y87.138 E.01287
G1 X120.908 Y87.263 E.01287
G1 X120.684 Y87.292 E.00636
G1 X120.316 Y87.292 E.01041
G1 X120.092 Y87.263 E.00636
G1 X119.653 Y87.138 E.01287
G1 X119.248 Y86.929 E.01287
G1 X118.892 Y86.644 E.01287
G1 X118.599 Y86.294 E.01288
G1 X118.38 Y85.892 E.0129
G1 X118.246 Y85.455 E.0129
G1 X118.2 Y85 E.0129
G1 X118.246 Y84.545 E.0129
G1 X118.38 Y84.108 E.0129
G1 X118.599 Y83.706 E.0129
G1 X118.892 Y83.356 E.01288
G1 X119.228 Y83.087 E.01215
SET_VELOCITY_LIMIT ACCEL=5000 ACCEL_TO_DECEL=2500 SQUARE_CORNER_VELOCITY=9
G1 X119.38 Y83.297 F21000
;TYPE:Gap infill
;WIDTH:0.11693
G1 F1271
G1 X119.143 Y83.467 E.0017
G1 X118.866 Y83.767 E.00238
G1 X118.654 Y84.115 E.00238
G1 X118.516 Y84.498 E.00238
G1 X118.457 Y84.89 E.00231
G1 X118.466 Y85.212 E.00188
G1 X118.546 Y85.606 E.00235
G1 X118.705 Y85.981 E.00238
G1 X118.935 Y86.317 E.00238
G1 X119.227 Y86.601 E.00238
G1 X119.564 Y86.819 E.00235
G1 X119.943 Y86.968 E.00238
G1 X120.343 Y87.044 E.00238
G1 X120.758 Y87.033 E.00243
G1 X121.155 Y86.939 E.00238
G1 X121.526 Y86.771 E.00238
G1 X121.857 Y86.533 E.00238
G1 X122.134 Y86.233 E.00238
G1 X122.346 Y85.885 E.00238
G1 X122.484 Y85.502 E.00238
G1 X122.544 Y85.105 E.00235
G1 X122.534 Y84.788 E.00185
G1 X122.454 Y84.394 E.00235
G1 X122.295 Y84.019 E.00238
G1 X122.065 Y83.683 E.00238
G1 X121.773 Y83.399 E.00238
G1 X121.436 Y83.181 E.00235
G1 X121.057 Y83.032 E.00238
G1 X120.657 Y82.956 E.00238
G1 X120.242 Y82.967 E.00243
G1 X119.845 Y83.061 E.00238
G1 X119.474 Y83.229 E.00238
G1 X119.412 Y83.274 E.00044
G1 E-.68 F3600
;WIPE_START
G1 F7200
G1 X119.143 Y83.467 E-.03979
G1 X118.866 Y83.767 E-.04891
G1 X118.731 Y83.989 E-.0313
;WIPE_END
G1 X111.109 Y83.585 Z7.4 F21000
G1 X104.94 Y83.258 Z7.4
G1 Z7
G1 E.8 F2700
SET_VELOCITY_LIMIT ACCEL=3000 ACCEL_TO_DECEL=1500 SQUARE_CORNER_VELOCITY=7
;TYPE:Outer wall
;WIDTH:0.4
G1 F1271
G1 X104.988 Y83.266 E.00138
G1 X105.322 Y83.397 E.01012
G1 X105.623 Y83.592 E.01012
G1 X105.88 Y83.842 E.01012
G1 X106.082 Y84.139 E.01012
G1 X106.221 Y84.469 E.01012
G1 X106.292 Y84.818 E.01005
G1 X106.298 Y85.092 E.00773
G1 X106.245 Y85.444 E.01004
G1 X106.123 Y85.781 E.01012
G1 X105.936 Y86.087 E.01012
G1 X105.692 Y86.35 E.01012
G1 X105.401 Y86.56 E.01012
G1 X105.074 Y86.707 E.01012
G1 X104.724 Y86.787 E.01012
G1 X104.365 Y86.796 E.01012
G1 X104.012 Y86.734 E.01012
G1 X103.678 Y86.603 E.01012
G1 X103.377 Y86.408 E.01012
G1 X103.12 Y86.158 E.01012
G1 X102.918 Y85.861 E.01012
G1 X102.779 Y85.531 E.01012
G1 X102.708 Y85.182 E.01005
G1 X102.702 Y84.908 E.00773
G1 X102.755 Y84.556 E.01004
G1 X102.877 Y84.219 E.01012
G1 X103.064 Y83.913 E.01012
G1 X103.308 Y83.65 E.01012
G1 X103.599 Y83.44 E.01012
G1 X103.926 Y83.293 E.01012
G1 X104.276 Y83.213 E.01012
G1 X104.635 Y83.204 E.01012
G1 X104.9 Y83.251 E.00761
G1 X104.825 Y82.726 F21000
G1 F1271
G1 X104.908 Y82.737 E.00237
G1 X105.347 Y82.862 E.01287
G1 X105.752 Y83.071 E.01287
G1 X106.108 Y83.356 E.01287
G1 X106.401 Y83.706 E.01288
G1 X106.62 Y84.108 E.0129
G1 X106.754 Y84.545 E.0129
G1 X106.8 Y85 E.0129
G1 X106.754 Y85.455 E.0129
G1 X106.62 Y85.892 E.0129
G1 X106.401 Y86.294 E.0129
G1 X106.108 Y86.644 E.01288
G1 X105.752 Y86.929 E.01287
G1 X105.347 Y87.138 E.01287
G1 X104.908 Y87.263 E.01287
G1 X104.684 Y87.292 E.00636
G1 X104.316 Y87.292 E.01041
G1 X104.092 Y87.263 E.00636
G1 X103.653 Y87.138 E.01287
G1 X103.248 Y86.929 E.01287
G1 X102.892 Y86.644 E.01287
G1 X102.599 Y86.294 E.01287
G1 X102.38 Y85.892 E.0129
G1 X102.246 Y85.455 E.0129
G1 X102.2 Y85 E.0129
G1 X102.246 Y84.545 E.0129
G1 X102.38 Y84.108 E.0129
G1 X102.599 Y83.706 E.0129
G1 X102.892 Y83.356 E.01287
G1 X103.248 Y83.071 E.01287
G1 X103.653 Y82.862 E.01287
G1 X104.092 Y82.737 E.01287
G1 X104.316 Y82.708 E.00636
G1 X104.684 Y82.708 E.01041
G1 X104.785 Y82.721 E.00286
SET_VELOCITY_LIMIT ACCEL=5000 ACCEL_TO_DECEL=2500 SQUARE_CORNER_VELOCITY=9
G1 X104.738 Y82.971 F21000
;TYPE:Gap infill
;WIDTH:0.11693
G1 F1271
G1 X104.657 Y82.956 E.00048
G1 X104.242 Y82.967 E.00243
G1 X103.845 Y83.061 E.00238
G1 X103.474 Y83.229 E.00238
G1 X103.143 Y83.467 E.00238
G1 X102.866 Y83.767 E.00238
G1 X102.654 Y84.115 E.00238
G1 X102.516 Y84.498 E.00238
G1 X102.457 Y84.89 E.00231
G1 X102.466 Y85.212 E.00188
G1 X102.546 Y85.606 E.00235
G1 X102.705 Y85.981 E.00238
G1 X102.935 Y86.317 E.00238
G1 X103.227 Y86.601 E.00238
G1 X103.564 Y86.819 E.00235
G1 X103.943 Y86.968 E.00238
G1 X104.343 Y87.044 E.00238
G1 X104.758 Y87.033 E.00243
G1 X105.155 Y86.939 E.00238
G1 X105.526 Y86.771 E.00238
G1 X105.857 Y86.533 E.00238
G1 X106.134 Y86.233 E.00238
G1 X106.346 Y85.885 E.00238
G1 X106.484 Y85.502 E.00238
G1 X106.544 Y85.105 E.00235
G1 X106.534 Y84.788 E.00185
G1 X106.454 Y84.394 E.00235
G1 X106.295 Y84.019 E.00238
G1 X106.065 Y83.683 E.00238
G1 X105.773 Y83.399 E.00238
G1 X105.436 Y83.181 E.00235
G1 X105.057 Y83.032 E.00238
G1 X104.777 Y82.979 E.00167
G1 E-.68 F3600
;WIPE_START
G1 F7200
G1 X104.657 Y82.956 E-.01468
G1 X104.242 Y82.967 E-.04982
G1 X103.845 Y83.061 E-.04891
G1 X103.795 Y83.084 E-.00659
;WIPE_END
G1 X103.828 Y90.716 Z7.4 F21000
G1 X104.056 Y142.741 Z7.4
G1 Z7
G1 E.8 F2700
SET_VELOCITY_LIMIT ACCEL=3000 ACCEL_TO_DECEL=1500 SQUARE_CORNER_VELOCITY=7
;TYPE:Outer wall
;WIDTH:0.4
G1 F1271
G1 X104.012 Y142.734 E.00125
G1 X103.678 Y142.603 E.01012
G1 X103.377 Y142.408 E.01012
G1 X103.12 Y142.158 E.01012
G1 X102.918 Y141.861 E.01012
G1 X102.779 Y141.531 E.01012
G1 X102.708 Y141.182 E.01005
G1 X102.702 Y140.908 E.00773
G1 X102.755 Y140.556 E.01004
G1 X102.877 Y140.219 E.01012
G1 X103.064 Y139.913 E.01012
G1 X103.308 Y139.65 E.01012
G1 X103.599 Y139.44 E.01012
G1 X103.926 Y139.293 E.01012
G1 X104.276 Y139.213 E.01012
G1 X104.635 Y139.204 E.01012
G1 X104.988 Y139.266 E.01012
G1 X105.322 Y139.397 E.01012
G1 X105.623 Y139.592 E.01012
G1 X105.88 Y139.842 E.01012
G1 X106.082 Y140.139 E.01012
G1 X106.221 Y140.469 E.01012
G1 X106.292 Y140.818 E.01005
G1 X106.298 Y141.092 E.00773
G1 X106.245 Y141.444 E.01004
G1 X106.123 Y141.781 E.01012
G1 X105.936 Y142.087 E.01012
G1 X105.692 Y142.35 E.01012
G1 X105.401 Y142.56 E.01012
G1 X105.074 Y142.707 E.01012
G1 X104.724 Y142.787 E.01012
G1 X104.365 Y142.796 E.01012
G1 X104.095 Y142.748 E.00773
SET_VELOCITY_LIMIT ACCEL=5000 ACCEL_TO_DECEL=2500 SQUARE_CORNER_VELOCITY=9
G1 E-.68 F3600
;WIPE_START
G1 X104.012 Y142.734 E-.01014
G1 X103.678 Y142.603 E-.04304
G1 X103.377 Y142.408 E-.04304
G1 X103.235 Y142.27 E-.02379
;WIPE_END
G1 X106.406 Y142.285 Z7.4 F21000
G1 Z7
G1 E.8 F2700
SET_VELOCITY_LIMIT ACCEL=3000 ACCEL_TO_DECEL=1500 SQUARE_CORNER_VELOCITY=7
G1 F1271
G1 X106.401 Y142.294 E.00027
G1 X106.108 Y142.644 E.01288
G1 X105.752 Y142.929 E.01287
G1 X105.347 Y143.138 E.01287
G1 X104.908 Y143.263 E.01287
G1 X104.684 Y143.292 E.00636
G1 X104.316 Y143.292 E.01041
G1 X104.092 Y143.263 E.00636
G1 X103.653 Y143.138 E.01287
G1 X103.248 Y142.929 E.01287
G1 X102.892 Y142.644 E.01287
G1 X102.599 Y142.294 E.01287
G1 X102.38 Y141.892 E.0129
M73 P97 R0
G1 X102.246 Y141.455 E.0129
G1 X102.2 Y141 E.0129
G1 X102.246 Y140.545 E.0129
G1 X102.38 Y140.108 E.0129
G1 X102.599 Y139.706 E.0129
G1 X102.892 Y139.356 E.01287
G1 X103.248 Y139.071 E.01287
G1 X103.653 Y138.862 E.01287
G1 X104.092 Y138.737 E.01287
G1 X104.316 Y138.708 E.00636
G1 X104.684 Y138.708 E.01041
G1 X104.908 Y138.737 E.00636
G1 X105.347 Y138.862 E.01287
G1 X105.752 Y139.071 E.01287
G1 X106.108 Y139.356 E.01287
G1 X106.401 Y139.706 E.01288
G1 X106.62 Y140.108 E.0129
G1 X106.754 Y140.545 E.0129
G1 X106.8 Y141 E.0129
G1 X106.754 Y141.455 E.0129
G1 X106.62 Y141.892 E.0129
G1 X106.425 Y142.25 E.0115
SET_VELOCITY_LIMIT ACCEL=5000 ACCEL_TO_DECEL=2500 SQUARE_CORNER_VELOCITY=9
G1 X106.205 Y142.116 F21000
;TYPE:Gap infill
;WIDTH:0.11693
G1 F1271
G1 X106.346 Y141.885 E.00158
G1 X106.484 Y141.502 E.00238
G1 X106.544 Y141.105 E.00235
G1 X106.534 Y140.788 E.00185
G1 X106.454 Y140.394 E.00235
G1 X106.295 Y140.019 E.00238
G1 X106.065 Y139.683 E.00238
G1 X105.773 Y139.399 E.00238
G1 X105.436 Y139.181 E.00235
G1 X105.057 Y139.032 E.00238
G1 X104.657 Y138.956 E.00238
G1 X104.242 Y138.967 E.00243
G1 X103.845 Y139.061 E.00238
G1 X103.474 Y139.229 E.00238
G1 X103.143 Y139.467 E.00238
G1 X102.866 Y139.767 E.00238
G1 X102.654 Y140.115 E.00238
G1 X102.516 Y140.498 E.00238
G1 X102.457 Y140.89 E.00231
G1 X102.466 Y141.212 E.00188
G1 X102.546 Y141.606 E.00235
G1 X102.705 Y141.981 E.00238
G1 X102.935 Y142.317 E.00238
G1 X103.227 Y142.601 E.00238
G1 X103.564 Y142.819 E.00235
G1 X103.943 Y142.968 E.00238
G1 X104.343 Y143.044 E.00238
G1 X104.758 Y143.033 E.00243
G1 X105.155 Y142.939 E.00238
G1 X105.526 Y142.771 E.00238
G1 X105.857 Y142.533 E.00238
G1 X106.134 Y142.233 E.00238
G1 X106.184 Y142.15 E.00057
G1 E-.68 F3600
;WIPE_START
G1 F7200
G1 X106.346 Y141.885 E-.03727
G1 X106.484 Y141.502 E-.04891
G1 X106.526 Y141.223 E-.03382
;WIPE_END
G1 X114.118 Y142.006 Z7.4 F21000
G1 X121.025 Y142.718 Z7.4
G1 Z7
G1 E.8 F2700
SET_VELOCITY_LIMIT ACCEL=3000 ACCEL_TO_DECEL=1500 SQUARE_CORNER_VELOCITY=7
;TYPE:Outer wall
;WIDTH:0.4
G1 F1271
G1 X120.724 Y142.787 E.00871
G1 X120.365 Y142.796 E.01012
G1 X120.012 Y142.734 E.01012
G1 X119.678 Y142.603 E.01012
G1 X119.377 Y142.408 E.01012
G1 X119.12 Y142.158 E.01012
G1 X118.918 Y141.861 E.01012
G1 X118.779 Y141.531 E.01012
G1 X118.708 Y141.182 E.01005
G1 X118.702 Y140.908 E.00773
G1 X118.755 Y140.556 E.01004
G1 X118.877 Y140.219 E.01012
G1 X119.064 Y139.913 E.01012
G1 X119.308 Y139.65 E.01012
G1 X119.599 Y139.44 E.01012
G1 X119.926 Y139.293 E.01012
G1 X120.276 Y139.213 E.01012
G1 X120.635 Y139.204 E.01012
G1 X120.988 Y139.266 E.01012
G1 X121.322 Y139.397 E.01012
G1 X121.623 Y139.592 E.01012
G1 X121.88 Y139.842 E.01012
G1 X122.082 Y140.139 E.01012
G1 X122.221 Y140.469 E.01012
G1 X122.292 Y140.818 E.01005
G1 X122.298 Y141.092 E.00773
G1 X122.245 Y141.444 E.01004
G1 X122.123 Y141.781 E.01012
G1 X121.936 Y142.087 E.01012
G1 X121.692 Y142.35 E.01012
G1 X121.401 Y142.56 E.01012
G1 X121.074 Y142.707 E.01012
G1 X121.064 Y142.709 E.00028
G1 X121.739 Y142.936 F21000
G1 F1271
G1 X121.347 Y143.138 E.01245
G1 X120.908 Y143.263 E.01287
G1 X120.684 Y143.292 E.00636
G1 X120.316 Y143.292 E.01041
G1 X120.092 Y143.263 E.00636
G1 X119.653 Y143.138 E.01287
G1 X119.248 Y142.929 E.01287
G1 X118.892 Y142.644 E.01287
G1 X118.599 Y142.294 E.01288
G1 X118.38 Y141.892 E.0129
G1 X118.246 Y141.455 E.0129
G1 X118.2 Y141 E.0129
G1 X118.246 Y140.545 E.0129
G1 X118.38 Y140.108 E.0129
G1 X118.599 Y139.706 E.0129
G1 X118.892 Y139.356 E.01288
G1 X119.248 Y139.071 E.01287
G1 X119.653 Y138.862 E.01287
G1 X120.092 Y138.737 E.01287
G1 X120.316 Y138.708 E.00636
G1 X120.684 Y138.708 E.01041
G1 X120.908 Y138.737 E.00636
G1 X121.347 Y138.862 E.01287
G1 X121.752 Y139.071 E.01287
G1 X122.108 Y139.356 E.01287
G1 X122.401 Y139.706 E.01287
G1 X122.62 Y140.108 E.0129
G1 X122.754 Y140.545 E.0129
G1 X122.8 Y141 E.0129
G1 X122.754 Y141.455 E.0129
G1 X122.62 Y141.892 E.0129
G1 X122.401 Y142.294 E.0129
G1 X122.108 Y142.644 E.01287
G1 X121.772 Y142.913 E.01215
SET_VELOCITY_LIMIT ACCEL=5000 ACCEL_TO_DECEL=2500 SQUARE_CORNER_VELOCITY=9
G1 X121.62 Y142.703 F21000
;TYPE:Gap infill
;WIDTH:0.11693
G1 F1271
G1 X121.857 Y142.533 E.0017
G1 X122.134 Y142.233 E.00238
G1 X122.346 Y141.885 E.00238
G1 X122.484 Y141.502 E.00238
G1 X122.544 Y141.105 E.00235
G1 X122.534 Y140.788 E.00185
G1 X122.454 Y140.394 E.00235
G1 X122.295 Y140.019 E.00238
G1 X122.065 Y139.683 E.00238
G1 X121.773 Y139.399 E.00238
G1 X121.436 Y139.181 E.00235
G1 X121.057 Y139.032 E.00238
G1 X120.657 Y138.956 E.00238
G1 X120.242 Y138.967 E.00243
G1 X119.845 Y139.061 E.00238
G1 X119.474 Y139.229 E.00238
G1 X119.143 Y139.467 E.00238
G1 X118.866 Y139.767 E.00238
G1 X118.654 Y140.115 E.00238
G1 X118.516 Y140.498 E.00238
G1 X118.457 Y140.89 E.00231
G1 X118.466 Y141.212 E.00188
G1 X118.546 Y141.606 E.00235
G1 X118.705 Y141.981 E.00238
G1 X118.935 Y142.317 E.00238
G1 X119.227 Y142.601 E.00238
G1 X119.564 Y142.819 E.00235
G1 X119.943 Y142.968 E.00238
G1 X120.343 Y143.044 E.00238
G1 X120.758 Y143.033 E.00243
G1 X121.155 Y142.939 E.00238
G1 X121.526 Y142.771 E.00238
G1 X121.588 Y142.726 E.00044
; stop printing object vyper_electronics_cassette.stl id:0 copy 0
;LAYER_CHANGE
;Z:7.2
;HEIGHT:0.2
;BEFORE_LAYER_CHANGE
G92 E0
;7.2


G1 E-.68 F3600
;WIPE_START
G1 F7200
G1 X121.857 Y142.533 E-.03979
G1 X122.134 Y142.233 E-.04891
G1 X122.269 Y142.011 E-.0313
;WIPE_END
EXCLUDE_OBJECT_END NAME=vyper_electronics_cassette.stl_id_0_copy_0
;AFTER_LAYER_CHANGE
;7.2
;_SET_FAN_SPEED_CHANGING_LAYER
; printing object vyper_electronics_cassette.stl id:0 copy 0
EXCLUDE_OBJECT_START NAME=vyper_electronics_cassette.stl_id_0_copy_0
G1 X121.794 Y134.393 Z7.6 F21000
G1 X118.704 Y84.89 Z7.6
G1 Z7.2
G1 E.8 F2700
SET_VELOCITY_LIMIT ACCEL=3000 ACCEL_TO_DECEL=1500 SQUARE_CORNER_VELOCITY=7
;TYPE:Outer wall
;WIDTH:0.4
G1 F1271
G1 X118.755 Y84.556 E.00954
G1 X118.877 Y84.219 E.01012
G1 X119.064 Y83.913 E.01012
G1 X119.308 Y83.65 E.01012
G1 X119.6 Y83.44 E.01012
G1 X119.926 Y83.293 E.01012
G1 X120.276 Y83.213 E.01012
G1 X120.635 Y83.204 E.01012
G1 X120.988 Y83.266 E.01012
G1 X121.322 Y83.397 E.01012
G1 X121.623 Y83.592 E.01012
G1 X121.88 Y83.842 E.01012
G1 X122.082 Y84.139 E.01012
G1 X122.221 Y84.469 E.01012
G1 X122.292 Y84.818 E.01005
G1 X122.298 Y85.092 E.00773
G1 X122.245 Y85.444 E.01004
G1 X122.123 Y85.781 E.01012
G1 X121.936 Y86.087 E.01012
G1 X121.692 Y86.35 E.01012
G1 X121.4 Y86.56 E.01012
G1 X121.074 Y86.707 E.01012
G1 X120.724 Y86.787 E.01012
G1 X120.365 Y86.796 E.01012
G1 X120.012 Y86.734 E.01012
G1 X119.678 Y86.603 E.01012
G1 X119.377 Y86.408 E.01012
G1 X119.12 Y86.158 E.01012
G1 X118.918 Y85.861 E.01012
G1 X118.779 Y85.531 E.01012
G1 X118.708 Y85.182 E.01005
G1 X118.702 Y84.93 E.0071
SET_VELOCITY_LIMIT ACCEL=5000 ACCEL_TO_DECEL=2500 SQUARE_CORNER_VELOCITY=9
G1 E-.68 F3600
;WIPE_START
G1 X118.755 Y84.556 E-.04537
G1 X118.877 Y84.219 E-.04304
G1 X119.015 Y83.994 E-.03159
;WIPE_END
G1 X119.277 Y83.056 Z7.6 F21000
G1 Z7.2
G1 E.8 F2700
SET_VELOCITY_LIMIT ACCEL=3000 ACCEL_TO_DECEL=1500 SQUARE_CORNER_VELOCITY=7
G1 F1271
G1 X119.656 Y82.861 E.01203
G1 X120.095 Y82.736 E.01289
G1 X120.32 Y82.708 E.00637
G1 X120.68 Y82.708 E.01018
G1 X120.905 Y82.736 E.00637
G1 X121.344 Y82.861 E.01289
G1 X121.75 Y83.07 E.01289
G1 X122.107 Y83.355 E.01289
G1 X122.401 Y83.705 E.01289
G1 X122.619 Y84.107 E.01291
G1 X122.754 Y84.545 E.01291
G1 X122.8 Y85 E.01291
G1 X122.754 Y85.455 E.01291
G1 X122.619 Y85.893 E.01291
G1 X122.401 Y86.295 E.01291
G1 X122.107 Y86.645 E.01289
G1 X121.75 Y86.93 E.01289
G1 X121.344 Y87.139 E.01289
G1 X120.905 Y87.264 E.01289
G1 X120.68 Y87.292 E.00637
G1 X120.32 Y87.292 E.01018
G1 X120.095 Y87.264 E.00637
G1 X119.656 Y87.139 E.01289
G1 X119.25 Y86.93 E.01289
G1 X118.893 Y86.645 E.01289
G1 X118.599 Y86.295 E.01289
G1 X118.381 Y85.893 E.01291
G1 X118.246 Y85.455 E.01291
G1 X118.2 Y85 E.01291
G1 X118.246 Y84.545 E.01291
G1 X118.381 Y84.107 E.01291
G1 X118.599 Y83.705 E.01291
G1 X118.893 Y83.355 E.01289
G1 X119.242 Y83.076 E.01262
SET_VELOCITY_LIMIT ACCEL=5000 ACCEL_TO_DECEL=2500 SQUARE_CORNER_VELOCITY=9
G1 X119.394 Y83.287 F21000
;TYPE:Gap infill
;WIDTH:0.116934
G1 F1271
G1 X119.143 Y83.467 E.00181
G1 X118.866 Y83.767 E.00238
G1 X118.654 Y84.115 E.00238
G1 X118.516 Y84.498 E.00238
G1 X118.457 Y84.89 E.00231
G1 X118.466 Y85.212 E.00188
G1 X118.546 Y85.606 E.00235
G1 X118.705 Y85.981 E.00238
G1 X118.935 Y86.317 E.00238
G1 X119.227 Y86.601 E.00238
G1 X119.564 Y86.819 E.00235
G1 X119.943 Y86.968 E.00238
G1 X120.343 Y87.044 E.00238
G1 X120.758 Y87.033 E.00243
G1 X121.155 Y86.939 E.00238
G1 X121.526 Y86.771 E.00238
G1 X121.857 Y86.533 E.00238
G1 X122.134 Y86.233 E.00238
G1 X122.346 Y85.885 E.00238
G1 X122.484 Y85.502 E.00238
G1 X122.544 Y85.105 E.00235
G1 X122.534 Y84.788 E.00185
G1 X122.454 Y84.394 E.00235
G1 X122.295 Y84.019 E.00238
G1 X122.065 Y83.683 E.00238
G1 X121.773 Y83.399 E.00238
G1 X121.436 Y83.181 E.00235
G1 X121.057 Y83.032 E.00238
G1 X120.657 Y82.956 E.00238
G1 X120.242 Y82.967 E.00243
G1 X119.845 Y83.061 E.00238
G1 X119.474 Y83.229 E.00238
G1 X119.427 Y83.263 E.00034
G1 E-.68 F3600
;WIPE_START
G1 F7200
G1 X119.143 Y83.467 E-.04192
G1 X118.866 Y83.767 E-.04891
G1 X118.74 Y83.974 E-.02917
;WIPE_END
G1 X111.118 Y83.577 Z7.6 F21000
G1 X104.915 Y83.253 Z7.6
G1 Z7.2
G1 E.8 F2700
SET_VELOCITY_LIMIT ACCEL=3000 ACCEL_TO_DECEL=1500 SQUARE_CORNER_VELOCITY=7
;TYPE:Outer wall
;WIDTH:0.4
G1 F1271
G1 X104.988 Y83.266 E.00209
G1 X105.322 Y83.397 E.01012
G1 X105.623 Y83.592 E.01012
G1 X105.88 Y83.842 E.01012
G1 X106.082 Y84.139 E.01012
G1 X106.221 Y84.469 E.01012
G1 X106.292 Y84.818 E.01005
G1 X106.298 Y85.092 E.00773
G1 X106.245 Y85.444 E.01004
G1 X106.123 Y85.781 E.01012
G1 X105.936 Y86.087 E.01012
G1 X105.692 Y86.35 E.01012
G1 X105.4 Y86.56 E.01012
G1 X105.074 Y86.707 E.01012
G1 X104.724 Y86.787 E.01012
G1 X104.365 Y86.796 E.01012
G1 X104.012 Y86.734 E.01012
G1 X103.678 Y86.603 E.01012
G1 X103.377 Y86.408 E.01012
G1 X103.12 Y86.158 E.01012
G1 X102.918 Y85.861 E.01012
G1 X102.779 Y85.531 E.01012
G1 X102.708 Y85.182 E.01005
G1 X102.702 Y84.908 E.00773
G1 X102.755 Y84.556 E.01004
G1 X102.877 Y84.219 E.01012
G1 X103.064 Y83.913 E.01012
G1 X103.308 Y83.65 E.01012
G1 X103.6 Y83.44 E.01012
G1 X103.926 Y83.293 E.01012
G1 X104.276 Y83.213 E.01012
G1 X104.635 Y83.204 E.01012
G1 X104.875 Y83.247 E.0069
G1 X104.778 Y82.72 F21000
G1 F1271
G1 X104.905 Y82.736 E.00359
G1 X105.344 Y82.861 E.01289
G1 X105.75 Y83.07 E.01289
G1 X106.107 Y83.355 E.01289
G1 X106.401 Y83.705 E.01289
G1 X106.619 Y84.107 E.01291
G1 X106.754 Y84.545 E.01291
G1 X106.8 Y85 E.01291
G1 X106.754 Y85.455 E.01291
G1 X106.619 Y85.893 E.01291
G1 X106.401 Y86.295 E.01291
G1 X106.107 Y86.645 E.01289
G1 X105.75 Y86.93 E.01289
G1 X105.344 Y87.139 E.01289
G1 X104.905 Y87.264 E.01289
G1 X104.68 Y87.292 E.00637
G1 X104.32 Y87.292 E.01018
G1 X104.095 Y87.264 E.00637
G1 X103.656 Y87.139 E.01289
G1 X103.25 Y86.93 E.01289
G1 X102.893 Y86.645 E.01289
G1 X102.599 Y86.295 E.01289
G1 X102.381 Y85.893 E.01291
G1 X102.246 Y85.455 E.01291
G1 X102.2 Y85 E.01291
G1 X102.246 Y84.545 E.01291
G1 X102.381 Y84.107 E.01291
G1 X102.599 Y83.705 E.01291
G1 X102.893 Y83.355 E.01289
G1 X103.25 Y83.07 E.01289
G1 X103.656 Y82.861 E.01289
G1 X104.095 Y82.736 E.01289
G1 X104.32 Y82.708 E.00637
G1 X104.68 Y82.708 E.01018
G1 X104.739 Y82.715 E.00166
SET_VELOCITY_LIMIT ACCEL=5000 ACCEL_TO_DECEL=2500 SQUARE_CORNER_VELOCITY=9
G1 X104.692 Y82.962 F21000
;TYPE:Gap infill
;WIDTH:0.116934
G1 F1271
G1 X104.657 Y82.956 E.00021
G1 X104.242 Y82.967 E.00243
G1 X103.845 Y83.061 E.00238
G1 X103.474 Y83.229 E.00238
G1 X103.143 Y83.467 E.00238
G1 X102.866 Y83.767 E.00238
G1 X102.654 Y84.115 E.00238
G1 X102.516 Y84.498 E.00238
G1 X102.457 Y84.89 E.00231
G1 X102.466 Y85.212 E.00188
G1 X102.546 Y85.606 E.00235
G1 X102.705 Y85.981 E.00238
G1 X102.935 Y86.317 E.00238
G1 X103.227 Y86.601 E.00238
G1 X103.564 Y86.819 E.00235
G1 X103.943 Y86.968 E.00238
G1 X104.343 Y87.044 E.00238
G1 X104.758 Y87.033 E.00243
G1 X105.155 Y86.939 E.00238
G1 X105.526 Y86.771 E.00238
G1 X105.857 Y86.533 E.00238
G1 X106.134 Y86.233 E.00238
G1 X106.346 Y85.885 E.00238
G1 X106.484 Y85.502 E.00238
G1 X106.544 Y85.105 E.00235
G1 X106.534 Y84.788 E.00185
G1 X106.454 Y84.394 E.00235
G1 X106.295 Y84.019 E.00238
G1 X106.065 Y83.683 E.00238
G1 X105.773 Y83.399 E.00238
G1 X105.436 Y83.181 E.00235
G1 X105.057 Y83.032 E.00238
G1 X104.731 Y82.97 E.00194
G1 E-.68 F3600
;WIPE_START
G1 F7200
G1 X104.657 Y82.956 E-.00906
G1 X104.242 Y82.967 E-.04983
M73 P98 R0
G1 X103.845 Y83.061 E-.04891
G1 X103.752 Y83.103 E-.0122
;WIPE_END
G1 X103.794 Y90.735 Z7.6 F21000
G1 X104.079 Y142.745 Z7.6
G1 Z7.2
G1 E.8 F2700
SET_VELOCITY_LIMIT ACCEL=3000 ACCEL_TO_DECEL=1500 SQUARE_CORNER_VELOCITY=7
;TYPE:Outer wall
;WIDTH:0.4
G1 F1271
G1 X104.012 Y142.734 E.0019
G1 X103.678 Y142.603 E.01012
G1 X103.377 Y142.408 E.01012
G1 X103.12 Y142.158 E.01012
G1 X102.918 Y141.861 E.01012
G1 X102.779 Y141.531 E.01012
G1 X102.708 Y141.182 E.01005
G1 X102.702 Y140.908 E.00773
G1 X102.755 Y140.556 E.01004
G1 X102.877 Y140.219 E.01012
G1 X103.064 Y139.913 E.01012
G1 X103.308 Y139.65 E.01012
G1 X103.6 Y139.44 E.01012
G1 X103.926 Y139.293 E.01012
G1 X104.276 Y139.213 E.01012
G1 X104.635 Y139.204 E.01012
G1 X104.988 Y139.266 E.01012
G1 X105.322 Y139.397 E.01012
G1 X105.623 Y139.592 E.01012
G1 X105.88 Y139.842 E.01012
G1 X106.082 Y140.139 E.01012
G1 X106.221 Y140.469 E.01012
G1 X106.292 Y140.818 E.01005
G1 X106.298 Y141.092 E.00773
G1 X106.245 Y141.444 E.01004
G1 X106.123 Y141.781 E.01012
G1 X105.936 Y142.087 E.01012
G1 X105.692 Y142.35 E.01012
G1 X105.4 Y142.56 E.01012
G1 X105.074 Y142.707 E.01012
G1 X104.724 Y142.787 E.01012
G1 X104.365 Y142.796 E.01012
G1 X104.118 Y142.752 E.00708
SET_VELOCITY_LIMIT ACCEL=5000 ACCEL_TO_DECEL=2500 SQUARE_CORNER_VELOCITY=9
G1 E-.68 F3600
;WIPE_START
G1 X104.012 Y142.734 E-.0129
G1 X103.678 Y142.603 E-.04304
G1 X103.377 Y142.408 E-.04304
G1 X103.252 Y142.286 E-.02102
;WIPE_END
G1 X106.408 Y142.281 Z7.6 F21000
G1 Z7.2
G1 E.8 F2700
SET_VELOCITY_LIMIT ACCEL=3000 ACCEL_TO_DECEL=1500 SQUARE_CORNER_VELOCITY=7
G1 F1271
G1 X106.401 Y142.295 E.00044
G1 X106.107 Y142.645 E.01289
G1 X105.75 Y142.93 E.01289
G1 X105.344 Y143.139 E.01289
G1 X104.905 Y143.264 E.01289
G1 X104.68 Y143.292 E.00637
G1 X104.32 Y143.292 E.01018
G1 X104.095 Y143.264 E.00637
G1 X103.656 Y143.139 E.01289
G1 X103.25 Y142.93 E.01289
G1 X102.893 Y142.645 E.01289
G1 X102.599 Y142.295 E.01289
G1 X102.381 Y141.893 E.01291
G1 X102.246 Y141.455 E.01291
G1 X102.2 Y141 E.01291
G1 X102.246 Y140.545 E.01291
G1 X102.381 Y140.107 E.01291
G1 X102.599 Y139.705 E.01291
G1 X102.893 Y139.355 E.01289
G1 X103.25 Y139.07 E.01289
G1 X103.656 Y138.861 E.01289
G1 X104.095 Y138.736 E.01289
G1 X104.32 Y138.708 E.00637
G1 X104.68 Y138.708 E.01018
G1 X104.905 Y138.736 E.00637
G1 X105.344 Y138.861 E.01289
G1 X105.75 Y139.07 E.01289
G1 X106.107 Y139.355 E.01289
G1 X106.401 Y139.705 E.01289
G1 X106.619 Y140.107 E.01291
G1 X106.754 Y140.545 E.01291
G1 X106.8 Y141 E.01291
G1 X106.754 Y141.455 E.01291
G1 X106.619 Y141.893 E.01291
G1 X106.427 Y142.246 E.01134
SET_VELOCITY_LIMIT ACCEL=5000 ACCEL_TO_DECEL=2500 SQUARE_CORNER_VELOCITY=9
G1 X106.207 Y142.112 F21000
;TYPE:Gap infill
;WIDTH:0.116934
G1 F1271
G1 X106.346 Y141.885 E.00155
G1 X106.484 Y141.502 E.00238
G1 X106.544 Y141.105 E.00235
G1 X106.534 Y140.788 E.00185
G1 X106.454 Y140.394 E.00235
G1 X106.295 Y140.019 E.00238
G1 X106.065 Y139.683 E.00238
G1 X105.773 Y139.399 E.00238
G1 X105.436 Y139.181 E.00235
G1 X105.057 Y139.032 E.00238
G1 X104.657 Y138.956 E.00238
G1 X104.242 Y138.967 E.00243
G1 X103.845 Y139.061 E.00238
G1 X103.474 Y139.229 E.00238
G1 X103.143 Y139.467 E.00238
G1 X102.866 Y139.767 E.00238
G1 X102.654 Y140.115 E.00238
G1 X102.516 Y140.498 E.00238
G1 X102.457 Y140.89 E.00231
G1 X102.466 Y141.212 E.00188
G1 X102.546 Y141.606 E.00235
G1 X102.705 Y141.981 E.00238
G1 X102.935 Y142.317 E.00238
G1 X103.227 Y142.601 E.00238
G1 X103.564 Y142.819 E.00235
G1 X103.943 Y142.968 E.00238
G1 X104.343 Y143.044 E.00238
G1 X104.758 Y143.033 E.00243
G1 X105.155 Y142.939 E.00238
G1 X105.526 Y142.771 E.00238
G1 X105.857 Y142.533 E.00238
G1 X106.134 Y142.233 E.00238
G1 X106.187 Y142.146 E.0006
G1 E-.68 F3600
;WIPE_START
G1 F7200
G1 X106.346 Y141.885 E-.03667
G1 X106.484 Y141.502 E-.04892
G1 X106.527 Y141.218 E-.03442
;WIPE_END
G1 X114.118 Y142.007 Z7.6 F21000
G1 X121.007 Y142.722 Z7.6
G1 Z7.2
G1 E.8 F2700
SET_VELOCITY_LIMIT ACCEL=3000 ACCEL_TO_DECEL=1500 SQUARE_CORNER_VELOCITY=7
;TYPE:Outer wall
;WIDTH:0.4
G1 F1271
G1 X120.724 Y142.787 E.00819
G1 X120.365 Y142.796 E.01012
G1 X120.012 Y142.734 E.01012
G1 X119.678 Y142.603 E.01012
G1 X119.377 Y142.408 E.01012
G1 X119.12 Y142.158 E.01012
G1 X118.918 Y141.861 E.01012
G1 X118.779 Y141.531 E.01012
G1 X118.708 Y141.182 E.01005
G1 X118.702 Y140.908 E.00773
G1 X118.755 Y140.556 E.01004
G1 X118.877 Y140.219 E.01012
G1 X119.064 Y139.913 E.01012
G1 X119.308 Y139.65 E.01012
G1 X119.6 Y139.44 E.01012
G1 X119.926 Y139.293 E.01012
G1 X120.276 Y139.213 E.01012
G1 X120.635 Y139.204 E.01012
G1 X120.988 Y139.266 E.01012
G1 X121.322 Y139.397 E.01012
G1 X121.623 Y139.592 E.01012
G1 X121.88 Y139.842 E.01012
G1 X122.082 Y140.139 E.01012
G1 X122.221 Y140.469 E.01012
G1 X122.292 Y140.818 E.01005
G1 X122.298 Y141.092 E.00773
G1 X122.245 Y141.444 E.01004
G1 X122.123 Y141.781 E.01012
G1 X121.936 Y142.087 E.01012
G1 X121.692 Y142.35 E.01012
G1 X121.4 Y142.56 E.01012
G1 X121.074 Y142.707 E.01012
G1 X121.046 Y142.713 E.00079
G1 X121.723 Y142.944 F21000
G1 F1271
G1 X121.344 Y143.139 E.01203
G1 X120.905 Y143.264 E.01289
G1 X120.68 Y143.292 E.00637
G1 X120.32 Y143.292 E.01018
G1 X120.095 Y143.264 E.00637
G1 X119.656 Y143.139 E.01289
G1 X119.25 Y142.93 E.01289
G1 X118.893 Y142.645 E.01289
G1 X118.599 Y142.295 E.01289
G1 X118.381 Y141.893 E.01291
G1 X118.246 Y141.455 E.01291
G1 X118.2 Y141 E.01291
G1 X118.246 Y140.545 E.01291
G1 X118.381 Y140.107 E.01291
G1 X118.599 Y139.705 E.01291
G1 X118.893 Y139.355 E.01289
G1 X119.25 Y139.07 E.01289
G1 X119.656 Y138.861 E.01289
G1 X120.095 Y138.736 E.01289
G1 X120.32 Y138.708 E.00637
G1 X120.68 Y138.708 E.01018
G1 X120.905 Y138.736 E.00637
G1 X121.344 Y138.861 E.01289
G1 X121.75 Y139.07 E.01289
G1 X122.107 Y139.355 E.01289
G1 X122.401 Y139.705 E.01289
G1 X122.619 Y140.107 E.01291
G1 X122.754 Y140.545 E.01291
G1 X122.8 Y141 E.01291
G1 X122.754 Y141.455 E.01291
G1 X122.619 Y141.893 E.01291
G1 X122.401 Y142.295 E.01291
G1 X122.107 Y142.645 E.01289
G1 X121.758 Y142.924 E.01262
SET_VELOCITY_LIMIT ACCEL=5000 ACCEL_TO_DECEL=2500 SQUARE_CORNER_VELOCITY=9
G1 X121.606 Y142.713 F21000
;TYPE:Gap infill
;WIDTH:0.116934
G1 F1271
G1 X121.857 Y142.533 E.00181
G1 X122.134 Y142.233 E.00238
G1 X122.346 Y141.885 E.00238
G1 X122.484 Y141.502 E.00238
G1 X122.544 Y141.105 E.00235
G1 X122.534 Y140.788 E.00185
G1 X122.454 Y140.394 E.00235
G1 X122.295 Y140.019 E.00238
G1 X122.065 Y139.683 E.00238
G1 X121.773 Y139.399 E.00238
G1 X121.436 Y139.181 E.00235
G1 X121.057 Y139.032 E.00238
G1 X120.657 Y138.956 E.00238
G1 X120.242 Y138.967 E.00243
G1 X119.845 Y139.061 E.00238
G1 X119.474 Y139.229 E.00238
G1 X119.143 Y139.467 E.00238
G1 X118.866 Y139.767 E.00238
G1 X118.654 Y140.115 E.00238
G1 X118.516 Y140.498 E.00238
G1 X118.457 Y140.89 E.00231
G1 X118.466 Y141.212 E.00188
G1 X118.546 Y141.606 E.00235
G1 X118.705 Y141.981 E.00238
G1 X118.935 Y142.317 E.00238
G1 X119.227 Y142.601 E.00238
G1 X119.564 Y142.819 E.00235
G1 X119.943 Y142.968 E.00238
G1 X120.343 Y143.044 E.00238
G1 X120.758 Y143.033 E.00243
G1 X121.155 Y142.939 E.00238
G1 X121.526 Y142.771 E.00238
G1 X121.573 Y142.737 E.00034
; stop printing object vyper_electronics_cassette.stl id:0 copy 0
;LAYER_CHANGE
;Z:7.4
;HEIGHT:0.2
;BEFORE_LAYER_CHANGE
G92 E0
;7.4


G1 E-.68 F3600
;WIPE_START
G1 F7200
G1 X121.857 Y142.533 E-.04192
G1 X122.134 Y142.233 E-.04891
G1 X122.26 Y142.026 E-.02916
;WIPE_END
EXCLUDE_OBJECT_END NAME=vyper_electronics_cassette.stl_id_0_copy_0
;AFTER_LAYER_CHANGE
;7.4
;_SET_FAN_SPEED_CHANGING_LAYER
; printing object vyper_electronics_cassette.stl id:0 copy 0
EXCLUDE_OBJECT_START NAME=vyper_electronics_cassette.stl_id_0_copy_0
G1 X120.987 Y142.733 Z7.8 F21000
G1 Z7.4
G1 E.8 F2700
SET_VELOCITY_LIMIT ACCEL=3000 ACCEL_TO_DECEL=1500 SQUARE_CORNER_VELOCITY=7
;TYPE:Outer wall
;WIDTH:0.4
G1 F1272
G1 X120.718 Y142.787 E.00773
G1 X120.365 Y142.796 E.00996
G1 X120.012 Y142.734 E.01011
G1 X119.678 Y142.603 E.01012
G1 X119.377 Y142.408 E.01012
G1 X119.12 Y142.158 E.01012
G1 X118.918 Y141.861 E.01012
G1 X118.779 Y141.531 E.01012
G1 X118.708 Y141.182 E.01005
G1 X118.702 Y140.908 E.00773
G1 X118.755 Y140.556 E.01004
G1 X118.877 Y140.219 E.01012
G1 X119.064 Y139.913 E.01012
G1 X119.308 Y139.65 E.01012
G1 X119.6 Y139.44 E.01012
G1 X119.926 Y139.293 E.01012
G1 X120.276 Y139.213 E.01012
G1 X120.635 Y139.204 E.01012
G1 X120.988 Y139.266 E.01012
G1 X121.322 Y139.397 E.01012
G1 X121.623 Y139.592 E.01012
G1 X121.88 Y139.842 E.01012
G1 X122.082 Y140.139 E.01012
G1 X122.221 Y140.469 E.01012
G1 X122.292 Y140.821 E.01012
G1 X122.292 Y141.179 E.01012
G1 X122.221 Y141.531 E.01012
G1 X122.082 Y141.861 E.01012
G1 X121.88 Y142.158 E.01012
G1 X121.623 Y142.408 E.01012
G1 X121.322 Y142.603 E.01012
G1 X121.024 Y142.719 E.00901
G1 X121.706 Y142.946 F21000
G1 F1272
G1 X121.447 Y143.096 E.00844
G1 X121.013 Y143.242 E.01291
G1 X120.79 Y143.281 E.00639
G1 X120.438 Y143.299 E.00995
G1 X120.212 Y143.282 E.00639
G1 X119.766 Y143.18 E.01291
G1 X119.349 Y142.991 E.01291
G1 X118.978 Y142.724 E.01291
G1 X118.667 Y142.388 E.01291
G1 X118.428 Y141.998 E.01291
G1 X118.271 Y141.567 E.01291
G1 X118.203 Y141.115 E.01291
G1 X118.226 Y140.657 E.01291
G1 X118.339 Y140.214 E.01291
G1 X118.537 Y139.801 E.01291
G1 X118.814 Y139.436 E.01291
G1 X119.157 Y139.133 E.01291
G1 X119.553 Y138.904 E.01291
G1 X119.987 Y138.758 E.01291
G1 X120.21 Y138.719 E.00639
G1 X120.562 Y138.701 E.00995
G1 X120.788 Y138.718 E.00639
G1 X121.234 Y138.82 E.01291
G1 X121.651 Y139.009 E.01291
G1 X122.022 Y139.276 E.01291
G1 X122.333 Y139.612 E.01291
G1 X122.572 Y140.002 E.01291
G1 X122.729 Y140.433 E.01291
G1 X122.797 Y140.885 E.01291
G1 X122.774 Y141.343 E.01291
G1 X122.661 Y141.786 E.01291
G1 X122.463 Y142.199 E.01291
G1 X122.186 Y142.564 E.01291
G1 X121.843 Y142.867 E.01291
G1 X121.741 Y142.926 E.00334
SET_VELOCITY_LIMIT ACCEL=5000 ACCEL_TO_DECEL=2500 SQUARE_CORNER_VELOCITY=9
G1 X121.603 Y142.712 F21000
;TYPE:Gap infill
;WIDTH:0.112911
G1 F1272
G1 X121.774 Y142.602 E.00112
G1 X122.066 Y142.318 E.00225
G1 X122.296 Y141.982 E.00225
G1 X122.455 Y141.606 E.00225
G1 X122.536 Y141.207 E.00225
G1 X122.537 Y140.799 E.00225
G1 X122.457 Y140.4 E.00225
G1 X122.299 Y140.024 E.00225
G1 X122.07 Y139.687 E.00225
G1 X121.779 Y139.402 E.00225
G1 X121.437 Y139.18 E.00225
G1 X121.057 Y139.031 E.00225
G1 X120.657 Y138.957 E.00225
G1 X120.241 Y138.966 E.0023
G1 X119.846 Y139.062 E.00225
G1 X119.48 Y139.227 E.00222
G1 X119.149 Y139.464 E.00225
G1 X118.871 Y139.762 E.00225
G1 X118.658 Y140.11 E.00225
G1 X118.519 Y140.492 E.00225
G1 X118.458 Y140.89 E.00222
G1 X118.464 Y141.206 E.00175
G1 X118.543 Y141.6 E.00222
G1 X118.701 Y141.976 E.00225
G1 X118.93 Y142.313 E.00225
G1 X119.221 Y142.598 E.00225
G1 X119.563 Y142.82 E.00225
G1 X119.943 Y142.969 E.00225
G1 X120.343 Y143.043 E.00225
G1 X120.749 Y143.035 E.00224
G1 X121.057 Y142.969 E.00174
G1 X121.431 Y142.823 E.00222
G1 X121.57 Y142.734 E.00091
G1 E-.68 F3600
;WIPE_START
G1 F7200
G1 X121.774 Y142.602 E-.02913
G1 X122.066 Y142.318 E-.04891
G1 X122.263 Y142.03 E-.04196
;WIPE_END
G1 X114.637 Y142.332 Z7.8 F21000
G1 X104.099 Y142.749 Z7.8
G1 Z7.4
G1 E.8 F2700
SET_VELOCITY_LIMIT ACCEL=3000 ACCEL_TO_DECEL=1500 SQUARE_CORNER_VELOCITY=7
;TYPE:Outer wall
;WIDTH:0.4
G1 F1272
G1 X104.012 Y142.734 E.00248
G1 X103.678 Y142.603 E.01012
G1 X103.377 Y142.408 E.01012
G1 X103.12 Y142.158 E.01012
G1 X102.918 Y141.861 E.01012
G1 X102.779 Y141.531 E.01012
G1 X102.708 Y141.182 E.01005
G1 X102.702 Y140.908 E.00773
G1 X102.755 Y140.556 E.01004
G1 X102.877 Y140.219 E.01012
G1 X103.064 Y139.913 E.01012
G1 X103.308 Y139.65 E.01012
G1 X103.6 Y139.44 E.01012
G1 X103.926 Y139.293 E.01012
G1 X104.276 Y139.213 E.01012
G1 X104.635 Y139.204 E.01012
G1 X104.988 Y139.266 E.01012
G1 X105.322 Y139.397 E.01012
G1 X105.623 Y139.592 E.01012
G1 X105.88 Y139.842 E.01012
G1 X106.082 Y140.139 E.01012
G1 X106.221 Y140.469 E.01012
G1 X106.292 Y140.821 E.01012
G1 X106.292 Y141.179 E.01012
G1 X106.221 Y141.531 E.01012
G1 X106.082 Y141.861 E.01012
G1 X105.88 Y142.158 E.01012
G1 X105.623 Y142.408 E.01012
G1 X105.322 Y142.603 E.01012
G1 X104.99 Y142.733 E.01005
G1 X104.718 Y142.787 E.00782
G1 X104.365 Y142.796 E.00996
G1 X104.138 Y142.756 E.0065
SET_VELOCITY_LIMIT ACCEL=5000 ACCEL_TO_DECEL=2500 SQUARE_CORNER_VELOCITY=9
G1 E-.68 F3600
;WIPE_START
G1 X104.012 Y142.734 E-.01536
G1 X103.678 Y142.603 E-.04304
G1 X103.377 Y142.408 E-.04304
G1 X103.266 Y142.3 E-.01856
;WIPE_END
G1 X106.41 Y142.277 Z7.8 F21000
G1 Z7.4
G1 E.8 F2700
SET_VELOCITY_LIMIT ACCEL=3000 ACCEL_TO_DECEL=1500 SQUARE_CORNER_VELOCITY=7
G1 F1272
G1 X106.4 Y142.295 E.00058
G1 X106.106 Y142.646 E.01291
G1 X105.749 Y142.931 E.01291
G1 X105.341 Y143.14 E.01291
G1 X104.901 Y143.264 E.0129
G1 X104.672 Y143.293 E.00651
G1 X104.324 Y143.293 E.00983
G1 X104.099 Y143.264 E.00639
G1 X103.659 Y143.14 E.01291
G1 X103.251 Y142.931 E.01291
G1 X102.894 Y142.646 E.01291
G1 X102.6 Y142.295 E.01291
M73 P99 R0
G1 X102.381 Y141.893 E.01291
G1 X102.246 Y141.456 E.01291
G1 X102.2 Y141 E.01291
G1 X102.246 Y140.544 E.01291
G1 X102.381 Y140.107 E.01291
G1 X102.6 Y139.705 E.01291
G1 X102.894 Y139.354 E.01291
G1 X103.251 Y139.069 E.01291
G1 X103.659 Y138.86 E.01291
G1 X104.099 Y138.736 E.01291
G1 X104.324 Y138.707 E.00639
G1 X104.676 Y138.707 E.00995
G1 X104.901 Y138.736 E.00639
G1 X105.341 Y138.86 E.01291
G1 X105.749 Y139.069 E.01291
G1 X106.106 Y139.354 E.01291
G1 X106.4 Y139.705 E.01291
G1 X106.619 Y140.107 E.01291
G1 X106.754 Y140.544 E.01291
G1 X106.8 Y141 E.01291
G1 X106.754 Y141.456 E.01291
G1 X106.619 Y141.893 E.01291
G1 X106.429 Y142.242 E.0112
SET_VELOCITY_LIMIT ACCEL=5000 ACCEL_TO_DECEL=2500 SQUARE_CORNER_VELOCITY=9
G1 X106.216 Y142.097 F21000
;TYPE:Gap infill
;WIDTH:0.116098
G1 F1272
G1 X106.298 Y141.976 E.00085
G1 X106.456 Y141.6 E.00235
G1 X106.536 Y141.201 E.00235
G1 X106.535 Y140.793 E.00235
G1 X106.454 Y140.394 E.00235
G1 X106.298 Y140.024 E.00232
G1 X106.069 Y139.688 E.00235
G1 X105.778 Y139.403 E.00235
G1 X105.436 Y139.181 E.00235
G1 X105.057 Y139.032 E.00235
G1 X104.657 Y138.956 E.00235
G1 X104.242 Y138.967 E.0024
G1 X103.845 Y139.061 E.00236
G1 X103.474 Y139.229 E.00236
G1 X103.143 Y139.467 E.00236
G1 X102.866 Y139.767 E.00236
G1 X102.654 Y140.115 E.00236
G1 X102.516 Y140.498 E.00236
G1 X102.457 Y140.89 E.00229
G1 X102.466 Y141.212 E.00186
G1 X102.546 Y141.606 E.00232
G1 X102.705 Y141.981 E.00235
G1 X102.935 Y142.317 E.00235
G1 X103.227 Y142.601 E.00235
G1 X103.564 Y142.819 E.00232
G1 X103.943 Y142.968 E.00235
G1 X104.343 Y143.044 E.00235
G1 X104.743 Y143.035 E.00231
G1 X105.062 Y142.967 E.00189
G1 X105.436 Y142.819 E.00233
G1 X105.778 Y142.597 E.00235
G1 X106.069 Y142.312 E.00235
G1 X106.193 Y142.13 E.00128
G1 E-.68 F3600
;WIPE_START
G1 F7200
G1 X106.298 Y141.976 E-.02237
G1 X106.456 Y141.6 E-.04888
G1 X106.535 Y141.202 E-.04875
;WIPE_END
G1 X106.319 Y133.572 Z7.8 F21000
G1 X104.893 Y83.25 Z7.8
G1 Z7.4
G1 E.8 F2700
SET_VELOCITY_LIMIT ACCEL=3000 ACCEL_TO_DECEL=1500 SQUARE_CORNER_VELOCITY=7
;TYPE:Outer wall
;WIDTH:0.4
G1 F1272
G1 X104.988 Y83.266 E.00272
G1 X105.322 Y83.397 E.01012
G1 X105.623 Y83.592 E.01012
G1 X105.88 Y83.842 E.01012
G1 X106.082 Y84.139 E.01012
G1 X106.221 Y84.469 E.01012
G1 X106.292 Y84.821 E.01012
G1 X106.292 Y85.179 E.01012
G1 X106.221 Y85.531 E.01012
G1 X106.082 Y85.861 E.01012
G1 X105.88 Y86.158 E.01012
G1 X105.623 Y86.408 E.01012
G1 X105.322 Y86.603 E.01012
G1 X104.99 Y86.733 E.01005
G1 X104.718 Y86.787 E.00782
G1 X104.365 Y86.796 E.00996
G1 X104.012 Y86.734 E.01011
G1 X103.678 Y86.603 E.01012
G1 X103.377 Y86.408 E.01012
G1 X103.12 Y86.158 E.01012
G1 X102.918 Y85.861 E.01012
G1 X102.779 Y85.531 E.01012
G1 X102.708 Y85.182 E.01005
G1 X102.702 Y84.908 E.00773
G1 X102.755 Y84.556 E.01004
G1 X102.877 Y84.219 E.01012
G1 X103.064 Y83.913 E.01012
G1 X103.308 Y83.65 E.01012
G1 X103.6 Y83.44 E.01012
G1 X103.926 Y83.293 E.01012
G1 X104.276 Y83.213 E.01012
G1 X104.635 Y83.204 E.01012
G1 X104.853 Y83.243 E.00626
G1 X104.737 Y82.715 F21000
G1 F1272
G1 X104.901 Y82.736 E.00466
G1 X105.341 Y82.86 E.01291
G1 X105.749 Y83.069 E.01291
G1 X106.106 Y83.354 E.01291
G1 X106.4 Y83.705 E.01291
G1 X106.619 Y84.107 E.01291
G1 X106.754 Y84.544 E.01291
G1 X106.8 Y85 E.01291
G1 X106.754 Y85.456 E.01291
G1 X106.619 Y85.893 E.01291
G1 X106.4 Y86.295 E.01291
G1 X106.106 Y86.646 E.01291
G1 X105.749 Y86.931 E.01291
G1 X105.341 Y87.14 E.01291
G1 X104.901 Y87.264 E.0129
G1 X104.672 Y87.293 E.00651
G1 X104.324 Y87.293 E.00983
G1 X104.099 Y87.264 E.00639
G1 X103.659 Y87.14 E.01291
G1 X103.251 Y86.931 E.01291
G1 X102.894 Y86.646 E.01291
G1 X102.6 Y86.295 E.01291
G1 X102.381 Y85.893 E.01291
G1 X102.246 Y85.456 E.01291
G1 X102.2 Y85 E.01291
G1 X102.246 Y84.544 E.01291
G1 X102.381 Y84.107 E.01291
G1 X102.6 Y83.705 E.01291
G1 X102.894 Y83.354 E.01291
G1 X103.251 Y83.069 E.01291
G1 X103.659 Y82.86 E.01291
G1 X104.099 Y82.736 E.01291
G1 X104.324 Y82.707 E.00639
G1 X104.676 Y82.707 E.00995
G1 X104.698 Y82.71 E.0006
SET_VELOCITY_LIMIT ACCEL=5000 ACCEL_TO_DECEL=2500 SQUARE_CORNER_VELOCITY=9
G1 X104.657 Y82.956 F21000
;TYPE:Gap infill
;WIDTH:0.116098
G1 F1272
G1 X104.242 Y82.967 E.0024
G1 X103.845 Y83.061 E.00236
G1 X103.474 Y83.229 E.00236
G1 X103.143 Y83.467 E.00236
G1 X102.866 Y83.767 E.00236
G1 X102.654 Y84.115 E.00236
G1 X102.516 Y84.498 E.00236
G1 X102.457 Y84.89 E.00229
G1 X102.466 Y85.212 E.00186
G1 X102.546 Y85.606 E.00232
G1 X102.705 Y85.981 E.00235
G1 X102.935 Y86.317 E.00235
G1 X103.227 Y86.601 E.00235
G1 X103.564 Y86.819 E.00232
G1 X103.943 Y86.968 E.00235
G1 X104.343 Y87.044 E.00235
G1 X104.743 Y87.035 E.00231
G1 X105.062 Y86.967 E.00189
G1 X105.436 Y86.819 E.00233
G1 X105.778 Y86.597 E.00235
G1 X106.069 Y86.312 E.00235
G1 X106.298 Y85.976 E.00235
G1 X106.456 Y85.6 E.00235
G1 X106.536 Y85.201 E.00235
G1 X106.535 Y84.793 E.00235
G1 X106.454 Y84.394 E.00235
G1 X106.298 Y84.024 E.00232
G1 X106.069 Y83.688 E.00235
G1 X105.778 Y83.403 E.00235
G1 X105.436 Y83.181 E.00235
G1 X105.057 Y83.032 E.00235
G1 X104.696 Y82.963 E.00212
G1 E-.68 F3600
;WIPE_START
G1 F7200
G1 X104.242 Y82.967 E-.05453
G1 X103.845 Y83.061 E-.04891
G1 X103.719 Y83.118 E-.01656
;WIPE_END
G1 X111.299 Y84.016 Z7.8 F21000
G1 X118.704 Y84.893 Z7.8
G1 Z7.4
G1 E.8 F2700
SET_VELOCITY_LIMIT ACCEL=3000 ACCEL_TO_DECEL=1500 SQUARE_CORNER_VELOCITY=7
;TYPE:Outer wall
;WIDTH:0.4
G1 F1272
G1 X118.755 Y84.556 E.00963
G1 X118.877 Y84.219 E.01012
G1 X119.064 Y83.913 E.01012
G1 X119.308 Y83.65 E.01012
G1 X119.6 Y83.44 E.01012
G1 X119.926 Y83.293 E.01012
G1 X120.276 Y83.213 E.01012
G1 X120.635 Y83.204 E.01012
G1 X120.988 Y83.266 E.01012
G1 X121.322 Y83.397 E.01012
G1 X121.623 Y83.592 E.01012
G1 X121.88 Y83.842 E.01012
G1 X122.082 Y84.139 E.01012
G1 X122.221 Y84.469 E.01012
G1 X122.292 Y84.821 E.01012
G1 X122.292 Y85.179 E.01012
G1 X122.221 Y85.531 E.01012
G1 X122.082 Y85.861 E.01012
G1 X121.88 Y86.158 E.01012
G1 X121.623 Y86.408 E.01012
G1 X121.322 Y86.603 E.01012
G1 X120.99 Y86.733 E.01005
G1 X120.718 Y86.787 E.00782
G1 X120.365 Y86.796 E.00996
G1 X120.012 Y86.734 E.01011
G1 X119.678 Y86.603 E.01012
G1 X119.377 Y86.408 E.01012
G1 X119.12 Y86.158 E.01012
G1 X118.918 Y85.861 E.01012
G1 X118.779 Y85.531 E.01012
G1 X118.708 Y85.182 E.01005
G1 X118.702 Y84.933 E.00701
SET_VELOCITY_LIMIT ACCEL=5000 ACCEL_TO_DECEL=2500 SQUARE_CORNER_VELOCITY=9
G1 E-.68 F3600
;WIPE_START
G1 X118.755 Y84.556 E-.04574
G1 X118.877 Y84.219 E-.04304
G1 X119.013 Y83.997 E-.03122
;WIPE_END
G1 X119.294 Y83.054 Z7.8 F21000
G1 Z7.4
G1 E.8 F2700
SET_VELOCITY_LIMIT ACCEL=3000 ACCEL_TO_DECEL=1500 SQUARE_CORNER_VELOCITY=7
G1 F1272
G1 X119.553 Y82.904 E.00844
G1 X119.987 Y82.758 E.01291
G1 X120.21 Y82.719 E.00639
G1 X120.562 Y82.701 E.00995
G1 X120.788 Y82.718 E.00639
G1 X121.234 Y82.82 E.01291
G1 X121.651 Y83.009 E.01291
G1 X122.022 Y83.276 E.01291
G1 X122.333 Y83.612 E.01291
G1 X122.572 Y84.002 E.01291
G1 X122.729 Y84.433 E.01291
G1 X122.797 Y84.885 E.01291
G1 X122.774 Y85.343 E.01291
G1 X122.661 Y85.786 E.01291
G1 X122.463 Y86.199 E.01291
G1 X122.186 Y86.564 E.01291
G1 X121.843 Y86.867 E.01291
G1 X121.447 Y87.096 E.01291
G1 X121.013 Y87.242 E.01291
G1 X120.79 Y87.281 E.00639
G1 X120.438 Y87.299 E.00995
G1 X120.212 Y87.282 E.00639
G1 X119.766 Y87.18 E.01291
G1 X119.349 Y86.991 E.01291
G1 X118.978 Y86.724 E.01291
G1 X118.667 Y86.388 E.01291
G1 X118.428 Y85.998 E.01291
G1 X118.271 Y85.567 E.01291
G1 X118.203 Y85.115 E.01291
G1 X118.226 Y84.657 E.01291
G1 X118.339 Y84.214 E.01291
G1 X118.537 Y83.801 E.01291
G1 X118.814 Y83.436 E.01291
G1 X119.157 Y83.133 E.01291
G1 X119.259 Y83.074 E.00334
SET_VELOCITY_LIMIT ACCEL=5000 ACCEL_TO_DECEL=2500 SQUARE_CORNER_VELOCITY=9
G1 X119.406 Y83.28 F21000
;TYPE:Gap infill
;WIDTH:0.112911
G1 F1272
G1 X119.149 Y83.464 E.00175
G1 X118.871 Y83.762 E.00225
G1 X118.658 Y84.11 E.00225
G1 X118.519 Y84.492 E.00225
G1 X118.458 Y84.89 E.00222
G1 X118.464 Y85.206 E.00175
G1 X118.543 Y85.6 E.00222
G1 X118.701 Y85.976 E.00225
G1 X118.93 Y86.313 E.00225
G1 X119.221 Y86.598 E.00225
G1 X119.563 Y86.82 E.00225
G1 X119.943 Y86.969 E.00225
G1 X120.343 Y87.043 E.00225
G1 X120.749 Y87.035 E.00224
G1 X121.057 Y86.969 E.00174
G1 X121.431 Y86.823 E.00222
G1 X121.774 Y86.602 E.00225
G1 X122.066 Y86.318 E.00225
G1 X122.296 Y85.982 E.00225
G1 X122.455 Y85.606 E.00225
G1 X122.536 Y85.207 E.00225
G1 X122.537 Y84.799 E.00225
G1 X122.457 Y84.4 E.00225
G1 X122.299 Y84.024 E.00225
G1 X122.07 Y83.687 E.00225
G1 X121.779 Y83.402 E.00225
G1 X121.437 Y83.18 E.00225
G1 X121.057 Y83.031 E.00225
G1 X120.657 Y82.957 E.00225
G1 X120.241 Y82.966 E.0023
G1 X119.846 Y83.062 E.00225
G1 X119.48 Y83.227 E.00222
G1 X119.439 Y83.256 E.00028
; stop printing object vyper_electronics_cassette.stl id:0 copy 0
G1 E-.68 F3600
;WIPE_START
G1 F7200
G1 X119.149 Y83.464 E-.04283
G1 X118.871 Y83.762 E-.04888
G1 X118.748 Y83.963 E-.02829
;WIPE_END
EXCLUDE_OBJECT_END NAME=vyper_electronics_cassette.stl_id_0_copy_0
M106 S0
;TYPE:Custom
; filament end gcode 
;PRINT_END
G91 ;Relative positionning
G1 E-2 F2700 ;Retract a bit
G1 E-8 X5 Y5 Z3 F3000 ;Retract
G90 ;Absolute positionning
G1 X10 Y220 F6000;Finish print
M106 S0 ;Turn-off fan
M104 S0 ;Turn-off hotend
M140 S0 ;Turn-off bed
M84 X Y E ;Disable all steppers but Z
M73 P100 R0
; EXECUTABLE_BLOCK_END

; filament used [mm] = 1095.78
; filament used [cm3] = 2.64
; filament used [g] = 3.35
; total filament used [g] = 3.35
; total filament cost = 0.00
; total layers count = 37
; estimated printing time (normal mode) = 12m 59s
; estimated first layer printing time (normal mode) = 20s

; CONFIG_BLOCK_START
; accel_to_decel_enable = 1
; accel_to_decel_factor = 50%
; activate_air_filtration = 0
; activate_air_filtration_during_print = 1
; activate_air_filtration_on_completion = 1
; activate_chamber_temp_control = 0
; adaptive_bed_mesh_margin = 0
; adaptive_pressure_advance = 0
; adaptive_pressure_advance_bridges = 0
; adaptive_pressure_advance_model = "0,0,0\n0,0,0"
; adaptive_pressure_advance_overhangs = 0
; additional_cooling_fan_speed = 0
; additional_fan_full_speed_layer = 0
; align_infill_direction_to_model = 0
; alternate_extra_wall = 0
; auxiliary_fan = 0
; bbl_calib_mark_logo = 1
; bed_custom_model = 
; bed_custom_texture = 
; bed_exclude_area = 0x0
; bed_mesh_max = 99999,99999
; bed_mesh_min = -99999,-99999
; bed_mesh_probe_distance = 50,50
; bed_temperature_formula = by_highest_temp
; before_layer_change_gcode = ;BEFORE_LAYER_CHANGE\nG92 E0\n;[layer_z]\n\n
; best_object_pos = 0.5,0.5
; bottom_shell_layers = 5
; bottom_shell_thickness = 0
; bottom_solid_infill_flow_ratio = 1
; bottom_surface_density = 100%
; bottom_surface_filament_id = 0
; bottom_surface_pattern = monotonic
; bridge_acceleration = 50%
; bridge_angle = 0
; bridge_density = 100%
; bridge_flow = 0.95
; bridge_line_width = 100%
; bridge_no_support = 0
; bridge_speed = 25
; brim_ears_detection_length = 1
; brim_ears_max_angle = 125
; brim_flow_ratio = 1
; brim_object_gap = 0.1
; brim_type = outer_only
; brim_use_efc_outline = 0
; brim_width = 5
; calib_flowrate_topinfill_special_order = 0
; chamber_minimal_temperature = 0
; chamber_temperature = 0
; change_extrusion_role_gcode = 
; change_filament_gcode = M600
; close_additional_fan_first_x_layers = 1
; close_fan_the_first_x_layers = 3
; combine_brims = 0
; compatible_printers_condition = 
; complete_print_exhaust_fan_speed = 80
; cool_plate_temp = 80
; cool_plate_temp_initial_layer = 80
; cooling_tube_length = 5
; cooling_tube_retraction = 91.5
; counterbore_hole_bridging = none
; curr_bed_type = Cool Plate
; default_acceleration = 5000
; default_filament_colour = ""
; default_filament_profile = "Generic PLA @Elegoo"
; default_jerk = 9
; default_junction_deviation = 0
; default_print_profile = 0.20mm Standard @Elegoo Neptune4 (0.4 nozzle)
; deretraction_speed = 45
; detect_narrow_internal_solid_infill = 1
; detect_overhang_wall = 1
; detect_thin_wall = 0
; different_settings_to_system = ;;
; disable_m73 = 0
; dont_filter_internal_bridges = disabled
; dont_slow_down_outer_wall = 0
; draft_shield = disabled
; during_print_exhaust_fan_speed = 60
; elefant_foot_compensation = 0.1
; elefant_foot_compensation_layers = 1
; elefant_foot_layers_density = 100%
; emit_machine_limits_to_gcode = 1
; enable_arc_fitting = 0
; enable_extra_bridge_layer = disabled
; enable_filament_ramming = 1
; enable_long_retraction_when_cut = 0
; enable_overhang_bridge_fan = 1
; enable_overhang_speed = 1
; enable_power_loss_recovery = printer_configuration
; enable_pressure_advance = 0
; enable_prime_tower = 0
; enable_support = 0
; enable_tower_interface_cooldown_during_tower = 0
; enable_tower_interface_features = 0
; enable_wrapping_detection = 0
; enforce_support_layers = 0
; eng_plate_temp = 0
; eng_plate_temp_initial_layer = 0
; ensure_vertical_shell_thickness = ensure_all
; exclude_object = 1
; extra_loading_move = -2
; extra_perimeters_on_overhangs = 0
; extra_solid_infills = 
; extruder_ams_count = 
; extruder_clearance_height_to_lid = 34
; extruder_clearance_height_to_rod = 34
; extruder_clearance_radius = 47
; extruder_colour = #F2754E
; extruder_offset = 0x0
; extruder_printable_area = 
; extruder_printable_height = 0
; extruder_type = Direct Drive
; extrusion_rate_smoothing_external_perimeter_only = 0
; fan_cooling_layer_time = 30
; fan_kickstart = 0
; fan_max_speed = 50
; fan_min_speed = 20
; fan_speedup_overhangs = 1
; fan_speedup_time = 0
; filament_adaptive_volumetric_speed = 0
; filament_adhesiveness_category = 0
; filament_change_extrusion_role_gcode = ""
; filament_change_length = 10
; filament_colour = #F2754E
; filament_cooling_before_tower = 10
; filament_cooling_final_speed = 3.4
; filament_cooling_initial_speed = 2.2
; filament_cooling_moves = 4
; filament_cost = 0
; filament_density = 1.27
; filament_diameter = 1.75
; filament_end_gcode = "; filament end gcode \n"
; filament_extruder_variant = "Direct Drive Standard"
; filament_flow_ratio = 0.95
; filament_flush_temp = 0
; filament_flush_volumetric_speed = 0
; filament_ids = GFG99
; filament_is_support = 0
; filament_loading_speed = 28
; filament_loading_speed_start = 3
; filament_map = 1
; filament_map_mode = Auto For Flush
; filament_max_volumetric_speed = 10
; filament_minimal_purge_on_wipe_tower = 15
; filament_multitool_ramming = 0
; filament_multitool_ramming_flow = 10
; filament_multitool_ramming_volume = 10
; filament_notes = ""
; filament_printable = 3
; filament_ramming_parameters = "120 100 6.6 6.8 7.2 7.6 7.9 8.2 8.7 9.4 9.9 10.0| 0.05 6.6 0.45 6.8 0.95 7.8 1.45 8.3 1.95 9.7 2.45 10 2.95 7.6 3.45 7.6 3.95 7.6 4.45 7.6 4.95 7.6"
; filament_self_index = 1
; filament_settings_id = "VYPER Generic PETG @ Neptune 4"
; filament_shrink = 100%
; filament_shrinkage_compensation_z = 100%
; filament_soluble = 0
; filament_stamping_distance = 0
; filament_stamping_loading_speed = 0
; filament_start_gcode = "; VYPER PETG derived from Orca/Elegoo Generic PETG\n"
; filament_toolchange_delay = 0
; filament_tower_interface_pre_extrusion_dist = 10
; filament_tower_interface_pre_extrusion_length = 0
; filament_tower_interface_print_temp = -1
; filament_tower_interface_purge_volume = 20
; filament_tower_ironing_area = 4
; filament_type = PETG
; filament_unloading_speed = 90
; filament_unloading_speed_start = 100
; filament_vendor = Generic
; file_start_gcode = 
; filename_format = {input_filename_base}_{layer_height}mm_{filament_type[0]}_{printer_model}_{print_time}.gcode
; fill_multiline = 1
; filter_out_gap_fill = 0
; first_layer_flow_ratio = 1
; first_layer_print_sequence = 0
; first_x_layer_fan_speed = 0
; flush_into_infill = 0
; flush_into_objects = 0
; flush_into_support = 1
; flush_multiplier = 0.3
; flush_volumes_matrix = 0,280,280,280,280,0,280,280,280,280,0,280,280,280,280,0
; flush_volumes_vector = 140,140,140,140,140,140,140,140
; full_fan_speed_layer = 0
; fuzzy_skin = disabled_fuzzy
; fuzzy_skin_first_layer = 0
; fuzzy_skin_layers_between_ripple_offset = 1
; fuzzy_skin_mode = displacement
; fuzzy_skin_noise_type = classic
; fuzzy_skin_octaves = 4
; fuzzy_skin_persistence = 0.5
; fuzzy_skin_point_distance = 0.3
; fuzzy_skin_ripple_offset = 50%
; fuzzy_skin_ripples_per_layer = 15
; fuzzy_skin_scale = 1
; fuzzy_skin_thickness = 0.2
; gap_fill_flow_ratio = 1
; gap_fill_target = nowhere
; gap_infill_speed = 120
; gcode_add_line_number = 0
; gcode_comments = 0
; gcode_flavor = klipper
; gcode_label_objects = 1
; grab_length = 0
; gyroid_optimized = 0
; has_scarf_joint_seam = 0
; head_wrap_detect_zone = 
; high_current_on_filament_swap = 0
; hole_to_polyhole = 0
; hole_to_polyhole_threshold = 0.01
; hole_to_polyhole_twisted = 1
; hot_plate_temp = 80
; hot_plate_temp_initial_layer = 80
; idle_temperature = 0
; independent_support_layer_height = 1
; infill_anchor = 400%
; infill_anchor_max = 20
; infill_combination = 0
; infill_combination_max_layer_height = 100%
; infill_direction = 45
; infill_jerk = 9
; infill_lock_depth = 1
; infill_overhang_angle = 60
; infill_shift_step = 0.4
; infill_wall_overlap = 25%
; inherits_group = ;;
; initial_layer_acceleration = 1000
; initial_layer_infill_speed = 80
; initial_layer_jerk = 7
; initial_layer_line_width = 0.42
; initial_layer_min_bead_width = 85%
; initial_layer_print_height = 0.2
; initial_layer_speed = 50
; initial_layer_travel_acceleration = 100%
; initial_layer_travel_jerk = 100%
; initial_layer_travel_speed = 100%
; inner_wall_acceleration = 3000
; inner_wall_filament_id = 0
; inner_wall_flow_ratio = 1
; inner_wall_jerk = 7
; inner_wall_line_width = 0.45
; inner_wall_speed = 80
; input_shaping_damp_x = 0.1
; input_shaping_damp_y = 0.1
; input_shaping_emit = 0
; input_shaping_freq_x = 0
; input_shaping_freq_y = 0
; input_shaping_type = Default
; interface_shells = 0
; interlocking_beam = 0
; interlocking_beam_layer_count = 2
; interlocking_beam_width = 0.8
; interlocking_boundary_avoidance = 2
; interlocking_depth = 2
; interlocking_orientation = 22.5
; internal_bridge_angle = 0
; internal_bridge_density = 100%
; internal_bridge_fan_speed = -1
; internal_bridge_flow = 1
; internal_bridge_speed = 70
; internal_solid_filament_id = 0
; internal_solid_infill_acceleration = 100%
; internal_solid_infill_flow_ratio = 1
; internal_solid_infill_line_width = 0.45
; internal_solid_infill_pattern = monotonic
; internal_solid_infill_speed = 200
; ironing_angle = 0
; ironing_angle_fixed = 0
; ironing_fan_speed = -1
; ironing_flow = 15%
; ironing_inset = 0
; ironing_pattern = rectilinear
; ironing_spacing = 0.1
; ironing_speed = 15
; ironing_type = no ironing
; is_infill_first = 0
; lateral_lattice_angle_1 = -45
; lateral_lattice_angle_2 = 45
; layer_change_gcode = ;AFTER_LAYER_CHANGE\n;[layer_z]
; layer_height = 0.2
; lightning_overhang_angle = 45
; lightning_prune_angle = 45
; lightning_straightening_angle = 45
; line_width = 0.4
; long_retractions_when_cut = 0
; long_retractions_when_ec = 0
; machine_end_gcode = ;PRINT_END\nG91 ;Relative positionning\nG1 E-2 F2700 ;Retract a bit\nG1 E-8 X5 Y5 Z3 F3000 ;Retract\nG90 ;Absolute positionning\nG1 X10 Y220 F6000;Finish print\nM106 S0 ;Turn-off fan\nM104 S0 ;Turn-off hotend\nM140 S0 ;Turn-off bed\nM84 X Y E ;Disable all steppers but Z
; machine_load_filament_time = 0
; machine_max_acceleration_e = 5000,5000
; machine_max_acceleration_extruding = 10000,10000
; machine_max_acceleration_retracting = 10000,10000
; machine_max_acceleration_travel = 10000,10000
; machine_max_acceleration_x = 10000,10000
; machine_max_acceleration_y = 10000,10000
; machine_max_acceleration_z = 500,500
; machine_max_jerk_e = 5,5
; machine_max_jerk_x = 9,9
; machine_max_jerk_y = 9,9
; machine_max_jerk_z = 0.4,0.4
; machine_max_junction_deviation = 0.01
; machine_max_speed_e = 60,60
; machine_max_speed_x = 500,500
; machine_max_speed_y = 500,500
; machine_max_speed_z = 12,12
; machine_min_extruding_rate = 0,0
; machine_min_travel_rate = 0,0
; machine_pause_gcode = PAUSE
; machine_start_gcode = ;ELEGOO NEPTUNE 4\nM220 S100 ;Set the feed speed to 100%\nM221 S100 ;Set the flow rate to 100%\nM104 S140\nM190 S[bed_temperature_initial_layer_single]\nG90\nG28 ;home\nG1 Z10 F300\nG1 X67.5 Y0 F6000\nG1 Z0 F300\nM109 S[nozzle_temperature_initial_layer]\nG92 E0 ;Reset Extruder\nG1 X67.5 Y0 Z0.4 F300 ;Move to start position\nG1 X167.5 E30 F400 ;Draw the first line\nG1 Z0.6 F120.0 ;Move to side a little\nG1 X162.5 F3000\nG92 E0 ;Reset Extruder\n
; machine_tool_change_time = 0
; machine_unload_filament_time = 0
; make_overhang_printable = 0
; make_overhang_printable_angle = 55
; make_overhang_printable_hole_size = 0
; manual_filament_change = 0
; master_extruder_id = 1
; max_bridge_length = 10
; max_layer_height = 0.32
; max_resonance_avoidance_speed = 120
; max_travel_detour_distance = 0
; max_volumetric_extrusion_rate_slope = 0
; max_volumetric_extrusion_rate_slope_segment_length = 3
; min_bead_width = 85%
; min_feature_size = 25%
; min_layer_height = 0.08
; min_length_factor = 0.5
; min_resonance_avoidance_speed = 70
; min_skirt_length = 0
; min_width_top_surface = 300%
; minimum_sparse_infill_area = 25
; mmu_segmented_region_interlocking_depth = 0
; mmu_segmented_region_max_width = 0
; notes = 
; nozzle_diameter = 0.4
; nozzle_flush_dataset = 0
; nozzle_height = 2.5
; nozzle_hrc = 0
; nozzle_temperature = 250
; nozzle_temperature_initial_layer = 240
; nozzle_temperature_range_high = 260
; nozzle_temperature_range_low = 220
; nozzle_type = hardened_steel
; nozzle_volume = 0
; nozzle_volume_type = Standard
; only_one_wall_first_layer = 0
; only_one_wall_top = 0
; ooze_prevention = 0
; other_layers_print_sequence = 0
; other_layers_print_sequence_nums = 0
; outer_wall_acceleration = 3000
; outer_wall_filament_id = 0
; outer_wall_flow_ratio = 1
; outer_wall_jerk = 7
; outer_wall_line_width = 0.4
; outer_wall_speed = 60
; overhang_1_4_speed = 0
; overhang_2_4_speed = 50
; overhang_3_4_speed = 30
; overhang_4_4_speed = 10
; overhang_fan_speed = 90
; overhang_fan_threshold = 25%
; overhang_flow_ratio = 1
; overhang_reverse = 0
; overhang_reverse_internal_only = 0
; overhang_reverse_threshold = 50%
; parallel_printheads_bed_exclude_areas = 
; parallel_printheads_count = 1
; parking_pos_retraction = 92
; part_cooling_fan_min_pwm = 0
; physical_extruder_map = 0
; post_process = 
; precise_outer_wall = 1
; precise_z_height = 0
; preferred_orientation = 0
; preheat_steps = 1
; preheat_time = 30
; pressure_advance = 0.02
; prime_tower_brim_width = 3
; prime_tower_enable_framework = 0
; prime_tower_flat_ironing = 0
; prime_tower_infill_gap = 150%
; prime_tower_skip_points = 1
; prime_tower_width = 60
; prime_volume = 45
; print_compatible_printers = "Elegoo Neptune 4 (0.4 nozzle)"
; print_extruder_id = 1
; print_extruder_variant = "Direct Drive Standard"
; print_flow_ratio = 1
; print_order = default
; print_sequence = by layer
; print_settings_id = VYPER 0.20 PETG structural
; printable_area = 0x0,225x0,225x225,0x225
; printable_height = 265
; printer_extruder_id = 1
; printer_extruder_variant = "Direct Drive Standard"
; printer_model = Elegoo Neptune 4
; printer_notes = 
; printer_settings_id = Elegoo Neptune 4 (0.4 nozzle)
; printer_structure = undefine
; printer_technology = FFF
; printer_variant = 0.4
; printing_by_object_gcode = 
; process_change_extrusion_role_gcode = 
; purge_in_prime_tower = 1
; raft_contact_distance = 0.1
; raft_expansion = 1.5
; raft_first_layer_density = 90%
; raft_first_layer_expansion = 2
; raft_layers = 0
; reduce_crossing_wall = 0
; reduce_fan_stop_start_freq = 1
; reduce_infill_retraction = 1
; relative_bridge_angle = 0
; required_nozzle_HRC = 0
; resolution = 0.012
; resonance_avoidance = 0
; retract_before_wipe = 85%
; retract_length_toolchange = 2
; retract_lift_above = 0
; retract_lift_below = 0
; retract_lift_enforce = All Surfaces
; retract_restart_extra = 0
; retract_restart_extra_toolchange = 0
; retract_when_changing_layer = 1
; retraction_distances_when_cut = 18
; retraction_distances_when_ec = 10
; retraction_length = 0.8
; retraction_minimum_travel = 1
; retraction_speed = 60
; role_based_wipe_speed = 1
; scan_first_layer = 0
; scarf_angle_threshold = 155
; scarf_joint_flow_ratio = 1
; scarf_joint_speed = 100%
; scarf_overhang_threshold = 40%
; seam_gap = 10%
; seam_position = aligned
; seam_slope_conditional = 0
; seam_slope_entire_loop = 0
; seam_slope_inner_walls = 0
; seam_slope_min_length = 20
; seam_slope_start_height = 0
; seam_slope_steps = 10
; seam_slope_type = none
; set_other_flow_ratios = 0
; silent_mode = 0
; single_extruder_multi_material = 1
; single_extruder_multi_material_priming = 0
; single_loop_draft_shield = 0
; skeleton_infill_density = 25%
; skeleton_infill_line_width = 100%
; skin_infill_density = 25%
; skin_infill_depth = 2
; skin_infill_line_width = 100%
; skirt_distance = 1
; skirt_height = 2
; skirt_loops = 1
; skirt_speed = 50
; skirt_start_angle = -135
; skirt_type = combined
; slice_closing_radius = 0.049
; slicing_mode = regular
; slow_down_for_layer_cooling = 1
; slow_down_layer_time = 8
; slow_down_layers = 0
; slow_down_min_speed = 10
; slowdown_for_curled_perimeters = 0
; small_area_infill_flow_compensation = 0
; small_area_infill_flow_compensation_model = 0,0;"\n0.2,0.4444";"\n0.4,0.6145";"\n0.6,0.7059";"\n0.8,0.7619";"\n1.5,0.8571";"\n2,0.8889";"\n3,0.9231";"\n5,0.9520";"\n10,1"
; small_perimeter_speed = 50%
; small_perimeter_threshold = 0
; solid_infill_direction = 45
; solid_infill_rotate_template = 
; sparse_infill_acceleration = 100%
; sparse_infill_density = 20%
; sparse_infill_filament_id = 0
; sparse_infill_flow_ratio = 1
; sparse_infill_line_width = 0.45
; sparse_infill_pattern = gyroid
; sparse_infill_rotate_template = 
; sparse_infill_speed = 200
; spiral_finishing_flow_ratio = 0
; spiral_mode = 0
; spiral_mode_max_xy_smoothing = 200%
; spiral_mode_smooth = 0
; spiral_starting_flow_ratio = 0
; staggered_inner_seams = 0
; standby_temperature_delta = -5
; start_end_points = 30x-3,54x245
; supertack_plate_temp = 35
; supertack_plate_temp_initial_layer = 35
; support_air_filtration = 1
; support_angle = 0
; support_base_pattern = rectilinear
; support_base_pattern_spacing = 2
; support_bottom_interface_spacing = 0.5
; support_bottom_z_distance = 0.2
; support_chamber_temp_control = 1
; support_critical_regions_only = 0
; support_expansion = 0
; support_filament = 0
; support_flow_ratio = 1
; support_interface_bottom_layers = 2
; support_interface_filament = 0
; support_interface_flow_ratio = 1
; support_interface_loop_pattern = 0
; support_interface_not_for_body = 1
; support_interface_pattern = auto
; support_interface_spacing = 0.2
; support_interface_speed = 60
; support_interface_top_layers = 2
; support_ironing = 0
; support_ironing_flow = 10%
; support_ironing_pattern = rectilinear
; support_ironing_spacing = 0.1
; support_line_width = 0.38
; support_material_interface_fan_speed = -1
; support_multi_bed_types = 0
; support_object_first_layer_gap = 0.2
; support_object_skip_flush = 0
; support_object_xy_distance = 0.35
; support_on_build_plate_only = 0
; support_parallel_printheads = 0
; support_remove_small_overhang = 1
; support_speed = 60
; support_style = default
; support_threshold_angle = 30
; support_threshold_overlap = 50%
; support_top_z_distance = 0.2
; support_type = normal(auto)
; symmetric_infill_y_axis = 0
; temperature_vitrification = 70
; template_custom_gcode = 
; textured_cool_plate_temp = 40
; textured_cool_plate_temp_initial_layer = 40
; textured_plate_temp = 80
; textured_plate_temp_initial_layer = 80
; thick_bridges = 0
; thick_internal_bridges = 1
; thumbnails = 320x320/PNG, 32x32/COLPIC, 160x160/COLPIC
; thumbnails_format = PNG
; time_cost = 0
; time_lapse_gcode = 
; timelapse_type = 0
; tool_change_on_wipe_tower = 0
; top_bottom_infill_wall_overlap = 25%
; top_shell_layers = 5
; top_shell_thickness = 0.8
; top_solid_infill_flow_ratio = 1
; top_surface_acceleration = 2000
; top_surface_density = 100%
; top_surface_filament_id = 0
; top_surface_jerk = 7
; top_surface_line_width = 0.38
; top_surface_pattern = monotonicline
; top_surface_speed = 120
; travel_acceleration = 5000
; travel_jerk = 9
; travel_slope = 3
; travel_speed = 350
; travel_speed_z = 0
; tree_support_angle_slow = 25
; tree_support_auto_brim = 1
; tree_support_branch_angle = 45
; tree_support_branch_angle_organic = 40
; tree_support_branch_diameter = 5
; tree_support_branch_diameter_angle = 5
; tree_support_branch_diameter_organic = 2
; tree_support_branch_distance = 5
; tree_support_branch_distance_organic = 1
; tree_support_brim_width = 3
; tree_support_tip_diameter = 0.8
; tree_support_top_rate = 30%
; tree_support_wall_count = 0
; use_3mf = 0
; use_firmware_retraction = 0
; use_relative_e_distances = 1
; volumetric_speed_coefficients = ""
; wall_direction = ccw
; wall_distribution_count = 1
; wall_generator = classic
; wall_loops = 5
; wall_maximum_deviation = 0.025
; wall_maximum_resolution = 0.5
; wall_sequence = inner wall/outer wall
; wall_transition_angle = 10
; wall_transition_filter_deviation = 25%
; wall_transition_length = 100%
; wipe = 1
; wipe_before_external_loop = 0
; wipe_distance = 1
; wipe_on_loops = 0
; wipe_speed = 80%
; wipe_tower_bridging = 10
; wipe_tower_cone_angle = 30
; wipe_tower_extra_flow = 100%
; wipe_tower_extra_rib_length = 0
; wipe_tower_extra_spacing = 100%
; wipe_tower_filament = 0
; wipe_tower_fillet_wall = 1
; wipe_tower_max_purge_speed = 90
; wipe_tower_no_sparse_layers = 0
; wipe_tower_rib_width = 8
; wipe_tower_rotation_angle = 0
; wipe_tower_type = type2
; wipe_tower_wall_type = rib
; wipe_tower_x = 15.000
; wipe_tower_x = 15
; wipe_tower_y = 220.000
; wipe_tower_y = 220
; wiping_volumes_extruders = 70,70,70,70,70,70,70,70,70,70
; wrapping_detection_gcode = 
; wrapping_detection_layers = 20
; wrapping_exclude_area = 
; xy_contour_compensation = 0
; xy_hole_compensation = 0
; z_hop = 0.4
; z_hop_types = Slope Lift
; z_offset = 0
; zaa_dont_alternate_fill_direction = 0
; zaa_enabled = 0
; zaa_min_z = 0.05
; zaa_minimize_perimeter_height = 35
; first_layer_bed_temperature = 80
; bed_shape = 0x0,225x0,225x225,0x225
; first_layer_temperature = 240
; first_layer_height = 0.200
; CONFIG_BLOCK_END


