ISO-10303-21;
HEADER;
FILE_DESCRIPTION(('Open CASCADE Model'),'2;1');
FILE_NAME('Open CASCADE Shape Model','2026-07-30T19:37:48',('Author'),(
    'Open CASCADE'),'Open CASCADE STEP processor 7.9','Open CASCADE 7.9'
  ,'Unknown');
FILE_SCHEMA(('AUTOMOTIVE_DESIGN { 1 0 10303 214 1 1 1 1 }'));
ENDSEC;
DATA;
#1 = APPLICATION_PROTOCOL_DEFINITION('international standard',
  'automotive_design',2000,#2);
#2 = APPLICATION_CONTEXT(
  'core data for automotive mechanical design processes');
#3 = SHAPE_DEFINITION_REPRESENTATION(#4,#10);
#4 = PRODUCT_DEFINITION_SHAPE('','',#5);
#5 = PRODUCT_DEFINITION('design','',#6,#9);
#6 = PRODUCT_DEFINITION_FORMATION('','',#7);
#7 = PRODUCT('COMPOUND','COMPOUND','',(#8));
#8 = PRODUCT_CONTEXT('',#2,'mechanical');
#9 = PRODUCT_DEFINITION_CONTEXT('part definition',#2,'design');
#10 = ADVANCED_BREP_SHAPE_REPRESENTATION('',(#11,#15),#7270);
#11 = AXIS2_PLACEMENT_3D('',#12,#13,#14);
#12 = CARTESIAN_POINT('',(0.,0.,0.));
#13 = DIRECTION('',(0.,0.,1.));
#14 = DIRECTION('',(1.,0.,-0.));
#15 = MANIFOLD_SOLID_BREP('',#16);
#16 = CLOSED_SHELL('',(#17,#309,#567,#1575,#1639,#2065,#2095,#2192,#3503
    ,#3533,#3540,#3699,#4823,#4957,#4984,#5011,#5038,#5065,#5092,#5119,
    #5194,#5223,#5321,#5350,#6356,#6420,#6811,#6838,#6845,#6875,#6927,
    #6957,#6964,#6994,#7001,#7135,#7162,#7189,#7216,#7243));
#17 = ADVANCED_FACE('',(#18),#35,.F.);
#18 = FACE_BOUND('',#19,.F.);
#19 = EDGE_LOOP('',(#20,#157,#197,#277));
#20 = ORIENTED_EDGE('',*,*,#21,.F.);
#21 = EDGE_CURVE('',#22,#24,#26,.T.);
#22 = VERTEX_POINT('',#23);
#23 = CARTESIAN_POINT('',(-127.4455423749,9.999985911367E-03,0.));
#24 = VERTEX_POINT('',#25);
#25 = CARTESIAN_POINT('',(-125.4455385288,9.999980739958E-03,
    -14.61725343829));
#26 = SURFACE_CURVE('',#27,(#34,#96),.PCURVE_S1.);
#27 = ( BOUNDED_CURVE() B_SPLINE_CURVE(5,(#28,#29,#30,#31,#32,#33),
.UNSPECIFIED.,.F.,.F.) B_SPLINE_CURVE_WITH_KNOTS((6,6),(0.,1.),
.PIECEWISE_BEZIER_KNOTS.) CURVE() GEOMETRIC_REPRESENTATION_ITEM() 
RATIONAL_B_SPLINE_CURVE((1.,1.,1.,1.,1.,1.)) REPRESENTATION_ITEM('') );
#28 = CARTESIAN_POINT('',(-127.4455423749,9.999980739958E-03,0.));
#29 = CARTESIAN_POINT('',(-127.2428962201,9.999980739958E-03,
    -3.594413271103));
#30 = CARTESIAN_POINT('',(-127.1631035554,9.999980739958E-03,
    -7.739430269868));
#31 = CARTESIAN_POINT('',(-126.3733740295,9.999980739958E-03,
    -10.830650802));
#32 = CARTESIAN_POINT('',(-126.0732027566,9.999980739958E-03,
    -15.14684693069));
#33 = CARTESIAN_POINT('',(-123.6455423749,9.999980739958E-03,-18.));
#34 = PCURVE('',#35,#90);
#35 = ( BOUNDED_SURFACE() B_SPLINE_SURFACE(8,5,(
    (#36,#37,#38,#39,#40,#41)
    ,(#42,#43,#44,#45,#46,#47)
    ,(#48,#49,#50,#51,#52,#53)
    ,(#54,#55,#56,#57,#58,#59)
    ,(#60,#61,#62,#63,#64,#65)
    ,(#66,#67,#68,#69,#70,#71)
    ,(#72,#73,#74,#75,#76,#77)
    ,(#78,#79,#80,#81,#82,#83)
    ,(#84,#85,#86,#87,#88,#89
)),.UNSPECIFIED.,.F.,.F.,.F.) B_SPLINE_SURFACE_WITH_KNOTS((9,9),(6,6),(
    0.,1.),(0.,1.),.PIECEWISE_BEZIER_KNOTS.) 
GEOMETRIC_REPRESENTATION_ITEM() RATIONAL_B_SPLINE_SURFACE((
    (1.,1.,1.,1.,1.,1.)
    ,(1.,1.,1.,1.,1.,1.)
    ,(1.,1.,1.,1.,1.,1.)
    ,(1.,1.,1.,1.,1.,1.)
    ,(1.,1.,1.,1.,1.,1.)
    ,(1.,1.,1.,1.,1.,1.)
    ,(1.,1.,1.,1.,1.,1.)
    ,(1.,1.,1.,1.,1.,1.)
,(1.,1.,1.,1.,1.,1.))) REPRESENTATION_ITEM('') SURFACE() );
#36 = CARTESIAN_POINT('',(-127.4455423749,9.999980739958E-03,0.));
#37 = CARTESIAN_POINT('',(-127.2428962201,9.999980739958E-03,
    -3.594413271103));
#38 = CARTESIAN_POINT('',(-127.1631035554,9.999980739958E-03,
    -7.739430269868));
#39 = CARTESIAN_POINT('',(-126.3733740295,9.999980739958E-03,
    -10.830650802));
#40 = CARTESIAN_POINT('',(-126.0732027566,9.999980739958E-03,
    -15.14684693069));
#41 = CARTESIAN_POINT('',(-123.6455423749,9.999980739958E-03,-18.));
#42 = CARTESIAN_POINT('',(-127.4455423749,7.499983144443E-03,0.));
#43 = CARTESIAN_POINT('',(-127.2428962201,7.499983144443E-03,
    -3.594413271103));
#44 = CARTESIAN_POINT('',(-127.1631035554,7.499983144442E-03,
    -7.739430269868));
#45 = CARTESIAN_POINT('',(-126.3733740295,7.499983144443E-03,
    -10.830650802));
#46 = CARTESIAN_POINT('',(-126.0732027566,7.499983144443E-03,
    -15.14684693069));
#47 = CARTESIAN_POINT('',(-123.6455423749,7.499983144443E-03,-18.));
#48 = CARTESIAN_POINT('',(-127.4455423749,4.999985548927E-03,0.));
#49 = CARTESIAN_POINT('',(-127.2428962201,4.999985548927E-03,
    -3.594413271103));
#50 = CARTESIAN_POINT('',(-127.1631035554,4.999985548927E-03,
    -7.739430269868));
#51 = CARTESIAN_POINT('',(-126.3733740295,4.999985548927E-03,
    -10.830650802));
#52 = CARTESIAN_POINT('',(-126.0732027566,4.999985548927E-03,
    -15.14684693069));
#53 = CARTESIAN_POINT('',(-123.6455423749,4.999985548927E-03,-18.));
#54 = CARTESIAN_POINT('',(-127.4455423749,2.499987953412E-03,0.));
#55 = CARTESIAN_POINT('',(-127.2428962201,2.499987953412E-03,
    -3.594413271103));
#56 = CARTESIAN_POINT('',(-127.1631035554,2.499987953412E-03,
    -7.739430269868));
#57 = CARTESIAN_POINT('',(-126.3733740295,2.499987953412E-03,
    -10.830650802));
#58 = CARTESIAN_POINT('',(-126.0732027566,2.499987953412E-03,
    -15.14684693069));
#59 = CARTESIAN_POINT('',(-123.6455423749,2.499987953412E-03,-18.));
#60 = CARTESIAN_POINT('',(-127.4455423749,-9.642103074466E-09,0.));
#61 = CARTESIAN_POINT('',(-127.2428962201,-9.642103149474E-09,
    -3.594413271103));
#62 = CARTESIAN_POINT('',(-127.1631035554,-9.642103099877E-09,
    -7.739430269868));
#63 = CARTESIAN_POINT('',(-126.3733740295,-9.642103120754E-09,
    -10.830650802));
#64 = CARTESIAN_POINT('',(-126.0732027566,-9.642103115433E-09,
    -15.14684693069));
#65 = CARTESIAN_POINT('',(-123.6455423749,-9.642103116099E-09,-18.));
#66 = CARTESIAN_POINT('',(-127.4455423749,-2.500007237618E-03,0.));
#67 = CARTESIAN_POINT('',(-127.2428962201,-2.500007237618E-03,
    -3.594413271103));
#68 = CARTESIAN_POINT('',(-127.1631035554,-2.500007237618E-03,
    -7.739430269868));
#69 = CARTESIAN_POINT('',(-126.3733740295,-2.500007237618E-03,
    -10.830650802));
#70 = CARTESIAN_POINT('',(-126.0732027566,-2.500007237618E-03,
    -15.14684693069));
#71 = CARTESIAN_POINT('',(-123.6455423749,-2.500007237618E-03,-18.));
#72 = CARTESIAN_POINT('',(-127.4455423749,-5.000004833134E-03,0.));
#73 = CARTESIAN_POINT('',(-127.2428962201,-5.000004833133E-03,
    -3.594413271103));
#74 = CARTESIAN_POINT('',(-127.1631035554,-5.000004833134E-03,
    -7.739430269868));
#75 = CARTESIAN_POINT('',(-126.3733740295,-5.000004833133E-03,
    -10.830650802));
#76 = CARTESIAN_POINT('',(-126.0732027566,-5.000004833134E-03,
    -15.14684693069));
#77 = CARTESIAN_POINT('',(-123.6455423749,-5.000004833134E-03,-18.));
#78 = CARTESIAN_POINT('',(-127.4455423749,-7.500002428649E-03,0.));
#79 = CARTESIAN_POINT('',(-127.2428962201,-7.500002428649E-03,
    -3.594413271103));
#80 = CARTESIAN_POINT('',(-127.1631035554,-7.500002428649E-03,
    -7.739430269868));
#81 = CARTESIAN_POINT('',(-126.3733740295,-7.500002428649E-03,
    -10.830650802));
#82 = CARTESIAN_POINT('',(-126.0732027566,-7.500002428649E-03,
    -15.14684693069));
#83 = CARTESIAN_POINT('',(-123.6455423749,-7.500002428649E-03,-18.));
#84 = CARTESIAN_POINT('',(-127.4455423749,-1.000000002416E-02,0.));
#85 = CARTESIAN_POINT('',(-127.2428962201,-1.000000002417E-02,
    -3.594413271103));
#86 = CARTESIAN_POINT('',(-127.1631035554,-1.000000002416E-02,
    -7.739430269868));
#87 = CARTESIAN_POINT('',(-126.3733740295,-1.000000002417E-02,
    -10.830650802));
#88 = CARTESIAN_POINT('',(-126.0732027566,-1.000000002416E-02,
    -15.14684693069));
#89 = CARTESIAN_POINT('',(-123.6455423749,-1.000000002416E-02,-18.));
#90 = DEFINITIONAL_REPRESENTATION('',(#91),#95);
#91 = LINE('',#92,#93);
#92 = CARTESIAN_POINT('',(0.,0.));
#93 = VECTOR('',#94,1.);
#94 = DIRECTION('',(0.,1.));
#95 = ( GEOMETRIC_REPRESENTATION_CONTEXT(2) 
PARAMETRIC_REPRESENTATION_CONTEXT() REPRESENTATION_CONTEXT('2D SPACE',''
  ) );
#96 = PCURVE('',#97,#152);
#97 = ( BOUNDED_SURFACE() B_SPLINE_SURFACE(8,5,(
    (#98,#99,#100,#101,#102,#103)
    ,(#104,#105,#106,#107,#108,#109)
    ,(#110,#111,#112,#113,#114,#115)
    ,(#116,#117,#118,#119,#120,#121)
    ,(#122,#123,#124,#125,#126,#127)
    ,(#128,#129,#130,#131,#132,#133)
    ,(#134,#135,#136,#137,#138,#139)
    ,(#140,#141,#142,#143,#144,#145)
    ,(#146,#147,#148,#149,#150,#151
)),.UNSPECIFIED.,.F.,.F.,.F.) B_SPLINE_SURFACE_WITH_KNOTS((9,9),(6,6),(
    7.,8.),(0.,1.),.PIECEWISE_BEZIER_KNOTS.) 
GEOMETRIC_REPRESENTATION_ITEM() RATIONAL_B_SPLINE_SURFACE((
    (1.,1.,1.,1.,1.,1.)
    ,(1.,1.,1.,1.,1.,1.)
    ,(1.,1.,1.,1.,1.,1.)
    ,(1.,1.,1.,1.,1.,1.)
    ,(1.,1.,1.,1.,1.,1.)
    ,(1.,1.,1.,1.,1.,1.)
    ,(1.,1.,1.,1.,1.,1.)
    ,(1.,1.,1.,1.,1.,1.)
,(1.,1.,1.,1.,1.,1.))) REPRESENTATION_ITEM('') SURFACE() );
#98 = CARTESIAN_POINT('',(-112.4555423749,14.999999991083,0.));
#99 = CARTESIAN_POINT('',(-112.4555423749,14.797353833957,
    -3.594413273843));
#100 = CARTESIAN_POINT('',(-112.4555423749,14.717561176333,
    -7.739430263657));
#101 = CARTESIAN_POINT('',(-112.4555423749,13.927831641208,
    -10.83065080678));
#102 = CARTESIAN_POINT('',(-112.4555423749,13.627660375443,
    -15.14684692625));
#103 = CARTESIAN_POINT('',(-112.4555423749,11.199999991083,-18.));
#104 = CARTESIAN_POINT('',(-115.3988219922,14.999999991083,0.));
#105 = CARTESIAN_POINT('',(-115.3590325123,14.797353833958,
    -3.594413273843));
#106 = CARTESIAN_POINT('',(-115.3433652607,14.717561176332,
    -7.739430263657));
#107 = CARTESIAN_POINT('',(-115.188302229,13.92783164121,-10.83065080678
    ));
#108 = CARTESIAN_POINT('',(-115.1293637388,13.627660375443,
    -15.14684692625));
#109 = CARTESIAN_POINT('',(-114.652693737,11.199999991083,-18.));
#110 = CARTESIAN_POINT('',(-118.342102536,14.339528764554,0.));
#111 = CARTESIAN_POINT('',(-118.2625235637,14.145811356991,
    -3.594413273843));
#112 = CARTESIAN_POINT('',(-118.2311890554,14.069534426816,
    -7.739430263657));
#113 = CARTESIAN_POINT('',(-117.9210629434,13.314600998074,
    -10.83065080678));
#114 = CARTESIAN_POINT('',(-117.8031859444,13.027655515103,
    -15.14684692625));
#115 = CARTESIAN_POINT('',(-116.8498457907,10.706959762607,-18.));
#116 = CARTESIAN_POINT('',(-121.1124657576,13.018592798496,0.));
#117 = CARTESIAN_POINT('',(-120.99543492,12.842732802364,-3.594413273843
    ));
#118 = CARTESIAN_POINT('',(-120.9493536042,12.773487292549,
    -7.739430263657));
#119 = CARTESIAN_POINT('',(-120.4932743461,12.088145734823,
    -10.83065080678));
#120 = CARTESIAN_POINT('',(-120.3199214676,11.827651687532,
    -15.14684692625));
#121 = CARTESIAN_POINT('',(-118.9179154671,9.720884148184,-18.));
#122 = CARTESIAN_POINT('',(-123.5370311241,11.091488740223,0.));
#123 = CARTESIAN_POINT('',(-123.3872231781,10.941680794241,
    -3.594413273843));
#124 = CARTESIAN_POINT('',(-123.3282357573,10.882693373451,
    -7.739430263657));
#125 = CARTESIAN_POINT('',(-122.7444212837,10.298878899906,
    -10.83065080678));
#126 = CARTESIAN_POINT('',(-122.5225170473,10.076974663459,
    -15.14684692625));
#127 = CARTESIAN_POINT('',(-120.7278478521,8.28230546826,-18.));
#128 = CARTESIAN_POINT('',(-125.4641351823,8.666923373766,0.));
#129 = CARTESIAN_POINT('',(-125.2882751862,8.549892536139,
    -3.594413273843));
#130 = CARTESIAN_POINT('',(-125.2190296764,8.503811220355,
    -7.739430263657));
#131 = CARTESIAN_POINT('',(-124.5336881186,8.04773196228,-10.83065080678
    ));
#132 = CARTESIAN_POINT('',(-124.2731940714,7.874379083731,
    -15.14684692625));
#133 = CARTESIAN_POINT('',(-122.166426532,6.472373083292,-18.));
#134 = CARTESIAN_POINT('',(-126.7850711484,5.896560152211,0.));
#135 = CARTESIAN_POINT('',(-126.5913537408,5.816981179873,
    -3.594413273843));
#136 = CARTESIAN_POINT('',(-126.5150768106,5.785646671568,
    -7.739430263657));
#137 = CARTESIAN_POINT('',(-125.7601433819,5.475520559522,
    -10.83065080678));
#138 = CARTESIAN_POINT('',(-125.4731978989,5.357643560553,
    -15.14684692625));
#139 = CARTESIAN_POINT('',(-123.1525021464,4.404303406895,-18.));
#140 = CARTESIAN_POINT('',(-127.4455423749,2.953279608415,0.));
#141 = CARTESIAN_POINT('',(-127.2428962178,2.913490128508,
    -3.594413273843));
#142 = CARTESIAN_POINT('',(-127.1631035602,2.89782287682,-7.739430263657
    ));
#143 = CARTESIAN_POINT('',(-126.373374025,2.742759845204,-10.83065080678
    ));
#144 = CARTESIAN_POINT('',(-126.0732027593,2.683821354994,
    -15.14684692625));
#145 = CARTESIAN_POINT('',(-123.6455423749,2.207151353187,-18.));
#146 = CARTESIAN_POINT('',(-127.4455423749,9.999991082776E-03,0.));
#147 = CARTESIAN_POINT('',(-127.2428962178,9.999991082785E-03,
    -3.594413273843));
#148 = CARTESIAN_POINT('',(-127.1631035602,9.999991082754E-03,
    -7.739430263657));
#149 = CARTESIAN_POINT('',(-126.373374025,9.999991082799E-03,
    -10.83065080678));
#150 = CARTESIAN_POINT('',(-126.0732027593,9.99999108276E-03,
    -15.14684692625));
#151 = CARTESIAN_POINT('',(-123.6455423749,9.999991082775E-03,-18.));
#152 = DEFINITIONAL_REPRESENTATION('',(#153),#156);
#153 = B_SPLINE_CURVE_WITH_KNOTS('',1,(#154,#155),.UNSPECIFIED.,.F.,.F.,
  (2,2),(0.,1.),.PIECEWISE_BEZIER_KNOTS.);
#154 = CARTESIAN_POINT('',(8.,0.));
#155 = CARTESIAN_POINT('',(8.,1.));
#156 = ( GEOMETRIC_REPRESENTATION_CONTEXT(2) 
PARAMETRIC_REPRESENTATION_CONTEXT() REPRESENTATION_CONTEXT('2D SPACE',''
  ) );
#157 = ORIENTED_EDGE('',*,*,#158,.T.);
#158 = EDGE_CURVE('',#22,#159,#161,.T.);
#159 = VERTEX_POINT('',#160);
#160 = CARTESIAN_POINT('',(-127.4455423749,-1.000000004797E-02,0.));
#161 = SURFACE_CURVE('',#162,(#172,#179),.PCURVE_S1.);
#162 = B_SPLINE_CURVE_WITH_KNOTS('',8,(#163,#164,#165,#166,#167,#168,
    #169,#170,#171),.UNSPECIFIED.,.F.,.F.,(9,9),(0.,1.),
  .PIECEWISE_BEZIER_KNOTS.);
#163 = CARTESIAN_POINT('',(-127.4455423749,9.999980739958E-03,0.));
#164 = CARTESIAN_POINT('',(-127.4455423749,7.499983144443E-03,0.));
#165 = CARTESIAN_POINT('',(-127.4455423749,4.999985548927E-03,0.));
#166 = CARTESIAN_POINT('',(-127.4455423749,2.499987953412E-03,0.));
#167 = CARTESIAN_POINT('',(-127.4455423749,-9.642103074466E-09,0.));
#168 = CARTESIAN_POINT('',(-127.4455423749,-2.500007237618E-03,0.));
#169 = CARTESIAN_POINT('',(-127.4455423749,-5.000004833134E-03,0.));
#170 = CARTESIAN_POINT('',(-127.4455423749,-7.500002428649E-03,0.));
#171 = CARTESIAN_POINT('',(-127.4455423749,-1.000000002416E-02,0.));
#172 = PCURVE('',#35,#173);
#173 = DEFINITIONAL_REPRESENTATION('',(#174),#178);
#174 = LINE('',#175,#176);
#175 = CARTESIAN_POINT('',(0.,0.));
#176 = VECTOR('',#177,1.);
#177 = DIRECTION('',(1.,0.));
#178 = ( GEOMETRIC_REPRESENTATION_CONTEXT(2) 
PARAMETRIC_REPRESENTATION_CONTEXT() REPRESENTATION_CONTEXT('2D SPACE',''
  ) );
#179 = PCURVE('',#180,#185);
#180 = PLANE('',#181);
#181 = AXIS2_PLACEMENT_3D('',#182,#183,#184);
#182 = CARTESIAN_POINT('',(-127.4455423749,9.999980739958E-03,0.));
#183 = DIRECTION('',(-0.,0.,1.));
#184 = DIRECTION('',(0.999999996922,-7.846481065502E-05,0.));
#185 = DEFINITIONAL_REPRESENTATION('',(#186),#196);
#186 = B_SPLINE_CURVE_WITH_KNOTS('',8,(#187,#188,#189,#190,#191,#192,
    #193,#194,#195),.UNSPECIFIED.,.F.,.F.,(9,9),(0.,1.),
  .PIECEWISE_BEZIER_KNOTS.);
#187 = CARTESIAN_POINT('',(0.,0.));
#188 = CARTESIAN_POINT('',(1.961618352198E-07,-2.499997587819E-03));
#189 = CARTESIAN_POINT('',(3.923236704395E-07,-4.999995175639E-03));
#190 = CARTESIAN_POINT('',(5.884855056593E-07,-7.499992763458E-03));
#191 = CARTESIAN_POINT('',(7.84647340879E-07,-9.999990351277E-03));
#192 = CARTESIAN_POINT('',(9.808091903096E-07,-1.24999879391E-02));
#193 = CARTESIAN_POINT('',(1.176971025529E-06,-1.499998552692E-02));
#194 = CARTESIAN_POINT('',(1.373132860749E-06,-1.749998311474E-02));
#195 = CARTESIAN_POINT('',(1.569294724391E-06,-1.999998070256E-02));
#196 = ( GEOMETRIC_REPRESENTATION_CONTEXT(2) 
PARAMETRIC_REPRESENTATION_CONTEXT() REPRESENTATION_CONTEXT('2D SPACE',''
  ) );
#197 = ORIENTED_EDGE('',*,*,#198,.T.);
#198 = EDGE_CURVE('',#159,#199,#201,.T.);
#199 = VERTEX_POINT('',#200);
#200 = CARTESIAN_POINT('',(-125.4455385288,-1.000000002417E-02,
    -14.61725343833));
#201 = SURFACE_CURVE('',#202,(#209,#216),.PCURVE_S1.);
#202 = ( BOUNDED_CURVE() B_SPLINE_CURVE(5,(#203,#204,#205,#206,#207,#208
),.UNSPECIFIED.,.F.,.F.) B_SPLINE_CURVE_WITH_KNOTS((6,6),(0.,1.),
.PIECEWISE_BEZIER_KNOTS.) CURVE() GEOMETRIC_REPRESENTATION_ITEM() 
RATIONAL_B_SPLINE_CURVE((1.,1.,1.,1.,1.,1.)) REPRESENTATION_ITEM('') );
#203 = CARTESIAN_POINT('',(-127.4455423749,-1.000000002416E-02,0.));
#204 = CARTESIAN_POINT('',(-127.2428962201,-1.000000002417E-02,
    -3.594413271103));
#205 = CARTESIAN_POINT('',(-127.1631035554,-1.000000002416E-02,
    -7.739430269868));
#206 = CARTESIAN_POINT('',(-126.3733740295,-1.000000002417E-02,
    -10.830650802));
#207 = CARTESIAN_POINT('',(-126.0732027566,-1.000000002416E-02,
    -15.14684693069));
#208 = CARTESIAN_POINT('',(-123.6455423749,-1.000000002416E-02,-18.));
#209 = PCURVE('',#35,#210);
#210 = DEFINITIONAL_REPRESENTATION('',(#211),#215);
#211 = LINE('',#212,#213);
#212 = CARTESIAN_POINT('',(1.,0.));
#213 = VECTOR('',#214,1.);
#214 = DIRECTION('',(0.,1.));
#215 = ( GEOMETRIC_REPRESENTATION_CONTEXT(2) 
PARAMETRIC_REPRESENTATION_CONTEXT() REPRESENTATION_CONTEXT('2D SPACE',''
  ) );
#216 = PCURVE('',#217,#272);
#217 = ( BOUNDED_SURFACE() B_SPLINE_SURFACE(8,5,(
    (#218,#219,#220,#221,#222,#223)
    ,(#224,#225,#226,#227,#228,#229)
    ,(#230,#231,#232,#233,#234,#235)
    ,(#236,#237,#238,#239,#240,#241)
    ,(#242,#243,#244,#245,#246,#247)
    ,(#248,#249,#250,#251,#252,#253)
    ,(#254,#255,#256,#257,#258,#259)
    ,(#260,#261,#262,#263,#264,#265)
    ,(#266,#267,#268,#269,#270,#271
)),.UNSPECIFIED.,.F.,.F.,.F.) B_SPLINE_SURFACE_WITH_KNOTS((9,9),(6,6),(
    1.,2.),(0.,1.),.PIECEWISE_BEZIER_KNOTS.) 
GEOMETRIC_REPRESENTATION_ITEM() RATIONAL_B_SPLINE_SURFACE((
    (1.,1.,1.,1.,1.,1.)
    ,(1.,1.,1.,1.,1.,1.)
    ,(1.,1.,1.,1.,1.,1.)
    ,(1.,1.,1.,1.,1.,1.)
    ,(1.,1.,1.,1.,1.,1.)
    ,(1.,1.,1.,1.,1.,1.)
    ,(1.,1.,1.,1.,1.,1.)
    ,(1.,1.,1.,1.,1.,1.)
,(1.,1.,1.,1.,1.,1.))) REPRESENTATION_ITEM('') SURFACE() );
#218 = CARTESIAN_POINT('',(-127.4455423749,-1.000000007177E-02,0.));
#219 = CARTESIAN_POINT('',(-127.2428962178,-1.000000007177E-02,
    -3.594413273843));
#220 = CARTESIAN_POINT('',(-127.1631035602,-1.000000007178E-02,
    -7.739430263657));
#221 = CARTESIAN_POINT('',(-126.373374025,-1.000000007176E-02,
    -10.83065080678));
#222 = CARTESIAN_POINT('',(-126.0732027593,-1.000000007177E-02,
    -15.14684692625));
#223 = CARTESIAN_POINT('',(-123.6455423749,-1.000000007177E-02,-18.));
#224 = CARTESIAN_POINT('',(-127.4455423749,-2.953279617404,0.));
#225 = CARTESIAN_POINT('',(-127.2428962178,-2.913490137497,
    -3.594413273843));
#226 = CARTESIAN_POINT('',(-127.1631035602,-2.89782288581,
    -7.739430263657));
#227 = CARTESIAN_POINT('',(-126.373374025,-2.742759854192,
    -10.83065080678));
#228 = CARTESIAN_POINT('',(-126.0732027593,-2.683821363984,
    -15.14684692625));
#229 = CARTESIAN_POINT('',(-123.6455423749,-2.207151362176,-18.));
#230 = CARTESIAN_POINT('',(-126.7850711484,-5.8965601612,0.));
#231 = CARTESIAN_POINT('',(-126.5913537408,-5.816981188863,
    -3.594413273843));
#232 = CARTESIAN_POINT('',(-126.5150768106,-5.785646680555,
    -7.739430263657));
#233 = CARTESIAN_POINT('',(-125.7601433819,-5.475520568513,
    -10.83065080678));
#234 = CARTESIAN_POINT('',(-125.4731978989,-5.357643569541,
    -15.14684692625));
#235 = CARTESIAN_POINT('',(-123.1525021464,-4.404303415884,-18.));
#236 = CARTESIAN_POINT('',(-125.4641351823,-8.666923382754,0.));
#237 = CARTESIAN_POINT('',(-125.2882751862,-8.549892545126,
    -3.594413273843));
#238 = CARTESIAN_POINT('',(-125.2190296764,-8.503811229347,
    -7.739430263657));
#239 = CARTESIAN_POINT('',(-124.5336881186,-8.047731971265,
    -10.83065080678));
#240 = CARTESIAN_POINT('',(-124.2731940714,-7.87437909272,
    -15.14684692625));
#241 = CARTESIAN_POINT('',(-122.166426532,-6.472373092281,-18.));
#242 = CARTESIAN_POINT('',(-123.5370311241,-11.09148874921,0.));
#243 = CARTESIAN_POINT('',(-123.3872231781,-10.94168080323,
    -3.594413273843));
#244 = CARTESIAN_POINT('',(-123.3282357573,-10.88269338243,
    -7.739430263657));
#245 = CARTESIAN_POINT('',(-122.7444212837,-10.2988789089,
    -10.83065080678));
#246 = CARTESIAN_POINT('',(-122.5225170473,-10.07697467244,
    -15.14684692625));
#247 = CARTESIAN_POINT('',(-120.7278478521,-8.282305477249,-18.));
#248 = CARTESIAN_POINT('',(-121.1124657576,-13.01859280748,0.));
#249 = CARTESIAN_POINT('',(-120.99543492,-12.84273281135,-3.594413273843
    ));
#250 = CARTESIAN_POINT('',(-120.9493536042,-12.77348730154,
    -7.739430263657));
#251 = CARTESIAN_POINT('',(-120.4932743461,-12.0881457438,
    -10.83065080678));
#252 = CARTESIAN_POINT('',(-120.3199214676,-11.82765169652,
    -15.14684692625));
#253 = CARTESIAN_POINT('',(-118.9179154671,-9.720884157172,-18.));
#254 = CARTESIAN_POINT('',(-118.342102536,-14.33952877354,0.));
#255 = CARTESIAN_POINT('',(-118.2625235637,-14.14581136598,
    -3.594413273843));
#256 = CARTESIAN_POINT('',(-118.2311890554,-14.0695344358,
    -7.739430263657));
#257 = CARTESIAN_POINT('',(-117.9210629434,-13.31460100706,
    -10.83065080678));
#258 = CARTESIAN_POINT('',(-117.8031859444,-13.02765552409,
    -15.14684692625));
#259 = CARTESIAN_POINT('',(-116.8498457907,-10.70695977159,-18.));
#260 = CARTESIAN_POINT('',(-115.3988219922,-15.00000000007,0.));
#261 = CARTESIAN_POINT('',(-115.3590325123,-14.79735384294,
    -3.594413273843));
#262 = CARTESIAN_POINT('',(-115.3433652607,-14.71756118532,
    -7.739430263657));
#263 = CARTESIAN_POINT('',(-115.188302229,-13.92783165019,
    -10.83065080678));
#264 = CARTESIAN_POINT('',(-115.1293637388,-13.62766038443,
    -15.14684692625));
#265 = CARTESIAN_POINT('',(-114.652693737,-11.20000000007,-18.));
#266 = CARTESIAN_POINT('',(-112.4555423749,-14.99999999992,0.));
#267 = CARTESIAN_POINT('',(-112.4555423749,-14.7973538428,
    -3.594413273843));
#268 = CARTESIAN_POINT('',(-112.4555423749,-14.71756118517,
    -7.739430263657));
#269 = CARTESIAN_POINT('',(-112.4555423749,-13.92783165005,
    -10.83065080678));
#270 = CARTESIAN_POINT('',(-112.4555423749,-13.62766038428,
    -15.14684692625));
#271 = CARTESIAN_POINT('',(-112.4555423749,-11.19999999992,-18.));
#272 = DEFINITIONAL_REPRESENTATION('',(#273),#276);
#273 = B_SPLINE_CURVE_WITH_KNOTS('',1,(#274,#275),.UNSPECIFIED.,.F.,.F.,
  (2,2),(0.,1.),.PIECEWISE_BEZIER_KNOTS.);
#274 = CARTESIAN_POINT('',(1.,0.));
#275 = CARTESIAN_POINT('',(1.,1.));
#276 = ( GEOMETRIC_REPRESENTATION_CONTEXT(2) 
PARAMETRIC_REPRESENTATION_CONTEXT() REPRESENTATION_CONTEXT('2D SPACE',''
  ) );
#277 = ORIENTED_EDGE('',*,*,#278,.T.);
#278 = EDGE_CURVE('',#199,#24,#279,.T.);
#279 = SURFACE_CURVE('',#280,(#286,#295),.PCURVE_S1.);
#280 = B_SPLINE_CURVE_WITH_KNOTS('',4,(#281,#282,#283,#284,#285),
  .UNSPECIFIED.,.F.,.F.,(5,5),(0.,1.),.PIECEWISE_BEZIER_KNOTS.);
#281 = CARTESIAN_POINT('',(-125.4455385288,-1.000000002417E-02,
    -14.61725343833));
#282 = CARTESIAN_POINT('',(-125.4455423749,-5.000004840215E-03,
    -14.61724224834));
#283 = CARTESIAN_POINT('',(-125.445543657,-9.642103487167E-09,
    -14.61723851831));
#284 = CARTESIAN_POINT('',(-125.4455423749,4.99998555601E-03,
    -14.61724224832));
#285 = CARTESIAN_POINT('',(-125.4455385288,9.999980739958E-03,
    -14.61725343829));
#286 = PCURVE('',#35,#287);
#287 = DEFINITIONAL_REPRESENTATION('',(#288),#294);
#288 = B_SPLINE_CURVE_WITH_KNOTS('',4,(#289,#290,#291,#292,#293),
  .UNSPECIFIED.,.F.,.F.,(5,5),(0.,1.),.PIECEWISE_BEZIER_KNOTS.);
#289 = CARTESIAN_POINT('',(1.,0.793055378729));
#290 = CARTESIAN_POINT('',(0.750000000354,0.79305474534));
#291 = CARTESIAN_POINT('',(0.5,0.793054534208));
#292 = CARTESIAN_POINT('',(0.249999999646,0.793054745338));
#293 = CARTESIAN_POINT('',(0.,0.793055378727));
#294 = ( GEOMETRIC_REPRESENTATION_CONTEXT(2) 
PARAMETRIC_REPRESENTATION_CONTEXT() REPRESENTATION_CONTEXT('2D SPACE',''
  ) );
#295 = PCURVE('',#296,#301);
#296 = CYLINDRICAL_SURFACE('',#297,13.);
#297 = AXIS2_PLACEMENT_3D('',#298,#299,#300);
#298 = CARTESIAN_POINT('',(-112.4455423749,0.,-19.));
#299 = DIRECTION('',(0.,0.,1.));
#300 = DIRECTION('',(1.,0.,-0.));
#301 = DEFINITIONAL_REPRESENTATION('',(#302),#308);
#302 = B_SPLINE_CURVE_WITH_KNOTS('',4,(#303,#304,#305,#306,#307),
  .UNSPECIFIED.,.F.,.F.,(5,5),(0.,1.),.PIECEWISE_BEZIER_KNOTS.);
#303 = CARTESIAN_POINT('',(3.142361884437,4.382746561667));
#304 = CARTESIAN_POINT('',(3.141977269309,4.382757751657));
#305 = CARTESIAN_POINT('',(3.141592654331,4.38276148169));
#306 = CARTESIAN_POINT('',(3.141208039354,4.382757751679));
#307 = CARTESIAN_POINT('',(3.140823424226,4.38274656171));
#308 = ( GEOMETRIC_REPRESENTATION_CONTEXT(2) 
PARAMETRIC_REPRESENTATION_CONTEXT() REPRESENTATION_CONTEXT('2D SPACE',''
  ) );
#309 = ADVANCED_FACE('',(#310),#97,.F.);
#310 = FACE_BOUND('',#311,.F.);
#311 = EDGE_LOOP('',(#312,#395,#428,#429));
#312 = ORIENTED_EDGE('',*,*,#313,.F.);
#313 = EDGE_CURVE('',#314,#316,#318,.T.);
#314 = VERTEX_POINT('',#315);
#315 = CARTESIAN_POINT('',(-112.4555423749,14.999999995577,0.));
#316 = VERTEX_POINT('',#317);
#317 = CARTESIAN_POINT('',(-112.4555423749,12.999996153846,
    -14.61725341247));
#318 = SURFACE_CURVE('',#319,(#326,#333),.PCURVE_S1.);
#319 = ( BOUNDED_CURVE() B_SPLINE_CURVE(5,(#320,#321,#322,#323,#324,#325
),.UNSPECIFIED.,.F.,.F.) B_SPLINE_CURVE_WITH_KNOTS((6,6),(0.,1.),
.PIECEWISE_BEZIER_KNOTS.) CURVE() GEOMETRIC_REPRESENTATION_ITEM() 
RATIONAL_B_SPLINE_CURVE((1.,1.,1.,1.,1.,1.)) REPRESENTATION_ITEM('') );
#320 = CARTESIAN_POINT('',(-112.4555423749,14.999999991083,0.));
#321 = CARTESIAN_POINT('',(-112.4555423749,14.797353833957,
    -3.594413273843));
#322 = CARTESIAN_POINT('',(-112.4555423749,14.717561176333,
    -7.739430263657));
#323 = CARTESIAN_POINT('',(-112.4555423749,13.927831641208,
    -10.83065080678));
#324 = CARTESIAN_POINT('',(-112.4555423749,13.627660375443,
    -15.14684692625));
#325 = CARTESIAN_POINT('',(-112.4555423749,11.199999991083,-18.));
#326 = PCURVE('',#97,#327);
#327 = DEFINITIONAL_REPRESENTATION('',(#328),#332);
#328 = LINE('',#329,#330);
#329 = CARTESIAN_POINT('',(7.,0.));
#330 = VECTOR('',#331,1.);
#331 = DIRECTION('',(0.,1.));
#332 = ( GEOMETRIC_REPRESENTATION_CONTEXT(2) 
PARAMETRIC_REPRESENTATION_CONTEXT() REPRESENTATION_CONTEXT('2D SPACE',''
  ) );
#333 = PCURVE('',#334,#389);
#334 = ( BOUNDED_SURFACE() B_SPLINE_SURFACE(8,5,(
    (#335,#336,#337,#338,#339,#340)
    ,(#341,#342,#343,#344,#345,#346)
    ,(#347,#348,#349,#350,#351,#352)
    ,(#353,#354,#355,#356,#357,#358)
    ,(#359,#360,#361,#362,#363,#364)
    ,(#365,#366,#367,#368,#369,#370)
    ,(#371,#372,#373,#374,#375,#376)
    ,(#377,#378,#379,#380,#381,#382)
    ,(#383,#384,#385,#386,#387,#388
)),.UNSPECIFIED.,.F.,.F.,.F.) B_SPLINE_SURFACE_WITH_KNOTS((9,9),(6,6),(
    6.,7.),(0.,1.),.PIECEWISE_BEZIER_KNOTS.) 
GEOMETRIC_REPRESENTATION_ITEM() RATIONAL_B_SPLINE_SURFACE((
    (1.,1.,1.,1.,1.,1.)
    ,(1.,1.,1.,1.,1.,1.)
    ,(1.,1.,1.,1.,1.,1.)
    ,(1.,1.,1.,1.,1.,1.)
    ,(1.,1.,1.,1.,1.,1.)
    ,(1.,1.,1.,1.,1.,1.)
    ,(1.,1.,1.,1.,1.,1.)
    ,(1.,1.,1.,1.,1.,1.)
,(1.,1.,1.,1.,1.,1.))) REPRESENTATION_ITEM('') SURFACE() );
#335 = CARTESIAN_POINT('',(-112.4355423749,15.000000000072,0.));
#336 = CARTESIAN_POINT('',(-112.4355423749,14.797353842946,
    -3.594413273843));
#337 = CARTESIAN_POINT('',(-112.4355423749,14.717561185322,
    -7.739430263657));
#338 = CARTESIAN_POINT('',(-112.4355423749,13.927831650198,
    -10.83065080678));
#339 = CARTESIAN_POINT('',(-112.4355423749,13.627660384432,
    -15.14684692625));
#340 = CARTESIAN_POINT('',(-112.4355423749,11.200000000072,-18.));
#341 = CARTESIAN_POINT('',(-112.4380423749,15.000000000072,0.));
#342 = CARTESIAN_POINT('',(-112.4380423749,14.797353842946,
    -3.594413273843));
#343 = CARTESIAN_POINT('',(-112.4380423749,14.717561185322,
    -7.739430263657));
#344 = CARTESIAN_POINT('',(-112.4380423749,13.927831650198,
    -10.83065080678));
#345 = CARTESIAN_POINT('',(-112.4380423749,13.627660384432,
    -15.14684692625));
#346 = CARTESIAN_POINT('',(-112.4380423749,11.200000000072,-18.));
#347 = CARTESIAN_POINT('',(-112.4405423749,15.000000000072,0.));
#348 = CARTESIAN_POINT('',(-112.4405423749,14.797353842946,
    -3.594413273843));
#349 = CARTESIAN_POINT('',(-112.4405423749,14.717561185322,
    -7.739430263657));
#350 = CARTESIAN_POINT('',(-112.4405423749,13.927831650198,
    -10.83065080678));
#351 = CARTESIAN_POINT('',(-112.4405423749,13.627660384432,
    -15.14684692625));
#352 = CARTESIAN_POINT('',(-112.4405423749,11.200000000072,-18.));
#353 = CARTESIAN_POINT('',(-112.4430423749,15.000000000072,0.));
#354 = CARTESIAN_POINT('',(-112.4430423749,14.797353842946,
    -3.594413273843));
#355 = CARTESIAN_POINT('',(-112.4430423749,14.717561185322,
    -7.739430263657));
#356 = CARTESIAN_POINT('',(-112.4430423749,13.927831650198,
    -10.83065080678));
#357 = CARTESIAN_POINT('',(-112.4430423749,13.627660384432,
    -15.14684692625));
#358 = CARTESIAN_POINT('',(-112.4430423749,11.200000000072,-18.));
#359 = CARTESIAN_POINT('',(-112.4455423749,15.000000000072,0.));
#360 = CARTESIAN_POINT('',(-112.4455423749,14.797353842946,
    -3.594413273843));
#361 = CARTESIAN_POINT('',(-112.4455423749,14.717561185322,
    -7.739430263657));
#362 = CARTESIAN_POINT('',(-112.4455423749,13.927831650198,
    -10.83065080678));
#363 = CARTESIAN_POINT('',(-112.4455423749,13.627660384432,
    -15.14684692625));
#364 = CARTESIAN_POINT('',(-112.4455423749,11.200000000072,-18.));
#365 = CARTESIAN_POINT('',(-112.4480423749,15.000000000072,0.));
#366 = CARTESIAN_POINT('',(-112.4480423749,14.797353842946,
    -3.594413273843));
#367 = CARTESIAN_POINT('',(-112.4480423749,14.717561185322,
    -7.739430263657));
#368 = CARTESIAN_POINT('',(-112.4480423749,13.927831650198,
    -10.83065080678));
#369 = CARTESIAN_POINT('',(-112.4480423749,13.627660384432,
    -15.14684692625));
#370 = CARTESIAN_POINT('',(-112.4480423749,11.200000000072,-18.));
#371 = CARTESIAN_POINT('',(-112.4505423749,15.000000000072,0.));
#372 = CARTESIAN_POINT('',(-112.4505423749,14.797353842946,
    -3.594413273843));
#373 = CARTESIAN_POINT('',(-112.4505423749,14.717561185322,
    -7.739430263657));
#374 = CARTESIAN_POINT('',(-112.4505423749,13.927831650198,
    -10.83065080678));
#375 = CARTESIAN_POINT('',(-112.4505423749,13.627660384432,
    -15.14684692625));
#376 = CARTESIAN_POINT('',(-112.4505423749,11.200000000072,-18.));
#377 = CARTESIAN_POINT('',(-112.4530423749,15.000000000072,0.));
#378 = CARTESIAN_POINT('',(-112.4530423749,14.797353842946,
    -3.594413273843));
#379 = CARTESIAN_POINT('',(-112.4530423749,14.717561185322,
    -7.739430263657));
#380 = CARTESIAN_POINT('',(-112.4530423749,13.927831650198,
    -10.83065080678));
#381 = CARTESIAN_POINT('',(-112.4530423749,13.627660384432,
    -15.14684692625));
#382 = CARTESIAN_POINT('',(-112.4530423749,11.200000000072,-18.));
#383 = CARTESIAN_POINT('',(-112.4555423749,14.999999991083,0.));
#384 = CARTESIAN_POINT('',(-112.4555423749,14.797353833957,
    -3.594413273843));
#385 = CARTESIAN_POINT('',(-112.4555423749,14.717561176333,
    -7.739430263657));
#386 = CARTESIAN_POINT('',(-112.4555423749,13.927831641208,
    -10.83065080678));
#387 = CARTESIAN_POINT('',(-112.4555423749,13.627660375443,
    -15.14684692625));
#388 = CARTESIAN_POINT('',(-112.4555423749,11.199999991083,-18.));
#389 = DEFINITIONAL_REPRESENTATION('',(#390),#394);
#390 = LINE('',#391,#392);
#391 = CARTESIAN_POINT('',(7.,0.));
#392 = VECTOR('',#393,1.);
#393 = DIRECTION('',(0.,1.));
#394 = ( GEOMETRIC_REPRESENTATION_CONTEXT(2) 
PARAMETRIC_REPRESENTATION_CONTEXT() REPRESENTATION_CONTEXT('2D SPACE',''
  ) );
#395 = ORIENTED_EDGE('',*,*,#396,.T.);
#396 = EDGE_CURVE('',#314,#22,#397,.T.);
#397 = SURFACE_CURVE('',#398,(#408,#415),.PCURVE_S1.);
#398 = B_SPLINE_CURVE_WITH_KNOTS('',8,(#399,#400,#401,#402,#403,#404,
    #405,#406,#407),.UNSPECIFIED.,.F.,.F.,(9,9),(7.,8.),
  .PIECEWISE_BEZIER_KNOTS.);
#399 = CARTESIAN_POINT('',(-112.4555423749,14.999999991083,0.));
#400 = CARTESIAN_POINT('',(-115.3988219922,14.999999991083,0.));
#401 = CARTESIAN_POINT('',(-118.342102536,14.339528764554,0.));
#402 = CARTESIAN_POINT('',(-121.1124657576,13.018592798496,0.));
#403 = CARTESIAN_POINT('',(-123.5370311241,11.091488740223,0.));
#404 = CARTESIAN_POINT('',(-125.4641351823,8.666923373766,0.));
#405 = CARTESIAN_POINT('',(-126.7850711484,5.896560152211,0.));
#406 = CARTESIAN_POINT('',(-127.4455423749,2.953279608415,0.));
#407 = CARTESIAN_POINT('',(-127.4455423749,9.999991082776E-03,0.));
#408 = PCURVE('',#97,#409);
#409 = DEFINITIONAL_REPRESENTATION('',(#410),#414);
#410 = LINE('',#411,#412);
#411 = CARTESIAN_POINT('',(0.,0.));
#412 = VECTOR('',#413,1.);
#413 = DIRECTION('',(1.,0.));
#414 = ( GEOMETRIC_REPRESENTATION_CONTEXT(2) 
PARAMETRIC_REPRESENTATION_CONTEXT() REPRESENTATION_CONTEXT('2D SPACE',''
  ) );
#415 = PCURVE('',#180,#416);
#416 = DEFINITIONAL_REPRESENTATION('',(#417),#427);
#417 = B_SPLINE_CURVE_WITH_KNOTS('',8,(#418,#419,#420,#421,#422,#423,
    #424,#425,#426),.UNSPECIFIED.,.F.,.F.,(9,9),(7.,8.),
  .PIECEWISE_BEZIER_KNOTS.);
#418 = CARTESIAN_POINT('',(14.988823766343,14.99117615171));
#419 = CARTESIAN_POINT('',(12.045544158071,14.990945207832));
#420 = CARTESIAN_POINT('',(9.102315447085,14.330243039386));
#421 = CARTESIAN_POINT('',(6.332055881049,13.009089701368));
#422 = CARTESIAN_POINT('',(3.90764173191,11.081795405965));
#423 = CARTESIAN_POINT('',(1.980727922633,8.657078837117));
#424 = CARTESIAN_POINT('',(0.660009336666,5.8866119771));
#425 = CARTESIAN_POINT('',(-2.309438786625E-04,2.943279618614));
#426 = CARTESIAN_POINT('',(-7.958078640513E-13,1.034281846155E-08));
#427 = ( GEOMETRIC_REPRESENTATION_CONTEXT(2) 
PARAMETRIC_REPRESENTATION_CONTEXT() REPRESENTATION_CONTEXT('2D SPACE',''
  ) );
#428 = ORIENTED_EDGE('',*,*,#21,.T.);
#429 = ORIENTED_EDGE('',*,*,#430,.T.);
#430 = EDGE_CURVE('',#24,#316,#431,.T.);
#431 = SURFACE_CURVE('',#432,(#475,#521),.PCURVE_S1.);
#432 = B_SPLINE_CURVE_WITH_KNOTS('',6,(#433,#434,#435,#436,#437,#438,
    #439,#440,#441,#442,#443,#444,#445,#446,#447,#448,#449,#450,#451,
    #452,#453,#454,#455,#456,#457,#458,#459,#460,#461,#462,#463,#464,
    #465,#466,#467,#468,#469,#470,#471,#472,#473,#474),.UNSPECIFIED.,.F.
  ,.F.,(7,5,5,5,5,5,5,5,7),(0.,0.117017262887,0.23502112363,
    0.311018248599,0.501749908086,0.675617154918,0.745613833312,
    0.851615115951,1.),.UNSPECIFIED.);
#433 = CARTESIAN_POINT('',(-125.4455385288,9.999991082773E-03,
    -14.61725343839));
#434 = CARTESIAN_POINT('',(-125.4452324801,0.407863486091,
    -14.61814385616));
#435 = CARTESIAN_POINT('',(-125.4303144943,0.805716989654,
    -14.61900131803));
#436 = CARTESIAN_POINT('',(-125.4007851688,1.202887259987,
    -14.61982439003));
#437 = CARTESIAN_POINT('',(-125.3566860127,1.598704850681,
    -14.62061171208));
#438 = CARTESIAN_POINT('',(-125.2980994471,1.992504110701,-14.621361998)
  );
#439 = CARTESIAN_POINT('',(-125.1515831008,2.778039867589,
    -14.62279207641));
#440 = CARTESIAN_POINT('',(-125.0634096579,3.169733264535,
    -14.62347123259));
#441 = CARTESIAN_POINT('',(-124.9607551605,3.558024631507,
    -14.62411028092));
#442 = CARTESIAN_POINT('',(-124.8437871666,3.942246841834,
    -14.62470811881));
#443 = CARTESIAN_POINT('',(-124.7127141078,4.321744385897,-14.6252637643
    ));
#444 = CARTESIAN_POINT('',(-124.47444789,4.936820803398,-14.62610647654)
  );
#445 = CARTESIAN_POINT('',(-124.3753634035,5.175542130113,
    -14.62641874046));
#446 = CARTESIAN_POINT('',(-124.2705983118,5.411865740977,
    -14.62671291809));
#447 = CARTESIAN_POINT('',(-124.1602257415,5.6456230662,-14.62698880103)
  );
#448 = CARTESIAN_POINT('',(-124.0443254633,5.876648576496,-14.6272462021
    ));
#449 = CARTESIAN_POINT('',(-123.6184502794,6.677325700191,
    -14.62808415967));
#450 = CARTESIAN_POINT('',(-123.2796372043,7.231653267345,
    -14.62856591904));
#451 = CARTESIAN_POINT('',(-122.9079193919,7.765171811512,
    -14.62892757908));
#452 = CARTESIAN_POINT('',(-122.5049164086,8.275470640312,
    -14.62916740317));
#453 = CARTESIAN_POINT('',(-122.0724665689,8.760301406229,
    -14.62928448239));
#454 = CARTESIAN_POINT('',(-121.1934928532,9.634460583168,
    -14.62927371933));
#455 = CARTESIAN_POINT('',(-120.7515809136,10.028455430359,
    -14.62916661567));
#456 = CARTESIAN_POINT('',(-120.2884883057,10.398019720526,
    -14.62895756255));
#457 = CARTESIAN_POINT('',(-119.8059096906,10.741749724037,
    -14.62864720352));
#458 = CARTESIAN_POINT('',(-119.3056604075,11.058401712483,
    -14.6282367952));
#459 = CARTESIAN_POINT('',(-118.5819463587,11.463035661539,
    -14.62752344375));
#460 = CARTESIAN_POINT('',(-118.3716659379,11.574614962825,
    -14.62730277437));
#461 = CARTESIAN_POINT('',(-118.1589594594,11.68156064031,
    -14.62706631089));
#462 = CARTESIAN_POINT('',(-117.9439547189,11.783807265258,
    -14.62681418947));
#463 = CARTESIAN_POINT('',(-117.7267818219,11.881294132735,
    -14.62654656156));
#464 = CARTESIAN_POINT('',(-117.1756089067,12.114304185542,
    -14.62583507475));
#465 = CARTESIAN_POINT('',(-116.8389751693,12.243599334115,
    -14.62537137596));
#466 = CARTESIAN_POINT('',(-116.4981326507,12.361656021814,
    -14.62487307723));
#467 = CARTESIAN_POINT('',(-116.1535506458,12.468305851326,
    -14.6243408377));
#468 = CARTESIAN_POINT('',(-115.8057070659,12.563406713533,
    -14.62377539599));
#469 = CARTESIAN_POINT('',(-114.964278298,12.763639979552,
    -14.62234070952));
#470 = CARTESIAN_POINT('',(-114.4680253538,12.857580408213,
    -14.62144036539));
#471 = CARTESIAN_POINT('',(-113.9676681327,12.928345992494,
    -14.62047883724));
#472 = CARTESIAN_POINT('',(-113.4645575815,12.975724203711,
    -14.61945864247));
#473 = CARTESIAN_POINT('',(-112.9600570668,12.999608065506,
    -14.61838251643));
#474 = CARTESIAN_POINT('',(-112.4555423749,12.999996153846,
    -14.61725341247));
#475 = PCURVE('',#97,#476);
#476 = DEFINITIONAL_REPRESENTATION('',(#477),#520);
#477 = B_SPLINE_CURVE_WITH_KNOTS('',6,(#478,#479,#480,#481,#482,#483,
    #484,#485,#486,#487,#488,#489,#490,#491,#492,#493,#494,#495,#496,
    #497,#498,#499,#500,#501,#502,#503,#504,#505,#506,#507,#508,#509,
    #510,#511,#512,#513,#514,#515,#516,#517,#518,#519),.UNSPECIFIED.,.F.
  ,.F.,(7,5,5,5,5,5,5,5,7),(0.,0.117017262887,0.23502112363,
    0.311018248599,0.501749908086,0.675617154918,0.745613833312,
    0.851615115951,1.),.UNSPECIFIED.);
#478 = CARTESIAN_POINT('',(8.,0.793055378796));
#479 = CARTESIAN_POINT('',(7.980501320814,0.793105779298));
#480 = CARTESIAN_POINT('',(7.961002066561,0.793154315613));
#481 = CARTESIAN_POINT('',(7.941502270803,0.793200906402));
#482 = CARTESIAN_POINT('',(7.922001969055,0.793245474509));
#483 = CARTESIAN_POINT('',(7.902501198781,0.793287946967));
#484 = CARTESIAN_POINT('',(7.863334381185,0.793368902853));
#485 = CARTESIAN_POINT('',(7.843668288591,0.793407350277));
#486 = CARTESIAN_POINT('',(7.824001762016,0.793443527853));
#487 = CARTESIAN_POINT('',(7.804334842959,0.79347737301));
#488 = CARTESIAN_POINT('',(7.784667574015,0.793508830015));
#489 = CARTESIAN_POINT('',(7.752333640705,0.793556539472));
#490 = CARTESIAN_POINT('',(7.739667145451,0.793574218205));
#491 = CARTESIAN_POINT('',(7.72700052326,0.793590873132));
#492 = CARTESIAN_POINT('',(7.714333784419,0.793606492423));
#493 = CARTESIAN_POINT('',(7.70166693935,0.793621065451));
#494 = CARTESIAN_POINT('',(7.657209498282,0.793668507575));
#495 = CARTESIAN_POINT('',(7.625417759062,0.793695783602));
#496 = CARTESIAN_POINT('',(7.593626280861,0.793716260187));
#497 = CARTESIAN_POINT('',(7.561834491863,0.793729838719));
#498 = CARTESIAN_POINT('',(7.530041823445,0.793736467591));
#499 = CARTESIAN_POINT('',(7.469268783069,0.793735858201));
#500 = CARTESIAN_POINT('',(7.440287405762,0.793729794132));
#501 = CARTESIAN_POINT('',(7.411306598633,0.793717957819));
#502 = CARTESIAN_POINT('',(7.382326036021,0.793700385806));
#503 = CARTESIAN_POINT('',(7.353345390374,0.793677149443));
#504 = CARTESIAN_POINT('',(7.312698719373,0.793636761843));
#505 = CARTESIAN_POINT('',(7.301031911932,0.793624268337));
#506 = CARTESIAN_POINT('',(7.289365188531,0.793610880706));
#507 = CARTESIAN_POINT('',(7.277698557251,0.793596606678));
#508 = CARTESIAN_POINT('',(7.266032026078,0.793581454853));
#509 = CARTESIAN_POINT('',(7.236698252841,0.793541174168));
#510 = CARTESIAN_POINT('',(7.21903113601,0.793514922236));
#511 = CARTESIAN_POINT('',(7.201364283014,0.793486711808));
#512 = CARTESIAN_POINT('',(7.183697723809,0.793456580297));
#513 = CARTESIAN_POINT('',(7.166031487702,0.793424569622));
#514 = CARTESIAN_POINT('',(7.123636183706,0.793343350837));
#515 = CARTESIAN_POINT('',(7.098907370772,0.793292382693));
#516 = CARTESIAN_POINT('',(7.074179258679,0.793237952265));
#517 = CARTESIAN_POINT('',(7.049451936975,0.793180202387));
#518 = CARTESIAN_POINT('',(7.024725490622,0.793119288235));
#519 = CARTESIAN_POINT('',(7.,0.793055377329));
#520 = ( GEOMETRIC_REPRESENTATION_CONTEXT(2) 
PARAMETRIC_REPRESENTATION_CONTEXT() REPRESENTATION_CONTEXT('2D SPACE',''
  ) );
#521 = PCURVE('',#296,#522);
#522 = DEFINITIONAL_REPRESENTATION('',(#523),#566);
#523 = B_SPLINE_CURVE_WITH_KNOTS('',6,(#524,#525,#526,#527,#528,#529,
    #530,#531,#532,#533,#534,#535,#536,#537,#538,#539,#540,#541,#542,
    #543,#544,#545,#546,#547,#548,#549,#550,#551,#552,#553,#554,#555,
    #556,#557,#558,#559,#560,#561,#562,#563,#564,#565),.UNSPECIFIED.,.F.
  ,.F.,(7,5,5,5,5,5,5,5,7),(0.,0.117017262887,0.23502112363,
    0.311018248599,0.501749908086,0.675617154918,0.745613833312,
    0.851615115951,1.),.UNSPECIFIED.);
#524 = CARTESIAN_POINT('',(3.140823423431,4.382746561603));
#525 = CARTESIAN_POINT('',(3.110218530145,4.381856143833));
#526 = CARTESIAN_POINT('',(3.079613598821,4.380998681962));
#527 = CARTESIAN_POINT('',(3.049008643821,4.380175609965));
#528 = CARTESIAN_POINT('',(3.018403679605,4.379388287917));
#529 = CARTESIAN_POINT('',(2.98779872073,4.378638001991));
#530 = CARTESIAN_POINT('',(2.926330806114,4.377207923585));
#531 = CARTESIAN_POINT('',(2.895467791356,4.376528767401));
#532 = CARTESIAN_POINT('',(2.864604752896,4.375889719077));
#533 = CARTESIAN_POINT('',(2.833741706149,4.375291881182));
#534 = CARTESIAN_POINT('',(2.80287866663,4.374736235691));
#535 = CARTESIAN_POINT('',(2.752139177096,4.373893523458));
#536 = CARTESIAN_POINT('',(2.732262697922,4.37358125954));
#537 = CARTESIAN_POINT('',(2.712386214254,4.373287081901));
#538 = CARTESIAN_POINT('',(2.692509727928,4.373011198962));
#539 = CARTESIAN_POINT('',(2.672633240793,4.3727537979));
#540 = CARTESIAN_POINT('',(2.602872299521,4.371915840321));
#541 = CARTESIAN_POINT('',(2.552986852501,4.371434080957));
#542 = CARTESIAN_POINT('',(2.503102534918,4.371072420919));
#543 = CARTESIAN_POINT('',(2.453218209759,4.370832596822));
#544 = CARTESIAN_POINT('',(2.403332740233,4.370715517607));
#545 = CARTESIAN_POINT('',(2.307974522438,4.370726280669));
#546 = CARTESIAN_POINT('',(2.262500198228,4.370833384323));
#547 = CARTESIAN_POINT('',(2.217026575951,4.37104243745));
#548 = CARTESIAN_POINT('',(2.171552959642,4.371352796475));
#549 = CARTESIAN_POINT('',(2.12607865315,4.371763204794));
#550 = CARTESIAN_POINT('',(2.062297840566,4.372476556249));
#551 = CARTESIAN_POINT('',(2.043990724748,4.372697225628));
#552 = CARTESIAN_POINT('',(2.025683609796,4.372933689101));
#553 = CARTESIAN_POINT('',(2.007376496963,4.37318581053));
#554 = CARTESIAN_POINT('',(1.989069387495,4.373453438434));
#555 = CARTESIAN_POINT('',(1.943038444265,4.374164925242));
#556 = CARTESIAN_POINT('',(1.915314593826,4.37462862404));
#557 = CARTESIAN_POINT('',(1.887590740552,4.375126922764));
#558 = CARTESIAN_POINT('',(1.859866893629,4.375659162293));
#559 = CARTESIAN_POINT('',(1.832143062175,4.376224604004));
#560 = CARTESIAN_POINT('',(1.76561034867,4.377659290473));
#561 = CARTESIAN_POINT('',(1.726801361224,4.378559634609));
#562 = CARTESIAN_POINT('',(1.687992340792,4.379521162759));
#563 = CARTESIAN_POINT('',(1.64918333507,4.380541357529));
#564 = CARTESIAN_POINT('',(1.610374391574,4.381617483562));
#565 = CARTESIAN_POINT('',(1.57156555764,4.382746587527));
#566 = ( GEOMETRIC_REPRESENTATION_CONTEXT(2) 
PARAMETRIC_REPRESENTATION_CONTEXT() REPRESENTATION_CONTEXT('2D SPACE',''
  ) );
#567 = ADVANCED_FACE('',(#568),#296,.F.);
#568 = FACE_BOUND('',#569,.F.);
#569 = EDGE_LOOP('',(#570,#595,#622,#623,#652,#811,#946,#973,#974,#975,
    #1115,#1199,#1394,#1553));
#570 = ORIENTED_EDGE('',*,*,#571,.T.);
#571 = EDGE_CURVE('',#572,#574,#576,.T.);
#572 = VERTEX_POINT('',#573);
#573 = CARTESIAN_POINT('',(-99.44554237496,-3.184081677783E-15,-18.));
#574 = VERTEX_POINT('',#575);
#575 = CARTESIAN_POINT('',(-99.44554237496,-3.184081677783E-15,-3.));
#576 = SEAM_CURVE('',#577,(#581,#588),.PCURVE_S1.);
#577 = LINE('',#578,#579);
#578 = CARTESIAN_POINT('',(-99.44554237496,-3.184081677783E-15,-19.));
#579 = VECTOR('',#580,1.);
#580 = DIRECTION('',(0.,0.,1.));
#581 = PCURVE('',#296,#582);
#582 = DEFINITIONAL_REPRESENTATION('',(#583),#587);
#583 = LINE('',#584,#585);
#584 = CARTESIAN_POINT('',(6.28318530718,-0.));
#585 = VECTOR('',#586,1.);
#586 = DIRECTION('',(0.,1.));
#587 = ( GEOMETRIC_REPRESENTATION_CONTEXT(2) 
PARAMETRIC_REPRESENTATION_CONTEXT() REPRESENTATION_CONTEXT('2D SPACE',''
  ) );
#588 = PCURVE('',#296,#589);
#589 = DEFINITIONAL_REPRESENTATION('',(#590),#594);
#590 = LINE('',#591,#592);
#591 = CARTESIAN_POINT('',(0.,-0.));
#592 = VECTOR('',#593,1.);
#593 = DIRECTION('',(0.,1.));
#594 = ( GEOMETRIC_REPRESENTATION_CONTEXT(2) 
PARAMETRIC_REPRESENTATION_CONTEXT() REPRESENTATION_CONTEXT('2D SPACE',''
  ) );
#595 = ORIENTED_EDGE('',*,*,#596,.F.);
#596 = EDGE_CURVE('',#574,#574,#597,.T.);
#597 = SURFACE_CURVE('',#598,(#603,#610),.PCURVE_S1.);
#598 = CIRCLE('',#599,13.);
#599 = AXIS2_PLACEMENT_3D('',#600,#601,#602);
#600 = CARTESIAN_POINT('',(-112.4455423749,0.,-3.));
#601 = DIRECTION('',(0.,0.,1.));
#602 = DIRECTION('',(1.,0.,-0.));
#603 = PCURVE('',#296,#604);
#604 = DEFINITIONAL_REPRESENTATION('',(#605),#609);
#605 = LINE('',#606,#607);
#606 = CARTESIAN_POINT('',(0.,16.));
#607 = VECTOR('',#608,1.);
#608 = DIRECTION('',(1.,0.));
#609 = ( GEOMETRIC_REPRESENTATION_CONTEXT(2) 
PARAMETRIC_REPRESENTATION_CONTEXT() REPRESENTATION_CONTEXT('2D SPACE',''
  ) );
#610 = PCURVE('',#611,#616);
#611 = PLANE('',#612);
#612 = AXIS2_PLACEMENT_3D('',#613,#614,#615);
#613 = CARTESIAN_POINT('',(-112.4455423749,0.,-3.));
#614 = DIRECTION('',(0.,0.,1.));
#615 = DIRECTION('',(1.,0.,-0.));
#616 = DEFINITIONAL_REPRESENTATION('',(#617),#621);
#617 = CIRCLE('',#618,13.);
#618 = AXIS2_PLACEMENT_2D('',#619,#620);
#619 = CARTESIAN_POINT('',(0.,0.));
#620 = DIRECTION('',(1.,0.));
#621 = ( GEOMETRIC_REPRESENTATION_CONTEXT(2) 
PARAMETRIC_REPRESENTATION_CONTEXT() REPRESENTATION_CONTEXT('2D SPACE',''
  ) );
#622 = ORIENTED_EDGE('',*,*,#571,.F.);
#623 = ORIENTED_EDGE('',*,*,#624,.T.);
#624 = EDGE_CURVE('',#572,#625,#627,.T.);
#625 = VERTEX_POINT('',#626);
#626 = CARTESIAN_POINT('',(-99.46440220828,0.69999998074,-18.));
#627 = SURFACE_CURVE('',#628,(#633,#640),.PCURVE_S1.);
#628 = CIRCLE('',#629,13.);
#629 = AXIS2_PLACEMENT_3D('',#630,#631,#632);
#630 = CARTESIAN_POINT('',(-112.4455423749,0.,-18.));
#631 = DIRECTION('',(0.,0.,1.));
#632 = DIRECTION('',(1.,0.,-0.));
#633 = PCURVE('',#296,#634);
#634 = DEFINITIONAL_REPRESENTATION('',(#635),#639);
#635 = LINE('',#636,#637);
#636 = CARTESIAN_POINT('',(0.,1.));
#637 = VECTOR('',#638,1.);
#638 = DIRECTION('',(1.,0.));
#639 = ( GEOMETRIC_REPRESENTATION_CONTEXT(2) 
PARAMETRIC_REPRESENTATION_CONTEXT() REPRESENTATION_CONTEXT('2D SPACE',''
  ) );
#640 = PCURVE('',#641,#646);
#641 = PLANE('',#642);
#642 = AXIS2_PLACEMENT_3D('',#643,#644,#645);
#643 = CARTESIAN_POINT('',(-123.6455423749,9.999980739958E-03,-18.));
#644 = DIRECTION('',(-0.,0.,1.));
#645 = DIRECTION('',(0.99999999673,-8.087627064654E-05,0.));
#646 = DEFINITIONAL_REPRESENTATION('',(#647),#651);
#647 = CIRCLE('',#648,13.);
#648 = AXIS2_PLACEMENT_2D('',#649,#650);
#649 = CARTESIAN_POINT('',(11.200000772132,-9.094166476012E-03));
#650 = DIRECTION('',(0.99999999673,8.087627064654E-05));
#651 = ( GEOMETRIC_REPRESENTATION_CONTEXT(2) 
PARAMETRIC_REPRESENTATION_CONTEXT() REPRESENTATION_CONTEXT('2D SPACE',''
  ) );
#652 = ORIENTED_EDGE('',*,*,#653,.F.);
#653 = EDGE_CURVE('',#654,#625,#656,.T.);
#654 = VERTEX_POINT('',#655);
#655 = CARTESIAN_POINT('',(-99.68785207982,2.498267066038,
    -14.62228149054));
#656 = SURFACE_CURVE('',#657,(#688,#722),.PCURVE_S1.);
#657 = B_SPLINE_CURVE_WITH_KNOTS('',8,(#658,#659,#660,#661,#662,#663,
    #664,#665,#666,#667,#668,#669,#670,#671,#672,#673,#674,#675,#676,
    #677,#678,#679,#680,#681,#682,#683,#684,#685,#686,#687),
  .UNSPECIFIED.,.F.,.F.,(9,7,7,7,9),(0.,0.260217847078,0.518506356641,
    0.811541725835,1.),.UNSPECIFIED.);
#658 = CARTESIAN_POINT('',(-100.191046386,4.339046906656,-2.9999994));
#659 = CARTESIAN_POINT('',(-100.1805390877,4.309371807916,
    -3.498734617711));
#660 = CARTESIAN_POINT('',(-100.1693025652,4.277376220868,
    -3.997394109842));
#661 = CARTESIAN_POINT('',(-100.1571475627,4.242454875569,
    -4.495947701297));
#662 = CARTESIAN_POINT('',(-100.1439537639,4.20416098589,-4.994366921294
    ));
#663 = CARTESIAN_POINT('',(-100.1296498626,4.162150037871,
    -5.492622454244));
#664 = CARTESIAN_POINT('',(-100.1142016422,4.116147110918,
    -5.990682581778));
#665 = CARTESIAN_POINT('',(-100.0976017973,4.065915824076,
    -6.488511684958));
#666 = CARTESIAN_POINT('',(-100.0622402542,3.956903803774,
    -7.479935027306));
#667 = CARTESIAN_POINT('',(-100.0434959668,3.898189950542,
    -7.973526102288));
#668 = CARTESIAN_POINT('',(-100.0236261443,3.834821418525,
    -8.466814444571));
#669 = CARTESIAN_POINT('',(-100.0026493808,3.766541999375,
    -8.959761754637));
#670 = CARTESIAN_POINT('',(-99.98058325662,3.693040706997,
    -9.452314570252));
#671 = CARTESIAN_POINT('',(-99.95743514762,3.613898205599,
    -9.944400056908));
#672 = CARTESIAN_POINT('',(-99.93319968242,3.528522256615,
    -10.43592110798));
#673 = CARTESIAN_POINT('',(-99.8791175154,3.331185052452,-11.48361039559
    ));
#674 = CARTESIAN_POINT('',(-99.84896656783,3.217234278578,
    -12.03935434857));
#675 = CARTESIAN_POINT('',(-99.81737989648,3.092962830903,
    -12.59402858544));
#676 = CARTESIAN_POINT('',(-99.78432881562,2.95670347746,-13.1474250587)
  );
#677 = CARTESIAN_POINT('',(-99.74978954064,2.806289935534,
    -13.69907138556));
#678 = CARTESIAN_POINT('',(-99.71383430062,2.638758424698,
    -14.24818803618));
#679 = CARTESIAN_POINT('',(-99.67666532877,2.450237789219,
    -14.79367604143));
#680 = CARTESIAN_POINT('',(-99.61485726463,2.096026191988,
    -15.68140189338));
#681 = CARTESIAN_POINT('',(-99.59050846626,1.946360997988,-16.0262936277
    ));
#682 = CARTESIAN_POINT('',(-99.56619060464,1.783985963338,
    -16.36848542068));
#683 = CARTESIAN_POINT('',(-99.54220448857,1.606967836797,
    -16.70737519812));
#684 = CARTESIAN_POINT('',(-99.5190434842,1.413031744014,-17.04186338959
    ));
#685 = CARTESIAN_POINT('',(-99.49745463712,1.199512943676,
    -17.37034200339));
#686 = CARTESIAN_POINT('',(-99.47859567063,0.963210451175,
    -17.69065699336));
#687 = CARTESIAN_POINT('',(-99.46440220828,0.69999998074,-18.));
#688 = PCURVE('',#296,#689);
#689 = DEFINITIONAL_REPRESENTATION('',(#690),#721);
#690 = B_SPLINE_CURVE_WITH_KNOTS('',8,(#691,#692,#693,#694,#695,#696,
    #697,#698,#699,#700,#701,#702,#703,#704,#705,#706,#707,#708,#709,
    #710,#711,#712,#713,#714,#715,#716,#717,#718,#719,#720),
  .UNSPECIFIED.,.F.,.F.,(9,7,7,7,9),(0.,0.260217847078,0.518506356641,
    0.811541725835,1.),.UNSPECIFIED.);
#691 = CARTESIAN_POINT('',(0.340303114021,16.0000006));
#692 = CARTESIAN_POINT('',(0.337881545744,15.501265382289));
#693 = CARTESIAN_POINT('',(0.335272991973,15.002605890158));
#694 = CARTESIAN_POINT('',(0.332428682599,14.504052298703));
#695 = CARTESIAN_POINT('',(0.329313095905,14.005633078706));
#696 = CARTESIAN_POINT('',(0.325899355874,13.507377545756));
#697 = CARTESIAN_POINT('',(0.322166538713,13.009317418222));
#698 = CARTESIAN_POINT('',(0.318097131647,12.511488315042));
#699 = CARTESIAN_POINT('',(0.309281445217,11.520064972694));
#700 = CARTESIAN_POINT('',(0.304540469934,11.026473897712));
#701 = CARTESIAN_POINT('',(0.299432078821,10.533185555429));
#702 = CARTESIAN_POINT('',(0.293937732571,10.040238245363));
#703 = CARTESIAN_POINT('',(0.288034756008,9.547685429748));
#704 = CARTESIAN_POINT('',(0.281692129754,9.055599943092));
#705 = CARTESIAN_POINT('',(0.274865552517,8.56407889202));
#706 = CARTESIAN_POINT('',(0.259126020834,7.516389604404));
#707 = CARTESIAN_POINT('',(0.250059275886,6.960645651428));
#708 = CARTESIAN_POINT('',(0.240196814269,6.405971414555));
#709 = CARTESIAN_POINT('',(0.229412713872,5.852574941296));
#710 = CARTESIAN_POINT('',(0.217543506786,5.300928614438));
#711 = CARTESIAN_POINT('',(0.204365622295,4.751811963815));
#712 = CARTESIAN_POINT('',(0.189588407904,4.20632395857));
#713 = CARTESIAN_POINT('',(0.161929657681,3.318598106611));
#714 = CARTESIAN_POINT('',(0.150266374152,2.973706372297));
#715 = CARTESIAN_POINT('',(0.137638357115,2.631514579311));
#716 = CARTESIAN_POINT('',(0.123900148145,2.292624801875));
#717 = CARTESIAN_POINT('',(0.108880201956,1.958136610403));
#718 = CARTESIAN_POINT('',(9.237745659654E-02,1.629657996601));
#719 = CARTESIAN_POINT('',(7.414858204724E-02,1.309343006634));
#720 = CARTESIAN_POINT('',(5.387220670152E-02,1.));
#721 = ( GEOMETRIC_REPRESENTATION_CONTEXT(2) 
PARAMETRIC_REPRESENTATION_CONTEXT() REPRESENTATION_CONTEXT('2D SPACE',''
  ) );
#722 = PCURVE('',#723,#778);
#723 = ( BOUNDED_SURFACE() B_SPLINE_SURFACE(8,5,(
    (#724,#725,#726,#727,#728,#729)
    ,(#730,#731,#732,#733,#734,#735)
    ,(#736,#737,#738,#739,#740,#741)
    ,(#742,#743,#744,#745,#746,#747)
    ,(#748,#749,#750,#751,#752,#753)
    ,(#754,#755,#756,#757,#758,#759)
    ,(#760,#761,#762,#763,#764,#765)
    ,(#766,#767,#768,#769,#770,#771)
    ,(#772,#773,#774,#775,#776,#777
)),.UNSPECIFIED.,.F.,.F.,.F.) B_SPLINE_SURFACE_WITH_KNOTS((9,9),(6,6),(
    6.,7.),(0.,1.),.PIECEWISE_BEZIER_KNOTS.) 
GEOMETRIC_REPRESENTATION_ITEM() RATIONAL_B_SPLINE_SURFACE((
    (1.,1.,1.,1.,1.,1.)
    ,(1.,1.,1.,1.,1.,1.)
    ,(1.,1.,1.,1.,1.,1.)
    ,(1.,1.,1.,1.,1.,1.)
    ,(1.,1.,1.,1.,1.,1.)
    ,(1.,1.,1.,1.,1.,1.)
    ,(1.,1.,1.,1.,1.,1.)
    ,(1.,1.,1.,1.,1.,1.)
,(1.,1.,1.,1.,1.,1.))) REPRESENTATION_ITEM('') SURFACE() );
#724 = CARTESIAN_POINT('',(122.95554237496,4.500000000024,0.));
#725 = CARTESIAN_POINT('',(122.95554237496,4.297353810518,
    -3.594413271103));
#726 = CARTESIAN_POINT('',(122.95554237496,4.217561168758,
    -7.739430269868));
#727 = CARTESIAN_POINT('',(122.95554237496,3.427831633146,-10.830650802)
  );
#728 = CARTESIAN_POINT('',(122.95554237496,3.127660362684,
    -15.14684693069));
#729 = CARTESIAN_POINT('',(122.95554237496,0.69999998074,-18.));
#730 = CARTESIAN_POINT('',(92.216656781224,4.500000000024,0.));
#731 = CARTESIAN_POINT('',(92.21665678122,4.297353810518,-3.594413271103
    ));
#732 = CARTESIAN_POINT('',(92.21665678123,4.217561168758,-7.739430269868
    ));
#733 = CARTESIAN_POINT('',(92.216656781219,3.427831633146,-10.830650802)
  );
#734 = CARTESIAN_POINT('',(92.216656781225,3.127660362684,
    -15.14684693069));
#735 = CARTESIAN_POINT('',(92.216656781224,0.69999998074,-18.));
#736 = CARTESIAN_POINT('',(61.477771187482,4.500000000024,0.));
#737 = CARTESIAN_POINT('',(61.477771187482,4.297353810518,
    -3.594413271103));
#738 = CARTESIAN_POINT('',(61.477771187483,4.217561168758,
    -7.739430269868));
#739 = CARTESIAN_POINT('',(61.477771187482,3.427831633146,-10.830650802)
  );
#740 = CARTESIAN_POINT('',(61.477771187482,3.127660362684,
    -15.14684693069));
#741 = CARTESIAN_POINT('',(61.477771187482,0.69999998074,-18.));
#742 = CARTESIAN_POINT('',(30.738885593741,4.500000000024,0.));
#743 = CARTESIAN_POINT('',(30.738885593741,4.297353810518,
    -3.594413271103));
#744 = CARTESIAN_POINT('',(30.738885593741,4.217561168758,
    -7.739430269868));
#745 = CARTESIAN_POINT('',(30.738885593742,3.427831633146,-10.830650802)
  );
#746 = CARTESIAN_POINT('',(30.738885593741,3.127660362684,
    -15.14684693069));
#747 = CARTESIAN_POINT('',(30.738885593741,0.69999998074,-18.));
#748 = CARTESIAN_POINT('',(2.6645352591E-15,4.500000000024,0.));
#749 = CARTESIAN_POINT('',(-2.755935976098E-15,4.297353810518,
    -3.594413271103));
#750 = CARTESIAN_POINT('',(6.029638565951E-15,4.217561168758,
    -7.739430269868));
#751 = CARTESIAN_POINT('',(-3.635825672678E-15,3.427831633146,
    -10.830650802));
#752 = CARTESIAN_POINT('',(3.398976176472E-15,3.127660362684,
    -15.14684693069));
#753 = CARTESIAN_POINT('',(0.,0.69999998074,-18.));
#754 = CARTESIAN_POINT('',(-30.73888559374,4.500000000024,0.));
#755 = CARTESIAN_POINT('',(-30.73888559374,4.297353810518,
    -3.594413271103));
#756 = CARTESIAN_POINT('',(-30.73888559374,4.217561168758,
    -7.739430269868));
#757 = CARTESIAN_POINT('',(-30.73888559374,3.427831633146,-10.830650802)
  );
#758 = CARTESIAN_POINT('',(-30.73888559374,3.127660362684,
    -15.14684693069));
#759 = CARTESIAN_POINT('',(-30.73888559374,0.69999998074,-18.));
#760 = CARTESIAN_POINT('',(-61.47777118748,4.500000000024,0.));
#761 = CARTESIAN_POINT('',(-61.47777118748,4.297353810518,
    -3.594413271103));
#762 = CARTESIAN_POINT('',(-61.47777118748,4.217561168758,
    -7.739430269868));
#763 = CARTESIAN_POINT('',(-61.47777118748,3.427831633146,-10.830650802)
  );
#764 = CARTESIAN_POINT('',(-61.47777118748,3.127660362684,
    -15.14684693069));
#765 = CARTESIAN_POINT('',(-61.47777118748,0.69999998074,-18.));
#766 = CARTESIAN_POINT('',(-92.21665678122,4.500000000024,0.));
#767 = CARTESIAN_POINT('',(-92.21665678122,4.297353810518,
    -3.594413271103));
#768 = CARTESIAN_POINT('',(-92.21665678122,4.217561168758,
    -7.739430269868));
#769 = CARTESIAN_POINT('',(-92.21665678122,3.427831633146,-10.830650802)
  );
#770 = CARTESIAN_POINT('',(-92.21665678122,3.127660362684,
    -15.14684693069));
#771 = CARTESIAN_POINT('',(-92.21665678122,0.69999998074,-18.));
#772 = CARTESIAN_POINT('',(-122.9555423749,4.49999998074,0.));
#773 = CARTESIAN_POINT('',(-122.9555423749,4.297353825977,
    -3.594413271103));
#774 = CARTESIAN_POINT('',(-122.9555423749,4.217561161244,
    -7.739430269868));
#775 = CARTESIAN_POINT('',(-122.9555423749,3.427831635303,-10.830650802)
  );
#776 = CARTESIAN_POINT('',(-122.9555423749,3.127660362376,
    -15.14684693069));
#777 = CARTESIAN_POINT('',(-122.9555423749,0.69999998074,-18.));
#778 = DEFINITIONAL_REPRESENTATION('',(#779),#810);
#779 = B_SPLINE_CURVE_WITH_KNOTS('',8,(#780,#781,#782,#783,#784,#785,
    #786,#787,#788,#789,#790,#791,#792,#793,#794,#795,#796,#797,#798,
    #799,#800,#801,#802,#803,#804,#805,#806,#807,#808,#809),
  .UNSPECIFIED.,.F.,.F.,(9,7,7,7,9),(0.,0.260217847078,0.518506356641,
    0.811541725835,1.),.UNSPECIFIED.);
#780 = CARTESIAN_POINT('',(6.907427938779,0.161992047653));
#781 = CARTESIAN_POINT('',(6.90738521074,0.188531031716));
#782 = CARTESIAN_POINT('',(6.907339517375,0.215032601827));
#783 = CARTESIAN_POINT('',(6.90729008883,0.241547864681));
#784 = CARTESIAN_POINT('',(6.907236436136,0.268108366225));
#785 = CARTESIAN_POINT('',(6.907178269231,0.294731632862));
#786 = CARTESIAN_POINT('',(6.907115448819,0.321423951501));
#787 = CARTESIAN_POINT('',(6.907047945395,0.348182632408));
#788 = CARTESIAN_POINT('',(6.90690414731,0.40161853268));
#789 = CARTESIAN_POINT('',(6.906827923469,0.428294476763));
#790 = CARTESIAN_POINT('',(6.906747122628,0.455021101277));
#791 = CARTESIAN_POINT('',(6.906661820399,0.481786212169));
#792 = CARTESIAN_POINT('',(6.906572088275,0.508575737325));
#793 = CARTESIAN_POINT('',(6.906477956247,0.535377412087));
#794 = CARTESIAN_POINT('',(6.906379402474,0.562184564013));
#795 = CARTESIAN_POINT('',(6.906159476776,0.619422837936));
#796 = CARTESIAN_POINT('',(6.906036867632,0.649844006813));
#797 = CARTESIAN_POINT('',(6.905908420102,0.680280004437));
#798 = CARTESIAN_POINT('',(6.905774017536,0.710752306357));
#799 = CARTESIAN_POINT('',(6.905633563213,0.741292637917));
#800 = CARTESIAN_POINT('',(6.905487350853,0.771953123091));
#801 = CARTESIAN_POINT('',(6.90533620284,0.802809868267));
#802 = CARTESIAN_POINT('',(6.9050848597,0.854059134138));
#803 = CARTESIAN_POINT('',(6.904985845057,0.874232608285));
#804 = CARTESIAN_POINT('',(6.904886956218,0.894572793174));
#805 = CARTESIAN_POINT('',(6.904789416426,0.915120512903));
#806 = CARTESIAN_POINT('',(6.904695231959,0.935908569553));
#807 = CARTESIAN_POINT('',(6.904607440687,0.956964504584));
#808 = CARTESIAN_POINT('',(6.904530750502,0.978315709033));
#809 = CARTESIAN_POINT('',(6.904473032639,1.));
#810 = ( GEOMETRIC_REPRESENTATION_CONTEXT(2) 
PARAMETRIC_REPRESENTATION_CONTEXT() REPRESENTATION_CONTEXT('2D SPACE',''
  ) );
#811 = ORIENTED_EDGE('',*,*,#812,.F.);
#812 = EDGE_CURVE('',#813,#654,#815,.T.);
#813 = VERTEX_POINT('',#814);
#814 = CARTESIAN_POINT('',(-112.4355423749,12.999996153846,
    -14.61725343862));
#815 = SURFACE_CURVE('',#816,(#839,#865),.PCURVE_S1.);
#816 = B_SPLINE_CURVE_WITH_KNOTS('',6,(#817,#818,#819,#820,#821,#822,
    #823,#824,#825,#826,#827,#828,#829,#830,#831,#832,#833,#834,#835,
    #836,#837,#838),.UNSPECIFIED.,.F.,.F.,(7,5,5,5,7),(0.,0.252023293436
    ,0.503005552061,0.749934378626,1.),.UNSPECIFIED.);
#817 = CARTESIAN_POINT('',(-112.4355423749,12.999996153846,
    -14.61725343862));
#818 = CARTESIAN_POINT('',(-111.6123267401,12.999362910862,
    -14.6190957869));
#819 = CARTESIAN_POINT('',(-110.7891168184,12.936174135925,
    -14.62079710238));
#820 = CARTESIAN_POINT('',(-109.9719470289,12.810422724101,
    -14.62234469721));
#821 = CARTESIAN_POINT('',(-109.1667045301,12.622898740457,
    -14.6237267429));
#822 = CARTESIAN_POINT('',(-108.3791475177,12.375060450948,
    -14.62493399733));
#823 = CARTESIAN_POINT('',(-106.8537578013,11.764524915134,
    -14.62697994151));
#824 = CARTESIAN_POINT('',(-106.1156564665,11.402275659632,
    -14.62782024421));
#825 = CARTESIAN_POINT('',(-105.4061070217,10.98461693686,
    -14.62847271106));
#826 = CARTESIAN_POINT('',(-104.73022169,10.514426949358,-14.62893248874
    ));
#827 = CARTESIAN_POINT('',(-104.0927512357,9.99514798111,-14.62919666796
    ));
#828 = CARTESIAN_POINT('',(-102.91287622,8.875744755774,-14.62933183508)
  );
#829 = CARTESIAN_POINT('',(-102.3690466791,8.27700857752,-14.62920911055
    ));
#830 = CARTESIAN_POINT('',(-101.8706442111,7.638577833802,
    -14.62889612532));
#831 = CARTESIAN_POINT('',(-101.4211903091,6.964789932024,
    -14.62839469741));
#832 = CARTESIAN_POINT('',(-101.0236961709,6.260351134107,
    -14.62770853746));
#833 = CARTESIAN_POINT('',(-100.3330764629,4.791176281049,
    -14.62596769716));
#834 = CARTESIAN_POINT('',(-100.0413070111,4.025715931519,-14.6249083557
    ));
#835 = CARTESIAN_POINT('',(-99.80777455991,3.239348054166,
    -14.62367176425));
#836 = CARTESIAN_POINT('',(-99.63423741992,2.437602506915,
    -14.62226603348));
#837 = CARTESIAN_POINT('',(-99.52181389176,1.626173140338,
    -14.62070153245));
#838 = CARTESIAN_POINT('',(-99.47086041357,0.81094266189,-14.61899032792
    ));
#839 = PCURVE('',#296,#840);
#840 = DEFINITIONAL_REPRESENTATION('',(#841),#864);
#841 = B_SPLINE_CURVE_WITH_KNOTS('',6,(#842,#843,#844,#845,#846,#847,
    #848,#849,#850,#851,#852,#853,#854,#855,#856,#857,#858,#859,#860,
    #861,#862,#863),.UNSPECIFIED.,.F.,.F.,(7,5,5,5,7),(0.,0.252023293436
    ,0.503005552061,0.749934378626,1.),.UNSPECIFIED.);
#842 = CARTESIAN_POINT('',(1.57002709595,4.382746561374));
#843 = CARTESIAN_POINT('',(1.506702797615,4.380904213096));
#844 = CARTESIAN_POINT('',(1.443375265147,4.379202897614));
#845 = CARTESIAN_POINT('',(1.380051420476,4.377655302788));
#846 = CARTESIAN_POINT('',(1.316727537612,4.376273257099));
#847 = CARTESIAN_POINT('',(1.253399891906,4.375066002668));
#848 = CARTESIAN_POINT('',(1.127012504243,4.37302005849));
#849 = CARTESIAN_POINT('',(1.063946438301,4.372179755783));
#850 = CARTESIAN_POINT('',(1.000884000633,4.371527288933));
#851 = CARTESIAN_POINT('',(0.937821545566,4.371067511259));
#852 = CARTESIAN_POINT('',(0.874755427879,4.370803332034));
#853 = CARTESIAN_POINT('',(0.749647932475,4.370668164917));
#854 = CARTESIAN_POINT('',(0.6876005767,4.370790889447));
#855 = CARTESIAN_POINT('',(0.625556591628,4.371103874677));
#856 = CARTESIAN_POINT('',(0.563512602035,4.371605302587));
#857 = CARTESIAN_POINT('',(0.50146524412,4.372291462535));
#858 = CARTESIAN_POINT('',(0.376588255419,4.374032302833));
#859 = CARTESIAN_POINT('',(0.313752631451,4.375091644296));
#860 = CARTESIAN_POINT('',(0.250920625764,4.376328235749));
#861 = CARTESIAN_POINT('',(0.188088655808,4.377733966518));
#862 = CARTESIAN_POINT('',(0.125253137862,4.379298467548));
#863 = CARTESIAN_POINT('',(6.242073234529E-02,4.38100967208));
#864 = ( GEOMETRIC_REPRESENTATION_CONTEXT(2) 
PARAMETRIC_REPRESENTATION_CONTEXT() REPRESENTATION_CONTEXT('2D SPACE',''
  ) );
#865 = PCURVE('',#866,#921);
#866 = ( BOUNDED_SURFACE() B_SPLINE_SURFACE(8,5,(
    (#867,#868,#869,#870,#871,#872)
    ,(#873,#874,#875,#876,#877,#878)
    ,(#879,#880,#881,#882,#883,#884)
    ,(#885,#886,#887,#888,#889,#890)
    ,(#891,#892,#893,#894,#895,#896)
    ,(#897,#898,#899,#900,#901,#902)
    ,(#903,#904,#905,#906,#907,#908)
    ,(#909,#910,#911,#912,#913,#914)
    ,(#915,#916,#917,#918,#919,#920
)),.UNSPECIFIED.,.F.,.F.,.F.) B_SPLINE_SURFACE_WITH_KNOTS((9,9),(6,6),(
    5.,6.),(0.,1.),.PIECEWISE_BEZIER_KNOTS.) 
GEOMETRIC_REPRESENTATION_ITEM() RATIONAL_B_SPLINE_SURFACE((
    (1.,1.,1.,1.,1.,1.)
    ,(1.,1.,1.,1.,1.,1.)
    ,(1.,1.,1.,1.,1.,1.)
    ,(1.,1.,1.,1.,1.,1.)
    ,(1.,1.,1.,1.,1.,1.)
    ,(1.,1.,1.,1.,1.,1.)
    ,(1.,1.,1.,1.,1.,1.)
    ,(1.,1.,1.,1.,1.,1.)
,(1.,1.,1.,1.,1.,1.))) REPRESENTATION_ITEM('') SURFACE() );
#867 = CARTESIAN_POINT('',(-97.44554237496,9.999991082778E-03,0.));
#868 = CARTESIAN_POINT('',(-97.64818853209,9.999991082772E-03,
    -3.594413273843));
#869 = CARTESIAN_POINT('',(-97.72798118971,9.999991082792E-03,
    -7.739430263657));
#870 = CARTESIAN_POINT('',(-98.51771072483,9.999991082771E-03,
    -10.83065080678));
#871 = CARTESIAN_POINT('',(-98.8178819906,9.999991082778E-03,
    -15.14684692625));
#872 = CARTESIAN_POINT('',(-101.2455423749,9.999991082777E-03,-18.));
#873 = CARTESIAN_POINT('',(-97.44554237496,2.953279608415,0.));
#874 = CARTESIAN_POINT('',(-97.64818853209,2.913490128508,
    -3.594413273843));
#875 = CARTESIAN_POINT('',(-97.72798118971,2.897822876821,
    -7.739430263657));
#876 = CARTESIAN_POINT('',(-98.51771072483,2.742759845203,
    -10.83065080678));
#877 = CARTESIAN_POINT('',(-98.8178819906,2.683821354995,-15.14684692625
    ));
#878 = CARTESIAN_POINT('',(-101.2455423749,2.207151353187,-18.));
#879 = CARTESIAN_POINT('',(-98.10601360149,5.896560152211,0.));
#880 = CARTESIAN_POINT('',(-98.29973100905,5.816981179875,
    -3.594413273843));
#881 = CARTESIAN_POINT('',(-98.37600793923,5.785646671564,
    -7.739430263657));
#882 = CARTESIAN_POINT('',(-99.13094136797,5.475520559525,
    -10.83065080678));
#883 = CARTESIAN_POINT('',(-99.41788685094,5.357643560552,
    -15.14684692625));
#884 = CARTESIAN_POINT('',(-101.7385826034,4.404303406895,-18.));
#885 = CARTESIAN_POINT('',(-99.42694956755,8.666923373765,0.));
#886 = CARTESIAN_POINT('',(-99.60280956368,8.549892536135,
    -3.594413273843));
#887 = CARTESIAN_POINT('',(-99.6720550735,8.503811220361,-7.739430263657
    ));
#888 = CARTESIAN_POINT('',(-100.3573966312,8.047731962274,
    -10.83065080678));
#889 = CARTESIAN_POINT('',(-100.6178906785,7.874379083732,
    -15.14684692625));
#890 = CARTESIAN_POINT('',(-102.7246582178,6.472373083292,-18.));
#891 = CARTESIAN_POINT('',(-101.3540536258,11.091488740224,0.));
#892 = CARTESIAN_POINT('',(-101.5038615718,10.941680794247,
    -3.594413273843));
#893 = CARTESIAN_POINT('',(-101.5628489925,10.882693373442,
    -7.739430263657));
#894 = CARTESIAN_POINT('',(-102.1466634661,10.298878899914,
    -10.83065080678));
#895 = CARTESIAN_POINT('',(-102.3685677025,10.076974663458,
    -15.14684692625));
#896 = CARTESIAN_POINT('',(-104.1632368977,8.28230546826,-18.));
#897 = CARTESIAN_POINT('',(-103.7786189922,13.018592798495,0.));
#898 = CARTESIAN_POINT('',(-103.8956498299,12.842732802359,
    -3.594413273843));
#899 = CARTESIAN_POINT('',(-103.9417311456,12.773487292557,
    -7.739430263657));
#900 = CARTESIAN_POINT('',(-104.3978104037,12.088145734815,
    -10.83065080678));
#901 = CARTESIAN_POINT('',(-104.5711632823,11.827651687533,
    -15.14684692625));
#902 = CARTESIAN_POINT('',(-105.9731692827,9.720884148184,-18.));
#903 = CARTESIAN_POINT('',(-106.5489822138,14.339528764554,0.));
#904 = CARTESIAN_POINT('',(-106.6285611861,14.145811356993,
    -3.594413273843));
#905 = CARTESIAN_POINT('',(-106.6598956944,14.069534426814,
    -7.739430263657));
#906 = CARTESIAN_POINT('',(-106.9700218065,13.314600998077,
    -10.83065080678));
#907 = CARTESIAN_POINT('',(-107.0878988054,13.027655515103,
    -15.14684692625));
#908 = CARTESIAN_POINT('',(-108.0412389591,10.706959762607,-18.));
#909 = CARTESIAN_POINT('',(-109.4922627576,14.999999991083,0.));
#910 = CARTESIAN_POINT('',(-109.5320522375,14.797353833956,
    -3.594413273843));
#911 = CARTESIAN_POINT('',(-109.5477194892,14.717561176334,
    -7.739430263657));
#912 = CARTESIAN_POINT('',(-109.7027825208,13.927831641208,
    -10.83065080678));
#913 = CARTESIAN_POINT('',(-109.761721011,13.627660375443,
    -15.14684692625));
#914 = CARTESIAN_POINT('',(-110.2383910128,11.199999991083,-18.));
#915 = CARTESIAN_POINT('',(-112.4355423749,15.000000000072,0.));
#916 = CARTESIAN_POINT('',(-112.4355423749,14.797353842946,
    -3.594413273843));
#917 = CARTESIAN_POINT('',(-112.4355423749,14.717561185322,
    -7.739430263657));
#918 = CARTESIAN_POINT('',(-112.4355423749,13.927831650198,
    -10.83065080678));
#919 = CARTESIAN_POINT('',(-112.4355423749,13.627660384432,
    -15.14684692625));
#920 = CARTESIAN_POINT('',(-112.4355423749,11.200000000072,-18.));
#921 = DEFINITIONAL_REPRESENTATION('',(#922),#945);
#922 = B_SPLINE_CURVE_WITH_KNOTS('',6,(#923,#924,#925,#926,#927,#928,
    #929,#930,#931,#932,#933,#934,#935,#936,#937,#938,#939,#940,#941,
    #942,#943,#944),.UNSPECIFIED.,.F.,.F.,(7,5,5,5,7),(0.,0.252023293436
    ,0.503005552061,0.749934378626,1.),.UNSPECIFIED.);
#923 = CARTESIAN_POINT('',(6.,0.793055378809));
#924 = CARTESIAN_POINT('',(5.959655465342,0.793159661632));
#925 = CARTESIAN_POINT('',(5.919306512579,0.793255966774));
#926 = CARTESIAN_POINT('',(5.878957763923,0.793343574571));
#927 = CARTESIAN_POINT('',(5.838607107292,0.793421813939));
#928 = CARTESIAN_POINT('',(5.798252444215,0.793490160309));
#929 = CARTESIAN_POINT('',(5.717711208919,0.793605990232));
#930 = CARTESIAN_POINT('',(5.677520617466,0.793653565088));
#931 = CARTESIAN_POINT('',(5.637331320569,0.793690506271));
#932 = CARTESIAN_POINT('',(5.597141297298,0.793716538183));
#933 = CARTESIAN_POINT('',(5.556948537509,0.793731495654));
#934 = CARTESIAN_POINT('',(5.477215922943,0.793739148638));
#935 = CARTESIAN_POINT('',(5.437672261046,0.793732200144));
#936 = CARTESIAN_POINT('',(5.39813096234,0.793714479274));
#937 = CARTESIAN_POINT('',(5.358590176679,0.793686089237));
#938 = CARTESIAN_POINT('',(5.319048053049,0.793647240754));
#939 = CARTESIAN_POINT('',(5.239467462879,0.793548682121));
#940 = CARTESIAN_POINT('',(5.199425204812,0.793488708108));
#941 = CARTESIAN_POINT('',(5.15938666089,0.793418701109));
#942 = CARTESIAN_POINT('',(5.11934982438,0.793339121517));
#943 = CARTESIAN_POINT('',(5.079312677576,0.793250557735));
#944 = CARTESIAN_POINT('',(5.039279692224,0.793153694252));
#945 = ( GEOMETRIC_REPRESENTATION_CONTEXT(2) 
PARAMETRIC_REPRESENTATION_CONTEXT() REPRESENTATION_CONTEXT('2D SPACE',''
  ) );
#946 = ORIENTED_EDGE('',*,*,#947,.F.);
#947 = EDGE_CURVE('',#316,#813,#948,.T.);
#948 = SURFACE_CURVE('',#949,(#955,#964),.PCURVE_S1.);
#949 = B_SPLINE_CURVE_WITH_KNOTS('',4,(#950,#951,#952,#953,#954),
  .UNSPECIFIED.,.F.,.F.,(5,5),(0.,1.),.PIECEWISE_BEZIER_KNOTS.);
#950 = CARTESIAN_POINT('',(-112.4555423749,12.999996153846,
    -14.61725341247));
#951 = CARTESIAN_POINT('',(-112.4505423749,13.000000000001,
    -14.61724227477));
#952 = CARTESIAN_POINT('',(-112.4455423749,13.000001282051,
    -14.61723850466));
#953 = CARTESIAN_POINT('',(-112.4405423749,13.000000000001,
    -14.61724224862));
#954 = CARTESIAN_POINT('',(-112.4355423749,12.999996153846,
    -14.61725343862));
#955 = PCURVE('',#296,#956);
#956 = DEFINITIONAL_REPRESENTATION('',(#957),#963);
#957 = B_SPLINE_CURVE_WITH_KNOTS('',4,(#958,#959,#960,#961,#962),
  .UNSPECIFIED.,.F.,.F.,(5,5),(0.,1.),.PIECEWISE_BEZIER_KNOTS.);
#958 = CARTESIAN_POINT('',(1.57156555764,4.382746587527));
#959 = CARTESIAN_POINT('',(1.571180942142,4.382757725222));
#960 = CARTESIAN_POINT('',(1.570796326795,4.382761495332));
#961 = CARTESIAN_POINT('',(1.570411711448,4.382757751375));
#962 = CARTESIAN_POINT('',(1.57002709595,4.382746561374));
#963 = ( GEOMETRIC_REPRESENTATION_CONTEXT(2) 
PARAMETRIC_REPRESENTATION_CONTEXT() REPRESENTATION_CONTEXT('2D SPACE',''
  ) );
#964 = PCURVE('',#334,#965);
#965 = DEFINITIONAL_REPRESENTATION('',(#966),#972);
#966 = B_SPLINE_CURVE_WITH_KNOTS('',4,(#967,#968,#969,#970,#971),
  .UNSPECIFIED.,.F.,.F.,(5,5),(0.,1.),.PIECEWISE_BEZIER_KNOTS.);
#967 = CARTESIAN_POINT('',(7.,0.793055377329));
#968 = CARTESIAN_POINT('',(6.750000000348,0.793054746899));
#969 = CARTESIAN_POINT('',(6.500000000006,0.793054533499));
#970 = CARTESIAN_POINT('',(6.249999999642,0.793054745419));
#971 = CARTESIAN_POINT('',(6.,0.793055378809));
#972 = ( GEOMETRIC_REPRESENTATION_CONTEXT(2) 
PARAMETRIC_REPRESENTATION_CONTEXT() REPRESENTATION_CONTEXT('2D SPACE',''
  ) );
#973 = ORIENTED_EDGE('',*,*,#430,.F.);
#974 = ORIENTED_EDGE('',*,*,#278,.F.);
#975 = ORIENTED_EDGE('',*,*,#976,.F.);
#976 = EDGE_CURVE('',#977,#199,#979,.T.);
#977 = VERTEX_POINT('',#978);
#978 = CARTESIAN_POINT('',(-112.4555423749,-12.99999615384,
    -14.6172534382));
#979 = SURFACE_CURVE('',#980,(#1023,#1069),.PCURVE_S1.);
#980 = B_SPLINE_CURVE_WITH_KNOTS('',6,(#981,#982,#983,#984,#985,#986,
    #987,#988,#989,#990,#991,#992,#993,#994,#995,#996,#997,#998,#999,
    #1000,#1001,#1002,#1003,#1004,#1005,#1006,#1007,#1008,#1009,#1010,
    #1011,#1012,#1013,#1014,#1015,#1016,#1017,#1018,#1019,#1020,#1021,
    #1022),.UNSPECIFIED.,.F.,.F.,(7,5,5,5,5,5,5,5,7),(0.,0.117017262931,
    0.235021123703,0.311018248683,0.501749696676,0.675616694497,
    0.74561337286,0.851614655437,1.),.UNSPECIFIED.);
#981 = CARTESIAN_POINT('',(-112.4555423749,-12.99999615384,
    -14.6172534382));
#982 = CARTESIAN_POINT('',(-112.8534058699,-12.99969010491,
    -14.61814385683));
#983 = CARTESIAN_POINT('',(-113.2512593734,-12.98477211887,
    -14.61900131955));
#984 = CARTESIAN_POINT('',(-113.6484296437,-12.95524279304,
    -14.61982439239));
#985 = CARTESIAN_POINT('',(-114.0442472343,-12.91114363666,
    -14.62061171526));
#986 = CARTESIAN_POINT('',(-114.4380464943,-12.85255707087,-14.621362002
    ));
#987 = CARTESIAN_POINT('',(-115.223582251,-12.70604072399,
    -14.62279208203));
#988 = CARTESIAN_POINT('',(-115.6152756478,-12.61786728084,
    -14.62347123901));
#989 = CARTESIAN_POINT('',(-116.0035670146,-12.51521278327,
    -14.62411028813));
#990 = CARTESIAN_POINT('',(-116.3877892248,-12.3982447891,-14.6247081268
    ));
#991 = CARTESIAN_POINT('',(-116.7672867687,-12.26717173005,
    -14.62526377306));
#992 = CARTESIAN_POINT('',(-117.3823631859,-12.02890551194,
    -14.62610648653));
#993 = CARTESIAN_POINT('',(-117.6210845125,-11.9298210253,
    -14.62641875092));
#994 = CARTESIAN_POINT('',(-117.8574081232,-11.82505593356,
    -14.62671292904));
#995 = CARTESIAN_POINT('',(-118.0911654483,-11.71468336309,
    -14.62698881244));
#996 = CARTESIAN_POINT('',(-118.3221909585,-11.59878308485,
    -14.62724621396));
#997 = CARTESIAN_POINT('',(-119.1228674467,-11.17290823829,
    -14.62808417247));
#998 = CARTESIAN_POINT('',(-119.6771944189,-10.83409557676,
    -14.62856593254));
#999 = CARTESIAN_POINT('',(-120.2107124172,-10.46237824942,
    -14.6289275935));
#1000 = CARTESIAN_POINT('',(-120.721010757,-10.05937581695,
    -14.62916741874));
#1001 = CARTESIAN_POINT('',(-121.2058410978,-9.626926587314,
    -14.62928449933));
#1002 = CARTESIAN_POINT('',(-122.0799994616,-8.747954271924,
    -14.62927373931));
#1003 = CARTESIAN_POINT('',(-122.4739939235,-8.306043128571,
    -14.62916663736));
#1004 = CARTESIAN_POINT('',(-122.8435579077,-7.842951367255,
    -14.62895758617));
#1005 = CARTESIAN_POINT('',(-123.1872876898,-7.360373641172,
    -14.62864722931));
#1006 = CARTESIAN_POINT('',(-123.5039395456,-6.860125280981,
    -14.62823682339));
#1007 = CARTESIAN_POINT('',(-123.908573604,-6.136412263876,
    -14.62752347528));
#1008 = CARTESIAN_POINT('',(-124.020153057,-5.926131923808,
    -14.62730280664));
#1009 = CARTESIAN_POINT('',(-124.1270988881,-5.713425522791,
    -14.6270663439));
#1010 = CARTESIAN_POINT('',(-124.2293456682,-5.498420856308,
    -14.62681422318));
#1011 = CARTESIAN_POINT('',(-124.3268326925,-5.281248029932,
    -14.62654659598));
#1012 = CARTESIAN_POINT('',(-124.5598431433,-4.730075283596,
    -14.6258351109));
#1013 = CARTESIAN_POINT('',(-124.6891385349,-4.393441639911,
    -14.62537141311));
#1014 = CARTESIAN_POINT('',(-124.8071954687,-4.05259920693,
    -14.62487311536));
#1015 = CARTESIAN_POINT('',(-124.9138455471,-3.708017279504,
    -14.62434087677));
#1016 = CARTESIAN_POINT('',(-125.0089466606,-3.360173768682,
    -14.62377543597));
#1017 = CARTESIAN_POINT('',(-125.2091808969,-2.518743622759,
    -14.62234074898));
#1018 = CARTESIAN_POINT('',(-125.3031219047,-2.022489189587,
    -14.62144040299));
#1019 = CARTESIAN_POINT('',(-125.3738879263,-1.522130441481,
    -14.62047887255));
#1020 = CARTESIAN_POINT('',(-125.4212664304,-1.019018337707,
    -14.61945867505));
#1021 = CARTESIAN_POINT('',(-125.4451504392,-0.514516257503,
    -14.61838254588));
#1022 = CARTESIAN_POINT('',(-125.4455385288,-1.000000007177E-02,
    -14.61725343841));
#1023 = PCURVE('',#296,#1024);
#1024 = DEFINITIONAL_REPRESENTATION('',(#1025),#1068);
#1025 = B_SPLINE_CURVE_WITH_KNOTS('',6,(#1026,#1027,#1028,#1029,#1030,
    #1031,#1032,#1033,#1034,#1035,#1036,#1037,#1038,#1039,#1040,#1041,
    #1042,#1043,#1044,#1045,#1046,#1047,#1048,#1049,#1050,#1051,#1052,
    #1053,#1054,#1055,#1056,#1057,#1058,#1059,#1060,#1061,#1062,#1063,
    #1064,#1065,#1066,#1067),.UNSPECIFIED.,.F.,.F.,(7,5,5,5,5,5,5,5,7),(
    0.,0.117017262931,0.235021123703,0.311018248683,0.501749696676,
    0.675616694497,0.74561337286,0.851614655437,1.),.UNSPECIFIED.);
#1026 = CARTESIAN_POINT('',(4.71161974954,4.382746561792));
#1027 = CARTESIAN_POINT('',(4.681014856255,4.381856143163));
#1028 = CARTESIAN_POINT('',(4.650409924933,4.380998680443));
#1029 = CARTESIAN_POINT('',(4.619804969936,4.380175607609));
#1030 = CARTESIAN_POINT('',(4.589200005722,4.379388284734));
#1031 = CARTESIAN_POINT('',(4.558595046849,4.378637997991));
#1032 = CARTESIAN_POINT('',(4.497127132241,4.377207917967));
#1033 = CARTESIAN_POINT('',(4.466264117489,4.376528760982));
#1034 = CARTESIAN_POINT('',(4.435401079035,4.375889711867));
#1035 = CARTESIAN_POINT('',(4.404538032294,4.375291873195));
#1036 = CARTESIAN_POINT('',(4.373674992781,4.374736226939));
#1037 = CARTESIAN_POINT('',(4.322935503259,4.373893513469));
#1038 = CARTESIAN_POINT('',(4.30305902409,4.373581249073));
#1039 = CARTESIAN_POINT('',(4.283182540428,4.37328707096));
#1040 = CARTESIAN_POINT('',(4.263306054108,4.373011187555));
#1041 = CARTESIAN_POINT('',(4.243429566979,4.372753786031));
#1042 = CARTESIAN_POINT('',(4.17366868105,4.371915827521));
#1043 = CARTESIAN_POINT('',(4.123783289371,4.371434067459));
#1044 = CARTESIAN_POINT('',(4.073899027124,4.371072406498));
#1045 = CARTESIAN_POINT('',(4.0240147573,4.370832581251));
#1046 = CARTESIAN_POINT('',(3.974129343116,4.370715500663));
#1047 = CARTESIAN_POINT('',(3.878771245804,4.370726260683));
#1048 = CARTESIAN_POINT('',(3.833296986746,4.370833362639));
#1049 = CARTESIAN_POINT('',(3.787823429615,4.371042413828));
#1050 = CARTESIAN_POINT('',(3.742349878452,4.371352770682));
#1051 = CARTESIAN_POINT('',(3.69687563711,4.37176317661));
#1052 = CARTESIAN_POINT('',(3.633094889688,4.372476524715));
#1053 = CARTESIAN_POINT('',(3.614787773886,4.372697193353));
#1054 = CARTESIAN_POINT('',(3.59648065895,4.372933656099));
#1055 = CARTESIAN_POINT('',(3.578173546134,4.373185776814));
#1056 = CARTESIAN_POINT('',(3.559866436681,4.373453404017));
#1057 = CARTESIAN_POINT('',(3.513835493495,4.374164889096));
#1058 = CARTESIAN_POINT('',(3.486111643084,4.374628586886));
#1059 = CARTESIAN_POINT('',(3.458387789839,4.375126884635));
#1060 = CARTESIAN_POINT('',(3.430663942943,4.375659123223));
#1061 = CARTESIAN_POINT('',(3.402940111518,4.376224564029));
#1062 = CARTESIAN_POINT('',(3.336407277613,4.377659251015));
#1063 = CARTESIAN_POINT('',(3.297598169738,4.378559597001));
#1064 = CARTESIAN_POINT('',(3.258789028877,4.37952112745));
#1065 = CARTESIAN_POINT('',(3.219979902726,4.380541324949));
#1066 = CARTESIAN_POINT('',(3.181170838802,4.381617454112));
#1067 = CARTESIAN_POINT('',(3.14236188444,4.382746561583));
#1068 = ( GEOMETRIC_REPRESENTATION_CONTEXT(2) 
PARAMETRIC_REPRESENTATION_CONTEXT() REPRESENTATION_CONTEXT('2D SPACE',''
  ) );
#1069 = PCURVE('',#217,#1070);
#1070 = DEFINITIONAL_REPRESENTATION('',(#1071),#1114);
#1071 = B_SPLINE_CURVE_WITH_KNOTS('',6,(#1072,#1073,#1074,#1075,#1076,
    #1077,#1078,#1079,#1080,#1081,#1082,#1083,#1084,#1085,#1086,#1087,
    #1088,#1089,#1090,#1091,#1092,#1093,#1094,#1095,#1096,#1097,#1098,
    #1099,#1100,#1101,#1102,#1103,#1104,#1105,#1106,#1107,#1108,#1109,
    #1110,#1111,#1112,#1113),.UNSPECIFIED.,.F.,.F.,(7,5,5,5,5,5,5,5,7),(
    0.,0.117017262931,0.235021123703,0.311018248683,0.501749696676,
    0.675616694497,0.74561337286,0.851614655437,1.),.UNSPECIFIED.);
#1072 = CARTESIAN_POINT('',(2.,0.793055378785));
#1073 = CARTESIAN_POINT('',(1.980501320816,0.793105779336));
#1074 = CARTESIAN_POINT('',(1.961002066563,0.793154315699));
#1075 = CARTESIAN_POINT('',(1.941502270805,0.793200906535));
#1076 = CARTESIAN_POINT('',(1.922001969057,0.79324547469));
#1077 = CARTESIAN_POINT('',(1.902501198783,0.793287947193));
#1078 = CARTESIAN_POINT('',(1.863334381186,0.793368903171));
#1079 = CARTESIAN_POINT('',(1.843668288593,0.793407350641));
#1080 = CARTESIAN_POINT('',(1.824001762018,0.793443528261));
#1081 = CARTESIAN_POINT('',(1.804334842961,0.793477373462));
#1082 = CARTESIAN_POINT('',(1.784667574016,0.79350883051));
#1083 = CARTESIAN_POINT('',(1.752333640705,0.793556540038));
#1084 = CARTESIAN_POINT('',(1.739667145452,0.793574218797));
#1085 = CARTESIAN_POINT('',(1.727000523261,0.793590873752));
#1086 = CARTESIAN_POINT('',(1.714333784419,0.793606493068));
#1087 = CARTESIAN_POINT('',(1.70166693935,0.793621066122));
#1088 = CARTESIAN_POINT('',(1.657209533537,0.793668508299));
#1089 = CARTESIAN_POINT('',(1.625417829575,0.793695784366));
#1090 = CARTESIAN_POINT('',(1.593626386628,0.793716261004));
#1091 = CARTESIAN_POINT('',(1.561834632883,0.793729839601));
#1092 = CARTESIAN_POINT('',(1.530041999722,0.793736468551));
#1093 = CARTESIAN_POINT('',(1.469269036101,0.793735859333));
#1094 = CARTESIAN_POINT('',(1.440287700299,0.79372979536));
#1095 = CARTESIAN_POINT('',(1.411306934672,0.793717959156));
#1096 = CARTESIAN_POINT('',(1.382326413558,0.793700387267));
#1097 = CARTESIAN_POINT('',(1.35334580941,0.793677151039));
#1098 = CARTESIAN_POINT('',(1.312699179904,0.793636763628));
#1099 = CARTESIAN_POINT('',(1.301032372463,0.793624270165));
#1100 = CARTESIAN_POINT('',(1.289365649062,0.793610882575));
#1101 = CARTESIAN_POINT('',(1.277699017782,0.793596608587));
#1102 = CARTESIAN_POINT('',(1.266032486609,0.793581456802));
#1103 = CARTESIAN_POINT('',(1.236698713372,0.793541176214));
#1104 = CARTESIAN_POINT('',(1.219031596542,0.793514924339));
#1105 = CARTESIAN_POINT('',(1.201364743547,0.793486713967));
#1106 = CARTESIAN_POINT('',(1.183698184341,0.793456582509));
#1107 = CARTESIAN_POINT('',(1.166031948233,0.793424571885));
#1108 = CARTESIAN_POINT('',(1.123636567471,0.793343353071));
#1109 = CARTESIAN_POINT('',(1.098907677776,0.793292384821));
#1110 = CARTESIAN_POINT('',(1.074179488924,0.793237954264));
#1111 = CARTESIAN_POINT('',(1.049452090466,0.793180204232));
#1112 = CARTESIAN_POINT('',(1.024725567364,0.793119289902));
#1113 = CARTESIAN_POINT('',(1.,0.793055378797));
#1114 = ( GEOMETRIC_REPRESENTATION_CONTEXT(2) 
PARAMETRIC_REPRESENTATION_CONTEXT() REPRESENTATION_CONTEXT('2D SPACE',''
  ) );
#1115 = ORIENTED_EDGE('',*,*,#1116,.F.);
#1116 = EDGE_CURVE('',#1117,#977,#1119,.T.);
#1117 = VERTEX_POINT('',#1118);
#1118 = CARTESIAN_POINT('',(-112.4355423839,-12.99999615385,
    -14.61725343818));
#1119 = SURFACE_CURVE('',#1120,(#1126,#1135),.PCURVE_S1.);
#1120 = B_SPLINE_CURVE_WITH_KNOTS('',4,(#1121,#1122,#1123,#1124,#1125),
  .UNSPECIFIED.,.F.,.F.,(5,5),(0.,1.),.PIECEWISE_BEZIER_KNOTS.);
#1121 = CARTESIAN_POINT('',(-112.4355423839,-12.99999615385,
    -14.61725343818));
#1122 = CARTESIAN_POINT('',(-112.4405423816,-13.,-14.6172422482));
#1123 = CARTESIAN_POINT('',(-112.4455423794,-13.00000128205,
    -14.61723851818));
#1124 = CARTESIAN_POINT('',(-112.4505423772,-12.99999999999,
    -14.61724224821));
#1125 = CARTESIAN_POINT('',(-112.4555423749,-12.99999615384,
    -14.6172534382));
#1126 = PCURVE('',#296,#1127);
#1127 = DEFINITIONAL_REPRESENTATION('',(#1128),#1134);
#1128 = B_SPLINE_CURVE_WITH_KNOTS('',4,(#1129,#1130,#1131,#1132,#1133),
  .UNSPECIFIED.,.F.,.F.,(5,5),(0.,1.),.PIECEWISE_BEZIER_KNOTS.);
#1129 = CARTESIAN_POINT('',(4.713158210538,4.382746561812));
#1130 = CARTESIAN_POINT('',(4.712773595213,4.382757751797));
#1131 = CARTESIAN_POINT('',(4.712388980039,4.382761481818));
#1132 = CARTESIAN_POINT('',(4.712004364865,4.382757751787));
#1133 = CARTESIAN_POINT('',(4.71161974954,4.382746561792));
#1134 = ( GEOMETRIC_REPRESENTATION_CONTEXT(2) 
PARAMETRIC_REPRESENTATION_CONTEXT() REPRESENTATION_CONTEXT('2D SPACE',''
  ) );
#1135 = PCURVE('',#1136,#1191);
#1136 = ( BOUNDED_SURFACE() B_SPLINE_SURFACE(8,5,(
    (#1137,#1138,#1139,#1140,#1141,#1142)
    ,(#1143,#1144,#1145,#1146,#1147,#1148)
    ,(#1149,#1150,#1151,#1152,#1153,#1154)
    ,(#1155,#1156,#1157,#1158,#1159,#1160)
    ,(#1161,#1162,#1163,#1164,#1165,#1166)
    ,(#1167,#1168,#1169,#1170,#1171,#1172)
    ,(#1173,#1174,#1175,#1176,#1177,#1178)
    ,(#1179,#1180,#1181,#1182,#1183,#1184)
    ,(#1185,#1186,#1187,#1188,#1189,#1190
)),.UNSPECIFIED.,.F.,.F.,.F.) B_SPLINE_SURFACE_WITH_KNOTS((9,9),(6,6),(
    2.,3.),(0.,1.),.PIECEWISE_BEZIER_KNOTS.) 
GEOMETRIC_REPRESENTATION_ITEM() RATIONAL_B_SPLINE_SURFACE((
    (1.,1.,1.,1.,1.,1.)
    ,(1.,1.,1.,1.,1.,1.)
    ,(1.,1.,1.,1.,1.,1.)
    ,(1.,1.,1.,1.,1.,1.)
    ,(1.,1.,1.,1.,1.,1.)
    ,(1.,1.,1.,1.,1.,1.)
    ,(1.,1.,1.,1.,1.,1.)
    ,(1.,1.,1.,1.,1.,1.)
,(1.,1.,1.,1.,1.,1.))) REPRESENTATION_ITEM('') SURFACE() );
#1137 = CARTESIAN_POINT('',(-112.4555423749,-14.99999999992,0.));
#1138 = CARTESIAN_POINT('',(-112.4555423749,-14.7973538428,
    -3.594413273843));
#1139 = CARTESIAN_POINT('',(-112.4555423749,-14.71756118517,
    -7.739430263657));
#1140 = CARTESIAN_POINT('',(-112.4555423749,-13.92783165005,
    -10.83065080678));
#1141 = CARTESIAN_POINT('',(-112.4555423749,-13.62766038428,
    -15.14684692625));
#1142 = CARTESIAN_POINT('',(-112.4555423749,-11.19999999992,-18.));
#1143 = CARTESIAN_POINT('',(-112.453042376,-14.99999999992,0.));
#1144 = CARTESIAN_POINT('',(-112.453042376,-14.7973538428,
    -3.594413273843));
#1145 = CARTESIAN_POINT('',(-112.453042376,-14.71756118517,
    -7.739430263657));
#1146 = CARTESIAN_POINT('',(-112.453042376,-13.92783165005,
    -10.83065080678));
#1147 = CARTESIAN_POINT('',(-112.453042376,-13.62766038428,
    -15.14684692625));
#1148 = CARTESIAN_POINT('',(-112.453042376,-11.19999999992,-18.));
#1149 = CARTESIAN_POINT('',(-112.4505423772,-14.99999999992,0.));
#1150 = CARTESIAN_POINT('',(-112.4505423772,-14.7973538428,
    -3.594413273843));
#1151 = CARTESIAN_POINT('',(-112.4505423772,-14.71756118517,
    -7.739430263657));
#1152 = CARTESIAN_POINT('',(-112.4505423772,-13.92783165005,
    -10.83065080678));
#1153 = CARTESIAN_POINT('',(-112.4505423772,-13.62766038428,
    -15.14684692625));
#1154 = CARTESIAN_POINT('',(-112.4505423772,-11.19999999992,-18.));
#1155 = CARTESIAN_POINT('',(-112.4480423783,-14.99999999992,0.));
#1156 = CARTESIAN_POINT('',(-112.4480423783,-14.7973538428,
    -3.594413273843));
#1157 = CARTESIAN_POINT('',(-112.4480423783,-14.71756118517,
    -7.739430263657));
#1158 = CARTESIAN_POINT('',(-112.4480423783,-13.92783165005,
    -10.83065080678));
#1159 = CARTESIAN_POINT('',(-112.4480423783,-13.62766038428,
    -15.14684692625));
#1160 = CARTESIAN_POINT('',(-112.4480423783,-11.19999999992,-18.));
#1161 = CARTESIAN_POINT('',(-112.4455423794,-14.99999999992,0.));
#1162 = CARTESIAN_POINT('',(-112.4455423794,-14.7973538428,
    -3.594413273843));
#1163 = CARTESIAN_POINT('',(-112.4455423794,-14.71756118517,
    -7.739430263657));
#1164 = CARTESIAN_POINT('',(-112.4455423794,-13.92783165005,
    -10.83065080678));
#1165 = CARTESIAN_POINT('',(-112.4455423794,-13.62766038428,
    -15.14684692625));
#1166 = CARTESIAN_POINT('',(-112.4455423794,-11.19999999992,-18.));
#1167 = CARTESIAN_POINT('',(-112.4430423805,-14.99999999992,0.));
#1168 = CARTESIAN_POINT('',(-112.4430423805,-14.7973538428,
    -3.594413273843));
#1169 = CARTESIAN_POINT('',(-112.4430423805,-14.71756118517,
    -7.739430263657));
#1170 = CARTESIAN_POINT('',(-112.4430423805,-13.92783165005,
    -10.83065080678));
#1171 = CARTESIAN_POINT('',(-112.4430423805,-13.62766038428,
    -15.14684692625));
#1172 = CARTESIAN_POINT('',(-112.4430423805,-11.19999999992,-18.));
#1173 = CARTESIAN_POINT('',(-112.4405423817,-14.99999999992,0.));
#1174 = CARTESIAN_POINT('',(-112.4405423817,-14.7973538428,
    -3.594413273843));
#1175 = CARTESIAN_POINT('',(-112.4405423817,-14.71756118517,
    -7.739430263657));
#1176 = CARTESIAN_POINT('',(-112.4405423817,-13.92783165005,
    -10.83065080678));
#1177 = CARTESIAN_POINT('',(-112.4405423817,-13.62766038428,
    -15.14684692625));
#1178 = CARTESIAN_POINT('',(-112.4405423817,-11.19999999992,-18.));
#1179 = CARTESIAN_POINT('',(-112.4380423828,-14.99999999992,0.));
#1180 = CARTESIAN_POINT('',(-112.4380423828,-14.7973538428,
    -3.594413273843));
#1181 = CARTESIAN_POINT('',(-112.4380423828,-14.71756118517,
    -7.739430263657));
#1182 = CARTESIAN_POINT('',(-112.4380423828,-13.92783165005,
    -10.83065080678));
#1183 = CARTESIAN_POINT('',(-112.4380423828,-13.62766038428,
    -15.14684692625));
#1184 = CARTESIAN_POINT('',(-112.4380423828,-11.19999999992,-18.));
#1185 = CARTESIAN_POINT('',(-112.4355423839,-14.99999999992,0.));
#1186 = CARTESIAN_POINT('',(-112.4355423839,-14.7973538428,
    -3.594413273843));
#1187 = CARTESIAN_POINT('',(-112.4355423839,-14.71756118517,
    -7.739430263657));
#1188 = CARTESIAN_POINT('',(-112.4355423839,-13.92783165005,
    -10.83065080678));
#1189 = CARTESIAN_POINT('',(-112.4355423839,-13.62766038428,
    -15.14684692625));
#1190 = CARTESIAN_POINT('',(-112.4355423839,-11.19999999992,-18.));
#1191 = DEFINITIONAL_REPRESENTATION('',(#1192),#1198);
#1192 = B_SPLINE_CURVE_WITH_KNOTS('',4,(#1193,#1194,#1195,#1196,#1197),
  .UNSPECIFIED.,.F.,.F.,(5,5),(0.,1.),.PIECEWISE_BEZIER_KNOTS.);
#1193 = CARTESIAN_POINT('',(3.,0.793055378784));
#1194 = CARTESIAN_POINT('',(2.750000000354,0.793054745395));
#1195 = CARTESIAN_POINT('',(2.5,0.793054534264));
#1196 = CARTESIAN_POINT('',(2.249999999646,0.793054745396));
#1197 = CARTESIAN_POINT('',(2.,0.793055378785));
#1198 = ( GEOMETRIC_REPRESENTATION_CONTEXT(2) 
PARAMETRIC_REPRESENTATION_CONTEXT() REPRESENTATION_CONTEXT('2D SPACE',''
  ) );
#1199 = ORIENTED_EDGE('',*,*,#1200,.F.);
#1200 = EDGE_CURVE('',#1201,#1117,#1203,.T.);
#1201 = VERTEX_POINT('',#1202);
#1202 = CARTESIAN_POINT('',(-99.68785208371,-2.498267085926,
    -14.62228149842));
#1203 = SURFACE_CURVE('',#1204,(#1247,#1293),.PCURVE_S1.);
#1204 = B_SPLINE_CURVE_WITH_KNOTS('',6,(#1205,#1206,#1207,#1208,#1209,
    #1210,#1211,#1212,#1213,#1214,#1215,#1216,#1217,#1218,#1219,#1220,
    #1221,#1222,#1223,#1224,#1225,#1226,#1227,#1228,#1229,#1230,#1231,
    #1232,#1233,#1234,#1235,#1236,#1237,#1238,#1239,#1240,#1241,#1242,
    #1243,#1244,#1245,#1246),.UNSPECIFIED.,.F.,.F.,(7,5,5,5,5,5,5,5,7),(
    0.,0.102012615411,0.211015834365,0.281013635824,0.48019064244,
    0.679346983669,0.749344834765,0.859348232391,1.),.UNSPECIFIED.);
#1205 = CARTESIAN_POINT('',(-99.47086041489,-0.810942682914,
    -14.61899032239));
#1206 = CARTESIAN_POINT('',(-99.49164678517,-1.143514329643,
    -14.61968840296));
#1207 = CARTESIAN_POINT('',(-99.52266272091,-1.475447158936,
    -14.62036205715));
#1208 = CARTESIAN_POINT('',(-99.56388355318,-1.806346854651,
    -14.62101047443));
#1209 = CARTESIAN_POINT('',(-99.61526459639,-2.135821905851,
    -14.62163289089));
#1210 = CARTESIAN_POINT('',(-99.67674114832,-2.463483606802,
    -14.62222858925));
#1211 = CARTESIAN_POINT('',(-99.82461463442,-3.136711424758,
    -14.62340415296));
#1212 = CARTESIAN_POINT('',(-99.91243085326,-3.481966948723,
    -14.62398013959));
#1213 = CARTESIAN_POINT('',(-100.0115736647,-3.824241682535,
    -14.6245240464));
#1214 = CARTESIAN_POINT('',(-100.1219143999,-4.163072424575,
    -14.62503513646));
#1215 = CARTESIAN_POINT('',(-100.2432992025,-4.498003717932,
    -14.62551274822));
#1216 = CARTESIAN_POINT('',(-100.4604749347,-5.040876649696,
    -14.6262411251));
#1217 = CARTESIAN_POINT('',(-100.5498813991,-5.25137311462,
    -14.62651190767));
#1218 = CARTESIAN_POINT('',(-100.6437210753,-5.459958895623,
    -14.62676848817));
#1219 = CARTESIAN_POINT('',(-100.7419425509,-5.666517523843,
    -14.62701072456));
#1220 = CARTESIAN_POINT('',(-100.8444903474,-5.870934411113,
    -14.62723848783));
#1221 = CARTESIAN_POINT('',(-101.2552431382,-6.648345051759,
    -14.62805824379));
#1222 = CARTESIAN_POINT('',(-101.593734617,-7.205351587863,
    -14.62854671375));
#1223 = CARTESIAN_POINT('',(-101.9653983384,-7.741496435455,
    -14.62891436725));
#1224 = CARTESIAN_POINT('',(-102.3686047484,-8.254341386169,
    -14.62915942961));
#1225 = CARTESIAN_POINT('',(-102.8015024034,-8.741612127848,
    -14.6292809634));
#1226 = CARTESIAN_POINT('',(-103.7224358291,-9.660777087023,
    -14.62927701233));
#1227 = CARTESIAN_POINT('',(-104.210484254,-10.09269538918,
    -14.62915155302));
#1228 = CARTESIAN_POINT('',(-104.7240446935,-10.49487973322,
    -14.62890260841));
#1229 = CARTESIAN_POINT('',(-105.2608400078,-10.86548359843,
    -14.62853113303));
#1230 = CARTESIAN_POINT('',(-105.8184296537,-11.20288257909,
    -14.62803891753));
#1231 = CARTESIAN_POINT('',(-106.5965560303,-11.6121332157,
    -14.62721420141));
#1232 = CARTESIAN_POINT('',(-106.8011666147,-11.71429434857,
    -14.62698513998));
#1233 = CARTESIAN_POINT('',(-107.007910758,-11.81212511198,
    -14.6267416144));
#1234 = CARTESIAN_POINT('',(-107.2166737671,-11.90557024428,
    -14.6264837544));
#1235 = CARTESIAN_POINT('',(-107.427339076,-11.99457855315,
    -14.62621170272));
#1236 = CARTESIAN_POINT('',(-107.9736575012,-12.21193509416,
    -14.62547602119));
#1237 = CARTESIAN_POINT('',(-108.3119331443,-12.33369359938,
    -14.6249917622));
#1238 = CARTESIAN_POINT('',(-108.6541546523,-12.44419527592,
    -14.62447344327));
#1239 = CARTESIAN_POINT('',(-108.9998535392,-12.54328311426,
    -14.62392174772));
#1240 = CARTESIAN_POINT('',(-109.348553355,-12.63082625081,
    -14.62333743697));
#1241 = CARTESIAN_POINT('',(-110.1488394314,-12.80375865644,
    -14.62193361461));
#1242 = CARTESIAN_POINT('',(-110.6020266688,-12.88175292609,
    -14.62109391226));
#1243 = CARTESIAN_POINT('',(-111.0583168287,-12.94048379959,
    -14.62020403651));
#1244 = CARTESIAN_POINT('',(-111.5166875572,-12.97980495858,
    -14.61926592296));
#1245 = CARTESIAN_POINT('',(-111.9761087163,-12.99964274355,
    -14.61828164988));
#1246 = CARTESIAN_POINT('',(-112.4355423839,-12.99999615385,
    -14.61725343818));
#1247 = PCURVE('',#296,#1248);
#1248 = DEFINITIONAL_REPRESENTATION('',(#1249),#1292);
#1249 = B_SPLINE_CURVE_WITH_KNOTS('',6,(#1250,#1251,#1252,#1253,#1254,
    #1255,#1256,#1257,#1258,#1259,#1260,#1261,#1262,#1263,#1264,#1265,
    #1266,#1267,#1268,#1269,#1270,#1271,#1272,#1273,#1274,#1275,#1276,
    #1277,#1278,#1279,#1280,#1281,#1282,#1283,#1284,#1285,#1286,#1287,
    #1288,#1289,#1290,#1291),.UNSPECIFIED.,.F.,.F.,(7,5,5,5,5,5,5,5,7),(
    0.,0.102012615411,0.211015834365,0.281013635824,0.48019064244,
    0.679346983669,0.749344834765,0.859348232391,1.),.UNSPECIFIED.);
#1250 = CARTESIAN_POINT('',(6.220764573214,4.381009677606));
#1251 = CARTESIAN_POINT('',(6.195132218775,4.380311597038));
#1252 = CARTESIAN_POINT('',(6.169499846,4.379637942845));
#1253 = CARTESIAN_POINT('',(6.143867460853,4.378989525566));
#1254 = CARTESIAN_POINT('',(6.118235069349,4.378367109109));
#1255 = CARTESIAN_POINT('',(6.092602677557,4.377771410749));
#1256 = CARTESIAN_POINT('',(6.039581398878,4.376595847036));
#1257 = CARTESIAN_POINT('',(6.012192482732,4.376019860406));
#1258 = CARTESIAN_POINT('',(5.984803551665,4.375475953591));
#1259 = CARTESIAN_POINT('',(5.957414614248,4.374964863536));
#1260 = CARTESIAN_POINT('',(5.930025679109,4.374487251779));
#1261 = CARTESIAN_POINT('',(5.885048609428,4.373758874895));
#1262 = CARTESIAN_POINT('',(5.867460459818,4.373488092328));
#1263 = CARTESIAN_POINT('',(5.849872307124,4.373231511825));
#1264 = CARTESIAN_POINT('',(5.832284152369,4.372989275432));
#1265 = CARTESIAN_POINT('',(5.814695996585,4.372761512162));
#1266 = CARTESIAN_POINT('',(5.747061180117,4.37194175621));
#1267 = CARTESIAN_POINT('',(5.697013511455,4.371453286248));
#1268 = CARTESIAN_POINT('',(5.646966990609,4.371085632748));
#1269 = CARTESIAN_POINT('',(5.596920462045,4.370840570385));
#1270 = CARTESIAN_POINT('',(5.546872770423,4.370719036596));
#1271 = CARTESIAN_POINT('',(5.446784566815,4.370722987666));
#1272 = CARTESIAN_POINT('',(5.396742067967,4.370848446976));
#1273 = CARTESIAN_POINT('',(5.346700731611,4.371097391589));
#1274 = CARTESIAN_POINT('',(5.29665940321,4.371468866967));
#1275 = CARTESIAN_POINT('',(5.246616927707,4.371961082461));
#1276 = CARTESIAN_POINT('',(5.178987291441,4.372785798584));
#1277 = CARTESIAN_POINT('',(5.161399123231,4.373014860019));
#1278 = CARTESIAN_POINT('',(5.143810956059,4.373258385592));
#1279 = CARTESIAN_POINT('',(5.126222790957,4.373516245591));
#1280 = CARTESIAN_POINT('',(5.108634628948,4.373788297277));
#1281 = CARTESIAN_POINT('',(5.063406234996,4.374523978806));
#1282 = CARTESIAN_POINT('',(5.035765987326,4.3750082378));
#1283 = CARTESIAN_POINT('',(5.008125737123,4.375526556721));
#1284 = CARTESIAN_POINT('',(4.980485493411,4.376078252276));
#1285 = CARTESIAN_POINT('',(4.95284526515,4.376662563027));
#1286 = CARTESIAN_POINT('',(4.889863938861,4.378066385382));
#1287 = CARTESIAN_POINT('',(4.854522768868,4.378906087734));
#1288 = CARTESIAN_POINT('',(4.819181581225,4.379795963488));
#1289 = CARTESIAN_POINT('',(4.783840405796,4.380734077037));
#1290 = CARTESIAN_POINT('',(4.748499272346,4.381718350116));
#1291 = CARTESIAN_POINT('',(4.713158210538,4.382746561812));
#1292 = ( GEOMETRIC_REPRESENTATION_CONTEXT(2) 
PARAMETRIC_REPRESENTATION_CONTEXT() REPRESENTATION_CONTEXT('2D SPACE',''
  ) );
#1293 = PCURVE('',#1294,#1349);
#1294 = ( BOUNDED_SURFACE() B_SPLINE_SURFACE(8,5,(
    (#1295,#1296,#1297,#1298,#1299,#1300)
    ,(#1301,#1302,#1303,#1304,#1305,#1306)
    ,(#1307,#1308,#1309,#1310,#1311,#1312)
    ,(#1313,#1314,#1315,#1316,#1317,#1318)
    ,(#1319,#1320,#1321,#1322,#1323,#1324)
    ,(#1325,#1326,#1327,#1328,#1329,#1330)
    ,(#1331,#1332,#1333,#1334,#1335,#1336)
    ,(#1337,#1338,#1339,#1340,#1341,#1342)
    ,(#1343,#1344,#1345,#1346,#1347,#1348
)),.UNSPECIFIED.,.F.,.F.,.F.) B_SPLINE_SURFACE_WITH_KNOTS((9,9),(6,6),(
    3.,4.),(0.,1.),.PIECEWISE_BEZIER_KNOTS.) 
GEOMETRIC_REPRESENTATION_ITEM() RATIONAL_B_SPLINE_SURFACE((
    (1.,1.,1.,1.,1.,1.)
    ,(1.,1.,1.,1.,1.,1.)
    ,(1.,1.,1.,1.,1.,1.)
    ,(1.,1.,1.,1.,1.,1.)
    ,(1.,1.,1.,1.,1.,1.)
    ,(1.,1.,1.,1.,1.,1.)
    ,(1.,1.,1.,1.,1.,1.)
    ,(1.,1.,1.,1.,1.,1.)
,(1.,1.,1.,1.,1.,1.))) REPRESENTATION_ITEM('') SURFACE() );
#1295 = CARTESIAN_POINT('',(-112.4355423839,-14.99999999992,0.));
#1296 = CARTESIAN_POINT('',(-112.4355423839,-14.7973538428,
    -3.594413273843));
#1297 = CARTESIAN_POINT('',(-112.4355423839,-14.71756118517,
    -7.739430263657));
#1298 = CARTESIAN_POINT('',(-112.4355423839,-13.92783165005,
    -10.83065080678));
#1299 = CARTESIAN_POINT('',(-112.4355423839,-13.62766038428,
    -15.14684692625));
#1300 = CARTESIAN_POINT('',(-112.4355423839,-11.19999999992,-18.));
#1301 = CARTESIAN_POINT('',(-109.4922627666,-14.99999999992,0.));
#1302 = CARTESIAN_POINT('',(-109.5320522465,-14.7973538428,
    -3.594413273843));
#1303 = CARTESIAN_POINT('',(-109.5477194982,-14.71756118517,
    -7.739430263657));
#1304 = CARTESIAN_POINT('',(-109.7027825298,-13.92783165005,
    -10.83065080678));
#1305 = CARTESIAN_POINT('',(-109.76172102,-13.62766038428,
    -15.14684692625));
#1306 = CARTESIAN_POINT('',(-110.2383910218,-11.19999999992,-18.));
#1307 = CARTESIAN_POINT('',(-106.5489822228,-14.3395287734,0.));
#1308 = CARTESIAN_POINT('',(-106.6285611951,-14.14581136583,
    -3.594413273843));
#1309 = CARTESIAN_POINT('',(-106.6598957034,-14.06953443566,
    -7.739430263657));
#1310 = CARTESIAN_POINT('',(-106.9700218155,-13.31460100692,
    -10.83065080678));
#1311 = CARTESIAN_POINT('',(-107.0878988144,-13.02765552394,
    -15.14684692625));
#1312 = CARTESIAN_POINT('',(-108.0412389681,-10.70695977145,-18.));
#1313 = CARTESIAN_POINT('',(-103.7786190012,-13.01859280734,0.));
#1314 = CARTESIAN_POINT('',(-103.8956498389,-12.8427328112,
    -3.594413273843));
#1315 = CARTESIAN_POINT('',(-103.9417311546,-12.77348730139,
    -7.739430263657));
#1316 = CARTESIAN_POINT('',(-104.3978104127,-12.08814574366,
    -10.83065080678));
#1317 = CARTESIAN_POINT('',(-104.5711632913,-11.82765169637,
    -15.14684692625));
#1318 = CARTESIAN_POINT('',(-105.9731692917,-9.720884157029,-18.));
#1319 = CARTESIAN_POINT('',(-101.3540536348,-11.09148874906,0.));
#1320 = CARTESIAN_POINT('',(-101.5038615807,-10.94168080308,
    -3.594413273843));
#1321 = CARTESIAN_POINT('',(-101.5628490015,-10.88269338229,
    -7.739430263657));
#1322 = CARTESIAN_POINT('',(-102.1466634751,-10.29887890875,
    -10.83065080678));
#1323 = CARTESIAN_POINT('',(-102.3685677115,-10.0769746723,
    -15.14684692625));
#1324 = CARTESIAN_POINT('',(-104.1632369067,-8.282305477106,-18.));
#1325 = CARTESIAN_POINT('',(-99.42694957654,-8.66692338261,0.));
#1326 = CARTESIAN_POINT('',(-99.60280957267,-8.549892544983,
    -3.594413273843));
#1327 = CARTESIAN_POINT('',(-99.67205508248,-8.503811229203,
    -7.739430263657));
#1328 = CARTESIAN_POINT('',(-100.3573966402,-8.04773197112,
    -10.83065080678));
#1329 = CARTESIAN_POINT('',(-100.6178906875,-7.874379092578,
    -15.14684692625));
#1330 = CARTESIAN_POINT('',(-102.7246582268,-6.472373092137,-18.));
#1331 = CARTESIAN_POINT('',(-98.10601361048,-5.896560161057,0.));
#1332 = CARTESIAN_POINT('',(-98.29973101804,-5.816981188719,
    -3.594413273843));
#1333 = CARTESIAN_POINT('',(-98.37600794822,-5.785646680412,
    -7.739430263657));
#1334 = CARTESIAN_POINT('',(-99.13094137695,-5.47552056837,
    -10.83065080678));
#1335 = CARTESIAN_POINT('',(-99.41788685993,-5.357643569398,
    -15.14684692625));
#1336 = CARTESIAN_POINT('',(-101.7385826124,-4.404303415741,-18.));
#1337 = CARTESIAN_POINT('',(-97.44554238395,-2.95327961726,0.));
#1338 = CARTESIAN_POINT('',(-97.64818854108,-2.913490137354,
    -3.594413273843));
#1339 = CARTESIAN_POINT('',(-97.7279811987,-2.897822885666,
    -7.739430263657));
#1340 = CARTESIAN_POINT('',(-98.51771073382,-2.742759854049,
    -10.83065080678));
#1341 = CARTESIAN_POINT('',(-98.81788199959,-2.68382136384,
    -15.14684692625));
#1342 = CARTESIAN_POINT('',(-101.2455423839,-2.207151362032,-18.));
#1343 = CARTESIAN_POINT('',(-97.44554237496,-9.999999928236E-03,0.));
#1344 = CARTESIAN_POINT('',(-97.64818853209,-9.999999928236E-03,
    -3.594413273843));
#1345 = CARTESIAN_POINT('',(-97.72798118971,-9.999999928236E-03,
    -7.739430263657));
#1346 = CARTESIAN_POINT('',(-98.51771072483,-9.999999928236E-03,
    -10.83065080678));
#1347 = CARTESIAN_POINT('',(-98.8178819906,-9.999999928236E-03,
    -15.14684692625));
#1348 = CARTESIAN_POINT('',(-101.2455423749,-9.999999928236E-03,-18.));
#1349 = DEFINITIONAL_REPRESENTATION('',(#1350),#1393);
#1350 = B_SPLINE_CURVE_WITH_KNOTS('',6,(#1351,#1352,#1353,#1354,#1355,
    #1356,#1357,#1358,#1359,#1360,#1361,#1362,#1363,#1364,#1365,#1366,
    #1367,#1368,#1369,#1370,#1371,#1372,#1373,#1374,#1375,#1376,#1377,
    #1378,#1379,#1380,#1381,#1382,#1383,#1384,#1385,#1386,#1387,#1388,
    #1389,#1390,#1391,#1392),.UNSPECIFIED.,.F.,.F.,(7,5,5,5,5,5,5,5,7),(
    0.,0.102012615411,0.211015834365,0.281013635824,0.48019064244,
    0.679346983669,0.749344834765,0.859348232391,1.),.UNSPECIFIED.);
#1351 = CARTESIAN_POINT('',(3.960720307183,0.793153693939));
#1352 = CARTESIAN_POINT('',(3.944388930706,0.793193209096));
#1353 = CARTESIAN_POINT('',(3.928057179977,0.793231342339));
#1354 = CARTESIAN_POINT('',(3.911725074432,0.793268047687));
#1355 = CARTESIAN_POINT('',(3.895392634315,0.793303281803));
#1356 = CARTESIAN_POINT('',(3.879059880677,0.793337003988));
#1357 = CARTESIAN_POINT('',(3.845274537876,0.793403553043));
#1358 = CARTESIAN_POINT('',(3.827821888121,0.79343616041));
#1359 = CARTESIAN_POINT('',(3.810368913375,0.793466952186));
#1360 = CARTESIAN_POINT('',(3.792915641543,0.793495886549));
#1361 = CARTESIAN_POINT('',(3.775462101173,0.793522925951));
#1362 = CARTESIAN_POINT('',(3.746800155144,0.793564162576));
#1363 = CARTESIAN_POINT('',(3.735591884623,0.793579492896));
#1364 = CARTESIAN_POINT('',(3.724383516798,0.793594019277));
#1365 = CARTESIAN_POINT('',(3.71317505865,0.793607733655));
#1366 = CARTESIAN_POINT('',(3.701966517246,0.793620628707));
#1367 = CARTESIAN_POINT('',(3.658864056835,0.793667040285));
#1368 = CARTESIAN_POINT('',(3.626968955313,0.793694696235));
#1369 = CARTESIAN_POINT('',(3.595074118395,0.793715512153));
#1370 = CARTESIAN_POINT('',(3.563178963868,0.793729387266));
#1371 = CARTESIAN_POINT('',(3.531282912777,0.793736268351));
#1372 = CARTESIAN_POINT('',(3.4674953903,0.793736044646));
#1373 = CARTESIAN_POINT('',(3.435602652657,0.793728941304));
#1374 = CARTESIAN_POINT('',(3.403710815195,0.793714846386));
#1375 = CARTESIAN_POINT('',(3.371819299381,0.793693814086));
#1376 = CARTESIAN_POINT('',(3.339927523185,0.793665946086));
#1377 = CARTESIAN_POINT('',(3.296828390309,0.793619253705));
#1378 = CARTESIAN_POINT('',(3.285619848287,0.793606285164));
#1379 = CARTESIAN_POINT('',(3.274411389986,0.793592497806));
#1380 = CARTESIAN_POINT('',(3.263203022471,0.793577898996));
#1381 = CARTESIAN_POINT('',(3.251994752719,0.793562496835));
#1382 = CARTESIAN_POINT('',(3.223172672018,0.793520846691));
#1383 = CARTESIAN_POINT('',(3.205559000988,0.793493430987));
#1384 = CARTESIAN_POINT('',(3.187945604619,0.793464087406));
#1385 = CARTESIAN_POINT('',(3.170332512327,0.79343285473));
#1386 = CARTESIAN_POINT('',(3.152719752855,0.793399776173));
#1387 = CARTESIAN_POINT('',(3.112587913549,0.793320305455));
#1388 = CARTESIAN_POINT('',(3.090069006829,0.793272770663));
#1389 = CARTESIAN_POINT('',(3.067550700555,0.793222396741));
#1390 = CARTESIAN_POINT('',(3.045033057913,0.793169293509));
#1391 = CARTESIAN_POINT('',(3.022516138835,0.793113578865));
#1392 = CARTESIAN_POINT('',(3.,0.793055378784));
#1393 = ( GEOMETRIC_REPRESENTATION_CONTEXT(2) 
PARAMETRIC_REPRESENTATION_CONTEXT() REPRESENTATION_CONTEXT('2D SPACE',''
  ) );
#1394 = ORIENTED_EDGE('',*,*,#1395,.T.);
#1395 = EDGE_CURVE('',#1201,#1396,#1398,.T.);
#1396 = VERTEX_POINT('',#1397);
#1397 = CARTESIAN_POINT('',(-99.46440220932,-0.699999999976,-18.));
#1398 = SURFACE_CURVE('',#1399,(#1430,#1464),.PCURVE_S1.);
#1399 = B_SPLINE_CURVE_WITH_KNOTS('',8,(#1400,#1401,#1402,#1403,#1404,
    #1405,#1406,#1407,#1408,#1409,#1410,#1411,#1412,#1413,#1414,#1415,
    #1416,#1417,#1418,#1419,#1420,#1421,#1422,#1423,#1424,#1425,#1426,
    #1427,#1428,#1429),.UNSPECIFIED.,.F.,.F.,(9,7,7,7,9),(0.,
    0.260217847074,0.518506356636,0.811541725831,1.),.UNSPECIFIED.);
#1400 = CARTESIAN_POINT('',(-100.1910463923,-4.33904692433,-2.9999994));
#1401 = CARTESIAN_POINT('',(-100.1805390941,-4.309371826263,
    -3.49873461773));
#1402 = CARTESIAN_POINT('',(-100.1693025717,-4.277376239683,
    -3.997394109849));
#1403 = CARTESIAN_POINT('',(-100.1571475693,-4.242454894694,
    -4.495947701343));
#1404 = CARTESIAN_POINT('',(-100.1439537705,-4.20416100521,
    -4.994366921322));
#1405 = CARTESIAN_POINT('',(-100.1296498692,-4.162150057301,
    -5.492622454251));
#1406 = CARTESIAN_POINT('',(-100.1142016487,-4.116147130393,
    -5.990682581814));
#1407 = CARTESIAN_POINT('',(-100.0976018038,-4.065915843561,
    -6.488511684963));
#1408 = CARTESIAN_POINT('',(-100.0622402604,-3.956903823225,
    -7.479935027309));
#1409 = CARTESIAN_POINT('',(-100.0434959729,-3.898189969951,
    -7.973526102292));
#1410 = CARTESIAN_POINT('',(-100.0236261502,-3.834821437882,
    -8.466814444574));
#1411 = CARTESIAN_POINT('',(-100.0026493866,-3.766542018682,
    -8.959761754639));
#1412 = CARTESIAN_POINT('',(-99.98058326233,-3.693040726261,
    -9.452314570252));
#1413 = CARTESIAN_POINT('',(-99.95743515318,-3.61389822483,
    -9.944400056908));
#1414 = CARTESIAN_POINT('',(-99.93319968783,-3.528522275825,
    -10.43592110797));
#1415 = CARTESIAN_POINT('',(-99.87911752049,-3.331185071637,
    -11.48361039559));
#1416 = CARTESIAN_POINT('',(-99.84896657273,-3.217234297768,
    -12.03935434855));
#1417 = CARTESIAN_POINT('',(-99.81737990118,-3.092962850085,
    -12.59402858548));
#1418 = CARTESIAN_POINT('',(-99.78432882011,-2.95670349669,
    -13.14742505866));
#1419 = CARTESIAN_POINT('',(-99.74978954489,-2.806289954749,
    -13.6990713856));
#1420 = CARTESIAN_POINT('',(-99.7138343046,-2.638758443948,
    -14.24818803617));
#1421 = CARTESIAN_POINT('',(-99.67666533246,-2.450237808468,
    -14.79367604143));
#1422 = CARTESIAN_POINT('',(-99.61485726778,-2.096026211238,
    -15.68140189339));
#1423 = CARTESIAN_POINT('',(-99.59050846917,-1.946361017234,
    -16.0262936277));
#1424 = CARTESIAN_POINT('',(-99.56619060731,-1.783985982579,
    -16.36848542068));
#1425 = CARTESIAN_POINT('',(-99.54220449097,-1.606967856028,
    -16.70737519812));
#1426 = CARTESIAN_POINT('',(-99.5190434863,-1.413031763237,
    -17.04186338959));
#1427 = CARTESIAN_POINT('',(-99.4974546389,-1.199512962897,
    -17.37034200339));
#1428 = CARTESIAN_POINT('',(-99.47859567206,-0.963210470397,
    -17.69065699336));
#1429 = CARTESIAN_POINT('',(-99.46440220932,-0.699999999976,-18.));
#1430 = PCURVE('',#296,#1431);
#1431 = DEFINITIONAL_REPRESENTATION('',(#1432),#1463);
#1432 = B_SPLINE_CURVE_WITH_KNOTS('',8,(#1433,#1434,#1435,#1436,#1437,
    #1438,#1439,#1440,#1441,#1442,#1443,#1444,#1445,#1446,#1447,#1448,
    #1449,#1450,#1451,#1452,#1453,#1454,#1455,#1456,#1457,#1458,#1459,
    #1460,#1461,#1462),.UNSPECIFIED.,.F.,.F.,(9,7,7,7,9),(0.,
    0.260217847074,0.518506356636,0.811541725831,1.),.UNSPECIFIED.);
#1433 = CARTESIAN_POINT('',(5.942882191717,16.0000006));
#1434 = CARTESIAN_POINT('',(5.94530375994,15.50126538227));
#1435 = CARTESIAN_POINT('',(5.947912313674,15.002605890151));
#1436 = CARTESIAN_POINT('',(5.950756623024,14.504052298657));
#1437 = CARTESIAN_POINT('',(5.953872209704,14.005633078678));
#1438 = CARTESIAN_POINT('',(5.957285949728,13.507377545749));
#1439 = CARTESIAN_POINT('',(5.961018766887,13.009317418186));
#1440 = CARTESIAN_POINT('',(5.965088173955,12.511488315037));
#1441 = CARTESIAN_POINT('',(5.973903860392,11.520064972691));
#1442 = CARTESIAN_POINT('',(5.97864483568,11.026473897708));
#1443 = CARTESIAN_POINT('',(5.9837532268,10.533185555426));
#1444 = CARTESIAN_POINT('',(5.989247573057,10.040238245361));
#1445 = CARTESIAN_POINT('',(5.995150549627,9.547685429748));
#1446 = CARTESIAN_POINT('',(6.001493175886,9.055599943092));
#1447 = CARTESIAN_POINT('',(6.008319753127,8.564078892021));
#1448 = CARTESIAN_POINT('',(6.024059284819,7.516389604401));
#1449 = CARTESIAN_POINT('',(6.033126029771,6.960645651441));
#1450 = CARTESIAN_POINT('',(6.042988491392,6.405971414517));
#1451 = CARTESIAN_POINT('',(6.053772591789,5.852574941336));
#1452 = CARTESIAN_POINT('',(6.06564179888,5.300928614397));
#1453 = CARTESIAN_POINT('',(6.078819683373,4.751811963823));
#1454 = CARTESIAN_POINT('',(6.093596897768,4.206323958563));
#1455 = CARTESIAN_POINT('',(6.121255647999,3.31859810661));
#1456 = CARTESIAN_POINT('',(6.13291893153,2.973706372293));
#1457 = CARTESIAN_POINT('',(6.145546948571,2.631514579312));
#1458 = CARTESIAN_POINT('',(6.159285157544,2.292624801876));
#1459 = CARTESIAN_POINT('',(6.174305103736,1.958136610406));
#1460 = CARTESIAN_POINT('',(6.190807849099,1.629657996609));
#1461 = CARTESIAN_POINT('',(6.20903672365,1.30934300664));
#1462 = CARTESIAN_POINT('',(6.229313098996,1.));
#1463 = ( GEOMETRIC_REPRESENTATION_CONTEXT(2) 
PARAMETRIC_REPRESENTATION_CONTEXT() REPRESENTATION_CONTEXT('2D SPACE',''
  ) );
#1464 = PCURVE('',#1465,#1520);
#1465 = ( BOUNDED_SURFACE() B_SPLINE_SURFACE(8,5,(
    (#1466,#1467,#1468,#1469,#1470,#1471)
    ,(#1472,#1473,#1474,#1475,#1476,#1477)
    ,(#1478,#1479,#1480,#1481,#1482,#1483)
    ,(#1484,#1485,#1486,#1487,#1488,#1489)
    ,(#1490,#1491,#1492,#1493,#1494,#1495)
    ,(#1496,#1497,#1498,#1499,#1500,#1501)
    ,(#1502,#1503,#1504,#1505,#1506,#1507)
    ,(#1508,#1509,#1510,#1511,#1512,#1513)
    ,(#1514,#1515,#1516,#1517,#1518,#1519
)),.UNSPECIFIED.,.F.,.F.,.F.) B_SPLINE_SURFACE_WITH_KNOTS((9,9),(6,6),(
    2.,3.),(0.,1.),.PIECEWISE_BEZIER_KNOTS.) 
GEOMETRIC_REPRESENTATION_ITEM() RATIONAL_B_SPLINE_SURFACE((
    (1.,1.,1.,1.,1.,1.)
    ,(1.,1.,1.,1.,1.,1.)
    ,(1.,1.,1.,1.,1.,1.)
    ,(1.,1.,1.,1.,1.,1.)
    ,(1.,1.,1.,1.,1.,1.)
    ,(1.,1.,1.,1.,1.,1.)
    ,(1.,1.,1.,1.,1.,1.)
    ,(1.,1.,1.,1.,1.,1.)
,(1.,1.,1.,1.,1.,1.))) REPRESENTATION_ITEM('') SURFACE() );
#1466 = CARTESIAN_POINT('',(-122.9555423749,-4.499999999976,0.));
#1467 = CARTESIAN_POINT('',(-122.9555423749,-4.297353845212,
    -3.594413271103));
#1468 = CARTESIAN_POINT('',(-122.9555423749,-4.21756118048,
    -7.739430269868));
#1469 = CARTESIAN_POINT('',(-122.9555423749,-3.427831654538,
    -10.830650802));
#1470 = CARTESIAN_POINT('',(-122.9555423749,-3.127660381612,
    -15.14684693069));
#1471 = CARTESIAN_POINT('',(-122.9555423749,-0.699999999976,-18.));
#1472 = CARTESIAN_POINT('',(-92.21665678122,-4.499999999976,0.));
#1473 = CARTESIAN_POINT('',(-92.21665678122,-4.297353845212,
    -3.594413271103));
#1474 = CARTESIAN_POINT('',(-92.21665678122,-4.21756118048,
    -7.739430269868));
#1475 = CARTESIAN_POINT('',(-92.21665678122,-3.427831654538,
    -10.830650802));
#1476 = CARTESIAN_POINT('',(-92.21665678122,-3.127660381612,
    -15.14684693069));
#1477 = CARTESIAN_POINT('',(-92.21665678122,-0.699999999976,-18.));
#1478 = CARTESIAN_POINT('',(-61.47777118748,-4.499999999976,0.));
#1479 = CARTESIAN_POINT('',(-61.47777118748,-4.297353845212,
    -3.594413271103));
#1480 = CARTESIAN_POINT('',(-61.47777118748,-4.21756118048,
    -7.739430269868));
#1481 = CARTESIAN_POINT('',(-61.47777118748,-3.427831654538,
    -10.830650802));
#1482 = CARTESIAN_POINT('',(-61.47777118748,-3.127660381612,
    -15.14684693069));
#1483 = CARTESIAN_POINT('',(-61.47777118748,-0.699999999976,-18.));
#1484 = CARTESIAN_POINT('',(-30.73888559374,-4.499999999976,0.));
#1485 = CARTESIAN_POINT('',(-30.73888559374,-4.297353845212,
    -3.594413271103));
#1486 = CARTESIAN_POINT('',(-30.73888559374,-4.21756118048,
    -7.739430269868));
#1487 = CARTESIAN_POINT('',(-30.73888559374,-3.427831654538,
    -10.830650802));
#1488 = CARTESIAN_POINT('',(-30.73888559374,-3.127660381612,
    -15.14684693069));
#1489 = CARTESIAN_POINT('',(-30.73888559374,-0.699999999976,-18.));
#1490 = CARTESIAN_POINT('',(5.329070518201E-15,-4.499999999976,0.));
#1491 = CARTESIAN_POINT('',(5.329070518201E-15,-4.297353845212,
    -3.594413271103));
#1492 = CARTESIAN_POINT('',(5.329070518201E-15,-4.21756118048,
    -7.739430269868));
#1493 = CARTESIAN_POINT('',(5.329070518201E-15,-3.427831654538,
    -10.830650802));
#1494 = CARTESIAN_POINT('',(5.329070518201E-15,-3.127660381612,
    -15.14684693069));
#1495 = CARTESIAN_POINT('',(5.329070518201E-15,-0.699999999976,-18.));
#1496 = CARTESIAN_POINT('',(30.738885593741,-4.499999999976,0.));
#1497 = CARTESIAN_POINT('',(30.738885593742,-4.297353845212,
    -3.594413271103));
#1498 = CARTESIAN_POINT('',(30.73888559374,-4.21756118048,
    -7.739430269868));
#1499 = CARTESIAN_POINT('',(30.738885593742,-3.427831654538,
    -10.830650802));
#1500 = CARTESIAN_POINT('',(30.738885593741,-3.127660381612,
    -15.14684693069));
#1501 = CARTESIAN_POINT('',(30.738885593741,-0.699999999976,-18.));
#1502 = CARTESIAN_POINT('',(61.477771187482,-4.499999999976,0.));
#1503 = CARTESIAN_POINT('',(61.477771187482,-4.297353845212,
    -3.594413271103));
#1504 = CARTESIAN_POINT('',(61.477771187483,-4.21756118048,
    -7.739430269868));
#1505 = CARTESIAN_POINT('',(61.477771187482,-3.427831654538,
    -10.830650802));
#1506 = CARTESIAN_POINT('',(61.477771187482,-3.127660381612,
    -15.14684693069));
#1507 = CARTESIAN_POINT('',(61.477771187482,-0.699999999976,-18.));
#1508 = CARTESIAN_POINT('',(92.216656781224,-4.499999999976,0.));
#1509 = CARTESIAN_POINT('',(92.216656781223,-4.297353845228,
    -3.594413271103));
#1510 = CARTESIAN_POINT('',(92.216656781224,-4.21756118045,
    -7.739430269868));
#1511 = CARTESIAN_POINT('',(92.216656781223,-3.427831654568,
    -10.830650802));
#1512 = CARTESIAN_POINT('',(92.216656781224,-3.127660381595,
    -15.14684693069));
#1513 = CARTESIAN_POINT('',(92.216656781224,-0.699999999982,-18.));
#1514 = CARTESIAN_POINT('',(122.95554237496,-4.500000000024,0.));
#1515 = CARTESIAN_POINT('',(122.95554237496,-4.297353845261,
    -3.594413271103));
#1516 = CARTESIAN_POINT('',(122.95554237496,-4.217561180528,
    -7.739430269868));
#1517 = CARTESIAN_POINT('',(122.95554237496,-3.427831654587,
    -10.830650802));
#1518 = CARTESIAN_POINT('',(122.95554237496,-3.12766038166,
    -15.14684693069));
#1519 = CARTESIAN_POINT('',(122.95554237496,-0.700000000024,-18.));
#1520 = DEFINITIONAL_REPRESENTATION('',(#1521),#1552);
#1521 = B_SPLINE_CURVE_WITH_KNOTS('',8,(#1522,#1523,#1524,#1525,#1526,
    #1527,#1528,#1529,#1530,#1531,#1532,#1533,#1534,#1535,#1536,#1537,
    #1538,#1539,#1540,#1541,#1542,#1543,#1544,#1545,#1546,#1547,#1548,
    #1549,#1550,#1551),.UNSPECIFIED.,.F.,.F.,(9,7,7,7,9),(0.,
    0.260217847074,0.518506356636,0.811541725831,1.),.UNSPECIFIED.);
#1522 = CARTESIAN_POINT('',(2.092572061196,0.161992047653));
#1523 = CARTESIAN_POINT('',(2.092614789234,0.188531031718));
#1524 = CARTESIAN_POINT('',(2.092660482599,0.215032601827));
#1525 = CARTESIAN_POINT('',(2.092709911144,0.241547864683));
#1526 = CARTESIAN_POINT('',(2.092763563838,0.268108366227));
#1527 = CARTESIAN_POINT('',(2.092821730742,0.294731632862));
#1528 = CARTESIAN_POINT('',(2.092884551155,0.321423951503));
#1529 = CARTESIAN_POINT('',(2.092952054579,0.348182632408));
#1530 = CARTESIAN_POINT('',(2.093095852665,0.401618532681));
#1531 = CARTESIAN_POINT('',(2.093172076506,0.428294476763));
#1532 = CARTESIAN_POINT('',(2.093252877348,0.455021101277));
#1533 = CARTESIAN_POINT('',(2.093338179577,0.481786212169));
#1534 = CARTESIAN_POINT('',(2.093427911702,0.508575737325));
#1535 = CARTESIAN_POINT('',(2.09352204373,0.535377412088));
#1536 = CARTESIAN_POINT('',(2.093620597504,0.562184564013));
#1537 = CARTESIAN_POINT('',(2.093840523203,0.619422837936));
#1538 = CARTESIAN_POINT('',(2.093963132348,0.649844006813));
#1539 = CARTESIAN_POINT('',(2.094091579879,0.680280004438));
#1540 = CARTESIAN_POINT('',(2.094225982446,0.710752306356));
#1541 = CARTESIAN_POINT('',(2.09436643677,0.741292637919));
#1542 = CARTESIAN_POINT('',(2.094512649131,0.771953123091));
#1543 = CARTESIAN_POINT('',(2.094663797145,0.802809868267));
#1544 = CARTESIAN_POINT('',(2.094915140287,0.854059134138));
#1545 = CARTESIAN_POINT('',(2.095014154931,0.874232608285));
#1546 = CARTESIAN_POINT('',(2.095113043771,0.894572793174));
#1547 = CARTESIAN_POINT('',(2.095210583564,0.915120512903));
#1548 = CARTESIAN_POINT('',(2.095304768032,0.935908569553));
#1549 = CARTESIAN_POINT('',(2.095392559306,0.956964504583));
#1550 = CARTESIAN_POINT('',(2.095469249492,0.978315709033));
#1551 = CARTESIAN_POINT('',(2.095526967357,1.));
#1552 = ( GEOMETRIC_REPRESENTATION_CONTEXT(2) 
PARAMETRIC_REPRESENTATION_CONTEXT() REPRESENTATION_CONTEXT('2D SPACE',''
  ) );
#1553 = ORIENTED_EDGE('',*,*,#1554,.T.);
#1554 = EDGE_CURVE('',#1396,#572,#1555,.T.);
#1555 = SURFACE_CURVE('',#1556,(#1561,#1568),.PCURVE_S1.);
#1556 = CIRCLE('',#1557,13.);
#1557 = AXIS2_PLACEMENT_3D('',#1558,#1559,#1560);
#1558 = CARTESIAN_POINT('',(-112.4455423749,0.,-18.));
#1559 = DIRECTION('',(0.,0.,1.));
#1560 = DIRECTION('',(1.,0.,-0.));
#1561 = PCURVE('',#296,#1562);
#1562 = DEFINITIONAL_REPRESENTATION('',(#1563),#1567);
#1563 = LINE('',#1564,#1565);
#1564 = CARTESIAN_POINT('',(0.,1.));
#1565 = VECTOR('',#1566,1.);
#1566 = DIRECTION('',(1.,0.));
#1567 = ( GEOMETRIC_REPRESENTATION_CONTEXT(2) 
PARAMETRIC_REPRESENTATION_CONTEXT() REPRESENTATION_CONTEXT('2D SPACE',''
  ) );
#1568 = PCURVE('',#641,#1569);
#1569 = DEFINITIONAL_REPRESENTATION('',(#1570),#1574);
#1570 = CIRCLE('',#1571,13.);
#1571 = AXIS2_PLACEMENT_2D('',#1572,#1573);
#1572 = CARTESIAN_POINT('',(11.200000772132,-9.094166476012E-03));
#1573 = DIRECTION('',(0.99999999673,8.087627064654E-05));
#1574 = ( GEOMETRIC_REPRESENTATION_CONTEXT(2) 
PARAMETRIC_REPRESENTATION_CONTEXT() REPRESENTATION_CONTEXT('2D SPACE',''
  ) );
#1575 = ADVANCED_FACE('',(#1576),#217,.F.);
#1576 = FACE_BOUND('',#1577,.F.);
#1577 = EDGE_LOOP('',(#1578,#1579,#1614,#1638));
#1578 = ORIENTED_EDGE('',*,*,#198,.F.);
#1579 = ORIENTED_EDGE('',*,*,#1580,.T.);
#1580 = EDGE_CURVE('',#159,#1581,#1583,.T.);
#1581 = VERTEX_POINT('',#1582);
#1582 = CARTESIAN_POINT('',(-112.4555423749,-15.,0.));
#1583 = SURFACE_CURVE('',#1584,(#1594,#1601),.PCURVE_S1.);
#1584 = B_SPLINE_CURVE_WITH_KNOTS('',8,(#1585,#1586,#1587,#1588,#1589,
    #1590,#1591,#1592,#1593),.UNSPECIFIED.,.F.,.F.,(9,9),(1.,2.),
  .PIECEWISE_BEZIER_KNOTS.);
#1585 = CARTESIAN_POINT('',(-127.4455423749,-1.000000007177E-02,0.));
#1586 = CARTESIAN_POINT('',(-127.4455423749,-2.953279617404,0.));
#1587 = CARTESIAN_POINT('',(-126.7850711484,-5.8965601612,0.));
#1588 = CARTESIAN_POINT('',(-125.4641351823,-8.666923382754,0.));
#1589 = CARTESIAN_POINT('',(-123.5370311241,-11.09148874921,0.));
#1590 = CARTESIAN_POINT('',(-121.1124657576,-13.01859280748,0.));
#1591 = CARTESIAN_POINT('',(-118.342102536,-14.33952877354,0.));
#1592 = CARTESIAN_POINT('',(-115.3988219922,-15.00000000007,0.));
#1593 = CARTESIAN_POINT('',(-112.4555423749,-14.99999999992,0.));
#1594 = PCURVE('',#217,#1595);
#1595 = DEFINITIONAL_REPRESENTATION('',(#1596),#1600);
#1596 = LINE('',#1597,#1598);
#1597 = CARTESIAN_POINT('',(0.,0.));
#1598 = VECTOR('',#1599,1.);
#1599 = DIRECTION('',(1.,0.));
#1600 = ( GEOMETRIC_REPRESENTATION_CONTEXT(2) 
PARAMETRIC_REPRESENTATION_CONTEXT() REPRESENTATION_CONTEXT('2D SPACE',''
  ) );
#1601 = PCURVE('',#180,#1602);
#1602 = DEFINITIONAL_REPRESENTATION('',(#1603),#1613);
#1603 = B_SPLINE_CURVE_WITH_KNOTS('',8,(#1604,#1605,#1606,#1607,#1608,
    #1609,#1610,#1611,#1612),.UNSPECIFIED.,.F.,.F.,(9,9),(1.,2.),
  .PIECEWISE_BEZIER_KNOTS.);
#1604 = CARTESIAN_POINT('',(1.569294724391E-06,-1.999998075016E-02));
#1605 = CARTESIAN_POINT('',(2.325131726622E-04,-2.963279589021));
#1606 = CARTESIAN_POINT('',(0.660934681618,-5.906508300008));
#1607 = CARTESIAN_POINT('',(1.982088019637,-8.676767866043));
#1608 = CARTESIAN_POINT('',(3.909382315038,-11.10118201518));
#1609 = CARTESIAN_POINT('',(6.334098883889,-13.02809582445));
#1610 = CARTESIAN_POINT('',(9.104565743904,-14.34881441042));
#1611 = CARTESIAN_POINT('',(12.04789810239,-15.00905469097));
#1612 = CARTESIAN_POINT('',(14.991177710662,-15.00882374695));
#1613 = ( GEOMETRIC_REPRESENTATION_CONTEXT(2) 
PARAMETRIC_REPRESENTATION_CONTEXT() REPRESENTATION_CONTEXT('2D SPACE',''
  ) );
#1614 = ORIENTED_EDGE('',*,*,#1615,.T.);
#1615 = EDGE_CURVE('',#1581,#977,#1616,.T.);
#1616 = SURFACE_CURVE('',#1617,(#1624,#1631),.PCURVE_S1.);
#1617 = ( BOUNDED_CURVE() B_SPLINE_CURVE(5,(#1618,#1619,#1620,#1621,
#1622,#1623),.UNSPECIFIED.,.F.,.F.) B_SPLINE_CURVE_WITH_KNOTS((6,6),(0.,
1.),.PIECEWISE_BEZIER_KNOTS.) CURVE() GEOMETRIC_REPRESENTATION_ITEM() 
RATIONAL_B_SPLINE_CURVE((1.,1.,1.,1.,1.,1.)) REPRESENTATION_ITEM('') );
#1618 = CARTESIAN_POINT('',(-112.4555423749,-14.99999999992,0.));
#1619 = CARTESIAN_POINT('',(-112.4555423749,-14.7973538428,
    -3.594413273843));
#1620 = CARTESIAN_POINT('',(-112.4555423749,-14.71756118517,
    -7.739430263657));
#1621 = CARTESIAN_POINT('',(-112.4555423749,-13.92783165005,
    -10.83065080678));
#1622 = CARTESIAN_POINT('',(-112.4555423749,-13.62766038428,
    -15.14684692625));
#1623 = CARTESIAN_POINT('',(-112.4555423749,-11.19999999992,-18.));
#1624 = PCURVE('',#217,#1625);
#1625 = DEFINITIONAL_REPRESENTATION('',(#1626),#1630);
#1626 = LINE('',#1627,#1628);
#1627 = CARTESIAN_POINT('',(2.,0.));
#1628 = VECTOR('',#1629,1.);
#1629 = DIRECTION('',(0.,1.));
#1630 = ( GEOMETRIC_REPRESENTATION_CONTEXT(2) 
PARAMETRIC_REPRESENTATION_CONTEXT() REPRESENTATION_CONTEXT('2D SPACE',''
  ) );
#1631 = PCURVE('',#1136,#1632);
#1632 = DEFINITIONAL_REPRESENTATION('',(#1633),#1637);
#1633 = LINE('',#1634,#1635);
#1634 = CARTESIAN_POINT('',(2.,0.));
#1635 = VECTOR('',#1636,1.);
#1636 = DIRECTION('',(0.,1.));
#1637 = ( GEOMETRIC_REPRESENTATION_CONTEXT(2) 
PARAMETRIC_REPRESENTATION_CONTEXT() REPRESENTATION_CONTEXT('2D SPACE',''
  ) );
#1638 = ORIENTED_EDGE('',*,*,#976,.T.);
#1639 = ADVANCED_FACE('',(#1640,#1879,#1910,#1941,#1972,#2003,#2034),
  #180,.T.);
#1640 = FACE_BOUND('',#1641,.T.);
#1641 = EDGE_LOOP('',(#1642,#1677,#1678,#1679,#1680,#1715,#1750,#1785,
    #1811,#1846));
#1642 = ORIENTED_EDGE('',*,*,#1643,.T.);
#1643 = EDGE_CURVE('',#1644,#314,#1646,.T.);
#1644 = VERTEX_POINT('',#1645);
#1645 = CARTESIAN_POINT('',(-112.4355423749,14.999999995577,0.));
#1646 = SURFACE_CURVE('',#1647,(#1657,#1670),.PCURVE_S1.);
#1647 = B_SPLINE_CURVE_WITH_KNOTS('',8,(#1648,#1649,#1650,#1651,#1652,
    #1653,#1654,#1655,#1656),.UNSPECIFIED.,.F.,.F.,(9,9),(6.,7.),
  .PIECEWISE_BEZIER_KNOTS.);
#1648 = CARTESIAN_POINT('',(-112.4355423749,15.000000000072,0.));
#1649 = CARTESIAN_POINT('',(-112.4380423749,15.000000000072,0.));
#1650 = CARTESIAN_POINT('',(-112.4405423749,15.000000000072,0.));
#1651 = CARTESIAN_POINT('',(-112.4430423749,15.000000000072,0.));
#1652 = CARTESIAN_POINT('',(-112.4455423749,15.000000000072,0.));
#1653 = CARTESIAN_POINT('',(-112.4480423749,15.000000000072,0.));
#1654 = CARTESIAN_POINT('',(-112.4505423749,15.000000000072,0.));
#1655 = CARTESIAN_POINT('',(-112.4530423749,15.000000000072,0.));
#1656 = CARTESIAN_POINT('',(-112.4555423749,14.999999991083,0.));
#1657 = PCURVE('',#180,#1658);
#1658 = DEFINITIONAL_REPRESENTATION('',(#1659),#1669);
#1659 = B_SPLINE_CURVE_WITH_KNOTS('',8,(#1660,#1661,#1662,#1663,#1664,
    #1665,#1666,#1667,#1668),.UNSPECIFIED.,.F.,.F.,(9,9),(6.,7.),
  .PIECEWISE_BEZIER_KNOTS.);
#1660 = CARTESIAN_POINT('',(15.008823766281,14.991177729995));
#1661 = CARTESIAN_POINT('',(15.006323766288,14.991177533833));
#1662 = CARTESIAN_POINT('',(15.003823766296,14.991177337671));
#1663 = CARTESIAN_POINT('',(15.001323766304,14.991177141509));
#1664 = CARTESIAN_POINT('',(14.998823766311,14.991176945347));
#1665 = CARTESIAN_POINT('',(14.996323766319,14.991176749185));
#1666 = CARTESIAN_POINT('',(14.993823766327,14.991176553023));
#1667 = CARTESIAN_POINT('',(14.991323766334,14.991176356861));
#1668 = CARTESIAN_POINT('',(14.988823766343,14.99117615171));
#1669 = ( GEOMETRIC_REPRESENTATION_CONTEXT(2) 
PARAMETRIC_REPRESENTATION_CONTEXT() REPRESENTATION_CONTEXT('2D SPACE',''
  ) );
#1670 = PCURVE('',#334,#1671);
#1671 = DEFINITIONAL_REPRESENTATION('',(#1672),#1676);
#1672 = LINE('',#1673,#1674);
#1673 = CARTESIAN_POINT('',(0.,0.));
#1674 = VECTOR('',#1675,1.);
#1675 = DIRECTION('',(1.,0.));
#1676 = ( GEOMETRIC_REPRESENTATION_CONTEXT(2) 
PARAMETRIC_REPRESENTATION_CONTEXT() REPRESENTATION_CONTEXT('2D SPACE',''
  ) );
#1677 = ORIENTED_EDGE('',*,*,#396,.T.);
#1678 = ORIENTED_EDGE('',*,*,#158,.T.);
#1679 = ORIENTED_EDGE('',*,*,#1580,.T.);
#1680 = ORIENTED_EDGE('',*,*,#1681,.T.);
#1681 = EDGE_CURVE('',#1581,#1682,#1684,.T.);
#1682 = VERTEX_POINT('',#1683);
#1683 = CARTESIAN_POINT('',(-112.4355423839,-14.99999999992,0.));
#1684 = SURFACE_CURVE('',#1685,(#1695,#1708),.PCURVE_S1.);
#1685 = B_SPLINE_CURVE_WITH_KNOTS('',8,(#1686,#1687,#1688,#1689,#1690,
    #1691,#1692,#1693,#1694),.UNSPECIFIED.,.F.,.F.,(9,9),(2.,3.),
  .PIECEWISE_BEZIER_KNOTS.);
#1686 = CARTESIAN_POINT('',(-112.4555423749,-14.99999999992,0.));
#1687 = CARTESIAN_POINT('',(-112.453042376,-14.99999999992,0.));
#1688 = CARTESIAN_POINT('',(-112.4505423772,-14.99999999992,0.));
#1689 = CARTESIAN_POINT('',(-112.4480423783,-14.99999999992,0.));
#1690 = CARTESIAN_POINT('',(-112.4455423794,-14.99999999992,0.));
#1691 = CARTESIAN_POINT('',(-112.4430423805,-14.99999999992,0.));
#1692 = CARTESIAN_POINT('',(-112.4405423817,-14.99999999992,0.));
#1693 = CARTESIAN_POINT('',(-112.4380423828,-14.99999999992,0.));
#1694 = CARTESIAN_POINT('',(-112.4355423839,-14.99999999992,0.));
#1695 = PCURVE('',#180,#1696);
#1696 = DEFINITIONAL_REPRESENTATION('',(#1697),#1707);
#1697 = B_SPLINE_CURVE_WITH_KNOTS('',8,(#1698,#1699,#1700,#1701,#1702,
    #1703,#1704,#1705,#1706),.UNSPECIFIED.,.F.,.F.,(9,9),(2.,3.),
  .PIECEWISE_BEZIER_KNOTS.);
#1698 = CARTESIAN_POINT('',(14.991177710662,-15.00882374695));
#1699 = CARTESIAN_POINT('',(14.99367770953,-15.00882355078));
#1700 = CARTESIAN_POINT('',(14.996177708399,-15.00882335462));
#1701 = CARTESIAN_POINT('',(14.998677707268,-15.00882315846));
#1702 = CARTESIAN_POINT('',(15.001177706136,-15.0088229623));
#1703 = CARTESIAN_POINT('',(15.003677705005,-15.00882276614));
#1704 = CARTESIAN_POINT('',(15.006177703874,-15.00882256997));
#1705 = CARTESIAN_POINT('',(15.008677702743,-15.00882237381));
#1706 = CARTESIAN_POINT('',(15.011177701611,-15.00882217765));
#1707 = ( GEOMETRIC_REPRESENTATION_CONTEXT(2) 
PARAMETRIC_REPRESENTATION_CONTEXT() REPRESENTATION_CONTEXT('2D SPACE',''
  ) );
#1708 = PCURVE('',#1136,#1709);
#1709 = DEFINITIONAL_REPRESENTATION('',(#1710),#1714);
#1710 = LINE('',#1711,#1712);
#1711 = CARTESIAN_POINT('',(0.,0.));
#1712 = VECTOR('',#1713,1.);
#1713 = DIRECTION('',(1.,0.));
#1714 = ( GEOMETRIC_REPRESENTATION_CONTEXT(2) 
PARAMETRIC_REPRESENTATION_CONTEXT() REPRESENTATION_CONTEXT('2D SPACE',''
  ) );
#1715 = ORIENTED_EDGE('',*,*,#1716,.T.);
#1716 = EDGE_CURVE('',#1682,#1717,#1719,.T.);
#1717 = VERTEX_POINT('',#1718);
#1718 = CARTESIAN_POINT('',(-98.13379422739,-4.499999999976,0.));
#1719 = SURFACE_CURVE('',#1720,(#1730,#1743),.PCURVE_S1.);
#1720 = B_SPLINE_CURVE_WITH_KNOTS('',8,(#1721,#1722,#1723,#1724,#1725,
    #1726,#1727,#1728,#1729),.UNSPECIFIED.,.F.,.F.,(9,9),(3.,4.),
  .PIECEWISE_BEZIER_KNOTS.);
#1721 = CARTESIAN_POINT('',(-112.4355423839,-14.99999999992,0.));
#1722 = CARTESIAN_POINT('',(-109.4922627666,-14.99999999992,0.));
#1723 = CARTESIAN_POINT('',(-106.5489822228,-14.3395287734,0.));
#1724 = CARTESIAN_POINT('',(-103.7786190012,-13.01859280734,0.));
#1725 = CARTESIAN_POINT('',(-101.3540536348,-11.09148874906,0.));
#1726 = CARTESIAN_POINT('',(-99.42694957654,-8.66692338261,0.));
#1727 = CARTESIAN_POINT('',(-98.10601361048,-5.896560161057,0.));
#1728 = CARTESIAN_POINT('',(-97.44554238395,-2.95327961726,0.));
#1729 = CARTESIAN_POINT('',(-97.44554237496,-9.999999928236E-03,0.));
#1730 = PCURVE('',#180,#1731);
#1731 = DEFINITIONAL_REPRESENTATION('',(#1732),#1742);
#1732 = B_SPLINE_CURVE_WITH_KNOTS('',8,(#1733,#1734,#1735,#1736,#1737,
    #1738,#1739,#1740,#1741),.UNSPECIFIED.,.F.,.F.,(9,9),(3.,4.),
  .PIECEWISE_BEZIER_KNOTS.);
#1733 = CARTESIAN_POINT('',(15.011177701611,-15.00882217765));
#1734 = CARTESIAN_POINT('',(17.954457309883,-15.00859123377));
#1735 = CARTESIAN_POINT('',(20.897686020869,-14.34788906533));
#1736 = CARTESIAN_POINT('',(23.667945586904,-13.02673572731));
#1737 = CARTESIAN_POINT('',(26.092359736045,-11.09944143191));
#1738 = CARTESIAN_POINT('',(28.01927354532,-8.674724863061));
#1739 = CARTESIAN_POINT('',(29.339992131289,-5.904258003045));
#1740 = CARTESIAN_POINT('',(30.000232411833,-2.960925644559));
#1741 = CARTESIAN_POINT('',(30.000001476944,-1.764603628698E-02));
#1742 = ( GEOMETRIC_REPRESENTATION_CONTEXT(2) 
PARAMETRIC_REPRESENTATION_CONTEXT() REPRESENTATION_CONTEXT('2D SPACE',''
  ) );
#1743 = PCURVE('',#1294,#1744);
#1744 = DEFINITIONAL_REPRESENTATION('',(#1745),#1749);
#1745 = LINE('',#1746,#1747);
#1746 = CARTESIAN_POINT('',(0.,0.));
#1747 = VECTOR('',#1748,1.);
#1748 = DIRECTION('',(1.,0.));
#1749 = ( GEOMETRIC_REPRESENTATION_CONTEXT(2) 
PARAMETRIC_REPRESENTATION_CONTEXT() REPRESENTATION_CONTEXT('2D SPACE',''
  ) );
#1750 = ORIENTED_EDGE('',*,*,#1751,.T.);
#1751 = EDGE_CURVE('',#1717,#1752,#1754,.T.);
#1752 = VERTEX_POINT('',#1753);
#1753 = CARTESIAN_POINT('',(-44.47199138755,-4.499999999976,0.));
#1754 = SURFACE_CURVE('',#1755,(#1765,#1778),.PCURVE_S1.);
#1755 = B_SPLINE_CURVE_WITH_KNOTS('',8,(#1756,#1757,#1758,#1759,#1760,
    #1761,#1762,#1763,#1764),.UNSPECIFIED.,.F.,.F.,(9,9),(2.,3.),
  .PIECEWISE_BEZIER_KNOTS.);
#1756 = CARTESIAN_POINT('',(-122.9555423749,-4.499999999976,0.));
#1757 = CARTESIAN_POINT('',(-92.21665678122,-4.499999999976,0.));
#1758 = CARTESIAN_POINT('',(-61.47777118748,-4.499999999976,0.));
#1759 = CARTESIAN_POINT('',(-30.73888559374,-4.499999999976,0.));
#1760 = CARTESIAN_POINT('',(5.329070518201E-15,-4.499999999976,0.));
#1761 = CARTESIAN_POINT('',(30.738885593741,-4.499999999976,0.));
#1762 = CARTESIAN_POINT('',(61.477771187482,-4.499999999976,0.));
#1763 = CARTESIAN_POINT('',(92.216656781224,-4.499999999976,0.));
#1764 = CARTESIAN_POINT('',(122.95554237496,-4.500000000024,0.));
#1765 = PCURVE('',#180,#1766);
#1766 = DEFINITIONAL_REPRESENTATION('',(#1767),#1777);
#1767 = B_SPLINE_CURVE_WITH_KNOTS('',8,(#1768,#1769,#1770,#1771,#1772,
    #1773,#1774,#1775,#1776),.UNSPECIFIED.,.F.,.F.,(9,9),(2.,3.),
  .PIECEWISE_BEZIER_KNOTS.);
#1768 = CARTESIAN_POINT('',(4.490353862473,-4.509647659833));
#1769 = CARTESIAN_POINT('',(35.229239361588,-4.507235738995));
#1770 = CARTESIAN_POINT('',(65.968124860704,-4.504823818157));
#1771 = CARTESIAN_POINT('',(96.70701035982,-4.502411897319));
#1772 = CARTESIAN_POINT('',(127.44589585893,-4.499999976481));
#1773 = CARTESIAN_POINT('',(158.18478135805,-4.497588055643));
#1774 = CARTESIAN_POINT('',(188.92366685716,-4.495176134805));
#1775 = CARTESIAN_POINT('',(219.66255235628,-4.492764213968));
#1776 = CARTESIAN_POINT('',(250.40143785539,-4.490352293178));
#1777 = ( GEOMETRIC_REPRESENTATION_CONTEXT(2) 
PARAMETRIC_REPRESENTATION_CONTEXT() REPRESENTATION_CONTEXT('2D SPACE',''
  ) );
#1778 = PCURVE('',#1465,#1779);
#1779 = DEFINITIONAL_REPRESENTATION('',(#1780),#1784);
#1780 = LINE('',#1781,#1782);
#1781 = CARTESIAN_POINT('',(0.,0.));
#1782 = VECTOR('',#1783,1.);
#1783 = DIRECTION('',(1.,0.));
#1784 = ( GEOMETRIC_REPRESENTATION_CONTEXT(2) 
PARAMETRIC_REPRESENTATION_CONTEXT() REPRESENTATION_CONTEXT('2D SPACE',''
  ) );
#1785 = ORIENTED_EDGE('',*,*,#1786,.T.);
#1786 = EDGE_CURVE('',#1752,#1787,#1789,.T.);
#1787 = VERTEX_POINT('',#1788);
#1788 = CARTESIAN_POINT('',(-5.484649615862,4.499999999917,0.));
#1789 = SURFACE_CURVE('',#1790,(#1794,#1800),.PCURVE_S1.);
#1790 = LINE('',#1791,#1792);
#1791 = CARTESIAN_POINT('',(-159.1989981478,-30.98405902808,
    1.054711873394E-15));
#1792 = VECTOR('',#1793,1.);
#1793 = DIRECTION('',(0.974375197722,0.224928819994,0.));
#1794 = PCURVE('',#180,#1795);
#1795 = DEFINITIONAL_REPRESENTATION('',(#1796),#1799);
#1796 = B_SPLINE_CURVE_WITH_KNOTS('',1,(#1797,#1798),.UNSPECIFIED.,.F.,
  .F.,(2,2),(71.053871338271,204.46456402893),.PIECEWISE_BEZIER_KNOTS.);
#1797 = CARTESIAN_POINT('',(37.480851959304,-15.00905469097));
#1798 = CARTESIAN_POINT('',(167.47056706291,15.009054701267));
#1799 = ( GEOMETRIC_REPRESENTATION_CONTEXT(2) 
PARAMETRIC_REPRESENTATION_CONTEXT() REPRESENTATION_CONTEXT('2D SPACE',''
  ) );
#1800 = PCURVE('',#1801,#1806);
#1801 = PLANE('',#1802);
#1802 = AXIS2_PLACEMENT_3D('',#1803,#1804,#1805);
#1803 = CARTESIAN_POINT('',(-196.1387670657,-39.51138880101,-9.5));
#1804 = DIRECTION('',(0.224928819994,-0.974375197722,0.));
#1805 = DIRECTION('',(0.,0.,1.));
#1806 = DEFINITIONAL_REPRESENTATION('',(#1807),#1810);
#1807 = B_SPLINE_CURVE_WITH_KNOTS('',1,(#1808,#1809),.UNSPECIFIED.,.F.,
  .F.,(2,2),(71.053871338271,204.46456402893),.PIECEWISE_BEZIER_KNOTS.);
#1808 = CARTESIAN_POINT('',(9.5,-108.9651082049));
#1809 = CARTESIAN_POINT('',(9.5,-242.3758008956));
#1810 = ( GEOMETRIC_REPRESENTATION_CONTEXT(2) 
PARAMETRIC_REPRESENTATION_CONTEXT() REPRESENTATION_CONTEXT('2D SPACE',''
  ) );
#1811 = ORIENTED_EDGE('',*,*,#1812,.T.);
#1812 = EDGE_CURVE('',#1787,#1813,#1815,.T.);
#1813 = VERTEX_POINT('',#1814);
#1814 = CARTESIAN_POINT('',(-98.13379422022,4.499999991793,0.));
#1815 = SURFACE_CURVE('',#1816,(#1826,#1839),.PCURVE_S1.);
#1816 = B_SPLINE_CURVE_WITH_KNOTS('',8,(#1817,#1818,#1819,#1820,#1821,
    #1822,#1823,#1824,#1825),.UNSPECIFIED.,.F.,.F.,(9,9),(6.,7.),
  .PIECEWISE_BEZIER_KNOTS.);
#1817 = CARTESIAN_POINT('',(122.95554237496,4.500000000024,0.));
#1818 = CARTESIAN_POINT('',(92.216656781224,4.500000000024,0.));
#1819 = CARTESIAN_POINT('',(61.477771187482,4.500000000024,0.));
#1820 = CARTESIAN_POINT('',(30.738885593741,4.500000000024,0.));
#1821 = CARTESIAN_POINT('',(2.6645352591E-15,4.500000000024,0.));
#1822 = CARTESIAN_POINT('',(-30.73888559374,4.500000000024,0.));
#1823 = CARTESIAN_POINT('',(-61.47777118748,4.500000000024,0.));
#1824 = CARTESIAN_POINT('',(-92.21665678122,4.500000000024,0.));
#1825 = CARTESIAN_POINT('',(-122.9555423749,4.49999998074,0.));
#1826 = PCURVE('',#180,#1827);
#1827 = DEFINITIONAL_REPRESENTATION('',(#1828),#1838);
#1828 = B_SPLINE_CURVE_WITH_KNOTS('',8,(#1829,#1830,#1831,#1832,#1833,
    #1834,#1835,#1836,#1837),.UNSPECIFIED.,.F.,.F.,(9,9),(6.,7.),
  .PIECEWISE_BEZIER_KNOTS.);
#1829 = CARTESIAN_POINT('',(250.4007316721,4.509647679165));
#1830 = CARTESIAN_POINT('',(219.66184617298,4.507235758327));
#1831 = CARTESIAN_POINT('',(188.92296067387,4.504823837489));
#1832 = CARTESIAN_POINT('',(158.18407517475,4.502411916651));
#1833 = CARTESIAN_POINT('',(127.44518967564,4.499999995814));
#1834 = CARTESIAN_POINT('',(96.706304176524,4.497588074976));
#1835 = CARTESIAN_POINT('',(65.967418677408,4.495176154138));
#1836 = CARTESIAN_POINT('',(35.228533178293,4.4927642333));
#1837 = CARTESIAN_POINT('',(4.489647679178,4.490352293178));
#1838 = ( GEOMETRIC_REPRESENTATION_CONTEXT(2) 
PARAMETRIC_REPRESENTATION_CONTEXT() REPRESENTATION_CONTEXT('2D SPACE',''
  ) );
#1839 = PCURVE('',#723,#1840);
#1840 = DEFINITIONAL_REPRESENTATION('',(#1841),#1845);
#1841 = LINE('',#1842,#1843);
#1842 = CARTESIAN_POINT('',(0.,0.));
#1843 = VECTOR('',#1844,1.);
#1844 = DIRECTION('',(1.,0.));
#1845 = ( GEOMETRIC_REPRESENTATION_CONTEXT(2) 
PARAMETRIC_REPRESENTATION_CONTEXT() REPRESENTATION_CONTEXT('2D SPACE',''
  ) );
#1846 = ORIENTED_EDGE('',*,*,#1847,.T.);
#1847 = EDGE_CURVE('',#1813,#1644,#1848,.T.);
#1848 = SURFACE_CURVE('',#1849,(#1859,#1872),.PCURVE_S1.);
#1849 = B_SPLINE_CURVE_WITH_KNOTS('',8,(#1850,#1851,#1852,#1853,#1854,
    #1855,#1856,#1857,#1858),.UNSPECIFIED.,.F.,.F.,(9,9),(5.,6.),
  .PIECEWISE_BEZIER_KNOTS.);
#1850 = CARTESIAN_POINT('',(-97.44554237496,9.999991082778E-03,0.));
#1851 = CARTESIAN_POINT('',(-97.44554237496,2.953279608415,0.));
#1852 = CARTESIAN_POINT('',(-98.10601360149,5.896560152211,0.));
#1853 = CARTESIAN_POINT('',(-99.42694956755,8.666923373765,0.));
#1854 = CARTESIAN_POINT('',(-101.3540536258,11.091488740224,0.));
#1855 = CARTESIAN_POINT('',(-103.7786189922,13.018592798495,0.));
#1856 = CARTESIAN_POINT('',(-106.5489822138,14.339528764554,0.));
#1857 = CARTESIAN_POINT('',(-109.4922627576,14.999999991083,0.));
#1858 = CARTESIAN_POINT('',(-112.4355423749,15.000000000072,0.));
#1859 = PCURVE('',#180,#1860);
#1860 = DEFINITIONAL_REPRESENTATION('',(#1861),#1871);
#1861 = B_SPLINE_CURVE_WITH_KNOTS('',8,(#1862,#1863,#1864,#1865,#1866,
    #1867,#1868,#1869,#1870),.UNSPECIFIED.,.F.,.F.,(9,9),(5.,6.),
  .PIECEWISE_BEZIER_KNOTS.);
#1862 = CARTESIAN_POINT('',(29.999999907648,2.353954662471E-03));
#1863 = CARTESIAN_POINT('',(29.99976896377,2.945633562934));
#1864 = CARTESIAN_POINT('',(29.339066795325,5.88886227392));
#1865 = CARTESIAN_POINT('',(28.017913457306,8.659121839956));
#1866 = CARTESIAN_POINT('',(26.090619161904,11.083535989095));
#1867 = CARTESIAN_POINT('',(23.665902593055,13.010449798372));
#1868 = CARTESIAN_POINT('',(20.895435733038,14.331168384339));
#1869 = CARTESIAN_POINT('',(17.952103374553,14.991408664884));
#1870 = CARTESIAN_POINT('',(15.008823766281,14.991177729995));
#1871 = ( GEOMETRIC_REPRESENTATION_CONTEXT(2) 
PARAMETRIC_REPRESENTATION_CONTEXT() REPRESENTATION_CONTEXT('2D SPACE',''
  ) );
#1872 = PCURVE('',#866,#1873);
#1873 = DEFINITIONAL_REPRESENTATION('',(#1874),#1878);
#1874 = LINE('',#1875,#1876);
#1875 = CARTESIAN_POINT('',(0.,0.));
#1876 = VECTOR('',#1877,1.);
#1877 = DIRECTION('',(1.,0.));
#1878 = ( GEOMETRIC_REPRESENTATION_CONTEXT(2) 
PARAMETRIC_REPRESENTATION_CONTEXT() REPRESENTATION_CONTEXT('2D SPACE',''
  ) );
#1879 = FACE_BOUND('',#1880,.T.);
#1880 = EDGE_LOOP('',(#1881));
#1881 = ORIENTED_EDGE('',*,*,#1882,.F.);
#1882 = EDGE_CURVE('',#1883,#1883,#1885,.T.);
#1883 = VERTEX_POINT('',#1884);
#1884 = CARTESIAN_POINT('',(-118.7955423749,-8.,0.));
#1885 = SURFACE_CURVE('',#1886,(#1891,#1898),.PCURVE_S1.);
#1886 = CIRCLE('',#1887,1.65);
#1887 = AXIS2_PLACEMENT_3D('',#1888,#1889,#1890);
#1888 = CARTESIAN_POINT('',(-120.4455423749,-8.,0.));
#1889 = DIRECTION('',(0.,0.,1.));
#1890 = DIRECTION('',(1.,0.,-0.));
#1891 = PCURVE('',#180,#1892);
#1892 = DEFINITIONAL_REPRESENTATION('',(#1893),#1897);
#1893 = CIRCLE('',#1894,1.65);
#1894 = AXIS2_PLACEMENT_2D('',#1895,#1896);
#1895 = CARTESIAN_POINT('',(7.000628481583,-8.009450702408));
#1896 = DIRECTION('',(0.999999996922,7.846481065502E-05));
#1897 = ( GEOMETRIC_REPRESENTATION_CONTEXT(2) 
PARAMETRIC_REPRESENTATION_CONTEXT() REPRESENTATION_CONTEXT('2D SPACE',''
  ) );
#1898 = PCURVE('',#1899,#1904);
#1899 = CYLINDRICAL_SURFACE('',#1900,1.65);
#1900 = AXIS2_PLACEMENT_3D('',#1901,#1902,#1903);
#1901 = CARTESIAN_POINT('',(-120.4455423749,-8.,-7.));
#1902 = DIRECTION('',(0.,0.,1.));
#1903 = DIRECTION('',(1.,0.,-0.));
#1904 = DEFINITIONAL_REPRESENTATION('',(#1905),#1909);
#1905 = LINE('',#1906,#1907);
#1906 = CARTESIAN_POINT('',(0.,7.));
#1907 = VECTOR('',#1908,1.);
#1908 = DIRECTION('',(1.,0.));
#1909 = ( GEOMETRIC_REPRESENTATION_CONTEXT(2) 
PARAMETRIC_REPRESENTATION_CONTEXT() REPRESENTATION_CONTEXT('2D SPACE',''
  ) );
#1910 = FACE_BOUND('',#1911,.T.);
#1911 = EDGE_LOOP('',(#1912));
#1912 = ORIENTED_EDGE('',*,*,#1913,.F.);
#1913 = EDGE_CURVE('',#1914,#1914,#1916,.T.);
#1914 = VERTEX_POINT('',#1915);
#1915 = CARTESIAN_POINT('',(-102.7955423749,-8.,0.));
#1916 = SURFACE_CURVE('',#1917,(#1922,#1929),.PCURVE_S1.);
#1917 = CIRCLE('',#1918,1.65);
#1918 = AXIS2_PLACEMENT_3D('',#1919,#1920,#1921);
#1919 = CARTESIAN_POINT('',(-104.4455423749,-8.,0.));
#1920 = DIRECTION('',(0.,0.,1.));
#1921 = DIRECTION('',(1.,0.,-0.));
#1922 = PCURVE('',#180,#1923);
#1923 = DEFINITIONAL_REPRESENTATION('',(#1924),#1928);
#1924 = CIRCLE('',#1925,1.65);
#1925 = AXIS2_PLACEMENT_2D('',#1926,#1927);
#1926 = CARTESIAN_POINT('',(23.00062843233,-8.008195265437));
#1927 = DIRECTION('',(0.999999996922,7.846481065502E-05));
#1928 = ( GEOMETRIC_REPRESENTATION_CONTEXT(2) 
PARAMETRIC_REPRESENTATION_CONTEXT() REPRESENTATION_CONTEXT('2D SPACE',''
  ) );
#1929 = PCURVE('',#1930,#1935);
#1930 = CYLINDRICAL_SURFACE('',#1931,1.65);
#1931 = AXIS2_PLACEMENT_3D('',#1932,#1933,#1934);
#1932 = CARTESIAN_POINT('',(-104.4455423749,-8.,-7.));
#1933 = DIRECTION('',(0.,0.,1.));
#1934 = DIRECTION('',(1.,0.,-0.));
#1935 = DEFINITIONAL_REPRESENTATION('',(#1936),#1940);
#1936 = LINE('',#1937,#1938);
#1937 = CARTESIAN_POINT('',(0.,7.));
#1938 = VECTOR('',#1939,1.);
#1939 = DIRECTION('',(1.,0.));
#1940 = ( GEOMETRIC_REPRESENTATION_CONTEXT(2) 
PARAMETRIC_REPRESENTATION_CONTEXT() REPRESENTATION_CONTEXT('2D SPACE',''
  ) );
#1941 = FACE_BOUND('',#1942,.T.);
#1942 = EDGE_LOOP('',(#1943));
#1943 = ORIENTED_EDGE('',*,*,#1944,.F.);
#1944 = EDGE_CURVE('',#1945,#1945,#1947,.T.);
#1945 = VERTEX_POINT('',#1946);
#1946 = CARTESIAN_POINT('',(-107.9455423749,-1.102182119233E-15,0.));
#1947 = SURFACE_CURVE('',#1948,(#1953,#1960),.PCURVE_S1.);
#1948 = CIRCLE('',#1949,4.5);
#1949 = AXIS2_PLACEMENT_3D('',#1950,#1951,#1952);
#1950 = CARTESIAN_POINT('',(-112.4455423749,0.,0.));
#1951 = DIRECTION('',(0.,0.,1.));
#1952 = DIRECTION('',(1.,0.,-0.));
#1953 = PCURVE('',#180,#1954);
#1954 = DEFINITIONAL_REPRESENTATION('',(#1955),#1959);
#1955 = CIRCLE('',#1956,4.5);
#1956 = AXIS2_PLACEMENT_2D('',#1957,#1958);
#1957 = CARTESIAN_POINT('',(15.000000738471,-8.823008549349E-03));
#1958 = DIRECTION('',(0.999999996922,7.846481065502E-05));
#1959 = ( GEOMETRIC_REPRESENTATION_CONTEXT(2) 
PARAMETRIC_REPRESENTATION_CONTEXT() REPRESENTATION_CONTEXT('2D SPACE',''
  ) );
#1960 = PCURVE('',#1961,#1966);
#1961 = CYLINDRICAL_SURFACE('',#1962,4.5);
#1962 = AXIS2_PLACEMENT_3D('',#1963,#1964,#1965);
#1963 = CARTESIAN_POINT('',(-112.4455423749,0.,-7.));
#1964 = DIRECTION('',(0.,0.,1.));
#1965 = DIRECTION('',(1.,0.,-0.));
#1966 = DEFINITIONAL_REPRESENTATION('',(#1967),#1971);
#1967 = LINE('',#1968,#1969);
#1968 = CARTESIAN_POINT('',(0.,7.));
#1969 = VECTOR('',#1970,1.);
#1970 = DIRECTION('',(1.,0.));
#1971 = ( GEOMETRIC_REPRESENTATION_CONTEXT(2) 
PARAMETRIC_REPRESENTATION_CONTEXT() REPRESENTATION_CONTEXT('2D SPACE',''
  ) );
#1972 = FACE_BOUND('',#1973,.T.);
#1973 = EDGE_LOOP('',(#1974));
#1974 = ORIENTED_EDGE('',*,*,#1975,.F.);
#1975 = EDGE_CURVE('',#1976,#1976,#1978,.T.);
#1976 = VERTEX_POINT('',#1977);
#1977 = CARTESIAN_POINT('',(-118.7955423749,8.,0.));
#1978 = SURFACE_CURVE('',#1979,(#1984,#1991),.PCURVE_S1.);
#1979 = CIRCLE('',#1980,1.65);
#1980 = AXIS2_PLACEMENT_3D('',#1981,#1982,#1983);
#1981 = CARTESIAN_POINT('',(-120.4455423749,8.,0.));
#1982 = DIRECTION('',(0.,0.,1.));
#1983 = DIRECTION('',(1.,0.,-0.));
#1984 = PCURVE('',#180,#1985);
#1985 = DEFINITIONAL_REPRESENTATION('',(#1986),#1990);
#1986 = CIRCLE('',#1987,1.65);
#1987 = AXIS2_PLACEMENT_2D('',#1988,#1989);
#1988 = CARTESIAN_POINT('',(6.999373044613,7.990549248339));
#1989 = DIRECTION('',(0.999999996922,7.846481065502E-05));
#1990 = ( GEOMETRIC_REPRESENTATION_CONTEXT(2) 
PARAMETRIC_REPRESENTATION_CONTEXT() REPRESENTATION_CONTEXT('2D SPACE',''
  ) );
#1991 = PCURVE('',#1992,#1997);
#1992 = CYLINDRICAL_SURFACE('',#1993,1.65);
#1993 = AXIS2_PLACEMENT_3D('',#1994,#1995,#1996);
#1994 = CARTESIAN_POINT('',(-120.4455423749,8.,-7.));
#1995 = DIRECTION('',(0.,0.,1.));
#1996 = DIRECTION('',(1.,0.,-0.));
#1997 = DEFINITIONAL_REPRESENTATION('',(#1998),#2002);
#1998 = LINE('',#1999,#2000);
#1999 = CARTESIAN_POINT('',(0.,7.));
#2000 = VECTOR('',#2001,1.);
#2001 = DIRECTION('',(1.,0.));
#2002 = ( GEOMETRIC_REPRESENTATION_CONTEXT(2) 
PARAMETRIC_REPRESENTATION_CONTEXT() REPRESENTATION_CONTEXT('2D SPACE',''
  ) );
#2003 = FACE_BOUND('',#2004,.T.);
#2004 = EDGE_LOOP('',(#2005));
#2005 = ORIENTED_EDGE('',*,*,#2006,.F.);
#2006 = EDGE_CURVE('',#2007,#2007,#2009,.T.);
#2007 = VERTEX_POINT('',#2008);
#2008 = CARTESIAN_POINT('',(-102.7955423749,8.,0.));
#2009 = SURFACE_CURVE('',#2010,(#2015,#2022),.PCURVE_S1.);
#2010 = CIRCLE('',#2011,1.65);
#2011 = AXIS2_PLACEMENT_3D('',#2012,#2013,#2014);
#2012 = CARTESIAN_POINT('',(-104.4455423749,8.,0.));
#2013 = DIRECTION('',(0.,0.,1.));
#2014 = DIRECTION('',(1.,0.,-0.));
#2015 = PCURVE('',#180,#2016);
#2016 = DEFINITIONAL_REPRESENTATION('',(#2017),#2021);
#2017 = CIRCLE('',#2018,1.65);
#2018 = AXIS2_PLACEMENT_2D('',#2019,#2020);
#2019 = CARTESIAN_POINT('',(22.999372995359,7.991804685309));
#2020 = DIRECTION('',(0.999999996922,7.846481065502E-05));
#2021 = ( GEOMETRIC_REPRESENTATION_CONTEXT(2) 
PARAMETRIC_REPRESENTATION_CONTEXT() REPRESENTATION_CONTEXT('2D SPACE',''
  ) );
#2022 = PCURVE('',#2023,#2028);
#2023 = CYLINDRICAL_SURFACE('',#2024,1.65);
#2024 = AXIS2_PLACEMENT_3D('',#2025,#2026,#2027);
#2025 = CARTESIAN_POINT('',(-104.4455423749,8.,-7.));
#2026 = DIRECTION('',(0.,0.,1.));
#2027 = DIRECTION('',(1.,0.,-0.));
#2028 = DEFINITIONAL_REPRESENTATION('',(#2029),#2033);
#2029 = LINE('',#2030,#2031);
#2030 = CARTESIAN_POINT('',(0.,7.));
#2031 = VECTOR('',#2032,1.);
#2032 = DIRECTION('',(1.,0.));
#2033 = ( GEOMETRIC_REPRESENTATION_CONTEXT(2) 
PARAMETRIC_REPRESENTATION_CONTEXT() REPRESENTATION_CONTEXT('2D SPACE',''
  ) );
#2034 = FACE_BOUND('',#2035,.T.);
#2035 = EDGE_LOOP('',(#2036));
#2036 = ORIENTED_EDGE('',*,*,#2037,.F.);
#2037 = EDGE_CURVE('',#2038,#2038,#2040,.T.);
#2038 = VERTEX_POINT('',#2039);
#2039 = CARTESIAN_POINT('',(-32.35,-4.041334437186E-16,0.));
#2040 = SURFACE_CURVE('',#2041,(#2046,#2053),.PCURVE_S1.);
#2041 = CIRCLE('',#2042,1.65);
#2042 = AXIS2_PLACEMENT_3D('',#2043,#2044,#2045);
#2043 = CARTESIAN_POINT('',(-34.,0.,0.));
#2044 = DIRECTION('',(0.,0.,1.));
#2045 = DIRECTION('',(1.,0.,-0.));
#2046 = PCURVE('',#180,#2047);
#2047 = DEFINITIONAL_REPRESENTATION('',(#2048),#2052);
#2048 = CIRCLE('',#2049,1.65);
#2049 = AXIS2_PLACEMENT_2D('',#2050,#2051);
#2050 = CARTESIAN_POINT('',(93.445542871952,-2.667793920167E-03));
#2051 = DIRECTION('',(0.999999996922,7.846481065502E-05));
#2052 = ( GEOMETRIC_REPRESENTATION_CONTEXT(2) 
PARAMETRIC_REPRESENTATION_CONTEXT() REPRESENTATION_CONTEXT('2D SPACE',''
  ) );
#2053 = PCURVE('',#2054,#2059);
#2054 = CYLINDRICAL_SURFACE('',#2055,1.65);
#2055 = AXIS2_PLACEMENT_3D('',#2056,#2057,#2058);
#2056 = CARTESIAN_POINT('',(-34.,0.,-21.));
#2057 = DIRECTION('',(0.,0.,1.));
#2058 = DIRECTION('',(1.,0.,-0.));
#2059 = DEFINITIONAL_REPRESENTATION('',(#2060),#2064);
#2060 = LINE('',#2061,#2062);
#2061 = CARTESIAN_POINT('',(0.,21.));
#2062 = VECTOR('',#2063,1.);
#2063 = DIRECTION('',(1.,0.));
#2064 = ( GEOMETRIC_REPRESENTATION_CONTEXT(2) 
PARAMETRIC_REPRESENTATION_CONTEXT() REPRESENTATION_CONTEXT('2D SPACE',''
  ) );
#2065 = ADVANCED_FACE('',(#2066),#334,.F.);
#2066 = FACE_BOUND('',#2067,.F.);
#2067 = EDGE_LOOP('',(#2068,#2092,#2093,#2094));
#2068 = ORIENTED_EDGE('',*,*,#2069,.F.);
#2069 = EDGE_CURVE('',#1644,#813,#2070,.T.);
#2070 = SURFACE_CURVE('',#2071,(#2078,#2085),.PCURVE_S1.);
#2071 = ( BOUNDED_CURVE() B_SPLINE_CURVE(5,(#2072,#2073,#2074,#2075,
#2076,#2077),.UNSPECIFIED.,.F.,.F.) B_SPLINE_CURVE_WITH_KNOTS((6,6),(0.,
1.),.PIECEWISE_BEZIER_KNOTS.) CURVE() GEOMETRIC_REPRESENTATION_ITEM() 
RATIONAL_B_SPLINE_CURVE((1.,1.,1.,1.,1.,1.)) REPRESENTATION_ITEM('') );
#2072 = CARTESIAN_POINT('',(-112.4355423749,15.000000000072,0.));
#2073 = CARTESIAN_POINT('',(-112.4355423749,14.797353842946,
    -3.594413273843));
#2074 = CARTESIAN_POINT('',(-112.4355423749,14.717561185322,
    -7.739430263657));
#2075 = CARTESIAN_POINT('',(-112.4355423749,13.927831650198,
    -10.83065080678));
#2076 = CARTESIAN_POINT('',(-112.4355423749,13.627660384432,
    -15.14684692625));
#2077 = CARTESIAN_POINT('',(-112.4355423749,11.200000000072,-18.));
#2078 = PCURVE('',#334,#2079);
#2079 = DEFINITIONAL_REPRESENTATION('',(#2080),#2084);
#2080 = LINE('',#2081,#2082);
#2081 = CARTESIAN_POINT('',(6.,0.));
#2082 = VECTOR('',#2083,1.);
#2083 = DIRECTION('',(0.,1.));
#2084 = ( GEOMETRIC_REPRESENTATION_CONTEXT(2) 
PARAMETRIC_REPRESENTATION_CONTEXT() REPRESENTATION_CONTEXT('2D SPACE',''
  ) );
#2085 = PCURVE('',#866,#2086);
#2086 = DEFINITIONAL_REPRESENTATION('',(#2087),#2091);
#2087 = LINE('',#2088,#2089);
#2088 = CARTESIAN_POINT('',(6.,0.));
#2089 = VECTOR('',#2090,1.);
#2090 = DIRECTION('',(0.,1.));
#2091 = ( GEOMETRIC_REPRESENTATION_CONTEXT(2) 
PARAMETRIC_REPRESENTATION_CONTEXT() REPRESENTATION_CONTEXT('2D SPACE',''
  ) );
#2092 = ORIENTED_EDGE('',*,*,#1643,.T.);
#2093 = ORIENTED_EDGE('',*,*,#313,.T.);
#2094 = ORIENTED_EDGE('',*,*,#947,.T.);
#2095 = ADVANCED_FACE('',(#2096),#641,.F.);
#2096 = FACE_BOUND('',#2097,.F.);
#2097 = EDGE_LOOP('',(#2098,#2124,#2157,#2158,#2159));
#2098 = ORIENTED_EDGE('',*,*,#2099,.F.);
#2099 = EDGE_CURVE('',#2100,#2102,#2104,.T.);
#2100 = VERTEX_POINT('',#2101);
#2101 = CARTESIAN_POINT('',(-35.49415528877,0.69999998074,-18.));
#2102 = VERTEX_POINT('',#2103);
#2103 = CARTESIAN_POINT('',(-35.49415527976,-0.699999999976,-18.));
#2104 = SURFACE_CURVE('',#2105,(#2110,#2117),.PCURVE_S1.);
#2105 = CIRCLE('',#2106,1.65);
#2106 = AXIS2_PLACEMENT_3D('',#2107,#2108,#2109);
#2107 = CARTESIAN_POINT('',(-34.,0.,-18.));
#2108 = DIRECTION('',(0.,0.,1.));
#2109 = DIRECTION('',(1.,0.,-0.));
#2110 = PCURVE('',#641,#2111);
#2111 = DEFINITIONAL_REPRESENTATION('',(#2112),#2116);
#2112 = CIRCLE('',#2113,1.65);
#2113 = AXIS2_PLACEMENT_2D('',#2114,#2115);
#2114 = CARTESIAN_POINT('',(89.645542890541,-2.749783559879E-03));
#2115 = DIRECTION('',(0.99999999673,8.087627064654E-05));
#2116 = ( GEOMETRIC_REPRESENTATION_CONTEXT(2) 
PARAMETRIC_REPRESENTATION_CONTEXT() REPRESENTATION_CONTEXT('2D SPACE',''
  ) );
#2117 = PCURVE('',#2054,#2118);
#2118 = DEFINITIONAL_REPRESENTATION('',(#2119),#2123);
#2119 = LINE('',#2120,#2121);
#2120 = CARTESIAN_POINT('',(0.,3.));
#2121 = VECTOR('',#2122,1.);
#2122 = DIRECTION('',(1.,0.));
#2123 = ( GEOMETRIC_REPRESENTATION_CONTEXT(2) 
PARAMETRIC_REPRESENTATION_CONTEXT() REPRESENTATION_CONTEXT('2D SPACE',''
  ) );
#2124 = ORIENTED_EDGE('',*,*,#2125,.T.);
#2125 = EDGE_CURVE('',#2100,#625,#2126,.T.);
#2126 = SURFACE_CURVE('',#2127,(#2137,#2150),.PCURVE_S1.);
#2127 = B_SPLINE_CURVE_WITH_KNOTS('',8,(#2128,#2129,#2130,#2131,#2132,
    #2133,#2134,#2135,#2136),.UNSPECIFIED.,.F.,.F.,(9,9),(6.,7.),
  .PIECEWISE_BEZIER_KNOTS.);
#2128 = CARTESIAN_POINT('',(122.95554237496,0.69999998074,-18.));
#2129 = CARTESIAN_POINT('',(92.216656781224,0.69999998074,-18.));
#2130 = CARTESIAN_POINT('',(61.477771187482,0.69999998074,-18.));
#2131 = CARTESIAN_POINT('',(30.738885593741,0.69999998074,-18.));
#2132 = CARTESIAN_POINT('',(0.,0.69999998074,-18.));
#2133 = CARTESIAN_POINT('',(-30.73888559374,0.69999998074,-18.));
#2134 = CARTESIAN_POINT('',(-61.47777118748,0.69999998074,-18.));
#2135 = CARTESIAN_POINT('',(-92.21665678122,0.69999998074,-18.));
#2136 = CARTESIAN_POINT('',(-122.9555423749,0.69999998074,-18.));
#2137 = PCURVE('',#641,#2138);
#2138 = DEFINITIONAL_REPRESENTATION('',(#2139),#2149);
#2139 = B_SPLINE_CURVE_WITH_KNOTS('',8,(#2140,#2141,#2142,#2143,#2144,
    #2145,#2146,#2147,#2148),.UNSPECIFIED.,.F.,.F.,(9,9),(6.,7.),
  .PIECEWISE_BEZIER_KNOTS.);
#2140 = CARTESIAN_POINT('',(246.60102813879,0.709944173815));
#2141 = CARTESIAN_POINT('',(215.86214264558,0.707458127385));
#2142 = CARTESIAN_POINT('',(185.12325715237,0.704972080954));
#2143 = CARTESIAN_POINT('',(154.38437165916,0.702486034523));
#2144 = CARTESIAN_POINT('',(123.64548616595,0.699999988093));
#2145 = CARTESIAN_POINT('',(92.906600672747,0.697513941662));
#2146 = CARTESIAN_POINT('',(62.167715179537,0.695027895231));
#2147 = CARTESIAN_POINT('',(31.428829686327,0.692541848801));
#2148 = CARTESIAN_POINT('',(0.689944193117,0.69005580237));
#2149 = ( GEOMETRIC_REPRESENTATION_CONTEXT(2) 
PARAMETRIC_REPRESENTATION_CONTEXT() REPRESENTATION_CONTEXT('2D SPACE',''
  ) );
#2150 = PCURVE('',#723,#2151);
#2151 = DEFINITIONAL_REPRESENTATION('',(#2152),#2156);
#2152 = LINE('',#2153,#2154);
#2153 = CARTESIAN_POINT('',(0.,1.));
#2154 = VECTOR('',#2155,1.);
#2155 = DIRECTION('',(1.,0.));
#2156 = ( GEOMETRIC_REPRESENTATION_CONTEXT(2) 
PARAMETRIC_REPRESENTATION_CONTEXT() REPRESENTATION_CONTEXT('2D SPACE',''
  ) );
#2157 = ORIENTED_EDGE('',*,*,#624,.F.);
#2158 = ORIENTED_EDGE('',*,*,#1554,.F.);
#2159 = ORIENTED_EDGE('',*,*,#2160,.T.);
#2160 = EDGE_CURVE('',#1396,#2102,#2161,.T.);
#2161 = SURFACE_CURVE('',#2162,(#2172,#2185),.PCURVE_S1.);
#2162 = B_SPLINE_CURVE_WITH_KNOTS('',8,(#2163,#2164,#2165,#2166,#2167,
    #2168,#2169,#2170,#2171),.UNSPECIFIED.,.F.,.F.,(9,9),(2.,3.),
  .PIECEWISE_BEZIER_KNOTS.);
#2163 = CARTESIAN_POINT('',(-122.9555423749,-0.699999999976,-18.));
#2164 = CARTESIAN_POINT('',(-92.21665678122,-0.699999999976,-18.));
#2165 = CARTESIAN_POINT('',(-61.47777118748,-0.699999999976,-18.));
#2166 = CARTESIAN_POINT('',(-30.73888559374,-0.699999999976,-18.));
#2167 = CARTESIAN_POINT('',(5.329070518201E-15,-0.699999999976,-18.));
#2168 = CARTESIAN_POINT('',(30.738885593741,-0.699999999976,-18.));
#2169 = CARTESIAN_POINT('',(61.477771187482,-0.699999999976,-18.));
#2170 = CARTESIAN_POINT('',(92.216656781224,-0.699999999982,-18.));
#2171 = CARTESIAN_POINT('',(122.95554237496,-0.700000000024,-18.));
#2172 = PCURVE('',#641,#2173);
#2173 = DEFINITIONAL_REPRESENTATION('',(#2174),#2184);
#2174 = B_SPLINE_CURVE_WITH_KNOTS('',8,(#2175,#2176,#2177,#2178,#2179,
    #2180,#2181,#2182,#2183),.UNSPECIFIED.,.F.,.F.,(9,9),(2.,3.),
  .PIECEWISE_BEZIER_KNOTS.);
#2175 = CARTESIAN_POINT('',(0.690057419894,-0.709944173767));
#2176 = CARTESIAN_POINT('',(31.428942913104,-0.707458127336));
#2177 = CARTESIAN_POINT('',(62.167828406314,-0.704972080906));
#2178 = CARTESIAN_POINT('',(92.906713899524,-0.702486034475));
#2179 = CARTESIAN_POINT('',(123.64559939273,-0.699999988044));
#2180 = CARTESIAN_POINT('',(154.38448488594,-0.697513941614));
#2181 = CARTESIAN_POINT('',(185.12337037915,-0.695027895183));
#2182 = CARTESIAN_POINT('',(215.86225587236,-0.692541848758));
#2183 = CARTESIAN_POINT('',(246.60114136557,-0.69005580237));
#2184 = ( GEOMETRIC_REPRESENTATION_CONTEXT(2) 
PARAMETRIC_REPRESENTATION_CONTEXT() REPRESENTATION_CONTEXT('2D SPACE',''
  ) );
#2185 = PCURVE('',#1465,#2186);
#2186 = DEFINITIONAL_REPRESENTATION('',(#2187),#2191);
#2187 = LINE('',#2188,#2189);
#2188 = CARTESIAN_POINT('',(0.,1.));
#2189 = VECTOR('',#2190,1.);
#2190 = DIRECTION('',(1.,0.));
#2191 = ( GEOMETRIC_REPRESENTATION_CONTEXT(2) 
PARAMETRIC_REPRESENTATION_CONTEXT() REPRESENTATION_CONTEXT('2D SPACE',''
  ) );
#2192 = ADVANCED_FACE('',(#2193),#1465,.F.);
#2193 = FACE_BOUND('',#2194,.F.);
#2194 = EDGE_LOOP('',(#2195,#2363,#2364,#2510,#2544,#2695,#2735,#2945,
    #3054,#3094,#3281,#3321,#3501,#3502));
#2195 = ORIENTED_EDGE('',*,*,#2196,.F.);
#2196 = EDGE_CURVE('',#1717,#1201,#2197,.T.);
#2197 = SURFACE_CURVE('',#2198,(#2251,#2307),.PCURVE_S1.);
#2198 = B_SPLINE_CURVE_WITH_KNOTS('',6,(#2199,#2200,#2201,#2202,#2203,
    #2204,#2205,#2206,#2207,#2208,#2209,#2210,#2211,#2212,#2213,#2214,
    #2215,#2216,#2217,#2218,#2219,#2220,#2221,#2222,#2223,#2224,#2225,
    #2226,#2227,#2228,#2229,#2230,#2231,#2232,#2233,#2234,#2235,#2236,
    #2237,#2238,#2239,#2240,#2241,#2242,#2243,#2244,#2245,#2246,#2247,
    #2248,#2249,#2250),.UNSPECIFIED.,.F.,.F.,(7,5,5,5,5,5,5,5,5,5,7),(0.
    ,3.929550740097E-02,9.021824021934E-02,0.177658853005,0.296501166654
    ,0.400214343626,0.503712485781,0.607663973582,0.743211737386,
    0.881774009301,1.),.UNSPECIFIED.);
#2199 = CARTESIAN_POINT('',(-98.13379422739,-4.499999999976,0.));
#2200 = CARTESIAN_POINT('',(-98.13895471854,-4.492971045621,
    -0.124676548958));
#2201 = CARTESIAN_POINT('',(-98.14398791999,-4.486118504533,
    -0.249372087445));
#2202 = CARTESIAN_POINT('',(-98.14891989444,-4.479406613746,
    -0.374082733826));
#2203 = CARTESIAN_POINT('',(-98.15377418563,-4.47280312608,
    -0.498805153043));
#2204 = CARTESIAN_POINT('',(-98.15857181834,-4.466279310137,
    -0.623536556616));
#2205 = CARTESIAN_POINT('',(-98.16949903933,-4.451426401072,
    -0.909921868824));
#2206 = CARTESIAN_POINT('',(-98.17560338227,-4.443133362212,
    -1.071580121972));
#2207 = CARTESIAN_POINT('',(-98.18168459726,-4.434875954195,
    -1.233244525069));
#2208 = CARTESIAN_POINT('',(-98.18777870789,-4.426605220198,
    -1.394910662173));
#2209 = CARTESIAN_POINT('',(-98.19391749129,-4.41827812611,
    -1.556574638413));
#2210 = CARTESIAN_POINT('',(-98.21079361652,-4.395398261354,
    -1.99582055034));
#2211 = CARTESIAN_POINT('',(-98.22167273524,-4.380661848619,
    -2.273391285509));
#2212 = CARTESIAN_POINT('',(-98.23290784838,-4.36545679273,
    -2.550927660016));
#2213 = CARTESIAN_POINT('',(-98.24461417752,-4.349628996982,
    -2.828413300703));
#2214 = CARTESIAN_POINT('',(-98.25688716379,-4.333052219705,
    -3.105832148944));
#2215 = CARTESIAN_POINT('',(-98.28737238655,-4.291924076628,
    -3.760099675371));
#2216 = CARTESIAN_POINT('',(-98.30613463707,-4.266646837737,
    -4.136878216203));
#2217 = CARTESIAN_POINT('',(-98.32630182034,-4.239518491846,
    -4.513460027394));
#2218 = CARTESIAN_POINT('',(-98.34803353931,-4.210336449859,
    -4.889802158603));
#2219 = CARTESIAN_POINT('',(-98.37145912432,-4.178942903539,
    -5.26585918137));
#2220 = CARTESIAN_POINT('',(-98.41871514301,-4.115760037917,
    -5.969470963848));
#2221 = CARTESIAN_POINT('',(-98.44211429637,-4.084529998679,
    -6.297106175751));
#2222 = CARTESIAN_POINT('',(-98.4669672216,-4.051424689958,
    -6.624453261097));
#2223 = CARTESIAN_POINT('',(-98.4933412225,-4.016369656309,
    -6.951477706553));
#2224 = CARTESIAN_POINT('',(-98.5213035274,-3.979293576649,
    -7.278141393176));
#2225 = CARTESIAN_POINT('',(-98.58049572306,-3.90102113936,
    -7.929983321243));
#2226 = CARTESIAN_POINT('',(-98.61171862623,-3.859833573075,
    -8.255162189475));
#2227 = CARTESIAN_POINT('',(-98.64467533163,-3.816474353422,
    -8.579895112005));
#2228 = CARTESIAN_POINT('',(-98.67945080594,-3.770855525615,
    -8.904131164523));
#2229 = CARTESIAN_POINT('',(-98.71615012842,-3.722867698936,
    -9.227807458441));
#2230 = CARTESIAN_POINT('',(-98.79383954798,-3.621644818701,
    -9.87529956438));
#2231 = CARTESIAN_POINT('',(-98.83484721838,-3.568388312308,-10.19910565
    ));
#2232 = CARTESIAN_POINT('',(-98.87807221826,-3.512450964863,
    -10.52218857967));
#2233 = CARTESIAN_POINT('',(-98.9236843584,-3.453652789813,
    -10.8444440098));
#2234 = CARTESIAN_POINT('',(-98.97189749235,-3.391767837942,
    -11.16573477915));
#2235 = CARTESIAN_POINT('',(-99.08959622775,-3.241421294532,
    -11.90334957122));
#2236 = CARTESIAN_POINT('',(-99.16108696371,-3.150606003988,
    -12.31883784403));
#2237 = CARTESIAN_POINT('',(-99.23806538124,-3.053430224679,
    -12.73201477294));
#2238 = CARTESIAN_POINT('',(-99.32128968871,-2.949106069407,
    -13.14230366853));
#2239 = CARTESIAN_POINT('',(-99.41171657585,-2.836679843874,
    -13.54887425581));
#2240 = CARTESIAN_POINT('',(-99.61158497395,-2.5906513048,
    -14.36131850756));
#2241 = CARTESIAN_POINT('',(-99.72137534377,-2.456670947478,
    -14.76685797761));
#2242 = CARTESIAN_POINT('',(-99.84122637713,-2.311853535108,
    -15.16615735578));
#2243 = CARTESIAN_POINT('',(-99.97261026332,-2.154916553718,
    -15.55742199033));
#2244 = CARTESIAN_POINT('',(-100.1171847535,-1.984598044242,
    -15.93817733178));
#2245 = CARTESIAN_POINT('',(-100.4123952341,-1.642742706427,
    -16.61902646154));
#2246 = CARTESIAN_POINT('',(-100.5590205391,-1.475060342768,
    -16.92274276844));
#2247 = CARTESIAN_POINT('',(-100.717236554,-1.296693342524,
    -17.2147892595));
#2248 = CARTESIAN_POINT('',(-100.8877861219,-1.10756986601,
    -17.4930083877));
#2249 = CARTESIAN_POINT('',(-101.0710893096,-0.908213098262,
    -17.75529347574));
#2250 = CARTESIAN_POINT('',(-101.2668361087,-0.699999999976,-18.));
#2251 = PCURVE('',#1465,#2252);
#2252 = DEFINITIONAL_REPRESENTATION('',(#2253),#2306);
#2253 = B_SPLINE_CURVE_WITH_KNOTS('',6,(#2254,#2255,#2256,#2257,#2258,
    #2259,#2260,#2261,#2262,#2263,#2264,#2265,#2266,#2267,#2268,#2269,
    #2270,#2271,#2272,#2273,#2274,#2275,#2276,#2277,#2278,#2279,#2280,
    #2281,#2282,#2283,#2284,#2285,#2286,#2287,#2288,#2289,#2290,#2291,
    #2292,#2293,#2294,#2295,#2296,#2297,#2298,#2299,#2300,#2301,#2302,
    #2303,#2304,#2305),.UNSPECIFIED.,.F.,.F.,(7,5,5,5,5,5,5,5,5,5,7),(0.
    ,3.929550740097E-02,9.021824021934E-02,0.177658853005,0.296501166654
    ,0.400214343626,0.503712485781,0.607663973582,0.743211737386,
    0.881774009301,1.),.UNSPECIFIED.);
#2254 = CARTESIAN_POINT('',(2.100937898643,0.));
#2255 = CARTESIAN_POINT('',(2.100916913451,6.937232888266E-03));
#2256 = CARTESIAN_POINT('',(2.100896445885,1.384016578321E-02));
#2257 = CARTESIAN_POINT('',(2.100876389959,2.071239240784E-02));
#2258 = CARTESIAN_POINT('',(2.100856649933,2.75571408397E-02));
#2259 = CARTESIAN_POINT('',(2.10083714031,3.437727351086E-02));
#2260 = CARTESIAN_POINT('',(2.100792704651,4.998477423362E-02));
#2261 = CARTESIAN_POINT('',(2.100767881277,5.875720633406E-02));
#2262 = CARTESIAN_POINT('',(2.100743151952,6.749801489265E-02));
#2263 = CARTESIAN_POINT('',(2.100718370188,7.621198289656E-02));
#2264 = CARTESIAN_POINT('',(2.100693406761,8.490324493675E-02));
#2265 = CARTESIAN_POINT('',(2.100624779821,0.108466268716));
#2266 = CARTESIAN_POINT('',(2.100580539771,0.123300724782));
#2267 = CARTESIAN_POINT('',(2.100534852065,0.138096668608));
#2268 = CARTESIAN_POINT('',(2.100487248155,0.152867843915));
#2269 = CARTESIAN_POINT('',(2.100437339928,0.167624686731));
#2270 = CARTESIAN_POINT('',(2.100313371451,0.2024231152));
#2271 = CARTESIAN_POINT('',(2.100237074563,0.222459429237));
#2272 = CARTESIAN_POINT('',(2.100155064501,0.242504153322));
#2273 = CARTESIAN_POINT('',(2.100066692238,0.262568982539));
#2274 = CARTESIAN_POINT('',(2.099971431852,0.282659165558));
#2275 = CARTESIAN_POINT('',(2.099779264757,0.32033053791));
#2276 = CARTESIAN_POINT('',(2.099684111855,0.337905547607));
#2277 = CARTESIAN_POINT('',(2.099583047174,0.355500720605));
#2278 = CARTESIAN_POINT('',(2.099475797024,0.373113720276));
#2279 = CARTESIAN_POINT('',(2.099362088018,0.390740325497));
#2280 = CARTESIAN_POINT('',(2.099121382335,0.425973685951));
#2281 = CARTESIAN_POINT('',(2.098994414072,0.443580354462));
#2282 = CARTESIAN_POINT('',(2.098860395285,0.461190169787));
#2283 = CARTESIAN_POINT('',(2.098718980455,0.478796846709));
#2284 = CARTESIAN_POINT('',(2.098569742276,0.496393846733));
#2285 = CARTESIAN_POINT('',(2.098253817438,0.531633736802));
#2286 = CARTESIAN_POINT('',(2.098087059317,0.549276270974));
#2287 = CARTESIAN_POINT('',(2.097911284403,0.566897085855));
#2288 = CARTESIAN_POINT('',(2.097725802157,0.584490361232));
#2289 = CARTESIAN_POINT('',(2.097529742943,0.602050986578));
#2290 = CARTESIAN_POINT('',(2.097051119804,0.642426125097));
#2291 = CARTESIAN_POINT('',(2.096760401978,0.665213148035));
#2292 = CARTESIAN_POINT('',(2.096447368437,0.68793067972));
#2293 = CARTESIAN_POINT('',(2.09610893592,0.710570210055));
#2294 = CARTESIAN_POINT('',(2.095741214037,0.733121766771));
#2295 = CARTESIAN_POINT('',(2.094928447104,0.778528153859));
#2296 = CARTESIAN_POINT('',(2.094481983416,0.801371905768));
#2297 = CARTESIAN_POINT('',(2.093994607935,0.824100177309));
#2298 = CARTESIAN_POINT('',(2.093460333986,0.846682307323));
#2299 = CARTESIAN_POINT('',(2.092872420309,0.869066171525));
#2300 = CARTESIAN_POINT('',(2.091671943799,0.910039526557));
#2301 = CARTESIAN_POINT('',(2.091075690462,0.928702889867));
#2302 = CARTESIAN_POINT('',(2.090432303381,0.947108888334));
#2303 = CARTESIAN_POINT('',(2.089738761778,0.965185152457));
#2304 = CARTESIAN_POINT('',(2.088993357447,0.982846596009));
#2305 = CARTESIAN_POINT('',(2.08819735104,1.));
#2306 = ( GEOMETRIC_REPRESENTATION_CONTEXT(2) 
PARAMETRIC_REPRESENTATION_CONTEXT() REPRESENTATION_CONTEXT('2D SPACE',''
  ) );
#2307 = PCURVE('',#1294,#2308);
#2308 = DEFINITIONAL_REPRESENTATION('',(#2309),#2362);
#2309 = B_SPLINE_CURVE_WITH_KNOTS('',6,(#2310,#2311,#2312,#2313,#2314,
    #2315,#2316,#2317,#2318,#2319,#2320,#2321,#2322,#2323,#2324,#2325,
    #2326,#2327,#2328,#2329,#2330,#2331,#2332,#2333,#2334,#2335,#2336,
    #2337,#2338,#2339,#2340,#2341,#2342,#2343,#2344,#2345,#2346,#2347,
    #2348,#2349,#2350,#2351,#2352,#2353,#2354,#2355,#2356,#2357,#2358,
    #2359,#2360,#2361),.UNSPECIFIED.,.F.,.F.,(7,5,5,5,5,5,5,5,5,5,7),(0.
    ,3.929550740097E-02,9.021824021934E-02,0.177658853005,0.296501166654
    ,0.400214343626,0.503712485781,0.607663973582,0.743211737386,
    0.881774009301,1.),.UNSPECIFIED.);
#2310 = CARTESIAN_POINT('',(3.806338249106,3.75287169137E-11));
#2311 = CARTESIAN_POINT('',(3.806557413341,6.937232847363E-03));
#2312 = CARTESIAN_POINT('',(3.806771294641,1.384016576424E-02));
#2313 = CARTESIAN_POINT('',(3.806980989287,2.071239241474E-02));
#2314 = CARTESIAN_POINT('',(3.807187490009,2.755714083565E-02));
#2315 = CARTESIAN_POINT('',(3.807391685985,3.437727347394E-02));
#2316 = CARTESIAN_POINT('',(3.807857008833,4.998477420993E-02));
#2317 = CARTESIAN_POINT('',(3.808117131386,5.875720630862E-02));
#2318 = CARTESIAN_POINT('',(3.808376439735,6.749801486616E-02));
#2319 = CARTESIAN_POINT('',(3.808636468428,7.621198286963E-02));
#2320 = CARTESIAN_POINT('',(3.80889857732,8.49032449099E-02));
#2321 = CARTESIAN_POINT('',(3.809619636407,0.108466268691));
#2322 = CARTESIAN_POINT('',(3.810084994185,0.123300724759));
#2323 = CARTESIAN_POINT('',(3.810566134741,0.138096668588));
#2324 = CARTESIAN_POINT('',(3.811068068574,0.152867843898));
#2325 = CARTESIAN_POINT('',(3.811595004038,0.167624686718));
#2326 = CARTESIAN_POINT('',(3.812905823785,0.202423115197));
#2327 = CARTESIAN_POINT('',(3.813714022613,0.22245942924));
#2328 = CARTESIAN_POINT('',(3.814584458956,0.242504153331));
#2329 = CARTESIAN_POINT('',(3.815524526154,0.262568982554));
#2330 = CARTESIAN_POINT('',(3.816540484547,0.282659165577));
#2331 = CARTESIAN_POINT('',(3.818596083997,0.320330537937));
#2332 = CARTESIAN_POINT('',(3.819616240486,0.337905547637));
#2333 = CARTESIAN_POINT('',(3.820702500708,0.355500720638));
#2334 = CARTESIAN_POINT('',(3.821858453895,0.37311372031));
#2335 = CARTESIAN_POINT('',(3.823087821766,0.390740325533));
#2336 = CARTESIAN_POINT('',(3.825699230093,0.425973685989));
#2337 = CARTESIAN_POINT('',(3.827080943049,0.443580354501));
#2338 = CARTESIAN_POINT('',(3.828544306078,0.461190169826));
#2339 = CARTESIAN_POINT('',(3.830094135037,0.478796846748));
#2340 = CARTESIAN_POINT('',(3.831736372069,0.496393846772));
#2341 = CARTESIAN_POINT('',(3.835228629486,0.531633736841));
#2342 = CARTESIAN_POINT('',(3.837079501872,0.549276271013));
#2343 = CARTESIAN_POINT('',(3.839039135864,0.566897085894));
#2344 = CARTESIAN_POINT('',(3.8411170274,0.584490361271));
#2345 = CARTESIAN_POINT('',(3.84332519626,0.602050986617));
#2346 = CARTESIAN_POINT('',(3.848748383966,0.642426125139));
#2347 = CARTESIAN_POINT('',(3.852065063928,0.665213148078));
#2348 = CARTESIAN_POINT('',(3.855663932855,0.687930679766));
#2349 = CARTESIAN_POINT('',(3.859588366097,0.710570210104));
#2350 = CARTESIAN_POINT('',(3.863895280732,0.733121766824));
#2351 = CARTESIAN_POINT('',(3.873531009387,0.77852815392));
#2352 = CARTESIAN_POINT('',(3.878879089415,0.801371905834));
#2353 = CARTESIAN_POINT('',(3.884786097326,0.824100177378));
#2354 = CARTESIAN_POINT('',(3.891349779579,0.846682307395));
#2355 = CARTESIAN_POINT('',(3.89869000026,0.869066171599));
#2356 = CARTESIAN_POINT('',(3.913981692558,0.910039526645));
#2357 = CARTESIAN_POINT('',(3.921684926307,0.92870288986));
#2358 = CARTESIAN_POINT('',(3.93013122033,0.947108888526));
#2359 = CARTESIAN_POINT('',(3.93940354919,0.96518515236));
#2360 = CARTESIAN_POINT('',(3.949583303137,0.982846596123));
#2361 = CARTESIAN_POINT('',(3.960719707164,0.999999999971));
#2362 = ( GEOMETRIC_REPRESENTATION_CONTEXT(2) 
PARAMETRIC_REPRESENTATION_CONTEXT() REPRESENTATION_CONTEXT('2D SPACE',''
  ) );
#2363 = ORIENTED_EDGE('',*,*,#1751,.T.);
#2364 = ORIENTED_EDGE('',*,*,#2365,.T.);
#2365 = EDGE_CURVE('',#1752,#2366,#2368,.T.);
#2366 = VERTEX_POINT('',#2367);
#2367 = CARTESIAN_POINT('',(-40.92106220305,-3.680288749919,-9.5));
#2368 = SURFACE_CURVE('',#2369,(#2414,#2462),.PCURVE_S1.);
#2369 = B_SPLINE_CURVE_WITH_KNOTS('',8,(#2370,#2371,#2372,#2373,#2374,
    #2375,#2376,#2377,#2378,#2379,#2380,#2381,#2382,#2383,#2384,#2385,
    #2386,#2387,#2388,#2389,#2390,#2391,#2392,#2393,#2394,#2395,#2396,
    #2397,#2398,#2399,#2400,#2401,#2402,#2403,#2404,#2405,#2406,#2407,
    #2408,#2409,#2410,#2411,#2412,#2413),.UNSPECIFIED.,.F.,.F.,(9,7,7,7,
    7,7,9),(0.,7.473608338828E-02,0.128268674601,0.240438765139,
    0.747907128455,0.909398321264,1.),.UNSPECIFIED.);
#2370 = CARTESIAN_POINT('',(-44.47199138755,-4.499999999976,0.));
#2371 = CARTESIAN_POINT('',(-44.44930827163,-4.494763735231,
    -9.287765422035E-02));
#2372 = CARTESIAN_POINT('',(-44.42700796148,-4.489615838958,
    -0.185854200401));
#2373 = CARTESIAN_POINT('',(-44.40503993637,-4.484544648747,
    -0.278915032461));
#2374 = CARTESIAN_POINT('',(-44.38335667333,-4.479539194194,
    -0.372046819955));
#2375 = CARTESIAN_POINT('',(-44.36191343208,-4.474589147269,
    -0.465237455388));
#2376 = CARTESIAN_POINT('',(-44.34066804003,-4.469684772676,
    -0.55847600154));
#2377 = CARTESIAN_POINT('',(-44.31958067727,-4.464816878221,
    -0.651752638784));
#2378 = CARTESIAN_POINT('',(-44.2835952309,-4.456509848231,
    -0.811892600985));
#2379 = CARTESIAN_POINT('',(-44.26863855545,-4.453057187112,
    -0.878741470225));
#2380 = CARTESIAN_POINT('',(-44.25372987672,-4.449615605756,
    -0.945601921254));
#2381 = CARTESIAN_POINT('',(-44.23885596841,-4.446182050948,
    -1.012470800505));
#2382 = CARTESIAN_POINT('',(-44.22400413638,-4.442753592319,
    -1.079345099716));
#2383 = CARTESIAN_POINT('',(-44.20916221864,-4.439327422348,
    -1.146221955929));
#2384 = CARTESIAN_POINT('',(-44.19431858536,-4.435900856355,
    -1.213098651494));
#2385 = CARTESIAN_POINT('',(-44.14833252401,-4.42528524284,
    -1.420097690517));
#2386 = CARTESIAN_POINT('',(-44.11714658429,-4.418086150912,
    -1.560210252562));
#2387 = CARTESIAN_POINT('',(-44.08580174917,-4.410850378908,
    -1.700286801443));
#2388 = CARTESIAN_POINT('',(-44.0542046169,-4.403556365583,
    -1.84030515225));
#2389 = CARTESIAN_POINT('',(-44.02227019084,-4.396184489957,
    -1.980244252326));
#2390 = CARTESIAN_POINT('',(-43.98992111569,-4.388716895011,
    -2.120083999669));
#2391 = CARTESIAN_POINT('',(-43.95708691373,-4.381137311377,
    -2.259805061345));
#2392 = CARTESIAN_POINT('',(-43.77267215964,-4.338566243143,
    -3.030878567655));
#2393 = CARTESIAN_POINT('',(-43.6103492174,-4.301094940569,
    -3.659747160085));
#2394 = CARTESIAN_POINT('',(-43.4308738904,-4.259664110213,
    -4.283842169079));
#2395 = CARTESIAN_POINT('',(-43.23097616424,-4.213518888361,
    -4.901579501905));
#2396 = CARTESIAN_POINT('',(-43.00902237838,-4.162282154029,
    -5.511618532951));
#2397 = CARTESIAN_POINT('',(-42.76461823572,-4.105862886032,
    -6.112722136889));
#2398 = CARTESIAN_POINT('',(-42.49808106083,-4.044334336893,
    -6.703574832944));
#2399 = CARTESIAN_POINT('',(-42.11861071687,-3.956735825674,
    -7.467007282552));
#2400 = CARTESIAN_POINT('',(-42.02482117001,-3.935085056902,
    -7.650164683671));
#2401 = CARTESIAN_POINT('',(-41.92886462029,-3.912934048183,
    -7.832150362845));
#2402 = CARTESIAN_POINT('',(-41.83075883643,-3.890286901325,
    -8.012933862151));
#2403 = CARTESIAN_POINT('',(-41.73052271449,-3.86714797837,
    -8.192485424554));
#2404 = CARTESIAN_POINT('',(-41.62817556839,-3.843521737826,
    -8.370775594103));
#2405 = CARTESIAN_POINT('',(-41.52373642056,-3.819412570909,
    -8.547774816141));
#2406 = CARTESIAN_POINT('',(-41.35746605102,-3.781030027811,
    -8.822014089005));
#2407 = CARTESIAN_POINT('',(-41.29705601603,-3.767084724279,
    -8.920159356885));
#2408 = CARTESIAN_POINT('',(-41.23599641267,-3.752989471684,
    -9.017883576781));
#2409 = CARTESIAN_POINT('',(-41.17429038682,-3.738744996237,
    -9.115181417137));
#2410 = CARTESIAN_POINT('',(-41.11194100514,-3.724352005856,
    -9.212047479194));
#2411 = CARTESIAN_POINT('',(-41.04895125504,-3.709811190167,
    -9.308476296996));
#2412 = CARTESIAN_POINT('',(-40.9853240447,-3.695123220506,
    -9.404462337384));
#2413 = CARTESIAN_POINT('',(-40.92106220305,-3.680288749919,-9.5));
#2414 = PCURVE('',#1465,#2415);
#2415 = DEFINITIONAL_REPRESENTATION('',(#2416),#2461);
#2416 = B_SPLINE_CURVE_WITH_KNOTS('',8,(#2417,#2418,#2419,#2420,#2421,
    #2422,#2423,#2424,#2425,#2426,#2427,#2428,#2429,#2430,#2431,#2432,
    #2433,#2434,#2435,#2436,#2437,#2438,#2439,#2440,#2441,#2442,#2443,
    #2444,#2445,#2446,#2447,#2448,#2449,#2450,#2451,#2452,#2453,#2454,
    #2455,#2456,#2457,#2458,#2459,#2460),.UNSPECIFIED.,.F.,.F.,(9,7,7,7,
    7,7,9),(0.,7.473608338828E-02,0.128268674601,0.240438765139,
    0.747907128455,0.909398321264,1.),.UNSPECIFIED.);
#2417 = CARTESIAN_POINT('',(2.31915418155,0.));
#2418 = CARTESIAN_POINT('',(2.319246422678,5.167889567237E-03));
#2419 = CARTESIAN_POINT('',(2.319337107123,1.032257974331E-02));
#2420 = CARTESIAN_POINT('',(2.319426440327,1.54645510782E-02));
#2421 = CARTESIAN_POINT('',(2.319514615543,2.059427630094E-02));
#2422 = CARTESIAN_POINT('',(2.319601814708,2.571222232831E-02));
#2423 = CARTESIAN_POINT('',(2.319688209317,3.081885227355E-02));
#2424 = CARTESIAN_POINT('',(2.319773961298,3.591462745509E-02));
#2425 = CARTESIAN_POINT('',(2.319920296493,4.464260961586E-02));
#2426 = CARTESIAN_POINT('',(2.31998111797,4.827986874488E-02));
#2427 = CARTESIAN_POINT('',(2.320041744268,5.191195035038E-02));
#2428 = CARTESIAN_POINT('',(2.320102229172,5.55390121272E-02));
#2429 = CARTESIAN_POINT('',(2.320162624302,5.916120590696E-02));
#2430 = CARTESIAN_POINT('',(2.320222979116,6.277867765803E-02));
#2431 = CARTESIAN_POINT('',(2.320283340906,6.639156748552E-02));
#2432 = CARTESIAN_POINT('',(2.320470343706,7.756099767669E-02));
#2433 = CARTESIAN_POINT('',(2.320597161656,8.510243443166E-02));
#2434 = CARTESIAN_POINT('',(2.320724625756,9.262557400684E-02));
#2435 = CARTESIAN_POINT('',(2.320853115826,0.100131509724));
#2436 = CARTESIAN_POINT('',(2.320982977503,0.107621183825));
#2437 = CARTESIAN_POINT('',(2.321114525356,0.115095397187));
#2438 = CARTESIAN_POINT('',(2.321248045982,0.122554819029));
#2439 = CARTESIAN_POINT('',(2.32199797051,0.163682701809));
#2440 = CARTESIAN_POINT('',(2.322658058453,0.19708406699));
#2441 = CARTESIAN_POINT('',(2.323387896749,0.230232116482));
#2442 = CARTESIAN_POINT('',(2.324200782945,0.263119980184));
#2443 = CARTESIAN_POINT('',(2.325103360338,0.295712122474));
#2444 = CARTESIAN_POINT('',(2.326097232342,0.327946826945));
#2445 = CARTESIAN_POINT('',(2.327181108554,0.359741659823));
#2446 = CARTESIAN_POINT('',(2.328724228679,0.400946955888));
#2447 = CARTESIAN_POINT('',(2.329105624853,0.410842335784));
#2448 = CARTESIAN_POINT('',(2.329495833167,0.420683600082));
#2449 = CARTESIAN_POINT('',(2.329894781364,0.430468486302));
#2450 = CARTESIAN_POINT('',(2.330302392603,0.440194744364));
#2451 = CARTESIAN_POINT('',(2.330718588344,0.44986014275));
#2452 = CARTESIAN_POINT('',(2.331143291231,0.459462474665));
#2453 = CARTESIAN_POINT('',(2.33181943143,0.474350173775));
#2454 = CARTESIAN_POINT('',(2.332065089469,0.479680248902));
#2455 = CARTESIAN_POINT('',(2.332313388985,0.484989405204));
#2456 = CARTESIAN_POINT('',(2.332564317185,0.490277261576));
#2457 = CARTESIAN_POINT('',(2.332817861598,0.495543440182));
#2458 = CARTESIAN_POINT('',(2.333074010076,0.500787566461));
#2459 = CARTESIAN_POINT('',(2.333332750793,0.50600926912));
#2460 = CARTESIAN_POINT('',(2.333594072245,0.511208180139));
#2461 = ( GEOMETRIC_REPRESENTATION_CONTEXT(2) 
PARAMETRIC_REPRESENTATION_CONTEXT() REPRESENTATION_CONTEXT('2D SPACE',''
  ) );
#2462 = PCURVE('',#1801,#2463);
#2463 = DEFINITIONAL_REPRESENTATION('',(#2464),#2509);
#2464 = B_SPLINE_CURVE_WITH_KNOTS('',8,(#2465,#2466,#2467,#2468,#2469,
    #2470,#2471,#2472,#2473,#2474,#2475,#2476,#2477,#2478,#2479,#2480,
    #2481,#2482,#2483,#2484,#2485,#2486,#2487,#2488,#2489,#2490,#2491,
    #2492,#2493,#2494,#2495,#2496,#2497,#2498,#2499,#2500,#2501,#2502,
    #2503,#2504,#2505,#2506,#2507,#2508),.UNSPECIFIED.,.F.,.F.,(9,7,7,7,
    7,7,9),(0.,7.473608338828E-02,0.128268674601,0.240438765139,
    0.747907128455,0.909398321264,1.),.UNSPECIFIED.);
#2465 = CARTESIAN_POINT('',(9.5,-155.6554149086));
#2466 = CARTESIAN_POINT('',(9.40712234578,-155.678694561));
#2467 = CARTESIAN_POINT('',(9.314145799599,-155.7015813404));
#2468 = CARTESIAN_POINT('',(9.221084967539,-155.724127096));
#2469 = CARTESIAN_POINT('',(9.127953180045,-155.7463806007));
#2470 = CARTESIAN_POINT('',(9.034762544612,-155.7683877714));
#2471 = CARTESIAN_POINT('',(8.94152399846,-155.7901918896));
#2472 = CARTESIAN_POINT('',(8.848247361216,-155.8118338227));
#2473 = CARTESIAN_POINT('',(8.688107399015,-155.8487656395));
#2474 = CARTESIAN_POINT('',(8.621258529775,-155.8641156561));
#2475 = CARTESIAN_POINT('',(8.554398078746,-155.8794164137));
#2476 = CARTESIAN_POINT('',(8.487529199495,-155.8946814865));
#2477 = CARTESIAN_POINT('',(8.420654900284,-155.9099239025));
#2478 = CARTESIAN_POINT('',(8.353778044071,-155.9251561434));
#2479 = CARTESIAN_POINT('',(8.286901348506,-155.9403901449));
#2480 = CARTESIAN_POINT('',(8.079902309483,-155.98758558));
#2481 = CARTESIAN_POINT('',(7.939789747438,-156.0195916694));
#2482 = CARTESIAN_POINT('',(7.799713198557,-156.051760833));
#2483 = CARTESIAN_POINT('',(7.65969484775,-156.0841889288));
#2484 = CARTESIAN_POINT('',(7.519755747674,-156.1169631888));
#2485 = CARTESIAN_POINT('',(7.379916000331,-156.1501630026));
#2486 = CARTESIAN_POINT('',(7.240194938655,-156.1838607014));
#2487 = CARTESIAN_POINT('',(6.469121432345,-156.373125324));
#2488 = CARTESIAN_POINT('',(5.840252839915,-156.5397171488));
#2489 = CARTESIAN_POINT('',(5.216157830921,-156.7239124439));
#2490 = CARTESIAN_POINT('',(4.598420498095,-156.9290672206));
#2491 = CARTESIAN_POINT('',(3.988381467049,-157.1568581028));
#2492 = CARTESIAN_POINT('',(3.387277863111,-157.407689757));
#2493 = CARTESIAN_POINT('',(2.796425167056,-157.6812365134));
#2494 = CARTESIAN_POINT('',(2.032992717448,-158.0706864346));
#2495 = CARTESIAN_POINT('',(1.849835316329,-158.1669425248));
#2496 = CARTESIAN_POINT('',(1.667849637155,-158.2654226071));
#2497 = CARTESIAN_POINT('',(1.487066137849,-158.3661084457));
#2498 = CARTESIAN_POINT('',(1.307514575446,-158.4689806474));
#2499 = CARTESIAN_POINT('',(1.129224405897,-158.5740193906));
#2500 = CARTESIAN_POINT('',(0.952225183859,-158.6812051524));
#2501 = CARTESIAN_POINT('',(0.677985910995,-158.8518482167));
#2502 = CARTESIAN_POINT('',(0.579840643115,-158.9138469571));
#2503 = CARTESIAN_POINT('',(0.482116423219,-158.9765123488));
#2504 = CARTESIAN_POINT('',(0.384818582863,-159.039841163));
#2505 = CARTESIAN_POINT('',(0.287952520806,-159.1038302524));
#2506 = CARTESIAN_POINT('',(0.191523703004,-159.1684765511));
#2507 = CARTESIAN_POINT('',(9.553766261644E-02,-159.2337770745));
#2508 = CARTESIAN_POINT('',(0.,-159.2997289191));
#2509 = ( GEOMETRIC_REPRESENTATION_CONTEXT(2) 
PARAMETRIC_REPRESENTATION_CONTEXT() REPRESENTATION_CONTEXT('2D SPACE',''
  ) );
#2510 = ORIENTED_EDGE('',*,*,#2511,.F.);
#2511 = EDGE_CURVE('',#2512,#2366,#2514,.T.);
#2512 = VERTEX_POINT('',#2513);
#2513 = CARTESIAN_POINT('',(9.035578800102,-3.680288749919,-9.5));
#2514 = SURFACE_CURVE('',#2515,(#2521,#2530),.PCURVE_S1.);
#2515 = B_SPLINE_CURVE_WITH_KNOTS('',4,(#2516,#2517,#2518,#2519,#2520),
  .UNSPECIFIED.,.F.,.F.,(5,5),(0.,1.),.PIECEWISE_BEZIER_KNOTS.);
#2516 = CARTESIAN_POINT('',(9.035578800102,-3.680288749919,-9.5));
#2517 = CARTESIAN_POINT('',(-3.453581450688,-3.680288749919,-9.5));
#2518 = CARTESIAN_POINT('',(-15.94274170147,-3.680288749919,-9.5));
#2519 = CARTESIAN_POINT('',(-28.43190195226,-3.680288749919,-9.5));
#2520 = CARTESIAN_POINT('',(-40.92106220305,-3.680288749919,-9.5));
#2521 = PCURVE('',#1465,#2522);
#2522 = DEFINITIONAL_REPRESENTATION('',(#2523),#2529);
#2523 = B_SPLINE_CURVE_WITH_KNOTS('',4,(#2524,#2525,#2526,#2527,#2528),
  .UNSPECIFIED.,.F.,.F.,(5,5),(0.,1.),.PIECEWISE_BEZIER_KNOTS.);
#2524 = CARTESIAN_POINT('',(2.536743275763,0.511208180139));
#2525 = CARTESIAN_POINT('',(2.485955974883,0.511208180139));
#2526 = CARTESIAN_POINT('',(2.435168674004,0.511208180139));
#2527 = CARTESIAN_POINT('',(2.384381373124,0.511208180139));
#2528 = CARTESIAN_POINT('',(2.333594072245,0.511208180139));
#2529 = ( GEOMETRIC_REPRESENTATION_CONTEXT(2) 
PARAMETRIC_REPRESENTATION_CONTEXT() REPRESENTATION_CONTEXT('2D SPACE',''
  ) );
#2530 = PCURVE('',#2531,#2536);
#2531 = PLANE('',#2532);
#2532 = AXIS2_PLACEMENT_3D('',#2533,#2534,#2535);
#2533 = CARTESIAN_POINT('',(-196.1387670657,-39.51138880101,-9.5));
#2534 = DIRECTION('',(0.,0.,1.));
#2535 = DIRECTION('',(0.224928819994,-0.974375197722,0.));
#2536 = DEFINITIONAL_REPRESENTATION('',(#2537),#2543);
#2537 = B_SPLINE_CURVE_WITH_KNOTS('',4,(#2538,#2539,#2540,#2541,#2542),
  .UNSPECIFIED.,.F.,.F.,(5,5),(0.,1.),.PIECEWISE_BEZIER_KNOTS.);
#2538 = CARTESIAN_POINT('',(11.236688311688,207.97624087412));
#2539 = CARTESIAN_POINT('',(8.427516233766,195.80711288538));
#2540 = CARTESIAN_POINT('',(5.618344155844,183.63798489663));
#2541 = CARTESIAN_POINT('',(2.809172077922,171.46885690788));
#2542 = CARTESIAN_POINT('',(0.,159.29972891913));
#2543 = ( GEOMETRIC_REPRESENTATION_CONTEXT(2) 
PARAMETRIC_REPRESENTATION_CONTEXT() REPRESENTATION_CONTEXT('2D SPACE',''
  ) );
#2544 = ORIENTED_EDGE('',*,*,#2545,.F.);
#2545 = EDGE_CURVE('',#2546,#2512,#2548,.T.);
#2546 = VERTEX_POINT('',#2547);
#2547 = CARTESIAN_POINT('',(5.484649615608,-4.499999999976,0.));
#2548 = SURFACE_CURVE('',#2549,(#2594,#2642),.PCURVE_S1.);
#2549 = B_SPLINE_CURVE_WITH_KNOTS('',8,(#2550,#2551,#2552,#2553,#2554,
    #2555,#2556,#2557,#2558,#2559,#2560,#2561,#2562,#2563,#2564,#2565,
    #2566,#2567,#2568,#2569,#2570,#2571,#2572,#2573,#2574,#2575,#2576,
    #2577,#2578,#2579,#2580,#2581,#2582,#2583,#2584,#2585,#2586,#2587,
    #2588,#2589,#2590,#2591,#2592,#2593),.UNSPECIFIED.,.F.,.F.,(9,7,7,7,
    7,7,9),(0.,7.473608338838E-02,0.128268674601,0.24043876514,
    0.747907128455,0.909398321264,1.),.UNSPECIFIED.);
#2550 = CARTESIAN_POINT('',(5.484649615608,-4.499999999976,0.));
#2551 = CARTESIAN_POINT('',(5.507332731522,-4.494763735231,
    -9.287765422034E-02));
#2552 = CARTESIAN_POINT('',(5.529633041676,-4.489615838958,
    -0.185854200401));
#2553 = CARTESIAN_POINT('',(5.551601066783,-4.484544648747,
    -0.278915032461));
#2554 = CARTESIAN_POINT('',(5.573284329825,-4.479539194194,
    -0.372046819955));
#2555 = CARTESIAN_POINT('',(5.594727571076,-4.474589147269,
    -0.465237455388));
#2556 = CARTESIAN_POINT('',(5.615972963121,-4.469684772677,
    -0.55847600154));
#2557 = CARTESIAN_POINT('',(5.637060325881,-4.464816878221,
    -0.651752638784));
#2558 = CARTESIAN_POINT('',(5.673045772253,-4.456509848231,
    -0.811892600985));
#2559 = CARTESIAN_POINT('',(5.688002447702,-4.453057187113,
    -0.878741470225));
#2560 = CARTESIAN_POINT('',(5.702911126434,-4.449615605756,
    -0.945601921254));
#2561 = CARTESIAN_POINT('',(5.717785034745,-4.446182050948,
    -1.012470800505));
#2562 = CARTESIAN_POINT('',(5.732636866778,-4.44275359232,
    -1.079345099716));
#2563 = CARTESIAN_POINT('',(5.747478784516,-4.439327422348,
    -1.146221955929));
#2564 = CARTESIAN_POINT('',(5.762322417792,-4.435900856355,
    -1.213098651494));
#2565 = CARTESIAN_POINT('',(5.808308479148,-4.425285242841,
    -1.420097690517));
#2566 = CARTESIAN_POINT('',(5.839494418865,-4.418086150913,
    -1.560210252562));
#2567 = CARTESIAN_POINT('',(5.870839253988,-4.410850378908,
    -1.700286801443));
#2568 = CARTESIAN_POINT('',(5.902436386254,-4.403556365583,
    -1.84030515225));
#2569 = CARTESIAN_POINT('',(5.934370812312,-4.396184489958,
    -1.980244252326));
#2570 = CARTESIAN_POINT('',(5.966719887467,-4.388716895011,
    -2.120083999669));
#2571 = CARTESIAN_POINT('',(5.999554089423,-4.381137311378,
    -2.259805061345));
#2572 = CARTESIAN_POINT('',(6.183968843517,-4.338566243144,
    -3.030878567655));
#2573 = CARTESIAN_POINT('',(6.346291785754,-4.301094940569,
    -3.659747160089));
#2574 = CARTESIAN_POINT('',(6.525767112752,-4.259664110213,
    -4.28384216907));
#2575 = CARTESIAN_POINT('',(6.725664838917,-4.213518888361,
    -4.901579501916));
#2576 = CARTESIAN_POINT('',(6.947618624772,-4.162282154029,
    -5.511618532941));
#2577 = CARTESIAN_POINT('',(7.192022767435,-4.105862886032,
    -6.112722136893));
#2578 = CARTESIAN_POINT('',(7.458559942324,-4.044334336893,
    -6.703574832943));
#2579 = CARTESIAN_POINT('',(7.838030286284,-3.956735825674,
    -7.467007282552));
#2580 = CARTESIAN_POINT('',(7.931819833144,-3.935085056902,
    -7.650164683671));
#2581 = CARTESIAN_POINT('',(8.027776382869,-3.912934048183,
    -7.832150362845));
#2582 = CARTESIAN_POINT('',(8.125882166723,-3.890286901326,
    -8.012933862151));
#2583 = CARTESIAN_POINT('',(8.226118288667,-3.86714797837,
    -8.192485424554));
#2584 = CARTESIAN_POINT('',(8.328465434766,-3.843521737826,
    -8.370775594103));
#2585 = CARTESIAN_POINT('',(8.432904582592,-3.819412570909,
    -8.547774816141));
#2586 = CARTESIAN_POINT('',(8.599174952131,-3.781030027811,
    -8.822014089005));
#2587 = CARTESIAN_POINT('',(8.659584987122,-3.767084724279,
    -8.920159356885));
#2588 = CARTESIAN_POINT('',(8.720644590485,-3.752989471685,
    -9.017883576781));
#2589 = CARTESIAN_POINT('',(8.782350616332,-3.738744996237,
    -9.115181417137));
#2590 = CARTESIAN_POINT('',(8.844699998013,-3.724352005856,
    -9.212047479194));
#2591 = CARTESIAN_POINT('',(8.907689748114,-3.709811190167,
    -9.308476296996));
#2592 = CARTESIAN_POINT('',(8.971316958457,-3.695123220507,
    -9.404462337384));
#2593 = CARTESIAN_POINT('',(9.035578800102,-3.680288749919,-9.5));
#2594 = PCURVE('',#1465,#2595);
#2595 = DEFINITIONAL_REPRESENTATION('',(#2596),#2641);
#2596 = B_SPLINE_CURVE_WITH_KNOTS('',8,(#2597,#2598,#2599,#2600,#2601,
    #2602,#2603,#2604,#2605,#2606,#2607,#2608,#2609,#2610,#2611,#2612,
    #2613,#2614,#2615,#2616,#2617,#2618,#2619,#2620,#2621,#2622,#2623,
    #2624,#2625,#2626,#2627,#2628,#2629,#2630,#2631,#2632,#2633,#2634,
    #2635,#2636,#2637,#2638,#2639,#2640),.UNSPECIFIED.,.F.,.F.,(9,7,7,7,
    7,7,9),(0.,7.473608338838E-02,0.128268674601,0.24043876514,
    0.747907128455,0.909398321264,1.),.UNSPECIFIED.);
#2597 = CARTESIAN_POINT('',(2.522303385068,0.));
#2598 = CARTESIAN_POINT('',(2.522395626196,5.167889567236E-03));
#2599 = CARTESIAN_POINT('',(2.522486310641,1.032257974331E-02));
#2600 = CARTESIAN_POINT('',(2.522575643845,1.54645510782E-02));
#2601 = CARTESIAN_POINT('',(2.522663819061,2.059427630094E-02));
#2602 = CARTESIAN_POINT('',(2.522751018226,2.571222232831E-02));
#2603 = CARTESIAN_POINT('',(2.522837412835,3.081885227355E-02));
#2604 = CARTESIAN_POINT('',(2.522923164816,3.591462745509E-02));
#2605 = CARTESIAN_POINT('',(2.523069500011,4.464260961586E-02));
#2606 = CARTESIAN_POINT('',(2.523130321488,4.827986874488E-02));
#2607 = CARTESIAN_POINT('',(2.523190947786,5.191195035038E-02));
#2608 = CARTESIAN_POINT('',(2.52325143269,5.55390121272E-02));
#2609 = CARTESIAN_POINT('',(2.52331182782,5.916120590696E-02));
#2610 = CARTESIAN_POINT('',(2.523372182634,6.277867765803E-02));
#2611 = CARTESIAN_POINT('',(2.523432544424,6.639156748552E-02));
#2612 = CARTESIAN_POINT('',(2.523619547224,7.756099767669E-02));
#2613 = CARTESIAN_POINT('',(2.523746365174,8.510243443166E-02));
#2614 = CARTESIAN_POINT('',(2.523873829274,9.262557400684E-02));
#2615 = CARTESIAN_POINT('',(2.524002319343,0.100131509724));
#2616 = CARTESIAN_POINT('',(2.524132181021,0.107621183825));
#2617 = CARTESIAN_POINT('',(2.524263728874,0.115095397187));
#2618 = CARTESIAN_POINT('',(2.5243972495,0.122554819029));
#2619 = CARTESIAN_POINT('',(2.525147174028,0.163682701809));
#2620 = CARTESIAN_POINT('',(2.525807261971,0.19708406699));
#2621 = CARTESIAN_POINT('',(2.526537100267,0.230232116482));
#2622 = CARTESIAN_POINT('',(2.527349986463,0.263119980184));
#2623 = CARTESIAN_POINT('',(2.528252563856,0.295712122474));
#2624 = CARTESIAN_POINT('',(2.52924643586,0.327946826945));
#2625 = CARTESIAN_POINT('',(2.530330312072,0.359741659823));
#2626 = CARTESIAN_POINT('',(2.531873432197,0.400946955888));
#2627 = CARTESIAN_POINT('',(2.532254828371,0.410842335784));
#2628 = CARTESIAN_POINT('',(2.532645036685,0.420683600082));
#2629 = CARTESIAN_POINT('',(2.533043984882,0.430468486302));
#2630 = CARTESIAN_POINT('',(2.533451596121,0.440194744364));
#2631 = CARTESIAN_POINT('',(2.533867791862,0.44986014275));
#2632 = CARTESIAN_POINT('',(2.534292494749,0.459462474665));
#2633 = CARTESIAN_POINT('',(2.534968634947,0.474350173775));
#2634 = CARTESIAN_POINT('',(2.535214292987,0.479680248902));
#2635 = CARTESIAN_POINT('',(2.535462592503,0.484989405204));
#2636 = CARTESIAN_POINT('',(2.535713520703,0.490277261576));
#2637 = CARTESIAN_POINT('',(2.535967065116,0.495543440182));
#2638 = CARTESIAN_POINT('',(2.536223213594,0.500787566461));
#2639 = CARTESIAN_POINT('',(2.536481954311,0.50600926912));
#2640 = CARTESIAN_POINT('',(2.536743275763,0.511208180139));
#2641 = ( GEOMETRIC_REPRESENTATION_CONTEXT(2) 
PARAMETRIC_REPRESENTATION_CONTEXT() REPRESENTATION_CONTEXT('2D SPACE',''
  ) );
#2642 = PCURVE('',#2643,#2648);
#2643 = PLANE('',#2644);
#2644 = AXIS2_PLACEMENT_3D('',#2645,#2646,#2647);
#2645 = CARTESIAN_POINT('',(-193.6113120231,-50.46013919645,-9.5));
#2646 = DIRECTION('',(0.224928819994,-0.974375197722,0.));
#2647 = DIRECTION('',(0.,0.,1.));
#2648 = DEFINITIONAL_REPRESENTATION('',(#2649),#2694);
#2649 = B_SPLINE_CURVE_WITH_KNOTS('',8,(#2650,#2651,#2652,#2653,#2654,
    #2655,#2656,#2657,#2658,#2659,#2660,#2661,#2662,#2663,#2664,#2665,
    #2666,#2667,#2668,#2669,#2670,#2671,#2672,#2673,#2674,#2675,#2676,
    #2677,#2678,#2679,#2680,#2681,#2682,#2683,#2684,#2685,#2686,#2687,
    #2688,#2689,#2690,#2691,#2692,#2693),.UNSPECIFIED.,.F.,.F.,(9,7,7,7,
    7,7,9),(0.,7.473608338838E-02,0.128268674601,0.24043876514,
    0.747907128455,0.909398321264,1.),.UNSPECIFIED.);
#2650 = CARTESIAN_POINT('',(9.5,-204.3319268636));
#2651 = CARTESIAN_POINT('',(9.40712234578,-204.355206516));
#2652 = CARTESIAN_POINT('',(9.314145799599,-204.3780932954));
#2653 = CARTESIAN_POINT('',(9.221084967539,-204.400639051));
#2654 = CARTESIAN_POINT('',(9.127953180045,-204.4228925557));
#2655 = CARTESIAN_POINT('',(9.034762544612,-204.4448997264));
#2656 = CARTESIAN_POINT('',(8.94152399846,-204.4667038446));
#2657 = CARTESIAN_POINT('',(8.848247361216,-204.4883457776));
#2658 = CARTESIAN_POINT('',(8.688107399015,-204.5252775945));
#2659 = CARTESIAN_POINT('',(8.621258529775,-204.5406276111));
#2660 = CARTESIAN_POINT('',(8.554398078746,-204.5559283687));
#2661 = CARTESIAN_POINT('',(8.487529199495,-204.5711934415));
#2662 = CARTESIAN_POINT('',(8.420654900284,-204.5864358574));
#2663 = CARTESIAN_POINT('',(8.353778044071,-204.6016680983));
#2664 = CARTESIAN_POINT('',(8.286901348506,-204.6169020999));
#2665 = CARTESIAN_POINT('',(8.079902309483,-204.6640975349));
#2666 = CARTESIAN_POINT('',(7.939789747438,-204.6961036244));
#2667 = CARTESIAN_POINT('',(7.799713198557,-204.728272788));
#2668 = CARTESIAN_POINT('',(7.65969484775,-204.7607008838));
#2669 = CARTESIAN_POINT('',(7.519755747674,-204.7934751438));
#2670 = CARTESIAN_POINT('',(7.379916000331,-204.8266749576));
#2671 = CARTESIAN_POINT('',(7.240194938655,-204.8603726564));
#2672 = CARTESIAN_POINT('',(6.469121432345,-205.049637279));
#2673 = CARTESIAN_POINT('',(5.840252839911,-205.2162291038));
#2674 = CARTESIAN_POINT('',(5.21615783093,-205.4004243988));
#2675 = CARTESIAN_POINT('',(4.598420498084,-205.6055791756));
#2676 = CARTESIAN_POINT('',(3.988381467059,-205.8333700578));
#2677 = CARTESIAN_POINT('',(3.387277863107,-206.084201712));
#2678 = CARTESIAN_POINT('',(2.796425167057,-206.3577484684));
#2679 = CARTESIAN_POINT('',(2.032992717448,-206.7471983896));
#2680 = CARTESIAN_POINT('',(1.849835316329,-206.8434544797));
#2681 = CARTESIAN_POINT('',(1.667849637155,-206.9419345621));
#2682 = CARTESIAN_POINT('',(1.487066137849,-207.0426204007));
#2683 = CARTESIAN_POINT('',(1.307514575446,-207.1454926024));
#2684 = CARTESIAN_POINT('',(1.129224405897,-207.2505313456));
#2685 = CARTESIAN_POINT('',(0.952225183859,-207.3577171073));
#2686 = CARTESIAN_POINT('',(0.677985910995,-207.5283601717));
#2687 = CARTESIAN_POINT('',(0.579840643115,-207.5903589121));
#2688 = CARTESIAN_POINT('',(0.482116423219,-207.6530243038));
#2689 = CARTESIAN_POINT('',(0.384818582863,-207.7163531179));
#2690 = CARTESIAN_POINT('',(0.287952520806,-207.7803422074));
#2691 = CARTESIAN_POINT('',(0.191523703004,-207.8449885061));
#2692 = CARTESIAN_POINT('',(9.553766261645E-02,-207.9102890295));
#2693 = CARTESIAN_POINT('',(0.,-207.9762408741));
#2694 = ( GEOMETRIC_REPRESENTATION_CONTEXT(2) 
PARAMETRIC_REPRESENTATION_CONTEXT() REPRESENTATION_CONTEXT('2D SPACE',''
  ) );
#2695 = ORIENTED_EDGE('',*,*,#2696,.T.);
#2696 = EDGE_CURVE('',#2546,#2697,#2699,.T.);
#2697 = VERTEX_POINT('',#2698);
#2698 = CARTESIAN_POINT('',(98.133794219976,-4.499999999997,0.));
#2699 = SURFACE_CURVE('',#2700,(#2710,#2717),.PCURVE_S1.);
#2700 = B_SPLINE_CURVE_WITH_KNOTS('',8,(#2701,#2702,#2703,#2704,#2705,
    #2706,#2707,#2708,#2709),.UNSPECIFIED.,.F.,.F.,(9,9),(2.,3.),
  .PIECEWISE_BEZIER_KNOTS.);
#2701 = CARTESIAN_POINT('',(-122.9555423749,-4.499999999976,0.));
#2702 = CARTESIAN_POINT('',(-92.21665678122,-4.499999999976,0.));
#2703 = CARTESIAN_POINT('',(-61.47777118748,-4.499999999976,0.));
#2704 = CARTESIAN_POINT('',(-30.73888559374,-4.499999999976,0.));
#2705 = CARTESIAN_POINT('',(5.329070518201E-15,-4.499999999976,0.));
#2706 = CARTESIAN_POINT('',(30.738885593741,-4.499999999976,0.));
#2707 = CARTESIAN_POINT('',(61.477771187482,-4.499999999976,0.));
#2708 = CARTESIAN_POINT('',(92.216656781224,-4.499999999976,0.));
#2709 = CARTESIAN_POINT('',(122.95554237496,-4.500000000024,0.));
#2710 = PCURVE('',#1465,#2711);
#2711 = DEFINITIONAL_REPRESENTATION('',(#2712),#2716);
#2712 = LINE('',#2713,#2714);
#2713 = CARTESIAN_POINT('',(0.,0.));
#2714 = VECTOR('',#2715,1.);
#2715 = DIRECTION('',(1.,0.));
#2716 = ( GEOMETRIC_REPRESENTATION_CONTEXT(2) 
PARAMETRIC_REPRESENTATION_CONTEXT() REPRESENTATION_CONTEXT('2D SPACE',''
  ) );
#2717 = PCURVE('',#2718,#2723);
#2718 = PLANE('',#2719);
#2719 = AXIS2_PLACEMENT_3D('',#2720,#2721,#2722);
#2720 = CARTESIAN_POINT('',(-127.4455423749,9.999980739958E-03,0.));
#2721 = DIRECTION('',(-0.,0.,1.));
#2722 = DIRECTION('',(0.999999996922,-7.846481065502E-05,0.));
#2723 = DEFINITIONAL_REPRESENTATION('',(#2724),#2734);
#2724 = B_SPLINE_CURVE_WITH_KNOTS('',8,(#2725,#2726,#2727,#2728,#2729,
    #2730,#2731,#2732,#2733),.UNSPECIFIED.,.F.,.F.,(9,9),(2.,3.),
  .PIECEWISE_BEZIER_KNOTS.);
#2725 = CARTESIAN_POINT('',(4.490353862473,-4.509647659833));
#2726 = CARTESIAN_POINT('',(35.229239361588,-4.507235738995));
#2727 = CARTESIAN_POINT('',(65.968124860704,-4.504823818157));
#2728 = CARTESIAN_POINT('',(96.70701035982,-4.502411897319));
#2729 = CARTESIAN_POINT('',(127.44589585893,-4.499999976481));
#2730 = CARTESIAN_POINT('',(158.18478135805,-4.497588055643));
#2731 = CARTESIAN_POINT('',(188.92366685716,-4.495176134805));
#2732 = CARTESIAN_POINT('',(219.66255235628,-4.492764213968));
#2733 = CARTESIAN_POINT('',(250.40143785539,-4.490352293178));
#2734 = ( GEOMETRIC_REPRESENTATION_CONTEXT(2) 
PARAMETRIC_REPRESENTATION_CONTEXT() REPRESENTATION_CONTEXT('2D SPACE',''
  ) );
#2735 = ORIENTED_EDGE('',*,*,#2736,.F.);
#2736 = EDGE_CURVE('',#2737,#2697,#2739,.T.);
#2737 = VERTEX_POINT('',#2738);
#2738 = CARTESIAN_POINT('',(99.687852083257,-2.498267083574,
    -14.62228149558));
#2739 = SURFACE_CURVE('',#2740,(#2788,#2839),.PCURVE_S1.);
#2740 = B_SPLINE_CURVE_WITH_KNOTS('',6,(#2741,#2742,#2743,#2744,#2745,
    #2746,#2747,#2748,#2749,#2750,#2751,#2752,#2753,#2754,#2755,#2756,
    #2757,#2758,#2759,#2760,#2761,#2762,#2763,#2764,#2765,#2766,#2767,
    #2768,#2769,#2770,#2771,#2772,#2773,#2774,#2775,#2776,#2777,#2778,
    #2779,#2780,#2781,#2782,#2783,#2784,#2785,#2786,#2787),
  .UNSPECIFIED.,.F.,.F.,(7,5,5,5,5,5,5,5,5,7),(0.,0.111702851612,
    0.222880903977,0.383002266716,0.540263704125,0.695677395118,
    0.872401772933,0.922460866631,0.961296259356,1.),.UNSPECIFIED.);
#2741 = CARTESIAN_POINT('',(101.26683610626,-0.700000000001,-18.));
#2742 = CARTESIAN_POINT('',(101.08188817359,-0.896726523938,
    -17.76879334773));
#2743 = CARTESIAN_POINT('',(100.90805255747,-1.085542723537,
    -17.52189881189));
#2744 = CARTESIAN_POINT('',(100.7455839017,-1.265294752339,
    -17.26069757755));
#2745 = CARTESIAN_POINT('',(100.5941631146,-1.435499857428,
    -16.98694164765));
#2746 = CARTESIAN_POINT('',(100.45319725451,-1.596160719889,
    -16.70245009543));
#2747 = CARTESIAN_POINT('',(100.19135313453,-1.898243344661,
    -16.11669639706));
#2748 = CARTESIAN_POINT('',(100.0703797115,-2.039757070221,
    -15.81551029395));
#2749 = CARTESIAN_POINT('',(99.958294763293,-2.172425851935,
    -15.50686857342));
#2750 = CARTESIAN_POINT('',(99.854252367643,-2.296829479535,
    -15.1921541149));
#2751 = CARTESIAN_POINT('',(99.757447667438,-2.413615689063,
    -14.87246321883));
#2752 = CARTESIAN_POINT('',(99.537058959834,-2.681616981983,
    -14.08210518137));
#2753 = CARTESIAN_POINT('',(99.420490681072,-2.825301861991,
    -13.60708626009));
#2754 = CARTESIAN_POINT('',(99.315162187069,-2.956500814141,
    -13.12579588247));
#2755 = CARTESIAN_POINT('',(99.219309999164,-3.076955209935,
    -12.63991726193));
#2756 = CARTESIAN_POINT('',(99.131563340918,-3.188063963862,
    -12.1505422854));
#2757 = CARTESIAN_POINT('',(98.971585562213,-3.391993131119,
    -11.17466901956));
#2758 = CARTESIAN_POINT('',(98.899121864946,-3.485081805889,
    -10.68838422542));
#2759 = CARTESIAN_POINT('',(98.832466614199,-3.571256875688,
    -10.19997569713));
#2760 = CARTESIAN_POINT('',(98.770938446291,-3.651239950163,
    -9.709883145379));
#2761 = CARTESIAN_POINT('',(98.714065743745,-3.725531490072,
    -9.218396870216));
#2762 = CARTESIAN_POINT('',(98.609516229346,-3.862680955189,
    -8.238771790742));
#2763 = CARTESIAN_POINT('',(98.561741679236,-3.925660626415,
    -7.750683534522));
#2764 = CARTESIAN_POINT('',(98.517812536695,-3.983812100324,
    -7.261619479439));
#2765 = CARTESIAN_POINT('',(98.477488775654,-4.037380704066,
    -6.771727999135));
#2766 = CARTESIAN_POINT('',(98.440561218154,-4.086588450698,
    -6.281129399078));
#2767 = CARTESIAN_POINT('',(98.368359859411,-4.183054658587,
    -5.23138448455));
#2768 = CARTESIAN_POINT('',(98.334007400372,-4.229120726936,
    -4.672061317251));
#2769 = CARTESIAN_POINT('',(98.30335494359,-4.27034503813,
    -4.112136637007));
#2770 = CARTESIAN_POINT('',(98.275963580979,-4.307269665326,
    -3.551755569174));
#2771 = CARTESIAN_POINT('',(98.251243566685,-4.340657388216,
    -2.991048034664));
#2772 = CARTESIAN_POINT('',(98.22177484047,-4.380530711595,
    -2.27127872582));
#2773 = CARTESIAN_POINT('',(98.21541069568,-4.389146700177,
    -2.112385334795));
#2774 = CARTESIAN_POINT('',(98.209166637448,-4.397604642148,
    -1.953479988335));
#2775 = CARTESIAN_POINT('',(98.203019363026,-4.405935795878,
    -1.794565862158));
#2776 = CARTESIAN_POINT('',(98.196942814678,-4.414175275804,
    -1.635646291208));
#2777 = CARTESIAN_POINT('',(98.18622654567,-4.428713305215,
    -1.353434890739));
#2778 = CARTESIAN_POINT('',(98.181569927141,-4.435033129106,
    -1.230143894546));
#2779 = CARTESIAN_POINT('',(98.176924854841,-4.44133974023,
    -1.106853404407));
#2780 = CARTESIAN_POINT('',(98.172276319651,-4.447653501898,
    -0.983565251653));
#2781 = CARTESIAN_POINT('',(98.16760777259,-4.4539969246,-0.860281475616
    ));
#2782 = CARTESIAN_POINT('',(98.158210456998,-4.466770684532,
    -0.61414507878));
#2783 = CARTESIAN_POINT('',(98.153481676352,-4.473201031788,
    -0.491292512977));
#2784 = CARTESIAN_POINT('',(98.148697007075,-4.479709931689,
    -0.368448785777));
#2785 = CARTESIAN_POINT('',(98.143836294068,-4.486324929055,
    -0.245616574647));
#2786 = CARTESIAN_POINT('',(98.138877002933,-4.493076889613,
    -0.122799074961));
#2787 = CARTESIAN_POINT('',(98.133794219976,-4.499999999996,0.));
#2788 = PCURVE('',#1465,#2789);
#2789 = DEFINITIONAL_REPRESENTATION('',(#2790),#2838);
#2790 = B_SPLINE_CURVE_WITH_KNOTS('',6,(#2791,#2792,#2793,#2794,#2795,
    #2796,#2797,#2798,#2799,#2800,#2801,#2802,#2803,#2804,#2805,#2806,
    #2807,#2808,#2809,#2810,#2811,#2812,#2813,#2814,#2815,#2816,#2817,
    #2818,#2819,#2820,#2821,#2822,#2823,#2824,#2825,#2826,#2827,#2828,
    #2829,#2830,#2831,#2832,#2833,#2834,#2835,#2836,#2837),
  .UNSPECIFIED.,.F.,.F.,(7,5,5,5,5,5,5,5,5,7),(0.,0.111702851612,
    0.222880903977,0.383002266716,0.540263704125,0.695677395118,
    0.872401772933,0.922460866631,0.961296259356,1.),.UNSPECIFIED.);
#2791 = CARTESIAN_POINT('',(2.91180264895,1.));
#2792 = CARTESIAN_POINT('',(2.911050556246,0.983792906678));
#2793 = CARTESIAN_POINT('',(2.910343651894,0.967132616584));
#2794 = CARTESIAN_POINT('',(2.909682971405,0.950097261426));
#2795 = CARTESIAN_POINT('',(2.909067217189,0.932758899242));
#2796 = CARTESIAN_POINT('',(2.908493978044,0.915180006433));
#2797 = CARTESIAN_POINT('',(2.907429186189,0.879725461725));
#2798 = CARTESIAN_POINT('',(2.906937246498,0.861851031042));
#2799 = CARTESIAN_POINT('',(2.906481451883,0.843831603498));
#2800 = CARTESIAN_POINT('',(2.906058362392,0.825699474571));
#2801 = CARTESIAN_POINT('',(2.905664705066,0.807476043564));
#2802 = CARTESIAN_POINT('',(2.904768492079,0.762807610076));
#2803 = CARTESIAN_POINT('',(2.904294465954,0.736283797186));
#2804 = CARTESIAN_POINT('',(2.90386614653,0.709625127175));
#2805 = CARTESIAN_POINT('',(2.903476362605,0.682851744645));
#2806 = CARTESIAN_POINT('',(2.903119539901,0.655978810965));
#2807 = CARTESIAN_POINT('',(2.902468988589,0.602524834194));
#2808 = CARTESIAN_POINT('',(2.902174314206,0.575953190993));
#2809 = CARTESIAN_POINT('',(2.901903259931,0.549306372504));
#2810 = CARTESIAN_POINT('',(2.901653054992,0.522604000186));
#2811 = CARTESIAN_POINT('',(2.901421781552,0.495868899948));
#2812 = CARTESIAN_POINT('',(2.900996629858,0.442687356443));
#2813 = CARTESIAN_POINT('',(2.90080235415,0.416242303032));
#2814 = CARTESIAN_POINT('',(2.900623715832,0.389806501157));
#2815 = CARTESIAN_POINT('',(2.900459738835,0.363400640042));
#2816 = CARTESIAN_POINT('',(2.900309572536,0.337038661931));
#2817 = CARTESIAN_POINT('',(2.900015964955,0.280794608734));
#2818 = CARTESIAN_POINT('',(2.899876270321,0.250925385775));
#2819 = CARTESIAN_POINT('',(2.899751621785,0.221115206009));
#2820 = CARTESIAN_POINT('',(2.899640234522,0.191341923056));
#2821 = CARTESIAN_POINT('',(2.899539710325,0.161552772928));
#2822 = CARTESIAN_POINT('',(2.899419875441,0.123168159328));
#2823 = CARTESIAN_POINT('',(2.89939399558,0.114685434049));
#2824 = CARTESIAN_POINT('',(2.899368604052,0.10619041705));
#2825 = CARTESIAN_POINT('',(2.899343606096,9.768026659669E-02));
#2826 = CARTESIAN_POINT('',(2.899318895749,8.915170001465E-02));
#2827 = CARTESIAN_POINT('',(2.899275317929,7.39674303644E-02));
#2828 = CARTESIAN_POINT('',(2.899256381741,6.732051365786E-02));
#2829 = CARTESIAN_POINT('',(2.899237492505,6.06585026034E-02));
#2830 = CARTESIAN_POINT('',(2.899218589188,5.397942290111E-02));
#2831 = CARTESIAN_POINT('',(2.899199604493,4.728106691836E-02));
#2832 = CARTESIAN_POINT('',(2.899161390211,3.386370513971E-02));
#2833 = CARTESIAN_POINT('',(2.899142160575,2.714481028847E-02));
#2834 = CARTESIAN_POINT('',(2.899122703667,2.040190968692E-02));
#2835 = CARTESIAN_POINT('',(2.899102937527,1.363225862665E-02));
#2836 = CARTESIAN_POINT('',(2.899082770517,6.832767139989E-03));
#2837 = CARTESIAN_POINT('',(2.899062101327,0.));
#2838 = ( GEOMETRIC_REPRESENTATION_CONTEXT(2) 
PARAMETRIC_REPRESENTATION_CONTEXT() REPRESENTATION_CONTEXT('2D SPACE',''
  ) );
#2839 = PCURVE('',#2840,#2895);
#2840 = ( BOUNDED_SURFACE() B_SPLINE_SURFACE(8,5,(
    (#2841,#2842,#2843,#2844,#2845,#2846)
    ,(#2847,#2848,#2849,#2850,#2851,#2852)
    ,(#2853,#2854,#2855,#2856,#2857,#2858)
    ,(#2859,#2860,#2861,#2862,#2863,#2864)
    ,(#2865,#2866,#2867,#2868,#2869,#2870)
    ,(#2871,#2872,#2873,#2874,#2875,#2876)
    ,(#2877,#2878,#2879,#2880,#2881,#2882)
    ,(#2883,#2884,#2885,#2886,#2887,#2888)
    ,(#2889,#2890,#2891,#2892,#2893,#2894
)),.UNSPECIFIED.,.F.,.F.,.F.) B_SPLINE_SURFACE_WITH_KNOTS((9,9),(6,6),(
    1.,2.),(0.,1.),.PIECEWISE_BEZIER_KNOTS.) 
GEOMETRIC_REPRESENTATION_ITEM() RATIONAL_B_SPLINE_SURFACE((
    (1.,1.,1.,1.,1.,1.)
    ,(1.,1.,1.,1.,1.,1.)
    ,(1.,1.,1.,1.,1.,1.)
    ,(1.,1.,1.,1.,1.,1.)
    ,(1.,1.,1.,1.,1.,1.)
    ,(1.,1.,1.,1.,1.,1.)
    ,(1.,1.,1.,1.,1.,1.)
    ,(1.,1.,1.,1.,1.,1.)
,(1.,1.,1.,1.,1.,1.))) REPRESENTATION_ITEM('') SURFACE() );
#2841 = CARTESIAN_POINT('',(97.445542374965,-1.000000007177E-02,0.));
#2842 = CARTESIAN_POINT('',(97.64818853209,-1.000000007177E-02,
    -3.594413273843));
#2843 = CARTESIAN_POINT('',(97.727981189715,-1.000000007178E-02,
    -7.739430263657));
#2844 = CARTESIAN_POINT('',(98.517710724838,-1.000000007176E-02,
    -10.83065080678));
#2845 = CARTESIAN_POINT('',(98.817881990604,-1.000000007177E-02,
    -15.14684692625));
#2846 = CARTESIAN_POINT('',(101.24554237496,-1.000000007177E-02,-18.));
#2847 = CARTESIAN_POINT('',(97.445542374965,-2.953279617404,0.));
#2848 = CARTESIAN_POINT('',(97.648188532091,-2.913490137497,
    -3.594413273843));
#2849 = CARTESIAN_POINT('',(97.727981189714,-2.89782288581,
    -7.739430263657));
#2850 = CARTESIAN_POINT('',(98.517710724839,-2.742759854192,
    -10.83065080678));
#2851 = CARTESIAN_POINT('',(98.817881990604,-2.683821363984,
    -15.14684692625));
#2852 = CARTESIAN_POINT('',(101.24554237496,-2.207151362176,-18.));
#2853 = CARTESIAN_POINT('',(98.106013601493,-5.8965601612,0.));
#2854 = CARTESIAN_POINT('',(98.299731009054,-5.816981188863,
    -3.594413273843));
#2855 = CARTESIAN_POINT('',(98.376007939235,-5.785646680555,
    -7.739430263657));
#2856 = CARTESIAN_POINT('',(99.130941367971,-5.475520568513,
    -10.83065080678));
#2857 = CARTESIAN_POINT('',(99.417886850945,-5.357643569541,
    -15.14684692625));
#2858 = CARTESIAN_POINT('',(101.73858260344,-4.404303415884,-18.));
#2859 = CARTESIAN_POINT('',(99.426949567552,-8.666923382754,0.));
#2860 = CARTESIAN_POINT('',(99.602809563688,-8.549892545126,
    -3.594413273843));
#2861 = CARTESIAN_POINT('',(99.672055073492,-8.503811229347,
    -7.739430263657));
#2862 = CARTESIAN_POINT('',(100.35739663123,-8.047731971265,
    -10.83065080678));
#2863 = CARTESIAN_POINT('',(100.61789067851,-7.87437909272,
    -15.14684692625));
#2864 = CARTESIAN_POINT('',(102.72465821786,-6.472373092281,-18.));
#2865 = CARTESIAN_POINT('',(101.35405362582,-11.09148874921,0.));
#2866 = CARTESIAN_POINT('',(101.5038615718,-10.94168080323,
    -3.594413273843));
#2867 = CARTESIAN_POINT('',(101.5628489926,-10.88269338243,
    -7.739430263657));
#2868 = CARTESIAN_POINT('',(102.14666346613,-10.2988789089,
    -10.83065080678));
#2869 = CARTESIAN_POINT('',(102.36856770258,-10.07697467244,
    -15.14684692625));
#2870 = CARTESIAN_POINT('',(104.16323689778,-8.282305477249,-18.));
#2871 = CARTESIAN_POINT('',(103.77861899228,-13.01859280748,0.));
#2872 = CARTESIAN_POINT('',(103.89564982991,-12.84273281135,
    -3.594413273843));
#2873 = CARTESIAN_POINT('',(103.94173114568,-12.77348730154,
    -7.739430263657));
#2874 = CARTESIAN_POINT('',(104.39781040377,-12.0881457438,
    -10.83065080678));
#2875 = CARTESIAN_POINT('',(104.57116328231,-11.82765169652,
    -15.14684692625));
#2876 = CARTESIAN_POINT('',(105.97316928275,-9.720884157172,-18.));
#2877 = CARTESIAN_POINT('',(106.54898221383,-14.33952877354,0.));
#2878 = CARTESIAN_POINT('',(106.62856118617,-14.14581136598,
    -3.594413273843));
#2879 = CARTESIAN_POINT('',(106.65989569448,-14.0695344358,
    -7.739430263657));
#2880 = CARTESIAN_POINT('',(106.97002180652,-13.31460100706,
    -10.83065080678));
#2881 = CARTESIAN_POINT('',(107.08789880549,-13.02765552409,
    -15.14684692625));
#2882 = CARTESIAN_POINT('',(108.04123895915,-10.70695977159,-18.));
#2883 = CARTESIAN_POINT('',(109.49226275763,-15.00000000007,0.));
#2884 = CARTESIAN_POINT('',(109.53205223754,-14.79735384294,
    -3.594413273843));
#2885 = CARTESIAN_POINT('',(109.54771948922,-14.71756118532,
    -7.739430263657));
#2886 = CARTESIAN_POINT('',(109.70278252084,-13.92783165019,
    -10.83065080678));
#2887 = CARTESIAN_POINT('',(109.76172101105,-13.62766038443,
    -15.14684692625));
#2888 = CARTESIAN_POINT('',(110.23839101286,-11.20000000007,-18.));
#2889 = CARTESIAN_POINT('',(112.43554237496,-14.99999999992,0.));
#2890 = CARTESIAN_POINT('',(112.43554237496,-14.7973538428,
    -3.594413273843));
#2891 = CARTESIAN_POINT('',(112.43554237496,-14.71756118517,
    -7.739430263657));
#2892 = CARTESIAN_POINT('',(112.43554237496,-13.92783165005,
    -10.83065080678));
#2893 = CARTESIAN_POINT('',(112.43554237496,-13.62766038428,
    -15.14684692625));
#2894 = CARTESIAN_POINT('',(112.43554237496,-11.19999999992,-18.));
#2895 = DEFINITIONAL_REPRESENTATION('',(#2896),#2944);
#2896 = B_SPLINE_CURVE_WITH_KNOTS('',6,(#2897,#2898,#2899,#2900,#2901,
    #2902,#2903,#2904,#2905,#2906,#2907,#2908,#2909,#2910,#2911,#2912,
    #2913,#2914,#2915,#2916,#2917,#2918,#2919,#2920,#2921,#2922,#2923,
    #2924,#2925,#2926,#2927,#2928,#2929,#2930,#2931,#2932,#2933,#2934,
    #2935,#2936,#2937,#2938,#2939,#2940,#2941,#2942,#2943),
  .UNSPECIFIED.,.F.,.F.,(7,5,5,5,5,5,5,5,5,7),(0.,0.111702851612,
    0.222880903977,0.383002266716,0.540263704125,0.695677395118,
    0.872401772933,0.922460866631,0.961296259356,1.),.UNSPECIFIED.);
#2897 = CARTESIAN_POINT('',(1.039280292822,0.999999999982));
#2898 = CARTESIAN_POINT('',(1.049802327082,0.983792906757));
#2899 = CARTESIAN_POINT('',(1.059470146745,0.96713261654));
#2900 = CARTESIAN_POINT('',(1.068325635992,0.950097261564));
#2901 = CARTESIAN_POINT('',(1.076435913072,0.932758899261));
#2902 = CARTESIAN_POINT('',(1.083870533107,0.915180006513));
#2903 = CARTESIAN_POINT('',(1.097492141147,0.879725461798));
#2904 = CARTESIAN_POINT('',(1.103684990148,0.861851031114));
#2905 = CARTESIAN_POINT('',(1.109344946281,0.84383160357));
#2906 = CARTESIAN_POINT('',(1.114536938797,0.825699474639));
#2907 = CARTESIAN_POINT('',(1.119317380649,0.80747604363));
#2908 = CARTESIAN_POINT('',(1.130098830468,0.762807610134));
#2909 = CARTESIAN_POINT('',(1.135708581041,0.736283797239));
#2910 = CARTESIAN_POINT('',(1.140713672707,0.709625127224));
#2911 = CARTESIAN_POINT('',(1.145219738244,0.68285174469));
#2912 = CARTESIAN_POINT('',(1.149306673353,0.655978811008));
#2913 = CARTESIAN_POINT('',(1.15669693253,0.602524834233));
#2914 = CARTESIAN_POINT('',(1.16001228334,0.575953191031));
#2915 = CARTESIAN_POINT('',(1.16303769728,0.549306372542));
#2916 = CARTESIAN_POINT('',(1.165811355898,0.522604000224));
#2917 = CARTESIAN_POINT('',(1.168359536628,0.495868899987));
#2918 = CARTESIAN_POINT('',(1.17301901854,0.442687356482));
#2919 = CARTESIAN_POINT('',(1.175134946024,0.416242303071));
#2920 = CARTESIAN_POINT('',(1.177070312231,0.389806501193));
#2921 = CARTESIAN_POINT('',(1.17883883282,0.363400640076));
#2922 = CARTESIAN_POINT('',(1.180452069092,0.337038661961));
#2923 = CARTESIAN_POINT('',(1.183595669063,0.280794608753));
#2924 = CARTESIAN_POINT('',(1.185084304883,0.250925385786));
#2925 = CARTESIAN_POINT('',(1.186407641146,0.221115206011));
#2926 = CARTESIAN_POINT('',(1.187586637895,0.19134192305));
#2927 = CARTESIAN_POINT('',(1.188648016366,0.161552772912));
#2928 = CARTESIAN_POINT('',(1.189910344292,0.123168159306));
#2929 = CARTESIAN_POINT('',(1.190182761846,0.114685434025));
#2930 = CARTESIAN_POINT('',(1.190449853769,0.106190417024));
#2931 = CARTESIAN_POINT('',(1.190712629579,9.768026657036E-02));
#2932 = CARTESIAN_POINT('',(1.190972211528,8.915169998789E-02));
#2933 = CARTESIAN_POINT('',(1.191429697063,7.396743033779E-02));
#2934 = CARTESIAN_POINT('',(1.191628389321,6.732051363162E-02));
#2935 = CARTESIAN_POINT('',(1.19182648878,6.065850257785E-02));
#2936 = CARTESIAN_POINT('',(1.192024636208,5.397942287665E-02));
#2937 = CARTESIAN_POINT('',(1.192223535747,4.728106689543E-02));
#2938 = CARTESIAN_POINT('',(1.19262369366,3.386370511688E-02));
#2939 = CARTESIAN_POINT('',(1.192824952819,2.714481027474E-02));
#2940 = CARTESIAN_POINT('',(1.193028486896,2.040190967801E-02));
#2941 = CARTESIAN_POINT('',(1.193235148211,1.363225861505E-02));
#2942 = CARTESIAN_POINT('',(1.193445886896,6.832767127073E-03));
#2943 = CARTESIAN_POINT('',(1.193661750889,8.099356851799E-12));
#2944 = ( GEOMETRIC_REPRESENTATION_CONTEXT(2) 
PARAMETRIC_REPRESENTATION_CONTEXT() REPRESENTATION_CONTEXT('2D SPACE',''
  ) );
#2945 = ORIENTED_EDGE('',*,*,#2946,.T.);
#2946 = EDGE_CURVE('',#2737,#2947,#2949,.T.);
#2947 = VERTEX_POINT('',#2948);
#2948 = CARTESIAN_POINT('',(99.464402209324,-0.7,-18.));
#2949 = SURFACE_CURVE('',#2950,(#2981,#3015),.PCURVE_S1.);
#2950 = B_SPLINE_CURVE_WITH_KNOTS('',8,(#2951,#2952,#2953,#2954,#2955,
    #2956,#2957,#2958,#2959,#2960,#2961,#2962,#2963,#2964,#2965,#2966,
    #2967,#2968,#2969,#2970,#2971,#2972,#2973,#2974,#2975,#2976,#2977,
    #2978,#2979,#2980),.UNSPECIFIED.,.F.,.F.,(9,7,7,7,9),(0.,
    0.260217847075,0.518506356638,0.811541725832,1.),.UNSPECIFIED.);
#2951 = CARTESIAN_POINT('',(100.19104639233,-4.339046924353,-2.9999994)
  );
#2952 = CARTESIAN_POINT('',(100.18053909418,-4.309371826286,
    -3.498734617729));
#2953 = CARTESIAN_POINT('',(100.16930257176,-4.277376239705,
    -3.997394109852));
#2954 = CARTESIAN_POINT('',(100.15714756939,-4.242454894716,
    -4.49594770134));
#2955 = CARTESIAN_POINT('',(100.14395377055,-4.204161005232,
    -4.994366921322));
#2956 = CARTESIAN_POINT('',(100.12964986926,-4.162150057323,
    -5.492622454254));
#2957 = CARTESIAN_POINT('',(100.11420164876,-4.116147130415,
    -5.990682581812));
#2958 = CARTESIAN_POINT('',(100.0976018038,-4.065915843583,
    -6.488511684963));
#2959 = CARTESIAN_POINT('',(100.06224026049,-3.956903823247,
    -7.479935027308));
#2960 = CARTESIAN_POINT('',(100.04349597297,-3.898189969972,
    -7.973526102292));
#2961 = CARTESIAN_POINT('',(100.0236261503,-3.834821437904,
    -8.466814444574));
#2962 = CARTESIAN_POINT('',(100.00264938666,-3.766542018704,
    -8.959761754638));
#2963 = CARTESIAN_POINT('',(99.980583262339,-3.693040726283,
    -9.452314570252));
#2964 = CARTESIAN_POINT('',(99.957435153194,-3.613898224852,
    -9.944400056908));
#2965 = CARTESIAN_POINT('',(99.933199687845,-3.528522275847,
    -10.43592110797));
#2966 = CARTESIAN_POINT('',(99.879117520499,-3.33118507166,
    -11.48361039559));
#2967 = CARTESIAN_POINT('',(99.848966572743,-3.217234297786,
    -12.03935434857));
#2968 = CARTESIAN_POINT('',(99.817379901195,-3.092962850116,
    -12.59402858545));
#2969 = CARTESIAN_POINT('',(99.784328820117,-2.956703496698,
    -13.1474250587));
#2970 = CARTESIAN_POINT('',(99.749789544901,-2.806289954783,
    -13.69907138556));
#2971 = CARTESIAN_POINT('',(99.713834304611,-2.638758443964,
    -14.24818803619));
#2972 = CARTESIAN_POINT('',(99.67666533247,-2.450237808491,
    -14.79367604143));
#2973 = CARTESIAN_POINT('',(99.614857267787,-2.09602621126,
    -15.68140189339));
#2974 = CARTESIAN_POINT('',(99.590508469177,-1.946361017256,
    -16.0262936277));
#2975 = CARTESIAN_POINT('',(99.566190607314,-1.7839859826,
    -16.36848542068));
#2976 = CARTESIAN_POINT('',(99.542204490975,-1.60696785605,
    -16.70737519812));
#2977 = CARTESIAN_POINT('',(99.519043486309,-1.41303176326,
    -17.04186338959));
#2978 = CARTESIAN_POINT('',(99.497454638911,-1.199512962919,
    -17.37034200339));
#2979 = CARTESIAN_POINT('',(99.478595672067,-0.963210470421,
    -17.69065699336));
#2980 = CARTESIAN_POINT('',(99.464402209324,-0.7,-18.));
#2981 = PCURVE('',#1465,#2982);
#2982 = DEFINITIONAL_REPRESENTATION('',(#2983),#3014);
#2983 = B_SPLINE_CURVE_WITH_KNOTS('',8,(#2984,#2985,#2986,#2987,#2988,
    #2989,#2990,#2991,#2992,#2993,#2994,#2995,#2996,#2997,#2998,#2999,
    #3000,#3001,#3002,#3003,#3004,#3005,#3006,#3007,#3008,#3009,#3010,
    #3011,#3012,#3013),.UNSPECIFIED.,.F.,.F.,(9,7,7,7,9),(0.,
    0.260217847075,0.518506356638,0.811541725832,1.),.UNSPECIFIED.);
#2984 = CARTESIAN_POINT('',(2.907427938804,0.161992047653));
#2985 = CARTESIAN_POINT('',(2.907385210766,0.188531031717));
#2986 = CARTESIAN_POINT('',(2.907339517401,0.215032601827));
#2987 = CARTESIAN_POINT('',(2.907290088856,0.241547864683));
#2988 = CARTESIAN_POINT('',(2.907236436162,0.268108366227));
#2989 = CARTESIAN_POINT('',(2.907178269258,0.294731632862));
#2990 = CARTESIAN_POINT('',(2.907115448845,0.321423951503));
#2991 = CARTESIAN_POINT('',(2.907047945421,0.348182632408));
#2992 = CARTESIAN_POINT('',(2.906904147335,0.401618532681));
#2993 = CARTESIAN_POINT('',(2.906827923494,0.428294476763));
#2994 = CARTESIAN_POINT('',(2.906747122652,0.455021101277));
#2995 = CARTESIAN_POINT('',(2.906661820423,0.481786212169));
#2996 = CARTESIAN_POINT('',(2.906572088298,0.508575737325));
#2997 = CARTESIAN_POINT('',(2.90647795627,0.535377412088));
#2998 = CARTESIAN_POINT('',(2.906379402496,0.562184564013));
#2999 = CARTESIAN_POINT('',(2.906159476797,0.619422837936));
#3000 = CARTESIAN_POINT('',(2.906036867652,0.649844006813));
#3001 = CARTESIAN_POINT('',(2.905908420121,0.680280004437));
#3002 = CARTESIAN_POINT('',(2.905774017554,0.710752306358));
#3003 = CARTESIAN_POINT('',(2.90563356323,0.741292637917));
#3004 = CARTESIAN_POINT('',(2.905487350869,0.771953123092));
#3005 = CARTESIAN_POINT('',(2.905336202855,0.802809868267));
#3006 = CARTESIAN_POINT('',(2.905084859713,0.854059134138));
#3007 = CARTESIAN_POINT('',(2.904985845069,0.874232608285));
#3008 = CARTESIAN_POINT('',(2.904886956229,0.894572793174));
#3009 = CARTESIAN_POINT('',(2.904789416436,0.915120512903));
#3010 = CARTESIAN_POINT('',(2.904695231968,0.935908569553));
#3011 = CARTESIAN_POINT('',(2.904607440694,0.956964504583));
#3012 = CARTESIAN_POINT('',(2.904530750508,0.978315709033));
#3013 = CARTESIAN_POINT('',(2.904473032643,1.));
#3014 = ( GEOMETRIC_REPRESENTATION_CONTEXT(2) 
PARAMETRIC_REPRESENTATION_CONTEXT() REPRESENTATION_CONTEXT('2D SPACE',''
  ) );
#3015 = PCURVE('',#3016,#3021);
#3016 = CYLINDRICAL_SURFACE('',#3017,13.);
#3017 = AXIS2_PLACEMENT_3D('',#3018,#3019,#3020);
#3018 = CARTESIAN_POINT('',(112.44554237496,0.,-19.));
#3019 = DIRECTION('',(0.,0.,1.));
#3020 = DIRECTION('',(1.,0.,-0.));
#3021 = DEFINITIONAL_REPRESENTATION('',(#3022),#3053);
#3022 = B_SPLINE_CURVE_WITH_KNOTS('',8,(#3023,#3024,#3025,#3026,#3027,
    #3028,#3029,#3030,#3031,#3032,#3033,#3034,#3035,#3036,#3037,#3038,
    #3039,#3040,#3041,#3042,#3043,#3044,#3045,#3046,#3047,#3048,#3049,
    #3050,#3051,#3052),.UNSPECIFIED.,.F.,.F.,(9,7,7,7,9),(0.,
    0.260217847075,0.518506356638,0.811541725832,1.),.UNSPECIFIED.);
#3023 = CARTESIAN_POINT('',(3.481895769055,16.0000006));
#3024 = CARTESIAN_POINT('',(3.479474200831,15.501265382271));
#3025 = CARTESIAN_POINT('',(3.476865647097,15.002605890148));
#3026 = CARTESIAN_POINT('',(3.474021337747,14.50405229866));
#3027 = CARTESIAN_POINT('',(3.470905751067,14.005633078678));
#3028 = CARTESIAN_POINT('',(3.467492011043,13.507377545746));
#3029 = CARTESIAN_POINT('',(3.463759193884,13.009317418188));
#3030 = CARTESIAN_POINT('',(3.459689786817,12.511488315037));
#3031 = CARTESIAN_POINT('',(3.45087410038,11.520064972692));
#3032 = CARTESIAN_POINT('',(3.446133125091,11.026473897708));
#3033 = CARTESIAN_POINT('',(3.441024733971,10.533185555426));
#3034 = CARTESIAN_POINT('',(3.435530387714,10.040238245362));
#3035 = CARTESIAN_POINT('',(3.429627411145,9.547685429748));
#3036 = CARTESIAN_POINT('',(3.423284784885,9.055599943092));
#3037 = CARTESIAN_POINT('',(3.416458207644,8.564078892021));
#3038 = CARTESIAN_POINT('',(3.400718675952,7.516389604403));
#3039 = CARTESIAN_POINT('',(3.391651931,6.960645651428));
#3040 = CARTESIAN_POINT('',(3.38178946938,6.405971414548));
#3041 = CARTESIAN_POINT('',(3.371005368981,5.852574941294));
#3042 = CARTESIAN_POINT('',(3.359136161893,5.300928614431));
#3043 = CARTESIAN_POINT('',(3.345958277398,4.751811963807));
#3044 = CARTESIAN_POINT('',(3.331181063003,4.206323958566));
#3045 = CARTESIAN_POINT('',(3.303522312772,3.31859810661));
#3046 = CARTESIAN_POINT('',(3.291859029241,2.973706372294));
#3047 = CARTESIAN_POINT('',(3.2792310122,2.631514579311));
#3048 = CARTESIAN_POINT('',(3.265492803227,2.292624801877));
#3049 = CARTESIAN_POINT('',(3.250472857035,1.958136610407));
#3050 = CARTESIAN_POINT('',(3.233970111673,1.629657996609));
#3051 = CARTESIAN_POINT('',(3.215741237121,1.30934300664));
#3052 = CARTESIAN_POINT('',(3.195464861775,1.));
#3053 = ( GEOMETRIC_REPRESENTATION_CONTEXT(2) 
PARAMETRIC_REPRESENTATION_CONTEXT() REPRESENTATION_CONTEXT('2D SPACE',''
  ) );
#3054 = ORIENTED_EDGE('',*,*,#3055,.F.);
#3055 = EDGE_CURVE('',#3056,#2947,#3058,.T.);
#3056 = VERTEX_POINT('',#3057);
#3057 = CARTESIAN_POINT('',(35.494155279759,-0.699999999978,-18.));
#3058 = SURFACE_CURVE('',#3059,(#3069,#3076),.PCURVE_S1.);
#3059 = B_SPLINE_CURVE_WITH_KNOTS('',8,(#3060,#3061,#3062,#3063,#3064,
    #3065,#3066,#3067,#3068),.UNSPECIFIED.,.F.,.F.,(9,9),(2.,3.),
  .PIECEWISE_BEZIER_KNOTS.);
#3060 = CARTESIAN_POINT('',(-122.9555423749,-0.699999999976,-18.));
#3061 = CARTESIAN_POINT('',(-92.21665678122,-0.699999999976,-18.));
#3062 = CARTESIAN_POINT('',(-61.47777118748,-0.699999999976,-18.));
#3063 = CARTESIAN_POINT('',(-30.73888559374,-0.699999999976,-18.));
#3064 = CARTESIAN_POINT('',(5.329070518201E-15,-0.699999999976,-18.));
#3065 = CARTESIAN_POINT('',(30.738885593741,-0.699999999976,-18.));
#3066 = CARTESIAN_POINT('',(61.477771187482,-0.699999999976,-18.));
#3067 = CARTESIAN_POINT('',(92.216656781224,-0.699999999982,-18.));
#3068 = CARTESIAN_POINT('',(122.95554237496,-0.700000000024,-18.));
#3069 = PCURVE('',#1465,#3070);
#3070 = DEFINITIONAL_REPRESENTATION('',(#3071),#3075);
#3071 = LINE('',#3072,#3073);
#3072 = CARTESIAN_POINT('',(0.,1.));
#3073 = VECTOR('',#3074,1.);
#3074 = DIRECTION('',(1.,0.));
#3075 = ( GEOMETRIC_REPRESENTATION_CONTEXT(2) 
PARAMETRIC_REPRESENTATION_CONTEXT() REPRESENTATION_CONTEXT('2D SPACE',''
  ) );
#3076 = PCURVE('',#3077,#3082);
#3077 = PLANE('',#3078);
#3078 = AXIS2_PLACEMENT_3D('',#3079,#3080,#3081);
#3079 = CARTESIAN_POINT('',(-123.6455423749,9.999980739958E-03,-18.));
#3080 = DIRECTION('',(-0.,0.,1.));
#3081 = DIRECTION('',(0.99999999673,-8.087627064654E-05,0.));
#3082 = DEFINITIONAL_REPRESENTATION('',(#3083),#3093);
#3083 = B_SPLINE_CURVE_WITH_KNOTS('',8,(#3084,#3085,#3086,#3087,#3088,
    #3089,#3090,#3091,#3092),.UNSPECIFIED.,.F.,.F.,(9,9),(2.,3.),
  .PIECEWISE_BEZIER_KNOTS.);
#3084 = CARTESIAN_POINT('',(0.690057419894,-0.709944173767));
#3085 = CARTESIAN_POINT('',(31.428942913104,-0.707458127336));
#3086 = CARTESIAN_POINT('',(62.167828406314,-0.704972080906));
#3087 = CARTESIAN_POINT('',(92.906713899524,-0.702486034475));
#3088 = CARTESIAN_POINT('',(123.64559939273,-0.699999988044));
#3089 = CARTESIAN_POINT('',(154.38448488594,-0.697513941614));
#3090 = CARTESIAN_POINT('',(185.12337037915,-0.695027895183));
#3091 = CARTESIAN_POINT('',(215.86225587236,-0.692541848758));
#3092 = CARTESIAN_POINT('',(246.60114136557,-0.69005580237));
#3093 = ( GEOMETRIC_REPRESENTATION_CONTEXT(2) 
PARAMETRIC_REPRESENTATION_CONTEXT() REPRESENTATION_CONTEXT('2D SPACE',''
  ) );
#3094 = ORIENTED_EDGE('',*,*,#3095,.T.);
#3095 = EDGE_CURVE('',#3056,#3096,#3098,.T.);
#3096 = VERTEX_POINT('',#3097);
#3097 = CARTESIAN_POINT('',(32.505844720241,-0.699999999978,-18.));
#3098 = SURFACE_CURVE('',#3099,(#3156,#3216),.PCURVE_S1.);
#3099 = B_SPLINE_CURVE_WITH_KNOTS('',7,(#3100,#3101,#3102,#3103,#3104,
    #3105,#3106,#3107,#3108,#3109,#3110,#3111,#3112,#3113,#3114,#3115,
    #3116,#3117,#3118,#3119,#3120,#3121,#3122,#3123,#3124,#3125,#3126,
    #3127,#3128,#3129,#3130,#3131,#3132,#3133,#3134,#3135,#3136,#3137,
    #3138,#3139,#3140,#3141,#3142,#3143,#3144,#3145,#3146,#3147,#3148,
    #3149,#3150,#3151,#3152,#3153,#3154,#3155),.UNSPECIFIED.,.F.,.F.,(8,
    6,6,6,6,6,6,6,6,8),(0.,6.815481403557E-02,0.206699099171,
    0.365905193741,0.486972157356,0.561855394412,0.67997399093,
    0.812031539181,0.931726943405,1.),.UNSPECIFIED.);
#3100 = CARTESIAN_POINT('',(35.494155279759,-0.699999999978,-18.));
#3101 = CARTESIAN_POINT('',(35.480998009917,-0.728084291696,
    -17.96699341319));
#3102 = CARTESIAN_POINT('',(35.467263560521,-0.755797368254,
    -17.93392805017));
#3103 = CARTESIAN_POINT('',(35.452958954641,-0.783141544293,
    -17.9008148664));
#3104 = CARTESIAN_POINT('',(35.438089250779,-0.810119015721,
    -17.86766507824));
#3105 = CARTESIAN_POINT('',(35.422657542873,-0.836731859723,
    -17.83449016297));
#3106 = CARTESIAN_POINT('',(35.406664960293,-0.862982034754,
    -17.80130185875));
#3107 = CARTESIAN_POINT('',(35.356459301526,-0.941498930861,
    -17.70064455417));
#3108 = CARTESIAN_POINT('',(35.320489787391,-0.992630026062,
    -17.6331782051));
#3109 = CARTESIAN_POINT('',(35.282190831364,-1.042287172971,
    -17.56580554404));
#3110 = CARTESIAN_POINT('',(35.241515451741,-1.090478162988,
    -17.49863893009));
#3111 = CARTESIAN_POINT('',(35.198382842162,-1.137198157474,
    -17.43181163798));
#3112 = CARTESIAN_POINT('',(35.152661906431,-1.182427472283,
    -17.36548595136));
#3113 = CARTESIAN_POINT('',(35.048374179617,-1.276339492897,
    -17.22446489864));
#3114 = CARTESIAN_POINT('',(34.989004844005,-1.324445217601,
    -17.15012563921));
#3115 = CARTESIAN_POINT('',(34.925603273473,-1.370491809632,
    -17.07700979271));
#3116 = CARTESIAN_POINT('',(34.857701648797,-1.414359666823,
    -17.00552089173));
#3117 = CARTESIAN_POINT('',(34.784693735802,-1.455748254829,
    -16.93640669303));
#3118 = CARTESIAN_POINT('',(34.705929631716,-1.494239064507,
    -16.87069728731));
#3119 = CARTESIAN_POINT('',(34.554753132513,-1.55554318371,
    -16.76411370007));
#3120 = CARTESIAN_POINT('',(34.485410528665,-1.579873191711,
    -16.72111305798));
#3121 = CARTESIAN_POINT('',(34.411442259466,-1.601725931054,
    -16.68190914252));
#3122 = CARTESIAN_POINT('',(34.332559612969,-1.620411478192,
    -16.64792371162));
#3123 = CARTESIAN_POINT('',(34.248909626415,-1.635052873657,
    -16.62102892149));
#3124 = CARTESIAN_POINT('',(34.161153460706,-1.644567405405,
    -16.60349446123));
#3125 = CARTESIAN_POINT('',(34.015870659853,-1.650859299207,
    -16.59188789662));
#3126 = CARTESIAN_POINT('',(33.95974337329,-1.651104388977,
    -16.59142934022));
#3127 = CARTESIAN_POINT('',(33.903742185938,-1.649085544572,
    -16.59516191814));
#3128 = CARTESIAN_POINT('',(33.848464293419,-1.644859559491,
    -16.60297265386));
#3129 = CARTESIAN_POINT('',(33.79438717403,-1.638589466353,
    -16.6145220054));
#3130 = CARTESIAN_POINT('',(33.741883046287,-1.630501239276,
    -16.62933630777));
#3131 = CARTESIAN_POINT('',(33.611335967485,-1.605632354248,
    -16.6745839728));
#3132 = CARTESIAN_POINT('',(33.535995331677,-1.586518653623,
    -16.7091154718));
#3133 = CARTESIAN_POINT('',(33.465199987997,-1.564299765464,
    -16.74882925117));
#3134 = CARTESIAN_POINT('',(33.398707938385,-1.539624251877,
    -16.79232090047));
#3135 = CARTESIAN_POINT('',(33.336184597093,-1.512964403995,
    -16.83858127228));
#3136 = CARTESIAN_POINT('',(33.277191729142,-1.484614052333,
    -16.88696298174));
#3137 = CARTESIAN_POINT('',(33.158644612717,-1.421147152835,
    -16.99335564894));
#3138 = CARTESIAN_POINT('',(33.100013316223,-1.38571698433,
    -17.05167817363));
#3139 = CARTESIAN_POINT('',(33.044784516931,-1.348592988394,
    -17.11157794584));
#3140 = CARTESIAN_POINT('',(32.992630749126,-1.309921078775,
    -17.17265881236));
#3141 = CARTESIAN_POINT('',(32.943285619383,-1.269801611239,
    -17.23462393378));
#3142 = CARTESIAN_POINT('',(32.89654061231,-1.228284646915,
    -17.2972719464));
#3143 = CARTESIAN_POINT('',(32.812050810741,-1.146474305969,
    -17.41776572446));
#3144 = CARTESIAN_POINT('',(32.773890665223,-1.106447141636,
    -17.47548710336));
#3145 = CARTESIAN_POINT('',(32.737625700672,-1.065307783542,
    -17.53352345556));
#3146 = CARTESIAN_POINT('',(32.703182047799,-1.023064615971,
    -17.59177728432));
#3147 = CARTESIAN_POINT('',(32.670513007823,-0.979718511753,
    -17.65016543311));
#3148 = CARTESIAN_POINT('',(32.639591860426,-0.935263795065,
    -17.70861561511));
#3149 = CARTESIAN_POINT('',(32.593767487054,-0.863691465541,
    -17.80040477597));
#3150 = CARTESIAN_POINT('',(32.577690168567,-0.837331238835,
    -17.83374289431));
#3151 = CARTESIAN_POINT('',(32.562178769659,-0.810605103179,
    -17.86706771703));
#3152 = CARTESIAN_POINT('',(32.54723440713,-0.783511076122,
    -17.90036734169));
#3153 = CARTESIAN_POINT('',(32.532860198742,-0.756047053741,
    -17.93363013233));
#3154 = CARTESIAN_POINT('',(32.519061263217,-0.728210810647,
    -17.96684471944));
#3155 = CARTESIAN_POINT('',(32.505844720241,-0.699999999978,-18.));
#3156 = PCURVE('',#1465,#3157);
#3157 = DEFINITIONAL_REPRESENTATION('',(#3158),#3215);
#3158 = B_SPLINE_CURVE_WITH_KNOTS('',7,(#3159,#3160,#3161,#3162,#3163,
    #3164,#3165,#3166,#3167,#3168,#3169,#3170,#3171,#3172,#3173,#3174,
    #3175,#3176,#3177,#3178,#3179,#3180,#3181,#3182,#3183,#3184,#3185,
    #3186,#3187,#3188,#3189,#3190,#3191,#3192,#3193,#3194,#3195,#3196,
    #3197,#3198,#3199,#3200,#3201,#3202,#3203,#3204,#3205,#3206,#3207,
    #3208,#3209,#3210,#3211,#3212,#3213,#3214),.UNSPECIFIED.,.F.,.F.,(8,
    6,6,6,6,6,6,6,6,8),(0.,6.815481403557E-02,0.206699099171,
    0.365905193741,0.486972157356,0.561855394412,0.67997399093,
    0.812031539181,0.931726943405,1.),.UNSPECIFIED.);
#3159 = CARTESIAN_POINT('',(2.64433735395,1.));
#3160 = CARTESIAN_POINT('',(2.644283849774,0.997686308025));
#3161 = CARTESIAN_POINT('',(2.644227998492,0.995381305873));
#3162 = CARTESIAN_POINT('',(2.644169828663,0.99308535986));
#3163 = CARTESIAN_POINT('',(2.644109360856,0.990798854188));
#3164 = CARTESIAN_POINT('',(2.644046607655,0.988522190946));
#3165 = CARTESIAN_POINT('',(2.64398157365,0.986255790108));
#3166 = CARTESIAN_POINT('',(2.643777411813,0.979414728582));
#3167 = CARTESIAN_POINT('',(2.643631141408,0.974874058673));
#3168 = CARTESIAN_POINT('',(2.643475398302,0.970381174179));
#3169 = CARTESIAN_POINT('',(2.643309991445,0.965940547451));
#3170 = CARTESIAN_POINT('',(2.643134592237,0.961558011369));
#3171 = CARTESIAN_POINT('',(2.642948667573,0.957241194525));
#3172 = CARTESIAN_POINT('',(2.64252458044,0.948127173774));
#3173 = CARTESIAN_POINT('',(2.642283154416,0.94336268677));
#3174 = CARTESIAN_POINT('',(2.642025331266,0.938712371408));
#3175 = CARTESIAN_POINT('',(2.641749208598,0.934197731175));
#3176 = CARTESIAN_POINT('',(2.641452321156,0.929861237372));
#3177 = CARTESIAN_POINT('',(2.641132026102,0.925761802514));
#3178 = CARTESIAN_POINT('',(2.640517265286,0.919142920939));
#3179 = CARTESIAN_POINT('',(2.640235282861,0.916483470777));
#3180 = CARTESIAN_POINT('',(2.639934490121,0.914067664308));
#3181 = CARTESIAN_POINT('',(2.639613713013,0.911980297063));
#3182 = CARTESIAN_POINT('',(2.639273549467,0.91033227213));
#3183 = CARTESIAN_POINT('',(2.638916688101,0.909258641416));
#3184 = CARTESIAN_POINT('',(2.63832589407,0.908548133618));
#3185 = CARTESIAN_POINT('',(2.638097651872,0.908520154682));
#3186 = CARTESIAN_POINT('',(2.637869922458,0.908748527703));
#3187 = CARTESIAN_POINT('',(2.637645134329,0.909226453676));
#3188 = CARTESIAN_POINT('',(2.637425229157,0.90993370139));
#3189 = CARTESIAN_POINT('',(2.637211720572,0.910842089464));
#3190 = CARTESIAN_POINT('',(2.63668084951,0.913620976559));
#3191 = CARTESIAN_POINT('',(2.636374476026,0.91574530352));
#3192 = CARTESIAN_POINT('',(2.63608658602,0.918194738463));
#3193 = CARTESIAN_POINT('',(2.635816195404,0.92088635895));
#3194 = CARTESIAN_POINT('',(2.635561943582,0.923760494322));
#3195 = CARTESIAN_POINT('',(2.635322048467,0.926779166624));
#3196 = CARTESIAN_POINT('',(2.634839975377,0.933448176311));
#3197 = CARTESIAN_POINT('',(2.634601550597,0.937121553203));
#3198 = CARTESIAN_POINT('',(2.634376962106,0.940914635184));
#3199 = CARTESIAN_POINT('',(2.634164878264,0.944805294853));
#3200 = CARTESIAN_POINT('',(2.633964215777,0.948777302158));
#3201 = CARTESIAN_POINT('',(2.633774126716,0.952820265564));
#3202 = CARTESIAN_POINT('',(2.633430548054,0.960652544988));
#3203 = CARTESIAN_POINT('',(2.633275369423,0.964428555131));
#3204 = CARTESIAN_POINT('',(2.633127897565,0.96825103159));
#3205 = CARTESIAN_POINT('',(2.63298783209,0.972115518396));
#3206 = CARTESIAN_POINT('',(2.632854983097,0.976018455349));
#3207 = CARTESIAN_POINT('',(2.632729241927,0.979956991098));
#3208 = CARTESIAN_POINT('',(2.632542896634,0.986194532499));
#3209 = CARTESIAN_POINT('',(2.63247751805,0.988470911201));
#3210 = CARTESIAN_POINT('',(2.632414440784,0.990757652672));
#3211 = CARTESIAN_POINT('',(2.632353669377,0.993054330898));
#3212 = CARTESIAN_POINT('',(2.632295216508,0.995360538136));
#3213 = CARTESIAN_POINT('',(2.632239102992,0.997675884907));
#3214 = CARTESIAN_POINT('',(2.632185357782,1.));
#3215 = ( GEOMETRIC_REPRESENTATION_CONTEXT(2) 
PARAMETRIC_REPRESENTATION_CONTEXT() REPRESENTATION_CONTEXT('2D SPACE',''
  ) );
#3216 = PCURVE('',#3217,#3222);
#3217 = CYLINDRICAL_SURFACE('',#3218,1.65);
#3218 = AXIS2_PLACEMENT_3D('',#3219,#3220,#3221);
#3219 = CARTESIAN_POINT('',(34.,0.,-21.));
#3220 = DIRECTION('',(0.,0.,1.));
#3221 = DIRECTION('',(1.,0.,-0.));
#3222 = DEFINITIONAL_REPRESENTATION('',(#3223),#3280);
#3223 = B_SPLINE_CURVE_WITH_KNOTS('',7,(#3224,#3225,#3226,#3227,#3228,
    #3229,#3230,#3231,#3232,#3233,#3234,#3235,#3236,#3237,#3238,#3239,
    #3240,#3241,#3242,#3243,#3244,#3245,#3246,#3247,#3248,#3249,#3250,
    #3251,#3252,#3253,#3254,#3255,#3256,#3257,#3258,#3259,#3260,#3261,
    #3262,#3263,#3264,#3265,#3266,#3267,#3268,#3269,#3270,#3271,#3272,
    #3273,#3274,#3275,#3276,#3277,#3278,#3279),.UNSPECIFIED.,.F.,.F.,(8,
    6,6,6,6,6,6,6,6,8),(0.,6.815481403557E-02,0.206699099171,
    0.365905193741,0.486972157356,0.561855394412,0.67997399093,
    0.812031539181,0.931726943405,1.),.UNSPECIFIED.);
#3224 = CARTESIAN_POINT('',(5.845060178794,3.));
#3225 = CARTESIAN_POINT('',(5.826264079019,3.033006586802));
#3226 = CARTESIAN_POINT('',(5.807523234186,3.066071949824));
#3227 = CARTESIAN_POINT('',(5.788827504993,3.099185133597));
#3228 = CARTESIAN_POINT('',(5.770166387828,3.132334921752));
#3229 = CARTESIAN_POINT('',(5.75152901477,3.165509837024));
#3230 = CARTESIAN_POINT('',(5.732904153591,3.198698141248));
#3231 = CARTESIAN_POINT('',(5.676421674949,3.299355445823));
#3232 = CARTESIAN_POINT('',(5.638570317613,3.366821794894));
#3233 = CARTESIAN_POINT('',(5.600622658806,3.434194455955));
#3234 = CARTESIAN_POINT('',(5.56247017867,3.50136106991));
#3235 = CARTESIAN_POINT('',(5.523995857273,3.568188362017));
#3236 = CARTESIAN_POINT('',(5.485061399492,3.634514048638));
#3237 = CARTESIAN_POINT('',(5.400006677022,3.775535101357));
#3238 = CARTESIAN_POINT('',(5.353759174845,3.84987436079));
#3239 = CARTESIAN_POINT('',(5.306375601187,3.92299020729));
#3240 = CARTESIAN_POINT('',(5.257522866802,3.994479108264));
#3241 = CARTESIAN_POINT('',(5.206804260145,4.063593306967));
#3242 = CARTESIAN_POINT('',(5.153800705234,4.129302712689));
#3243 = CARTESIAN_POINT('',(5.054931935707,4.235886299921));
#3244 = CARTESIAN_POINT('',(5.010444942155,4.27888694202));
#3245 = CARTESIAN_POINT('',(4.963798716748,4.318090857478));
#3246 = CARTESIAN_POINT('',(4.914805935103,4.352076288375));
#3247 = CARTESIAN_POINT('',(4.863507180597,4.378971078505));
#3248 = CARTESIAN_POINT('',(4.810122248764,4.396505538763));
#3249 = CARTESIAN_POINT('',(4.721989532764,4.408112103379));
#3250 = CARTESIAN_POINT('',(4.687998443623,4.408570659777));
#3251 = CARTESIAN_POINT('',(4.654080587903,4.404838081856));
#3252 = CARTESIAN_POINT('',(4.620528693636,4.397027346135));
#3253 = CARTESIAN_POINT('',(4.58757258747,4.385477994596));
#3254 = CARTESIAN_POINT('',(4.555396739037,4.370663692227));
#3255 = CARTESIAN_POINT('',(4.474854496754,4.325416027199));
#3256 = CARTESIAN_POINT('',(4.427832388877,4.290884528191));
#3257 = CARTESIAN_POINT('',(4.382968404305,4.25117074883));
#3258 = CARTESIAN_POINT('',(4.340078174904,4.20767909953));
#3259 = CARTESIAN_POINT('',(4.298952540648,4.161418727711));
#3260 = CARTESIAN_POINT('',(4.25932255236,4.113037018258));
#3261 = CARTESIAN_POINT('',(4.177827193392,4.006644351051));
#3262 = CARTESIAN_POINT('',(4.13636519331,3.94832182637));
#3263 = CARTESIAN_POINT('',(4.096106807719,3.888422054155));
#3264 = CARTESIAN_POINT('',(4.056830235486,3.827341187637));
#3265 = CARTESIAN_POINT('',(4.018345956804,3.765376066219));
#3266 = CARTESIAN_POINT('',(3.980490176531,3.702728053597));
#3267 = CARTESIAN_POINT('',(3.909213072834,3.582234275534));
#3268 = CARTESIAN_POINT('',(3.875723156405,3.524512896638));
#3269 = CARTESIAN_POINT('',(3.842526021472,3.466476544431));
#3270 = CARTESIAN_POINT('',(3.809535953355,3.408222715673));
#3271 = CARTESIAN_POINT('',(3.77667821525,3.349834566882));
#3272 = CARTESIAN_POINT('',(3.743883366658,3.291384384883));
#3273 = CARTESIAN_POINT('',(3.692377230019,3.199595224021));
#3274 = CARTESIAN_POINT('',(3.673668745847,3.166257105688));
#3275 = CARTESIAN_POINT('',(3.654947841484,3.132932282969));
#3276 = CARTESIAN_POINT('',(3.636203126068,3.099632658305));
#3277 = CARTESIAN_POINT('',(3.617423580541,3.066369867668));
#3278 = CARTESIAN_POINT('',(3.598598557656,3.033155280557));
#3279 = CARTESIAN_POINT('',(3.579717781975,3.));
#3280 = ( GEOMETRIC_REPRESENTATION_CONTEXT(2) 
PARAMETRIC_REPRESENTATION_CONTEXT() REPRESENTATION_CONTEXT('2D SPACE',''
  ) );
#3281 = ORIENTED_EDGE('',*,*,#3282,.F.);
#3282 = EDGE_CURVE('',#3283,#3096,#3285,.T.);
#3283 = VERTEX_POINT('',#3284);
#3284 = CARTESIAN_POINT('',(-32.50584472024,-0.699999999976,-18.));
#3285 = SURFACE_CURVE('',#3286,(#3296,#3303),.PCURVE_S1.);
#3286 = B_SPLINE_CURVE_WITH_KNOTS('',8,(#3287,#3288,#3289,#3290,#3291,
    #3292,#3293,#3294,#3295),.UNSPECIFIED.,.F.,.F.,(9,9),(2.,3.),
  .PIECEWISE_BEZIER_KNOTS.);
#3287 = CARTESIAN_POINT('',(-122.9555423749,-0.699999999976,-18.));
#3288 = CARTESIAN_POINT('',(-92.21665678122,-0.699999999976,-18.));
#3289 = CARTESIAN_POINT('',(-61.47777118748,-0.699999999976,-18.));
#3290 = CARTESIAN_POINT('',(-30.73888559374,-0.699999999976,-18.));
#3291 = CARTESIAN_POINT('',(5.329070518201E-15,-0.699999999976,-18.));
#3292 = CARTESIAN_POINT('',(30.738885593741,-0.699999999976,-18.));
#3293 = CARTESIAN_POINT('',(61.477771187482,-0.699999999976,-18.));
#3294 = CARTESIAN_POINT('',(92.216656781224,-0.699999999982,-18.));
#3295 = CARTESIAN_POINT('',(122.95554237496,-0.700000000024,-18.));
#3296 = PCURVE('',#1465,#3297);
#3297 = DEFINITIONAL_REPRESENTATION('',(#3298),#3302);
#3298 = LINE('',#3299,#3300);
#3299 = CARTESIAN_POINT('',(0.,1.));
#3300 = VECTOR('',#3301,1.);
#3301 = DIRECTION('',(1.,0.));
#3302 = ( GEOMETRIC_REPRESENTATION_CONTEXT(2) 
PARAMETRIC_REPRESENTATION_CONTEXT() REPRESENTATION_CONTEXT('2D SPACE',''
  ) );
#3303 = PCURVE('',#3304,#3309);
#3304 = PLANE('',#3305);
#3305 = AXIS2_PLACEMENT_3D('',#3306,#3307,#3308);
#3306 = CARTESIAN_POINT('',(-123.6455423749,9.999980739958E-03,-18.));
#3307 = DIRECTION('',(-0.,0.,1.));
#3308 = DIRECTION('',(0.99999999673,-8.087627064654E-05,0.));
#3309 = DEFINITIONAL_REPRESENTATION('',(#3310),#3320);
#3310 = B_SPLINE_CURVE_WITH_KNOTS('',8,(#3311,#3312,#3313,#3314,#3315,
    #3316,#3317,#3318,#3319),.UNSPECIFIED.,.F.,.F.,(9,9),(2.,3.),
  .PIECEWISE_BEZIER_KNOTS.);
#3311 = CARTESIAN_POINT('',(0.690057419894,-0.709944173767));
#3312 = CARTESIAN_POINT('',(31.428942913104,-0.707458127336));
#3313 = CARTESIAN_POINT('',(62.167828406314,-0.704972080906));
#3314 = CARTESIAN_POINT('',(92.906713899524,-0.702486034475));
#3315 = CARTESIAN_POINT('',(123.64559939273,-0.699999988044));
#3316 = CARTESIAN_POINT('',(154.38448488594,-0.697513941614));
#3317 = CARTESIAN_POINT('',(185.12337037915,-0.695027895183));
#3318 = CARTESIAN_POINT('',(215.86225587236,-0.692541848758));
#3319 = CARTESIAN_POINT('',(246.60114136557,-0.69005580237));
#3320 = ( GEOMETRIC_REPRESENTATION_CONTEXT(2) 
PARAMETRIC_REPRESENTATION_CONTEXT() REPRESENTATION_CONTEXT('2D SPACE',''
  ) );
#3321 = ORIENTED_EDGE('',*,*,#3322,.T.);
#3322 = EDGE_CURVE('',#3283,#2102,#3323,.T.);
#3323 = SURFACE_CURVE('',#3324,(#3381,#3441),.PCURVE_S1.);
#3324 = B_SPLINE_CURVE_WITH_KNOTS('',7,(#3325,#3326,#3327,#3328,#3329,
    #3330,#3331,#3332,#3333,#3334,#3335,#3336,#3337,#3338,#3339,#3340,
    #3341,#3342,#3343,#3344,#3345,#3346,#3347,#3348,#3349,#3350,#3351,
    #3352,#3353,#3354,#3355,#3356,#3357,#3358,#3359,#3360,#3361,#3362,
    #3363,#3364,#3365,#3366,#3367,#3368,#3369,#3370,#3371,#3372,#3373,
    #3374,#3375,#3376,#3377,#3378,#3379,#3380),.UNSPECIFIED.,.F.,.F.,(8,
    6,6,6,6,6,6,6,6,8),(0.,6.815481403555E-02,0.206699099171,
    0.36590519374,0.486972157351,0.561855394067,0.679973990745,
    0.812031539022,0.931726943256,1.),.UNSPECIFIED.);
#3325 = CARTESIAN_POINT('',(-32.50584472024,-0.699999999976,-18.));
#3326 = CARTESIAN_POINT('',(-32.51900199008,-0.728084291693,
    -17.96699341319));
#3327 = CARTESIAN_POINT('',(-32.53273643947,-0.755797368252,
    -17.93392805017));
#3328 = CARTESIAN_POINT('',(-32.54704104535,-0.783141544291,
    -17.9008148664));
#3329 = CARTESIAN_POINT('',(-32.56191074922,-0.810119015719,
    -17.86766507824));
#3330 = CARTESIAN_POINT('',(-32.57734245712,-0.836731859721,
    -17.83449016297));
#3331 = CARTESIAN_POINT('',(-32.5933350397,-0.862982034752,
    -17.80130185875));
#3332 = CARTESIAN_POINT('',(-32.64354069847,-0.941498930859,
    -17.70064455417));
#3333 = CARTESIAN_POINT('',(-32.6795102126,-0.99263002606,-17.6331782051
    ));
#3334 = CARTESIAN_POINT('',(-32.71780916863,-1.042287172969,
    -17.56580554404));
#3335 = CARTESIAN_POINT('',(-32.75848454825,-1.090478162986,
    -17.49863893009));
#3336 = CARTESIAN_POINT('',(-32.80161715783,-1.137198157472,
    -17.43181163798));
#3337 = CARTESIAN_POINT('',(-32.84733809356,-1.182427472281,
    -17.36548595136));
#3338 = CARTESIAN_POINT('',(-32.95162582038,-1.276339492896,
    -17.22446489864));
#3339 = CARTESIAN_POINT('',(-33.01099515599,-1.324445217599,
    -17.1501256392));
#3340 = CARTESIAN_POINT('',(-33.07439672652,-1.37049180963,
    -17.07700979271));
#3341 = CARTESIAN_POINT('',(-33.1422983512,-1.414359666823,
    -17.00552089173));
#3342 = CARTESIAN_POINT('',(-33.21530626419,-1.455748254827,
    -16.93640669303));
#3343 = CARTESIAN_POINT('',(-33.29407036828,-1.494239064505,
    -16.87069728731));
#3344 = CARTESIAN_POINT('',(-33.44524686748,-1.555543183708,
    -16.76411370008));
#3345 = CARTESIAN_POINT('',(-33.51458947132,-1.579873191709,
    -16.72111305798));
#3346 = CARTESIAN_POINT('',(-33.58855774052,-1.60172593105,
    -16.68190914252));
#3347 = CARTESIAN_POINT('',(-33.66744038701,-1.620411478188,
    -16.64792371162));
#3348 = CARTESIAN_POINT('',(-33.75109037356,-1.635052873654,
    -16.62102892149));
#3349 = CARTESIAN_POINT('',(-33.83884653927,-1.644567405402,
    -16.60349446123));
#3350 = CARTESIAN_POINT('',(-33.98412933986,-1.650859299196,
    -16.59188789663));
#3351 = CARTESIAN_POINT('',(-34.04025662617,-1.651104388975,
    -16.59142934022));
#3352 = CARTESIAN_POINT('',(-34.09625781327,-1.649085544601,
    -16.59516191808));
#3353 = CARTESIAN_POINT('',(-34.15153570555,-1.64485955957,
    -16.60297265371));
#3354 = CARTESIAN_POINT('',(-34.20561282471,-1.638589466498,
    -16.61452200513));
#3355 = CARTESIAN_POINT('',(-34.25811695226,-1.6305012395,
    -16.62933630736));
#3356 = CARTESIAN_POINT('',(-34.38866403106,-1.605632354608,
    -16.67458397214));
#3357 = CARTESIAN_POINT('',(-34.46400466705,-1.586518654008,
    -16.70911547111));
#3358 = CARTESIAN_POINT('',(-34.53480001089,-1.564299765858,
    -16.74882925047));
#3359 = CARTESIAN_POINT('',(-34.60129206064,-1.539624252266,
    -16.79232089978));
#3360 = CARTESIAN_POINT('',(-34.66381540206,-1.512964404371,
    -16.83858127163));
#3361 = CARTESIAN_POINT('',(-34.72280827013,-1.484614052689,
    -16.88696298113));
#3362 = CARTESIAN_POINT('',(-34.84135538671,-1.421147153175,
    -16.99335564838));
#3363 = CARTESIAN_POINT('',(-34.89998668324,-1.385716984677,
    -17.05167817306));
#3364 = CARTESIAN_POINT('',(-34.95521548257,-1.348592988746,
    -17.11157794528));
#3365 = CARTESIAN_POINT('',(-35.00736925041,-1.309921079131,
    -17.1726588118));
#3366 = CARTESIAN_POINT('',(-35.05671438018,-1.269801611598,
    -17.23462393322));
#3367 = CARTESIAN_POINT('',(-35.10345938728,-1.228284647276,
    -17.29727194585));
#3368 = CARTESIAN_POINT('',(-35.1879491889,-1.146474306337,
    -17.41776572393));
#3369 = CARTESIAN_POINT('',(-35.22610933444,-1.106447142009,
    -17.47548710283));
#3370 = CARTESIAN_POINT('',(-35.262374299,-1.065307783921,
    -17.53352345503));
#3371 = CARTESIAN_POINT('',(-35.29681795189,-1.023064616355,
    -17.5917772838));
#3372 = CARTESIAN_POINT('',(-35.32948699189,-0.979718512142,
    -17.65016543259));
#3373 = CARTESIAN_POINT('',(-35.3604081393,-0.935263795458,
    -17.7086156146));
#3374 = CARTESIAN_POINT('',(-35.40623251273,-0.863691465886,
    -17.80040477553));
#3375 = CARTESIAN_POINT('',(-35.42230983126,-0.837331239127,
    -17.83374289394));
#3376 = CARTESIAN_POINT('',(-35.43782123021,-0.810605103415,
    -17.86706771673));
#3377 = CARTESIAN_POINT('',(-35.45276559277,-0.783511076301,
    -17.90036734147));
#3378 = CARTESIAN_POINT('',(-35.46713980119,-0.756047053862,
    -17.93363013218));
#3379 = CARTESIAN_POINT('',(-35.48093873675,-0.728210810707,
    -17.96684471937));
#3380 = CARTESIAN_POINT('',(-35.49415527976,-0.699999999976,-18.));
#3381 = PCURVE('',#1465,#3382);
#3382 = DEFINITIONAL_REPRESENTATION('',(#3383),#3440);
#3383 = B_SPLINE_CURVE_WITH_KNOTS('',7,(#3384,#3385,#3386,#3387,#3388,
    #3389,#3390,#3391,#3392,#3393,#3394,#3395,#3396,#3397,#3398,#3399,
    #3400,#3401,#3402,#3403,#3404,#3405,#3406,#3407,#3408,#3409,#3410,
    #3411,#3412,#3413,#3414,#3415,#3416,#3417,#3418,#3419,#3420,#3421,
    #3422,#3423,#3424,#3425,#3426,#3427,#3428,#3429,#3430,#3431,#3432,
    #3433,#3434,#3435,#3436,#3437,#3438,#3439),.UNSPECIFIED.,.F.,.F.,(8,
    6,6,6,6,6,6,6,6,8),(0.,6.815481403555E-02,0.206699099171,
    0.36590519374,0.486972157351,0.561855394067,0.679973990745,
    0.812031539022,0.931726943256,1.),.UNSPECIFIED.);
#3384 = CARTESIAN_POINT('',(2.367814642218,1.));
#3385 = CARTESIAN_POINT('',(2.367761138042,0.997686308025));
#3386 = CARTESIAN_POINT('',(2.36770528676,0.995381305873));
#3387 = CARTESIAN_POINT('',(2.367647116931,0.99308535986));
#3388 = CARTESIAN_POINT('',(2.367586649124,0.990798854188));
#3389 = CARTESIAN_POINT('',(2.367523895923,0.988522190946));
#3390 = CARTESIAN_POINT('',(2.367458861918,0.986255790108));
#3391 = CARTESIAN_POINT('',(2.367254700081,0.979414728582));
#3392 = CARTESIAN_POINT('',(2.367108429676,0.974874058673));
#3393 = CARTESIAN_POINT('',(2.36695268657,0.970381174179));
#3394 = CARTESIAN_POINT('',(2.366787279713,0.965940547451));
#3395 = CARTESIAN_POINT('',(2.366611880505,0.961558011369));
#3396 = CARTESIAN_POINT('',(2.366425955841,0.957241194525));
#3397 = CARTESIAN_POINT('',(2.366001868708,0.948127173774));
#3398 = CARTESIAN_POINT('',(2.365760442684,0.94336268677));
#3399 = CARTESIAN_POINT('',(2.365502619534,0.938712371408));
#3400 = CARTESIAN_POINT('',(2.365226496866,0.934197731175));
#3401 = CARTESIAN_POINT('',(2.364929609424,0.929861237372));
#3402 = CARTESIAN_POINT('',(2.36460931437,0.925761802514));
#3403 = CARTESIAN_POINT('',(2.363994553554,0.919142920939));
#3404 = CARTESIAN_POINT('',(2.363712571129,0.916483470777));
#3405 = CARTESIAN_POINT('',(2.363411778389,0.914067664308));
#3406 = CARTESIAN_POINT('',(2.363091001281,0.911980297064));
#3407 = CARTESIAN_POINT('',(2.362750837735,0.91033227213));
#3408 = CARTESIAN_POINT('',(2.362393976369,0.909258641416));
#3409 = CARTESIAN_POINT('',(2.36180318234,0.908548133619));
#3410 = CARTESIAN_POINT('',(2.361574940142,0.908520154682));
#3411 = CARTESIAN_POINT('',(2.361347210729,0.9087485277));
#3412 = CARTESIAN_POINT('',(2.361122422601,0.909226453667));
#3413 = CARTESIAN_POINT('',(2.36090251743,0.909933701373));
#3414 = CARTESIAN_POINT('',(2.360689008846,0.910842089439));
#3415 = CARTESIAN_POINT('',(2.360158137784,0.913620976519));
#3416 = CARTESIAN_POINT('',(2.359851764299,0.915745303478));
#3417 = CARTESIAN_POINT('',(2.359563874292,0.91819473842));
#3418 = CARTESIAN_POINT('',(2.359293483676,0.920886358908));
#3419 = CARTESIAN_POINT('',(2.359039231854,0.923760494282));
#3420 = CARTESIAN_POINT('',(2.358799336738,0.926779166586));
#3421 = CARTESIAN_POINT('',(2.358317263648,0.933448176276));
#3422 = CARTESIAN_POINT('',(2.358078838867,0.937121553167));
#3423 = CARTESIAN_POINT('',(2.357854250376,0.940914635148));
#3424 = CARTESIAN_POINT('',(2.357642166533,0.944805294817));
#3425 = CARTESIAN_POINT('',(2.357441504047,0.948777302123));
#3426 = CARTESIAN_POINT('',(2.357251414986,0.952820265529));
#3427 = CARTESIAN_POINT('',(2.356907836323,0.960652544953));
#3428 = CARTESIAN_POINT('',(2.356752657692,0.964428555096));
#3429 = CARTESIAN_POINT('',(2.356605185834,0.968251031555));
#3430 = CARTESIAN_POINT('',(2.356465120359,0.972115518361));
#3431 = CARTESIAN_POINT('',(2.356332271366,0.976018455314));
#3432 = CARTESIAN_POINT('',(2.356206530197,0.979956991063));
#3433 = CARTESIAN_POINT('',(2.356020184902,0.986194532469));
#3434 = CARTESIAN_POINT('',(2.355954806318,0.988470911176));
#3435 = CARTESIAN_POINT('',(2.355891729052,0.990757652651));
#3436 = CARTESIAN_POINT('',(2.355830957645,0.993054330883));
#3437 = CARTESIAN_POINT('',(2.355772504776,0.995360538126));
#3438 = CARTESIAN_POINT('',(2.355716391261,0.997675884902));
#3439 = CARTESIAN_POINT('',(2.35566264605,1.));
#3440 = ( GEOMETRIC_REPRESENTATION_CONTEXT(2) 
PARAMETRIC_REPRESENTATION_CONTEXT() REPRESENTATION_CONTEXT('2D SPACE',''
  ) );
#3441 = PCURVE('',#2054,#3442);
#3442 = DEFINITIONAL_REPRESENTATION('',(#3443),#3500);
#3443 = B_SPLINE_CURVE_WITH_KNOTS('',7,(#3444,#3445,#3446,#3447,#3448,
    #3449,#3450,#3451,#3452,#3453,#3454,#3455,#3456,#3457,#3458,#3459,
    #3460,#3461,#3462,#3463,#3464,#3465,#3466,#3467,#3468,#3469,#3470,
    #3471,#3472,#3473,#3474,#3475,#3476,#3477,#3478,#3479,#3480,#3481,
    #3482,#3483,#3484,#3485,#3486,#3487,#3488,#3489,#3490,#3491,#3492,
    #3493,#3494,#3495,#3496,#3497,#3498,#3499),.UNSPECIFIED.,.F.,.F.,(8,
    6,6,6,6,6,6,6,6,8),(0.,6.815481403555E-02,0.206699099171,
    0.36590519374,0.486972157351,0.561855394067,0.679973990745,
    0.812031539022,0.931726943256,1.),.UNSPECIFIED.);
#3444 = CARTESIAN_POINT('',(5.845060178796,3.));
#3445 = CARTESIAN_POINT('',(5.826264079021,3.033006586802));
#3446 = CARTESIAN_POINT('',(5.807523234188,3.066071949824));
#3447 = CARTESIAN_POINT('',(5.788827504994,3.099185133597));
#3448 = CARTESIAN_POINT('',(5.770166387829,3.132334921752));
#3449 = CARTESIAN_POINT('',(5.751529014771,3.165509837024));
#3450 = CARTESIAN_POINT('',(5.732904153592,3.198698141248));
#3451 = CARTESIAN_POINT('',(5.67642167495,3.299355445823));
#3452 = CARTESIAN_POINT('',(5.638570317615,3.366821794894));
#3453 = CARTESIAN_POINT('',(5.600622658808,3.434194455955));
#3454 = CARTESIAN_POINT('',(5.562470178671,3.50136106991));
#3455 = CARTESIAN_POINT('',(5.523995857275,3.568188362017));
#3456 = CARTESIAN_POINT('',(5.485061399493,3.634514048638));
#3457 = CARTESIAN_POINT('',(5.400006677023,3.775535101356));
#3458 = CARTESIAN_POINT('',(5.353759174846,3.849874360791));
#3459 = CARTESIAN_POINT('',(5.30637560119,3.922990207289));
#3460 = CARTESIAN_POINT('',(5.257522866804,3.994479108265));
#3461 = CARTESIAN_POINT('',(5.206804260147,4.063593306966));
#3462 = CARTESIAN_POINT('',(5.153800705236,4.129302712689));
#3463 = CARTESIAN_POINT('',(5.054931935711,4.235886299919));
#3464 = CARTESIAN_POINT('',(5.010444942161,4.278886942018));
#3465 = CARTESIAN_POINT('',(4.963798716755,4.318090857475));
#3466 = CARTESIAN_POINT('',(4.914805935113,4.352076288371));
#3467 = CARTESIAN_POINT('',(4.863507180608,4.378971078502));
#3468 = CARTESIAN_POINT('',(4.810122248778,4.396505538761));
#3469 = CARTESIAN_POINT('',(4.721989532933,4.408112103361));
#3470 = CARTESIAN_POINT('',(4.687998443948,4.408570659777));
#3471 = CARTESIAN_POINT('',(4.65408058838,4.404838081912));
#3472 = CARTESIAN_POINT('',(4.62052869426,4.397027346284));
#3473 = CARTESIAN_POINT('',(4.587572588232,4.385477994865));
#3474 = CARTESIAN_POINT('',(4.555396739927,4.37066369264));
#3475 = CARTESIAN_POINT('',(4.474854497658,4.325416027851));
#3476 = CARTESIAN_POINT('',(4.427832389682,4.290884528884));
#3477 = CARTESIAN_POINT('',(4.38296840502,4.251170749529));
#3478 = CARTESIAN_POINT('',(4.340078175534,4.207679100211));
#3479 = CARTESIAN_POINT('',(4.298952541204,4.161418728361));
#3480 = CARTESIAN_POINT('',(4.259322552848,4.113037018865));
#3481 = CARTESIAN_POINT('',(4.177827193794,4.006644351614));
#3482 = CARTESIAN_POINT('',(4.136365193693,3.948321826935));
#3483 = CARTESIAN_POINT('',(4.096106808086,3.888422054717));
#3484 = CARTESIAN_POINT('',(4.056830235839,3.827341188196));
#3485 = CARTESIAN_POINT('',(4.018345957143,3.765376066772));
#3486 = CARTESIAN_POINT('',(3.980490176858,3.702728054142));
#3487 = CARTESIAN_POINT('',(3.909213073144,3.582234276068));
#3488 = CARTESIAN_POINT('',(3.87572315671,3.52451289717));
#3489 = CARTESIAN_POINT('',(3.842526021772,3.466476544961));
#3490 = CARTESIAN_POINT('',(3.809535953651,3.408222716199));
#3491 = CARTESIAN_POINT('',(3.776678215542,3.349834567404));
#3492 = CARTESIAN_POINT('',(3.743883366947,3.2913843854));
#3493 = CARTESIAN_POINT('',(3.692377230264,3.199595224461));
#3494 = CARTESIAN_POINT('',(3.673668746051,3.166257106054));
#3495 = CARTESIAN_POINT('',(3.654947841648,3.132932283261));
#3496 = CARTESIAN_POINT('',(3.63620312619,3.099632658524));
#3497 = CARTESIAN_POINT('',(3.617423580622,3.066369867814));
#3498 = CARTESIAN_POINT('',(3.598598557696,3.033155280629));
#3499 = CARTESIAN_POINT('',(3.579717781974,3.));
#3500 = ( GEOMETRIC_REPRESENTATION_CONTEXT(2) 
PARAMETRIC_REPRESENTATION_CONTEXT() REPRESENTATION_CONTEXT('2D SPACE',''
  ) );
#3501 = ORIENTED_EDGE('',*,*,#2160,.F.);
#3502 = ORIENTED_EDGE('',*,*,#1395,.F.);
#3503 = ADVANCED_FACE('',(#3504),#1294,.F.);
#3504 = FACE_BOUND('',#3505,.F.);
#3505 = EDGE_LOOP('',(#3506,#3530,#3531,#3532));
#3506 = ORIENTED_EDGE('',*,*,#3507,.F.);
#3507 = EDGE_CURVE('',#1682,#1117,#3508,.T.);
#3508 = SURFACE_CURVE('',#3509,(#3516,#3523),.PCURVE_S1.);
#3509 = ( BOUNDED_CURVE() B_SPLINE_CURVE(5,(#3510,#3511,#3512,#3513,
#3514,#3515),.UNSPECIFIED.,.F.,.F.) B_SPLINE_CURVE_WITH_KNOTS((6,6),(0.,
1.),.PIECEWISE_BEZIER_KNOTS.) CURVE() GEOMETRIC_REPRESENTATION_ITEM() 
RATIONAL_B_SPLINE_CURVE((1.,1.,1.,1.,1.,1.)) REPRESENTATION_ITEM('') );
#3510 = CARTESIAN_POINT('',(-112.4355423839,-14.99999999992,0.));
#3511 = CARTESIAN_POINT('',(-112.4355423839,-14.7973538428,
    -3.594413273843));
#3512 = CARTESIAN_POINT('',(-112.4355423839,-14.71756118517,
    -7.739430263657));
#3513 = CARTESIAN_POINT('',(-112.4355423839,-13.92783165005,
    -10.83065080678));
#3514 = CARTESIAN_POINT('',(-112.4355423839,-13.62766038428,
    -15.14684692625));
#3515 = CARTESIAN_POINT('',(-112.4355423839,-11.19999999992,-18.));
#3516 = PCURVE('',#1294,#3517);
#3517 = DEFINITIONAL_REPRESENTATION('',(#3518),#3522);
#3518 = LINE('',#3519,#3520);
#3519 = CARTESIAN_POINT('',(3.,0.));
#3520 = VECTOR('',#3521,1.);
#3521 = DIRECTION('',(0.,1.));
#3522 = ( GEOMETRIC_REPRESENTATION_CONTEXT(2) 
PARAMETRIC_REPRESENTATION_CONTEXT() REPRESENTATION_CONTEXT('2D SPACE',''
  ) );
#3523 = PCURVE('',#1136,#3524);
#3524 = DEFINITIONAL_REPRESENTATION('',(#3525),#3529);
#3525 = LINE('',#3526,#3527);
#3526 = CARTESIAN_POINT('',(3.,0.));
#3527 = VECTOR('',#3528,1.);
#3528 = DIRECTION('',(0.,1.));
#3529 = ( GEOMETRIC_REPRESENTATION_CONTEXT(2) 
PARAMETRIC_REPRESENTATION_CONTEXT() REPRESENTATION_CONTEXT('2D SPACE',''
  ) );
#3530 = ORIENTED_EDGE('',*,*,#1716,.T.);
#3531 = ORIENTED_EDGE('',*,*,#2196,.T.);
#3532 = ORIENTED_EDGE('',*,*,#1200,.T.);
#3533 = ADVANCED_FACE('',(#3534),#1136,.F.);
#3534 = FACE_BOUND('',#3535,.F.);
#3535 = EDGE_LOOP('',(#3536,#3537,#3538,#3539));
#3536 = ORIENTED_EDGE('',*,*,#1615,.F.);
#3537 = ORIENTED_EDGE('',*,*,#1681,.T.);
#3538 = ORIENTED_EDGE('',*,*,#3507,.T.);
#3539 = ORIENTED_EDGE('',*,*,#1116,.T.);
#3540 = ADVANCED_FACE('',(#3541),#866,.F.);
#3541 = FACE_BOUND('',#3542,.F.);
#3542 = EDGE_LOOP('',(#3543,#3544,#3697,#3698));
#3543 = ORIENTED_EDGE('',*,*,#812,.T.);
#3544 = ORIENTED_EDGE('',*,*,#3545,.T.);
#3545 = EDGE_CURVE('',#654,#1813,#3546,.T.);
#3546 = SURFACE_CURVE('',#3547,(#3595,#3646),.PCURVE_S1.);
#3547 = B_SPLINE_CURVE_WITH_KNOTS('',6,(#3548,#3549,#3550,#3551,#3552,
    #3553,#3554,#3555,#3556,#3557,#3558,#3559,#3560,#3561,#3562,#3563,
    #3564,#3565,#3566,#3567,#3568,#3569,#3570,#3571,#3572,#3573,#3574,
    #3575,#3576,#3577,#3578,#3579,#3580,#3581,#3582,#3583,#3584,#3585,
    #3586,#3587,#3588,#3589,#3590,#3591,#3592,#3593,#3594),
  .UNSPECIFIED.,.F.,.F.,(7,5,5,5,5,5,5,5,5,7),(0.,0.111702852293,
    0.222880904637,0.383002267358,0.540263704753,0.695677395739,
    0.872401773553,0.922460867247,0.961296259967,1.),.UNSPECIFIED.);
#3548 = CARTESIAN_POINT('',(-101.2668361056,0.69999998074,-18.));
#3549 = CARTESIAN_POINT('',(-101.0818881717,0.89672650585,
    -17.76879334637));
#3550 = CARTESIAN_POINT('',(-100.9080525544,1.085542706529,
    -17.52189880897));
#3551 = CARTESIAN_POINT('',(-100.7455838977,1.265294736299,
    -17.2606975729));
#3552 = CARTESIAN_POINT('',(-100.5941631097,1.435499842234,
    -16.98694164113));
#3553 = CARTESIAN_POINT('',(-100.4531972489,1.596160705431,
    -16.70245008694));
#3554 = CARTESIAN_POINT('',(-100.1913531285,1.89824333052,
    -16.11669638631));
#3555 = CARTESIAN_POINT('',(-100.0703797057,2.039757055778,
    -15.81551028304));
#3556 = CARTESIAN_POINT('',(-99.95829475768,2.17242583721,
    -15.50686856238));
#3557 = CARTESIAN_POINT('',(-99.85425236219,2.296829464551,
    -15.19215410375));
#3558 = CARTESIAN_POINT('',(-99.75744766213,2.413615673841,
    -14.87246320761));
#3559 = CARTESIAN_POINT('',(-99.53705895484,2.68161696624,
    -14.08210516996));
#3560 = CARTESIAN_POINT('',(-99.42049067623,2.825301845987,
    -13.60708624859));
#3561 = CARTESIAN_POINT('',(-99.31516218236,2.956500797911,
    -13.12579587092));
#3562 = CARTESIAN_POINT('',(-99.21930999457,3.076955193508,
    -12.63991725034));
#3563 = CARTESIAN_POINT('',(-99.13156333642,3.188063947255,
    -12.15054227378));
#3564 = CARTESIAN_POINT('',(-98.97158555787,3.391993114178,
    -11.17466900788));
#3565 = CARTESIAN_POINT('',(-98.89912186067,3.485081788793,
    -10.68838421372));
#3566 = CARTESIAN_POINT('',(-98.83246660998,3.571256858441,
    -10.19997568541));
#3567 = CARTESIAN_POINT('',(-98.77093844211,3.651239932761,
    -9.70988313365));
#3568 = CARTESIAN_POINT('',(-98.7140657396,3.725531472513,
    -9.218396858473));
#3569 = CARTESIAN_POINT('',(-98.60951622527,3.862680937326,
    -8.238771778956));
#3570 = CARTESIAN_POINT('',(-98.56174167518,3.925660608407,
    -7.750683522706));
#3571 = CARTESIAN_POINT('',(-98.51781253267,3.983812082176,
    -7.261619467594));
#3572 = CARTESIAN_POINT('',(-98.47748877166,4.037380685798,
    -6.771727987264));
#3573 = CARTESIAN_POINT('',(-98.4405612142,4.086588432352,
    -6.281129387187));
#3574 = CARTESIAN_POINT('',(-98.36835985558,4.18305464022,
    -5.231384472608));
#3575 = CARTESIAN_POINT('',(-98.33400739663,4.229120708644,
    -4.672061305278));
#3576 = CARTESIAN_POINT('',(-98.30335493997,4.27034502005,
    -4.112136625019));
#3577 = CARTESIAN_POINT('',(-98.27596357754,4.307269647639,
    -3.551755557168));
#3578 = CARTESIAN_POINT('',(-98.25124356349,4.340657371191,
    -2.991048022661));
#3579 = CARTESIAN_POINT('',(-98.22177483772,4.380530695896,
    -2.271278713844));
#3580 = CARTESIAN_POINT('',(-98.21541069304,4.3891466848,-2.112385322834
    ));
#3581 = CARTESIAN_POINT('',(-98.20916663492,4.397604627126,
    -1.953479976391));
#3582 = CARTESIAN_POINT('',(-98.20301936063,4.405935781247,
    -1.794565850232));
#3583 = CARTESIAN_POINT('',(-98.19694281242,4.414175261601,
    -1.635646279302));
#3584 = CARTESIAN_POINT('',(-98.18622654367,4.428713291848,
    -1.353434878879));
#3585 = CARTESIAN_POINT('',(-98.18156992526,4.435033116129,
    -1.230143882711));
#3586 = CARTESIAN_POINT('',(-98.17692485309,4.441339727669,
    -1.106853392599));
#3587 = CARTESIAN_POINT('',(-98.17227631804,4.447653489783,
    -0.983565239873));
#3588 = CARTESIAN_POINT('',(-98.16760777113,4.453996912961,
    -0.860281463865));
#3589 = CARTESIAN_POINT('',(-98.15821045592,4.466770673809,
    -0.614145069009));
#3590 = CARTESIAN_POINT('',(-98.15348167551,4.473201021503,
    -0.491292505157));
#3591 = CARTESIAN_POINT('',(-98.14869700648,4.479709921874,
    -0.36844877991));
#3592 = CARTESIAN_POINT('',(-98.14383629374,4.486324919742,
    -0.245616570734));
#3593 = CARTESIAN_POINT('',(-98.13887700288,4.493076880837,
    -0.122799073003));
#3594 = CARTESIAN_POINT('',(-98.13379422022,4.499999991792,0.));
#3595 = PCURVE('',#866,#3596);
#3596 = DEFINITIONAL_REPRESENTATION('',(#3597),#3645);
#3597 = B_SPLINE_CURVE_WITH_KNOTS('',6,(#3598,#3599,#3600,#3601,#3602,
    #3603,#3604,#3605,#3606,#3607,#3608,#3609,#3610,#3611,#3612,#3613,
    #3614,#3615,#3616,#3617,#3618,#3619,#3620,#3621,#3622,#3623,#3624,
    #3625,#3626,#3627,#3628,#3629,#3630,#3631,#3632,#3633,#3634,#3635,
    #3636,#3637,#3638,#3639,#3640,#3641,#3642,#3643,#3644),
  .UNSPECIFIED.,.F.,.F.,(7,5,5,5,5,5,5,5,5,7),(0.,0.111702852293,
    0.222880904637,0.383002267358,0.540263704753,0.695677395739,
    0.872401773553,0.922460867247,0.961296259967,1.),.UNSPECIFIED.);
#3598 = CARTESIAN_POINT('',(5.039280292236,0.999999999982));
#3599 = CARTESIAN_POINT('',(5.049802326569,0.983792906661));
#3600 = CARTESIAN_POINT('',(5.059470146293,0.967132616343));
#3601 = CARTESIAN_POINT('',(5.068325635591,0.950097261261));
#3602 = CARTESIAN_POINT('',(5.076435912713,0.932758898848));
#3603 = CARTESIAN_POINT('',(5.083870532784,0.915180005988));
#3604 = CARTESIAN_POINT('',(5.097492140838,0.879725461159));
#3605 = CARTESIAN_POINT('',(5.103684989827,0.861851030474));
#3606 = CARTESIAN_POINT('',(5.109344945948,0.84383160293));
#3607 = CARTESIAN_POINT('',(5.114536938455,0.825699474));
#3608 = CARTESIAN_POINT('',(5.119317380298,0.807476042991));
#3609 = CARTESIAN_POINT('',(5.130098830099,0.762807609496));
#3610 = CARTESIAN_POINT('',(5.135708580664,0.736283796601));
#3611 = CARTESIAN_POINT('',(5.140713672324,0.709625126585));
#3612 = CARTESIAN_POINT('',(5.145219737855,0.682851744052));
#3613 = CARTESIAN_POINT('',(5.14930667296,0.65597881037));
#3614 = CARTESIAN_POINT('',(5.156696932128,0.602524833594));
#3615 = CARTESIAN_POINT('',(5.160012282933,0.575953190393));
#3616 = CARTESIAN_POINT('',(5.16303769687,0.549306371903));
#3617 = CARTESIAN_POINT('',(5.165811355484,0.522603999586));
#3618 = CARTESIAN_POINT('',(5.168359536209,0.495868899348));
#3619 = CARTESIAN_POINT('',(5.173019018113,0.442687355843));
#3620 = CARTESIAN_POINT('',(5.175134945592,0.416242302431));
#3621 = CARTESIAN_POINT('',(5.177070311795,0.389806500554));
#3622 = CARTESIAN_POINT('',(5.178838832381,0.363400639437));
#3623 = CARTESIAN_POINT('',(5.180452068651,0.337038661322));
#3624 = CARTESIAN_POINT('',(5.183595668625,0.280794608115));
#3625 = CARTESIAN_POINT('',(5.185084304451,0.250925385148));
#3626 = CARTESIAN_POINT('',(5.186407640726,0.221115205374));
#3627 = CARTESIAN_POINT('',(5.187586637494,0.191341922412));
#3628 = CARTESIAN_POINT('',(5.188648015996,0.161552772274));
#3629 = CARTESIAN_POINT('',(5.189910343983,0.123168158666));
#3630 = CARTESIAN_POINT('',(5.190182761552,0.114685433385));
#3631 = CARTESIAN_POINT('',(5.190449853491,0.106190416385));
#3632 = CARTESIAN_POINT('',(5.190712629318,9.768026593128E-02));
#3633 = CARTESIAN_POINT('',(5.190972211286,8.915169934869E-02));
#3634 = CARTESIAN_POINT('',(5.19142969686,7.39674296986E-02));
#3635 = CARTESIAN_POINT('',(5.191628389135,6.732051299261E-02));
#3636 = CARTESIAN_POINT('',(5.191826488612,6.065850193897E-02));
#3637 = CARTESIAN_POINT('',(5.192024636061,5.397942223782E-02));
#3638 = CARTESIAN_POINT('',(5.192223535621,4.728106625658E-02));
#3639 = CARTESIAN_POINT('',(5.192623693576,3.386370458249E-02));
#3640 = CARTESIAN_POINT('',(5.192824952756,2.71448098455E-02));
#3641 = CARTESIAN_POINT('',(5.193028486855,2.040190935463E-02));
#3642 = CARTESIAN_POINT('',(5.193235148194,1.36322583984E-02));
#3643 = CARTESIAN_POINT('',(5.193445886904,6.832767018151E-03));
#3644 = CARTESIAN_POINT('',(5.193661750924,8.099293086042E-12));
#3645 = ( GEOMETRIC_REPRESENTATION_CONTEXT(2) 
PARAMETRIC_REPRESENTATION_CONTEXT() REPRESENTATION_CONTEXT('2D SPACE',''
  ) );
#3646 = PCURVE('',#723,#3647);
#3647 = DEFINITIONAL_REPRESENTATION('',(#3648),#3696);
#3648 = B_SPLINE_CURVE_WITH_KNOTS('',6,(#3649,#3650,#3651,#3652,#3653,
    #3654,#3655,#3656,#3657,#3658,#3659,#3660,#3661,#3662,#3663,#3664,
    #3665,#3666,#3667,#3668,#3669,#3670,#3671,#3672,#3673,#3674,#3675,
    #3676,#3677,#3678,#3679,#3680,#3681,#3682,#3683,#3684,#3685,#3686,
    #3687,#3688,#3689,#3690,#3691,#3692,#3693,#3694,#3695),
  .UNSPECIFIED.,.F.,.F.,(7,5,5,5,5,5,5,5,5,7),(0.,0.111702852293,
    0.222880904637,0.383002267358,0.540263704753,0.695677395739,
    0.872401773553,0.922460867247,0.961296259967,1.),.UNSPECIFIED.);
#3649 = CARTESIAN_POINT('',(6.911802648948,1.));
#3650 = CARTESIAN_POINT('',(6.911050556239,0.983792906582));
#3651 = CARTESIAN_POINT('',(6.910343651882,0.967132616387));
#3652 = CARTESIAN_POINT('',(6.909682971388,0.950097261123));
#3653 = CARTESIAN_POINT('',(6.909067217169,0.932758898829));
#3654 = CARTESIAN_POINT('',(6.908493978021,0.915180005909));
#3655 = CARTESIAN_POINT('',(6.907429186165,0.879725461086));
#3656 = CARTESIAN_POINT('',(6.906937246475,0.861851030402));
#3657 = CARTESIAN_POINT('',(6.90648145186,0.843831602858));
#3658 = CARTESIAN_POINT('',(6.90605836237,0.825699473931));
#3659 = CARTESIAN_POINT('',(6.905664705044,0.807476042925));
#3660 = CARTESIAN_POINT('',(6.904768492059,0.762807609437));
#3661 = CARTESIAN_POINT('',(6.904294465934,0.736283796548));
#3662 = CARTESIAN_POINT('',(6.903866146511,0.709625126536));
#3663 = CARTESIAN_POINT('',(6.903476362586,0.682851744006));
#3664 = CARTESIAN_POINT('',(6.903119539883,0.655978810327));
#3665 = CARTESIAN_POINT('',(6.902468988572,0.602524833555));
#3666 = CARTESIAN_POINT('',(6.902174314189,0.575953190354));
#3667 = CARTESIAN_POINT('',(6.901903259914,0.549306371865));
#3668 = CARTESIAN_POINT('',(6.901653054975,0.522603999547));
#3669 = CARTESIAN_POINT('',(6.901421781535,0.495868899309));
#3670 = CARTESIAN_POINT('',(6.900996629841,0.442687355804));
#3671 = CARTESIAN_POINT('',(6.900802354133,0.416242302393));
#3672 = CARTESIAN_POINT('',(6.900623715815,0.389806500517));
#3673 = CARTESIAN_POINT('',(6.900459738819,0.363400639403));
#3674 = CARTESIAN_POINT('',(6.90030957252,0.337038661292));
#3675 = CARTESIAN_POINT('',(6.90001596494,0.280794608096));
#3676 = CARTESIAN_POINT('',(6.899876270306,0.250925385137));
#3677 = CARTESIAN_POINT('',(6.89975162177,0.22111520537));
#3678 = CARTESIAN_POINT('',(6.899640234508,0.191341922419));
#3679 = CARTESIAN_POINT('',(6.899539710312,0.161552772289));
#3680 = CARTESIAN_POINT('',(6.89941987543,0.123168158689));
#3681 = CARTESIAN_POINT('',(6.899393995569,0.11468543341));
#3682 = CARTESIAN_POINT('',(6.899368604042,0.106190416411));
#3683 = CARTESIAN_POINT('',(6.899343606086,9.768026595762E-02));
#3684 = CARTESIAN_POINT('',(6.899318895739,8.915169937544E-02));
#3685 = CARTESIAN_POINT('',(6.89927531792,7.396742972521E-02));
#3686 = CARTESIAN_POINT('',(6.899256381733,6.732051301886E-02));
#3687 = CARTESIAN_POINT('',(6.899237492498,6.065850196451E-02));
#3688 = CARTESIAN_POINT('',(6.899218589182,5.397942226228E-02));
#3689 = CARTESIAN_POINT('',(6.899199604487,4.728106627951E-02));
#3690 = CARTESIAN_POINT('',(6.899161390206,3.386370460532E-02));
#3691 = CARTESIAN_POINT('',(6.899142160571,2.714480985923E-02));
#3692 = CARTESIAN_POINT('',(6.899122703665,2.040190936355E-02));
#3693 = CARTESIAN_POINT('',(6.899102937525,1.363225841E-02));
#3694 = CARTESIAN_POINT('',(6.899082770517,6.832767031066E-03));
#3695 = CARTESIAN_POINT('',(6.899062101328,0.));
#3696 = ( GEOMETRIC_REPRESENTATION_CONTEXT(2) 
PARAMETRIC_REPRESENTATION_CONTEXT() REPRESENTATION_CONTEXT('2D SPACE',''
  ) );
#3697 = ORIENTED_EDGE('',*,*,#1847,.T.);
#3698 = ORIENTED_EDGE('',*,*,#2069,.T.);
#3699 = ADVANCED_FACE('',(#3700),#723,.F.);
#3700 = FACE_BOUND('',#3701,.F.);
#3701 = EDGE_LOOP('',(#3702,#3929,#3964,#4110,#4139,#4283,#4284,#4285,
    #4286,#4287,#4469,#4504,#4686,#4721));
#3702 = ORIENTED_EDGE('',*,*,#3703,.F.);
#3703 = EDGE_CURVE('',#3704,#3706,#3708,.T.);
#3704 = VERTEX_POINT('',#3705);
#3705 = CARTESIAN_POINT('',(98.133794222806,4.500000000024,0.));
#3706 = VERTEX_POINT('',#3707);
#3707 = CARTESIAN_POINT('',(99.68785207916,2.498267062651,-14.6222815101
    ));
#3708 = SURFACE_CURVE('',#3709,(#3762,#3818),.PCURVE_S1.);
#3709 = B_SPLINE_CURVE_WITH_KNOTS('',6,(#3710,#3711,#3712,#3713,#3714,
    #3715,#3716,#3717,#3718,#3719,#3720,#3721,#3722,#3723,#3724,#3725,
    #3726,#3727,#3728,#3729,#3730,#3731,#3732,#3733,#3734,#3735,#3736,
    #3737,#3738,#3739,#3740,#3741,#3742,#3743,#3744,#3745,#3746,#3747,
    #3748,#3749,#3750,#3751,#3752,#3753,#3754,#3755,#3756,#3757,#3758,
    #3759,#3760,#3761),.UNSPECIFIED.,.F.,.F.,(7,5,5,5,5,5,5,5,5,5,7),(0.
    ,3.929550826367E-02,9.021824109834E-02,0.177658853891,0.296501167526
    ,0.400214344478,0.503712486617,0.60766397441,0.743211738217,
    0.881774010172,1.),.UNSPECIFIED.);
#3710 = CARTESIAN_POINT('',(98.133794222806,4.500000000024,0.));
#3711 = CARTESIAN_POINT('',(98.138954713691,4.492971044312,
    -0.124676551664));
#3712 = CARTESIAN_POINT('',(98.14398791489,4.486118501946,
    -0.249372092863));
#3713 = CARTESIAN_POINT('',(98.14891988911,4.479406609955,
    -0.374082741959));
#3714 = CARTESIAN_POINT('',(98.153774180092,4.472803121149,
    -0.498805163896));
#3715 = CARTESIAN_POINT('',(98.158571812607,4.466279304128,
    -0.623536570191));
#3716 = CARTESIAN_POINT('',(98.169499033065,4.451426392895,
    -0.909921885157));
#3717 = CARTESIAN_POINT('',(98.17560337568,4.443133352979,
    -1.071580138343));
#3718 = CARTESIAN_POINT('',(98.181684590369,4.434875943988,
    -1.233244541481));
#3719 = CARTESIAN_POINT('',(98.187778700728,4.426605209091,
    -1.394910678628));
#3720 = CARTESIAN_POINT('',(98.193917483882,4.418278114172,
    -1.556574654914));
#3721 = CARTESIAN_POINT('',(98.210793608518,4.395398247335,
    -1.995820566903));
#3722 = CARTESIAN_POINT('',(98.221672726923,4.380661833472,
    -2.273391302092));
#3723 = CARTESIAN_POINT('',(98.23290783981,4.365456776616,
    -2.550927676624));
#3724 = CARTESIAN_POINT('',(98.244614168746,4.349628980039,
    -2.828413317339));
#3725 = CARTESIAN_POINT('',(98.256887154863,4.333052202052,
    -3.105832165612));
#3726 = CARTESIAN_POINT('',(98.287372377336,4.291924057549,
    -3.760099692049));
#3727 = CARTESIAN_POINT('',(98.306134627759,4.266646818029,
    -4.136878232859));
#3728 = CARTESIAN_POINT('',(98.326301810992,4.239518471658,
    -4.513460044036));
#3729 = CARTESIAN_POINT('',(98.348033529976,4.210336429309,
    -4.889802175234));
#3730 = CARTESIAN_POINT('',(98.371459115026,4.178942882716,
    -5.265859197992));
#3731 = CARTESIAN_POINT('',(98.418715133847,4.115760016712,
    -5.969470980436));
#3732 = CARTESIAN_POINT('',(98.442114287293,4.084529977348,
    -6.297106192313));
#3733 = CARTESIAN_POINT('',(98.466967212624,4.051424668538,
    -6.624453277632));
#3734 = CARTESIAN_POINT('',(98.493341213637,4.016369634825,
    -6.951477723063));
#3735 = CARTESIAN_POINT('',(98.521303518657,3.979293555115,
    -7.278141409662));
#3736 = CARTESIAN_POINT('',(98.58049571457,3.901021117741,
    -7.929983337689));
#3737 = CARTESIAN_POINT('',(98.611718617887,3.859833551421,
    -8.255162205906));
#3738 = CARTESIAN_POINT('',(98.644675323436,3.816474331732,
    -8.579895128419));
#3739 = CARTESIAN_POINT('',(98.679450797888,3.770855503883,
    -8.904131180919));
#3740 = CARTESIAN_POINT('',(98.716150120526,3.722867677153,
    -9.227807474814));
#3741 = CARTESIAN_POINT('',(98.79383954042,3.621644796788,
    -9.875299580726));
#3742 = CARTESIAN_POINT('',(98.834847211001,3.568388290316,
    -10.19910566634));
#3743 = CARTESIAN_POINT('',(98.878072211063,3.512450942777,-10.522188596
    ));
#3744 = CARTESIAN_POINT('',(98.92368435139,3.453652767617,
    -10.84444402611));
#3745 = CARTESIAN_POINT('',(98.971897485542,3.391767815619,
    -11.16573479544));
#3746 = CARTESIAN_POINT('',(99.089596221452,3.241421271871,
    -11.90334958747));
#3747 = CARTESIAN_POINT('',(99.16108695773,3.150605981102,
    -12.31883786026));
#3748 = CARTESIAN_POINT('',(99.2380653756,3.053430201541,-12.73201478915
    ));
#3749 = CARTESIAN_POINT('',(99.32128968346,2.949106045989,
    -13.14230368468));
#3750 = CARTESIAN_POINT('',(99.411716571029,2.83667982015,
    -13.54887427186));
#3751 = CARTESIAN_POINT('',(99.611584970152,2.590651280375,
    -14.36131852345));
#3752 = CARTESIAN_POINT('',(99.721375340564,2.456670922654,
    -14.76685799343));
#3753 = CARTESIAN_POINT('',(99.841226374585,2.311853509854,
    -15.16615737147));
#3754 = CARTESIAN_POINT('',(99.972610261534,2.154916528009,
    -15.55742200582));
#3755 = CARTESIAN_POINT('',(100.11718475258,1.984598018055,
    -15.93817734697));
#3756 = CARTESIAN_POINT('',(100.41239523396,1.642742680557,
    -16.61902647358));
#3757 = CARTESIAN_POINT('',(100.55902053859,1.47506031785,
    -16.92274277779));
#3758 = CARTESIAN_POINT('',(100.71723655309,1.296693318735,
    -17.21478926626));
#3759 = CARTESIAN_POINT('',(100.88778612037,1.107569843544,-17.493008392
    ));
#3760 = CARTESIAN_POINT('',(101.0710893074,0.908213077319,
    -17.75529347778));
#3761 = CARTESIAN_POINT('',(101.26683610563,0.69999998074,-18.));
#3762 = PCURVE('',#723,#3763);
#3763 = DEFINITIONAL_REPRESENTATION('',(#3764),#3817);
#3764 = B_SPLINE_CURVE_WITH_KNOTS('',6,(#3765,#3766,#3767,#3768,#3769,
    #3770,#3771,#3772,#3773,#3774,#3775,#3776,#3777,#3778,#3779,#3780,
    #3781,#3782,#3783,#3784,#3785,#3786,#3787,#3788,#3789,#3790,#3791,
    #3792,#3793,#3794,#3795,#3796,#3797,#3798,#3799,#3800,#3801,#3802,
    #3803,#3804,#3805,#3806,#3807,#3808,#3809,#3810,#3811,#3812,#3813,
    #3814,#3815,#3816),.UNSPECIFIED.,.F.,.F.,(7,5,5,5,5,5,5,5,5,5,7),(0.
    ,3.929550826367E-02,9.021824109834E-02,0.177658853891,0.296501167526
    ,0.400214344478,0.503712486617,0.60766397441,0.743211738217,
    0.881774010172,1.),.UNSPECIFIED.);
#3765 = CARTESIAN_POINT('',(6.100937898661,0.));
#3766 = CARTESIAN_POINT('',(6.100916913471,6.937233038844E-03));
#3767 = CARTESIAN_POINT('',(6.100896445906,1.384016608312E-02));
#3768 = CARTESIAN_POINT('',(6.100876389981,2.071239285603E-02));
#3769 = CARTESIAN_POINT('',(6.100856649956,2.755714143529E-02));
#3770 = CARTESIAN_POINT('',(6.100837140333,3.43772742531E-02));
#3771 = CARTESIAN_POINT('',(6.100792704677,4.998477512059E-02));
#3772 = CARTESIAN_POINT('',(6.100767881303,5.875720722029E-02));
#3773 = CARTESIAN_POINT('',(6.10074315198,6.749801577864E-02));
#3774 = CARTESIAN_POINT('',(6.100718370217,7.621198378275E-02));
#3775 = CARTESIAN_POINT('',(6.100693406791,8.490324582353E-02));
#3776 = CARTESIAN_POINT('',(6.100624779853,0.108466269602));
#3777 = CARTESIAN_POINT('',(6.100580539804,0.123300725667));
#3778 = CARTESIAN_POINT('',(6.1005348521,0.138096669493));
#3779 = CARTESIAN_POINT('',(6.100487248191,0.1528678448));
#3780 = CARTESIAN_POINT('',(6.100437339965,0.167624687618));
#3781 = CARTESIAN_POINT('',(6.100313371488,0.202423116087));
#3782 = CARTESIAN_POINT('',(6.100237074601,0.222459430123));
#3783 = CARTESIAN_POINT('',(6.100155064539,0.242504154209));
#3784 = CARTESIAN_POINT('',(6.100066692276,0.262568983427));
#3785 = CARTESIAN_POINT('',(6.099971431889,0.282659166446));
#3786 = CARTESIAN_POINT('',(6.099779264794,0.3203305388));
#3787 = CARTESIAN_POINT('',(6.099684111892,0.337905548497));
#3788 = CARTESIAN_POINT('',(6.099583047211,0.355500721495));
#3789 = CARTESIAN_POINT('',(6.09947579706,0.373113721165));
#3790 = CARTESIAN_POINT('',(6.099362088054,0.390740326387));
#3791 = CARTESIAN_POINT('',(6.099121382369,0.425973686841));
#3792 = CARTESIAN_POINT('',(6.098994414106,0.443580355353));
#3793 = CARTESIAN_POINT('',(6.098860395318,0.461190170678));
#3794 = CARTESIAN_POINT('',(6.098718980487,0.478796847599));
#3795 = CARTESIAN_POINT('',(6.098569742308,0.496393847624));
#3796 = CARTESIAN_POINT('',(6.098253817469,0.531633737693));
#3797 = CARTESIAN_POINT('',(6.098087059347,0.549276271865));
#3798 = CARTESIAN_POINT('',(6.097911284432,0.566897086746));
#3799 = CARTESIAN_POINT('',(6.097725802186,0.584490362123));
#3800 = CARTESIAN_POINT('',(6.097529742971,0.602050987468));
#3801 = CARTESIAN_POINT('',(6.09705111983,0.642426125988));
#3802 = CARTESIAN_POINT('',(6.096760402002,0.665213148927));
#3803 = CARTESIAN_POINT('',(6.09644736846,0.687930680612));
#3804 = CARTESIAN_POINT('',(6.096108935941,0.710570210947));
#3805 = CARTESIAN_POINT('',(6.095741214057,0.733121767662));
#3806 = CARTESIAN_POINT('',(6.09492844712,0.778528154753));
#3807 = CARTESIAN_POINT('',(6.094481983429,0.801371906665));
#3808 = CARTESIAN_POINT('',(6.093994607945,0.824100178208));
#3809 = CARTESIAN_POINT('',(6.093460333993,0.846682308222));
#3810 = CARTESIAN_POINT('',(6.092872420312,0.869066172422));
#3811 = CARTESIAN_POINT('',(6.0916719438,0.910039527297));
#3812 = CARTESIAN_POINT('',(6.091075690464,0.928702890455));
#3813 = CARTESIAN_POINT('',(6.090432303385,0.947108888773));
#3814 = CARTESIAN_POINT('',(6.089738761785,0.965185152746));
#3815 = CARTESIAN_POINT('',(6.088993357456,0.982846596152));
#3816 = CARTESIAN_POINT('',(6.088197351052,1.));
#3817 = ( GEOMETRIC_REPRESENTATION_CONTEXT(2) 
PARAMETRIC_REPRESENTATION_CONTEXT() REPRESENTATION_CONTEXT('2D SPACE',''
  ) );
#3818 = PCURVE('',#3819,#3874);
#3819 = ( BOUNDED_SURFACE() B_SPLINE_SURFACE(8,5,(
    (#3820,#3821,#3822,#3823,#3824,#3825)
    ,(#3826,#3827,#3828,#3829,#3830,#3831)
    ,(#3832,#3833,#3834,#3835,#3836,#3837)
    ,(#3838,#3839,#3840,#3841,#3842,#3843)
    ,(#3844,#3845,#3846,#3847,#3848,#3849)
    ,(#3850,#3851,#3852,#3853,#3854,#3855)
    ,(#3856,#3857,#3858,#3859,#3860,#3861)
    ,(#3862,#3863,#3864,#3865,#3866,#3867)
    ,(#3868,#3869,#3870,#3871,#3872,#3873
)),.UNSPECIFIED.,.F.,.F.,.F.) B_SPLINE_SURFACE_WITH_KNOTS((9,9),(6,6),(
    7.,8.),(0.,1.),.PIECEWISE_BEZIER_KNOTS.) 
GEOMETRIC_REPRESENTATION_ITEM() RATIONAL_B_SPLINE_SURFACE((
    (1.,1.,1.,1.,1.,1.)
    ,(1.,1.,1.,1.,1.,1.)
    ,(1.,1.,1.,1.,1.,1.)
    ,(1.,1.,1.,1.,1.,1.)
    ,(1.,1.,1.,1.,1.,1.)
    ,(1.,1.,1.,1.,1.,1.)
    ,(1.,1.,1.,1.,1.,1.)
    ,(1.,1.,1.,1.,1.,1.)
,(1.,1.,1.,1.,1.,1.))) REPRESENTATION_ITEM('') SURFACE() );
#3820 = CARTESIAN_POINT('',(112.43554237496,14.999999991083,0.));
#3821 = CARTESIAN_POINT('',(112.43554237496,14.797353833957,
    -3.594413273843));
#3822 = CARTESIAN_POINT('',(112.43554237496,14.717561176333,
    -7.739430263657));
#3823 = CARTESIAN_POINT('',(112.43554237496,13.927831641208,
    -10.83065080678));
#3824 = CARTESIAN_POINT('',(112.43554237496,13.627660375443,
    -15.14684692625));
#3825 = CARTESIAN_POINT('',(112.43554237496,11.199999991083,-18.));
#3826 = CARTESIAN_POINT('',(109.49226275763,14.999999991083,0.));
#3827 = CARTESIAN_POINT('',(109.53205223753,14.797353833958,
    -3.594413273843));
#3828 = CARTESIAN_POINT('',(109.54771948922,14.717561176332,
    -7.739430263657));
#3829 = CARTESIAN_POINT('',(109.70278252084,13.92783164121,
    -10.83065080678));
#3830 = CARTESIAN_POINT('',(109.76172101105,13.627660375443,
    -15.14684692625));
#3831 = CARTESIAN_POINT('',(110.23839101286,11.199999991083,-18.));
#3832 = CARTESIAN_POINT('',(106.54898221383,14.339528764554,0.));
#3833 = CARTESIAN_POINT('',(106.62856118617,14.145811356991,
    -3.594413273843));
#3834 = CARTESIAN_POINT('',(106.65989569448,14.069534426816,
    -7.739430263657));
#3835 = CARTESIAN_POINT('',(106.97002180652,13.314600998074,
    -10.83065080678));
#3836 = CARTESIAN_POINT('',(107.08789880549,13.027655515103,
    -15.14684692625));
#3837 = CARTESIAN_POINT('',(108.04123895915,10.706959762607,-18.));
#3838 = CARTESIAN_POINT('',(103.77861899228,13.018592798496,0.));
#3839 = CARTESIAN_POINT('',(103.89564982991,12.842732802364,
    -3.594413273843));
#3840 = CARTESIAN_POINT('',(103.94173114568,12.773487292549,
    -7.739430263657));
#3841 = CARTESIAN_POINT('',(104.39781040377,12.088145734823,
    -10.83065080678));
#3842 = CARTESIAN_POINT('',(104.57116328231,11.827651687532,
    -15.14684692625));
#3843 = CARTESIAN_POINT('',(105.97316928275,9.720884148184,-18.));
#3844 = CARTESIAN_POINT('',(101.35405362582,11.091488740223,0.));
#3845 = CARTESIAN_POINT('',(101.5038615718,10.941680794241,
    -3.594413273843));
#3846 = CARTESIAN_POINT('',(101.5628489926,10.882693373451,
    -7.739430263657));
#3847 = CARTESIAN_POINT('',(102.14666346613,10.298878899906,
    -10.83065080678));
#3848 = CARTESIAN_POINT('',(102.36856770259,10.076974663459,
    -15.14684692625));
#3849 = CARTESIAN_POINT('',(104.16323689778,8.28230546826,-18.));
#3850 = CARTESIAN_POINT('',(99.426949567552,8.666923373766,0.));
#3851 = CARTESIAN_POINT('',(99.602809563687,8.549892536139,
    -3.594413273843));
#3852 = CARTESIAN_POINT('',(99.672055073491,8.503811220355,
    -7.739430263657));
#3853 = CARTESIAN_POINT('',(100.35739663123,8.04773196228,
    -10.83065080678));
#3854 = CARTESIAN_POINT('',(100.61789067851,7.874379083731,
    -15.14684692625));
#3855 = CARTESIAN_POINT('',(102.72465821786,6.472373083292,-18.));
#3856 = CARTESIAN_POINT('',(98.106013601493,5.896560152211,0.));
#3857 = CARTESIAN_POINT('',(98.299731009054,5.816981179873,
    -3.594413273843));
#3858 = CARTESIAN_POINT('',(98.376007939235,5.785646671568,
    -7.739430263657));
#3859 = CARTESIAN_POINT('',(99.13094136797,5.475520559522,
    -10.83065080678));
#3860 = CARTESIAN_POINT('',(99.417886850945,5.357643560553,
    -15.14684692625));
#3861 = CARTESIAN_POINT('',(101.73858260344,4.404303406895,-18.));
#3862 = CARTESIAN_POINT('',(97.445542374965,2.953279608415,0.));
#3863 = CARTESIAN_POINT('',(97.648188532091,2.913490128508,
    -3.594413273843));
#3864 = CARTESIAN_POINT('',(97.727981189714,2.89782287682,
    -7.739430263657));
#3865 = CARTESIAN_POINT('',(98.517710724839,2.742759845204,
    -10.83065080678));
#3866 = CARTESIAN_POINT('',(98.817881990604,2.683821354994,
    -15.14684692625));
#3867 = CARTESIAN_POINT('',(101.24554237496,2.207151353187,-18.));
#3868 = CARTESIAN_POINT('',(97.445542374965,9.999991082776E-03,0.));
#3869 = CARTESIAN_POINT('',(97.64818853209,9.999991082785E-03,
    -3.594413273843));
#3870 = CARTESIAN_POINT('',(97.727981189715,9.999991082754E-03,
    -7.739430263657));
#3871 = CARTESIAN_POINT('',(98.517710724838,9.999991082799E-03,
    -10.83065080678));
#3872 = CARTESIAN_POINT('',(98.817881990604,9.99999108276E-03,
    -15.14684692625));
#3873 = CARTESIAN_POINT('',(101.24554237496,9.999991082775E-03,-18.));
#3874 = DEFINITIONAL_REPRESENTATION('',(#3875),#3928);
#3875 = B_SPLINE_CURVE_WITH_KNOTS('',6,(#3876,#3877,#3878,#3879,#3880,
    #3881,#3882,#3883,#3884,#3885,#3886,#3887,#3888,#3889,#3890,#3891,
    #3892,#3893,#3894,#3895,#3896,#3897,#3898,#3899,#3900,#3901,#3902,
    #3903,#3904,#3905,#3906,#3907,#3908,#3909,#3910,#3911,#3912,#3913,
    #3914,#3915,#3916,#3917,#3918,#3919,#3920,#3921,#3922,#3923,#3924,
    #3925,#3926,#3927),.UNSPECIFIED.,.F.,.F.,(7,5,5,5,5,5,5,5,5,5,7),(0.
    ,3.929550826367E-02,9.021824109834E-02,0.177658853891,0.296501167526
    ,0.400214344478,0.503712486617,0.60766397441,0.743211738217,
    0.881774010172,1.),.UNSPECIFIED.);
#3876 = CARTESIAN_POINT('',(7.80633824871,3.752880586192E-11));
#3877 = CARTESIAN_POINT('',(7.806557413004,6.937232997941E-03));
#3878 = CARTESIAN_POINT('',(7.806771294358,1.384016606415E-02));
#3879 = CARTESIAN_POINT('',(7.806980989056,2.071239286293E-02));
#3880 = CARTESIAN_POINT('',(7.807187489827,2.755714143123E-02));
#3881 = CARTESIAN_POINT('',(7.807391685849,3.437727421619E-02));
#3882 = CARTESIAN_POINT('',(7.807857008792,4.998477509689E-02));
#3883 = CARTESIAN_POINT('',(7.808117131392,5.875720719484E-02));
#3884 = CARTESIAN_POINT('',(7.808376439785,6.749801575215E-02));
#3885 = CARTESIAN_POINT('',(7.808636468518,7.621198375583E-02));
#3886 = CARTESIAN_POINT('',(7.808898577447,8.490324579668E-02));
#3887 = CARTESIAN_POINT('',(7.809619636627,0.108466269576));
#3888 = CARTESIAN_POINT('',(7.810084994455,0.123300725644));
#3889 = CARTESIAN_POINT('',(7.810566135055,0.138096669473));
#3890 = CARTESIAN_POINT('',(7.811068068925,0.152867844783));
#3891 = CARTESIAN_POINT('',(7.81159500442,0.167624687605));
#3892 = CARTESIAN_POINT('',(7.812905824231,0.202423116084));
#3893 = CARTESIAN_POINT('',(7.813714023087,0.222459430126));
#3894 = CARTESIAN_POINT('',(7.814584459451,0.242504154218));
#3895 = CARTESIAN_POINT('',(7.815524526665,0.262568983441));
#3896 = CARTESIAN_POINT('',(7.816540485071,0.282659166465));
#3897 = CARTESIAN_POINT('',(7.818596084539,0.320330538827));
#3898 = CARTESIAN_POINT('',(7.819616241033,0.337905548527));
#3899 = CARTESIAN_POINT('',(7.82070250126,0.355500721527));
#3900 = CARTESIAN_POINT('',(7.821858454449,0.3731137212));
#3901 = CARTESIAN_POINT('',(7.823087822323,0.390740326423));
#3902 = CARTESIAN_POINT('',(7.825699230654,0.425973686879));
#3903 = CARTESIAN_POINT('',(7.827080943612,0.443580355391));
#3904 = CARTESIAN_POINT('',(7.828544306643,0.461190170717));
#3905 = CARTESIAN_POINT('',(7.830094135605,0.478796847638));
#3906 = CARTESIAN_POINT('',(7.83173637264,0.496393847662));
#3907 = CARTESIAN_POINT('',(7.835228630064,0.531633737731));
#3908 = CARTESIAN_POINT('',(7.837079502454,0.549276271904));
#3909 = CARTESIAN_POINT('',(7.839039136452,0.566897086785));
#3910 = CARTESIAN_POINT('',(7.841117027994,0.584490362162));
#3911 = CARTESIAN_POINT('',(7.843325196861,0.602050987508));
#3912 = CARTESIAN_POINT('',(7.848748384586,0.64242612603));
#3913 = CARTESIAN_POINT('',(7.85206506456,0.66521314897));
#3914 = CARTESIAN_POINT('',(7.855663933501,0.687930680658));
#3915 = CARTESIAN_POINT('',(7.859588366759,0.710570210996));
#3916 = CARTESIAN_POINT('',(7.863895281413,0.733121767715));
#3917 = CARTESIAN_POINT('',(7.87353101011,0.778528154814));
#3918 = CARTESIAN_POINT('',(7.878879090162,0.801371906731));
#3919 = CARTESIAN_POINT('',(7.8847860981,0.824100178277));
#3920 = CARTESIAN_POINT('',(7.891349780383,0.846682308294));
#3921 = CARTESIAN_POINT('',(7.898690001099,0.869066172495));
#3922 = CARTESIAN_POINT('',(7.913981693413,0.910039527384));
#3923 = CARTESIAN_POINT('',(7.921684927132,0.928702890448));
#3924 = CARTESIAN_POINT('',(7.930131221117,0.947108888965));
#3925 = CARTESIAN_POINT('',(7.939403549927,0.96518515265));
#3926 = CARTESIAN_POINT('',(7.94958330381,0.982846596266));
#3927 = CARTESIAN_POINT('',(7.960719707757,0.999999999971));
#3928 = ( GEOMETRIC_REPRESENTATION_CONTEXT(2) 
PARAMETRIC_REPRESENTATION_CONTEXT() REPRESENTATION_CONTEXT('2D SPACE',''
  ) );
#3929 = ORIENTED_EDGE('',*,*,#3930,.T.);
#3930 = EDGE_CURVE('',#3704,#3931,#3933,.T.);
#3931 = VERTEX_POINT('',#3932);
#3932 = CARTESIAN_POINT('',(44.471991387752,4.500000000022,0.));
#3933 = SURFACE_CURVE('',#3934,(#3944,#3951),.PCURVE_S1.);
#3934 = B_SPLINE_CURVE_WITH_KNOTS('',8,(#3935,#3936,#3937,#3938,#3939,
    #3940,#3941,#3942,#3943),.UNSPECIFIED.,.F.,.F.,(9,9),(6.,7.),
  .PIECEWISE_BEZIER_KNOTS.);
#3935 = CARTESIAN_POINT('',(122.95554237496,4.500000000024,0.));
#3936 = CARTESIAN_POINT('',(92.216656781224,4.500000000024,0.));
#3937 = CARTESIAN_POINT('',(61.477771187482,4.500000000024,0.));
#3938 = CARTESIAN_POINT('',(30.738885593741,4.500000000024,0.));
#3939 = CARTESIAN_POINT('',(2.6645352591E-15,4.500000000024,0.));
#3940 = CARTESIAN_POINT('',(-30.73888559374,4.500000000024,0.));
#3941 = CARTESIAN_POINT('',(-61.47777118748,4.500000000024,0.));
#3942 = CARTESIAN_POINT('',(-92.21665678122,4.500000000024,0.));
#3943 = CARTESIAN_POINT('',(-122.9555423749,4.49999998074,0.));
#3944 = PCURVE('',#723,#3945);
#3945 = DEFINITIONAL_REPRESENTATION('',(#3946),#3950);
#3946 = LINE('',#3947,#3948);
#3947 = CARTESIAN_POINT('',(0.,0.));
#3948 = VECTOR('',#3949,1.);
#3949 = DIRECTION('',(1.,0.));
#3950 = ( GEOMETRIC_REPRESENTATION_CONTEXT(2) 
PARAMETRIC_REPRESENTATION_CONTEXT() REPRESENTATION_CONTEXT('2D SPACE',''
  ) );
#3951 = PCURVE('',#2718,#3952);
#3952 = DEFINITIONAL_REPRESENTATION('',(#3953),#3963);
#3953 = B_SPLINE_CURVE_WITH_KNOTS('',8,(#3954,#3955,#3956,#3957,#3958,
    #3959,#3960,#3961,#3962),.UNSPECIFIED.,.F.,.F.,(9,9),(6.,7.),
  .PIECEWISE_BEZIER_KNOTS.);
#3954 = CARTESIAN_POINT('',(250.4007316721,4.509647679165));
#3955 = CARTESIAN_POINT('',(219.66184617298,4.507235758327));
#3956 = CARTESIAN_POINT('',(188.92296067387,4.504823837489));
#3957 = CARTESIAN_POINT('',(158.18407517475,4.502411916651));
#3958 = CARTESIAN_POINT('',(127.44518967564,4.499999995814));
#3959 = CARTESIAN_POINT('',(96.706304176524,4.497588074976));
#3960 = CARTESIAN_POINT('',(65.967418677408,4.495176154138));
#3961 = CARTESIAN_POINT('',(35.228533178293,4.4927642333));
#3962 = CARTESIAN_POINT('',(4.489647679178,4.490352293178));
#3963 = ( GEOMETRIC_REPRESENTATION_CONTEXT(2) 
PARAMETRIC_REPRESENTATION_CONTEXT() REPRESENTATION_CONTEXT('2D SPACE',''
  ) );
#3964 = ORIENTED_EDGE('',*,*,#3965,.T.);
#3965 = EDGE_CURVE('',#3931,#3966,#3968,.T.);
#3966 = VERTEX_POINT('',#3967);
#3967 = CARTESIAN_POINT('',(40.921062119465,3.680288730622,-9.5));
#3968 = SURFACE_CURVE('',#3969,(#4014,#4062),.PCURVE_S1.);
#3969 = B_SPLINE_CURVE_WITH_KNOTS('',8,(#3970,#3971,#3972,#3973,#3974,
    #3975,#3976,#3977,#3978,#3979,#3980,#3981,#3982,#3983,#3984,#3985,
    #3986,#3987,#3988,#3989,#3990,#3991,#3992,#3993,#3994,#3995,#3996,
    #3997,#3998,#3999,#4000,#4001,#4002,#4003,#4004,#4005,#4006,#4007,
    #4008,#4009,#4010,#4011,#4012,#4013),.UNSPECIFIED.,.F.,.F.,(9,7,7,7,
    7,7,9),(0.,7.473608386543E-02,0.128268675301,0.24043876611,
    0.747907129029,0.909398321471,1.),.UNSPECIFIED.);
#3970 = CARTESIAN_POINT('',(44.471991387752,4.500000000022,0.));
#3971 = CARTESIAN_POINT('',(44.449308267988,4.494763734388,
    -9.28776540591E-02));
#3972 = CARTESIAN_POINT('',(44.427007954133,4.489615837261,
    -0.185854200133));
#3973 = CARTESIAN_POINT('',(44.405039925468,4.484544646229,
    -0.278915032136));
#3974 = CARTESIAN_POINT('',(44.383356659006,4.479539190886,
    -0.372046819618));
#3975 = CARTESIAN_POINT('',(44.361913414471,4.474589143203,
    -0.465237455082));
#3976 = CARTESIAN_POINT('',(44.34066801927,4.469684767882,
    -0.558476001302));
#3977 = CARTESIAN_POINT('',(44.319580653479,4.464816872727,
    -0.651752638649));
#3978 = CARTESIAN_POINT('',(44.283595202145,4.456509841591,
    -0.811892600933));
#3979 = CARTESIAN_POINT('',(44.268638524706,4.453057180014,
    -0.878741470139));
#3980 = CARTESIAN_POINT('',(44.253729844043,4.449615598211,
    -0.945601921148));
#3981 = CARTESIAN_POINT('',(44.23885593386,4.446182042971,
    -1.012470800394));
#3982 = CARTESIAN_POINT('',(44.224004100011,4.442753583924,
    -1.079345099614));
#3983 = CARTESIAN_POINT('',(44.209162180511,4.439327413545,
    -1.146221955849));
#3984 = CARTESIAN_POINT('',(44.194318545528,4.435900847158,
    -1.213098651448));
#3985 = CARTESIAN_POINT('',(44.148332479101,4.425285232473,
    -1.420097690368));
#3986 = CARTESIAN_POINT('',(44.117146536197,4.418086139809,
    -1.560210252314));
#3987 = CARTESIAN_POINT('',(44.0858016981,4.410850367119,-1.700286801143
    ));
#3988 = CARTESIAN_POINT('',(44.054204563062,4.403556353154,
    -1.84030515194));
#3989 = CARTESIAN_POINT('',(44.022270134421,4.396184476932,
    -1.980244252044));
#3990 = CARTESIAN_POINT('',(43.989921056858,4.38871688143,
    -2.120083999449));
#3991 = CARTESIAN_POINT('',(43.957086852661,4.381137297279,
    -2.25980506122));
#3992 = CARTESIAN_POINT('',(43.772672087516,4.338566226494,
    -3.030878566209));
#3993 = CARTESIAN_POINT('',(43.610349139549,4.301094922596,
    -3.659747157805));
#3994 = CARTESIAN_POINT('',(43.430873809093,4.259664091442,
    -4.283842166464));
#3995 = CARTESIAN_POINT('',(43.230976080993,4.213518869144,
    -4.901579499359));
#3996 = CARTESIAN_POINT('',(43.009022294141,4.162282134582,
    -5.511618530774));
#3997 = CARTESIAN_POINT('',(42.764618151005,4.105862866474,
    -6.112722135334));
#3998 = CARTESIAN_POINT('',(42.49808097589,4.044334317284,-6.70357483214
    ));
#3999 = CARTESIAN_POINT('',(42.118610631895,3.956735806057,
    -7.467007282534));
#4000 = CARTESIAN_POINT('',(42.024821085146,3.93508503731,
    -7.650164683644));
#4001 = CARTESIAN_POINT('',(41.928864535542,3.912934028619,
    -7.832150362815));
#4002 = CARTESIAN_POINT('',(41.830758751815,3.890286881791,
    -8.012933862124));
#4003 = CARTESIAN_POINT('',(41.73052263,3.867147958866,-8.192485424532)
  );
#4004 = CARTESIAN_POINT('',(41.628175484031,3.843521718351,
    -8.370775594089));
#4005 = CARTESIAN_POINT('',(41.523736336332,3.819412551464,
    -8.547774816134));
#4006 = CARTESIAN_POINT('',(41.357465966986,3.78103000841,
    -8.822014089007));
#4007 = CARTESIAN_POINT('',(41.297055932064,3.767084704894,
    -8.920159356889));
#4008 = CARTESIAN_POINT('',(41.235996328769,3.752989452315,
    -9.017883576787));
#4009 = CARTESIAN_POINT('',(41.174290302988,3.738744976884,
    -9.115181417143));
#4010 = CARTESIAN_POINT('',(41.111940921372,3.724351986517,-9.2120474792
    ));
#4011 = CARTESIAN_POINT('',(41.048951171333,3.709811170842,
    -9.308476297001));
#4012 = CARTESIAN_POINT('',(40.98532396105,3.695123201196,
    -9.404462337386));
#4013 = CARTESIAN_POINT('',(40.921062119465,3.680288730622,-9.5));
#4014 = PCURVE('',#723,#4015);
#4015 = DEFINITIONAL_REPRESENTATION('',(#4016),#4061);
#4016 = B_SPLINE_CURVE_WITH_KNOTS('',8,(#4017,#4018,#4019,#4020,#4021,
    #4022,#4023,#4024,#4025,#4026,#4027,#4028,#4029,#4030,#4031,#4032,
    #4033,#4034,#4035,#4036,#4037,#4038,#4039,#4040,#4041,#4042,#4043,
    #4044,#4045,#4046,#4047,#4048,#4049,#4050,#4051,#4052,#4053,#4054,
    #4055,#4056,#4057,#4058,#4059,#4060),.UNSPECIFIED.,.F.,.F.,(9,7,7,7,
    7,7,9),(0.,7.473608386543E-02,0.128268675301,0.24043876611,
    0.747907129029,0.909398321471,1.),.UNSPECIFIED.);
#4017 = CARTESIAN_POINT('',(6.319154181549,0.));
#4018 = CARTESIAN_POINT('',(6.319246422693,5.167889558265E-03));
#4019 = CARTESIAN_POINT('',(6.319337107153,1.032257972847E-02));
#4020 = CARTESIAN_POINT('',(6.319426440371,1.546455106028E-02));
#4021 = CARTESIAN_POINT('',(6.319514615601,2.059427628246E-02));
#4022 = CARTESIAN_POINT('',(6.31960181478,2.571222231153E-02));
#4023 = CARTESIAN_POINT('',(6.319688209402,3.081885226055E-02));
#4024 = CARTESIAN_POINT('',(6.319773961395,3.591462744772E-02));
#4025 = CARTESIAN_POINT('',(6.31992029661,4.464260961307E-02));
#4026 = CARTESIAN_POINT('',(6.319981118095,4.827986874019E-02));
#4027 = CARTESIAN_POINT('',(6.320041744401,5.191195034463E-02));
#4028 = CARTESIAN_POINT('',(6.320102229312,5.553901212119E-02));
#4029 = CARTESIAN_POINT('',(6.32016262445,5.916120590145E-02));
#4030 = CARTESIAN_POINT('',(6.320222979271,6.277867765371E-02));
#4031 = CARTESIAN_POINT('',(6.320283341068,6.639156748305E-02));
#4032 = CARTESIAN_POINT('',(6.320470343889,7.756099766863E-02));
#4033 = CARTESIAN_POINT('',(6.320597161852,8.510243441833E-02));
#4034 = CARTESIAN_POINT('',(6.320724625964,9.262557399076E-02));
#4035 = CARTESIAN_POINT('',(6.320853116045,0.100131509707));
#4036 = CARTESIAN_POINT('',(6.320982977733,0.10762118381));
#4037 = CARTESIAN_POINT('',(6.321114525595,0.115095397175));
#4038 = CARTESIAN_POINT('',(6.32124804623,0.122554819023));
#4039 = CARTESIAN_POINT('',(6.321997970803,0.163682701732));
#4040 = CARTESIAN_POINT('',(6.32265805877,0.197084066869));
#4041 = CARTESIAN_POINT('',(6.32338789708,0.230232116344));
#4042 = CARTESIAN_POINT('',(6.324200783283,0.263119980047));
#4043 = CARTESIAN_POINT('',(6.325103360681,0.295712122358));
#4044 = CARTESIAN_POINT('',(6.326097232687,0.327946826861));
#4045 = CARTESIAN_POINT('',(6.327181108899,0.35974165978));
#4046 = CARTESIAN_POINT('',(6.328724229025,0.400946955887));
#4047 = CARTESIAN_POINT('',(6.329105625198,0.410842335783));
#4048 = CARTESIAN_POINT('',(6.329495833512,0.42068360008));
#4049 = CARTESIAN_POINT('',(6.329894781708,0.4304684863));
#4050 = CARTESIAN_POINT('',(6.330302392946,0.440194744363));
#4051 = CARTESIAN_POINT('',(6.330718588687,0.449860142749));
#4052 = CARTESIAN_POINT('',(6.331143291574,0.459462474665));
#4053 = CARTESIAN_POINT('',(6.331819431771,0.474350173775));
#4054 = CARTESIAN_POINT('',(6.332065089811,0.479680248902));
#4055 = CARTESIAN_POINT('',(6.332313389326,0.484989405204));
#4056 = CARTESIAN_POINT('',(6.332564317526,0.490277261576));
#4057 = CARTESIAN_POINT('',(6.332817861939,0.495543440183));
#4058 = CARTESIAN_POINT('',(6.333074010417,0.500787566461));
#4059 = CARTESIAN_POINT('',(6.333332751133,0.50600926912));
#4060 = CARTESIAN_POINT('',(6.333594072585,0.511208180139));
#4061 = ( GEOMETRIC_REPRESENTATION_CONTEXT(2) 
PARAMETRIC_REPRESENTATION_CONTEXT() REPRESENTATION_CONTEXT('2D SPACE',''
  ) );
#4062 = PCURVE('',#2643,#4063);
#4063 = DEFINITIONAL_REPRESENTATION('',(#4064),#4109);
#4064 = B_SPLINE_CURVE_WITH_KNOTS('',8,(#4065,#4066,#4067,#4068,#4069,
    #4070,#4071,#4072,#4073,#4074,#4075,#4076,#4077,#4078,#4079,#4080,
    #4081,#4082,#4083,#4084,#4085,#4086,#4087,#4088,#4089,#4090,#4091,
    #4092,#4093,#4094,#4095,#4096,#4097,#4098,#4099,#4100,#4101,#4102,
    #4103,#4104,#4105,#4106,#4107,#4108),.UNSPECIFIED.,.F.,.F.,(9,7,7,7,
    7,7,9),(0.,7.473608386543E-02,0.128268675301,0.24043876611,
    0.747907129029,0.909398321471,1.),.UNSPECIFIED.);
#4065 = CARTESIAN_POINT('',(9.5,-244.3445850915));
#4066 = CARTESIAN_POINT('',(9.407122345941,-244.3213054351));
#4067 = CARTESIAN_POINT('',(9.314145799867,-244.298418652));
#4068 = CARTESIAN_POINT('',(9.221084967864,-244.2758728927));
#4069 = CARTESIAN_POINT('',(9.127953180382,-244.2536193845));
#4070 = CARTESIAN_POINT('',(9.034762544918,-244.2316122104));
#4071 = CARTESIAN_POINT('',(8.941523998698,-244.2098080889));
#4072 = CARTESIAN_POINT('',(8.848247361351,-244.1881661528));
#4073 = CARTESIAN_POINT('',(8.688107399067,-244.1512343309));
#4074 = CARTESIAN_POINT('',(8.621258529861,-244.1358843122));
#4075 = CARTESIAN_POINT('',(8.554398078852,-244.1205835526));
#4076 = CARTESIAN_POINT('',(8.487529199606,-244.1053184779));
#4077 = CARTESIAN_POINT('',(8.420654900386,-244.0900760601));
#4078 = CARTESIAN_POINT('',(8.353778044151,-244.0748438174));
#4079 = CARTESIAN_POINT('',(8.286901348552,-244.0596098141));
#4080 = CARTESIAN_POINT('',(8.079902309632,-244.0124143739));
#4081 = CARTESIAN_POINT('',(7.939789747686,-243.9804082812));
#4082 = CARTESIAN_POINT('',(7.799713198857,-243.9482391145));
#4083 = CARTESIAN_POINT('',(7.65969484806,-243.9158110159));
#4084 = CARTESIAN_POINT('',(7.519755747956,-243.8830367532));
#4085 = CARTESIAN_POINT('',(7.379916000551,-243.8498369369));
#4086 = CARTESIAN_POINT('',(7.24019493878,-243.8161392358));
#4087 = CARTESIAN_POINT('',(6.469121433791,-243.6268746018));
#4088 = CARTESIAN_POINT('',(5.840252842195,-243.4602827712));
#4089 = CARTESIAN_POINT('',(5.216157833536,-243.2760874726));
#4090 = CARTESIAN_POINT('',(4.598420500641,-243.0709326939));
#4091 = CARTESIAN_POINT('',(3.988381469226,-242.8431418107));
#4092 = CARTESIAN_POINT('',(3.387277864666,-242.592310156));
#4093 = CARTESIAN_POINT('',(2.79642516786,-242.3187633993));
#4094 = CARTESIAN_POINT('',(2.032992717466,-241.9293134781));
#4095 = CARTESIAN_POINT('',(1.849835316356,-241.833057388));
#4096 = CARTESIAN_POINT('',(1.667849637185,-241.7345773058));
#4097 = CARTESIAN_POINT('',(1.487066137876,-241.6338914674));
#4098 = CARTESIAN_POINT('',(1.307514575468,-241.5310192657));
#4099 = CARTESIAN_POINT('',(1.129224405911,-241.4259805227));
#4100 = CARTESIAN_POINT('',(0.952225183866,-241.3187947611));
#4101 = CARTESIAN_POINT('',(0.677985910993,-241.148151697));
#4102 = CARTESIAN_POINT('',(0.579840643111,-241.0861529566));
#4103 = CARTESIAN_POINT('',(0.482116423213,-241.023487565));
#4104 = CARTESIAN_POINT('',(0.384818582857,-240.9601587509));
#4105 = CARTESIAN_POINT('',(0.2879525208,-240.8961696615));
#4106 = CARTESIAN_POINT('',(0.191523702999,-240.8315233629));
#4107 = CARTESIAN_POINT('',(9.553766261352E-02,-240.7662228396));
#4108 = CARTESIAN_POINT('',(0.,-240.700270995));
#4109 = ( GEOMETRIC_REPRESENTATION_CONTEXT(2) 
PARAMETRIC_REPRESENTATION_CONTEXT() REPRESENTATION_CONTEXT('2D SPACE',''
  ) );
#4110 = ORIENTED_EDGE('',*,*,#4111,.F.);
#4111 = EDGE_CURVE('',#4112,#3966,#4114,.T.);
#4112 = VERTEX_POINT('',#4113);
#4113 = CARTESIAN_POINT('',(-9.035578883694,3.680288730622,-9.5));
#4114 = SURFACE_CURVE('',#4115,(#4121,#4130),.PCURVE_S1.);
#4115 = B_SPLINE_CURVE_WITH_KNOTS('',4,(#4116,#4117,#4118,#4119,#4120),
  .UNSPECIFIED.,.F.,.F.,(5,5),(0.,1.),.PIECEWISE_BEZIER_KNOTS.);
#4116 = CARTESIAN_POINT('',(-9.035578883694,3.680288730622,-9.5));
#4117 = CARTESIAN_POINT('',(3.453581367096,3.680288730622,-9.5));
#4118 = CARTESIAN_POINT('',(15.942741617886,3.680288730622,-9.5));
#4119 = CARTESIAN_POINT('',(28.431901868675,3.680288730622,-9.5));
#4120 = CARTESIAN_POINT('',(40.921062119465,3.680288730622,-9.5));
#4121 = PCURVE('',#723,#4122);
#4122 = DEFINITIONAL_REPRESENTATION('',(#4123),#4129);
#4123 = B_SPLINE_CURVE_WITH_KNOTS('',4,(#4124,#4125,#4126,#4127,#4128),
  .UNSPECIFIED.,.F.,.F.,(5,5),(0.,1.),.PIECEWISE_BEZIER_KNOTS.);
#4124 = CARTESIAN_POINT('',(6.536743276103,0.511208180139));
#4125 = CARTESIAN_POINT('',(6.485955975223,0.511208180139));
#4126 = CARTESIAN_POINT('',(6.435168674344,0.511208180139));
#4127 = CARTESIAN_POINT('',(6.384381373464,0.511208180139));
#4128 = CARTESIAN_POINT('',(6.333594072585,0.511208180139));
#4129 = ( GEOMETRIC_REPRESENTATION_CONTEXT(2) 
PARAMETRIC_REPRESENTATION_CONTEXT() REPRESENTATION_CONTEXT('2D SPACE',''
  ) );
#4130 = PCURVE('',#2531,#4131);
#4131 = DEFINITIONAL_REPRESENTATION('',(#4132),#4138);
#4132 = B_SPLINE_CURVE_WITH_KNOTS('',4,(#4133,#4134,#4135,#4136,#4137),
  .UNSPECIFIED.,.F.,.F.,(5,5),(0.,1.),.PIECEWISE_BEZIER_KNOTS.);
#4133 = CARTESIAN_POINT('',(0.,192.02375904008));
#4134 = CARTESIAN_POINT('',(2.809172077922,204.19288702882));
#4135 = CARTESIAN_POINT('',(5.618344155844,216.36201501757));
#4136 = CARTESIAN_POINT('',(8.427516233766,228.53114300632));
#4137 = CARTESIAN_POINT('',(11.236688311688,240.70027099507));
#4138 = ( GEOMETRIC_REPRESENTATION_CONTEXT(2) 
PARAMETRIC_REPRESENTATION_CONTEXT() REPRESENTATION_CONTEXT('2D SPACE',''
  ) );
#4139 = ORIENTED_EDGE('',*,*,#4140,.F.);
#4140 = EDGE_CURVE('',#1787,#4112,#4141,.T.);
#4141 = SURFACE_CURVE('',#4142,(#4187,#4235),.PCURVE_S1.);
#4142 = B_SPLINE_CURVE_WITH_KNOTS('',8,(#4143,#4144,#4145,#4146,#4147,
    #4148,#4149,#4150,#4151,#4152,#4153,#4154,#4155,#4156,#4157,#4158,
    #4159,#4160,#4161,#4162,#4163,#4164,#4165,#4166,#4167,#4168,#4169,
    #4170,#4171,#4172,#4173,#4174,#4175,#4176,#4177,#4178,#4179,#4180,
    #4181,#4182,#4183,#4184,#4185,#4186),.UNSPECIFIED.,.F.,.F.,(9,7,7,7,
    7,7,9),(0.,7.47360838627E-02,0.128268675297,0.240438766104,
    0.747907129025,0.90939832147,1.),.UNSPECIFIED.);
#4143 = CARTESIAN_POINT('',(-5.484649615862,4.499999999917,0.));
#4144 = CARTESIAN_POINT('',(-5.507332735605,4.494763734288,
    -9.287765405995E-02));
#4145 = CARTESIAN_POINT('',(-5.529633049441,4.489615837166,
    -0.185854200134));
#4146 = CARTESIAN_POINT('',(-5.551601078087,4.484544646137,
    -0.278915032138));
#4147 = CARTESIAN_POINT('',(-5.57328434453,4.479539190799,-0.37204681962
    ));
#4148 = CARTESIAN_POINT('',(-5.594727589049,4.47458914312,
    -0.465237455083));
#4149 = CARTESIAN_POINT('',(-5.615972984233,4.469684767803,
    -0.558476001303));
#4150 = CARTESIAN_POINT('',(-5.637060350007,4.464816872652,
    -0.65175263865));
#4151 = CARTESIAN_POINT('',(-5.673045801315,4.456509841522,
    -0.811892600933));
#4152 = CARTESIAN_POINT('',(-5.688002478744,4.453057179947,
    -0.878741470139));
#4153 = CARTESIAN_POINT('',(-5.702911159395,4.449615598147,
    -0.945601921149));
#4154 = CARTESIAN_POINT('',(-5.717785069569,4.446182042909,
    -1.012470800395));
#4155 = CARTESIAN_POINT('',(-5.732636903408,4.442753583864,
    -1.079345099614));
#4156 = CARTESIAN_POINT('',(-5.747478822898,4.439327413488,
    -1.146221955849));
#4157 = CARTESIAN_POINT('',(-5.762322457872,4.435900847103,
    -1.213098651448));
#4158 = CARTESIAN_POINT('',(-5.808308524272,4.425285232424,
    -1.420097690369));
#4159 = CARTESIAN_POINT('',(-5.839494467159,4.418086139764,
    -1.560210252315));
#4160 = CARTESIAN_POINT('',(-5.870839305239,4.410850367077,
    -1.700286801145));
#4161 = CARTESIAN_POINT('',(-5.902436440262,4.403556353116,
    -1.840305151942));
#4162 = CARTESIAN_POINT('',(-5.934370868889,4.396184476897,
    -1.980244252045));
#4163 = CARTESIAN_POINT('',(-5.966719946439,4.388716881398,
    -2.120083999451));
#4164 = CARTESIAN_POINT('',(-5.999554150624,4.38113729725,
    -2.259805061221));
#4165 = CARTESIAN_POINT('',(-6.183968915708,4.338566226479,
    -3.030878566219));
#4166 = CARTESIAN_POINT('',(-6.346291863641,4.301094922589,
    -3.659747157811));
#4167 = CARTESIAN_POINT('',(-6.525767194084,4.259664091438,
    -4.283842166495));
#4168 = CARTESIAN_POINT('',(-6.725664922159,4.213518869146,
    -4.901579499348));
#4169 = CARTESIAN_POINT('',(-6.947618709021,4.162282134581,
    -5.511618530809));
#4170 = CARTESIAN_POINT('',(-7.192022852141,4.105862866478,
    -6.11272213533));
#4171 = CARTESIAN_POINT('',(-7.458560027261,4.044334317286,
    -6.703574832148));
#4172 = CARTESIAN_POINT('',(-7.838030371254,3.956735806059,
    -7.467007282534));
#4173 = CARTESIAN_POINT('',(-7.931819918004,3.935085037312,
    -7.650164683644));
#4174 = CARTESIAN_POINT('',(-8.027776467609,3.912934028621,
    -7.832150362815));
#4175 = CARTESIAN_POINT('',(-8.125882251337,3.890286881793,
    -8.012933862124));
#4176 = CARTESIAN_POINT('',(-8.226118373152,3.867147958868,
    -8.192485424532));
#4177 = CARTESIAN_POINT('',(-8.328465519122,3.843521718353,
    -8.370775594089));
#4178 = CARTESIAN_POINT('',(-8.432904666822,3.819412551465,
    -8.547774816135));
#4179 = CARTESIAN_POINT('',(-8.59917503617,3.781030008411,
    -8.822014089007));
#4180 = CARTESIAN_POINT('',(-8.659585071092,3.767084704895,
    -8.920159356889));
#4181 = CARTESIAN_POINT('',(-8.720644674387,3.752989452316,
    -9.017883576787));
#4182 = CARTESIAN_POINT('',(-8.782350700168,3.738744976884,
    -9.115181417143));
#4183 = CARTESIAN_POINT('',(-8.844700081785,3.724351986518,-9.2120474792
    ));
#4184 = CARTESIAN_POINT('',(-8.907689831824,3.709811170843,-9.308476297)
  );
#4185 = CARTESIAN_POINT('',(-8.971317042107,3.695123201196,
    -9.404462337386));
#4186 = CARTESIAN_POINT('',(-9.035578883694,3.680288730622,-9.5));
#4187 = PCURVE('',#723,#4188);
#4188 = DEFINITIONAL_REPRESENTATION('',(#4189),#4234);
#4189 = B_SPLINE_CURVE_WITH_KNOTS('',8,(#4190,#4191,#4192,#4193,#4194,
    #4195,#4196,#4197,#4198,#4199,#4200,#4201,#4202,#4203,#4204,#4205,
    #4206,#4207,#4208,#4209,#4210,#4211,#4212,#4213,#4214,#4215,#4216,
    #4217,#4218,#4219,#4220,#4221,#4222,#4223,#4224,#4225,#4226,#4227,
    #4228,#4229,#4230,#4231,#4232,#4233),.UNSPECIFIED.,.F.,.F.,(9,7,7,7,
    7,7,9),(0.,7.47360838627E-02,0.128268675297,0.240438766104,
    0.747907129025,0.90939832147,1.),.UNSPECIFIED.);
#4190 = CARTESIAN_POINT('',(6.522303385069,0.));
#4191 = CARTESIAN_POINT('',(6.522395626213,5.167889558312E-03));
#4192 = CARTESIAN_POINT('',(6.522486310672,1.032257972854E-02));
#4193 = CARTESIAN_POINT('',(6.522575643891,1.546455106037E-02));
#4194 = CARTESIAN_POINT('',(6.522663819121,2.059427628255E-02));
#4195 = CARTESIAN_POINT('',(6.522751018299,2.571222231162E-02));
#4196 = CARTESIAN_POINT('',(6.522837412921,3.081885226061E-02));
#4197 = CARTESIAN_POINT('',(6.522923164914,3.591462744776E-02));
#4198 = CARTESIAN_POINT('',(6.523069500129,4.464260961308E-02));
#4199 = CARTESIAN_POINT('',(6.523130321614,4.827986874021E-02));
#4200 = CARTESIAN_POINT('',(6.52319094792,5.191195034466E-02));
#4201 = CARTESIAN_POINT('',(6.523251432831,5.553901212122E-02));
#4202 = CARTESIAN_POINT('',(6.523311827969,5.916120590147E-02));
#4203 = CARTESIAN_POINT('',(6.52337218279,6.277867765373E-02));
#4204 = CARTESIAN_POINT('',(6.523432544587,6.639156748306E-02));
#4205 = CARTESIAN_POINT('',(6.523619547407,7.756099766867E-02));
#4206 = CARTESIAN_POINT('',(6.523746365371,8.510243441841E-02));
#4207 = CARTESIAN_POINT('',(6.523873829483,9.262557399084E-02));
#4208 = CARTESIAN_POINT('',(6.524002319563,0.100131509707));
#4209 = CARTESIAN_POINT('',(6.524132181251,0.10762118381));
#4210 = CARTESIAN_POINT('',(6.524263729114,0.115095397175));
#4211 = CARTESIAN_POINT('',(6.524397249749,0.122554819023));
#4212 = CARTESIAN_POINT('',(6.525147174321,0.163682701733));
#4213 = CARTESIAN_POINT('',(6.525807262288,0.197084066869));
#4214 = CARTESIAN_POINT('',(6.526537100598,0.230232116345));
#4215 = CARTESIAN_POINT('',(6.527349986801,0.263119980047));
#4216 = CARTESIAN_POINT('',(6.528252564199,0.295712122359));
#4217 = CARTESIAN_POINT('',(6.529246436205,0.327946826861));
#4218 = CARTESIAN_POINT('',(6.530330312417,0.35974165978));
#4219 = CARTESIAN_POINT('',(6.531873432543,0.400946955887));
#4220 = CARTESIAN_POINT('',(6.532254828716,0.410842335783));
#4221 = CARTESIAN_POINT('',(6.532645037029,0.42068360008));
#4222 = CARTESIAN_POINT('',(6.533043985226,0.4304684863));
#4223 = CARTESIAN_POINT('',(6.533451596464,0.440194744363));
#4224 = CARTESIAN_POINT('',(6.533867792205,0.449860142749));
#4225 = CARTESIAN_POINT('',(6.534292495092,0.459462474665));
#4226 = CARTESIAN_POINT('',(6.534968635289,0.474350173775));
#4227 = CARTESIAN_POINT('',(6.535214293328,0.479680248902));
#4228 = CARTESIAN_POINT('',(6.535462592844,0.484989405204));
#4229 = CARTESIAN_POINT('',(6.535713521044,0.490277261576));
#4230 = CARTESIAN_POINT('',(6.535967065457,0.495543440183));
#4231 = CARTESIAN_POINT('',(6.536223213935,0.500787566461));
#4232 = CARTESIAN_POINT('',(6.536481954651,0.50600926912));
#4233 = CARTESIAN_POINT('',(6.536743276103,0.511208180139));
#4234 = ( GEOMETRIC_REPRESENTATION_CONTEXT(2) 
PARAMETRIC_REPRESENTATION_CONTEXT() REPRESENTATION_CONTEXT('2D SPACE',''
  ) );
#4235 = PCURVE('',#1801,#4236);
#4236 = DEFINITIONAL_REPRESENTATION('',(#4237),#4282);
#4237 = B_SPLINE_CURVE_WITH_KNOTS('',8,(#4238,#4239,#4240,#4241,#4242,
    #4243,#4244,#4245,#4246,#4247,#4248,#4249,#4250,#4251,#4252,#4253,
    #4254,#4255,#4256,#4257,#4258,#4259,#4260,#4261,#4262,#4263,#4264,
    #4265,#4266,#4267,#4268,#4269,#4270,#4271,#4272,#4273,#4274,#4275,
    #4276,#4277,#4278,#4279,#4280,#4281),.UNSPECIFIED.,.F.,.F.,(9,7,7,7,
    7,7,9),(0.,7.47360838627E-02,0.128268675297,0.240438766104,
    0.747907129025,0.90939832147,1.),.UNSPECIFIED.);
#4238 = CARTESIAN_POINT('',(9.5,-195.668073136));
#4239 = CARTESIAN_POINT('',(9.40712234594,-195.6447934797));
#4240 = CARTESIAN_POINT('',(9.314145799866,-195.6219066965));
#4241 = CARTESIAN_POINT('',(9.221084967862,-195.5993609373));
#4242 = CARTESIAN_POINT('',(9.12795318038,-195.5771074291));
#4243 = CARTESIAN_POINT('',(9.034762544917,-195.5551002551));
#4244 = CARTESIAN_POINT('',(8.941523998697,-195.5332961336));
#4245 = CARTESIAN_POINT('',(8.84824736135,-195.5116541975));
#4246 = CARTESIAN_POINT('',(8.688107399067,-195.4747223756));
#4247 = CARTESIAN_POINT('',(8.621258529861,-195.4593723569));
#4248 = CARTESIAN_POINT('',(8.554398078851,-195.4440715973));
#4249 = CARTESIAN_POINT('',(8.487529199605,-195.4288065226));
#4250 = CARTESIAN_POINT('',(8.420654900386,-195.4135641049));
#4251 = CARTESIAN_POINT('',(8.353778044151,-195.3983318622));
#4252 = CARTESIAN_POINT('',(8.286901348552,-195.3830978589));
#4253 = CARTESIAN_POINT('',(8.079902309631,-195.3359024186));
#4254 = CARTESIAN_POINT('',(7.939789747685,-195.303896326));
#4255 = CARTESIAN_POINT('',(7.799713198855,-195.2717271593));
#4256 = CARTESIAN_POINT('',(7.659694848058,-195.2392990607));
#4257 = CARTESIAN_POINT('',(7.519755747955,-195.2065247981));
#4258 = CARTESIAN_POINT('',(7.379916000549,-195.1733249818));
#4259 = CARTESIAN_POINT('',(7.240194938779,-195.1396272807));
#4260 = CARTESIAN_POINT('',(6.469121433781,-194.9503626468));
#4261 = CARTESIAN_POINT('',(5.840252842189,-194.7837708161));
#4262 = CARTESIAN_POINT('',(5.216157833505,-194.5995755176));
#4263 = CARTESIAN_POINT('',(4.598420500652,-194.3944207389));
#4264 = CARTESIAN_POINT('',(3.988381469191,-194.1666298557));
#4265 = CARTESIAN_POINT('',(3.38727786467,-193.915798201));
#4266 = CARTESIAN_POINT('',(2.796425167852,-193.6422514443));
#4267 = CARTESIAN_POINT('',(2.032992717466,-193.2528015231));
#4268 = CARTESIAN_POINT('',(1.849835316356,-193.1565454331));
#4269 = CARTESIAN_POINT('',(1.667849637185,-193.0580653508));
#4270 = CARTESIAN_POINT('',(1.487066137876,-192.9573795124));
#4271 = CARTESIAN_POINT('',(1.307514575468,-192.8545073108));
#4272 = CARTESIAN_POINT('',(1.129224405911,-192.7494685678));
#4273 = CARTESIAN_POINT('',(0.952225183865,-192.6422828061));
#4274 = CARTESIAN_POINT('',(0.677985910993,-192.471639742));
#4275 = CARTESIAN_POINT('',(0.579840643111,-192.4096410016));
#4276 = CARTESIAN_POINT('',(0.482116423213,-192.34697561));
#4277 = CARTESIAN_POINT('',(0.384818582857,-192.2836467959));
#4278 = CARTESIAN_POINT('',(0.2879525208,-192.2196577065));
#4279 = CARTESIAN_POINT('',(0.191523702999,-192.1550114079));
#4280 = CARTESIAN_POINT('',(9.553766261353E-02,-192.0897108846));
#4281 = CARTESIAN_POINT('',(0.,-192.02375904));
#4282 = ( GEOMETRIC_REPRESENTATION_CONTEXT(2) 
PARAMETRIC_REPRESENTATION_CONTEXT() REPRESENTATION_CONTEXT('2D SPACE',''
  ) );
#4283 = ORIENTED_EDGE('',*,*,#1812,.T.);
#4284 = ORIENTED_EDGE('',*,*,#3545,.F.);
#4285 = ORIENTED_EDGE('',*,*,#653,.T.);
#4286 = ORIENTED_EDGE('',*,*,#2125,.F.);
#4287 = ORIENTED_EDGE('',*,*,#4288,.T.);
#4288 = EDGE_CURVE('',#2100,#4289,#4291,.T.);
#4289 = VERTEX_POINT('',#4290);
#4290 = CARTESIAN_POINT('',(-32.50584471122,0.69999998074,-18.));
#4291 = SURFACE_CURVE('',#4292,(#4349,#4409),.PCURVE_S1.);
#4292 = B_SPLINE_CURVE_WITH_KNOTS('',7,(#4293,#4294,#4295,#4296,#4297,
    #4298,#4299,#4300,#4301,#4302,#4303,#4304,#4305,#4306,#4307,#4308,
    #4309,#4310,#4311,#4312,#4313,#4314,#4315,#4316,#4317,#4318,#4319,
    #4320,#4321,#4322,#4323,#4324,#4325,#4326,#4327,#4328,#4329,#4330,
    #4331,#4332,#4333,#4334,#4335,#4336,#4337,#4338,#4339,#4340,#4341,
    #4342,#4343,#4344,#4345,#4346,#4347,#4348),.UNSPECIFIED.,.F.,.F.,(8,
    6,6,6,6,6,6,6,6,8),(0.,6.815481531285E-02,0.206699102717,
    0.365905197586,0.486972104943,0.561850465442,0.679971344367,
    0.812029262256,0.931724797013,1.),.UNSPECIFIED.);
#4293 = CARTESIAN_POINT('',(-35.49415528877,0.69999998074,-18.));
#4294 = CARTESIAN_POINT('',(-35.48099801937,0.728084272448,
    -17.96699341321));
#4295 = CARTESIAN_POINT('',(-35.46726357043,0.755797349,-17.9339280502)
  );
#4296 = CARTESIAN_POINT('',(-35.45295896501,0.783141525037,
    -17.90081486643));
#4297 = CARTESIAN_POINT('',(-35.43808926161,0.810118996468,
    -17.86766507828));
#4298 = CARTESIAN_POINT('',(-35.42265755418,0.836731840476,-17.834490163
    ));
#4299 = CARTESIAN_POINT('',(-35.40666497208,0.862982015518,
    -17.80130185877));
#4300 = CARTESIAN_POINT('',(-35.3564593149,0.941498911548,-17.7006445543
    ));
#4301 = CARTESIAN_POINT('',(-35.3204898019,0.992630006683,
    -17.63317820532));
#4302 = CARTESIAN_POINT('',(-35.28219084707,1.042287153554,
    -17.56580554432));
#4303 = CARTESIAN_POINT('',(-35.24151546871,1.090478143563,
    -17.49863893039));
#4304 = CARTESIAN_POINT('',(-35.19838286048,1.137198138075,
    -17.43181163825));
#4305 = CARTESIAN_POINT('',(-35.1526619262,1.182427452952,
    -17.36548595154));
#4306 = CARTESIAN_POINT('',(-35.04837420356,1.276339473093,
    -17.22446489952));
#4307 = CARTESIAN_POINT('',(-34.98900487079,1.324445197356,
    -17.1501256408));
#4308 = CARTESIAN_POINT('',(-34.92560330342,1.370491789079,
    -17.07700979484));
#4309 = CARTESIAN_POINT('',(-34.8577016823,1.414359646125,
    -17.00552089416));
#4310 = CARTESIAN_POINT('',(-34.78469377334,1.45574823422,
    -16.93640669537));
#4311 = CARTESIAN_POINT('',(-34.70592967383,1.494239044327,
    -16.87069728897));
#4312 = CARTESIAN_POINT('',(-34.5547532144,1.555543152861,
    -16.76411372028));
#4313 = CARTESIAN_POINT('',(-34.48541064967,1.579873151363,
    -16.72111309531));
#4314 = CARTESIAN_POINT('',(-34.41144242482,1.601725884079,
    -16.68190919232));
#4315 = CARTESIAN_POINT('',(-34.33255982781,1.62041142891,
    -16.64792376637));
#4316 = CARTESIAN_POINT('',(-34.2489098947,1.635052827968,
    -16.62102897018));
#4317 = CARTESIAN_POINT('',(-34.16115378397,1.644567371035,
    -16.60349448917));
#4318 = CARTESIAN_POINT('',(-34.01587465404,1.650859138826,
    -16.59188815698));
#4319 = CARTESIAN_POINT('',(-33.95975106849,1.651104366056,
    -16.59142934786));
#4320 = CARTESIAN_POINT('',(-33.90375350677,1.649085961808,
    -16.59516111113));
#4321 = CARTESIAN_POINT('',(-33.8484790579,1.644860695118,
    -16.60297051961));
#4322 = CARTESIAN_POINT('',(-33.79440513213,1.638591552067,
    -16.61451812861));
#4323 = CARTESIAN_POINT('',(-33.74190390967,1.630504453692,
    -16.62933038505));
#4324 = CARTESIAN_POINT('',(-33.61135678819,1.605637518999,
    -16.67457460272));
#4325 = CARTESIAN_POINT('',(-33.53601361775,1.586524190019,
    -16.70910552498));
#4326 = CARTESIAN_POINT('',(-33.46521595648,1.564305417331,
    -16.74881921848));
#4327 = CARTESIAN_POINT('',(-33.39872182297,1.539629839292,
    -16.79231111047));
#4328 = CARTESIAN_POINT('',(-33.33619662629,1.51296980026,
    -16.83857194329));
#4329 = CARTESIAN_POINT('',(-33.2772020987,1.484619165375,
    -16.88695426159));
#4330 = CARTESIAN_POINT('',(-33.15865281366,1.421152033609,
    -16.99334756528));
#4331 = CARTESIAN_POINT('',(-33.10002093345,1.385721966677,
    -17.05167006342));
#4332 = CARTESIAN_POINT('',(-33.04479160645,1.348598046412,
    -17.11156986063));
#4333 = CARTESIAN_POINT('',(-32.99263735832,1.309926193315,
    -17.1726507891));
#4334 = CARTESIAN_POINT('',(-32.9432917875,1.269806768049,
    -17.23461599914));
#4335 = CARTESIAN_POINT('',(-32.89654637183,1.228289834246,
    -17.2972641214));
#4336 = CARTESIAN_POINT('',(-32.81205590939,1.14647959596,
    -17.41775804674));
#4337 = CARTESIAN_POINT('',(-32.77389550117,1.10645251056,
    -17.47547945705));
#4338 = CARTESIAN_POINT('',(-32.73763028611,1.065313227769,
    -17.53351585099));
#4339 = CARTESIAN_POINT('',(-32.70318639253,1.02307013264,
    -17.59176973009));
#4340 = CARTESIAN_POINT('',(-32.67051711971,0.979724098542,
    -17.65015793662));
#4341 = CARTESIAN_POINT('',(-32.63959574558,0.93526944998,
    -17.70860818292));
#4342 = CARTESIAN_POINT('',(-32.59377051821,0.863696435529,
    -17.80039846605));
#4343 = CARTESIAN_POINT('',(-32.57769260379,0.837335434987,
    -17.83373763815));
#4344 = CARTESIAN_POINT('',(-32.5621806445,0.810608502659,-17.8670635153
    ));
#4345 = CARTESIAN_POINT('',(-32.54723575707,0.783513655926,
    -17.9003641939));
#4346 = CARTESIAN_POINT('',(-32.53286105941,0.756048790676,
    -17.93362803685));
#4347 = CARTESIAN_POINT('',(-32.51906167067,0.72821168131,
    -17.96684367357));
#4348 = CARTESIAN_POINT('',(-32.50584471122,0.69999998074,-18.));
#4349 = PCURVE('',#723,#4350);
#4350 = DEFINITIONAL_REPRESENTATION('',(#4351),#4408);
#4351 = B_SPLINE_CURVE_WITH_KNOTS('',7,(#4352,#4353,#4354,#4355,#4356,
    #4357,#4358,#4359,#4360,#4361,#4362,#4363,#4364,#4365,#4366,#4367,
    #4368,#4369,#4370,#4371,#4372,#4373,#4374,#4375,#4376,#4377,#4378,
    #4379,#4380,#4381,#4382,#4383,#4384,#4385,#4386,#4387,#4388,#4389,
    #4390,#4391,#4392,#4393,#4394,#4395,#4396,#4397,#4398,#4399,#4400,
    #4401,#4402,#4403,#4404,#4405,#4406,#4407),.UNSPECIFIED.,.F.,.F.,(8,
    6,6,6,6,6,6,6,6,8),(0.,6.815481531285E-02,0.206699102717,
    0.365905197586,0.486972104943,0.561850465442,0.679971344367,
    0.812029262256,0.931724797013,1.),.UNSPECIFIED.);
#4352 = CARTESIAN_POINT('',(6.644337353987,1.));
#4353 = CARTESIAN_POINT('',(6.644283849813,0.997686308026));
#4354 = CARTESIAN_POINT('',(6.644227998532,0.995381305875));
#4355 = CARTESIAN_POINT('',(6.644169828705,0.993085359863));
#4356 = CARTESIAN_POINT('',(6.6441093609,0.990798854191));
#4357 = CARTESIAN_POINT('',(6.644046607701,0.988522190948));
#4358 = CARTESIAN_POINT('',(6.643981573698,0.986255790109));
#4359 = CARTESIAN_POINT('',(6.643777411868,0.97941472859));
#4360 = CARTESIAN_POINT('',(6.643631141467,0.974874058687));
#4361 = CARTESIAN_POINT('',(6.643475398366,0.970381174198));
#4362 = CARTESIAN_POINT('',(6.643309991514,0.965940547471));
#4363 = CARTESIAN_POINT('',(6.643134592311,0.961558011387));
#4364 = CARTESIAN_POINT('',(6.642948667653,0.957241194536));
#4365 = CARTESIAN_POINT('',(6.642524580538,0.948127173831));
#4366 = CARTESIAN_POINT('',(6.642283154525,0.943362686873));
#4367 = CARTESIAN_POINT('',(6.642025331387,0.938712371543));
#4368 = CARTESIAN_POINT('',(6.641749208734,0.934197731328));
#4369 = CARTESIAN_POINT('',(6.641452321308,0.929861237518));
#4370 = CARTESIAN_POINT('',(6.641132026273,0.925761802617));
#4371 = CARTESIAN_POINT('',(6.640517265619,0.919142922194));
#4372 = CARTESIAN_POINT('',(6.640235283353,0.916483473086));
#4373 = CARTESIAN_POINT('',(6.639934490793,0.914067667376));
#4374 = CARTESIAN_POINT('',(6.639613713887,0.911980300425));
#4375 = CARTESIAN_POINT('',(6.639273550558,0.910332275112));
#4376 = CARTESIAN_POINT('',(6.638916689415,0.909258643126));
#4377 = CARTESIAN_POINT('',(6.638325910313,0.908548149557));
#4378 = CARTESIAN_POINT('',(6.638097683165,0.908520155138));
#4379 = CARTESIAN_POINT('',(6.637869968494,0.908748478328));
#4380 = CARTESIAN_POINT('',(6.637645194369,0.909226323082));
#4381 = CARTESIAN_POINT('',(6.637425302184,0.90993346398));
#4382 = CARTESIAN_POINT('',(6.637211805413,0.910841726293));
#4383 = CARTESIAN_POINT('',(6.636680934177,0.913620400192));
#4384 = CARTESIAN_POINT('',(6.636374550386,0.915744690277));
#4385 = CARTESIAN_POINT('',(6.636086650956,0.918194118122));
#4386 = CARTESIAN_POINT('',(6.635816251866,0.920885751656));
#4387 = CARTESIAN_POINT('',(6.635561992499,0.923759913649));
#4388 = CARTESIAN_POINT('',(6.635322090635,0.926778621931));
#4389 = CARTESIAN_POINT('',(6.634840008727,0.933447667466));
#4390 = CARTESIAN_POINT('',(6.634601581572,0.937121040323));
#4391 = CARTESIAN_POINT('',(6.634376990936,0.940914121347));
#4392 = CARTESIAN_POINT('',(6.63416490514,0.944804782274));
#4393 = CARTESIAN_POINT('',(6.63396424086,0.94877679244));
#4394 = CARTESIAN_POINT('',(6.633774150138,0.952819759981));
#4395 = CARTESIAN_POINT('',(6.633430568788,0.960652043157));
#4396 = CARTESIAN_POINT('',(6.633275389088,0.964428052444));
#4397 = CARTESIAN_POINT('',(6.633127916212,0.968250528601));
#4398 = CARTESIAN_POINT('',(6.632987849758,0.972115015557));
#4399 = CARTESIAN_POINT('',(6.632854999818,0.976017953042));
#4400 = CARTESIAN_POINT('',(6.632729257727,0.979956489654));
#4401 = CARTESIAN_POINT('',(6.63254290896,0.986194101648));
#4402 = CARTESIAN_POINT('',(6.632477527953,0.988470550525));
#4403 = CARTESIAN_POINT('',(6.632414448408,0.990757362878));
#4404 = CARTESIAN_POINT('',(6.632353674867,0.993054112652));
#4405 = CARTESIAN_POINT('',(6.632295220008,0.995360392062));
#4406 = CARTESIAN_POINT('',(6.632239104649,0.997675811594));
#4407 = CARTESIAN_POINT('',(6.632185357745,1.));
#4408 = ( GEOMETRIC_REPRESENTATION_CONTEXT(2) 
PARAMETRIC_REPRESENTATION_CONTEXT() REPRESENTATION_CONTEXT('2D SPACE',''
  ) );
#4409 = PCURVE('',#2054,#4410);
#4410 = DEFINITIONAL_REPRESENTATION('',(#4411),#4468);
#4411 = B_SPLINE_CURVE_WITH_KNOTS('',7,(#4412,#4413,#4414,#4415,#4416,
    #4417,#4418,#4419,#4420,#4421,#4422,#4423,#4424,#4425,#4426,#4427,
    #4428,#4429,#4430,#4431,#4432,#4433,#4434,#4435,#4436,#4437,#4438,
    #4439,#4440,#4441,#4442,#4443,#4444,#4445,#4446,#4447,#4448,#4449,
    #4450,#4451,#4452,#4453,#4454,#4455,#4456,#4457,#4458,#4459,#4460,
    #4461,#4462,#4463,#4464,#4465,#4466,#4467),.UNSPECIFIED.,.F.,.F.,(8,
    6,6,6,6,6,6,6,6,8),(0.,6.815481531285E-02,0.206699102717,
    0.365905197586,0.486972104943,0.561850465442,0.679971344367,
    0.812029262256,0.931724797013,1.),.UNSPECIFIED.);
#4412 = CARTESIAN_POINT('',(2.70346753808,3.));
#4413 = CARTESIAN_POINT('',(2.684671438425,3.033006586787));
#4414 = CARTESIAN_POINT('',(2.665930593717,3.066071949797));
#4415 = CARTESIAN_POINT('',(2.647234864653,3.099185133564));
#4416 = CARTESIAN_POINT('',(2.628573747623,3.132334921718));
#4417 = CARTESIAN_POINT('',(2.609936374706,3.165509836995));
#4418 = CARTESIAN_POINT('',(2.591311513674,3.19869814123));
#4419 = CARTESIAN_POINT('',(2.534829035587,3.299355445699));
#4420 = CARTESIAN_POINT('',(2.496977678679,3.366821794676));
#4421 = CARTESIAN_POINT('',(2.459030020332,3.434194455675));
#4422 = CARTESIAN_POINT('',(2.420877540692,3.501361069609));
#4423 = CARTESIAN_POINT('',(2.382403219835,3.568188361744));
#4424 = CARTESIAN_POINT('',(2.343468762645,3.634514048459));
#4425 = CARTESIAN_POINT('',(2.258414042247,3.775535100471));
#4426 = CARTESIAN_POINT('',(2.212166541572,3.849874359194));
#4427 = CARTESIAN_POINT('',(2.164782969564,3.922990205159));
#4428 = CARTESIAN_POINT('',(2.115930237023,3.994479105835));
#4429 = CARTESIAN_POINT('',(2.065211632447,4.063593304622));
#4430 = CARTESIAN_POINT('',(2.012208079895,4.129302711027));
#4431 = CARTESIAN_POINT('',(1.913339335135,4.235886279714));
#4432 = CARTESIAN_POINT('',(1.868852365783,4.278886904686));
#4433 = CARTESIAN_POINT('',(1.82220616713,4.318090807674));
#4434 = CARTESIAN_POINT('',(1.773213414747,4.352076233627));
#4435 = CARTESIAN_POINT('',(1.721914691438,4.378971029812));
#4436 = CARTESIAN_POINT('',(1.668529791814,4.396505510829));
#4437 = CARTESIAN_POINT('',(1.580399301837,4.408111843012));
#4438 = CARTESIAN_POINT('',(1.546410450311,4.408570652138));
#4439 = CARTESIAN_POINT('',(1.512494791216,4.404838888869));
#4440 = CARTESIAN_POINT('',(1.478945002034,4.397029480384));
#4441 = CARTESIAN_POINT('',(1.44599087839,4.385481871383));
#4442 = CARTESIAN_POINT('',(1.413816871117,4.370669614946));
#4443 = CARTESIAN_POINT('',(1.33327482461,4.325425397277));
#4444 = CARTESIAN_POINT('',(1.286251290935,4.290894475019));
#4445 = CARTESIAN_POINT('',(1.241385997036,4.251180781512));
#4446 = CARTESIAN_POINT('',(1.198494577472,4.207688889528));
#4447 = CARTESIAN_POINT('',(1.157367868492,4.161428056707));
#4448 = CARTESIAN_POINT('',(1.117736901896,4.113045738407));
#4449 = CARTESIAN_POINT('',(1.036240317777,4.006652434718));
#4450 = CARTESIAN_POINT('',(0.99477804801,3.948329936579));
#4451 = CARTESIAN_POINT('',(0.954519423884,3.888430139363));
#4452 = CARTESIAN_POINT('',(0.915242639389,3.827349210892));
#4453 = CARTESIAN_POINT('',(0.876758170256,3.765384000856));
#4454 = CARTESIAN_POINT('',(0.838902217556,3.702735878591));
#4455 = CARTESIAN_POINT('',(0.767624869396,3.582241953258));
#4456 = CARTESIAN_POINT('',(0.734134877938,3.524520542947));
#4457 = CARTESIAN_POINT('',(0.700937677098,3.466484149007));
#4458 = CARTESIAN_POINT('',(0.667947551046,3.408230269903));
#4459 = CARTESIAN_POINT('',(0.635089762104,3.349842063371));
#4460 = CARTESIAN_POINT('',(0.60229486902,3.291391817076));
#4461 = CARTESIAN_POINT('',(0.550788103709,3.199601533947));
#4462 = CARTESIAN_POINT('',(0.532079031488,3.166262361845));
#4463 = CARTESIAN_POINT('',(0.513357539728,3.132936484695));
#4464 = CARTESIAN_POINT('',(0.494612236443,3.099635806099));
#4465 = CARTESIAN_POINT('',(0.475832101509,3.066371963148));
#4466 = CARTESIAN_POINT('',(0.457006486665,3.033156326425));
#4467 = CARTESIAN_POINT('',(0.43812511551,3.));
#4468 = ( GEOMETRIC_REPRESENTATION_CONTEXT(2) 
PARAMETRIC_REPRESENTATION_CONTEXT() REPRESENTATION_CONTEXT('2D SPACE',''
  ) );
#4469 = ORIENTED_EDGE('',*,*,#4470,.F.);
#4470 = EDGE_CURVE('',#4471,#4289,#4473,.T.);
#4471 = VERTEX_POINT('',#4472);
#4472 = CARTESIAN_POINT('',(32.505844711228,0.69999998074,-18.));
#4473 = SURFACE_CURVE('',#4474,(#4484,#4491),.PCURVE_S1.);
#4474 = B_SPLINE_CURVE_WITH_KNOTS('',8,(#4475,#4476,#4477,#4478,#4479,
    #4480,#4481,#4482,#4483),.UNSPECIFIED.,.F.,.F.,(9,9),(6.,7.),
  .PIECEWISE_BEZIER_KNOTS.);
#4475 = CARTESIAN_POINT('',(122.95554237496,0.69999998074,-18.));
#4476 = CARTESIAN_POINT('',(92.216656781224,0.69999998074,-18.));
#4477 = CARTESIAN_POINT('',(61.477771187482,0.69999998074,-18.));
#4478 = CARTESIAN_POINT('',(30.738885593741,0.69999998074,-18.));
#4479 = CARTESIAN_POINT('',(0.,0.69999998074,-18.));
#4480 = CARTESIAN_POINT('',(-30.73888559374,0.69999998074,-18.));
#4481 = CARTESIAN_POINT('',(-61.47777118748,0.69999998074,-18.));
#4482 = CARTESIAN_POINT('',(-92.21665678122,0.69999998074,-18.));
#4483 = CARTESIAN_POINT('',(-122.9555423749,0.69999998074,-18.));
#4484 = PCURVE('',#723,#4485);
#4485 = DEFINITIONAL_REPRESENTATION('',(#4486),#4490);
#4486 = LINE('',#4487,#4488);
#4487 = CARTESIAN_POINT('',(0.,1.));
#4488 = VECTOR('',#4489,1.);
#4489 = DIRECTION('',(1.,0.));
#4490 = ( GEOMETRIC_REPRESENTATION_CONTEXT(2) 
PARAMETRIC_REPRESENTATION_CONTEXT() REPRESENTATION_CONTEXT('2D SPACE',''
  ) );
#4491 = PCURVE('',#3304,#4492);
#4492 = DEFINITIONAL_REPRESENTATION('',(#4493),#4503);
#4493 = B_SPLINE_CURVE_WITH_KNOTS('',8,(#4494,#4495,#4496,#4497,#4498,
    #4499,#4500,#4501,#4502),.UNSPECIFIED.,.F.,.F.,(9,9),(6.,7.),
  .PIECEWISE_BEZIER_KNOTS.);
#4494 = CARTESIAN_POINT('',(246.60102813879,0.709944173815));
#4495 = CARTESIAN_POINT('',(215.86214264558,0.707458127385));
#4496 = CARTESIAN_POINT('',(185.12325715237,0.704972080954));
#4497 = CARTESIAN_POINT('',(154.38437165916,0.702486034523));
#4498 = CARTESIAN_POINT('',(123.64548616595,0.699999988093));
#4499 = CARTESIAN_POINT('',(92.906600672747,0.697513941662));
#4500 = CARTESIAN_POINT('',(62.167715179537,0.695027895231));
#4501 = CARTESIAN_POINT('',(31.428829686327,0.692541848801));
#4502 = CARTESIAN_POINT('',(0.689944193117,0.69005580237));
#4503 = ( GEOMETRIC_REPRESENTATION_CONTEXT(2) 
PARAMETRIC_REPRESENTATION_CONTEXT() REPRESENTATION_CONTEXT('2D SPACE',''
  ) );
#4504 = ORIENTED_EDGE('',*,*,#4505,.T.);
#4505 = EDGE_CURVE('',#4471,#4506,#4508,.T.);
#4506 = VERTEX_POINT('',#4507);
#4507 = CARTESIAN_POINT('',(35.494155288772,0.69999998074,-18.));
#4508 = SURFACE_CURVE('',#4509,(#4566,#4626),.PCURVE_S1.);
#4509 = B_SPLINE_CURVE_WITH_KNOTS('',7,(#4510,#4511,#4512,#4513,#4514,
    #4515,#4516,#4517,#4518,#4519,#4520,#4521,#4522,#4523,#4524,#4525,
    #4526,#4527,#4528,#4529,#4530,#4531,#4532,#4533,#4534,#4535,#4536,
    #4537,#4538,#4539,#4540,#4541,#4542,#4543,#4544,#4545,#4546,#4547,
    #4548,#4549,#4550,#4551,#4552,#4553,#4554,#4555,#4556,#4557,#4558,
    #4559,#4560,#4561,#4562,#4563,#4564,#4565),.UNSPECIFIED.,.F.,.F.,(8,
    6,6,6,6,6,6,6,6,8),(0.,6.815481531289E-02,0.206699102717,
    0.365905197586,0.486972104943,0.561850465467,0.67997134438,
    0.812029262268,0.931724797024,1.),.UNSPECIFIED.);
#4510 = CARTESIAN_POINT('',(32.505844711228,0.69999998074,-18.));
#4511 = CARTESIAN_POINT('',(32.519001980625,0.728084272448,
    -17.96699341321));
#4512 = CARTESIAN_POINT('',(32.532736429569,0.755797349001,
    -17.9339280502));
#4513 = CARTESIAN_POINT('',(32.54704103499,0.783141525037,
    -17.90081486643));
#4514 = CARTESIAN_POINT('',(32.561910738385,0.810118996468,
    -17.86766507828));
#4515 = CARTESIAN_POINT('',(32.577342445816,0.836731840476,-17.834490163
    ));
#4516 = CARTESIAN_POINT('',(32.593335027912,0.862982015519,
    -17.80130185877));
#4517 = CARTESIAN_POINT('',(32.6435406851,0.941498911548,-17.7006445543)
  );
#4518 = CARTESIAN_POINT('',(32.679510198099,0.992630006683,
    -17.63317820532));
#4519 = CARTESIAN_POINT('',(32.717809152929,1.042287153554,
    -17.56580554432));
#4520 = CARTESIAN_POINT('',(32.758484531285,1.090478143563,
    -17.49863893039));
#4521 = CARTESIAN_POINT('',(32.801617139515,1.137198138076,
    -17.43181163825));
#4522 = CARTESIAN_POINT('',(32.847338073801,1.182427452953,
    -17.36548595154));
#4523 = CARTESIAN_POINT('',(32.95162579644,1.276339473094,
    -17.22446489952));
#4524 = CARTESIAN_POINT('',(33.010995129208,1.324445197357,
    -17.1501256408));
#4525 = CARTESIAN_POINT('',(33.074396696579,1.370491789079,
    -17.07700979484));
#4526 = CARTESIAN_POINT('',(33.142298317698,1.414359646125,
    -17.00552089416));
#4527 = CARTESIAN_POINT('',(33.215306226658,1.455748234221,
    -16.93640669537));
#4528 = CARTESIAN_POINT('',(33.294070326166,1.494239044328,
    -16.87069728897));
#4529 = CARTESIAN_POINT('',(33.445246785599,1.555543152861,
    -16.76411372028));
#4530 = CARTESIAN_POINT('',(33.514589350331,1.579873151363,
    -16.72111309531));
#4531 = CARTESIAN_POINT('',(33.588557575174,1.601725884079,
    -16.68190919232));
#4532 = CARTESIAN_POINT('',(33.667440172191,1.620411428911,
    -16.64792376637));
#4533 = CARTESIAN_POINT('',(33.751090105295,1.635052827968,
    -16.62102897018));
#4534 = CARTESIAN_POINT('',(33.838846216025,1.644567371035,
    -16.60349448917));
#4535 = CARTESIAN_POINT('',(33.984125345974,1.650859138827,
    -16.59188815698));
#4536 = CARTESIAN_POINT('',(34.040248931542,1.651104366056,
    -16.59142934786));
#4537 = CARTESIAN_POINT('',(34.096246493289,1.649085961806,
    -16.59516111113));
#4538 = CARTESIAN_POINT('',(34.151520942176,1.644860695112,
    -16.60297051962));
#4539 = CARTESIAN_POINT('',(34.205594867955,1.638591552057,
    -16.61451812863));
#4540 = CARTESIAN_POINT('',(34.258096090434,1.630504453675,
    -16.62933038508));
#4541 = CARTESIAN_POINT('',(34.388643211915,1.605637518972,
    -16.67457460277));
#4542 = CARTESIAN_POINT('',(34.463986382337,1.586524189991,
    -16.70910552503));
#4543 = CARTESIAN_POINT('',(34.5347840436,1.564305417302,-16.74881921854
    ));
#4544 = CARTESIAN_POINT('',(34.601278177096,1.539629839263,
    -16.79231111052));
#4545 = CARTESIAN_POINT('',(34.663803373766,1.512969800232,
    -16.83857194334));
#4546 = CARTESIAN_POINT('',(34.722797901346,1.484619165349,
    -16.88695426163));
#4547 = CARTESIAN_POINT('',(34.84134718638,1.421152033584,
    -16.99334756532));
#4548 = CARTESIAN_POINT('',(34.899979066588,1.385721966651,
    -17.05167006346));
#4549 = CARTESIAN_POINT('',(34.955208393577,1.348598046386,
    -17.11156986067));
#4550 = CARTESIAN_POINT('',(35.007362641714,1.309926193289,
    -17.17265078915));
#4551 = CARTESIAN_POINT('',(35.056708212528,1.269806768023,
    -17.23461599918));
#4552 = CARTESIAN_POINT('',(35.103453628191,1.22828983422,
    -17.29726412144));
#4553 = CARTESIAN_POINT('',(35.187944090629,1.146479595933,
    -17.41775804678));
#4554 = CARTESIAN_POINT('',(35.226104498855,1.106452510533,
    -17.47547945709));
#4555 = CARTESIAN_POINT('',(35.26236971391,1.065313227741,
    -17.53351585103));
#4556 = CARTESIAN_POINT('',(35.296813607483,1.023070132612,
    -17.59176973013));
#4557 = CARTESIAN_POINT('',(35.329482880306,0.979724098514,
    -17.65015793666));
#4558 = CARTESIAN_POINT('',(35.360404254438,0.935269449952,
    -17.70860818296));
#4559 = CARTESIAN_POINT('',(35.406229481806,0.863696435503,
    -17.80039846608));
#4560 = CARTESIAN_POINT('',(35.422307396221,0.837335434965,
    -17.83373763818));
#4561 = CARTESIAN_POINT('',(35.437819355502,0.810608502642,
    -17.86706351532));
#4562 = CARTESIAN_POINT('',(35.452764242936,0.783513655913,
    -17.90036419391));
#4563 = CARTESIAN_POINT('',(35.467138940594,0.756048790667,
    -17.93362803686));
#4564 = CARTESIAN_POINT('',(35.480938329329,0.728211681306,
    -17.96684367358));
#4565 = CARTESIAN_POINT('',(35.494155288772,0.69999998074,-18.));
#4566 = PCURVE('',#723,#4567);
#4567 = DEFINITIONAL_REPRESENTATION('',(#4568),#4625);
#4568 = B_SPLINE_CURVE_WITH_KNOTS('',7,(#4569,#4570,#4571,#4572,#4573,
    #4574,#4575,#4576,#4577,#4578,#4579,#4580,#4581,#4582,#4583,#4584,
    #4585,#4586,#4587,#4588,#4589,#4590,#4591,#4592,#4593,#4594,#4595,
    #4596,#4597,#4598,#4599,#4600,#4601,#4602,#4603,#4604,#4605,#4606,
    #4607,#4608,#4609,#4610,#4611,#4612,#4613,#4614,#4615,#4616,#4617,
    #4618,#4619,#4620,#4621,#4622,#4623,#4624),.UNSPECIFIED.,.F.,.F.,(8,
    6,6,6,6,6,6,6,6,8),(0.,6.815481531289E-02,0.206699102717,
    0.365905197586,0.486972104943,0.561850465467,0.67997134438,
    0.812029262268,0.931724797024,1.),.UNSPECIFIED.);
#4569 = CARTESIAN_POINT('',(6.367814642255,1.));
#4570 = CARTESIAN_POINT('',(6.367761138081,0.997686308026));
#4571 = CARTESIAN_POINT('',(6.367705286801,0.995381305875));
#4572 = CARTESIAN_POINT('',(6.367647116973,0.993085359863));
#4573 = CARTESIAN_POINT('',(6.367586649168,0.990798854191));
#4574 = CARTESIAN_POINT('',(6.367523895969,0.988522190948));
#4575 = CARTESIAN_POINT('',(6.367458861966,0.986255790109));
#4576 = CARTESIAN_POINT('',(6.367254700136,0.97941472859));
#4577 = CARTESIAN_POINT('',(6.367108429735,0.974874058687));
#4578 = CARTESIAN_POINT('',(6.366952686634,0.970381174198));
#4579 = CARTESIAN_POINT('',(6.366787279782,0.965940547471));
#4580 = CARTESIAN_POINT('',(6.366611880579,0.961558011387));
#4581 = CARTESIAN_POINT('',(6.366425955921,0.957241194536));
#4582 = CARTESIAN_POINT('',(6.366001868806,0.948127173831));
#4583 = CARTESIAN_POINT('',(6.365760442793,0.943362686873));
#4584 = CARTESIAN_POINT('',(6.365502619655,0.938712371544));
#4585 = CARTESIAN_POINT('',(6.365226497002,0.934197731328));
#4586 = CARTESIAN_POINT('',(6.364929609576,0.929861237518));
#4587 = CARTESIAN_POINT('',(6.364609314541,0.925761802617));
#4588 = CARTESIAN_POINT('',(6.363994553887,0.919142922194));
#4589 = CARTESIAN_POINT('',(6.363712571622,0.916483473086));
#4590 = CARTESIAN_POINT('',(6.363411779061,0.914067667376));
#4591 = CARTESIAN_POINT('',(6.363091002155,0.911980300425));
#4592 = CARTESIAN_POINT('',(6.362750838826,0.910332275112));
#4593 = CARTESIAN_POINT('',(6.362393977683,0.909258643126));
#4594 = CARTESIAN_POINT('',(6.361803198581,0.908548149557));
#4595 = CARTESIAN_POINT('',(6.361574971433,0.908520155138));
#4596 = CARTESIAN_POINT('',(6.361347256762,0.908748478328));
#4597 = CARTESIAN_POINT('',(6.361122482637,0.909226323082));
#4598 = CARTESIAN_POINT('',(6.360902590452,0.909933463981));
#4599 = CARTESIAN_POINT('',(6.360689093681,0.910841726295));
#4600 = CARTESIAN_POINT('',(6.360158222445,0.913620400195));
#4601 = CARTESIAN_POINT('',(6.359851838654,0.915744690281));
#4602 = CARTESIAN_POINT('',(6.359563939223,0.918194118125));
#4603 = CARTESIAN_POINT('',(6.359293540133,0.920885751659));
#4604 = CARTESIAN_POINT('',(6.359039280767,0.923759913652));
#4605 = CARTESIAN_POINT('',(6.358799378903,0.926778621934));
#4606 = CARTESIAN_POINT('',(6.358317296995,0.933447667468));
#4607 = CARTESIAN_POINT('',(6.35807886984,0.937121040325));
#4608 = CARTESIAN_POINT('',(6.357854279204,0.940914121349));
#4609 = CARTESIAN_POINT('',(6.357642193408,0.944804782277));
#4610 = CARTESIAN_POINT('',(6.357441529128,0.948776792443));
#4611 = CARTESIAN_POINT('',(6.357251438406,0.952819759984));
#4612 = CARTESIAN_POINT('',(6.356907857056,0.960652043159));
#4613 = CARTESIAN_POINT('',(6.356752677356,0.964428052446));
#4614 = CARTESIAN_POINT('',(6.35660520448,0.968250528603));
#4615 = CARTESIAN_POINT('',(6.356465138026,0.97211501556));
#4616 = CARTESIAN_POINT('',(6.356332288086,0.976017953044));
#4617 = CARTESIAN_POINT('',(6.356206545994,0.979956489657));
#4618 = CARTESIAN_POINT('',(6.356020197228,0.98619410165));
#4619 = CARTESIAN_POINT('',(6.35595481622,0.988470550527));
#4620 = CARTESIAN_POINT('',(6.355891736676,0.99075736288));
#4621 = CARTESIAN_POINT('',(6.355830963135,0.993054112653));
#4622 = CARTESIAN_POINT('',(6.355772508276,0.995360392063));
#4623 = CARTESIAN_POINT('',(6.355716392917,0.997675811594));
#4624 = CARTESIAN_POINT('',(6.355662646013,1.));
#4625 = ( GEOMETRIC_REPRESENTATION_CONTEXT(2) 
PARAMETRIC_REPRESENTATION_CONTEXT() REPRESENTATION_CONTEXT('2D SPACE',''
  ) );
#4626 = PCURVE('',#3217,#4627);
#4627 = DEFINITIONAL_REPRESENTATION('',(#4628),#4685);
#4628 = B_SPLINE_CURVE_WITH_KNOTS('',7,(#4629,#4630,#4631,#4632,#4633,
    #4634,#4635,#4636,#4637,#4638,#4639,#4640,#4641,#4642,#4643,#4644,
    #4645,#4646,#4647,#4648,#4649,#4650,#4651,#4652,#4653,#4654,#4655,
    #4656,#4657,#4658,#4659,#4660,#4661,#4662,#4663,#4664,#4665,#4666,
    #4667,#4668,#4669,#4670,#4671,#4672,#4673,#4674,#4675,#4676,#4677,
    #4678,#4679,#4680,#4681,#4682,#4683,#4684),.UNSPECIFIED.,.F.,.F.,(8,
    6,6,6,6,6,6,6,6,8),(0.,6.815481531289E-02,0.206699102717,
    0.365905197586,0.486972104943,0.561850465467,0.67997134438,
    0.812029262268,0.931724797024,1.),.UNSPECIFIED.);
#4629 = CARTESIAN_POINT('',(2.70346753808,3.));
#4630 = CARTESIAN_POINT('',(2.684671438425,3.033006586787));
#4631 = CARTESIAN_POINT('',(2.665930593717,3.066071949797));
#4632 = CARTESIAN_POINT('',(2.647234864653,3.099185133564));
#4633 = CARTESIAN_POINT('',(2.628573747623,3.132334921718));
#4634 = CARTESIAN_POINT('',(2.609936374706,3.165509836995));
#4635 = CARTESIAN_POINT('',(2.591311513674,3.19869814123));
#4636 = CARTESIAN_POINT('',(2.534829035586,3.299355445699));
#4637 = CARTESIAN_POINT('',(2.496977678679,3.366821794676));
#4638 = CARTESIAN_POINT('',(2.459030020331,3.434194455675));
#4639 = CARTESIAN_POINT('',(2.420877540691,3.501361069609));
#4640 = CARTESIAN_POINT('',(2.382403219835,3.568188361744));
#4641 = CARTESIAN_POINT('',(2.343468762644,3.634514048459));
#4642 = CARTESIAN_POINT('',(2.258414042246,3.775535100471));
#4643 = CARTESIAN_POINT('',(2.212166541571,3.849874359194));
#4644 = CARTESIAN_POINT('',(2.164782969563,3.922990205159));
#4645 = CARTESIAN_POINT('',(2.115930237022,3.994479105835));
#4646 = CARTESIAN_POINT('',(2.065211632446,4.063593304622));
#4647 = CARTESIAN_POINT('',(2.012208079895,4.129302711027));
#4648 = CARTESIAN_POINT('',(1.913339335135,4.235886279714));
#4649 = CARTESIAN_POINT('',(1.868852365782,4.278886904686));
#4650 = CARTESIAN_POINT('',(1.822206167129,4.318090807674));
#4651 = CARTESIAN_POINT('',(1.773213414746,4.352076233627));
#4652 = CARTESIAN_POINT('',(1.721914691437,4.378971029812));
#4653 = CARTESIAN_POINT('',(1.668529791813,4.396505510829));
#4654 = CARTESIAN_POINT('',(1.580399301824,4.408111843014));
#4655 = CARTESIAN_POINT('',(1.546410450287,4.408570652138));
#4656 = CARTESIAN_POINT('',(1.512494791181,4.404838888865));
#4657 = CARTESIAN_POINT('',(1.478945001988,4.397029480373));
#4658 = CARTESIAN_POINT('',(1.445990878333,4.385481871363));
#4659 = CARTESIAN_POINT('',(1.413816871051,4.370669614915));
#4660 = CARTESIAN_POINT('',(1.333274824543,4.325425397228));
#4661 = CARTESIAN_POINT('',(1.286251290875,4.290894474967));
#4662 = CARTESIAN_POINT('',(1.241385996983,4.25118078146));
#4663 = CARTESIAN_POINT('',(1.198494577425,4.207688889477));
#4664 = CARTESIAN_POINT('',(1.157367868452,4.161428056659));
#4665 = CARTESIAN_POINT('',(1.11773690186,4.113045738362));
#4666 = CARTESIAN_POINT('',(1.036240317748,4.006652434677));
#4667 = CARTESIAN_POINT('',(0.994778047982,3.948329936536));
#4668 = CARTESIAN_POINT('',(0.954519423857,3.888430139322));
#4669 = CARTESIAN_POINT('',(0.915242639364,3.82734921085));
#4670 = CARTESIAN_POINT('',(0.876758170232,3.765384000816));
#4671 = CARTESIAN_POINT('',(0.838902217532,3.702735878551));
#4672 = CARTESIAN_POINT('',(0.767624869373,3.582241953219));
#4673 = CARTESIAN_POINT('',(0.734134877916,3.524520542908));
#4674 = CARTESIAN_POINT('',(0.700937677076,3.466484148967));
#4675 = CARTESIAN_POINT('',(0.667947551024,3.408230269864));
#4676 = CARTESIAN_POINT('',(0.635089762083,3.349842063332));
#4677 = CARTESIAN_POINT('',(0.602294868999,3.291391817037));
#4678 = CARTESIAN_POINT('',(0.550788103691,3.199601533915));
#4679 = CARTESIAN_POINT('',(0.532079031473,3.166262361818));
#4680 = CARTESIAN_POINT('',(0.513357539716,3.132936484673));
#4681 = CARTESIAN_POINT('',(0.494612236434,3.099635806083));
#4682 = CARTESIAN_POINT('',(0.475832101503,3.066371963138));
#4683 = CARTESIAN_POINT('',(0.457006486662,3.03315632642));
#4684 = CARTESIAN_POINT('',(0.43812511551,3.));
#4685 = ( GEOMETRIC_REPRESENTATION_CONTEXT(2) 
PARAMETRIC_REPRESENTATION_CONTEXT() REPRESENTATION_CONTEXT('2D SPACE',''
  ) );
#4686 = ORIENTED_EDGE('',*,*,#4687,.F.);
#4687 = EDGE_CURVE('',#4688,#4506,#4690,.T.);
#4688 = VERTEX_POINT('',#4689);
#4689 = CARTESIAN_POINT('',(99.464402208286,0.69999998074,-18.));
#4690 = SURFACE_CURVE('',#4691,(#4701,#4708),.PCURVE_S1.);
#4691 = B_SPLINE_CURVE_WITH_KNOTS('',8,(#4692,#4693,#4694,#4695,#4696,
    #4697,#4698,#4699,#4700),.UNSPECIFIED.,.F.,.F.,(9,9),(6.,7.),
  .PIECEWISE_BEZIER_KNOTS.);
#4692 = CARTESIAN_POINT('',(122.95554237496,0.69999998074,-18.));
#4693 = CARTESIAN_POINT('',(92.216656781224,0.69999998074,-18.));
#4694 = CARTESIAN_POINT('',(61.477771187482,0.69999998074,-18.));
#4695 = CARTESIAN_POINT('',(30.738885593741,0.69999998074,-18.));
#4696 = CARTESIAN_POINT('',(0.,0.69999998074,-18.));
#4697 = CARTESIAN_POINT('',(-30.73888559374,0.69999998074,-18.));
#4698 = CARTESIAN_POINT('',(-61.47777118748,0.69999998074,-18.));
#4699 = CARTESIAN_POINT('',(-92.21665678122,0.69999998074,-18.));
#4700 = CARTESIAN_POINT('',(-122.9555423749,0.69999998074,-18.));
#4701 = PCURVE('',#723,#4702);
#4702 = DEFINITIONAL_REPRESENTATION('',(#4703),#4707);
#4703 = LINE('',#4704,#4705);
#4704 = CARTESIAN_POINT('',(0.,1.));
#4705 = VECTOR('',#4706,1.);
#4706 = DIRECTION('',(1.,0.));
#4707 = ( GEOMETRIC_REPRESENTATION_CONTEXT(2) 
PARAMETRIC_REPRESENTATION_CONTEXT() REPRESENTATION_CONTEXT('2D SPACE',''
  ) );
#4708 = PCURVE('',#3077,#4709);
#4709 = DEFINITIONAL_REPRESENTATION('',(#4710),#4720);
#4710 = B_SPLINE_CURVE_WITH_KNOTS('',8,(#4711,#4712,#4713,#4714,#4715,
    #4716,#4717,#4718,#4719),.UNSPECIFIED.,.F.,.F.,(9,9),(6.,7.),
  .PIECEWISE_BEZIER_KNOTS.);
#4711 = CARTESIAN_POINT('',(246.60102813879,0.709944173815));
#4712 = CARTESIAN_POINT('',(215.86214264558,0.707458127385));
#4713 = CARTESIAN_POINT('',(185.12325715237,0.704972080954));
#4714 = CARTESIAN_POINT('',(154.38437165916,0.702486034523));
#4715 = CARTESIAN_POINT('',(123.64548616595,0.699999988093));
#4716 = CARTESIAN_POINT('',(92.906600672747,0.697513941662));
#4717 = CARTESIAN_POINT('',(62.167715179537,0.695027895231));
#4718 = CARTESIAN_POINT('',(31.428829686327,0.692541848801));
#4719 = CARTESIAN_POINT('',(0.689944193117,0.69005580237));
#4720 = ( GEOMETRIC_REPRESENTATION_CONTEXT(2) 
PARAMETRIC_REPRESENTATION_CONTEXT() REPRESENTATION_CONTEXT('2D SPACE',''
  ) );
#4721 = ORIENTED_EDGE('',*,*,#4722,.F.);
#4722 = EDGE_CURVE('',#3706,#4688,#4723,.T.);
#4723 = SURFACE_CURVE('',#4724,(#4755,#4789),.PCURVE_S1.);
#4724 = B_SPLINE_CURVE_WITH_KNOTS('',8,(#4725,#4726,#4727,#4728,#4729,
    #4730,#4731,#4732,#4733,#4734,#4735,#4736,#4737,#4738,#4739,#4740,
    #4741,#4742,#4743,#4744,#4745,#4746,#4747,#4748,#4749,#4750,#4751,
    #4752,#4753,#4754),.UNSPECIFIED.,.F.,.F.,(9,7,7,7,9),(0.,
    0.260217847082,0.518506356642,0.811541725834,1.),.UNSPECIFIED.);
#4725 = CARTESIAN_POINT('',(100.19104638654,4.339046907986,-2.9999994));
#4726 = CARTESIAN_POINT('',(100.18053908799,4.309371808672,
    -3.498734617703));
#4727 = CARTESIAN_POINT('',(100.16930256532,4.277376221226,
    -3.997394109813));
#4728 = CARTESIAN_POINT('',(100.15714756281,4.242454875662,
    -4.495947701284));
#4729 = CARTESIAN_POINT('',(100.14395376391,4.204160985819,
    -4.994366921271));
#4730 = CARTESIAN_POINT('',(100.12964986263,4.162150037709,
    -5.492622454213));
#4731 = CARTESIAN_POINT('',(100.11420164219,4.116147110713,
    -5.990682581772));
#4732 = CARTESIAN_POINT('',(100.09760179731,4.065915823865,
    -6.488511684946));
#4733 = CARTESIAN_POINT('',(100.06224025421,3.956903803593,
    -7.479935027304));
#4734 = CARTESIAN_POINT('',(100.04349596682,3.898189950396,
    -7.973526102288));
#4735 = CARTESIAN_POINT('',(100.02362614429,3.834821418423,
    -8.466814444571));
#4736 = CARTESIAN_POINT('',(100.0026493808,3.766541999316,
    -8.959761754637));
#4737 = CARTESIAN_POINT('',(99.98058325662,3.693040706974,
    -9.452314570253));
#4738 = CARTESIAN_POINT('',(99.957435147624,3.613898205603,
    -9.94440005691));
#4739 = CARTESIAN_POINT('',(99.933199682428,3.528522256637,
    -10.43592110798));
#4740 = CARTESIAN_POINT('',(99.879117515419,3.331185052494,
    -11.4836103956));
#4741 = CARTESIAN_POINT('',(99.84896656785,3.217234278624,
    -12.03935434856));
#4742 = CARTESIAN_POINT('',(99.817379896495,3.092962830923,
    -12.59402858548));
#4743 = CARTESIAN_POINT('',(99.784328815632,2.956703477496,
    -13.14742505865));
#4744 = CARTESIAN_POINT('',(99.749789540645,2.806289935522,
    -13.6990713856));
#4745 = CARTESIAN_POINT('',(99.713834300619,2.638758424697,
    -14.24818803616));
#4746 = CARTESIAN_POINT('',(99.67666532877,2.450237789204,
    -14.79367604143));
#4747 = CARTESIAN_POINT('',(99.614857264637,2.096026191976,
    -15.68140189338));
#4748 = CARTESIAN_POINT('',(99.590508466259,1.946360997979,
    -16.0262936277));
#4749 = CARTESIAN_POINT('',(99.566190604648,1.783985963334,
    -16.36848542068));
#4750 = CARTESIAN_POINT('',(99.542204488579,1.606967836799,
    -16.70737519812));
#4751 = CARTESIAN_POINT('',(99.519043484207,1.413031744022,
    -17.0418633896));
#4752 = CARTESIAN_POINT('',(99.497454637131,1.199512943689,
    -17.3703420034));
#4753 = CARTESIAN_POINT('',(99.478595670638,0.963210451186,
    -17.69065699337));
#4754 = CARTESIAN_POINT('',(99.464402208286,0.69999998074,-18.));
#4755 = PCURVE('',#723,#4756);
#4756 = DEFINITIONAL_REPRESENTATION('',(#4757),#4788);
#4757 = B_SPLINE_CURVE_WITH_KNOTS('',8,(#4758,#4759,#4760,#4761,#4762,
    #4763,#4764,#4765,#4766,#4767,#4768,#4769,#4770,#4771,#4772,#4773,
    #4774,#4775,#4776,#4777,#4778,#4779,#4780,#4781,#4782,#4783,#4784,
    #4785,#4786,#4787),.UNSPECIFIED.,.F.,.F.,(9,7,7,7,9),(0.,
    0.260217847082,0.518506356642,0.811541725834,1.),.UNSPECIFIED.);
#4758 = CARTESIAN_POINT('',(6.092572061219,0.161992047653));
#4759 = CARTESIAN_POINT('',(6.092614789259,0.188531031716));
#4760 = CARTESIAN_POINT('',(6.092660482625,0.215032601825));
#4761 = CARTESIAN_POINT('',(6.09270991117,0.24154786468));
#4762 = CARTESIAN_POINT('',(6.092763563865,0.268108366224));
#4763 = CARTESIAN_POINT('',(6.092821730769,0.29473163286));
#4764 = CARTESIAN_POINT('',(6.092884551182,0.321423951501));
#4765 = CARTESIAN_POINT('',(6.092952054605,0.348182632407));
#4766 = CARTESIAN_POINT('',(6.09309585269,0.40161853268));
#4767 = CARTESIAN_POINT('',(6.093172076531,0.428294476763));
#4768 = CARTESIAN_POINT('',(6.093252877372,0.455021101277));
#4769 = CARTESIAN_POINT('',(6.093338179601,0.481786212169));
#4770 = CARTESIAN_POINT('',(6.093427911726,0.508575737325));
#4771 = CARTESIAN_POINT('',(6.093522043753,0.535377412088));
#4772 = CARTESIAN_POINT('',(6.093620597526,0.562184564013));
#4773 = CARTESIAN_POINT('',(6.093840523224,0.619422837936));
#4774 = CARTESIAN_POINT('',(6.093963132368,0.649844006813));
#4775 = CARTESIAN_POINT('',(6.094091579898,0.680280004438));
#4776 = CARTESIAN_POINT('',(6.094225982464,0.710752306356));
#4777 = CARTESIAN_POINT('',(6.094366436787,0.741292637918));
#4778 = CARTESIAN_POINT('',(6.094512649147,0.77195312309));
#4779 = CARTESIAN_POINT('',(6.09466379716,0.802809868267));
#4780 = CARTESIAN_POINT('',(6.0949151403,0.854059134138));
#4781 = CARTESIAN_POINT('',(6.095014154943,0.874232608285));
#4782 = CARTESIAN_POINT('',(6.095113043782,0.894572793174));
#4783 = CARTESIAN_POINT('',(6.095210583574,0.915120512903));
#4784 = CARTESIAN_POINT('',(6.095304768041,0.935908569553));
#4785 = CARTESIAN_POINT('',(6.095392559313,0.956964504584));
#4786 = CARTESIAN_POINT('',(6.095469249498,0.978315709034));
#4787 = CARTESIAN_POINT('',(6.095526967361,1.));
#4788 = ( GEOMETRIC_REPRESENTATION_CONTEXT(2) 
PARAMETRIC_REPRESENTATION_CONTEXT() REPRESENTATION_CONTEXT('2D SPACE',''
  ) );
#4789 = PCURVE('',#3016,#4790);
#4790 = DEFINITIONAL_REPRESENTATION('',(#4791),#4822);
#4791 = B_SPLINE_CURVE_WITH_KNOTS('',8,(#4792,#4793,#4794,#4795,#4796,
    #4797,#4798,#4799,#4800,#4801,#4802,#4803,#4804,#4805,#4806,#4807,
    #4808,#4809,#4810,#4811,#4812,#4813,#4814,#4815,#4816,#4817,#4818,
    #4819,#4820,#4821),.UNSPECIFIED.,.F.,.F.,(9,7,7,7,9),(0.,
    0.260217847082,0.518506356642,0.811541725834,1.),.UNSPECIFIED.);
#4792 = CARTESIAN_POINT('',(2.801289539461,16.0000006));
#4793 = CARTESIAN_POINT('',(2.803711107785,15.501265382297));
#4794 = CARTESIAN_POINT('',(2.806319661588,15.002605890187));
#4795 = CARTESIAN_POINT('',(2.809163970983,14.504052298716));
#4796 = CARTESIAN_POINT('',(2.812279557691,14.005633078729));
#4797 = CARTESIAN_POINT('',(2.815693297729,13.507377545787));
#4798 = CARTESIAN_POINT('',(2.819426114893,13.009317418228));
#4799 = CARTESIAN_POINT('',(2.82349552196,12.511488315054));
#4800 = CARTESIAN_POINT('',(2.832311208387,11.520064972696));
#4801 = CARTESIAN_POINT('',(2.837052183667,11.026473897712));
#4802 = CARTESIAN_POINT('',(2.842160574777,10.533185555429));
#4803 = CARTESIAN_POINT('',(2.847654921023,10.040238245363));
#4804 = CARTESIAN_POINT('',(2.853557897584,9.547685429747));
#4805 = CARTESIAN_POINT('',(2.859900523836,9.05559994309));
#4806 = CARTESIAN_POINT('',(2.866727101071,8.564078892019));
#4807 = CARTESIAN_POINT('',(2.882466632752,7.5163896044));
#4808 = CARTESIAN_POINT('',(2.891533377701,6.96064565144));
#4809 = CARTESIAN_POINT('',(2.901395839319,6.405971414515));
#4810 = CARTESIAN_POINT('',(2.912179939715,5.852574941346));
#4811 = CARTESIAN_POINT('',(2.924049146804,5.300928614396));
#4812 = CARTESIAN_POINT('',(2.937227031295,4.751811963835));
#4813 = CARTESIAN_POINT('',(2.952004245687,4.206323958567));
#4814 = CARTESIAN_POINT('',(2.97966299591,3.318598106611));
#4815 = CARTESIAN_POINT('',(2.991326279438,2.973706372296));
#4816 = CARTESIAN_POINT('',(3.003954296475,2.631514579311));
#4817 = CARTESIAN_POINT('',(3.017692505445,2.292624801873));
#4818 = CARTESIAN_POINT('',(3.032712451633,1.958136610398));
#4819 = CARTESIAN_POINT('',(3.049215196992,1.629657996596));
#4820 = CARTESIAN_POINT('',(3.067444071542,1.309343006629));
#4821 = CARTESIAN_POINT('',(3.087720446888,1.));
#4822 = ( GEOMETRIC_REPRESENTATION_CONTEXT(2) 
PARAMETRIC_REPRESENTATION_CONTEXT() REPRESENTATION_CONTEXT('2D SPACE',''
  ) );
#4823 = ADVANCED_FACE('',(#4824,#4827,#4853,#4879,#4905,#4931),#611,.F.
  );
#4824 = FACE_BOUND('',#4825,.F.);
#4825 = EDGE_LOOP('',(#4826));
#4826 = ORIENTED_EDGE('',*,*,#596,.T.);
#4827 = FACE_BOUND('',#4828,.F.);
#4828 = EDGE_LOOP('',(#4829));
#4829 = ORIENTED_EDGE('',*,*,#4830,.F.);
#4830 = EDGE_CURVE('',#4831,#4831,#4833,.T.);
#4831 = VERTEX_POINT('',#4832);
#4832 = CARTESIAN_POINT('',(-118.7955423749,-8.,-3.));
#4833 = SURFACE_CURVE('',#4834,(#4839,#4846),.PCURVE_S1.);
#4834 = CIRCLE('',#4835,1.65);
#4835 = AXIS2_PLACEMENT_3D('',#4836,#4837,#4838);
#4836 = CARTESIAN_POINT('',(-120.4455423749,-8.,-3.));
#4837 = DIRECTION('',(0.,0.,1.));
#4838 = DIRECTION('',(1.,0.,-0.));
#4839 = PCURVE('',#611,#4840);
#4840 = DEFINITIONAL_REPRESENTATION('',(#4841),#4845);
#4841 = CIRCLE('',#4842,1.65);
#4842 = AXIS2_PLACEMENT_2D('',#4843,#4844);
#4843 = CARTESIAN_POINT('',(-8.,-8.));
#4844 = DIRECTION('',(1.,0.));
#4845 = ( GEOMETRIC_REPRESENTATION_CONTEXT(2) 
PARAMETRIC_REPRESENTATION_CONTEXT() REPRESENTATION_CONTEXT('2D SPACE',''
  ) );
#4846 = PCURVE('',#1899,#4847);
#4847 = DEFINITIONAL_REPRESENTATION('',(#4848),#4852);
#4848 = LINE('',#4849,#4850);
#4849 = CARTESIAN_POINT('',(0.,4.));
#4850 = VECTOR('',#4851,1.);
#4851 = DIRECTION('',(1.,0.));
#4852 = ( GEOMETRIC_REPRESENTATION_CONTEXT(2) 
PARAMETRIC_REPRESENTATION_CONTEXT() REPRESENTATION_CONTEXT('2D SPACE',''
  ) );
#4853 = FACE_BOUND('',#4854,.F.);
#4854 = EDGE_LOOP('',(#4855));
#4855 = ORIENTED_EDGE('',*,*,#4856,.F.);
#4856 = EDGE_CURVE('',#4857,#4857,#4859,.T.);
#4857 = VERTEX_POINT('',#4858);
#4858 = CARTESIAN_POINT('',(-102.7955423749,-8.,-3.));
#4859 = SURFACE_CURVE('',#4860,(#4865,#4872),.PCURVE_S1.);
#4860 = CIRCLE('',#4861,1.65);
#4861 = AXIS2_PLACEMENT_3D('',#4862,#4863,#4864);
#4862 = CARTESIAN_POINT('',(-104.4455423749,-8.,-3.));
#4863 = DIRECTION('',(0.,0.,1.));
#4864 = DIRECTION('',(1.,0.,-0.));
#4865 = PCURVE('',#611,#4866);
#4866 = DEFINITIONAL_REPRESENTATION('',(#4867),#4871);
#4867 = CIRCLE('',#4868,1.65);
#4868 = AXIS2_PLACEMENT_2D('',#4869,#4870);
#4869 = CARTESIAN_POINT('',(8.,-8.));
#4870 = DIRECTION('',(1.,0.));
#4871 = ( GEOMETRIC_REPRESENTATION_CONTEXT(2) 
PARAMETRIC_REPRESENTATION_CONTEXT() REPRESENTATION_CONTEXT('2D SPACE',''
  ) );
#4872 = PCURVE('',#1930,#4873);
#4873 = DEFINITIONAL_REPRESENTATION('',(#4874),#4878);
#4874 = LINE('',#4875,#4876);
#4875 = CARTESIAN_POINT('',(0.,4.));
#4876 = VECTOR('',#4877,1.);
#4877 = DIRECTION('',(1.,0.));
#4878 = ( GEOMETRIC_REPRESENTATION_CONTEXT(2) 
PARAMETRIC_REPRESENTATION_CONTEXT() REPRESENTATION_CONTEXT('2D SPACE',''
  ) );
#4879 = FACE_BOUND('',#4880,.F.);
#4880 = EDGE_LOOP('',(#4881));
#4881 = ORIENTED_EDGE('',*,*,#4882,.F.);
#4882 = EDGE_CURVE('',#4883,#4883,#4885,.T.);
#4883 = VERTEX_POINT('',#4884);
#4884 = CARTESIAN_POINT('',(-118.7955423749,8.,-3.));
#4885 = SURFACE_CURVE('',#4886,(#4891,#4898),.PCURVE_S1.);
#4886 = CIRCLE('',#4887,1.65);
#4887 = AXIS2_PLACEMENT_3D('',#4888,#4889,#4890);
#4888 = CARTESIAN_POINT('',(-120.4455423749,8.,-3.));
#4889 = DIRECTION('',(0.,0.,1.));
#4890 = DIRECTION('',(1.,0.,-0.));
#4891 = PCURVE('',#611,#4892);
#4892 = DEFINITIONAL_REPRESENTATION('',(#4893),#4897);
#4893 = CIRCLE('',#4894,1.65);
#4894 = AXIS2_PLACEMENT_2D('',#4895,#4896);
#4895 = CARTESIAN_POINT('',(-8.,8.));
#4896 = DIRECTION('',(1.,0.));
#4897 = ( GEOMETRIC_REPRESENTATION_CONTEXT(2) 
PARAMETRIC_REPRESENTATION_CONTEXT() REPRESENTATION_CONTEXT('2D SPACE',''
  ) );
#4898 = PCURVE('',#1992,#4899);
#4899 = DEFINITIONAL_REPRESENTATION('',(#4900),#4904);
#4900 = LINE('',#4901,#4902);
#4901 = CARTESIAN_POINT('',(0.,4.));
#4902 = VECTOR('',#4903,1.);
#4903 = DIRECTION('',(1.,0.));
#4904 = ( GEOMETRIC_REPRESENTATION_CONTEXT(2) 
PARAMETRIC_REPRESENTATION_CONTEXT() REPRESENTATION_CONTEXT('2D SPACE',''
  ) );
#4905 = FACE_BOUND('',#4906,.F.);
#4906 = EDGE_LOOP('',(#4907));
#4907 = ORIENTED_EDGE('',*,*,#4908,.F.);
#4908 = EDGE_CURVE('',#4909,#4909,#4911,.T.);
#4909 = VERTEX_POINT('',#4910);
#4910 = CARTESIAN_POINT('',(-107.9455423749,-1.102182119233E-15,-3.));
#4911 = SURFACE_CURVE('',#4912,(#4917,#4924),.PCURVE_S1.);
#4912 = CIRCLE('',#4913,4.5);
#4913 = AXIS2_PLACEMENT_3D('',#4914,#4915,#4916);
#4914 = CARTESIAN_POINT('',(-112.4455423749,0.,-3.));
#4915 = DIRECTION('',(0.,0.,1.));
#4916 = DIRECTION('',(1.,0.,-0.));
#4917 = PCURVE('',#611,#4918);
#4918 = DEFINITIONAL_REPRESENTATION('',(#4919),#4923);
#4919 = CIRCLE('',#4920,4.5);
#4920 = AXIS2_PLACEMENT_2D('',#4921,#4922);
#4921 = CARTESIAN_POINT('',(0.,0.));
#4922 = DIRECTION('',(1.,0.));
#4923 = ( GEOMETRIC_REPRESENTATION_CONTEXT(2) 
PARAMETRIC_REPRESENTATION_CONTEXT() REPRESENTATION_CONTEXT('2D SPACE',''
  ) );
#4924 = PCURVE('',#1961,#4925);
#4925 = DEFINITIONAL_REPRESENTATION('',(#4926),#4930);
#4926 = LINE('',#4927,#4928);
#4927 = CARTESIAN_POINT('',(0.,4.));
#4928 = VECTOR('',#4929,1.);
#4929 = DIRECTION('',(1.,0.));
#4930 = ( GEOMETRIC_REPRESENTATION_CONTEXT(2) 
PARAMETRIC_REPRESENTATION_CONTEXT() REPRESENTATION_CONTEXT('2D SPACE',''
  ) );
#4931 = FACE_BOUND('',#4932,.F.);
#4932 = EDGE_LOOP('',(#4933));
#4933 = ORIENTED_EDGE('',*,*,#4934,.F.);
#4934 = EDGE_CURVE('',#4935,#4935,#4937,.T.);
#4935 = VERTEX_POINT('',#4936);
#4936 = CARTESIAN_POINT('',(-102.7955423749,8.,-3.));
#4937 = SURFACE_CURVE('',#4938,(#4943,#4950),.PCURVE_S1.);
#4938 = CIRCLE('',#4939,1.65);
#4939 = AXIS2_PLACEMENT_3D('',#4940,#4941,#4942);
#4940 = CARTESIAN_POINT('',(-104.4455423749,8.,-3.));
#4941 = DIRECTION('',(0.,0.,1.));
#4942 = DIRECTION('',(1.,0.,-0.));
#4943 = PCURVE('',#611,#4944);
#4944 = DEFINITIONAL_REPRESENTATION('',(#4945),#4949);
#4945 = CIRCLE('',#4946,1.65);
#4946 = AXIS2_PLACEMENT_2D('',#4947,#4948);
#4947 = CARTESIAN_POINT('',(8.,8.));
#4948 = DIRECTION('',(1.,0.));
#4949 = ( GEOMETRIC_REPRESENTATION_CONTEXT(2) 
PARAMETRIC_REPRESENTATION_CONTEXT() REPRESENTATION_CONTEXT('2D SPACE',''
  ) );
#4950 = PCURVE('',#2023,#4951);
#4951 = DEFINITIONAL_REPRESENTATION('',(#4952),#4956);
#4952 = LINE('',#4953,#4954);
#4953 = CARTESIAN_POINT('',(0.,4.));
#4954 = VECTOR('',#4955,1.);
#4955 = DIRECTION('',(1.,0.));
#4956 = ( GEOMETRIC_REPRESENTATION_CONTEXT(2) 
PARAMETRIC_REPRESENTATION_CONTEXT() REPRESENTATION_CONTEXT('2D SPACE',''
  ) );
#4957 = ADVANCED_FACE('',(#4958),#1801,.T.);
#4958 = FACE_BOUND('',#4959,.T.);
#4959 = EDGE_LOOP('',(#4960,#4961,#4982,#4983));
#4960 = ORIENTED_EDGE('',*,*,#2365,.T.);
#4961 = ORIENTED_EDGE('',*,*,#4962,.T.);
#4962 = EDGE_CURVE('',#2366,#4112,#4963,.T.);
#4963 = SURFACE_CURVE('',#4964,(#4968,#4975),.PCURVE_S1.);
#4964 = LINE('',#4965,#4966);
#4965 = CARTESIAN_POINT('',(-196.1387670657,-39.51138880101,-9.5));
#4966 = VECTOR('',#4967,1.);
#4967 = DIRECTION('',(0.974375197722,0.224928819994,0.));
#4968 = PCURVE('',#1801,#4969);
#4969 = DEFINITIONAL_REPRESENTATION('',(#4970),#4974);
#4970 = LINE('',#4971,#4972);
#4971 = CARTESIAN_POINT('',(0.,0.));
#4972 = VECTOR('',#4973,1.);
#4973 = DIRECTION('',(0.,-1.));
#4974 = ( GEOMETRIC_REPRESENTATION_CONTEXT(2) 
PARAMETRIC_REPRESENTATION_CONTEXT() REPRESENTATION_CONTEXT('2D SPACE',''
  ) );
#4975 = PCURVE('',#2531,#4976);
#4976 = DEFINITIONAL_REPRESENTATION('',(#4977),#4981);
#4977 = LINE('',#4978,#4979);
#4978 = CARTESIAN_POINT('',(0.,0.));
#4979 = VECTOR('',#4980,1.);
#4980 = DIRECTION('',(0.,1.));
#4981 = ( GEOMETRIC_REPRESENTATION_CONTEXT(2) 
PARAMETRIC_REPRESENTATION_CONTEXT() REPRESENTATION_CONTEXT('2D SPACE',''
  ) );
#4982 = ORIENTED_EDGE('',*,*,#4140,.F.);
#4983 = ORIENTED_EDGE('',*,*,#1786,.F.);
#4984 = ADVANCED_FACE('',(#4985),#1899,.F.);
#4985 = FACE_BOUND('',#4986,.F.);
#4986 = EDGE_LOOP('',(#4987,#4988,#5009,#5010));
#4987 = ORIENTED_EDGE('',*,*,#1882,.F.);
#4988 = ORIENTED_EDGE('',*,*,#4989,.F.);
#4989 = EDGE_CURVE('',#4831,#1883,#4990,.T.);
#4990 = SEAM_CURVE('',#4991,(#4995,#5002),.PCURVE_S1.);
#4991 = LINE('',#4992,#4993);
#4992 = CARTESIAN_POINT('',(-118.7955423749,-8.,-7.));
#4993 = VECTOR('',#4994,1.);
#4994 = DIRECTION('',(0.,0.,1.));
#4995 = PCURVE('',#1899,#4996);
#4996 = DEFINITIONAL_REPRESENTATION('',(#4997),#5001);
#4997 = LINE('',#4998,#4999);
#4998 = CARTESIAN_POINT('',(6.28318530718,-0.));
#4999 = VECTOR('',#5000,1.);
#5000 = DIRECTION('',(0.,1.));
#5001 = ( GEOMETRIC_REPRESENTATION_CONTEXT(2) 
PARAMETRIC_REPRESENTATION_CONTEXT() REPRESENTATION_CONTEXT('2D SPACE',''
  ) );
#5002 = PCURVE('',#1899,#5003);
#5003 = DEFINITIONAL_REPRESENTATION('',(#5004),#5008);
#5004 = LINE('',#5005,#5006);
#5005 = CARTESIAN_POINT('',(0.,-0.));
#5006 = VECTOR('',#5007,1.);
#5007 = DIRECTION('',(0.,1.));
#5008 = ( GEOMETRIC_REPRESENTATION_CONTEXT(2) 
PARAMETRIC_REPRESENTATION_CONTEXT() REPRESENTATION_CONTEXT('2D SPACE',''
  ) );
#5009 = ORIENTED_EDGE('',*,*,#4830,.T.);
#5010 = ORIENTED_EDGE('',*,*,#4989,.T.);
#5011 = ADVANCED_FACE('',(#5012),#1930,.F.);
#5012 = FACE_BOUND('',#5013,.F.);
#5013 = EDGE_LOOP('',(#5014,#5015,#5036,#5037));
#5014 = ORIENTED_EDGE('',*,*,#1913,.F.);
#5015 = ORIENTED_EDGE('',*,*,#5016,.F.);
#5016 = EDGE_CURVE('',#4857,#1914,#5017,.T.);
#5017 = SEAM_CURVE('',#5018,(#5022,#5029),.PCURVE_S1.);
#5018 = LINE('',#5019,#5020);
#5019 = CARTESIAN_POINT('',(-102.7955423749,-8.,-7.));
#5020 = VECTOR('',#5021,1.);
#5021 = DIRECTION('',(0.,0.,1.));
#5022 = PCURVE('',#1930,#5023);
#5023 = DEFINITIONAL_REPRESENTATION('',(#5024),#5028);
#5024 = LINE('',#5025,#5026);
#5025 = CARTESIAN_POINT('',(6.28318530718,-0.));
#5026 = VECTOR('',#5027,1.);
#5027 = DIRECTION('',(0.,1.));
#5028 = ( GEOMETRIC_REPRESENTATION_CONTEXT(2) 
PARAMETRIC_REPRESENTATION_CONTEXT() REPRESENTATION_CONTEXT('2D SPACE',''
  ) );
#5029 = PCURVE('',#1930,#5030);
#5030 = DEFINITIONAL_REPRESENTATION('',(#5031),#5035);
#5031 = LINE('',#5032,#5033);
#5032 = CARTESIAN_POINT('',(0.,-0.));
#5033 = VECTOR('',#5034,1.);
#5034 = DIRECTION('',(0.,1.));
#5035 = ( GEOMETRIC_REPRESENTATION_CONTEXT(2) 
PARAMETRIC_REPRESENTATION_CONTEXT() REPRESENTATION_CONTEXT('2D SPACE',''
  ) );
#5036 = ORIENTED_EDGE('',*,*,#4856,.T.);
#5037 = ORIENTED_EDGE('',*,*,#5016,.T.);
#5038 = ADVANCED_FACE('',(#5039),#1961,.F.);
#5039 = FACE_BOUND('',#5040,.F.);
#5040 = EDGE_LOOP('',(#5041,#5042,#5063,#5064));
#5041 = ORIENTED_EDGE('',*,*,#1944,.F.);
#5042 = ORIENTED_EDGE('',*,*,#5043,.F.);
#5043 = EDGE_CURVE('',#4909,#1945,#5044,.T.);
#5044 = SEAM_CURVE('',#5045,(#5049,#5056),.PCURVE_S1.);
#5045 = LINE('',#5046,#5047);
#5046 = CARTESIAN_POINT('',(-107.9455423749,-1.102182119233E-15,-7.));
#5047 = VECTOR('',#5048,1.);
#5048 = DIRECTION('',(0.,0.,1.));
#5049 = PCURVE('',#1961,#5050);
#5050 = DEFINITIONAL_REPRESENTATION('',(#5051),#5055);
#5051 = LINE('',#5052,#5053);
#5052 = CARTESIAN_POINT('',(6.28318530718,-0.));
#5053 = VECTOR('',#5054,1.);
#5054 = DIRECTION('',(0.,1.));
#5055 = ( GEOMETRIC_REPRESENTATION_CONTEXT(2) 
PARAMETRIC_REPRESENTATION_CONTEXT() REPRESENTATION_CONTEXT('2D SPACE',''
  ) );
#5056 = PCURVE('',#1961,#5057);
#5057 = DEFINITIONAL_REPRESENTATION('',(#5058),#5062);
#5058 = LINE('',#5059,#5060);
#5059 = CARTESIAN_POINT('',(0.,-0.));
#5060 = VECTOR('',#5061,1.);
#5061 = DIRECTION('',(0.,1.));
#5062 = ( GEOMETRIC_REPRESENTATION_CONTEXT(2) 
PARAMETRIC_REPRESENTATION_CONTEXT() REPRESENTATION_CONTEXT('2D SPACE',''
  ) );
#5063 = ORIENTED_EDGE('',*,*,#4908,.T.);
#5064 = ORIENTED_EDGE('',*,*,#5043,.T.);
#5065 = ADVANCED_FACE('',(#5066),#1992,.F.);
#5066 = FACE_BOUND('',#5067,.F.);
#5067 = EDGE_LOOP('',(#5068,#5069,#5090,#5091));
#5068 = ORIENTED_EDGE('',*,*,#1975,.F.);
#5069 = ORIENTED_EDGE('',*,*,#5070,.F.);
#5070 = EDGE_CURVE('',#4883,#1976,#5071,.T.);
#5071 = SEAM_CURVE('',#5072,(#5076,#5083),.PCURVE_S1.);
#5072 = LINE('',#5073,#5074);
#5073 = CARTESIAN_POINT('',(-118.7955423749,8.,-7.));
#5074 = VECTOR('',#5075,1.);
#5075 = DIRECTION('',(0.,0.,1.));
#5076 = PCURVE('',#1992,#5077);
#5077 = DEFINITIONAL_REPRESENTATION('',(#5078),#5082);
#5078 = LINE('',#5079,#5080);
#5079 = CARTESIAN_POINT('',(6.28318530718,-0.));
#5080 = VECTOR('',#5081,1.);
#5081 = DIRECTION('',(0.,1.));
#5082 = ( GEOMETRIC_REPRESENTATION_CONTEXT(2) 
PARAMETRIC_REPRESENTATION_CONTEXT() REPRESENTATION_CONTEXT('2D SPACE',''
  ) );
#5083 = PCURVE('',#1992,#5084);
#5084 = DEFINITIONAL_REPRESENTATION('',(#5085),#5089);
#5085 = LINE('',#5086,#5087);
#5086 = CARTESIAN_POINT('',(0.,-0.));
#5087 = VECTOR('',#5088,1.);
#5088 = DIRECTION('',(0.,1.));
#5089 = ( GEOMETRIC_REPRESENTATION_CONTEXT(2) 
PARAMETRIC_REPRESENTATION_CONTEXT() REPRESENTATION_CONTEXT('2D SPACE',''
  ) );
#5090 = ORIENTED_EDGE('',*,*,#4882,.T.);
#5091 = ORIENTED_EDGE('',*,*,#5070,.T.);
#5092 = ADVANCED_FACE('',(#5093),#2023,.F.);
#5093 = FACE_BOUND('',#5094,.F.);
#5094 = EDGE_LOOP('',(#5095,#5096,#5117,#5118));
#5095 = ORIENTED_EDGE('',*,*,#2006,.F.);
#5096 = ORIENTED_EDGE('',*,*,#5097,.F.);
#5097 = EDGE_CURVE('',#4935,#2007,#5098,.T.);
#5098 = SEAM_CURVE('',#5099,(#5103,#5110),.PCURVE_S1.);
#5099 = LINE('',#5100,#5101);
#5100 = CARTESIAN_POINT('',(-102.7955423749,8.,-7.));
#5101 = VECTOR('',#5102,1.);
#5102 = DIRECTION('',(0.,0.,1.));
#5103 = PCURVE('',#2023,#5104);
#5104 = DEFINITIONAL_REPRESENTATION('',(#5105),#5109);
#5105 = LINE('',#5106,#5107);
#5106 = CARTESIAN_POINT('',(6.28318530718,-0.));
#5107 = VECTOR('',#5108,1.);
#5108 = DIRECTION('',(0.,1.));
#5109 = ( GEOMETRIC_REPRESENTATION_CONTEXT(2) 
PARAMETRIC_REPRESENTATION_CONTEXT() REPRESENTATION_CONTEXT('2D SPACE',''
  ) );
#5110 = PCURVE('',#2023,#5111);
#5111 = DEFINITIONAL_REPRESENTATION('',(#5112),#5116);
#5112 = LINE('',#5113,#5114);
#5113 = CARTESIAN_POINT('',(0.,-0.));
#5114 = VECTOR('',#5115,1.);
#5115 = DIRECTION('',(0.,1.));
#5116 = ( GEOMETRIC_REPRESENTATION_CONTEXT(2) 
PARAMETRIC_REPRESENTATION_CONTEXT() REPRESENTATION_CONTEXT('2D SPACE',''
  ) );
#5117 = ORIENTED_EDGE('',*,*,#4934,.T.);
#5118 = ORIENTED_EDGE('',*,*,#5097,.T.);
#5119 = ADVANCED_FACE('',(#5120),#2054,.F.);
#5120 = FACE_BOUND('',#5121,.F.);
#5121 = EDGE_LOOP('',(#5122,#5123,#5146,#5168,#5169,#5170,#5171,#5193));
#5122 = ORIENTED_EDGE('',*,*,#2037,.F.);
#5123 = ORIENTED_EDGE('',*,*,#5124,.F.);
#5124 = EDGE_CURVE('',#5125,#2038,#5127,.T.);
#5125 = VERTEX_POINT('',#5126);
#5126 = CARTESIAN_POINT('',(-32.35,-4.041334437186E-16,-18.));
#5127 = SEAM_CURVE('',#5128,(#5132,#5139),.PCURVE_S1.);
#5128 = LINE('',#5129,#5130);
#5129 = CARTESIAN_POINT('',(-32.35,-4.041334437186E-16,-21.));
#5130 = VECTOR('',#5131,1.);
#5131 = DIRECTION('',(0.,0.,1.));
#5132 = PCURVE('',#2054,#5133);
#5133 = DEFINITIONAL_REPRESENTATION('',(#5134),#5138);
#5134 = LINE('',#5135,#5136);
#5135 = CARTESIAN_POINT('',(6.28318530718,-0.));
#5136 = VECTOR('',#5137,1.);
#5137 = DIRECTION('',(0.,1.));
#5138 = ( GEOMETRIC_REPRESENTATION_CONTEXT(2) 
PARAMETRIC_REPRESENTATION_CONTEXT() REPRESENTATION_CONTEXT('2D SPACE',''
  ) );
#5139 = PCURVE('',#2054,#5140);
#5140 = DEFINITIONAL_REPRESENTATION('',(#5141),#5145);
#5141 = LINE('',#5142,#5143);
#5142 = CARTESIAN_POINT('',(0.,-0.));
#5143 = VECTOR('',#5144,1.);
#5144 = DIRECTION('',(0.,1.));
#5145 = ( GEOMETRIC_REPRESENTATION_CONTEXT(2) 
PARAMETRIC_REPRESENTATION_CONTEXT() REPRESENTATION_CONTEXT('2D SPACE',''
  ) );
#5146 = ORIENTED_EDGE('',*,*,#5147,.T.);
#5147 = EDGE_CURVE('',#5125,#4289,#5148,.T.);
#5148 = SURFACE_CURVE('',#5149,(#5154,#5161),.PCURVE_S1.);
#5149 = CIRCLE('',#5150,1.65);
#5150 = AXIS2_PLACEMENT_3D('',#5151,#5152,#5153);
#5151 = CARTESIAN_POINT('',(-34.,0.,-18.));
#5152 = DIRECTION('',(0.,0.,1.));
#5153 = DIRECTION('',(1.,0.,-0.));
#5154 = PCURVE('',#2054,#5155);
#5155 = DEFINITIONAL_REPRESENTATION('',(#5156),#5160);
#5156 = LINE('',#5157,#5158);
#5157 = CARTESIAN_POINT('',(0.,3.));
#5158 = VECTOR('',#5159,1.);
#5159 = DIRECTION('',(1.,0.));
#5160 = ( GEOMETRIC_REPRESENTATION_CONTEXT(2) 
PARAMETRIC_REPRESENTATION_CONTEXT() REPRESENTATION_CONTEXT('2D SPACE',''
  ) );
#5161 = PCURVE('',#3304,#5162);
#5162 = DEFINITIONAL_REPRESENTATION('',(#5163),#5167);
#5163 = CIRCLE('',#5164,1.65);
#5164 = AXIS2_PLACEMENT_2D('',#5165,#5166);
#5165 = CARTESIAN_POINT('',(89.645542890541,-2.749783559879E-03));
#5166 = DIRECTION('',(0.99999999673,8.087627064654E-05));
#5167 = ( GEOMETRIC_REPRESENTATION_CONTEXT(2) 
PARAMETRIC_REPRESENTATION_CONTEXT() REPRESENTATION_CONTEXT('2D SPACE',''
  ) );
#5168 = ORIENTED_EDGE('',*,*,#4288,.F.);
#5169 = ORIENTED_EDGE('',*,*,#2099,.T.);
#5170 = ORIENTED_EDGE('',*,*,#3322,.F.);
#5171 = ORIENTED_EDGE('',*,*,#5172,.T.);
#5172 = EDGE_CURVE('',#3283,#5125,#5173,.T.);
#5173 = SURFACE_CURVE('',#5174,(#5179,#5186),.PCURVE_S1.);
#5174 = CIRCLE('',#5175,1.65);
#5175 = AXIS2_PLACEMENT_3D('',#5176,#5177,#5178);
#5176 = CARTESIAN_POINT('',(-34.,0.,-18.));
#5177 = DIRECTION('',(0.,0.,1.));
#5178 = DIRECTION('',(1.,0.,-0.));
#5179 = PCURVE('',#2054,#5180);
#5180 = DEFINITIONAL_REPRESENTATION('',(#5181),#5185);
#5181 = LINE('',#5182,#5183);
#5182 = CARTESIAN_POINT('',(0.,3.));
#5183 = VECTOR('',#5184,1.);
#5184 = DIRECTION('',(1.,0.));
#5185 = ( GEOMETRIC_REPRESENTATION_CONTEXT(2) 
PARAMETRIC_REPRESENTATION_CONTEXT() REPRESENTATION_CONTEXT('2D SPACE',''
  ) );
#5186 = PCURVE('',#3304,#5187);
#5187 = DEFINITIONAL_REPRESENTATION('',(#5188),#5192);
#5188 = CIRCLE('',#5189,1.65);
#5189 = AXIS2_PLACEMENT_2D('',#5190,#5191);
#5190 = CARTESIAN_POINT('',(89.645542890541,-2.749783559879E-03));
#5191 = DIRECTION('',(0.99999999673,8.087627064654E-05));
#5192 = ( GEOMETRIC_REPRESENTATION_CONTEXT(2) 
PARAMETRIC_REPRESENTATION_CONTEXT() REPRESENTATION_CONTEXT('2D SPACE',''
  ) );
#5193 = ORIENTED_EDGE('',*,*,#5124,.T.);
#5194 = ADVANCED_FACE('',(#5195),#3304,.F.);
#5195 = FACE_BOUND('',#5196,.F.);
#5196 = EDGE_LOOP('',(#5197,#5219,#5220,#5221,#5222));
#5197 = ORIENTED_EDGE('',*,*,#5198,.F.);
#5198 = EDGE_CURVE('',#4471,#3096,#5199,.T.);
#5199 = SURFACE_CURVE('',#5200,(#5205,#5212),.PCURVE_S1.);
#5200 = CIRCLE('',#5201,1.65);
#5201 = AXIS2_PLACEMENT_3D('',#5202,#5203,#5204);
#5202 = CARTESIAN_POINT('',(34.,0.,-18.));
#5203 = DIRECTION('',(0.,0.,1.));
#5204 = DIRECTION('',(1.,0.,-0.));
#5205 = PCURVE('',#3304,#5206);
#5206 = DEFINITIONAL_REPRESENTATION('',(#5207),#5211);
#5207 = CIRCLE('',#5208,1.65);
#5208 = AXIS2_PLACEMENT_2D('',#5209,#5210);
#5209 = CARTESIAN_POINT('',(157.64554266814,2.749802844085E-03));
#5210 = DIRECTION('',(0.99999999673,8.087627064654E-05));
#5211 = ( GEOMETRIC_REPRESENTATION_CONTEXT(2) 
PARAMETRIC_REPRESENTATION_CONTEXT() REPRESENTATION_CONTEXT('2D SPACE',''
  ) );
#5212 = PCURVE('',#3217,#5213);
#5213 = DEFINITIONAL_REPRESENTATION('',(#5214),#5218);
#5214 = LINE('',#5215,#5216);
#5215 = CARTESIAN_POINT('',(0.,3.));
#5216 = VECTOR('',#5217,1.);
#5217 = DIRECTION('',(1.,0.));
#5218 = ( GEOMETRIC_REPRESENTATION_CONTEXT(2) 
PARAMETRIC_REPRESENTATION_CONTEXT() REPRESENTATION_CONTEXT('2D SPACE',''
  ) );
#5219 = ORIENTED_EDGE('',*,*,#4470,.T.);
#5220 = ORIENTED_EDGE('',*,*,#5147,.F.);
#5221 = ORIENTED_EDGE('',*,*,#5172,.F.);
#5222 = ORIENTED_EDGE('',*,*,#3282,.T.);
#5223 = ADVANCED_FACE('',(#5224),#3217,.F.);
#5224 = FACE_BOUND('',#5225,.F.);
#5225 = EDGE_LOOP('',(#5226,#5250,#5273,#5295,#5296,#5297,#5298,#5320));
#5226 = ORIENTED_EDGE('',*,*,#5227,.F.);
#5227 = EDGE_CURVE('',#5228,#5228,#5230,.T.);
#5228 = VERTEX_POINT('',#5229);
#5229 = CARTESIAN_POINT('',(35.65,-4.041334437186E-16,0.));
#5230 = SURFACE_CURVE('',#5231,(#5236,#5243),.PCURVE_S1.);
#5231 = CIRCLE('',#5232,1.65);
#5232 = AXIS2_PLACEMENT_3D('',#5233,#5234,#5235);
#5233 = CARTESIAN_POINT('',(34.,0.,0.));
#5234 = DIRECTION('',(0.,0.,1.));
#5235 = DIRECTION('',(1.,0.,-0.));
#5236 = PCURVE('',#3217,#5237);
#5237 = DEFINITIONAL_REPRESENTATION('',(#5238),#5242);
#5238 = LINE('',#5239,#5240);
#5239 = CARTESIAN_POINT('',(0.,21.));
#5240 = VECTOR('',#5241,1.);
#5241 = DIRECTION('',(1.,0.));
#5242 = ( GEOMETRIC_REPRESENTATION_CONTEXT(2) 
PARAMETRIC_REPRESENTATION_CONTEXT() REPRESENTATION_CONTEXT('2D SPACE',''
  ) );
#5243 = PCURVE('',#2718,#5244);
#5244 = DEFINITIONAL_REPRESENTATION('',(#5245),#5249);
#5245 = CIRCLE('',#5246,1.65);
#5246 = AXIS2_PLACEMENT_2D('',#5247,#5248);
#5247 = CARTESIAN_POINT('',(161.44554266262,2.667813204374E-03));
#5248 = DIRECTION('',(0.999999996922,7.846481065502E-05));
#5249 = ( GEOMETRIC_REPRESENTATION_CONTEXT(2) 
PARAMETRIC_REPRESENTATION_CONTEXT() REPRESENTATION_CONTEXT('2D SPACE',''
  ) );
#5250 = ORIENTED_EDGE('',*,*,#5251,.F.);
#5251 = EDGE_CURVE('',#5252,#5228,#5254,.T.);
#5252 = VERTEX_POINT('',#5253);
#5253 = CARTESIAN_POINT('',(35.65,-4.041334437186E-16,-18.));
#5254 = SEAM_CURVE('',#5255,(#5259,#5266),.PCURVE_S1.);
#5255 = LINE('',#5256,#5257);
#5256 = CARTESIAN_POINT('',(35.65,-4.041334437186E-16,-21.));
#5257 = VECTOR('',#5258,1.);
#5258 = DIRECTION('',(0.,0.,1.));
#5259 = PCURVE('',#3217,#5260);
#5260 = DEFINITIONAL_REPRESENTATION('',(#5261),#5265);
#5261 = LINE('',#5262,#5263);
#5262 = CARTESIAN_POINT('',(6.28318530718,-0.));
#5263 = VECTOR('',#5264,1.);
#5264 = DIRECTION('',(0.,1.));
#5265 = ( GEOMETRIC_REPRESENTATION_CONTEXT(2) 
PARAMETRIC_REPRESENTATION_CONTEXT() REPRESENTATION_CONTEXT('2D SPACE',''
  ) );
#5266 = PCURVE('',#3217,#5267);
#5267 = DEFINITIONAL_REPRESENTATION('',(#5268),#5272);
#5268 = LINE('',#5269,#5270);
#5269 = CARTESIAN_POINT('',(0.,-0.));
#5270 = VECTOR('',#5271,1.);
#5271 = DIRECTION('',(0.,1.));
#5272 = ( GEOMETRIC_REPRESENTATION_CONTEXT(2) 
PARAMETRIC_REPRESENTATION_CONTEXT() REPRESENTATION_CONTEXT('2D SPACE',''
  ) );
#5273 = ORIENTED_EDGE('',*,*,#5274,.T.);
#5274 = EDGE_CURVE('',#5252,#4506,#5275,.T.);
#5275 = SURFACE_CURVE('',#5276,(#5281,#5288),.PCURVE_S1.);
#5276 = CIRCLE('',#5277,1.65);
#5277 = AXIS2_PLACEMENT_3D('',#5278,#5279,#5280);
#5278 = CARTESIAN_POINT('',(34.,0.,-18.));
#5279 = DIRECTION('',(0.,0.,1.));
#5280 = DIRECTION('',(1.,0.,-0.));
#5281 = PCURVE('',#3217,#5282);
#5282 = DEFINITIONAL_REPRESENTATION('',(#5283),#5287);
#5283 = LINE('',#5284,#5285);
#5284 = CARTESIAN_POINT('',(0.,3.));
#5285 = VECTOR('',#5286,1.);
#5286 = DIRECTION('',(1.,0.));
#5287 = ( GEOMETRIC_REPRESENTATION_CONTEXT(2) 
PARAMETRIC_REPRESENTATION_CONTEXT() REPRESENTATION_CONTEXT('2D SPACE',''
  ) );
#5288 = PCURVE('',#3077,#5289);
#5289 = DEFINITIONAL_REPRESENTATION('',(#5290),#5294);
#5290 = CIRCLE('',#5291,1.65);
#5291 = AXIS2_PLACEMENT_2D('',#5292,#5293);
#5292 = CARTESIAN_POINT('',(157.64554266814,2.749802844085E-03));
#5293 = DIRECTION('',(0.99999999673,8.087627064654E-05));
#5294 = ( GEOMETRIC_REPRESENTATION_CONTEXT(2) 
PARAMETRIC_REPRESENTATION_CONTEXT() REPRESENTATION_CONTEXT('2D SPACE',''
  ) );
#5295 = ORIENTED_EDGE('',*,*,#4505,.F.);
#5296 = ORIENTED_EDGE('',*,*,#5198,.T.);
#5297 = ORIENTED_EDGE('',*,*,#3095,.F.);
#5298 = ORIENTED_EDGE('',*,*,#5299,.T.);
#5299 = EDGE_CURVE('',#3056,#5252,#5300,.T.);
#5300 = SURFACE_CURVE('',#5301,(#5306,#5313),.PCURVE_S1.);
#5301 = CIRCLE('',#5302,1.65);
#5302 = AXIS2_PLACEMENT_3D('',#5303,#5304,#5305);
#5303 = CARTESIAN_POINT('',(34.,0.,-18.));
#5304 = DIRECTION('',(0.,0.,1.));
#5305 = DIRECTION('',(1.,0.,-0.));
#5306 = PCURVE('',#3217,#5307);
#5307 = DEFINITIONAL_REPRESENTATION('',(#5308),#5312);
#5308 = LINE('',#5309,#5310);
#5309 = CARTESIAN_POINT('',(0.,3.));
#5310 = VECTOR('',#5311,1.);
#5311 = DIRECTION('',(1.,0.));
#5312 = ( GEOMETRIC_REPRESENTATION_CONTEXT(2) 
PARAMETRIC_REPRESENTATION_CONTEXT() REPRESENTATION_CONTEXT('2D SPACE',''
  ) );
#5313 = PCURVE('',#3077,#5314);
#5314 = DEFINITIONAL_REPRESENTATION('',(#5315),#5319);
#5315 = CIRCLE('',#5316,1.65);
#5316 = AXIS2_PLACEMENT_2D('',#5317,#5318);
#5317 = CARTESIAN_POINT('',(157.64554266814,2.749802844085E-03));
#5318 = DIRECTION('',(0.99999999673,8.087627064654E-05));
#5319 = ( GEOMETRIC_REPRESENTATION_CONTEXT(2) 
PARAMETRIC_REPRESENTATION_CONTEXT() REPRESENTATION_CONTEXT('2D SPACE',''
  ) );
#5320 = ORIENTED_EDGE('',*,*,#5251,.T.);
#5321 = ADVANCED_FACE('',(#5322),#3077,.F.);
#5322 = FACE_BOUND('',#5323,.F.);
#5323 = EDGE_LOOP('',(#5324,#5346,#5347,#5348,#5349));
#5324 = ORIENTED_EDGE('',*,*,#5325,.F.);
#5325 = EDGE_CURVE('',#4688,#2947,#5326,.T.);
#5326 = SURFACE_CURVE('',#5327,(#5332,#5339),.PCURVE_S1.);
#5327 = CIRCLE('',#5328,13.);
#5328 = AXIS2_PLACEMENT_3D('',#5329,#5330,#5331);
#5329 = CARTESIAN_POINT('',(112.44554237496,0.,-18.));
#5330 = DIRECTION('',(0.,0.,1.));
#5331 = DIRECTION('',(1.,0.,-0.));
#5332 = PCURVE('',#3077,#5333);
#5333 = DEFINITIONAL_REPRESENTATION('',(#5334),#5338);
#5334 = CIRCLE('',#5335,13.);
#5335 = AXIS2_PLACEMENT_2D('',#5336,#5337);
#5336 = CARTESIAN_POINT('',(236.09108478655,9.094185760218E-03));
#5337 = DIRECTION('',(0.99999999673,8.087627064654E-05));
#5338 = ( GEOMETRIC_REPRESENTATION_CONTEXT(2) 
PARAMETRIC_REPRESENTATION_CONTEXT() REPRESENTATION_CONTEXT('2D SPACE',''
  ) );
#5339 = PCURVE('',#3016,#5340);
#5340 = DEFINITIONAL_REPRESENTATION('',(#5341),#5345);
#5341 = LINE('',#5342,#5343);
#5342 = CARTESIAN_POINT('',(0.,1.));
#5343 = VECTOR('',#5344,1.);
#5344 = DIRECTION('',(1.,0.));
#5345 = ( GEOMETRIC_REPRESENTATION_CONTEXT(2) 
PARAMETRIC_REPRESENTATION_CONTEXT() REPRESENTATION_CONTEXT('2D SPACE',''
  ) );
#5346 = ORIENTED_EDGE('',*,*,#4687,.T.);
#5347 = ORIENTED_EDGE('',*,*,#5274,.F.);
#5348 = ORIENTED_EDGE('',*,*,#5299,.F.);
#5349 = ORIENTED_EDGE('',*,*,#3055,.T.);
#5350 = ADVANCED_FACE('',(#5351),#3016,.F.);
#5351 = FACE_BOUND('',#5352,.F.);
#5352 = EDGE_LOOP('',(#5353,#5378,#5405,#5406,#5490,#5685,#5769,#5907,
    #5908,#5909,#5910,#6050,#6134,#6329));
#5353 = ORIENTED_EDGE('',*,*,#5354,.T.);
#5354 = EDGE_CURVE('',#5355,#5357,#5359,.T.);
#5355 = VERTEX_POINT('',#5356);
#5356 = CARTESIAN_POINT('',(125.44554237496,-3.184081677783E-15,
    -14.61724224832));
#5357 = VERTEX_POINT('',#5358);
#5358 = CARTESIAN_POINT('',(125.44554237496,-3.184081677783E-15,-3.));
#5359 = SEAM_CURVE('',#5360,(#5364,#5371),.PCURVE_S1.);
#5360 = LINE('',#5361,#5362);
#5361 = CARTESIAN_POINT('',(125.44554237496,-3.184081677783E-15,-19.));
#5362 = VECTOR('',#5363,1.);
#5363 = DIRECTION('',(0.,0.,1.));
#5364 = PCURVE('',#3016,#5365);
#5365 = DEFINITIONAL_REPRESENTATION('',(#5366),#5370);
#5366 = LINE('',#5367,#5368);
#5367 = CARTESIAN_POINT('',(6.28318530718,-0.));
#5368 = VECTOR('',#5369,1.);
#5369 = DIRECTION('',(0.,1.));
#5370 = ( GEOMETRIC_REPRESENTATION_CONTEXT(2) 
PARAMETRIC_REPRESENTATION_CONTEXT() REPRESENTATION_CONTEXT('2D SPACE',''
  ) );
#5371 = PCURVE('',#3016,#5372);
#5372 = DEFINITIONAL_REPRESENTATION('',(#5373),#5377);
#5373 = LINE('',#5374,#5375);
#5374 = CARTESIAN_POINT('',(0.,-0.));
#5375 = VECTOR('',#5376,1.);
#5376 = DIRECTION('',(0.,1.));
#5377 = ( GEOMETRIC_REPRESENTATION_CONTEXT(2) 
PARAMETRIC_REPRESENTATION_CONTEXT() REPRESENTATION_CONTEXT('2D SPACE',''
  ) );
#5378 = ORIENTED_EDGE('',*,*,#5379,.F.);
#5379 = EDGE_CURVE('',#5357,#5357,#5380,.T.);
#5380 = SURFACE_CURVE('',#5381,(#5386,#5393),.PCURVE_S1.);
#5381 = CIRCLE('',#5382,13.);
#5382 = AXIS2_PLACEMENT_3D('',#5383,#5384,#5385);
#5383 = CARTESIAN_POINT('',(112.44554237496,0.,-3.));
#5384 = DIRECTION('',(0.,0.,1.));
#5385 = DIRECTION('',(1.,0.,-0.));
#5386 = PCURVE('',#3016,#5387);
#5387 = DEFINITIONAL_REPRESENTATION('',(#5388),#5392);
#5388 = LINE('',#5389,#5390);
#5389 = CARTESIAN_POINT('',(0.,16.));
#5390 = VECTOR('',#5391,1.);
#5391 = DIRECTION('',(1.,0.));
#5392 = ( GEOMETRIC_REPRESENTATION_CONTEXT(2) 
PARAMETRIC_REPRESENTATION_CONTEXT() REPRESENTATION_CONTEXT('2D SPACE',''
  ) );
#5393 = PCURVE('',#5394,#5399);
#5394 = PLANE('',#5395);
#5395 = AXIS2_PLACEMENT_3D('',#5396,#5397,#5398);
#5396 = CARTESIAN_POINT('',(112.44554237496,0.,-3.));
#5397 = DIRECTION('',(0.,0.,1.));
#5398 = DIRECTION('',(1.,0.,-0.));
#5399 = DEFINITIONAL_REPRESENTATION('',(#5400),#5404);
#5400 = CIRCLE('',#5401,13.);
#5401 = AXIS2_PLACEMENT_2D('',#5402,#5403);
#5402 = CARTESIAN_POINT('',(0.,0.));
#5403 = DIRECTION('',(1.,0.));
#5404 = ( GEOMETRIC_REPRESENTATION_CONTEXT(2) 
PARAMETRIC_REPRESENTATION_CONTEXT() REPRESENTATION_CONTEXT('2D SPACE',''
  ) );
#5405 = ORIENTED_EDGE('',*,*,#5354,.F.);
#5406 = ORIENTED_EDGE('',*,*,#5407,.F.);
#5407 = EDGE_CURVE('',#5408,#5355,#5410,.T.);
#5408 = VERTEX_POINT('',#5409);
#5409 = CARTESIAN_POINT('',(125.44553852882,9.999980739958E-03,
    -14.61725343828));
#5410 = SURFACE_CURVE('',#5411,(#5417,#5426),.PCURVE_S1.);
#5411 = B_SPLINE_CURVE_WITH_KNOTS('',4,(#5412,#5413,#5414,#5415,#5416),
  .UNSPECIFIED.,.F.,.F.,(5,5),(0.,1.),.PIECEWISE_BEZIER_KNOTS.);
#5412 = CARTESIAN_POINT('',(125.44553852882,9.999980739958E-03,
    -14.61725343828));
#5413 = CARTESIAN_POINT('',(125.44554045189,7.499985558511E-03,
    -14.61724784331));
#5414 = CARTESIAN_POINT('',(125.44554173394,4.999990373534E-03,
    -14.61724411331));
#5415 = CARTESIAN_POINT('',(125.44554237496,2.499995186756E-03,
    -14.61724224832));
#5416 = CARTESIAN_POINT('',(125.44554237496,-3.181347133733E-15,
    -14.61724224832));
#5417 = PCURVE('',#3016,#5418);
#5418 = DEFINITIONAL_REPRESENTATION('',(#5419),#5425);
#5419 = B_SPLINE_CURVE_WITH_KNOTS('',4,(#5420,#5421,#5422,#5423,#5424),
  .UNSPECIFIED.,.F.,.F.,(5,5),(0.,1.),.PIECEWISE_BEZIER_KNOTS.);
#5420 = CARTESIAN_POINT('',(7.692293635497E-04,4.382746561711));
#5421 = CARTESIAN_POINT('',(5.769219850045E-04,4.382752156689));
#5422 = CARTESIAN_POINT('',(3.846146441177E-04,4.382755886682));
#5423 = CARTESIAN_POINT('',(1.923073220584E-04,4.382757751679));
#5424 = CARTESIAN_POINT('',(0.,4.382757751679));
#5425 = ( GEOMETRIC_REPRESENTATION_CONTEXT(2) 
PARAMETRIC_REPRESENTATION_CONTEXT() REPRESENTATION_CONTEXT('2D SPACE',''
  ) );
#5426 = PCURVE('',#5427,#5482);
#5427 = ( BOUNDED_SURFACE() B_SPLINE_SURFACE(8,5,(
    (#5428,#5429,#5430,#5431,#5432,#5433)
    ,(#5434,#5435,#5436,#5437,#5438,#5439)
    ,(#5440,#5441,#5442,#5443,#5444,#5445)
    ,(#5446,#5447,#5448,#5449,#5450,#5451)
    ,(#5452,#5453,#5454,#5455,#5456,#5457)
    ,(#5458,#5459,#5460,#5461,#5462,#5463)
    ,(#5464,#5465,#5466,#5467,#5468,#5469)
    ,(#5470,#5471,#5472,#5473,#5474,#5475)
    ,(#5476,#5477,#5478,#5479,#5480,#5481
)),.UNSPECIFIED.,.F.,.F.,.F.) B_SPLINE_SURFACE_WITH_KNOTS((9,9),(6,6),(
    4.,5.),(0.,1.),.PIECEWISE_BEZIER_KNOTS.) 
GEOMETRIC_REPRESENTATION_ITEM() RATIONAL_B_SPLINE_SURFACE((
    (1.,1.,1.,1.,1.,1.)
    ,(1.,1.,1.,1.,1.,1.)
    ,(1.,1.,1.,1.,1.,1.)
    ,(1.,1.,1.,1.,1.,1.)
    ,(1.,1.,1.,1.,1.,1.)
    ,(1.,1.,1.,1.,1.,1.)
    ,(1.,1.,1.,1.,1.,1.)
    ,(1.,1.,1.,1.,1.,1.)
,(1.,1.,1.,1.,1.,1.))) REPRESENTATION_ITEM('') SURFACE() );
#5428 = CARTESIAN_POINT('',(127.44554237496,-1.000000002416E-02,0.));
#5429 = CARTESIAN_POINT('',(127.24289622019,-1.000000002416E-02,
    -3.594413271103));
#5430 = CARTESIAN_POINT('',(127.16310355547,-1.000000002416E-02,
    -7.739430269868));
#5431 = CARTESIAN_POINT('',(126.37337402952,-1.000000002416E-02,
    -10.830650802));
#5432 = CARTESIAN_POINT('',(126.0732027566,-1.000000002416E-02,
    -15.14684693069));
#5433 = CARTESIAN_POINT('',(123.64554237496,-1.000000002416E-02,-18.));
#5434 = CARTESIAN_POINT('',(127.44554237496,-7.500002428649E-03,0.));
#5435 = CARTESIAN_POINT('',(127.24289622019,-7.500002428649E-03,
    -3.594413271103));
#5436 = CARTESIAN_POINT('',(127.16310355547,-7.500002428649E-03,
    -7.739430269868));
#5437 = CARTESIAN_POINT('',(126.37337402952,-7.500002428649E-03,
    -10.830650802));
#5438 = CARTESIAN_POINT('',(126.0732027566,-7.500002428649E-03,
    -15.14684693069));
#5439 = CARTESIAN_POINT('',(123.64554237496,-7.500002428649E-03,-18.));
#5440 = CARTESIAN_POINT('',(127.44554237496,-5.000004833134E-03,0.));
#5441 = CARTESIAN_POINT('',(127.24289622019,-5.000004833133E-03,
    -3.594413271103));
#5442 = CARTESIAN_POINT('',(127.16310355547,-5.000004833134E-03,
    -7.739430269868));
#5443 = CARTESIAN_POINT('',(126.37337402952,-5.000004833133E-03,
    -10.830650802));
#5444 = CARTESIAN_POINT('',(126.0732027566,-5.000004833134E-03,
    -15.14684693069));
#5445 = CARTESIAN_POINT('',(123.64554237496,-5.000004833134E-03,-18.));
#5446 = CARTESIAN_POINT('',(127.44554237496,-2.500007237618E-03,0.));
#5447 = CARTESIAN_POINT('',(127.24289622019,-2.500007237618E-03,
    -3.594413271103));
#5448 = CARTESIAN_POINT('',(127.16310355547,-2.500007237618E-03,
    -7.739430269868));
#5449 = CARTESIAN_POINT('',(126.37337402952,-2.500007237618E-03,
    -10.830650802));
#5450 = CARTESIAN_POINT('',(126.0732027566,-2.500007237618E-03,
    -15.14684693069));
#5451 = CARTESIAN_POINT('',(123.64554237496,-2.500007237618E-03,-18.));
#5452 = CARTESIAN_POINT('',(127.44554237496,-9.642103074141E-09,0.));
#5453 = CARTESIAN_POINT('',(127.24289622019,-9.642103149419E-09,
    -3.594413271103));
#5454 = CARTESIAN_POINT('',(127.16310355547,-9.642103099009E-09,
    -7.739430269868));
#5455 = CARTESIAN_POINT('',(126.37337402952,-9.642103120957E-09,
    -10.830650802));
#5456 = CARTESIAN_POINT('',(126.0732027566,-9.642103114805E-09,
    -15.14684693069));
#5457 = CARTESIAN_POINT('',(123.64554237496,-9.642103115882E-09,-18.));
#5458 = CARTESIAN_POINT('',(127.44554237496,2.499987953412E-03,0.));
#5459 = CARTESIAN_POINT('',(127.24289622019,2.499987953412E-03,
    -3.594413271103));
#5460 = CARTESIAN_POINT('',(127.16310355547,2.499987953412E-03,
    -7.739430269868));
#5461 = CARTESIAN_POINT('',(126.37337402952,2.499987953412E-03,
    -10.830650802));
#5462 = CARTESIAN_POINT('',(126.0732027566,2.499987953412E-03,
    -15.14684693069));
#5463 = CARTESIAN_POINT('',(123.64554237496,2.499987953412E-03,-18.));
#5464 = CARTESIAN_POINT('',(127.44554237496,4.999985548927E-03,0.));
#5465 = CARTESIAN_POINT('',(127.24289622019,4.999985548927E-03,
    -3.594413271103));
#5466 = CARTESIAN_POINT('',(127.16310355547,4.999985548927E-03,
    -7.739430269868));
#5467 = CARTESIAN_POINT('',(126.37337402952,4.999985548927E-03,
    -10.830650802));
#5468 = CARTESIAN_POINT('',(126.0732027566,4.999985548927E-03,
    -15.14684693069));
#5469 = CARTESIAN_POINT('',(123.64554237496,4.999985548927E-03,-18.));
#5470 = CARTESIAN_POINT('',(127.44554237496,7.499983144443E-03,0.));
#5471 = CARTESIAN_POINT('',(127.24289622019,7.499983144442E-03,
    -3.594413271103));
#5472 = CARTESIAN_POINT('',(127.16310355547,7.499983144443E-03,
    -7.739430269868));
#5473 = CARTESIAN_POINT('',(126.37337402952,7.499983144442E-03,
    -10.830650802));
#5474 = CARTESIAN_POINT('',(126.0732027566,7.499983144443E-03,
    -15.14684693069));
#5475 = CARTESIAN_POINT('',(123.64554237496,7.499983144443E-03,-18.));
#5476 = CARTESIAN_POINT('',(127.44554237496,9.999980739959E-03,0.));
#5477 = CARTESIAN_POINT('',(127.24289622019,9.99998073996E-03,
    -3.594413271103));
#5478 = CARTESIAN_POINT('',(127.16310355548,9.999980739958E-03,
    -7.739430269868));
#5479 = CARTESIAN_POINT('',(126.37337402951,9.999980739956E-03,
    -10.830650802));
#5480 = CARTESIAN_POINT('',(126.0732027566,9.999980739959E-03,
    -15.14684693069));
#5481 = CARTESIAN_POINT('',(123.64554237496,9.999980739958E-03,-18.));
#5482 = DEFINITIONAL_REPRESENTATION('',(#5483),#5489);
#5483 = B_SPLINE_CURVE_WITH_KNOTS('',4,(#5484,#5485,#5486,#5487,#5488),
  .UNSPECIFIED.,.F.,.F.,(5,5),(0.,1.),.PIECEWISE_BEZIER_KNOTS.);
#5484 = CARTESIAN_POINT('',(5.,0.793055378726));
#5485 = CARTESIAN_POINT('',(4.875000120704,0.793055062033));
#5486 = CARTESIAN_POINT('',(4.75000024123,0.793054850903));
#5487 = CARTESIAN_POINT('',(4.625000361668,0.793054745338));
#5488 = CARTESIAN_POINT('',(4.500000482106,0.793054745338));
#5489 = ( GEOMETRIC_REPRESENTATION_CONTEXT(2) 
PARAMETRIC_REPRESENTATION_CONTEXT() REPRESENTATION_CONTEXT('2D SPACE',''
  ) );
#5490 = ORIENTED_EDGE('',*,*,#5491,.F.);
#5491 = EDGE_CURVE('',#5492,#5408,#5494,.T.);
#5492 = VERTEX_POINT('',#5493);
#5493 = CARTESIAN_POINT('',(112.45554237496,12.999996153846,
    -14.61725343862));
#5494 = SURFACE_CURVE('',#5495,(#5538,#5584),.PCURVE_S1.);
#5495 = B_SPLINE_CURVE_WITH_KNOTS('',6,(#5496,#5497,#5498,#5499,#5500,
    #5501,#5502,#5503,#5504,#5505,#5506,#5507,#5508,#5509,#5510,#5511,
    #5512,#5513,#5514,#5515,#5516,#5517,#5518,#5519,#5520,#5521,#5522,
    #5523,#5524,#5525,#5526,#5527,#5528,#5529,#5530,#5531,#5532,#5533,
    #5534,#5535,#5536,#5537),.UNSPECIFIED.,.F.,.F.,(7,5,5,5,5,5,5,5,7),(
    0.,0.117017262927,0.235021123736,0.311018248738,0.501749492003,
    0.675616248456,0.745612926791,0.851614209307,1.),.UNSPECIFIED.);
#5496 = CARTESIAN_POINT('',(112.45554237496,12.999996153846,
    -14.61725343862));
#5497 = CARTESIAN_POINT('',(112.85340587012,12.999690104913,
    -14.61814385311));
#5498 = CARTESIAN_POINT('',(113.25125937382,12.984772118862,
    -14.61900131236));
#5499 = CARTESIAN_POINT('',(113.64842964428,12.955242793009,
    -14.61982438231));
#5500 = CARTESIAN_POINT('',(114.04424723508,12.911143636588,
    -14.6206117028));
#5501 = CARTESIAN_POINT('',(114.4380464952,12.85255707075,
    -14.62136198757));
#5502 = CARTESIAN_POINT('',(115.22358225234,12.706040723716,
    -14.62279206436));
#5503 = CARTESIAN_POINT('',(115.61527564944,12.617867280462,
    -14.62347122009));
#5504 = CARTESIAN_POINT('',(116.00356701655,12.51521278276,
    -14.62411026824));
#5505 = CARTESIAN_POINT('',(116.387789227,12.398244788441,-14.6247081062
    ));
#5506 = CARTESIAN_POINT('',(116.76728677117,12.26717172921,
    -14.62526375195));
#5507 = CARTESIAN_POINT('',(117.38236318879,12.02890551079,
    -14.62610646486));
#5508 = CARTESIAN_POINT('',(117.62108451552,11.929821024023,
    -14.62641872911));
#5509 = CARTESIAN_POINT('',(117.8574081264,11.825055932143,
    -14.62671290714));
#5510 = CARTESIAN_POINT('',(118.09116545163,11.714683361528,
    -14.62698879051));
#5511 = CARTESIAN_POINT('',(118.32219096192,11.598783083131,
    -14.62724619205));
#5512 = CARTESIAN_POINT('',(119.1228668359,11.172908562986,
    -14.62808415012));
#5513 = CARTESIAN_POINT('',(119.67719323275,10.834096301614,
    -14.6285659102));
#5514 = CARTESIAN_POINT('',(120.21071070311,10.462379443563,
    -14.62892757161));
#5515 = CARTESIAN_POINT('',(120.72100856998,10.059377544037,
    -14.6291673977));
#5516 = CARTESIAN_POINT('',(121.20583849981,9.626928904613,
    -14.62928447949));
#5517 = CARTESIAN_POINT('',(122.07999607641,8.74795794475,
    -14.62927372243));
#5518 = CARTESIAN_POINT('',(122.47399016508,8.306047572689,
    -14.62916662224));
#5519 = CARTESIAN_POINT('',(122.84355385276,7.842956631422,
    -14.62895757314));
#5520 = CARTESIAN_POINT('',(123.18728342018,7.360379766461,
    -14.6286472187));
#5521 = CARTESIAN_POINT('',(123.50393514734,6.860132300194,
    -14.62823681548));
#5522 = CARTESIAN_POINT('',(123.90856931162,6.136420282193,
    -14.6275234713));
#5523 = CARTESIAN_POINT('',(124.02014891179,5.926140020163,
    -14.62730280359));
#5524 = CARTESIAN_POINT('',(124.12709489162,5.713433693941,
    -14.62706634177));
#5525 = CARTESIAN_POINT('',(124.22934182219,5.498429098967,
    -14.62681422198));
#5526 = CARTESIAN_POINT('',(124.32682899839,5.28125634077,
    -14.62654659571));
#5527 = CARTESIAN_POINT('',(124.55983983467,4.730083757452,
    -14.62583511296));
#5528 = CARTESIAN_POINT('',(124.68913546176,4.393450204252,
    -14.62537141658));
#5529 = CARTESIAN_POINT('',(124.807192634,4.052607853895,-14.62487312023
    ));
#5530 = CARTESIAN_POINT('',(124.91384295339,3.708026001116,
    -14.62434088304));
#5531 = CARTESIAN_POINT('',(125.00894431013,3.360182556862,
    -14.62377544363));
#5532 = CARTESIAN_POINT('',(125.20917948629,2.518751075174,
    -14.62234075745));
#5533 = CARTESIAN_POINT('',(125.30312105501,2.022495199071,
    -14.62144041049));
#5534 = CARTESIAN_POINT('',(125.37388750003,1.52213497118,
    -14.62047887869));
#5535 = CARTESIAN_POINT('',(125.4212662875,1.019021362852,
    -14.61945867947));
#5536 = CARTESIAN_POINT('',(125.44515043845,0.514517765598,
    -14.61838254824));
#5537 = CARTESIAN_POINT('',(125.44553852881,9.999991082777E-03,
    -14.61725343839));
#5538 = PCURVE('',#3016,#5539);
#5539 = DEFINITIONAL_REPRESENTATION('',(#5540),#5583);
#5540 = B_SPLINE_CURVE_WITH_KNOTS('',6,(#5541,#5542,#5543,#5544,#5545,
    #5546,#5547,#5548,#5549,#5550,#5551,#5552,#5553,#5554,#5555,#5556,
    #5557,#5558,#5559,#5560,#5561,#5562,#5563,#5564,#5565,#5566,#5567,
    #5568,#5569,#5570,#5571,#5572,#5573,#5574,#5575,#5576,#5577,#5578,
    #5579,#5580,#5581,#5582),.UNSPECIFIED.,.F.,.F.,(7,5,5,5,5,5,5,5,7),(
    0.,0.117017262927,0.235021123736,0.311018248738,0.501749492003,
    0.675616248456,0.745612926791,0.851614209307,1.),.UNSPECIFIED.);
#5541 = CARTESIAN_POINT('',(1.57002709595,4.382746561374));
#5542 = CARTESIAN_POINT('',(1.539422202652,4.381856146889));
#5543 = CARTESIAN_POINT('',(1.508817271317,4.380998687635));
#5544 = CARTESIAN_POINT('',(1.478212316306,4.380175617683));
#5545 = CARTESIAN_POINT('',(1.447607352079,4.379388297196));
#5546 = CARTESIAN_POINT('',(1.417002393193,4.378638012422));
#5547 = CARTESIAN_POINT('',(1.355534478549,4.377207935632));
#5548 = CARTESIAN_POINT('',(1.324671463773,4.376528779907));
#5549 = CARTESIAN_POINT('',(1.293808425295,4.375889731752));
#5550 = CARTESIAN_POINT('',(1.262945378531,4.375291893792));
#5551 = CARTESIAN_POINT('',(1.232082338995,4.374736248045));
#5552 = CARTESIAN_POINT('',(1.181342849434,4.373893535131));
#5553 = CARTESIAN_POINT('',(1.161466370251,4.373581270882));
#5554 = CARTESIAN_POINT('',(1.141589886575,4.373287092855));
#5555 = CARTESIAN_POINT('',(1.12171340024,4.373011209481));
#5556 = CARTESIAN_POINT('',(1.101836913096,4.372753807942));
#5557 = CARTESIAN_POINT('',(1.032076080675,4.371915849874));
#5558 = CARTESIAN_POINT('',(0.982190742525,4.371434089797));
#5559 = CARTESIAN_POINT('',(0.9323065338,4.371072428385));
#5560 = CARTESIAN_POINT('',(0.882422317499,4.370832602296));
#5561 = CARTESIAN_POINT('',(0.832536956843,4.370715520501));
#5562 = CARTESIAN_POINT('',(0.737178976163,4.370726277561));
#5563 = CARTESIAN_POINT('',(0.691704780217,4.370833377757));
#5564 = CARTESIAN_POINT('',(0.646231286193,4.371042426854));
#5565 = CARTESIAN_POINT('',(0.600757798137,4.371352781298));
#5566 = CARTESIAN_POINT('',(0.555283619908,4.371763184514));
#5567 = CARTESIAN_POINT('',(0.491502935592,4.372476528696));
#5568 = CARTESIAN_POINT('',(0.473195819789,4.372697196409));
#5569 = CARTESIAN_POINT('',(0.454888704852,4.372933658228));
#5570 = CARTESIAN_POINT('',(0.436581592035,4.373185778014));
#5571 = CARTESIAN_POINT('',(0.418274482581,4.373453404289));
#5572 = CARTESIAN_POINT('',(0.372243539398,4.374164887034));
#5573 = CARTESIAN_POINT('',(0.34451968899,4.374628583417));
#5574 = CARTESIAN_POINT('',(0.316795835748,4.375126879762));
#5575 = CARTESIAN_POINT('',(0.289071988856,4.375659116951));
#5576 = CARTESIAN_POINT('',(0.261348157434,4.376224556363));
#5577 = CARTESIAN_POINT('',(0.194815206834,4.377659242541));
#5578 = CARTESIAN_POINT('',(0.156005982259,4.378559589502));
#5579 = CARTESIAN_POINT('',(0.117196724696,4.379521121307));
#5580 = CARTESIAN_POINT('',(7.838748184395E-02,4.380541320526));
#5581 = CARTESIAN_POINT('',(3.957830121917E-02,4.381617451752));
#5582 = CARTESIAN_POINT('',(7.692301591514E-04,4.382746561603));
#5583 = ( GEOMETRIC_REPRESENTATION_CONTEXT(2) 
PARAMETRIC_REPRESENTATION_CONTEXT() REPRESENTATION_CONTEXT('2D SPACE',''
  ) );
#5584 = PCURVE('',#5585,#5640);
#5585 = ( BOUNDED_SURFACE() B_SPLINE_SURFACE(8,5,(
    (#5586,#5587,#5588,#5589,#5590,#5591)
    ,(#5592,#5593,#5594,#5595,#5596,#5597)
    ,(#5598,#5599,#5600,#5601,#5602,#5603)
    ,(#5604,#5605,#5606,#5607,#5608,#5609)
    ,(#5610,#5611,#5612,#5613,#5614,#5615)
    ,(#5616,#5617,#5618,#5619,#5620,#5621)
    ,(#5622,#5623,#5624,#5625,#5626,#5627)
    ,(#5628,#5629,#5630,#5631,#5632,#5633)
    ,(#5634,#5635,#5636,#5637,#5638,#5639
)),.UNSPECIFIED.,.F.,.F.,.F.) B_SPLINE_SURFACE_WITH_KNOTS((9,9),(6,6),(
    5.,6.),(0.,1.),.PIECEWISE_BEZIER_KNOTS.) 
GEOMETRIC_REPRESENTATION_ITEM() RATIONAL_B_SPLINE_SURFACE((
    (1.,1.,1.,1.,1.,1.)
    ,(1.,1.,1.,1.,1.,1.)
    ,(1.,1.,1.,1.,1.,1.)
    ,(1.,1.,1.,1.,1.,1.)
    ,(1.,1.,1.,1.,1.,1.)
    ,(1.,1.,1.,1.,1.,1.)
    ,(1.,1.,1.,1.,1.,1.)
    ,(1.,1.,1.,1.,1.,1.)
,(1.,1.,1.,1.,1.,1.))) REPRESENTATION_ITEM('') SURFACE() );
#5586 = CARTESIAN_POINT('',(127.44554237496,9.999991082778E-03,0.));
#5587 = CARTESIAN_POINT('',(127.24289621783,9.999991082772E-03,
    -3.594413273843));
#5588 = CARTESIAN_POINT('',(127.16310356021,9.999991082792E-03,
    -7.739430263657));
#5589 = CARTESIAN_POINT('',(126.37337402509,9.999991082771E-03,
    -10.83065080678));
#5590 = CARTESIAN_POINT('',(126.07320275932,9.999991082778E-03,
    -15.14684692625));
#5591 = CARTESIAN_POINT('',(123.64554237496,9.999991082777E-03,-18.));
#5592 = CARTESIAN_POINT('',(127.44554237496,2.953279608415,0.));
#5593 = CARTESIAN_POINT('',(127.24289621783,2.913490128508,
    -3.594413273843));
#5594 = CARTESIAN_POINT('',(127.16310356021,2.897822876821,
    -7.739430263657));
#5595 = CARTESIAN_POINT('',(126.37337402509,2.742759845203,
    -10.83065080678));
#5596 = CARTESIAN_POINT('',(126.07320275932,2.683821354995,
    -15.14684692625));
#5597 = CARTESIAN_POINT('',(123.64554237496,2.207151353187,-18.));
#5598 = CARTESIAN_POINT('',(126.78507114843,5.896560152211,0.));
#5599 = CARTESIAN_POINT('',(126.59135374087,5.816981179875,
    -3.594413273843));
#5600 = CARTESIAN_POINT('',(126.51507681069,5.785646671564,
    -7.739430263657));
#5601 = CARTESIAN_POINT('',(125.76014338195,5.475520559525,
    -10.83065080678));
#5602 = CARTESIAN_POINT('',(125.47319789898,5.357643560552,
    -15.14684692625));
#5603 = CARTESIAN_POINT('',(123.15250214648,4.404303406895,-18.));
#5604 = CARTESIAN_POINT('',(125.46413518237,8.666923373765,0.));
#5605 = CARTESIAN_POINT('',(125.28827518624,8.549892536135,
    -3.594413273843));
#5606 = CARTESIAN_POINT('',(125.21902967643,8.503811220361,
    -7.739430263657));
#5607 = CARTESIAN_POINT('',(124.5336881187,8.047731962274,
    -10.83065080678));
#5608 = CARTESIAN_POINT('',(124.27319407141,7.874379083732,
    -15.14684692625));
#5609 = CARTESIAN_POINT('',(122.16642653206,6.472373083292,-18.));
#5610 = CARTESIAN_POINT('',(123.5370311241,11.091488740224,0.));
#5611 = CARTESIAN_POINT('',(123.38722317812,10.941680794247,
    -3.594413273843));
#5612 = CARTESIAN_POINT('',(123.32823575733,10.882693373442,
    -7.739430263657));
#5613 = CARTESIAN_POINT('',(122.74442128378,10.298878899914,
    -10.83065080678));
#5614 = CARTESIAN_POINT('',(122.52251704734,10.076974663458,
    -15.14684692625));
#5615 = CARTESIAN_POINT('',(120.72784785214,8.28230546826,-18.));
#5616 = CARTESIAN_POINT('',(121.11246575764,13.018592798495,0.));
#5617 = CARTESIAN_POINT('',(120.99543492002,12.842732802359,
    -3.594413273843));
#5618 = CARTESIAN_POINT('',(120.94935360423,12.773487292557,
    -7.739430263657));
#5619 = CARTESIAN_POINT('',(120.49327434616,12.088145734815,
    -10.83065080678));
#5620 = CARTESIAN_POINT('',(120.31992146761,11.827651687533,
    -15.14684692625));
#5621 = CARTESIAN_POINT('',(118.91791546717,9.720884148184,-18.));
#5622 = CARTESIAN_POINT('',(118.34210253609,14.339528764554,0.));
#5623 = CARTESIAN_POINT('',(118.26252356375,14.145811356993,
    -3.594413273843));
#5624 = CARTESIAN_POINT('',(118.23118905545,14.069534426814,
    -7.739430263657));
#5625 = CARTESIAN_POINT('',(117.9210629434,13.314600998077,
    -10.83065080678));
#5626 = CARTESIAN_POINT('',(117.80318594443,13.027655515103,
    -15.14684692625));
#5627 = CARTESIAN_POINT('',(116.84984579077,10.706959762607,-18.));
#5628 = CARTESIAN_POINT('',(115.39882199229,14.999999991083,0.));
#5629 = CARTESIAN_POINT('',(115.35903251239,14.797353833956,
    -3.594413273843));
#5630 = CARTESIAN_POINT('',(115.3433652607,14.717561176334,
    -7.739430263657));
#5631 = CARTESIAN_POINT('',(115.18830222908,13.927831641208,
    -10.83065080678));
#5632 = CARTESIAN_POINT('',(115.12936373887,13.627660375443,
    -15.14684692625));
#5633 = CARTESIAN_POINT('',(114.65269373706,11.199999991083,-18.));
#5634 = CARTESIAN_POINT('',(112.45554237496,15.000000000072,0.));
#5635 = CARTESIAN_POINT('',(112.45554237496,14.797353842946,
    -3.594413273843));
#5636 = CARTESIAN_POINT('',(112.45554237496,14.717561185322,
    -7.739430263657));
#5637 = CARTESIAN_POINT('',(112.45554237496,13.927831650198,
    -10.83065080678));
#5638 = CARTESIAN_POINT('',(112.45554237496,13.627660384432,
    -15.14684692625));
#5639 = CARTESIAN_POINT('',(112.45554237496,11.200000000072,-18.));
#5640 = DEFINITIONAL_REPRESENTATION('',(#5641),#5684);
#5641 = B_SPLINE_CURVE_WITH_KNOTS('',6,(#5642,#5643,#5644,#5645,#5646,
    #5647,#5648,#5649,#5650,#5651,#5652,#5653,#5654,#5655,#5656,#5657,
    #5658,#5659,#5660,#5661,#5662,#5663,#5664,#5665,#5666,#5667,#5668,
    #5669,#5670,#5671,#5672,#5673,#5674,#5675,#5676,#5677,#5678,#5679,
    #5680,#5681,#5682,#5683),.UNSPECIFIED.,.F.,.F.,(7,5,5,5,5,5,5,5,7),(
    0.,0.117017262927,0.235021123736,0.311018248738,0.501749492003,
    0.675616248456,0.745612926791,0.851614209307,1.),.UNSPECIFIED.);
#5642 = CARTESIAN_POINT('',(6.,0.793055378809));
#5643 = CARTESIAN_POINT('',(5.980501320807,0.793105779125));
#5644 = CARTESIAN_POINT('',(5.96100206655,0.793154315292));
#5645 = CARTESIAN_POINT('',(5.941502270793,0.793200905965));
#5646 = CARTESIAN_POINT('',(5.922001969047,0.793245473984));
#5647 = CARTESIAN_POINT('',(5.902501198777,0.793287946376));
#5648 = CARTESIAN_POINT('',(5.863334381185,0.793368902171));
#5649 = CARTESIAN_POINT('',(5.843668288591,0.793407349569));
#5650 = CARTESIAN_POINT('',(5.824001762017,0.793443527135));
#5651 = CARTESIAN_POINT('',(5.80433484296,0.793477372296));
#5652 = CARTESIAN_POINT('',(5.784667574016,0.793508829315));
#5653 = CARTESIAN_POINT('',(5.752333640706,0.793556538811));
#5654 = CARTESIAN_POINT('',(5.739667145452,0.793574217563));
#5655 = CARTESIAN_POINT('',(5.727000523262,0.793590872512));
#5656 = CARTESIAN_POINT('',(5.71433378442,0.793606491827));
#5657 = CARTESIAN_POINT('',(5.701666939351,0.793621064882));
#5658 = CARTESIAN_POINT('',(5.657209567669,0.793668507034));
#5659 = CARTESIAN_POINT('',(5.625417897842,0.793695783101));
#5660 = CARTESIAN_POINT('',(5.593626489026,0.793716259765));
#5661 = CARTESIAN_POINT('',(5.561834769411,0.793729838409));
#5662 = CARTESIAN_POINT('',(5.530042170381,0.793736467428));
#5663 = CARTESIAN_POINT('',(5.469269281122,0.793735858377));
#5664 = CARTESIAN_POINT('',(5.440287985556,0.793729794504));
#5665 = CARTESIAN_POINT('',(5.411307260159,0.793717958419));
#5666 = CARTESIAN_POINT('',(5.382326779272,0.793700386666));
#5667 = CARTESIAN_POINT('',(5.353346215352,0.793677150592));
#5668 = CARTESIAN_POINT('',(5.312699626068,0.793636763403));
#5669 = CARTESIAN_POINT('',(5.301032818628,0.793624269992));
#5670 = CARTESIAN_POINT('',(5.289366095227,0.793610882454));
#5671 = CARTESIAN_POINT('',(5.277699463947,0.793596608519));
#5672 = CARTESIAN_POINT('',(5.266032932773,0.793581456787));
#5673 = CARTESIAN_POINT('',(5.236699159538,0.793541176331));
#5674 = CARTESIAN_POINT('',(5.219032042709,0.793514924535));
#5675 = CARTESIAN_POINT('',(5.201365189714,0.793486714242));
#5676 = CARTESIAN_POINT('',(5.183698630508,0.793456582864));
#5677 = CARTESIAN_POINT('',(5.166032394398,0.793424572319));
#5678 = CARTESIAN_POINT('',(5.123636939267,0.793343353551));
#5679 = CARTESIAN_POINT('',(5.098907975205,0.793292385246));
#5680 = CARTESIAN_POINT('',(5.07417971199,0.793237954612));
#5681 = CARTESIAN_POINT('',(5.049452239171,0.793180204482));
#5682 = CARTESIAN_POINT('',(5.024725641714,0.793119290036));
#5683 = CARTESIAN_POINT('',(5.,0.793055378796));
#5684 = ( GEOMETRIC_REPRESENTATION_CONTEXT(2) 
PARAMETRIC_REPRESENTATION_CONTEXT() REPRESENTATION_CONTEXT('2D SPACE',''
  ) );
#5685 = ORIENTED_EDGE('',*,*,#5686,.F.);
#5686 = EDGE_CURVE('',#5687,#5492,#5689,.T.);
#5687 = VERTEX_POINT('',#5688);
#5688 = CARTESIAN_POINT('',(112.43554237496,12.999996153846,
    -14.61725341247));
#5689 = SURFACE_CURVE('',#5690,(#5696,#5705),.PCURVE_S1.);
#5690 = B_SPLINE_CURVE_WITH_KNOTS('',4,(#5691,#5692,#5693,#5694,#5695),
  .UNSPECIFIED.,.F.,.F.,(5,5),(0.,1.),.PIECEWISE_BEZIER_KNOTS.);
#5691 = CARTESIAN_POINT('',(112.43554237496,12.999996153846,
    -14.61725341247));
#5692 = CARTESIAN_POINT('',(112.44054237495,13.000000000001,
    -14.61724227477));
#5693 = CARTESIAN_POINT('',(112.44554237496,13.000001282051,
    -14.61723850466));
#5694 = CARTESIAN_POINT('',(112.45054237497,13.000000000001,
    -14.61724224862));
#5695 = CARTESIAN_POINT('',(112.45554237496,12.999996153846,
    -14.61725343862));
#5696 = PCURVE('',#3016,#5697);
#5697 = DEFINITIONAL_REPRESENTATION('',(#5698),#5704);
#5698 = B_SPLINE_CURVE_WITH_KNOTS('',4,(#5699,#5700,#5701,#5702,#5703),
  .UNSPECIFIED.,.F.,.F.,(5,5),(0.,1.),.PIECEWISE_BEZIER_KNOTS.);
#5699 = CARTESIAN_POINT('',(1.57156555764,4.382746587527));
#5700 = CARTESIAN_POINT('',(1.571180942142,4.382757725222));
#5701 = CARTESIAN_POINT('',(1.570796326795,4.382761495332));
#5702 = CARTESIAN_POINT('',(1.570411711448,4.382757751375));
#5703 = CARTESIAN_POINT('',(1.57002709595,4.382746561374));
#5704 = ( GEOMETRIC_REPRESENTATION_CONTEXT(2) 
PARAMETRIC_REPRESENTATION_CONTEXT() REPRESENTATION_CONTEXT('2D SPACE',''
  ) );
#5705 = PCURVE('',#5706,#5761);
#5706 = ( BOUNDED_SURFACE() B_SPLINE_SURFACE(8,5,(
    (#5707,#5708,#5709,#5710,#5711,#5712)
    ,(#5713,#5714,#5715,#5716,#5717,#5718)
    ,(#5719,#5720,#5721,#5722,#5723,#5724)
    ,(#5725,#5726,#5727,#5728,#5729,#5730)
    ,(#5731,#5732,#5733,#5734,#5735,#5736)
    ,(#5737,#5738,#5739,#5740,#5741,#5742)
    ,(#5743,#5744,#5745,#5746,#5747,#5748)
    ,(#5749,#5750,#5751,#5752,#5753,#5754)
    ,(#5755,#5756,#5757,#5758,#5759,#5760
)),.UNSPECIFIED.,.F.,.F.,.F.) B_SPLINE_SURFACE_WITH_KNOTS((9,9),(6,6),(
    6.,7.),(0.,1.),.PIECEWISE_BEZIER_KNOTS.) 
GEOMETRIC_REPRESENTATION_ITEM() RATIONAL_B_SPLINE_SURFACE((
    (1.,1.,1.,1.,1.,1.)
    ,(1.,1.,1.,1.,1.,1.)
    ,(1.,1.,1.,1.,1.,1.)
    ,(1.,1.,1.,1.,1.,1.)
    ,(1.,1.,1.,1.,1.,1.)
    ,(1.,1.,1.,1.,1.,1.)
    ,(1.,1.,1.,1.,1.,1.)
    ,(1.,1.,1.,1.,1.,1.)
,(1.,1.,1.,1.,1.,1.))) REPRESENTATION_ITEM('') SURFACE() );
#5707 = CARTESIAN_POINT('',(112.45554237496,15.000000000072,0.));
#5708 = CARTESIAN_POINT('',(112.45554237496,14.797353842946,
    -3.594413273843));
#5709 = CARTESIAN_POINT('',(112.45554237496,14.717561185322,
    -7.739430263657));
#5710 = CARTESIAN_POINT('',(112.45554237496,13.927831650198,
    -10.83065080678));
#5711 = CARTESIAN_POINT('',(112.45554237496,13.627660384432,
    -15.14684692625));
#5712 = CARTESIAN_POINT('',(112.45554237496,11.200000000072,-18.));
#5713 = CARTESIAN_POINT('',(112.45304237496,15.000000000072,0.));
#5714 = CARTESIAN_POINT('',(112.45304237496,14.797353842946,
    -3.594413273843));
#5715 = CARTESIAN_POINT('',(112.45304237496,14.717561185322,
    -7.739430263657));
#5716 = CARTESIAN_POINT('',(112.45304237496,13.927831650198,
    -10.83065080678));
#5717 = CARTESIAN_POINT('',(112.45304237496,13.627660384432,
    -15.14684692625));
#5718 = CARTESIAN_POINT('',(112.45304237496,11.200000000072,-18.));
#5719 = CARTESIAN_POINT('',(112.45054237496,15.000000000072,0.));
#5720 = CARTESIAN_POINT('',(112.45054237496,14.797353842946,
    -3.594413273843));
#5721 = CARTESIAN_POINT('',(112.45054237496,14.717561185322,
    -7.739430263657));
#5722 = CARTESIAN_POINT('',(112.45054237496,13.927831650198,
    -10.83065080678));
#5723 = CARTESIAN_POINT('',(112.45054237496,13.627660384432,
    -15.14684692625));
#5724 = CARTESIAN_POINT('',(112.45054237496,11.200000000072,-18.));
#5725 = CARTESIAN_POINT('',(112.44804237496,15.000000000072,0.));
#5726 = CARTESIAN_POINT('',(112.44804237496,14.797353842946,
    -3.594413273843));
#5727 = CARTESIAN_POINT('',(112.44804237496,14.717561185322,
    -7.739430263657));
#5728 = CARTESIAN_POINT('',(112.44804237496,13.927831650198,
    -10.83065080678));
#5729 = CARTESIAN_POINT('',(112.44804237496,13.627660384432,
    -15.14684692625));
#5730 = CARTESIAN_POINT('',(112.44804237496,11.200000000072,-18.));
#5731 = CARTESIAN_POINT('',(112.44554237496,15.000000000072,0.));
#5732 = CARTESIAN_POINT('',(112.44554237496,14.797353842946,
    -3.594413273843));
#5733 = CARTESIAN_POINT('',(112.44554237496,14.717561185322,
    -7.739430263657));
#5734 = CARTESIAN_POINT('',(112.44554237496,13.927831650198,
    -10.83065080678));
#5735 = CARTESIAN_POINT('',(112.44554237496,13.627660384432,
    -15.14684692625));
#5736 = CARTESIAN_POINT('',(112.44554237496,11.200000000072,-18.));
#5737 = CARTESIAN_POINT('',(112.44304237496,15.000000000072,0.));
#5738 = CARTESIAN_POINT('',(112.44304237496,14.797353842946,
    -3.594413273843));
#5739 = CARTESIAN_POINT('',(112.44304237496,14.717561185322,
    -7.739430263657));
#5740 = CARTESIAN_POINT('',(112.44304237496,13.927831650198,
    -10.83065080678));
#5741 = CARTESIAN_POINT('',(112.44304237496,13.627660384432,
    -15.14684692625));
#5742 = CARTESIAN_POINT('',(112.44304237496,11.200000000072,-18.));
#5743 = CARTESIAN_POINT('',(112.44054237496,15.000000000072,0.));
#5744 = CARTESIAN_POINT('',(112.44054237496,14.797353842946,
    -3.594413273843));
#5745 = CARTESIAN_POINT('',(112.44054237496,14.717561185322,
    -7.739430263657));
#5746 = CARTESIAN_POINT('',(112.44054237496,13.927831650198,
    -10.83065080678));
#5747 = CARTESIAN_POINT('',(112.44054237496,13.627660384432,
    -15.14684692625));
#5748 = CARTESIAN_POINT('',(112.44054237496,11.200000000072,-18.));
#5749 = CARTESIAN_POINT('',(112.43804237496,15.000000000072,0.));
#5750 = CARTESIAN_POINT('',(112.43804237496,14.797353842946,
    -3.594413273843));
#5751 = CARTESIAN_POINT('',(112.43804237496,14.717561185322,
    -7.739430263657));
#5752 = CARTESIAN_POINT('',(112.43804237496,13.927831650198,
    -10.83065080678));
#5753 = CARTESIAN_POINT('',(112.43804237496,13.627660384432,
    -15.14684692625));
#5754 = CARTESIAN_POINT('',(112.43804237496,11.200000000072,-18.));
#5755 = CARTESIAN_POINT('',(112.43554237496,14.999999991083,0.));
#5756 = CARTESIAN_POINT('',(112.43554237496,14.797353833957,
    -3.594413273843));
#5757 = CARTESIAN_POINT('',(112.43554237496,14.717561176333,
    -7.739430263657));
#5758 = CARTESIAN_POINT('',(112.43554237496,13.927831641208,
    -10.83065080678));
#5759 = CARTESIAN_POINT('',(112.43554237496,13.627660375443,
    -15.14684692625));
#5760 = CARTESIAN_POINT('',(112.43554237496,11.199999991083,-18.));
#5761 = DEFINITIONAL_REPRESENTATION('',(#5762),#5768);
#5762 = B_SPLINE_CURVE_WITH_KNOTS('',4,(#5763,#5764,#5765,#5766,#5767),
  .UNSPECIFIED.,.F.,.F.,(5,5),(0.,1.),.PIECEWISE_BEZIER_KNOTS.);
#5763 = CARTESIAN_POINT('',(7.,0.793055377329));
#5764 = CARTESIAN_POINT('',(6.750000000348,0.793054746899));
#5765 = CARTESIAN_POINT('',(6.500000000006,0.793054533499));
#5766 = CARTESIAN_POINT('',(6.249999999642,0.793054745419));
#5767 = CARTESIAN_POINT('',(6.,0.793055378809));
#5768 = ( GEOMETRIC_REPRESENTATION_CONTEXT(2) 
PARAMETRIC_REPRESENTATION_CONTEXT() REPRESENTATION_CONTEXT('2D SPACE',''
  ) );
#5769 = ORIENTED_EDGE('',*,*,#5770,.F.);
#5770 = EDGE_CURVE('',#3706,#5687,#5771,.T.);
#5771 = SURFACE_CURVE('',#5772,(#5815,#5861),.PCURVE_S1.);
#5772 = B_SPLINE_CURVE_WITH_KNOTS('',6,(#5773,#5774,#5775,#5776,#5777,
    #5778,#5779,#5780,#5781,#5782,#5783,#5784,#5785,#5786,#5787,#5788,
    #5789,#5790,#5791,#5792,#5793,#5794,#5795,#5796,#5797,#5798,#5799,
    #5800,#5801,#5802,#5803,#5804,#5805,#5806,#5807,#5808,#5809,#5810,
    #5811,#5812,#5813,#5814),.UNSPECIFIED.,.F.,.F.,(7,5,5,5,5,5,5,5,7),(
    0.,0.102012617417,0.211015838506,0.281013641345,0.480188444045,
    0.680318498478,0.750316390399,0.860319874095,1.),.UNSPECIFIED.);
#5773 = CARTESIAN_POINT('',(99.470860413578,0.81094266189,
    -14.61899032792));
#5774 = CARTESIAN_POINT('',(99.49164678332,1.14351430869,-14.61968841039
    ));
#5775 = CARTESIAN_POINT('',(99.522662718528,1.47544713807,
    -14.62036206611));
#5776 = CARTESIAN_POINT('',(99.563883550268,1.806346833891,
    -14.62101048458));
#5777 = CARTESIAN_POINT('',(99.615264592959,2.135821885215,
    -14.62163290194));
#5778 = CARTESIAN_POINT('',(99.676741144366,2.463483586306,
    -14.62222860096));
#5779 = CARTESIAN_POINT('',(99.824614629406,3.136711404557,
    -14.62340416558));
#5780 = CARTESIAN_POINT('',(99.912430847696,3.481966928678,
    -14.62398015244));
#5781 = CARTESIAN_POINT('',(100.01157365868,3.824241662665,
    -14.62452405928));
#5782 = CARTESIAN_POINT('',(100.12191439332,4.163072404898,
    -14.62503514919));
#5783 = CARTESIAN_POINT('',(100.24329919537,4.498003698466,
    -14.62551276066));
#5784 = CARTESIAN_POINT('',(100.46047492673,5.04087663063,
    -14.62624113689));
#5785 = CARTESIAN_POINT('',(100.54988139079,5.251373095731,
    -14.62651191914));
#5786 = CARTESIAN_POINT('',(100.64372106671,5.459958876918,
    -14.6267684993));
#5787 = CARTESIAN_POINT('',(100.74194254195,5.666517505328,
    -14.6270107353));
#5788 = CARTESIAN_POINT('',(100.84449033817,5.870934392794,
    -14.62723849815));
#5789 = CARTESIAN_POINT('',(101.25523975876,6.6483386577,-14.62805824566
    ));
#5790 = CARTESIAN_POINT('',(101.59372710137,7.205339221945,
    -14.62854671002));
#5791 = CARTESIAN_POINT('',(101.96538596661,7.741478589475,
    -14.62891436048));
#5792 = CARTESIAN_POINT('',(102.36858685749,8.254318631029,
    -14.62915942249));
#5793 = CARTESIAN_POINT('',(102.80147839683,8.741585106135,
    -14.62928095864));
#5794 = CARTESIAN_POINT('',(103.72465483318,9.662994905582,
    -14.62927700807));
#5795 = CARTESIAN_POINT('',(104.2152237294,10.096890900042,
    -14.62915033374));
#5796 = CARTESIAN_POINT('',(104.73154444393,10.500751131409,
    -14.62889896348));
#5797 = CARTESIAN_POINT('',(105.27130528619,10.872703090634,
    -14.62852387089));
#5798 = CARTESIAN_POINT('',(105.8320282115,11.211100741012,
    -14.62802688127));
#5799 = CARTESIAN_POINT('',(106.61357044706,11.620687697769,
    -14.62719527511));
#5800 = CARTESIAN_POINT('',(106.81833056019,11.722549086804,
    -14.62696520777));
#5801 = CARTESIAN_POINT('',(107.02521788959,11.820076981147,
    -14.62672068333));
#5802 = CARTESIAN_POINT('',(107.23411766112,11.913216287125,
    -14.62646183202));
#5803 = CARTESIAN_POINT('',(107.44491323364,12.00191598314,
    -14.62618879714));
#5804 = CARTESIAN_POINT('',(107.9915498125,12.218472225111,
    -14.62545060944));
#5805 = CARTESIAN_POINT('',(108.330003695,12.339735198147,
    -14.62496484017));
#5806 = CARTESIAN_POINT('',(108.67238695535,12.449735557759,
    -14.62444503443));
#5807 = CARTESIAN_POINT('',(109.01823087692,12.54831698052,
    -14.62389187759));
#5808 = CARTESIAN_POINT('',(109.36705881755,12.635349300602,
    -14.62330613316));
#5809 = CARTESIAN_POINT('',(110.16449439343,12.806443455093,
    -14.62190456627));
#5810 = CARTESIAN_POINT('',(110.61463581271,12.883370261716,
    -14.62106928699));
#5811 = CARTESIAN_POINT('',(111.0678165335,12.941295924953,
    -14.62018456474));
#5812 = CARTESIAN_POINT('',(111.52303510254,12.980078116541,
    -14.61925229765));
#5813 = CARTESIAN_POINT('',(111.9792825471,12.999645184643,
    -14.61827452204));
#5814 = CARTESIAN_POINT('',(112.43554237496,12.999996153846,
    -14.61725341247));
#5815 = PCURVE('',#3016,#5816);
#5816 = DEFINITIONAL_REPRESENTATION('',(#5817),#5860);
#5817 = B_SPLINE_CURVE_WITH_KNOTS('',6,(#5818,#5819,#5820,#5821,#5822,
    #5823,#5824,#5825,#5826,#5827,#5828,#5829,#5830,#5831,#5832,#5833,
    #5834,#5835,#5836,#5837,#5838,#5839,#5840,#5841,#5842,#5843,#5844,
    #5845,#5846,#5847,#5848,#5849,#5850,#5851,#5852,#5853,#5854,#5855,
    #5856,#5857,#5858,#5859),.UNSPECIFIED.,.F.,.F.,(7,5,5,5,5,5,5,5,7),(
    0.,0.102012617417,0.211015838506,0.281013641345,0.480188444045,
    0.680318498478,0.750316390399,0.860319874095,1.),.UNSPECIFIED.);
#5818 = CARTESIAN_POINT('',(3.079171921244,4.38100967208));
#5819 = CARTESIAN_POINT('',(3.053539566803,4.380311589606));
#5820 = CARTESIAN_POINT('',(3.027907194025,4.379637933889));
#5821 = CARTESIAN_POINT('',(3.002274808875,4.378989515419));
#5822 = CARTESIAN_POINT('',(2.976642417368,4.378367098057));
#5823 = CARTESIAN_POINT('',(2.951010025572,4.37777139904));
#5824 = CARTESIAN_POINT('',(2.897988746889,4.376595834412));
#5825 = CARTESIAN_POINT('',(2.870599830742,4.376019847553));
#5826 = CARTESIAN_POINT('',(2.843210899674,4.375475940714));
#5827 = CARTESIAN_POINT('',(2.815821962255,4.374964850804));
#5828 = CARTESIAN_POINT('',(2.788433027114,4.374487239332));
#5829 = CARTESIAN_POINT('',(2.743455957429,4.37375886311));
#5830 = CARTESIAN_POINT('',(2.725867807816,4.373488080851));
#5831 = CARTESIAN_POINT('',(2.708279655119,4.373231500698));
#5832 = CARTESIAN_POINT('',(2.690691500361,4.372989264691));
#5833 = CARTESIAN_POINT('',(2.673103344574,4.372761501841));
#5834 = CARTESIAN_POINT('',(2.605469082853,4.371941754332));
#5835 = CARTESIAN_POINT('',(2.555421968995,4.371453289977));
#5836 = CARTESIAN_POINT('',(2.505376002889,4.371085639512));
#5837 = CARTESIAN_POINT('',(2.455330029066,4.370840577506));
#5838 = CARTESIAN_POINT('',(2.40528289225,4.370719041353));
#5839 = CARTESIAN_POINT('',(2.304950581941,4.370722991926));
#5840 = CARTESIAN_POINT('',(2.254663397278,4.370849666255));
#5841 = CARTESIAN_POINT('',(2.204377403599,4.371101036516));
#5842 = CARTESIAN_POINT('',(2.154091417989,4.371476129106));
#5843 = CARTESIAN_POINT('',(2.103804257007,4.371973118721));
#5844 = CARTESIAN_POINT('',(2.035929950048,4.372804724888));
#5845 = CARTESIAN_POINT('',(2.018341772058,4.373034792221));
#5846 = CARTESIAN_POINT('',(2.000753595113,4.373279316668));
#5847 = CARTESIAN_POINT('',(1.983165420246,4.373538167974));
#5848 = CARTESIAN_POINT('',(1.965577248477,4.373811202857));
#5849 = CARTESIAN_POINT('',(1.920348823938,4.374549390552));
#5850 = CARTESIAN_POINT('',(1.892708555449,4.375035159826));
#5851 = CARTESIAN_POINT('',(1.865068284441,4.37555496557));
#5852 = CARTESIAN_POINT('',(1.837428019936,4.376108122404));
#5853 = CARTESIAN_POINT('',(1.809787770892,4.376693866839));
#5854 = CARTESIAN_POINT('',(1.747050566233,4.378095433721));
#5855 = CARTESIAN_POINT('',(1.711953540516,4.378930713008));
#5856 = CARTESIAN_POINT('',(1.676856497998,4.379815435251));
#5857 = CARTESIAN_POINT('',(1.64175946753,4.380747702344));
#5858 = CARTESIAN_POINT('',(1.606662477859,4.381725477955));
#5859 = CARTESIAN_POINT('',(1.57156555764,4.382746587527));
#5860 = ( GEOMETRIC_REPRESENTATION_CONTEXT(2) 
PARAMETRIC_REPRESENTATION_CONTEXT() REPRESENTATION_CONTEXT('2D SPACE',''
  ) );
#5861 = PCURVE('',#3819,#5862);
#5862 = DEFINITIONAL_REPRESENTATION('',(#5863),#5906);
#5863 = B_SPLINE_CURVE_WITH_KNOTS('',6,(#5864,#5865,#5866,#5867,#5868,
    #5869,#5870,#5871,#5872,#5873,#5874,#5875,#5876,#5877,#5878,#5879,
    #5880,#5881,#5882,#5883,#5884,#5885,#5886,#5887,#5888,#5889,#5890,
    #5891,#5892,#5893,#5894,#5895,#5896,#5897,#5898,#5899,#5900,#5901,
    #5902,#5903,#5904,#5905),.UNSPECIFIED.,.F.,.F.,(7,5,5,5,5,5,5,5,7),(
    0.,0.102012617417,0.211015838506,0.281013641345,0.480188444045,
    0.680318498478,0.750316390399,0.860319874095,1.),.UNSPECIFIED.);
#5864 = CARTESIAN_POINT('',(7.960720307776,0.793153694252));
#5865 = CARTESIAN_POINT('',(7.944388931292,0.793193209516));
#5866 = CARTESIAN_POINT('',(7.928057180553,0.793231342846));
#5867 = CARTESIAN_POINT('',(7.911725074998,0.793268048262));
#5868 = CARTESIAN_POINT('',(7.89539263487,0.793303282429));
#5869 = CARTESIAN_POINT('',(7.879059881221,0.793337004651));
#5870 = CARTESIAN_POINT('',(7.845274538396,0.793403553758));
#5871 = CARTESIAN_POINT('',(7.827821888631,0.793436161137));
#5872 = CARTESIAN_POINT('',(7.810368913874,0.793466952915));
#5873 = CARTESIAN_POINT('',(7.79291564203,0.79349588727));
#5874 = CARTESIAN_POINT('',(7.77546210165,0.793522926656));
#5875 = CARTESIAN_POINT('',(7.746800155603,0.793564163244));
#5876 = CARTESIAN_POINT('',(7.735591885076,0.793579493546));
#5877 = CARTESIAN_POINT('',(7.724383517243,0.793594019907));
#5878 = CARTESIAN_POINT('',(7.713175059088,0.793607734263));
#5879 = CARTESIAN_POINT('',(7.701966517678,0.793620629291));
#5880 = CARTESIAN_POINT('',(7.65886441078,0.793667040392));
#5881 = CARTESIAN_POINT('',(7.626969662829,0.793694696024));
#5882 = CARTESIAN_POINT('',(7.595075179452,0.79371551177));
#5883 = CARTESIAN_POINT('',(7.563180378472,0.793729386863));
#5884 = CARTESIAN_POINT('',(7.53128468097,0.793736268082));
#5885 = CARTESIAN_POINT('',(7.467341586095,0.793736044405));
#5886 = CARTESIAN_POINT('',(7.435292906993,0.79372887227));
#5887 = CARTESIAN_POINT('',(7.403245148563,0.793714640015));
#5888 = CARTESIAN_POINT('',(7.371197716505,0.793693402916));
#5889 = CARTESIAN_POINT('',(7.339150012938,0.793665264623));
#5890 = CARTESIAN_POINT('',(7.295894976464,0.793618182173));
#5891 = CARTESIAN_POINT('',(7.284686433899,0.793605156688));
#5892 = CARTESIAN_POINT('',(7.273477975417,0.793591312784));
#5893 = CARTESIAN_POINT('',(7.262269608079,0.793576657858));
#5894 = CARTESIAN_POINT('',(7.251061338858,0.793561200042));
#5895 = CARTESIAN_POINT('',(7.222239256918,0.793519408035));
#5896 = CARTESIAN_POINT('',(7.204625584631,0.793491906845));
#5897 = CARTESIAN_POINT('',(7.187012187858,0.793462479109));
#5898 = CARTESIAN_POINT('',(7.169399095997,0.793431163728));
#5899 = CARTESIAN_POINT('',(7.151786337772,0.793398004031));
#5900 = CARTESIAN_POINT('',(7.111810087982,0.793318661056));
#5901 = CARTESIAN_POINT('',(7.089446763437,0.79327137668));
#5902 = CARTESIAN_POINT('',(7.06708403236,0.793221294515));
#5903 = CARTESIAN_POINT('',(7.044721956343,0.79316852225));
#5904 = CARTESIAN_POINT('',(7.022360593807,0.793113175406));
#5905 = CARTESIAN_POINT('',(7.,0.793055377329));
#5906 = ( GEOMETRIC_REPRESENTATION_CONTEXT(2) 
PARAMETRIC_REPRESENTATION_CONTEXT() REPRESENTATION_CONTEXT('2D SPACE',''
  ) );
#5907 = ORIENTED_EDGE('',*,*,#4722,.T.);
#5908 = ORIENTED_EDGE('',*,*,#5325,.T.);
#5909 = ORIENTED_EDGE('',*,*,#2946,.F.);
#5910 = ORIENTED_EDGE('',*,*,#5911,.F.);
#5911 = EDGE_CURVE('',#5912,#2737,#5914,.T.);
#5912 = VERTEX_POINT('',#5913);
#5913 = CARTESIAN_POINT('',(112.43554237496,-12.99999615384,
    -14.6172534382));
#5914 = SURFACE_CURVE('',#5915,(#5958,#6004),.PCURVE_S1.);
#5915 = B_SPLINE_CURVE_WITH_KNOTS('',6,(#5916,#5917,#5918,#5919,#5920,
    #5921,#5922,#5923,#5924,#5925,#5926,#5927,#5928,#5929,#5930,#5931,
    #5932,#5933,#5934,#5935,#5936,#5937,#5938,#5939,#5940,#5941,#5942,
    #5943,#5944,#5945,#5946,#5947,#5948,#5949,#5950,#5951,#5952,#5953,
    #5954,#5955,#5956,#5957),.UNSPECIFIED.,.F.,.F.,(7,5,5,5,5,5,5,5,7),(
    0.,0.12101890668,0.238024058094,0.312022270023,0.521363589367,
    0.719945735991,0.789943589915,0.899946985345,1.),.UNSPECIFIED.);
#5916 = CARTESIAN_POINT('',(112.43554237496,-12.99999615384,
    -14.6172534382));
#5917 = CARTESIAN_POINT('',(112.04023878782,-12.99969207407,
    -14.61813812776));
#5918 = CARTESIAN_POINT('',(111.64494508536,-12.984963484,
    -14.61899028394));
#5919 = CARTESIAN_POINT('',(111.25032156678,-12.95581096767,
    -14.61980850062));
#5920 = CARTESIAN_POINT('',(110.85702485621,-12.91227498003,
    -14.6205914434));
#5921 = CARTESIAN_POINT('',(110.46570790278,-12.85443584697,
    -14.62133784962));
#5922 = CARTESIAN_POINT('',(109.70122341749,-12.71278039309,
    -14.62273170286));
#5923 = CARTESIAN_POINT('',(109.32788247367,-12.62988891604,
    -14.62338162099));
#5924 = CARTESIAN_POINT('',(108.95758377382,-12.53384809546,
    -14.62399522382));
#5925 = CARTESIAN_POINT('',(108.59090456558,-12.42480039858,
    -14.62457155147));
#5926 = CARTESIAN_POINT('',(108.22841271947,-12.3029219986,
    -14.62510974315));
#5927 = CARTESIAN_POINT('',(107.64441546295,-12.08336069015,
    -14.62592480841));
#5928 = CARTESIAN_POINT('',(107.42006198109,-11.99325044603,
    -14.62622502205));
#5929 = CARTESIAN_POINT('',(107.19774726557,-11.89814504847,
    -14.62650948575));
#5930 = CARTESIAN_POINT('',(106.97761004112,-11.798102623,
    -14.62677802344));
#5931 = CARTESIAN_POINT('',(106.75978677487,-11.69318641451,
    -14.62703047531));
#5932 = CARTESIAN_POINT('',(105.93511442304,-11.2730617436,
    -14.62793497231));
#5933 = CARTESIAN_POINT('',(105.34539501949,-10.92419175616,
    -14.62847337485));
#5934 = CARTESIAN_POINT('',(104.77832230235,-10.53841383521,
    -14.62887861066));
#5935 = CARTESIAN_POINT('',(104.23674457155,-10.1175934521,
    -14.62914852506));
#5936 = CARTESIAN_POINT('',(103.72331339793,-9.663866494903,
    -14.62928197395));
#5937 = CARTESIAN_POINT('',(102.78241649794,-8.720364846994,
    -14.62927615188));
#5938 = CARTESIAN_POINT('',(102.35186915383,-8.233621690939,
    -14.62915054477));
#5939 = CARTESIAN_POINT('',(101.95088917649,-7.721519858324,
    -14.62890216737));
#5940 = CARTESIAN_POINT('',(101.58130692052,-7.186317046871,
    -14.62853196691));
#5941 = CARTESIAN_POINT('',(101.24473309864,-6.630432542942,
    -14.62804171747));
#5942 = CARTESIAN_POINT('',(100.83601047412,-5.854147940097,
    -14.6272199378));
#5943 = CARTESIAN_POINT('',(100.73375840881,-5.649582826175,
    -14.62699118116));
#5944 = CARTESIAN_POINT('',(100.63583576259,-5.442882229153,
    -14.62674795826));
#5945 = CARTESIAN_POINT('',(100.54229784806,-5.234160817508,
    -14.62649039863));
#5946 = CARTESIAN_POINT('',(100.45319590932,-5.023535134535,
    -14.62621864486));
#5947 = CARTESIAN_POINT('',(100.23559656042,-4.477313504174,
    -14.62548372272));
#5948 = CARTESIAN_POINT('',(100.11368770707,-4.139092102224,
    -14.62499992136));
#5949 = CARTESIAN_POINT('',(100.00303392191,-3.796919832959,
    -14.62448205295));
#5950 = CARTESIAN_POINT('',(99.903792422609,-3.451265112309,
    -14.62393080017));
#5951 = CARTESIAN_POINT('',(99.816094284499,-3.102604331666,
    -14.62334692383));
#5952 = CARTESIAN_POINT('',(99.670873701689,-2.432005670239,
    -14.62217129173));
#5953 = CARTESIAN_POINT('',(99.611339051922,-2.110502397851,
    -14.62158502307));
#5954 = CARTESIAN_POINT('',(99.561519339216,-1.787276325694,
    -14.62097309252));
#5955 = CARTESIAN_POINT('',(99.521474885634,-1.462694306901,
    -14.62033617861));
#5956 = CARTESIAN_POINT('',(99.491247487398,-1.137125762773,
    -14.61967500282));
#5957 = CARTESIAN_POINT('',(99.470860414883,-0.810942682768,
    -14.61899032957));
#5958 = PCURVE('',#3016,#5959);
#5959 = DEFINITIONAL_REPRESENTATION('',(#5960),#6003);
#5960 = B_SPLINE_CURVE_WITH_KNOTS('',6,(#5961,#5962,#5963,#5964,#5965,
    #5966,#5967,#5968,#5969,#5970,#5971,#5972,#5973,#5974,#5975,#5976,
    #5977,#5978,#5979,#5980,#5981,#5982,#5983,#5984,#5985,#5986,#5987,
    #5988,#5989,#5990,#5991,#5992,#5993,#5994,#5995,#5996,#5997,#5998,
    #5999,#6000,#6001,#6002),.UNSPECIFIED.,.F.,.F.,(7,5,5,5,5,5,5,5,7),(
    0.,0.12101890668,0.238024058094,0.312022270023,0.521363589367,
    0.719945735991,0.789943589915,0.899946985345,1.),.UNSPECIFIED.);
#5961 = CARTESIAN_POINT('',(4.71161974954,4.382746561792));
#5962 = CARTESIAN_POINT('',(4.681211772302,4.381861872237));
#5963 = CARTESIAN_POINT('',(4.650803758061,4.381009716055));
#5964 = CARTESIAN_POINT('',(4.620395720721,4.380191499378));
#5965 = CARTESIAN_POINT('',(4.589987674282,4.3794085566));
#5966 = CARTESIAN_POINT('',(4.559579632841,4.378662150373));
#5967 = CARTESIAN_POINT('',(4.499772111403,4.377268297131));
#5968 = CARTESIAN_POINT('',(4.470372580511,4.376618379003));
#5969 = CARTESIAN_POINT('',(4.440973029941,4.376004776178));
#5970 = CARTESIAN_POINT('',(4.411573471808,4.375428448528));
#5971 = CARTESIAN_POINT('',(4.382173918308,4.374890256845));
#5972 = CARTESIAN_POINT('',(4.334181070974,4.374075191586));
#5973 = CARTESIAN_POINT('',(4.315587755185,4.37377497795));
#5974 = CARTESIAN_POINT('',(4.296994435671,4.373490514249));
#5975 = CARTESIAN_POINT('',(4.278401113759,4.373221976552));
#5976 = CARTESIAN_POINT('',(4.259807790789,4.372969524686));
#5977 = CARTESIAN_POINT('',(4.188613863326,4.37206502769));
#5978 = CARTESIAN_POINT('',(4.136011969605,4.371526625142));
#5979 = CARTESIAN_POINT('',(4.083411547221,4.371121389337));
#5980 = CARTESIAN_POINT('',(4.030811115892,4.37085147494));
#5981 = CARTESIAN_POINT('',(3.978209195591,4.370718026045));
#5982 = CARTESIAN_POINT('',(3.875711329081,4.370723848116));
#5983 = CARTESIAN_POINT('',(3.825813131347,4.370849455221));
#5984 = CARTESIAN_POINT('',(3.775916079594,4.371097832622));
#5985 = CARTESIAN_POINT('',(3.72601903574,4.371468033085));
#5986 = CARTESIAN_POINT('',(3.676120861231,4.371958282529));
#5987 = CARTESIAN_POINT('',(3.608635514655,4.3727800622));
#5988 = CARTESIAN_POINT('',(3.591047349406,4.373008818836));
#5989 = CARTESIAN_POINT('',(3.573459185193,4.37325204174));
#5990 = CARTESIAN_POINT('',(3.555871023047,4.373509601364));
#5991 = CARTESIAN_POINT('',(3.538282863992,4.373781355132));
#5992 = CARTESIAN_POINT('',(3.493054479301,4.374516277271));
#5993 = CARTESIAN_POINT('',(3.465414237936,4.37500007864));
#5994 = CARTESIAN_POINT('',(3.437773994032,4.375517947044));
#5995 = CARTESIAN_POINT('',(3.410133756616,4.376069199823));
#5996 = CARTESIAN_POINT('',(3.382493534648,4.376653076161));
#5997 = CARTESIAN_POINT('',(3.329713339421,4.377828708264));
#5998 = CARTESIAN_POINT('',(3.304573336853,4.378414976926));
#5999 = CARTESIAN_POINT('',(3.2794333349,4.379026907479));
#6000 = CARTESIAN_POINT('',(3.254293339076,4.379663821388));
#6001 = CARTESIAN_POINT('',(3.229153354829,4.380324997177));
#6002 = CARTESIAN_POINT('',(3.204013387544,4.381009670424));
#6003 = ( GEOMETRIC_REPRESENTATION_CONTEXT(2) 
PARAMETRIC_REPRESENTATION_CONTEXT() REPRESENTATION_CONTEXT('2D SPACE',''
  ) );
#6004 = PCURVE('',#2840,#6005);
#6005 = DEFINITIONAL_REPRESENTATION('',(#6006),#6049);
#6006 = B_SPLINE_CURVE_WITH_KNOTS('',6,(#6007,#6008,#6009,#6010,#6011,
    #6012,#6013,#6014,#6015,#6016,#6017,#6018,#6019,#6020,#6021,#6022,
    #6023,#6024,#6025,#6026,#6027,#6028,#6029,#6030,#6031,#6032,#6033,
    #6034,#6035,#6036,#6037,#6038,#6039,#6040,#6041,#6042,#6043,#6044,
    #6045,#6046,#6047,#6048),.UNSPECIFIED.,.F.,.F.,(7,5,5,5,5,5,5,5,7),(
    0.,0.12101890668,0.238024058094,0.312022270023,0.521363589367,
    0.719945735991,0.789943589915,0.899946985345,1.),.UNSPECIFIED.);
#6007 = CARTESIAN_POINT('',(2.,0.793055378785));
#6008 = CARTESIAN_POINT('',(1.98062677797,0.793105455052));
#6009 = CARTESIAN_POINT('',(1.961252988598,0.793153691032));
#6010 = CARTESIAN_POINT('',(1.941878664684,0.793200006966));
#6011 = CARTESIAN_POINT('',(1.922503840932,0.793244327156));
#6012 = CARTESIAN_POINT('',(1.903128553951,0.793286579967));
#6013 = CARTESIAN_POINT('',(1.865019752172,0.793365485119));
#6014 = CARTESIAN_POINT('',(1.846286233285,0.7934022773));
#6015 = CARTESIAN_POINT('',(1.827552319715,0.793437014278));
#6016 = CARTESIAN_POINT('',(1.808818046496,0.793469641583));
#6017 = CARTESIAN_POINT('',(1.790083449579,0.79350011036));
#6018 = CARTESIAN_POINT('',(1.759499960183,0.793546254431));
#6019 = CARTESIAN_POINT('',(1.747651232268,0.793563250868));
#6020 = CARTESIAN_POINT('',(1.73580239025,0.793579355764));
#6021 = CARTESIAN_POINT('',(1.723953442403,0.793594559125));
#6022 = CARTESIAN_POINT('',(1.712104397109,0.793608851878));
#6023 = CARTESIAN_POINT('',(1.666734001572,0.793660060968));
#6024 = CARTESIAN_POINT('',(1.633211205426,0.793690543911));
#6025 = CARTESIAN_POINT('',(1.599688806093,0.793713487661));
#6026 = CARTESIAN_POINT('',(1.566166038867,0.793728769865));
#6027 = CARTESIAN_POINT('',(1.532642143213,0.793736325567));
#6028 = CARTESIAN_POINT('',(1.467318911023,0.793735995929));
#6029 = CARTESIAN_POINT('',(1.435518139237,0.793728884218));
#6030 = CARTESIAN_POINT('',(1.40371825662,0.793714821416));
#6031 = CARTESIAN_POINT('',(1.37191869376,0.7936938613));
#6032 = CARTESIAN_POINT('',(1.340118877817,0.793666104612));
#6033 = CARTESIAN_POINT('',(1.297111691929,0.793619578477));
#6034 = CARTESIAN_POINT('',(1.285903150069,0.79360662719));
#6035 = CARTESIAN_POINT('',(1.274694691822,0.793592856966));
#6036 = CARTESIAN_POINT('',(1.263486324251,0.793578275159));
#6037 = CARTESIAN_POINT('',(1.252278054335,0.793562889863));
#6038 = CARTESIAN_POINT('',(1.223455974005,0.793521282704));
#6039 = CARTESIAN_POINT('',(1.205842303351,0.793493892903));
#6040 = CARTESIAN_POINT('',(1.188228907102,0.793464574822));
#6041 = CARTESIAN_POINT('',(1.170615814676,0.793433367206));
#6042 = CARTESIAN_POINT('',(1.153003054823,0.793400313234));
#6043 = CARTESIAN_POINT('',(1.119371389771,0.793333760407));
#6044 = CARTESIAN_POINT('',(1.103352406219,0.793300572075));
#6045 = CARTESIAN_POINT('',(1.087333725425,0.793265931588));
#6046 = CARTESIAN_POINT('',(1.071315367092,0.793229877444));
#6047 = CARTESIAN_POINT('',(1.055297350161,0.793192450575));
#6048 = CARTESIAN_POINT('',(1.03927969281,0.793153694346));
#6049 = ( GEOMETRIC_REPRESENTATION_CONTEXT(2) 
PARAMETRIC_REPRESENTATION_CONTEXT() REPRESENTATION_CONTEXT('2D SPACE',''
  ) );
#6050 = ORIENTED_EDGE('',*,*,#6051,.F.);
#6051 = EDGE_CURVE('',#6052,#5912,#6054,.T.);
#6052 = VERTEX_POINT('',#6053);
#6053 = CARTESIAN_POINT('',(112.45554236597,-12.99999615385,
    -14.61725343818));
#6054 = SURFACE_CURVE('',#6055,(#6061,#6070),.PCURVE_S1.);
#6055 = B_SPLINE_CURVE_WITH_KNOTS('',4,(#6056,#6057,#6058,#6059,#6060),
  .UNSPECIFIED.,.F.,.F.,(5,5),(0.,1.),.PIECEWISE_BEZIER_KNOTS.);
#6056 = CARTESIAN_POINT('',(112.45554236597,-12.99999615385,
    -14.61725343818));
#6057 = CARTESIAN_POINT('',(112.45054236823,-13.,-14.6172422482));
#6058 = CARTESIAN_POINT('',(112.44554237047,-13.00000128205,
    -14.61723851818));
#6059 = CARTESIAN_POINT('',(112.44054237271,-12.99999999999,
    -14.61724224821));
#6060 = CARTESIAN_POINT('',(112.43554237496,-12.99999615384,
    -14.6172534382));
#6061 = PCURVE('',#3016,#6062);
#6062 = DEFINITIONAL_REPRESENTATION('',(#6063),#6069);
#6063 = B_SPLINE_CURVE_WITH_KNOTS('',4,(#6064,#6065,#6066,#6067,#6068),
  .UNSPECIFIED.,.F.,.F.,(5,5),(0.,1.),.PIECEWISE_BEZIER_KNOTS.);
#6064 = CARTESIAN_POINT('',(4.713158210538,4.382746561812));
#6065 = CARTESIAN_POINT('',(4.712773595213,4.382757751797));
#6066 = CARTESIAN_POINT('',(4.712388980039,4.382761481818));
#6067 = CARTESIAN_POINT('',(4.712004364865,4.382757751787));
#6068 = CARTESIAN_POINT('',(4.71161974954,4.382746561792));
#6069 = ( GEOMETRIC_REPRESENTATION_CONTEXT(2) 
PARAMETRIC_REPRESENTATION_CONTEXT() REPRESENTATION_CONTEXT('2D SPACE',''
  ) );
#6070 = PCURVE('',#6071,#6126);
#6071 = ( BOUNDED_SURFACE() B_SPLINE_SURFACE(8,5,(
    (#6072,#6073,#6074,#6075,#6076,#6077)
    ,(#6078,#6079,#6080,#6081,#6082,#6083)
    ,(#6084,#6085,#6086,#6087,#6088,#6089)
    ,(#6090,#6091,#6092,#6093,#6094,#6095)
    ,(#6096,#6097,#6098,#6099,#6100,#6101)
    ,(#6102,#6103,#6104,#6105,#6106,#6107)
    ,(#6108,#6109,#6110,#6111,#6112,#6113)
    ,(#6114,#6115,#6116,#6117,#6118,#6119)
    ,(#6120,#6121,#6122,#6123,#6124,#6125
)),.UNSPECIFIED.,.F.,.F.,.F.) B_SPLINE_SURFACE_WITH_KNOTS((9,9),(6,6),(
    2.,3.),(0.,1.),.PIECEWISE_BEZIER_KNOTS.) 
GEOMETRIC_REPRESENTATION_ITEM() RATIONAL_B_SPLINE_SURFACE((
    (1.,1.,1.,1.,1.,1.)
    ,(1.,1.,1.,1.,1.,1.)
    ,(1.,1.,1.,1.,1.,1.)
    ,(1.,1.,1.,1.,1.,1.)
    ,(1.,1.,1.,1.,1.,1.)
    ,(1.,1.,1.,1.,1.,1.)
    ,(1.,1.,1.,1.,1.,1.)
    ,(1.,1.,1.,1.,1.,1.)
,(1.,1.,1.,1.,1.,1.))) REPRESENTATION_ITEM('') SURFACE() );
#6072 = CARTESIAN_POINT('',(112.43554237496,-14.99999999992,0.));
#6073 = CARTESIAN_POINT('',(112.43554237496,-14.7973538428,
    -3.594413273843));
#6074 = CARTESIAN_POINT('',(112.43554237496,-14.71756118517,
    -7.739430263657));
#6075 = CARTESIAN_POINT('',(112.43554237496,-13.92783165005,
    -10.83065080678));
#6076 = CARTESIAN_POINT('',(112.43554237496,-13.62766038428,
    -15.14684692625));
#6077 = CARTESIAN_POINT('',(112.43554237496,-11.19999999992,-18.));
#6078 = CARTESIAN_POINT('',(112.43804237384,-14.99999999992,0.));
#6079 = CARTESIAN_POINT('',(112.43804237384,-14.7973538428,
    -3.594413273843));
#6080 = CARTESIAN_POINT('',(112.43804237384,-14.71756118517,
    -7.739430263657));
#6081 = CARTESIAN_POINT('',(112.43804237384,-13.92783165005,
    -10.83065080678));
#6082 = CARTESIAN_POINT('',(112.43804237384,-13.62766038428,
    -15.14684692625));
#6083 = CARTESIAN_POINT('',(112.43804237384,-11.19999999992,-18.));
#6084 = CARTESIAN_POINT('',(112.44054237271,-14.99999999992,0.));
#6085 = CARTESIAN_POINT('',(112.44054237271,-14.7973538428,
    -3.594413273843));
#6086 = CARTESIAN_POINT('',(112.44054237271,-14.71756118517,
    -7.739430263657));
#6087 = CARTESIAN_POINT('',(112.44054237271,-13.92783165005,
    -10.83065080678));
#6088 = CARTESIAN_POINT('',(112.44054237271,-13.62766038428,
    -15.14684692625));
#6089 = CARTESIAN_POINT('',(112.44054237271,-11.19999999992,-18.));
#6090 = CARTESIAN_POINT('',(112.44304237159,-14.99999999992,0.));
#6091 = CARTESIAN_POINT('',(112.44304237159,-14.7973538428,
    -3.594413273843));
#6092 = CARTESIAN_POINT('',(112.44304237159,-14.71756118517,
    -7.739430263657));
#6093 = CARTESIAN_POINT('',(112.44304237159,-13.92783165005,
    -10.83065080678));
#6094 = CARTESIAN_POINT('',(112.44304237159,-13.62766038428,
    -15.14684692625));
#6095 = CARTESIAN_POINT('',(112.44304237159,-11.19999999992,-18.));
#6096 = CARTESIAN_POINT('',(112.44554237047,-14.99999999992,0.));
#6097 = CARTESIAN_POINT('',(112.44554237047,-14.7973538428,
    -3.594413273843));
#6098 = CARTESIAN_POINT('',(112.44554237047,-14.71756118517,
    -7.739430263657));
#6099 = CARTESIAN_POINT('',(112.44554237047,-13.92783165005,
    -10.83065080678));
#6100 = CARTESIAN_POINT('',(112.44554237047,-13.62766038428,
    -15.14684692625));
#6101 = CARTESIAN_POINT('',(112.44554237047,-11.19999999992,-18.));
#6102 = CARTESIAN_POINT('',(112.44804236934,-14.99999999992,0.));
#6103 = CARTESIAN_POINT('',(112.44804236934,-14.7973538428,
    -3.594413273843));
#6104 = CARTESIAN_POINT('',(112.44804236934,-14.71756118517,
    -7.739430263657));
#6105 = CARTESIAN_POINT('',(112.44804236934,-13.92783165005,
    -10.83065080678));
#6106 = CARTESIAN_POINT('',(112.44804236934,-13.62766038428,
    -15.14684692625));
#6107 = CARTESIAN_POINT('',(112.44804236934,-11.19999999992,-18.));
#6108 = CARTESIAN_POINT('',(112.45054236822,-14.99999999992,0.));
#6109 = CARTESIAN_POINT('',(112.45054236822,-14.7973538428,
    -3.594413273843));
#6110 = CARTESIAN_POINT('',(112.45054236822,-14.71756118517,
    -7.739430263657));
#6111 = CARTESIAN_POINT('',(112.45054236822,-13.92783165005,
    -10.83065080678));
#6112 = CARTESIAN_POINT('',(112.45054236822,-13.62766038428,
    -15.14684692625));
#6113 = CARTESIAN_POINT('',(112.45054236822,-11.19999999992,-18.));
#6114 = CARTESIAN_POINT('',(112.45304236709,-14.99999999992,0.));
#6115 = CARTESIAN_POINT('',(112.45304236709,-14.7973538428,
    -3.594413273843));
#6116 = CARTESIAN_POINT('',(112.45304236709,-14.71756118517,
    -7.739430263657));
#6117 = CARTESIAN_POINT('',(112.45304236709,-13.92783165005,
    -10.83065080678));
#6118 = CARTESIAN_POINT('',(112.45304236709,-13.62766038428,
    -15.14684692625));
#6119 = CARTESIAN_POINT('',(112.45304236709,-11.19999999992,-18.));
#6120 = CARTESIAN_POINT('',(112.45554236597,-14.99999999992,0.));
#6121 = CARTESIAN_POINT('',(112.45554236597,-14.7973538428,
    -3.594413273843));
#6122 = CARTESIAN_POINT('',(112.45554236597,-14.71756118517,
    -7.739430263657));
#6123 = CARTESIAN_POINT('',(112.45554236597,-13.92783165005,
    -10.83065080678));
#6124 = CARTESIAN_POINT('',(112.45554236597,-13.62766038428,
    -15.14684692625));
#6125 = CARTESIAN_POINT('',(112.45554236597,-11.19999999992,-18.));
#6126 = DEFINITIONAL_REPRESENTATION('',(#6127),#6133);
#6127 = B_SPLINE_CURVE_WITH_KNOTS('',4,(#6128,#6129,#6130,#6131,#6132),
  .UNSPECIFIED.,.F.,.F.,(5,5),(0.,1.),.PIECEWISE_BEZIER_KNOTS.);
#6128 = CARTESIAN_POINT('',(3.,0.793055378784));
#6129 = CARTESIAN_POINT('',(2.750000000354,0.793054745395));
#6130 = CARTESIAN_POINT('',(2.5,0.793054534264));
#6131 = CARTESIAN_POINT('',(2.249999999646,0.793054745396));
#6132 = CARTESIAN_POINT('',(2.,0.793055378785));
#6133 = ( GEOMETRIC_REPRESENTATION_CONTEXT(2) 
PARAMETRIC_REPRESENTATION_CONTEXT() REPRESENTATION_CONTEXT('2D SPACE',''
  ) );
#6134 = ORIENTED_EDGE('',*,*,#6135,.F.);
#6135 = EDGE_CURVE('',#6136,#6052,#6138,.T.);
#6136 = VERTEX_POINT('',#6137);
#6137 = CARTESIAN_POINT('',(125.44553852881,-1.000000002416E-02,
    -14.61725343833));
#6138 = SURFACE_CURVE('',#6139,(#6182,#6228),.PCURVE_S1.);
#6139 = B_SPLINE_CURVE_WITH_KNOTS('',6,(#6140,#6141,#6142,#6143,#6144,
    #6145,#6146,#6147,#6148,#6149,#6150,#6151,#6152,#6153,#6154,#6155,
    #6156,#6157,#6158,#6159,#6160,#6161,#6162,#6163,#6164,#6165,#6166,
    #6167,#6168,#6169,#6170,#6171,#6172,#6173,#6174,#6175,#6176,#6177,
    #6178,#6179,#6180,#6181),.UNSPECIFIED.,.F.,.F.,(7,5,5,5,5,5,5,5,7),(
    0.,0.117017262927,0.235021123736,0.311018248738,0.501749491631,
    0.675616247697,0.745612926032,0.851614208547,1.),.UNSPECIFIED.);
#6140 = CARTESIAN_POINT('',(125.44553852881,-9.999999928235E-03,
    -14.61725343841));
#6141 = CARTESIAN_POINT('',(125.44523247988,-0.407863495091,
    -14.61814385289));
#6142 = CARTESIAN_POINT('',(125.43031449383,-0.805716998794,
    -14.61900131214));
#6143 = CARTESIAN_POINT('',(125.40078516798,-1.202887269254,
    -14.61982438209));
#6144 = CARTESIAN_POINT('',(125.35668601156,-1.598704860061,
    -14.62061170257));
#6145 = CARTESIAN_POINT('',(125.29809944572,-1.992504120181,
    -14.62136198734));
#6146 = CARTESIAN_POINT('',(125.15158309869,-2.778039877328,
    -14.62279206412));
#6147 = CARTESIAN_POINT('',(125.06340965544,-3.169733274432,
    -14.62347121984));
#6148 = CARTESIAN_POINT('',(124.96075515773,-3.558024641546,
    -14.62411026799));
#6149 = CARTESIAN_POINT('',(124.84378716342,-3.942246851998,
    -14.62470810594));
#6150 = CARTESIAN_POINT('',(124.71271410419,-4.321744396168,
    -14.62526375168));
#6151 = CARTESIAN_POINT('',(124.47444788577,-4.936820813788,
    -14.62610646459));
#6152 = CARTESIAN_POINT('',(124.375363399,-5.175542140525,
    -14.62641872884));
#6153 = CARTESIAN_POINT('',(124.27059830712,-5.411865751404,
    -14.62671290686));
#6154 = CARTESIAN_POINT('',(124.1602257365,-5.645623076636,
    -14.62698879024));
#6155 = CARTESIAN_POINT('',(124.04432545811,-5.876648586932,
    -14.62724619177));
#6156 = CARTESIAN_POINT('',(123.61845093856,-6.677324459797,
    -14.62808414983));
#6157 = CARTESIAN_POINT('',(123.27963867791,-7.231650855609,
    -14.62856590991));
#6158 = CARTESIAN_POINT('',(122.90792182071,-7.765168325007,
    -14.62892757132));
#6159 = CARTESIAN_POINT('',(122.50491992215,-8.275466191025,
    -14.6291673974));
#6160 = CARTESIAN_POINT('',(122.0724712838,-8.760296120109,
    -14.6292844792));
#6161 = CARTESIAN_POINT('',(121.19350032627,-9.634453695413,
    -14.62927372214));
#6162 = CARTESIAN_POINT('',(120.75158995547,-10.02844778351,
    -14.62916662195));
#6163 = CARTESIAN_POINT('',(120.28849901554,-10.39801147075,
    -14.62895757285));
#6164 = CARTESIAN_POINT('',(119.80592215198,-10.74174103787,
    -14.62864721841));
#6165 = CARTESIAN_POINT('',(119.30567468717,-11.05839276485,
    -14.6282368152));
#6166 = CARTESIAN_POINT('',(118.58196267079,-11.46302692935,
    -14.62752347103));
#6167 = CARTESIAN_POINT('',(118.3716824089,-11.57460652978,
    -14.62730280332));
#6168 = CARTESIAN_POINT('',(118.1589760828,-11.68155250986,
    -14.6270663415));
#6169 = CARTESIAN_POINT('',(117.94397148794,-11.78379944069,
    -14.62681422172));
#6170 = CARTESIAN_POINT('',(117.72679872986,-11.88128661714,
    -14.62654659545));
#6171 = CARTESIAN_POINT('',(117.17562614682,-12.11429745408,
    -14.62583511271));
#6172 = CARTESIAN_POINT('',(116.83899259377,-12.24359308157,
    -14.62537141633));
#6173 = CARTESIAN_POINT('',(116.49815024355,-12.36165025421,
    -14.62487311999));
#6174 = CARTESIAN_POINT('',(116.1535683909,-12.46830057401,
    -14.62434088281));
#6175 = CARTESIAN_POINT('',(115.80572494675,-12.56340193118,
    -14.6237754434));
#6176 = CARTESIAN_POINT('',(114.96429346279,-12.76363710893,
    -14.62234075723));
#6177 = CARTESIAN_POINT('',(114.46803758422,-12.8575786786,
    -14.62144041027));
#6178 = CARTESIAN_POINT('',(113.96767735381,-12.92834512435,
    -14.62047887847));
#6179 = CARTESIAN_POINT('',(113.46456374291,-12.97572391229,
    -14.61945867926));
#6180 = CARTESIAN_POINT('',(112.96006014307,-12.99960806348,
    -14.61838254803));
#6181 = CARTESIAN_POINT('',(112.45554236597,-12.99999615385,
    -14.61725343818));
#6182 = PCURVE('',#3016,#6183);
#6183 = DEFINITIONAL_REPRESENTATION('',(#6184),#6227);
#6184 = B_SPLINE_CURVE_WITH_KNOTS('',6,(#6185,#6186,#6187,#6188,#6189,
    #6190,#6191,#6192,#6193,#6194,#6195,#6196,#6197,#6198,#6199,#6200,
    #6201,#6202,#6203,#6204,#6205,#6206,#6207,#6208,#6209,#6210,#6211,
    #6212,#6213,#6214,#6215,#6216,#6217,#6218,#6219,#6220,#6221,#6222,
    #6223,#6224,#6225,#6226),.UNSPECIFIED.,.F.,.F.,(7,5,5,5,5,5,5,5,7),(
    0.,0.117017262927,0.235021123736,0.311018248738,0.501749491631,
    0.675616247697,0.745612926032,0.851614208547,1.),.UNSPECIFIED.);
#6185 = CARTESIAN_POINT('',(6.28241607634,4.382746561583));
#6186 = CARTESIAN_POINT('',(6.251811183042,4.381856147105));
#6187 = CARTESIAN_POINT('',(6.221206251706,4.380998687856));
#6188 = CARTESIAN_POINT('',(6.190601296695,4.38017561791));
#6189 = CARTESIAN_POINT('',(6.159996332468,4.379388297429));
#6190 = CARTESIAN_POINT('',(6.129391373582,4.37863801266));
#6191 = CARTESIAN_POINT('',(6.067923458938,4.37720793588));
#6192 = CARTESIAN_POINT('',(6.037060444162,4.37652878016));
#6193 = CARTESIAN_POINT('',(6.006197405684,4.37588973201));
#6194 = CARTESIAN_POINT('',(5.975334358919,4.375291894054));
#6195 = CARTESIAN_POINT('',(5.944471319383,4.374736248311));
#6196 = CARTESIAN_POINT('',(5.893731829822,4.373893535403));
#6197 = CARTESIAN_POINT('',(5.873855350639,4.373581271156));
#6198 = CARTESIAN_POINT('',(5.853978866962,4.373287093131));
#6199 = CARTESIAN_POINT('',(5.834102380627,4.373011209759));
#6200 = CARTESIAN_POINT('',(5.814225893484,4.372753808223));
#6201 = CARTESIAN_POINT('',(5.744465061159,4.371915850162));
#6202 = CARTESIAN_POINT('',(5.694579723106,4.371434090089));
#6203 = CARTESIAN_POINT('',(5.644695514478,4.371072428679));
#6204 = CARTESIAN_POINT('',(5.594811298274,4.370832602592));
#6205 = CARTESIAN_POINT('',(5.544925937716,4.370715520797));
#6206 = CARTESIAN_POINT('',(5.449567957233,4.370726277854));
#6207 = CARTESIAN_POINT('',(5.404093761388,4.370833378048));
#6208 = CARTESIAN_POINT('',(5.358620267465,4.371042427142));
#6209 = CARTESIAN_POINT('',(5.31314677951,4.371352781581));
#6210 = CARTESIAN_POINT('',(5.267672601381,4.371763184791));
#6211 = CARTESIAN_POINT('',(5.203891917167,4.372476528964));
#6212 = CARTESIAN_POINT('',(5.185584801364,4.372697196675));
#6213 = CARTESIAN_POINT('',(5.167277686427,4.372933658491));
#6214 = CARTESIAN_POINT('',(5.148970573609,4.373185778275));
#6215 = CARTESIAN_POINT('',(5.130663464155,4.373453404546));
#6216 = CARTESIAN_POINT('',(5.084632520972,4.374164887284));
#6217 = CARTESIAN_POINT('',(5.056908670564,4.374628583663));
#6218 = CARTESIAN_POINT('',(5.029184817322,4.375126880004));
#6219 = CARTESIAN_POINT('',(5.001460970429,4.375659117187));
#6220 = CARTESIAN_POINT('',(4.973737139008,4.376224556594));
#6221 = CARTESIAN_POINT('',(4.907204188208,4.377659242763));
#6222 = CARTESIAN_POINT('',(4.868394963434,4.378559589721));
#6223 = CARTESIAN_POINT('',(4.829585705672,4.379521121524));
#6224 = CARTESIAN_POINT('',(4.790776462621,4.38054132074));
#6225 = CARTESIAN_POINT('',(4.751967281797,4.381617451963));
#6226 = CARTESIAN_POINT('',(4.713158210538,4.382746561812));
#6227 = ( GEOMETRIC_REPRESENTATION_CONTEXT(2) 
PARAMETRIC_REPRESENTATION_CONTEXT() REPRESENTATION_CONTEXT('2D SPACE',''
  ) );
#6228 = PCURVE('',#6229,#6284);
#6229 = ( BOUNDED_SURFACE() B_SPLINE_SURFACE(8,5,(
    (#6230,#6231,#6232,#6233,#6234,#6235)
    ,(#6236,#6237,#6238,#6239,#6240,#6241)
    ,(#6242,#6243,#6244,#6245,#6246,#6247)
    ,(#6248,#6249,#6250,#6251,#6252,#6253)
    ,(#6254,#6255,#6256,#6257,#6258,#6259)
    ,(#6260,#6261,#6262,#6263,#6264,#6265)
    ,(#6266,#6267,#6268,#6269,#6270,#6271)
    ,(#6272,#6273,#6274,#6275,#6276,#6277)
    ,(#6278,#6279,#6280,#6281,#6282,#6283
)),.UNSPECIFIED.,.F.,.F.,.F.) B_SPLINE_SURFACE_WITH_KNOTS((9,9),(6,6),(
    3.,4.),(0.,1.),.PIECEWISE_BEZIER_KNOTS.) 
GEOMETRIC_REPRESENTATION_ITEM() RATIONAL_B_SPLINE_SURFACE((
    (1.,1.,1.,1.,1.,1.)
    ,(1.,1.,1.,1.,1.,1.)
    ,(1.,1.,1.,1.,1.,1.)
    ,(1.,1.,1.,1.,1.,1.)
    ,(1.,1.,1.,1.,1.,1.)
    ,(1.,1.,1.,1.,1.,1.)
    ,(1.,1.,1.,1.,1.,1.)
    ,(1.,1.,1.,1.,1.,1.)
,(1.,1.,1.,1.,1.,1.))) REPRESENTATION_ITEM('') SURFACE() );
#6230 = CARTESIAN_POINT('',(112.45554236597,-14.99999999992,0.));
#6231 = CARTESIAN_POINT('',(112.45554236597,-14.7973538428,
    -3.594413273843));
#6232 = CARTESIAN_POINT('',(112.45554236597,-14.71756118517,
    -7.739430263657));
#6233 = CARTESIAN_POINT('',(112.45554236597,-13.92783165005,
    -10.83065080678));
#6234 = CARTESIAN_POINT('',(112.45554236597,-13.62766038428,
    -15.14684692625));
#6235 = CARTESIAN_POINT('',(112.45554236597,-11.19999999992,-18.));
#6236 = CARTESIAN_POINT('',(115.3988219833,-14.99999999992,0.));
#6237 = CARTESIAN_POINT('',(115.3590325034,-14.7973538428,
    -3.594413273843));
#6238 = CARTESIAN_POINT('',(115.34336525171,-14.71756118517,
    -7.739430263657));
#6239 = CARTESIAN_POINT('',(115.18830222009,-13.92783165005,
    -10.83065080678));
#6240 = CARTESIAN_POINT('',(115.12936372988,-13.62766038428,
    -15.14684692625));
#6241 = CARTESIAN_POINT('',(114.65269372808,-11.19999999992,-18.));
#6242 = CARTESIAN_POINT('',(118.3421025271,-14.3395287734,0.));
#6243 = CARTESIAN_POINT('',(118.26252355476,-14.14581136583,
    -3.594413273843));
#6244 = CARTESIAN_POINT('',(118.23118904645,-14.06953443566,
    -7.739430263657));
#6245 = CARTESIAN_POINT('',(117.92106293441,-13.31460100692,
    -10.83065080678));
#6246 = CARTESIAN_POINT('',(117.80318593544,-13.02765552394,
    -15.14684692625));
#6247 = CARTESIAN_POINT('',(116.84984578178,-10.70695977145,-18.));
#6248 = CARTESIAN_POINT('',(121.11246574865,-13.01859280734,0.));
#6249 = CARTESIAN_POINT('',(120.99543491102,-12.8427328112,
    -3.594413273843));
#6250 = CARTESIAN_POINT('',(120.94935359525,-12.77348730139,
    -7.739430263657));
#6251 = CARTESIAN_POINT('',(120.49327433716,-12.08814574366,
    -10.83065080678));
#6252 = CARTESIAN_POINT('',(120.31992145862,-11.82765169637,
    -15.14684692625));
#6253 = CARTESIAN_POINT('',(118.91791545818,-9.720884157029,-18.));
#6254 = CARTESIAN_POINT('',(123.53703111511,-11.09148874906,0.));
#6255 = CARTESIAN_POINT('',(123.38722316913,-10.94168080308,
    -3.594413273843));
#6256 = CARTESIAN_POINT('',(123.32823574833,-10.88269338229,
    -7.739430263657));
#6257 = CARTESIAN_POINT('',(122.74442127481,-10.29887890875,
    -10.83065080678));
#6258 = CARTESIAN_POINT('',(122.52251703834,-10.0769746723,
    -15.14684692625));
#6259 = CARTESIAN_POINT('',(120.72784784315,-8.282305477106,-18.));
#6260 = CARTESIAN_POINT('',(125.46413517338,-8.66692338261,0.));
#6261 = CARTESIAN_POINT('',(125.28827517725,-8.549892544983,
    -3.594413273843));
#6262 = CARTESIAN_POINT('',(125.21902966744,-8.503811229203,
    -7.739430263657));
#6263 = CARTESIAN_POINT('',(124.5336881097,-8.04773197112,
    -10.83065080678));
#6264 = CARTESIAN_POINT('',(124.27319406242,-7.874379092578,
    -15.14684692625));
#6265 = CARTESIAN_POINT('',(122.16642652307,-6.472373092137,-18.));
#6266 = CARTESIAN_POINT('',(126.78507113944,-5.896560161057,0.));
#6267 = CARTESIAN_POINT('',(126.59135373188,-5.816981188719,
    -3.594413273843));
#6268 = CARTESIAN_POINT('',(126.5150768017,-5.785646680412,
    -7.739430263657));
#6269 = CARTESIAN_POINT('',(125.76014337297,-5.47552056837,
    -10.83065080678));
#6270 = CARTESIAN_POINT('',(125.47319788999,-5.357643569398,
    -15.14684692625));
#6271 = CARTESIAN_POINT('',(123.1525021375,-4.404303415741,-18.));
#6272 = CARTESIAN_POINT('',(127.44554236597,-2.95327961726,0.));
#6273 = CARTESIAN_POINT('',(127.24289620885,-2.913490137354,
    -3.594413273843));
#6274 = CARTESIAN_POINT('',(127.16310355122,-2.897822885666,
    -7.739430263657));
#6275 = CARTESIAN_POINT('',(126.3733740161,-2.742759854049,
    -10.83065080678));
#6276 = CARTESIAN_POINT('',(126.07320275033,-2.68382136384,
    -15.14684692625));
#6277 = CARTESIAN_POINT('',(123.64554236597,-2.207151362032,-18.));
#6278 = CARTESIAN_POINT('',(127.44554237496,-9.999999928236E-03,0.));
#6279 = CARTESIAN_POINT('',(127.24289621784,-9.999999928236E-03,
    -3.594413273843));
#6280 = CARTESIAN_POINT('',(127.16310356021,-9.999999928236E-03,
    -7.739430263657));
#6281 = CARTESIAN_POINT('',(126.37337402509,-9.999999928236E-03,
    -10.83065080678));
#6282 = CARTESIAN_POINT('',(126.07320275932,-9.999999928236E-03,
    -15.14684692625));
#6283 = CARTESIAN_POINT('',(123.64554237496,-9.999999928236E-03,-18.));
#6284 = DEFINITIONAL_REPRESENTATION('',(#6285),#6328);
#6285 = B_SPLINE_CURVE_WITH_KNOTS('',6,(#6286,#6287,#6288,#6289,#6290,
    #6291,#6292,#6293,#6294,#6295,#6296,#6297,#6298,#6299,#6300,#6301,
    #6302,#6303,#6304,#6305,#6306,#6307,#6308,#6309,#6310,#6311,#6312,
    #6313,#6314,#6315,#6316,#6317,#6318,#6319,#6320,#6321,#6322,#6323,
    #6324,#6325,#6326,#6327),.UNSPECIFIED.,.F.,.F.,(7,5,5,5,5,5,5,5,7),(
    0.,0.117017262927,0.235021123736,0.311018248738,0.501749491631,
    0.675616247697,0.745612926032,0.851614208547,1.),.UNSPECIFIED.);
#6286 = CARTESIAN_POINT('',(4.,0.793055378797));
#6287 = CARTESIAN_POINT('',(3.980501320807,0.793105779113));
#6288 = CARTESIAN_POINT('',(3.96100206655,0.793154315279));
#6289 = CARTESIAN_POINT('',(3.941502270793,0.793200905952));
#6290 = CARTESIAN_POINT('',(3.922001969047,0.793245473971));
#6291 = CARTESIAN_POINT('',(3.902501198777,0.793287946363));
#6292 = CARTESIAN_POINT('',(3.863334381185,0.793368902157));
#6293 = CARTESIAN_POINT('',(3.843668288591,0.793407349555));
#6294 = CARTESIAN_POINT('',(3.824001762017,0.793443527121));
#6295 = CARTESIAN_POINT('',(3.80433484296,0.793477372281));
#6296 = CARTESIAN_POINT('',(3.784667574016,0.7935088293));
#6297 = CARTESIAN_POINT('',(3.752333640706,0.793556538796));
#6298 = CARTESIAN_POINT('',(3.739667145452,0.793574217547));
#6299 = CARTESIAN_POINT('',(3.727000523262,0.793590872496));
#6300 = CARTESIAN_POINT('',(3.71433378442,0.793606491811));
#6301 = CARTESIAN_POINT('',(3.701666939351,0.793621064866));
#6302 = CARTESIAN_POINT('',(3.657209567731,0.793668507017));
#6303 = CARTESIAN_POINT('',(3.625417897966,0.793695783085));
#6304 = CARTESIAN_POINT('',(3.593626489212,0.793716259748));
#6305 = CARTESIAN_POINT('',(3.561834769659,0.793729838392));
#6306 = CARTESIAN_POINT('',(3.530042170692,0.793736467411));
#6307 = CARTESIAN_POINT('',(3.469269281559,0.79373585836));
#6308 = CARTESIAN_POINT('',(3.440287986058,0.793729794487));
#6309 = CARTESIAN_POINT('',(3.411307260725,0.793717958403));
#6310 = CARTESIAN_POINT('',(3.382326779903,0.79370038665));
#6311 = CARTESIAN_POINT('',(3.353346216048,0.793677150576));
#6312 = CARTESIAN_POINT('',(3.312699626828,0.793636763388));
#6313 = CARTESIAN_POINT('',(3.301032819388,0.793624269976));
#6314 = CARTESIAN_POINT('',(3.289366095987,0.793610882439));
#6315 = CARTESIAN_POINT('',(3.277699464707,0.793596608505));
#6316 = CARTESIAN_POINT('',(3.266032933533,0.793581456772));
#6317 = CARTESIAN_POINT('',(3.236699160298,0.793541176317));
#6318 = CARTESIAN_POINT('',(3.219032043469,0.793514924522));
#6319 = CARTESIAN_POINT('',(3.201365190473,0.793486714229));
#6320 = CARTESIAN_POINT('',(3.183698631268,0.79345658285));
#6321 = CARTESIAN_POINT('',(3.166032395158,0.793424572306));
#6322 = CARTESIAN_POINT('',(3.1236369399,0.793343353538));
#6323 = CARTESIAN_POINT('',(3.098907975711,0.793292385234));
#6324 = CARTESIAN_POINT('',(3.07417971237,0.793237954599));
#6325 = CARTESIAN_POINT('',(3.049452239424,0.79318020447));
#6326 = CARTESIAN_POINT('',(3.024725641841,0.793119290024));
#6327 = CARTESIAN_POINT('',(3.,0.793055378784));
#6328 = ( GEOMETRIC_REPRESENTATION_CONTEXT(2) 
PARAMETRIC_REPRESENTATION_CONTEXT() REPRESENTATION_CONTEXT('2D SPACE',''
  ) );
#6329 = ORIENTED_EDGE('',*,*,#6330,.F.);
#6330 = EDGE_CURVE('',#5355,#6136,#6331,.T.);
#6331 = SURFACE_CURVE('',#6332,(#6338,#6347),.PCURVE_S1.);
#6332 = B_SPLINE_CURVE_WITH_KNOTS('',4,(#6333,#6334,#6335,#6336,#6337),
  .UNSPECIFIED.,.F.,.F.,(5,5),(0.,1.),.PIECEWISE_BEZIER_KNOTS.);
#6333 = CARTESIAN_POINT('',(125.44554237496,-3.181482854941E-15,
    -14.61724224832));
#6334 = CARTESIAN_POINT('',(125.44554237496,-2.500000007817E-03,
    -14.61724224832));
#6335 = CARTESIAN_POINT('',(125.44554173393,-5.00000001561E-03,
    -14.61724411332));
#6336 = CARTESIAN_POINT('',(125.44554045188,-7.500000021663E-03,
    -14.61724784333));
#6337 = CARTESIAN_POINT('',(125.44553852881,-1.000000002416E-02,
    -14.61725343833));
#6338 = PCURVE('',#3016,#6339);
#6339 = DEFINITIONAL_REPRESENTATION('',(#6340),#6346);
#6340 = B_SPLINE_CURVE_WITH_KNOTS('',4,(#6341,#6342,#6343,#6344,#6345),
  .UNSPECIFIED.,.F.,.F.,(5,5),(0.,1.),.PIECEWISE_BEZIER_KNOTS.);
#6341 = CARTESIAN_POINT('',(6.28318530718,4.382757751679));
#6342 = CARTESIAN_POINT('',(6.282992999487,4.382757751679));
#6343 = CARTESIAN_POINT('',(6.282800691794,4.382755886675));
#6344 = CARTESIAN_POINT('',(6.282608384082,4.382752156668));
#6345 = CARTESIAN_POINT('',(6.282416076333,4.382746561667));
#6346 = ( GEOMETRIC_REPRESENTATION_CONTEXT(2) 
PARAMETRIC_REPRESENTATION_CONTEXT() REPRESENTATION_CONTEXT('2D SPACE',''
  ) );
#6347 = PCURVE('',#5427,#6348);
#6348 = DEFINITIONAL_REPRESENTATION('',(#6349),#6355);
#6349 = B_SPLINE_CURVE_WITH_KNOTS('',4,(#6350,#6351,#6352,#6353,#6354),
  .UNSPECIFIED.,.F.,.F.,(5,5),(0.,1.),.PIECEWISE_BEZIER_KNOTS.);
#6350 = CARTESIAN_POINT('',(4.500000482106,0.793054745338));
#6351 = CARTESIAN_POINT('',(4.375000361491,0.793054745338));
#6352 = CARTESIAN_POINT('',(4.250000240876,0.793054850904));
#6353 = CARTESIAN_POINT('',(4.125000120349,0.793055062034));
#6354 = CARTESIAN_POINT('',(4.,0.793055378729));
#6355 = ( GEOMETRIC_REPRESENTATION_CONTEXT(2) 
PARAMETRIC_REPRESENTATION_CONTEXT() REPRESENTATION_CONTEXT('2D SPACE',''
  ) );
#6356 = ADVANCED_FACE('',(#6357),#2840,.F.);
#6357 = FACE_BOUND('',#6358,.F.);
#6358 = EDGE_LOOP('',(#6359,#6360,#6361,#6396));
#6359 = ORIENTED_EDGE('',*,*,#5911,.T.);
#6360 = ORIENTED_EDGE('',*,*,#2736,.T.);
#6361 = ORIENTED_EDGE('',*,*,#6362,.T.);
#6362 = EDGE_CURVE('',#2697,#6363,#6365,.T.);
#6363 = VERTEX_POINT('',#6364);
#6364 = CARTESIAN_POINT('',(112.43554237496,-15.,0.));
#6365 = SURFACE_CURVE('',#6366,(#6376,#6383),.PCURVE_S1.);
#6366 = B_SPLINE_CURVE_WITH_KNOTS('',8,(#6367,#6368,#6369,#6370,#6371,
    #6372,#6373,#6374,#6375),.UNSPECIFIED.,.F.,.F.,(9,9),(1.,2.),
  .PIECEWISE_BEZIER_KNOTS.);
#6367 = CARTESIAN_POINT('',(97.445542374965,-1.000000007177E-02,0.));
#6368 = CARTESIAN_POINT('',(97.445542374965,-2.953279617404,0.));
#6369 = CARTESIAN_POINT('',(98.106013601493,-5.8965601612,0.));
#6370 = CARTESIAN_POINT('',(99.426949567552,-8.666923382754,0.));
#6371 = CARTESIAN_POINT('',(101.35405362582,-11.09148874921,0.));
#6372 = CARTESIAN_POINT('',(103.77861899228,-13.01859280748,0.));
#6373 = CARTESIAN_POINT('',(106.54898221383,-14.33952877354,0.));
#6374 = CARTESIAN_POINT('',(109.49226275763,-15.00000000007,0.));
#6375 = CARTESIAN_POINT('',(112.43554237496,-14.99999999992,0.));
#6376 = PCURVE('',#2840,#6377);
#6377 = DEFINITIONAL_REPRESENTATION('',(#6378),#6382);
#6378 = LINE('',#6379,#6380);
#6379 = CARTESIAN_POINT('',(0.,0.));
#6380 = VECTOR('',#6381,1.);
#6381 = DIRECTION('',(1.,0.));
#6382 = ( GEOMETRIC_REPRESENTATION_CONTEXT(2) 
PARAMETRIC_REPRESENTATION_CONTEXT() REPRESENTATION_CONTEXT('2D SPACE',''
  ) );
#6383 = PCURVE('',#2718,#6384);
#6384 = DEFINITIONAL_REPRESENTATION('',(#6385),#6395);
#6385 = B_SPLINE_CURVE_WITH_KNOTS('',8,(#6386,#6387,#6388,#6389,#6390,
    #6391,#6392,#6393,#6394),.UNSPECIFIED.,.F.,.F.,(9,9),(1.,2.),
  .PIECEWISE_BEZIER_KNOTS.);
#6386 = CARTESIAN_POINT('',(224.89108562692,-2.353944367254E-03));
#6387 = CARTESIAN_POINT('',(224.8913165708,-2.945633552639));
#6388 = CARTESIAN_POINT('',(225.55201873925,-5.888862263625));
#6389 = CARTESIAN_POINT('',(226.87317207727,-8.65912182966));
#6390 = CARTESIAN_POINT('',(228.80046637267,-11.0835359788));
#6391 = CARTESIAN_POINT('',(231.22518294152,-13.01044978807));
#6392 = CARTESIAN_POINT('',(233.99564980153,-14.33116837404));
#6393 = CARTESIAN_POINT('',(236.93898216002,-14.99140865458));
#6394 = CARTESIAN_POINT('',(239.88226176829,-14.99117771056));
#6395 = ( GEOMETRIC_REPRESENTATION_CONTEXT(2) 
PARAMETRIC_REPRESENTATION_CONTEXT() REPRESENTATION_CONTEXT('2D SPACE',''
  ) );
#6396 = ORIENTED_EDGE('',*,*,#6397,.T.);
#6397 = EDGE_CURVE('',#6363,#5912,#6398,.T.);
#6398 = SURFACE_CURVE('',#6399,(#6406,#6413),.PCURVE_S1.);
#6399 = ( BOUNDED_CURVE() B_SPLINE_CURVE(5,(#6400,#6401,#6402,#6403,
#6404,#6405),.UNSPECIFIED.,.F.,.F.) B_SPLINE_CURVE_WITH_KNOTS((6,6),(0.,
1.),.PIECEWISE_BEZIER_KNOTS.) CURVE() GEOMETRIC_REPRESENTATION_ITEM() 
RATIONAL_B_SPLINE_CURVE((1.,1.,1.,1.,1.,1.)) REPRESENTATION_ITEM('') );
#6400 = CARTESIAN_POINT('',(112.43554237496,-14.99999999992,0.));
#6401 = CARTESIAN_POINT('',(112.43554237496,-14.7973538428,
    -3.594413273843));
#6402 = CARTESIAN_POINT('',(112.43554237496,-14.71756118517,
    -7.739430263657));
#6403 = CARTESIAN_POINT('',(112.43554237496,-13.92783165005,
    -10.83065080678));
#6404 = CARTESIAN_POINT('',(112.43554237496,-13.62766038428,
    -15.14684692625));
#6405 = CARTESIAN_POINT('',(112.43554237496,-11.19999999992,-18.));
#6406 = PCURVE('',#2840,#6407);
#6407 = DEFINITIONAL_REPRESENTATION('',(#6408),#6412);
#6408 = LINE('',#6409,#6410);
#6409 = CARTESIAN_POINT('',(2.,0.));
#6410 = VECTOR('',#6411,1.);
#6411 = DIRECTION('',(0.,1.));
#6412 = ( GEOMETRIC_REPRESENTATION_CONTEXT(2) 
PARAMETRIC_REPRESENTATION_CONTEXT() REPRESENTATION_CONTEXT('2D SPACE',''
  ) );
#6413 = PCURVE('',#6071,#6414);
#6414 = DEFINITIONAL_REPRESENTATION('',(#6415),#6419);
#6415 = LINE('',#6416,#6417);
#6416 = CARTESIAN_POINT('',(2.,0.));
#6417 = VECTOR('',#6418,1.);
#6418 = DIRECTION('',(0.,1.));
#6419 = ( GEOMETRIC_REPRESENTATION_CONTEXT(2) 
PARAMETRIC_REPRESENTATION_CONTEXT() REPRESENTATION_CONTEXT('2D SPACE',''
  ) );
#6420 = ADVANCED_FACE('',(#6421,#6653,#6656,#6687,#6718,#6749,#6780),
  #2718,.T.);
#6421 = FACE_BOUND('',#6422,.T.);
#6422 = EDGE_LOOP('',(#6423,#6424,#6443,#6444,#6445,#6480,#6515,#6550,
    #6585,#6620));
#6423 = ORIENTED_EDGE('',*,*,#3930,.T.);
#6424 = ORIENTED_EDGE('',*,*,#6425,.F.);
#6425 = EDGE_CURVE('',#2546,#3931,#6426,.T.);
#6426 = SURFACE_CURVE('',#6427,(#6431,#6437),.PCURVE_S1.);
#6427 = LINE('',#6428,#6429);
#6428 = CARTESIAN_POINT('',(-156.6715431052,-41.93280942352,
    1.054711873394E-15));
#6429 = VECTOR('',#6430,1.);
#6430 = DIRECTION('',(0.974375197722,0.224928819994,0.));
#6431 = PCURVE('',#2718,#6432);
#6432 = DEFINITIONAL_REPRESENTATION('',(#6433),#6436);
#6433 = B_SPLINE_CURVE_WITH_KNOTS('',1,(#6434,#6435),.UNSPECIFIED.,.F.,
  .F.,(2,2),(119.71296219767,253.12365488833),.PIECEWISE_BEZIER_KNOTS.);
#6434 = CARTESIAN_POINT('',(87.420518432736,-15.00905469097));
#6435 = CARTESIAN_POINT('',(217.41023353634,15.009054701267));
#6436 = ( GEOMETRIC_REPRESENTATION_CONTEXT(2) 
PARAMETRIC_REPRESENTATION_CONTEXT() REPRESENTATION_CONTEXT('2D SPACE',''
  ) );
#6437 = PCURVE('',#2643,#6438);
#6438 = DEFINITIONAL_REPRESENTATION('',(#6439),#6442);
#6439 = B_SPLINE_CURVE_WITH_KNOTS('',1,(#6440,#6441),.UNSPECIFIED.,.F.,
  .F.,(2,2),(119.71296219767,253.12365488833),.PIECEWISE_BEZIER_KNOTS.);
#6440 = CARTESIAN_POINT('',(9.5,-157.6241990643));
#6441 = CARTESIAN_POINT('',(9.5,-291.034891755));
#6442 = ( GEOMETRIC_REPRESENTATION_CONTEXT(2) 
PARAMETRIC_REPRESENTATION_CONTEXT() REPRESENTATION_CONTEXT('2D SPACE',''
  ) );
#6443 = ORIENTED_EDGE('',*,*,#2696,.T.);
#6444 = ORIENTED_EDGE('',*,*,#6362,.T.);
#6445 = ORIENTED_EDGE('',*,*,#6446,.T.);
#6446 = EDGE_CURVE('',#6363,#6447,#6449,.T.);
#6447 = VERTEX_POINT('',#6448);
#6448 = CARTESIAN_POINT('',(112.45554236597,-14.99999999992,0.));
#6449 = SURFACE_CURVE('',#6450,(#6460,#6473),.PCURVE_S1.);
#6450 = B_SPLINE_CURVE_WITH_KNOTS('',8,(#6451,#6452,#6453,#6454,#6455,
    #6456,#6457,#6458,#6459),.UNSPECIFIED.,.F.,.F.,(9,9),(2.,3.),
  .PIECEWISE_BEZIER_KNOTS.);
#6451 = CARTESIAN_POINT('',(112.43554237496,-14.99999999992,0.));
#6452 = CARTESIAN_POINT('',(112.43804237384,-14.99999999992,0.));
#6453 = CARTESIAN_POINT('',(112.44054237271,-14.99999999992,0.));
#6454 = CARTESIAN_POINT('',(112.44304237159,-14.99999999992,0.));
#6455 = CARTESIAN_POINT('',(112.44554237047,-14.99999999992,0.));
#6456 = CARTESIAN_POINT('',(112.44804236934,-14.99999999992,0.));
#6457 = CARTESIAN_POINT('',(112.45054236822,-14.99999999992,0.));
#6458 = CARTESIAN_POINT('',(112.45304236709,-14.99999999992,0.));
#6459 = CARTESIAN_POINT('',(112.45554236597,-14.99999999992,0.));
#6460 = PCURVE('',#2718,#6461);
#6461 = DEFINITIONAL_REPRESENTATION('',(#6462),#6472);
#6462 = B_SPLINE_CURVE_WITH_KNOTS('',8,(#6463,#6464,#6465,#6466,#6467,
    #6468,#6469,#6470,#6471),.UNSPECIFIED.,.F.,.F.,(9,9),(2.,3.),
  .PIECEWISE_BEZIER_KNOTS.);
#6463 = CARTESIAN_POINT('',(239.88226176829,-14.99117771056));
#6464 = CARTESIAN_POINT('',(239.88476176716,-14.9911775144));
#6465 = CARTESIAN_POINT('',(239.88726176603,-14.99117731824));
#6466 = CARTESIAN_POINT('',(239.8897617649,-14.99117712208));
#6467 = CARTESIAN_POINT('',(239.89226176377,-14.99117692592));
#6468 = CARTESIAN_POINT('',(239.89476176263,-14.99117672975));
#6469 = CARTESIAN_POINT('',(239.8972617615,-14.99117653359));
#6470 = CARTESIAN_POINT('',(239.89976176037,-14.99117633743));
#6471 = CARTESIAN_POINT('',(239.90226175924,-14.99117614127));
#6472 = ( GEOMETRIC_REPRESENTATION_CONTEXT(2) 
PARAMETRIC_REPRESENTATION_CONTEXT() REPRESENTATION_CONTEXT('2D SPACE',''
  ) );
#6473 = PCURVE('',#6071,#6474);
#6474 = DEFINITIONAL_REPRESENTATION('',(#6475),#6479);
#6475 = LINE('',#6476,#6477);
#6476 = CARTESIAN_POINT('',(0.,0.));
#6477 = VECTOR('',#6478,1.);
#6478 = DIRECTION('',(1.,0.));
#6479 = ( GEOMETRIC_REPRESENTATION_CONTEXT(2) 
PARAMETRIC_REPRESENTATION_CONTEXT() REPRESENTATION_CONTEXT('2D SPACE',''
  ) );
#6480 = ORIENTED_EDGE('',*,*,#6481,.T.);
#6481 = EDGE_CURVE('',#6447,#6482,#6484,.T.);
#6482 = VERTEX_POINT('',#6483);
#6483 = CARTESIAN_POINT('',(127.44554237196,-9.999999960214E-03,0.));
#6484 = SURFACE_CURVE('',#6485,(#6495,#6508),.PCURVE_S1.);
#6485 = B_SPLINE_CURVE_WITH_KNOTS('',8,(#6486,#6487,#6488,#6489,#6490,
    #6491,#6492,#6493,#6494),.UNSPECIFIED.,.F.,.F.,(9,9),(3.,4.),
  .PIECEWISE_BEZIER_KNOTS.);
#6486 = CARTESIAN_POINT('',(112.45554236597,-14.99999999992,0.));
#6487 = CARTESIAN_POINT('',(115.3988219833,-14.99999999992,0.));
#6488 = CARTESIAN_POINT('',(118.3421025271,-14.3395287734,0.));
#6489 = CARTESIAN_POINT('',(121.11246574865,-13.01859280734,0.));
#6490 = CARTESIAN_POINT('',(123.53703111511,-11.09148874906,0.));
#6491 = CARTESIAN_POINT('',(125.46413517338,-8.66692338261,0.));
#6492 = CARTESIAN_POINT('',(126.78507113944,-5.896560161057,0.));
#6493 = CARTESIAN_POINT('',(127.44554236597,-2.95327961726,0.));
#6494 = CARTESIAN_POINT('',(127.44554237496,-9.999999928236E-03,0.));
#6495 = PCURVE('',#2718,#6496);
#6496 = DEFINITIONAL_REPRESENTATION('',(#6497),#6507);
#6497 = B_SPLINE_CURVE_WITH_KNOTS('',8,(#6498,#6499,#6500,#6501,#6502,
    #6503,#6504,#6505,#6506),.UNSPECIFIED.,.F.,.F.,(9,9),(3.,4.),
  .PIECEWISE_BEZIER_KNOTS.);
#6498 = CARTESIAN_POINT('',(239.90226175924,-14.99117614127));
#6499 = CARTESIAN_POINT('',(242.84554136751,-14.99094519739));
#6500 = CARTESIAN_POINT('',(245.7887700785,-14.33024302894));
#6501 = CARTESIAN_POINT('',(248.55902964453,-13.00908969093));
#6502 = CARTESIAN_POINT('',(250.98344379367,-11.08179539552));
#6503 = CARTESIAN_POINT('',(252.91035760295,-8.657078826678));
#6504 = CARTESIAN_POINT('',(254.23107618892,-5.886611966662));
#6505 = CARTESIAN_POINT('',(254.89131646946,-2.943279608176));
#6506 = CARTESIAN_POINT('',(254.89108553457,9.592818132407E-11));
#6507 = ( GEOMETRIC_REPRESENTATION_CONTEXT(2) 
PARAMETRIC_REPRESENTATION_CONTEXT() REPRESENTATION_CONTEXT('2D SPACE',''
  ) );
#6508 = PCURVE('',#6229,#6509);
#6509 = DEFINITIONAL_REPRESENTATION('',(#6510),#6514);
#6510 = LINE('',#6511,#6512);
#6511 = CARTESIAN_POINT('',(0.,0.));
#6512 = VECTOR('',#6513,1.);
#6513 = DIRECTION('',(1.,0.));
#6514 = ( GEOMETRIC_REPRESENTATION_CONTEXT(2) 
PARAMETRIC_REPRESENTATION_CONTEXT() REPRESENTATION_CONTEXT('2D SPACE',''
  ) );
#6515 = ORIENTED_EDGE('',*,*,#6516,.T.);
#6516 = EDGE_CURVE('',#6482,#6517,#6519,.T.);
#6517 = VERTEX_POINT('',#6518);
#6518 = CARTESIAN_POINT('',(127.44554237496,9.999985911368E-03,0.));
#6519 = SURFACE_CURVE('',#6520,(#6530,#6543),.PCURVE_S1.);
#6520 = B_SPLINE_CURVE_WITH_KNOTS('',8,(#6521,#6522,#6523,#6524,#6525,
    #6526,#6527,#6528,#6529),.UNSPECIFIED.,.F.,.F.,(9,9),(4.,5.),
  .PIECEWISE_BEZIER_KNOTS.);
#6521 = CARTESIAN_POINT('',(127.44554237496,-1.000000002416E-02,0.));
#6522 = CARTESIAN_POINT('',(127.44554237496,-7.500002428649E-03,0.));
#6523 = CARTESIAN_POINT('',(127.44554237496,-5.000004833134E-03,0.));
#6524 = CARTESIAN_POINT('',(127.44554237496,-2.500007237618E-03,0.));
#6525 = CARTESIAN_POINT('',(127.44554237496,-9.642103074141E-09,0.));
#6526 = CARTESIAN_POINT('',(127.44554237496,2.499987953412E-03,0.));
#6527 = CARTESIAN_POINT('',(127.44554237496,4.999985548927E-03,0.));
#6528 = CARTESIAN_POINT('',(127.44554237496,7.499983144443E-03,0.));
#6529 = CARTESIAN_POINT('',(127.44554237496,9.999980739959E-03,0.));
#6530 = PCURVE('',#2718,#6531);
#6531 = DEFINITIONAL_REPRESENTATION('',(#6532),#6542);
#6532 = B_SPLINE_CURVE_WITH_KNOTS('',8,(#6533,#6534,#6535,#6536,#6537,
    #6538,#6539,#6540,#6541),.UNSPECIFIED.,.F.,.F.,(9,9),(4.,5.),
  .PIECEWISE_BEZIER_KNOTS.);
#6533 = CARTESIAN_POINT('',(254.89108553457,1.489676182592E-18));
#6534 = CARTESIAN_POINT('',(254.89108533841,2.499997587819E-03));
#6535 = CARTESIAN_POINT('',(254.89108514225,4.999995175639E-03));
#6536 = CARTESIAN_POINT('',(254.89108494609,7.499992763458E-03));
#6537 = CARTESIAN_POINT('',(254.89108474993,9.999990351277E-03));
#6538 = CARTESIAN_POINT('',(254.89108455376,1.24999879391E-02));
#6539 = CARTESIAN_POINT('',(254.8910843576,1.499998552692E-02));
#6540 = CARTESIAN_POINT('',(254.89108416144,1.749998311474E-02));
#6541 = CARTESIAN_POINT('',(254.89108396528,1.999998070256E-02));
#6542 = ( GEOMETRIC_REPRESENTATION_CONTEXT(2) 
PARAMETRIC_REPRESENTATION_CONTEXT() REPRESENTATION_CONTEXT('2D SPACE',''
  ) );
#6543 = PCURVE('',#5427,#6544);
#6544 = DEFINITIONAL_REPRESENTATION('',(#6545),#6549);
#6545 = LINE('',#6546,#6547);
#6546 = CARTESIAN_POINT('',(0.,0.));
#6547 = VECTOR('',#6548,1.);
#6548 = DIRECTION('',(1.,0.));
#6549 = ( GEOMETRIC_REPRESENTATION_CONTEXT(2) 
PARAMETRIC_REPRESENTATION_CONTEXT() REPRESENTATION_CONTEXT('2D SPACE',''
  ) );
#6550 = ORIENTED_EDGE('',*,*,#6551,.T.);
#6551 = EDGE_CURVE('',#6517,#6552,#6554,.T.);
#6552 = VERTEX_POINT('',#6553);
#6553 = CARTESIAN_POINT('',(112.45554237496,14.999999995577,0.));
#6554 = SURFACE_CURVE('',#6555,(#6565,#6578),.PCURVE_S1.);
#6555 = B_SPLINE_CURVE_WITH_KNOTS('',8,(#6556,#6557,#6558,#6559,#6560,
    #6561,#6562,#6563,#6564),.UNSPECIFIED.,.F.,.F.,(9,9),(5.,6.),
  .PIECEWISE_BEZIER_KNOTS.);
#6556 = CARTESIAN_POINT('',(127.44554237496,9.999991082778E-03,0.));
#6557 = CARTESIAN_POINT('',(127.44554237496,2.953279608415,0.));
#6558 = CARTESIAN_POINT('',(126.78507114843,5.896560152211,0.));
#6559 = CARTESIAN_POINT('',(125.46413518237,8.666923373765,0.));
#6560 = CARTESIAN_POINT('',(123.5370311241,11.091488740224,0.));
#6561 = CARTESIAN_POINT('',(121.11246575764,13.018592798495,0.));
#6562 = CARTESIAN_POINT('',(118.34210253609,14.339528764554,0.));
#6563 = CARTESIAN_POINT('',(115.39882199229,14.999999991083,0.));
#6564 = CARTESIAN_POINT('',(112.45554237496,15.000000000072,0.));
#6565 = PCURVE('',#2718,#6566);
#6566 = DEFINITIONAL_REPRESENTATION('',(#6567),#6577);
#6567 = B_SPLINE_CURVE_WITH_KNOTS('',8,(#6568,#6569,#6570,#6571,#6572,
    #6573,#6574,#6575,#6576),.UNSPECIFIED.,.F.,.F.,(9,9),(5.,6.),
  .PIECEWISE_BEZIER_KNOTS.);
#6568 = CARTESIAN_POINT('',(254.89108396528,1.999999104537E-02));
#6569 = CARTESIAN_POINT('',(254.8908530214,2.963279599317));
#6570 = CARTESIAN_POINT('',(254.23015085295,5.906508310303));
#6571 = CARTESIAN_POINT('',(252.90899751494,8.676767876338));
#6572 = CARTESIAN_POINT('',(250.98170321953,11.101182025478));
#6573 = CARTESIAN_POINT('',(248.55698665068,13.028095834755));
#6574 = CARTESIAN_POINT('',(245.78651979067,14.348814420722));
#6575 = CARTESIAN_POINT('',(242.84318743218,15.009054701267));
#6576 = CARTESIAN_POINT('',(239.89990782391,15.008823766378));
#6577 = ( GEOMETRIC_REPRESENTATION_CONTEXT(2) 
PARAMETRIC_REPRESENTATION_CONTEXT() REPRESENTATION_CONTEXT('2D SPACE',''
  ) );
#6578 = PCURVE('',#5585,#6579);
#6579 = DEFINITIONAL_REPRESENTATION('',(#6580),#6584);
#6580 = LINE('',#6581,#6582);
#6581 = CARTESIAN_POINT('',(0.,0.));
#6582 = VECTOR('',#6583,1.);
#6583 = DIRECTION('',(1.,0.));
#6584 = ( GEOMETRIC_REPRESENTATION_CONTEXT(2) 
PARAMETRIC_REPRESENTATION_CONTEXT() REPRESENTATION_CONTEXT('2D SPACE',''
  ) );
#6585 = ORIENTED_EDGE('',*,*,#6586,.T.);
#6586 = EDGE_CURVE('',#6552,#6587,#6589,.T.);
#6587 = VERTEX_POINT('',#6588);
#6588 = CARTESIAN_POINT('',(112.43554237496,14.999999995577,0.));
#6589 = SURFACE_CURVE('',#6590,(#6600,#6613),.PCURVE_S1.);
#6590 = B_SPLINE_CURVE_WITH_KNOTS('',8,(#6591,#6592,#6593,#6594,#6595,
    #6596,#6597,#6598,#6599),.UNSPECIFIED.,.F.,.F.,(9,9),(6.,7.),
  .PIECEWISE_BEZIER_KNOTS.);
#6591 = CARTESIAN_POINT('',(112.45554237496,15.000000000072,0.));
#6592 = CARTESIAN_POINT('',(112.45304237496,15.000000000072,0.));
#6593 = CARTESIAN_POINT('',(112.45054237496,15.000000000072,0.));
#6594 = CARTESIAN_POINT('',(112.44804237496,15.000000000072,0.));
#6595 = CARTESIAN_POINT('',(112.44554237496,15.000000000072,0.));
#6596 = CARTESIAN_POINT('',(112.44304237496,15.000000000072,0.));
#6597 = CARTESIAN_POINT('',(112.44054237496,15.000000000072,0.));
#6598 = CARTESIAN_POINT('',(112.43804237496,15.000000000072,0.));
#6599 = CARTESIAN_POINT('',(112.43554237496,14.999999991083,0.));
#6600 = PCURVE('',#2718,#6601);
#6601 = DEFINITIONAL_REPRESENTATION('',(#6602),#6612);
#6602 = B_SPLINE_CURVE_WITH_KNOTS('',8,(#6603,#6604,#6605,#6606,#6607,
    #6608,#6609,#6610,#6611),.UNSPECIFIED.,.F.,.F.,(9,9),(6.,7.),
  .PIECEWISE_BEZIER_KNOTS.);
#6603 = CARTESIAN_POINT('',(239.89990782391,15.008823766378));
#6604 = CARTESIAN_POINT('',(239.89740782392,15.008823570216));
#6605 = CARTESIAN_POINT('',(239.89490782392,15.008823374054));
#6606 = CARTESIAN_POINT('',(239.89240782393,15.008823177892));
#6607 = CARTESIAN_POINT('',(239.88990782394,15.00882298173));
#6608 = CARTESIAN_POINT('',(239.88740782395,15.008822785568));
#6609 = CARTESIAN_POINT('',(239.88490782396,15.008822589406));
#6610 = CARTESIAN_POINT('',(239.88240782396,15.008822393244));
#6611 = CARTESIAN_POINT('',(239.87990782397,15.008822188093));
#6612 = ( GEOMETRIC_REPRESENTATION_CONTEXT(2) 
PARAMETRIC_REPRESENTATION_CONTEXT() REPRESENTATION_CONTEXT('2D SPACE',''
  ) );
#6613 = PCURVE('',#5706,#6614);
#6614 = DEFINITIONAL_REPRESENTATION('',(#6615),#6619);
#6615 = LINE('',#6616,#6617);
#6616 = CARTESIAN_POINT('',(0.,0.));
#6617 = VECTOR('',#6618,1.);
#6618 = DIRECTION('',(1.,0.));
#6619 = ( GEOMETRIC_REPRESENTATION_CONTEXT(2) 
PARAMETRIC_REPRESENTATION_CONTEXT() REPRESENTATION_CONTEXT('2D SPACE',''
  ) );
#6620 = ORIENTED_EDGE('',*,*,#6621,.T.);
#6621 = EDGE_CURVE('',#6587,#3704,#6622,.T.);
#6622 = SURFACE_CURVE('',#6623,(#6633,#6646),.PCURVE_S1.);
#6623 = B_SPLINE_CURVE_WITH_KNOTS('',8,(#6624,#6625,#6626,#6627,#6628,
    #6629,#6630,#6631,#6632),.UNSPECIFIED.,.F.,.F.,(9,9),(7.,8.),
  .PIECEWISE_BEZIER_KNOTS.);
#6624 = CARTESIAN_POINT('',(112.43554237496,14.999999991083,0.));
#6625 = CARTESIAN_POINT('',(109.49226275763,14.999999991083,0.));
#6626 = CARTESIAN_POINT('',(106.54898221383,14.339528764554,0.));
#6627 = CARTESIAN_POINT('',(103.77861899228,13.018592798496,0.));
#6628 = CARTESIAN_POINT('',(101.35405362582,11.091488740223,0.));
#6629 = CARTESIAN_POINT('',(99.426949567552,8.666923373766,0.));
#6630 = CARTESIAN_POINT('',(98.106013601493,5.896560152211,0.));
#6631 = CARTESIAN_POINT('',(97.445542374965,2.953279608415,0.));
#6632 = CARTESIAN_POINT('',(97.445542374965,9.999991082776E-03,0.));
#6633 = PCURVE('',#2718,#6634);
#6634 = DEFINITIONAL_REPRESENTATION('',(#6635),#6645);
#6635 = B_SPLINE_CURVE_WITH_KNOTS('',8,(#6636,#6637,#6638,#6639,#6640,
    #6641,#6642,#6643,#6644),.UNSPECIFIED.,.F.,.F.,(9,9),(7.,8.),
  .PIECEWISE_BEZIER_KNOTS.);
#6636 = CARTESIAN_POINT('',(239.87990782397,15.008822188093));
#6637 = CARTESIAN_POINT('',(236.9366282157,15.008591244215));
#6638 = CARTESIAN_POINT('',(233.99339950471,14.347889075769));
#6639 = CARTESIAN_POINT('',(231.22313993868,13.026735737751));
#6640 = CARTESIAN_POINT('',(228.79872578954,11.099441442348));
#6641 = CARTESIAN_POINT('',(226.87181198026,8.6747248735));
#6642 = CARTESIAN_POINT('',(225.55109339429,5.904258013483));
#6643 = CARTESIAN_POINT('',(224.89085311375,2.960925654997));
#6644 = CARTESIAN_POINT('',(224.89108405763,1.764604672572E-02));
#6645 = ( GEOMETRIC_REPRESENTATION_CONTEXT(2) 
PARAMETRIC_REPRESENTATION_CONTEXT() REPRESENTATION_CONTEXT('2D SPACE',''
  ) );
#6646 = PCURVE('',#3819,#6647);
#6647 = DEFINITIONAL_REPRESENTATION('',(#6648),#6652);
#6648 = LINE('',#6649,#6650);
#6649 = CARTESIAN_POINT('',(0.,0.));
#6650 = VECTOR('',#6651,1.);
#6651 = DIRECTION('',(1.,0.));
#6652 = ( GEOMETRIC_REPRESENTATION_CONTEXT(2) 
PARAMETRIC_REPRESENTATION_CONTEXT() REPRESENTATION_CONTEXT('2D SPACE',''
  ) );
#6653 = FACE_BOUND('',#6654,.T.);
#6654 = EDGE_LOOP('',(#6655));
#6655 = ORIENTED_EDGE('',*,*,#5227,.F.);
#6656 = FACE_BOUND('',#6657,.T.);
#6657 = EDGE_LOOP('',(#6658));
#6658 = ORIENTED_EDGE('',*,*,#6659,.F.);
#6659 = EDGE_CURVE('',#6660,#6660,#6662,.T.);
#6660 = VERTEX_POINT('',#6661);
#6661 = CARTESIAN_POINT('',(106.09554237496,-8.,0.));
#6662 = SURFACE_CURVE('',#6663,(#6668,#6675),.PCURVE_S1.);
#6663 = CIRCLE('',#6664,1.65);
#6664 = AXIS2_PLACEMENT_3D('',#6665,#6666,#6667);
#6665 = CARTESIAN_POINT('',(104.44554237496,-8.,0.));
#6666 = DIRECTION('',(0.,0.,1.));
#6667 = DIRECTION('',(1.,0.,-0.));
#6668 = PCURVE('',#2718,#6669);
#6669 = DEFINITIONAL_REPRESENTATION('',(#6670),#6674);
#6670 = CIRCLE('',#6671,1.65);
#6671 = AXIS2_PLACEMENT_2D('',#6672,#6673);
#6672 = CARTESIAN_POINT('',(231.89171253921,-7.991804666025));
#6673 = DIRECTION('',(0.999999996922,7.846481065502E-05));
#6674 = ( GEOMETRIC_REPRESENTATION_CONTEXT(2) 
PARAMETRIC_REPRESENTATION_CONTEXT() REPRESENTATION_CONTEXT('2D SPACE',''
  ) );
#6675 = PCURVE('',#6676,#6681);
#6676 = CYLINDRICAL_SURFACE('',#6677,1.65);
#6677 = AXIS2_PLACEMENT_3D('',#6678,#6679,#6680);
#6678 = CARTESIAN_POINT('',(104.44554237496,-8.,-7.));
#6679 = DIRECTION('',(0.,0.,1.));
#6680 = DIRECTION('',(1.,0.,-0.));
#6681 = DEFINITIONAL_REPRESENTATION('',(#6682),#6686);
#6682 = LINE('',#6683,#6684);
#6683 = CARTESIAN_POINT('',(0.,7.));
#6684 = VECTOR('',#6685,1.);
#6685 = DIRECTION('',(1.,0.));
#6686 = ( GEOMETRIC_REPRESENTATION_CONTEXT(2) 
PARAMETRIC_REPRESENTATION_CONTEXT() REPRESENTATION_CONTEXT('2D SPACE',''
  ) );
#6687 = FACE_BOUND('',#6688,.T.);
#6688 = EDGE_LOOP('',(#6689));
#6689 = ORIENTED_EDGE('',*,*,#6690,.F.);
#6690 = EDGE_CURVE('',#6691,#6691,#6693,.T.);
#6691 = VERTEX_POINT('',#6692);
#6692 = CARTESIAN_POINT('',(122.09554237496,-8.,0.));
#6693 = SURFACE_CURVE('',#6694,(#6699,#6706),.PCURVE_S1.);
#6694 = CIRCLE('',#6695,1.65);
#6695 = AXIS2_PLACEMENT_3D('',#6696,#6697,#6698);
#6696 = CARTESIAN_POINT('',(120.44554237496,-8.,0.));
#6697 = DIRECTION('',(0.,0.,1.));
#6698 = DIRECTION('',(1.,0.,-0.));
#6699 = PCURVE('',#2718,#6700);
#6700 = DEFINITIONAL_REPRESENTATION('',(#6701),#6705);
#6701 = CIRCLE('',#6702,1.65);
#6702 = AXIS2_PLACEMENT_2D('',#6703,#6704);
#6703 = CARTESIAN_POINT('',(247.89171248996,-7.990549229054));
#6704 = DIRECTION('',(0.999999996922,7.846481065502E-05));
#6705 = ( GEOMETRIC_REPRESENTATION_CONTEXT(2) 
PARAMETRIC_REPRESENTATION_CONTEXT() REPRESENTATION_CONTEXT('2D SPACE',''
  ) );
#6706 = PCURVE('',#6707,#6712);
#6707 = CYLINDRICAL_SURFACE('',#6708,1.65);
#6708 = AXIS2_PLACEMENT_3D('',#6709,#6710,#6711);
#6709 = CARTESIAN_POINT('',(120.44554237496,-8.,-7.));
#6710 = DIRECTION('',(0.,0.,1.));
#6711 = DIRECTION('',(1.,0.,-0.));
#6712 = DEFINITIONAL_REPRESENTATION('',(#6713),#6717);
#6713 = LINE('',#6714,#6715);
#6714 = CARTESIAN_POINT('',(0.,7.));
#6715 = VECTOR('',#6716,1.);
#6716 = DIRECTION('',(1.,0.));
#6717 = ( GEOMETRIC_REPRESENTATION_CONTEXT(2) 
PARAMETRIC_REPRESENTATION_CONTEXT() REPRESENTATION_CONTEXT('2D SPACE',''
  ) );
#6718 = FACE_BOUND('',#6719,.T.);
#6719 = EDGE_LOOP('',(#6720));
#6720 = ORIENTED_EDGE('',*,*,#6721,.F.);
#6721 = EDGE_CURVE('',#6722,#6722,#6724,.T.);
#6722 = VERTEX_POINT('',#6723);
#6723 = CARTESIAN_POINT('',(116.94554237496,-1.102182119233E-15,0.));
#6724 = SURFACE_CURVE('',#6725,(#6730,#6737),.PCURVE_S1.);
#6725 = CIRCLE('',#6726,4.5);
#6726 = AXIS2_PLACEMENT_3D('',#6727,#6728,#6729);
#6727 = CARTESIAN_POINT('',(112.44554237496,0.,0.));
#6728 = DIRECTION('',(0.,0.,1.));
#6729 = DIRECTION('',(1.,0.,-0.));
#6730 = PCURVE('',#2718,#6731);
#6731 = DEFINITIONAL_REPRESENTATION('',(#6732),#6736);
#6732 = CIRCLE('',#6733,4.5);
#6733 = AXIS2_PLACEMENT_2D('',#6734,#6735);
#6734 = CARTESIAN_POINT('',(239.8910847961,8.823027833555E-03));
#6735 = DIRECTION('',(0.999999996922,7.846481065502E-05));
#6736 = ( GEOMETRIC_REPRESENTATION_CONTEXT(2) 
PARAMETRIC_REPRESENTATION_CONTEXT() REPRESENTATION_CONTEXT('2D SPACE',''
  ) );
#6737 = PCURVE('',#6738,#6743);
#6738 = CYLINDRICAL_SURFACE('',#6739,4.5);
#6739 = AXIS2_PLACEMENT_3D('',#6740,#6741,#6742);
#6740 = CARTESIAN_POINT('',(112.44554237496,0.,-7.));
#6741 = DIRECTION('',(0.,0.,1.));
#6742 = DIRECTION('',(1.,0.,-0.));
#6743 = DEFINITIONAL_REPRESENTATION('',(#6744),#6748);
#6744 = LINE('',#6745,#6746);
#6745 = CARTESIAN_POINT('',(0.,7.));
#6746 = VECTOR('',#6747,1.);
#6747 = DIRECTION('',(1.,0.));
#6748 = ( GEOMETRIC_REPRESENTATION_CONTEXT(2) 
PARAMETRIC_REPRESENTATION_CONTEXT() REPRESENTATION_CONTEXT('2D SPACE',''
  ) );
#6749 = FACE_BOUND('',#6750,.T.);
#6750 = EDGE_LOOP('',(#6751));
#6751 = ORIENTED_EDGE('',*,*,#6752,.F.);
#6752 = EDGE_CURVE('',#6753,#6753,#6755,.T.);
#6753 = VERTEX_POINT('',#6754);
#6754 = CARTESIAN_POINT('',(106.09554237496,8.,0.));
#6755 = SURFACE_CURVE('',#6756,(#6761,#6768),.PCURVE_S1.);
#6756 = CIRCLE('',#6757,1.65);
#6757 = AXIS2_PLACEMENT_3D('',#6758,#6759,#6760);
#6758 = CARTESIAN_POINT('',(104.44554237496,8.,0.));
#6759 = DIRECTION('',(0.,0.,1.));
#6760 = DIRECTION('',(1.,0.,-0.));
#6761 = PCURVE('',#2718,#6762);
#6762 = DEFINITIONAL_REPRESENTATION('',(#6763),#6767);
#6763 = CIRCLE('',#6764,1.65);
#6764 = AXIS2_PLACEMENT_2D('',#6765,#6766);
#6765 = CARTESIAN_POINT('',(231.89045710224,8.008195284721));
#6766 = DIRECTION('',(0.999999996922,7.846481065502E-05));
#6767 = ( GEOMETRIC_REPRESENTATION_CONTEXT(2) 
PARAMETRIC_REPRESENTATION_CONTEXT() REPRESENTATION_CONTEXT('2D SPACE',''
  ) );
#6768 = PCURVE('',#6769,#6774);
#6769 = CYLINDRICAL_SURFACE('',#6770,1.65);
#6770 = AXIS2_PLACEMENT_3D('',#6771,#6772,#6773);
#6771 = CARTESIAN_POINT('',(104.44554237496,8.,-7.));
#6772 = DIRECTION('',(0.,0.,1.));
#6773 = DIRECTION('',(1.,0.,-0.));
#6774 = DEFINITIONAL_REPRESENTATION('',(#6775),#6779);
#6775 = LINE('',#6776,#6777);
#6776 = CARTESIAN_POINT('',(0.,7.));
#6777 = VECTOR('',#6778,1.);
#6778 = DIRECTION('',(1.,0.));
#6779 = ( GEOMETRIC_REPRESENTATION_CONTEXT(2) 
PARAMETRIC_REPRESENTATION_CONTEXT() REPRESENTATION_CONTEXT('2D SPACE',''
  ) );
#6780 = FACE_BOUND('',#6781,.T.);
#6781 = EDGE_LOOP('',(#6782));
#6782 = ORIENTED_EDGE('',*,*,#6783,.F.);
#6783 = EDGE_CURVE('',#6784,#6784,#6786,.T.);
#6784 = VERTEX_POINT('',#6785);
#6785 = CARTESIAN_POINT('',(122.09554237496,8.,0.));
#6786 = SURFACE_CURVE('',#6787,(#6792,#6799),.PCURVE_S1.);
#6787 = CIRCLE('',#6788,1.65);
#6788 = AXIS2_PLACEMENT_3D('',#6789,#6790,#6791);
#6789 = CARTESIAN_POINT('',(120.44554237496,8.,0.));
#6790 = DIRECTION('',(0.,0.,1.));
#6791 = DIRECTION('',(1.,0.,-0.));
#6792 = PCURVE('',#2718,#6793);
#6793 = DEFINITIONAL_REPRESENTATION('',(#6794),#6798);
#6794 = CIRCLE('',#6795,1.65);
#6795 = AXIS2_PLACEMENT_2D('',#6796,#6797);
#6796 = CARTESIAN_POINT('',(247.89045705299,8.009450721692));
#6797 = DIRECTION('',(0.999999996922,7.846481065502E-05));
#6798 = ( GEOMETRIC_REPRESENTATION_CONTEXT(2) 
PARAMETRIC_REPRESENTATION_CONTEXT() REPRESENTATION_CONTEXT('2D SPACE',''
  ) );
#6799 = PCURVE('',#6800,#6805);
#6800 = CYLINDRICAL_SURFACE('',#6801,1.65);
#6801 = AXIS2_PLACEMENT_3D('',#6802,#6803,#6804);
#6802 = CARTESIAN_POINT('',(120.44554237496,8.,-7.));
#6803 = DIRECTION('',(0.,0.,1.));
#6804 = DIRECTION('',(1.,0.,-0.));
#6805 = DEFINITIONAL_REPRESENTATION('',(#6806),#6810);
#6806 = LINE('',#6807,#6808);
#6807 = CARTESIAN_POINT('',(0.,7.));
#6808 = VECTOR('',#6809,1.);
#6809 = DIRECTION('',(1.,0.));
#6810 = ( GEOMETRIC_REPRESENTATION_CONTEXT(2) 
PARAMETRIC_REPRESENTATION_CONTEXT() REPRESENTATION_CONTEXT('2D SPACE',''
  ) );
#6811 = ADVANCED_FACE('',(#6812),#2643,.F.);
#6812 = FACE_BOUND('',#6813,.F.);
#6813 = EDGE_LOOP('',(#6814,#6815,#6836,#6837));
#6814 = ORIENTED_EDGE('',*,*,#2545,.T.);
#6815 = ORIENTED_EDGE('',*,*,#6816,.T.);
#6816 = EDGE_CURVE('',#2512,#3966,#6817,.T.);
#6817 = SURFACE_CURVE('',#6818,(#6822,#6829),.PCURVE_S1.);
#6818 = LINE('',#6819,#6820);
#6819 = CARTESIAN_POINT('',(-193.6113120231,-50.46013919645,-9.5));
#6820 = VECTOR('',#6821,1.);
#6821 = DIRECTION('',(0.974375197722,0.224928819994,0.));
#6822 = PCURVE('',#2643,#6823);
#6823 = DEFINITIONAL_REPRESENTATION('',(#6824),#6828);
#6824 = LINE('',#6825,#6826);
#6825 = CARTESIAN_POINT('',(0.,0.));
#6826 = VECTOR('',#6827,1.);
#6827 = DIRECTION('',(0.,-1.));
#6828 = ( GEOMETRIC_REPRESENTATION_CONTEXT(2) 
PARAMETRIC_REPRESENTATION_CONTEXT() REPRESENTATION_CONTEXT('2D SPACE',''
  ) );
#6829 = PCURVE('',#2531,#6830);
#6830 = DEFINITIONAL_REPRESENTATION('',(#6831),#6835);
#6831 = LINE('',#6832,#6833);
#6832 = CARTESIAN_POINT('',(11.236688311688,0.));
#6833 = VECTOR('',#6834,1.);
#6834 = DIRECTION('',(0.,1.));
#6835 = ( GEOMETRIC_REPRESENTATION_CONTEXT(2) 
PARAMETRIC_REPRESENTATION_CONTEXT() REPRESENTATION_CONTEXT('2D SPACE',''
  ) );
#6836 = ORIENTED_EDGE('',*,*,#3965,.F.);
#6837 = ORIENTED_EDGE('',*,*,#6425,.F.);
#6838 = ADVANCED_FACE('',(#6839),#2531,.T.);
#6839 = FACE_BOUND('',#6840,.T.);
#6840 = EDGE_LOOP('',(#6841,#6842,#6843,#6844));
#6841 = ORIENTED_EDGE('',*,*,#4962,.F.);
#6842 = ORIENTED_EDGE('',*,*,#2511,.F.);
#6843 = ORIENTED_EDGE('',*,*,#6816,.T.);
#6844 = ORIENTED_EDGE('',*,*,#4111,.F.);
#6845 = ADVANCED_FACE('',(#6846),#3819,.F.);
#6846 = FACE_BOUND('',#6847,.F.);
#6847 = EDGE_LOOP('',(#6848,#6872,#6873,#6874));
#6848 = ORIENTED_EDGE('',*,*,#6849,.F.);
#6849 = EDGE_CURVE('',#6587,#5687,#6850,.T.);
#6850 = SURFACE_CURVE('',#6851,(#6858,#6865),.PCURVE_S1.);
#6851 = ( BOUNDED_CURVE() B_SPLINE_CURVE(5,(#6852,#6853,#6854,#6855,
#6856,#6857),.UNSPECIFIED.,.F.,.F.) B_SPLINE_CURVE_WITH_KNOTS((6,6),(0.,
1.),.PIECEWISE_BEZIER_KNOTS.) CURVE() GEOMETRIC_REPRESENTATION_ITEM() 
RATIONAL_B_SPLINE_CURVE((1.,1.,1.,1.,1.,1.)) REPRESENTATION_ITEM('') );
#6852 = CARTESIAN_POINT('',(112.43554237496,14.999999991083,0.));
#6853 = CARTESIAN_POINT('',(112.43554237496,14.797353833957,
    -3.594413273843));
#6854 = CARTESIAN_POINT('',(112.43554237496,14.717561176333,
    -7.739430263657));
#6855 = CARTESIAN_POINT('',(112.43554237496,13.927831641208,
    -10.83065080678));
#6856 = CARTESIAN_POINT('',(112.43554237496,13.627660375443,
    -15.14684692625));
#6857 = CARTESIAN_POINT('',(112.43554237496,11.199999991083,-18.));
#6858 = PCURVE('',#3819,#6859);
#6859 = DEFINITIONAL_REPRESENTATION('',(#6860),#6864);
#6860 = LINE('',#6861,#6862);
#6861 = CARTESIAN_POINT('',(7.,0.));
#6862 = VECTOR('',#6863,1.);
#6863 = DIRECTION('',(0.,1.));
#6864 = ( GEOMETRIC_REPRESENTATION_CONTEXT(2) 
PARAMETRIC_REPRESENTATION_CONTEXT() REPRESENTATION_CONTEXT('2D SPACE',''
  ) );
#6865 = PCURVE('',#5706,#6866);
#6866 = DEFINITIONAL_REPRESENTATION('',(#6867),#6871);
#6867 = LINE('',#6868,#6869);
#6868 = CARTESIAN_POINT('',(7.,0.));
#6869 = VECTOR('',#6870,1.);
#6870 = DIRECTION('',(0.,1.));
#6871 = ( GEOMETRIC_REPRESENTATION_CONTEXT(2) 
PARAMETRIC_REPRESENTATION_CONTEXT() REPRESENTATION_CONTEXT('2D SPACE',''
  ) );
#6872 = ORIENTED_EDGE('',*,*,#6621,.T.);
#6873 = ORIENTED_EDGE('',*,*,#3703,.T.);
#6874 = ORIENTED_EDGE('',*,*,#5770,.T.);
#6875 = ADVANCED_FACE('',(#6876),#5427,.F.);
#6876 = FACE_BOUND('',#6877,.F.);
#6877 = EDGE_LOOP('',(#6878,#6901,#6902,#6925,#6926));
#6878 = ORIENTED_EDGE('',*,*,#6879,.F.);
#6879 = EDGE_CURVE('',#6482,#6136,#6880,.T.);
#6880 = SURFACE_CURVE('',#6881,(#6888,#6895),.PCURVE_S1.);
#6881 = ( BOUNDED_CURVE() B_SPLINE_CURVE(5,(#6882,#6883,#6884,#6885,
#6886,#6887),.UNSPECIFIED.,.F.,.F.) B_SPLINE_CURVE_WITH_KNOTS((6,6),(0.,
1.),.PIECEWISE_BEZIER_KNOTS.) CURVE() GEOMETRIC_REPRESENTATION_ITEM() 
RATIONAL_B_SPLINE_CURVE((1.,1.,1.,1.,1.,1.)) REPRESENTATION_ITEM('') );
#6882 = CARTESIAN_POINT('',(127.44554237496,-1.000000002416E-02,0.));
#6883 = CARTESIAN_POINT('',(127.24289622019,-1.000000002416E-02,
    -3.594413271103));
#6884 = CARTESIAN_POINT('',(127.16310355547,-1.000000002416E-02,
    -7.739430269868));
#6885 = CARTESIAN_POINT('',(126.37337402952,-1.000000002416E-02,
    -10.830650802));
#6886 = CARTESIAN_POINT('',(126.0732027566,-1.000000002416E-02,
    -15.14684693069));
#6887 = CARTESIAN_POINT('',(123.64554237496,-1.000000002416E-02,-18.));
#6888 = PCURVE('',#5427,#6889);
#6889 = DEFINITIONAL_REPRESENTATION('',(#6890),#6894);
#6890 = LINE('',#6891,#6892);
#6891 = CARTESIAN_POINT('',(4.,0.));
#6892 = VECTOR('',#6893,1.);
#6893 = DIRECTION('',(0.,1.));
#6894 = ( GEOMETRIC_REPRESENTATION_CONTEXT(2) 
PARAMETRIC_REPRESENTATION_CONTEXT() REPRESENTATION_CONTEXT('2D SPACE',''
  ) );
#6895 = PCURVE('',#6229,#6896);
#6896 = DEFINITIONAL_REPRESENTATION('',(#6897),#6900);
#6897 = B_SPLINE_CURVE_WITH_KNOTS('',1,(#6898,#6899),.UNSPECIFIED.,.F.,
  .F.,(2,2),(0.,1.),.PIECEWISE_BEZIER_KNOTS.);
#6898 = CARTESIAN_POINT('',(4.,0.));
#6899 = CARTESIAN_POINT('',(4.,1.));
#6900 = ( GEOMETRIC_REPRESENTATION_CONTEXT(2) 
PARAMETRIC_REPRESENTATION_CONTEXT() REPRESENTATION_CONTEXT('2D SPACE',''
  ) );
#6901 = ORIENTED_EDGE('',*,*,#6516,.T.);
#6902 = ORIENTED_EDGE('',*,*,#6903,.T.);
#6903 = EDGE_CURVE('',#6517,#5408,#6904,.T.);
#6904 = SURFACE_CURVE('',#6905,(#6912,#6919),.PCURVE_S1.);
#6905 = ( BOUNDED_CURVE() B_SPLINE_CURVE(5,(#6906,#6907,#6908,#6909,
#6910,#6911),.UNSPECIFIED.,.F.,.F.) B_SPLINE_CURVE_WITH_KNOTS((6,6),(0.,
1.),.PIECEWISE_BEZIER_KNOTS.) CURVE() GEOMETRIC_REPRESENTATION_ITEM() 
RATIONAL_B_SPLINE_CURVE((1.,1.,1.,1.,1.,1.)) REPRESENTATION_ITEM('') );
#6906 = CARTESIAN_POINT('',(127.44554237496,9.999980739959E-03,0.));
#6907 = CARTESIAN_POINT('',(127.24289622019,9.99998073996E-03,
    -3.594413271103));
#6908 = CARTESIAN_POINT('',(127.16310355548,9.999980739958E-03,
    -7.739430269868));
#6909 = CARTESIAN_POINT('',(126.37337402951,9.999980739956E-03,
    -10.830650802));
#6910 = CARTESIAN_POINT('',(126.0732027566,9.999980739959E-03,
    -15.14684693069));
#6911 = CARTESIAN_POINT('',(123.64554237496,9.999980739958E-03,-18.));
#6912 = PCURVE('',#5427,#6913);
#6913 = DEFINITIONAL_REPRESENTATION('',(#6914),#6918);
#6914 = LINE('',#6915,#6916);
#6915 = CARTESIAN_POINT('',(5.,0.));
#6916 = VECTOR('',#6917,1.);
#6917 = DIRECTION('',(0.,1.));
#6918 = ( GEOMETRIC_REPRESENTATION_CONTEXT(2) 
PARAMETRIC_REPRESENTATION_CONTEXT() REPRESENTATION_CONTEXT('2D SPACE',''
  ) );
#6919 = PCURVE('',#5585,#6920);
#6920 = DEFINITIONAL_REPRESENTATION('',(#6921),#6924);
#6921 = B_SPLINE_CURVE_WITH_KNOTS('',1,(#6922,#6923),.UNSPECIFIED.,.F.,
  .F.,(2,2),(0.,1.),.PIECEWISE_BEZIER_KNOTS.);
#6922 = CARTESIAN_POINT('',(5.,0.));
#6923 = CARTESIAN_POINT('',(5.,1.));
#6924 = ( GEOMETRIC_REPRESENTATION_CONTEXT(2) 
PARAMETRIC_REPRESENTATION_CONTEXT() REPRESENTATION_CONTEXT('2D SPACE',''
  ) );
#6925 = ORIENTED_EDGE('',*,*,#5407,.T.);
#6926 = ORIENTED_EDGE('',*,*,#6330,.T.);
#6927 = ADVANCED_FACE('',(#6928),#6229,.F.);
#6928 = FACE_BOUND('',#6929,.F.);
#6929 = EDGE_LOOP('',(#6930,#6954,#6955,#6956));
#6930 = ORIENTED_EDGE('',*,*,#6931,.F.);
#6931 = EDGE_CURVE('',#6447,#6052,#6932,.T.);
#6932 = SURFACE_CURVE('',#6933,(#6940,#6947),.PCURVE_S1.);
#6933 = ( BOUNDED_CURVE() B_SPLINE_CURVE(5,(#6934,#6935,#6936,#6937,
#6938,#6939),.UNSPECIFIED.,.F.,.F.) B_SPLINE_CURVE_WITH_KNOTS((6,6),(0.,
1.),.PIECEWISE_BEZIER_KNOTS.) CURVE() GEOMETRIC_REPRESENTATION_ITEM() 
RATIONAL_B_SPLINE_CURVE((1.,1.,1.,1.,1.,1.)) REPRESENTATION_ITEM('') );
#6934 = CARTESIAN_POINT('',(112.45554236597,-14.99999999992,0.));
#6935 = CARTESIAN_POINT('',(112.45554236597,-14.7973538428,
    -3.594413273843));
#6936 = CARTESIAN_POINT('',(112.45554236597,-14.71756118517,
    -7.739430263657));
#6937 = CARTESIAN_POINT('',(112.45554236597,-13.92783165005,
    -10.83065080678));
#6938 = CARTESIAN_POINT('',(112.45554236597,-13.62766038428,
    -15.14684692625));
#6939 = CARTESIAN_POINT('',(112.45554236597,-11.19999999992,-18.));
#6940 = PCURVE('',#6229,#6941);
#6941 = DEFINITIONAL_REPRESENTATION('',(#6942),#6946);
#6942 = LINE('',#6943,#6944);
#6943 = CARTESIAN_POINT('',(3.,0.));
#6944 = VECTOR('',#6945,1.);
#6945 = DIRECTION('',(0.,1.));
#6946 = ( GEOMETRIC_REPRESENTATION_CONTEXT(2) 
PARAMETRIC_REPRESENTATION_CONTEXT() REPRESENTATION_CONTEXT('2D SPACE',''
  ) );
#6947 = PCURVE('',#6071,#6948);
#6948 = DEFINITIONAL_REPRESENTATION('',(#6949),#6953);
#6949 = LINE('',#6950,#6951);
#6950 = CARTESIAN_POINT('',(3.,0.));
#6951 = VECTOR('',#6952,1.);
#6952 = DIRECTION('',(0.,1.));
#6953 = ( GEOMETRIC_REPRESENTATION_CONTEXT(2) 
PARAMETRIC_REPRESENTATION_CONTEXT() REPRESENTATION_CONTEXT('2D SPACE',''
  ) );
#6954 = ORIENTED_EDGE('',*,*,#6481,.T.);
#6955 = ORIENTED_EDGE('',*,*,#6879,.T.);
#6956 = ORIENTED_EDGE('',*,*,#6135,.T.);
#6957 = ADVANCED_FACE('',(#6958),#6071,.F.);
#6958 = FACE_BOUND('',#6959,.F.);
#6959 = EDGE_LOOP('',(#6960,#6961,#6962,#6963));
#6960 = ORIENTED_EDGE('',*,*,#6397,.F.);
#6961 = ORIENTED_EDGE('',*,*,#6446,.T.);
#6962 = ORIENTED_EDGE('',*,*,#6931,.T.);
#6963 = ORIENTED_EDGE('',*,*,#6051,.T.);
#6964 = ADVANCED_FACE('',(#6965),#5706,.F.);
#6965 = FACE_BOUND('',#6966,.F.);
#6966 = EDGE_LOOP('',(#6967,#6991,#6992,#6993));
#6967 = ORIENTED_EDGE('',*,*,#6968,.F.);
#6968 = EDGE_CURVE('',#6552,#5492,#6969,.T.);
#6969 = SURFACE_CURVE('',#6970,(#6977,#6984),.PCURVE_S1.);
#6970 = ( BOUNDED_CURVE() B_SPLINE_CURVE(5,(#6971,#6972,#6973,#6974,
#6975,#6976),.UNSPECIFIED.,.F.,.F.) B_SPLINE_CURVE_WITH_KNOTS((6,6),(0.,
1.),.PIECEWISE_BEZIER_KNOTS.) CURVE() GEOMETRIC_REPRESENTATION_ITEM() 
RATIONAL_B_SPLINE_CURVE((1.,1.,1.,1.,1.,1.)) REPRESENTATION_ITEM('') );
#6971 = CARTESIAN_POINT('',(112.45554237496,15.000000000072,0.));
#6972 = CARTESIAN_POINT('',(112.45554237496,14.797353842946,
    -3.594413273843));
#6973 = CARTESIAN_POINT('',(112.45554237496,14.717561185322,
    -7.739430263657));
#6974 = CARTESIAN_POINT('',(112.45554237496,13.927831650198,
    -10.83065080678));
#6975 = CARTESIAN_POINT('',(112.45554237496,13.627660384432,
    -15.14684692625));
#6976 = CARTESIAN_POINT('',(112.45554237496,11.200000000072,-18.));
#6977 = PCURVE('',#5706,#6978);
#6978 = DEFINITIONAL_REPRESENTATION('',(#6979),#6983);
#6979 = LINE('',#6980,#6981);
#6980 = CARTESIAN_POINT('',(6.,0.));
#6981 = VECTOR('',#6982,1.);
#6982 = DIRECTION('',(0.,1.));
#6983 = ( GEOMETRIC_REPRESENTATION_CONTEXT(2) 
PARAMETRIC_REPRESENTATION_CONTEXT() REPRESENTATION_CONTEXT('2D SPACE',''
  ) );
#6984 = PCURVE('',#5585,#6985);
#6985 = DEFINITIONAL_REPRESENTATION('',(#6986),#6990);
#6986 = LINE('',#6987,#6988);
#6987 = CARTESIAN_POINT('',(6.,0.));
#6988 = VECTOR('',#6989,1.);
#6989 = DIRECTION('',(0.,1.));
#6990 = ( GEOMETRIC_REPRESENTATION_CONTEXT(2) 
PARAMETRIC_REPRESENTATION_CONTEXT() REPRESENTATION_CONTEXT('2D SPACE',''
  ) );
#6991 = ORIENTED_EDGE('',*,*,#6586,.T.);
#6992 = ORIENTED_EDGE('',*,*,#6849,.T.);
#6993 = ORIENTED_EDGE('',*,*,#5686,.T.);
#6994 = ADVANCED_FACE('',(#6995),#5585,.F.);
#6995 = FACE_BOUND('',#6996,.F.);
#6996 = EDGE_LOOP('',(#6997,#6998,#6999,#7000));
#6997 = ORIENTED_EDGE('',*,*,#6903,.F.);
#6998 = ORIENTED_EDGE('',*,*,#6551,.T.);
#6999 = ORIENTED_EDGE('',*,*,#6968,.T.);
#7000 = ORIENTED_EDGE('',*,*,#5491,.T.);
#7001 = ADVANCED_FACE('',(#7002,#7005,#7031,#7057,#7083,#7109),#5394,.F.
  );
#7002 = FACE_BOUND('',#7003,.F.);
#7003 = EDGE_LOOP('',(#7004));
#7004 = ORIENTED_EDGE('',*,*,#5379,.T.);
#7005 = FACE_BOUND('',#7006,.F.);
#7006 = EDGE_LOOP('',(#7007));
#7007 = ORIENTED_EDGE('',*,*,#7008,.F.);
#7008 = EDGE_CURVE('',#7009,#7009,#7011,.T.);
#7009 = VERTEX_POINT('',#7010);
#7010 = CARTESIAN_POINT('',(106.09554237496,-8.,-3.));
#7011 = SURFACE_CURVE('',#7012,(#7017,#7024),.PCURVE_S1.);
#7012 = CIRCLE('',#7013,1.65);
#7013 = AXIS2_PLACEMENT_3D('',#7014,#7015,#7016);
#7014 = CARTESIAN_POINT('',(104.44554237496,-8.,-3.));
#7015 = DIRECTION('',(0.,0.,1.));
#7016 = DIRECTION('',(1.,0.,-0.));
#7017 = PCURVE('',#5394,#7018);
#7018 = DEFINITIONAL_REPRESENTATION('',(#7019),#7023);
#7019 = CIRCLE('',#7020,1.65);
#7020 = AXIS2_PLACEMENT_2D('',#7021,#7022);
#7021 = CARTESIAN_POINT('',(-8.,-8.));
#7022 = DIRECTION('',(1.,0.));
#7023 = ( GEOMETRIC_REPRESENTATION_CONTEXT(2) 
PARAMETRIC_REPRESENTATION_CONTEXT() REPRESENTATION_CONTEXT('2D SPACE',''
  ) );
#7024 = PCURVE('',#6676,#7025);
#7025 = DEFINITIONAL_REPRESENTATION('',(#7026),#7030);
#7026 = LINE('',#7027,#7028);
#7027 = CARTESIAN_POINT('',(0.,4.));
#7028 = VECTOR('',#7029,1.);
#7029 = DIRECTION('',(1.,0.));
#7030 = ( GEOMETRIC_REPRESENTATION_CONTEXT(2) 
PARAMETRIC_REPRESENTATION_CONTEXT() REPRESENTATION_CONTEXT('2D SPACE',''
  ) );
#7031 = FACE_BOUND('',#7032,.F.);
#7032 = EDGE_LOOP('',(#7033));
#7033 = ORIENTED_EDGE('',*,*,#7034,.F.);
#7034 = EDGE_CURVE('',#7035,#7035,#7037,.T.);
#7035 = VERTEX_POINT('',#7036);
#7036 = CARTESIAN_POINT('',(122.09554237496,-8.,-3.));
#7037 = SURFACE_CURVE('',#7038,(#7043,#7050),.PCURVE_S1.);
#7038 = CIRCLE('',#7039,1.65);
#7039 = AXIS2_PLACEMENT_3D('',#7040,#7041,#7042);
#7040 = CARTESIAN_POINT('',(120.44554237496,-8.,-3.));
#7041 = DIRECTION('',(0.,0.,1.));
#7042 = DIRECTION('',(1.,0.,-0.));
#7043 = PCURVE('',#5394,#7044);
#7044 = DEFINITIONAL_REPRESENTATION('',(#7045),#7049);
#7045 = CIRCLE('',#7046,1.65);
#7046 = AXIS2_PLACEMENT_2D('',#7047,#7048);
#7047 = CARTESIAN_POINT('',(8.,-8.));
#7048 = DIRECTION('',(1.,0.));
#7049 = ( GEOMETRIC_REPRESENTATION_CONTEXT(2) 
PARAMETRIC_REPRESENTATION_CONTEXT() REPRESENTATION_CONTEXT('2D SPACE',''
  ) );
#7050 = PCURVE('',#6707,#7051);
#7051 = DEFINITIONAL_REPRESENTATION('',(#7052),#7056);
#7052 = LINE('',#7053,#7054);
#7053 = CARTESIAN_POINT('',(0.,4.));
#7054 = VECTOR('',#7055,1.);
#7055 = DIRECTION('',(1.,0.));
#7056 = ( GEOMETRIC_REPRESENTATION_CONTEXT(2) 
PARAMETRIC_REPRESENTATION_CONTEXT() REPRESENTATION_CONTEXT('2D SPACE',''
  ) );
#7057 = FACE_BOUND('',#7058,.F.);
#7058 = EDGE_LOOP('',(#7059));
#7059 = ORIENTED_EDGE('',*,*,#7060,.F.);
#7060 = EDGE_CURVE('',#7061,#7061,#7063,.T.);
#7061 = VERTEX_POINT('',#7062);
#7062 = CARTESIAN_POINT('',(106.09554237496,8.,-3.));
#7063 = SURFACE_CURVE('',#7064,(#7069,#7076),.PCURVE_S1.);
#7064 = CIRCLE('',#7065,1.65);
#7065 = AXIS2_PLACEMENT_3D('',#7066,#7067,#7068);
#7066 = CARTESIAN_POINT('',(104.44554237496,8.,-3.));
#7067 = DIRECTION('',(0.,0.,1.));
#7068 = DIRECTION('',(1.,0.,-0.));
#7069 = PCURVE('',#5394,#7070);
#7070 = DEFINITIONAL_REPRESENTATION('',(#7071),#7075);
#7071 = CIRCLE('',#7072,1.65);
#7072 = AXIS2_PLACEMENT_2D('',#7073,#7074);
#7073 = CARTESIAN_POINT('',(-8.,8.));
#7074 = DIRECTION('',(1.,0.));
#7075 = ( GEOMETRIC_REPRESENTATION_CONTEXT(2) 
PARAMETRIC_REPRESENTATION_CONTEXT() REPRESENTATION_CONTEXT('2D SPACE',''
  ) );
#7076 = PCURVE('',#6769,#7077);
#7077 = DEFINITIONAL_REPRESENTATION('',(#7078),#7082);
#7078 = LINE('',#7079,#7080);
#7079 = CARTESIAN_POINT('',(0.,4.));
#7080 = VECTOR('',#7081,1.);
#7081 = DIRECTION('',(1.,0.));
#7082 = ( GEOMETRIC_REPRESENTATION_CONTEXT(2) 
PARAMETRIC_REPRESENTATION_CONTEXT() REPRESENTATION_CONTEXT('2D SPACE',''
  ) );
#7083 = FACE_BOUND('',#7084,.F.);
#7084 = EDGE_LOOP('',(#7085));
#7085 = ORIENTED_EDGE('',*,*,#7086,.F.);
#7086 = EDGE_CURVE('',#7087,#7087,#7089,.T.);
#7087 = VERTEX_POINT('',#7088);
#7088 = CARTESIAN_POINT('',(116.94554237496,-1.102182119233E-15,-3.));
#7089 = SURFACE_CURVE('',#7090,(#7095,#7102),.PCURVE_S1.);
#7090 = CIRCLE('',#7091,4.5);
#7091 = AXIS2_PLACEMENT_3D('',#7092,#7093,#7094);
#7092 = CARTESIAN_POINT('',(112.44554237496,0.,-3.));
#7093 = DIRECTION('',(0.,0.,1.));
#7094 = DIRECTION('',(1.,0.,-0.));
#7095 = PCURVE('',#5394,#7096);
#7096 = DEFINITIONAL_REPRESENTATION('',(#7097),#7101);
#7097 = CIRCLE('',#7098,4.5);
#7098 = AXIS2_PLACEMENT_2D('',#7099,#7100);
#7099 = CARTESIAN_POINT('',(0.,0.));
#7100 = DIRECTION('',(1.,0.));
#7101 = ( GEOMETRIC_REPRESENTATION_CONTEXT(2) 
PARAMETRIC_REPRESENTATION_CONTEXT() REPRESENTATION_CONTEXT('2D SPACE',''
  ) );
#7102 = PCURVE('',#6738,#7103);
#7103 = DEFINITIONAL_REPRESENTATION('',(#7104),#7108);
#7104 = LINE('',#7105,#7106);
#7105 = CARTESIAN_POINT('',(0.,4.));
#7106 = VECTOR('',#7107,1.);
#7107 = DIRECTION('',(1.,0.));
#7108 = ( GEOMETRIC_REPRESENTATION_CONTEXT(2) 
PARAMETRIC_REPRESENTATION_CONTEXT() REPRESENTATION_CONTEXT('2D SPACE',''
  ) );
#7109 = FACE_BOUND('',#7110,.F.);
#7110 = EDGE_LOOP('',(#7111));
#7111 = ORIENTED_EDGE('',*,*,#7112,.F.);
#7112 = EDGE_CURVE('',#7113,#7113,#7115,.T.);
#7113 = VERTEX_POINT('',#7114);
#7114 = CARTESIAN_POINT('',(122.09554237496,8.,-3.));
#7115 = SURFACE_CURVE('',#7116,(#7121,#7128),.PCURVE_S1.);
#7116 = CIRCLE('',#7117,1.65);
#7117 = AXIS2_PLACEMENT_3D('',#7118,#7119,#7120);
#7118 = CARTESIAN_POINT('',(120.44554237496,8.,-3.));
#7119 = DIRECTION('',(0.,0.,1.));
#7120 = DIRECTION('',(1.,0.,-0.));
#7121 = PCURVE('',#5394,#7122);
#7122 = DEFINITIONAL_REPRESENTATION('',(#7123),#7127);
#7123 = CIRCLE('',#7124,1.65);
#7124 = AXIS2_PLACEMENT_2D('',#7125,#7126);
#7125 = CARTESIAN_POINT('',(8.,8.));
#7126 = DIRECTION('',(1.,0.));
#7127 = ( GEOMETRIC_REPRESENTATION_CONTEXT(2) 
PARAMETRIC_REPRESENTATION_CONTEXT() REPRESENTATION_CONTEXT('2D SPACE',''
  ) );
#7128 = PCURVE('',#6800,#7129);
#7129 = DEFINITIONAL_REPRESENTATION('',(#7130),#7134);
#7130 = LINE('',#7131,#7132);
#7131 = CARTESIAN_POINT('',(0.,4.));
#7132 = VECTOR('',#7133,1.);
#7133 = DIRECTION('',(1.,0.));
#7134 = ( GEOMETRIC_REPRESENTATION_CONTEXT(2) 
PARAMETRIC_REPRESENTATION_CONTEXT() REPRESENTATION_CONTEXT('2D SPACE',''
  ) );
#7135 = ADVANCED_FACE('',(#7136),#6676,.F.);
#7136 = FACE_BOUND('',#7137,.F.);
#7137 = EDGE_LOOP('',(#7138,#7139,#7160,#7161));
#7138 = ORIENTED_EDGE('',*,*,#6659,.F.);
#7139 = ORIENTED_EDGE('',*,*,#7140,.F.);
#7140 = EDGE_CURVE('',#7009,#6660,#7141,.T.);
#7141 = SEAM_CURVE('',#7142,(#7146,#7153),.PCURVE_S1.);
#7142 = LINE('',#7143,#7144);
#7143 = CARTESIAN_POINT('',(106.09554237496,-8.,-7.));
#7144 = VECTOR('',#7145,1.);
#7145 = DIRECTION('',(0.,0.,1.));
#7146 = PCURVE('',#6676,#7147);
#7147 = DEFINITIONAL_REPRESENTATION('',(#7148),#7152);
#7148 = LINE('',#7149,#7150);
#7149 = CARTESIAN_POINT('',(6.28318530718,-0.));
#7150 = VECTOR('',#7151,1.);
#7151 = DIRECTION('',(0.,1.));
#7152 = ( GEOMETRIC_REPRESENTATION_CONTEXT(2) 
PARAMETRIC_REPRESENTATION_CONTEXT() REPRESENTATION_CONTEXT('2D SPACE',''
  ) );
#7153 = PCURVE('',#6676,#7154);
#7154 = DEFINITIONAL_REPRESENTATION('',(#7155),#7159);
#7155 = LINE('',#7156,#7157);
#7156 = CARTESIAN_POINT('',(0.,-0.));
#7157 = VECTOR('',#7158,1.);
#7158 = DIRECTION('',(0.,1.));
#7159 = ( GEOMETRIC_REPRESENTATION_CONTEXT(2) 
PARAMETRIC_REPRESENTATION_CONTEXT() REPRESENTATION_CONTEXT('2D SPACE',''
  ) );
#7160 = ORIENTED_EDGE('',*,*,#7008,.T.);
#7161 = ORIENTED_EDGE('',*,*,#7140,.T.);
#7162 = ADVANCED_FACE('',(#7163),#6707,.F.);
#7163 = FACE_BOUND('',#7164,.F.);
#7164 = EDGE_LOOP('',(#7165,#7166,#7187,#7188));
#7165 = ORIENTED_EDGE('',*,*,#6690,.F.);
#7166 = ORIENTED_EDGE('',*,*,#7167,.F.);
#7167 = EDGE_CURVE('',#7035,#6691,#7168,.T.);
#7168 = SEAM_CURVE('',#7169,(#7173,#7180),.PCURVE_S1.);
#7169 = LINE('',#7170,#7171);
#7170 = CARTESIAN_POINT('',(122.09554237496,-8.,-7.));
#7171 = VECTOR('',#7172,1.);
#7172 = DIRECTION('',(0.,0.,1.));
#7173 = PCURVE('',#6707,#7174);
#7174 = DEFINITIONAL_REPRESENTATION('',(#7175),#7179);
#7175 = LINE('',#7176,#7177);
#7176 = CARTESIAN_POINT('',(6.28318530718,-0.));
#7177 = VECTOR('',#7178,1.);
#7178 = DIRECTION('',(0.,1.));
#7179 = ( GEOMETRIC_REPRESENTATION_CONTEXT(2) 
PARAMETRIC_REPRESENTATION_CONTEXT() REPRESENTATION_CONTEXT('2D SPACE',''
  ) );
#7180 = PCURVE('',#6707,#7181);
#7181 = DEFINITIONAL_REPRESENTATION('',(#7182),#7186);
#7182 = LINE('',#7183,#7184);
#7183 = CARTESIAN_POINT('',(0.,-0.));
#7184 = VECTOR('',#7185,1.);
#7185 = DIRECTION('',(0.,1.));
#7186 = ( GEOMETRIC_REPRESENTATION_CONTEXT(2) 
PARAMETRIC_REPRESENTATION_CONTEXT() REPRESENTATION_CONTEXT('2D SPACE',''
  ) );
#7187 = ORIENTED_EDGE('',*,*,#7034,.T.);
#7188 = ORIENTED_EDGE('',*,*,#7167,.T.);
#7189 = ADVANCED_FACE('',(#7190),#6738,.F.);
#7190 = FACE_BOUND('',#7191,.F.);
#7191 = EDGE_LOOP('',(#7192,#7193,#7214,#7215));
#7192 = ORIENTED_EDGE('',*,*,#6721,.F.);
#7193 = ORIENTED_EDGE('',*,*,#7194,.F.);
#7194 = EDGE_CURVE('',#7087,#6722,#7195,.T.);
#7195 = SEAM_CURVE('',#7196,(#7200,#7207),.PCURVE_S1.);
#7196 = LINE('',#7197,#7198);
#7197 = CARTESIAN_POINT('',(116.94554237496,-1.102182119233E-15,-7.));
#7198 = VECTOR('',#7199,1.);
#7199 = DIRECTION('',(0.,0.,1.));
#7200 = PCURVE('',#6738,#7201);
#7201 = DEFINITIONAL_REPRESENTATION('',(#7202),#7206);
#7202 = LINE('',#7203,#7204);
#7203 = CARTESIAN_POINT('',(6.28318530718,-0.));
#7204 = VECTOR('',#7205,1.);
#7205 = DIRECTION('',(0.,1.));
#7206 = ( GEOMETRIC_REPRESENTATION_CONTEXT(2) 
PARAMETRIC_REPRESENTATION_CONTEXT() REPRESENTATION_CONTEXT('2D SPACE',''
  ) );
#7207 = PCURVE('',#6738,#7208);
#7208 = DEFINITIONAL_REPRESENTATION('',(#7209),#7213);
#7209 = LINE('',#7210,#7211);
#7210 = CARTESIAN_POINT('',(0.,-0.));
#7211 = VECTOR('',#7212,1.);
#7212 = DIRECTION('',(0.,1.));
#7213 = ( GEOMETRIC_REPRESENTATION_CONTEXT(2) 
PARAMETRIC_REPRESENTATION_CONTEXT() REPRESENTATION_CONTEXT('2D SPACE',''
  ) );
#7214 = ORIENTED_EDGE('',*,*,#7086,.T.);
#7215 = ORIENTED_EDGE('',*,*,#7194,.T.);
#7216 = ADVANCED_FACE('',(#7217),#6769,.F.);
#7217 = FACE_BOUND('',#7218,.F.);
#7218 = EDGE_LOOP('',(#7219,#7220,#7241,#7242));
#7219 = ORIENTED_EDGE('',*,*,#6752,.F.);
#7220 = ORIENTED_EDGE('',*,*,#7221,.F.);
#7221 = EDGE_CURVE('',#7061,#6753,#7222,.T.);
#7222 = SEAM_CURVE('',#7223,(#7227,#7234),.PCURVE_S1.);
#7223 = LINE('',#7224,#7225);
#7224 = CARTESIAN_POINT('',(106.09554237496,8.,-7.));
#7225 = VECTOR('',#7226,1.);
#7226 = DIRECTION('',(0.,0.,1.));
#7227 = PCURVE('',#6769,#7228);
#7228 = DEFINITIONAL_REPRESENTATION('',(#7229),#7233);
#7229 = LINE('',#7230,#7231);
#7230 = CARTESIAN_POINT('',(6.28318530718,-0.));
#7231 = VECTOR('',#7232,1.);
#7232 = DIRECTION('',(0.,1.));
#7233 = ( GEOMETRIC_REPRESENTATION_CONTEXT(2) 
PARAMETRIC_REPRESENTATION_CONTEXT() REPRESENTATION_CONTEXT('2D SPACE',''
  ) );
#7234 = PCURVE('',#6769,#7235);
#7235 = DEFINITIONAL_REPRESENTATION('',(#7236),#7240);
#7236 = LINE('',#7237,#7238);
#7237 = CARTESIAN_POINT('',(0.,-0.));
#7238 = VECTOR('',#7239,1.);
#7239 = DIRECTION('',(0.,1.));
#7240 = ( GEOMETRIC_REPRESENTATION_CONTEXT(2) 
PARAMETRIC_REPRESENTATION_CONTEXT() REPRESENTATION_CONTEXT('2D SPACE',''
  ) );
#7241 = ORIENTED_EDGE('',*,*,#7060,.T.);
#7242 = ORIENTED_EDGE('',*,*,#7221,.T.);
#7243 = ADVANCED_FACE('',(#7244),#6800,.F.);
#7244 = FACE_BOUND('',#7245,.F.);
#7245 = EDGE_LOOP('',(#7246,#7247,#7268,#7269));
#7246 = ORIENTED_EDGE('',*,*,#6783,.F.);
#7247 = ORIENTED_EDGE('',*,*,#7248,.F.);
#7248 = EDGE_CURVE('',#7113,#6784,#7249,.T.);
#7249 = SEAM_CURVE('',#7250,(#7254,#7261),.PCURVE_S1.);
#7250 = LINE('',#7251,#7252);
#7251 = CARTESIAN_POINT('',(122.09554237496,8.,-7.));
#7252 = VECTOR('',#7253,1.);
#7253 = DIRECTION('',(0.,0.,1.));
#7254 = PCURVE('',#6800,#7255);
#7255 = DEFINITIONAL_REPRESENTATION('',(#7256),#7260);
#7256 = LINE('',#7257,#7258);
#7257 = CARTESIAN_POINT('',(6.28318530718,-0.));
#7258 = VECTOR('',#7259,1.);
#7259 = DIRECTION('',(0.,1.));
#7260 = ( GEOMETRIC_REPRESENTATION_CONTEXT(2) 
PARAMETRIC_REPRESENTATION_CONTEXT() REPRESENTATION_CONTEXT('2D SPACE',''
  ) );
#7261 = PCURVE('',#6800,#7262);
#7262 = DEFINITIONAL_REPRESENTATION('',(#7263),#7267);
#7263 = LINE('',#7264,#7265);
#7264 = CARTESIAN_POINT('',(0.,-0.));
#7265 = VECTOR('',#7266,1.);
#7266 = DIRECTION('',(0.,1.));
#7267 = ( GEOMETRIC_REPRESENTATION_CONTEXT(2) 
PARAMETRIC_REPRESENTATION_CONTEXT() REPRESENTATION_CONTEXT('2D SPACE',''
  ) );
#7268 = ORIENTED_EDGE('',*,*,#7112,.T.);
#7269 = ORIENTED_EDGE('',*,*,#7248,.T.);
#7270 = ( GEOMETRIC_REPRESENTATION_CONTEXT(3) 
GLOBAL_UNCERTAINTY_ASSIGNED_CONTEXT((#7274)) 
GLOBAL_UNIT_ASSIGNED_CONTEXT((#7271,#7272,#7273)) REPRESENTATION_CONTEXT
('Context #1','3D Context with UNIT and UNCERTAINTY') );
#7271 = ( LENGTH_UNIT() NAMED_UNIT(*) SI_UNIT(.MILLI.,.METRE.) );
#7272 = ( NAMED_UNIT(*) PLANE_ANGLE_UNIT() SI_UNIT($,.RADIAN.) );
#7273 = ( NAMED_UNIT(*) SI_UNIT($,.STERADIAN.) SOLID_ANGLE_UNIT() );
#7274 = UNCERTAINTY_MEASURE_WITH_UNIT(LENGTH_MEASURE(2.E-06),#7271,
  'distance_accuracy_value','confusion accuracy');
#7275 = PRODUCT_RELATED_PRODUCT_CATEGORY('part',$,(#7));

#7276=DESCRIPTIVE_REPRESENTATION_ITEM('cadpy:generator','cadpy');
#7277=REPRESENTATION('cadpy:generator',(#7276),#7270);
#7278=PROPERTY_DEFINITION('cadpy metadata','cadpy:generator',#5);
#7279=PROPERTY_DEFINITION_REPRESENTATION(#7278,#7277);
#7280=DESCRIPTIVE_REPRESENTATION_ITEM('cadpy:entryKind','part');
#7281=REPRESENTATION('cadpy:entryKind',(#7280),#7270);
#7282=PROPERTY_DEFINITION('cadpy metadata','cadpy:entryKind',#5);
#7283=PROPERTY_DEFINITION_REPRESENTATION(#7282,#7281);
#7284=DESCRIPTIVE_REPRESENTATION_ITEM('cadpy:sourcePath','arm_top.py');
#7285=REPRESENTATION('cadpy:sourcePath',(#7284),#7270);
#7286=PROPERTY_DEFINITION('cadpy metadata','cadpy:sourcePath',#5);
#7287=PROPERTY_DEFINITION_REPRESENTATION(#7286,#7285);
#7288=DESCRIPTIVE_REPRESENTATION_ITEM('cadpy:sourceHash','bc6ccc903c240bd9ee6e529815567021ac25296dc653bd157f4adc29737cab6e');
#7289=REPRESENTATION('cadpy:sourceHash',(#7288),#7270);
#7290=PROPERTY_DEFINITION('cadpy metadata','cadpy:sourceHash',#5);
#7291=PROPERTY_DEFINITION_REPRESENTATION(#7290,#7289);
ENDSEC;
END-ISO-10303-21;
